# shape=256x256 max_depth=10.0 scene=5cdEh9F2hJL episode=2 step=0,Column1,_1,_2,_3,_4,_5,_6,_7,_8,_9,_10,_11,_12,_13,_14,_15,_16,_17,_18,_19,_20,_21,_22,_23,_24,_25,_26,_27,_28,_29,_30,_31,_32,_33,_34,_35,_36,_37,_38,_39,_40,_41,_42,_43,_44,_45,_46,_47,_48,_49,_50,_51,_52,_53,_54,_55,_56,_57,_58,_59,_60,_61,_62,_63,_64,_65,_66,_67,_68,_69,_70,_71,_72,_73,_74,_75,_76,_77,_78,_79,_80,_81,_82,_83,_84,_85,_86,_87,_88,_89,_90,_91,_92,_93,_94,_95,_96,_97,_98,_99,_100,_101,_102,_103,_104,_105,_106,_107,_108,_109,_110,_111,_112,_113,_114,_115,_116,_117,_118,_119,_120,_121,_122,_123,_124,_125,_126,_127,_128,_129,_130,_131,_132,_133,_134,_135,_136,_137,_138,_139,_140,_141,_142,_143,_144,_145,_146,_147,_148,_149,_150,_151,_152,_153,_154,_155,_156,_157,_158,_159,_160,_161,_162,_163,_164,_165,_166,_167,_168,_169,_170,_171,_172,_173,_174,_175,_176,_177,_178,_179,_180,_181,_182,_183,_184,_185,_186,_187,_188,_189,_190,_191,_192,_193,_194,_195,_196,_197,_198,_199,_200,_201,_202,_203,_204,_205,_206,_207,_208,_209,_210,_211,_212,_213,_214,_215,_216,_217,_218,_219,_220,_221,_222,_223,_224,_225,_226,_227,_228,_229,_230,_231,_232,_233,_234,_235,_236,_237,_238,_239,_240,_241,_242,_243,_244,_245,_246,_247,_248,_249,_250,_251,_252,_253,_254
0.4761,0.4772,0.4783,0.4795,0.4807,0.4819,0.4831,0.4843,0.4855,0.4868,0.4882,0.4895,0.4909,0.4923,0.4936,0.495,0.4964,0.4978,0.4992,0.5006,0.502,0.5034,0.5048,0.5062,0.5076,0.509,0.5104,0.5118,0.5132,0.5146,0.5159,0.5173,0.5187,0.5201,0.5216,0.523,0.5244,0.4138,0.4112,0.4086,0.4023,0.3946,0.3881,0.3871,0.3871,0.3871,0.387,0.387,0.387,0.387,0.387,0.387,0.387,0.387,0.387,0.387,0.3869,0.3869,0.3869,0.3869,0.3869,0.3867,0.3865,0.3862,0.386,0.3858,0.3855,0.3857,0.3858,0.3873,0.3918,0.3955,0.3993,0.4031,0.407,0.411,0.415,0.4192,0.4234,0.4277,0.4321,0.4366,0.4388,0.4372,0.4356,0.4342,0.4328,0.4315,0.4302,0.4289,0.4276,0.4263,0.425,0.4237,0.0489,0.0484,0.0479,0.0479,0.0478,0.0477,0.0477,0.0477,0.0476,0.0476,0.0476,0.0475,0.0475,0.0475,0.0474,0.0474,0.0474,0.0475,0.0475,0.0475,0.0475,0.0475,0.0475,0.0475,0.0475,0.0475,0.0476,0.0476,0.0476,0.0476,0.0476,0.0476,0.0476,0.0476,0.0476,0.0477,0.0477,0.0477,0.0477,0.0477,0.0477,0.0477,0.0477,0.0477,0.0477,0.0477,0.0477,0.0477,0.0477,0.0477,0.0477,0.0477,0.0478,0.0478,0.0478,0.0478,0.0478,0.0478,0.0478,0.0478,0.0478,0.0478,0.0478,0.0478,0.0479,0.0479,0.0483,0.4224,0.4221,0.4219,0.4216,0.4213,0.4211,0.4208,0.4205,0.4203,0.42,0.4198,0.4195,0.4192,0.419,0.418,0.4168,0.4167,0.4167,0.4167,0.4166,0.4166,0.4165,0.4165,0.4165,0.4164,0.4164,0.4163,0.4163,0.4163,0.4162,0.4162,0.4161,0.4161,0.4161,0.416,0.4163,0.4168,0.4173,0.4178,0.4183,0.4189,0.4194,0.4199,0.4204,0.4209,0.4214,0.422,0.4225,0.423,0.4235,0.424,0.4246,0.4251,0.4256,0.4262,0.4267,0.4272,0.4278,0.4283,0.4288,0.4294,0.4299,0.4304,0.431,0.4315,0.4321,0.4326,0.4332,0.4337,0.4343,0.4348,0.4354,0.4359,0.4365,0.437,0.4376,0.4382,0.4387,0.4389,0.4378,0.4367,0.4359,0.4352,0.4345,0.4338,0.4331,0.4324,0.4317,0.431,0.4304,0.4299,0.4301,0.4303,0.4305,0.4307
0.4790,0.4801,0.4813,0.4825,0.4837,0.4849,0.4862,0.4874,0.4886,0.49,0.4913,0.4927,0.4941,0.4955,0.4969,0.4983,0.4997,0.5011,0.5026,0.504,0.5055,0.5069,0.5083,0.5097,0.5112,0.5126,0.514,0.5155,0.5169,0.5183,0.5197,0.5211,0.5225,0.524,0.5254,0.5268,0.5283,0.5288,0.5292,0.4154,0.4128,0.3994,0.3918,0.3877,0.3874,0.3873,0.3873,0.3873,0.3873,0.3873,0.3873,0.3873,0.3873,0.3873,0.3873,0.3873,0.3872,0.3872,0.3872,0.3872,0.387,0.3868,0.3865,0.3863,0.386,0.3858,0.3856,0.3858,0.3859,0.3863,0.3891,0.3942,0.3979,0.4017,0.4056,0.4096,0.4136,0.4177,0.4219,0.4262,0.4306,0.435,0.4396,0.438,0.4364,0.4349,0.4335,0.4322,0.4308,0.4295,0.4282,0.4269,0.4256,0.4243,0.423,0.0489,0.0484,0.0482,0.0482,0.0481,0.0481,0.0481,0.048,0.048,0.0479,0.0479,0.0479,0.0478,0.0478,0.0478,0.0478,0.0478,0.0478,0.0479,0.0479,0.0479,0.0479,0.0479,0.0479,0.0479,0.0479,0.0479,0.048,0.048,0.048,0.048,0.048,0.048,0.048,0.048,0.048,0.0481,0.0481,0.0481,0.0481,0.0481,0.0481,0.0481,0.0481,0.0481,0.0481,0.0481,0.0481,0.0481,0.0481,0.0481,0.0481,0.0481,0.0481,0.0481,0.0481,0.0481,0.0481,0.0481,0.0481,0.0481,0.0482,0.0482,0.0482,0.0483,0.0489,0.4215,0.4213,0.421,0.4207,0.4205,0.4202,0.4199,0.4197,0.4194,0.4192,0.4189,0.4186,0.4184,0.4181,0.4179,0.417,0.4169,0.4169,0.4169,0.4168,0.4168,0.4167,0.4167,0.4166,0.4166,0.4165,0.4164,0.4163,0.4162,0.4162,0.4161,0.416,0.4159,0.4164,0.4169,0.4174,0.4179,0.4184,0.4189,0.4194,0.4199,0.4205,0.421,0.4215,0.422,0.4225,0.4231,0.4236,0.4241,0.4246,0.4252,0.4257,0.4262,0.4268,0.4273,0.4278,0.4284,0.4289,0.4294,0.43,0.4305,0.4311,0.4316,0.4321,0.4327,0.4332,0.4338,0.4343,0.4349,0.4354,0.436,0.4366,0.4371,0.4377,0.4382,0.4388,0.438,0.4369,0.4358,0.4351,0.4344,0.4337,0.433,0.4323,0.4316,0.4309,0.4302,0.4296,0.4297,0.4299,0.43,0.4302,0.4304,0.4306,0.4307
0.4820,0.4832,0.4844,0.4856,0.4868,0.488,0.4893,0.4905,0.4918,0.4932,0.4946,0.496,0.4974,0.4988,0.5002,0.5016,0.5031,0.5045,0.506,0.5074,0.5089,0.5104,0.5118,0.5133,0.5148,0.5162,0.5177,0.5192,0.5207,0.5221,0.5235,0.5249,0.5264,0.5278,0.5293,0.5306,0.531,0.5314,0.5319,0.5323,0.5327,0.4051,0.3964,0.389,0.3877,0.3876,0.3876,0.3876,0.3876,0.3876,0.3876,0.3876,0.3876,0.3876,0.3876,0.3875,0.3875,0.3875,0.3875,0.3873,0.3871,0.3868,0.3866,0.3863,0.3861,0.3858,0.3857,0.3858,0.386,0.3861,0.3881,0.3929,0.3966,0.4004,0.4043,0.4082,0.4122,0.4163,0.4204,0.4247,0.429,0.4335,0.438,0.4389,0.4373,0.4357,0.4342,0.4328,0.4315,0.4302,0.4288,0.4275,0.4262,0.4249,0.4237,0.0495,0.0489,0.0486,0.0486,0.0485,0.0485,0.0484,0.0484,0.0484,0.0483,0.0483,0.0483,0.0482,0.0482,0.0482,0.0482,0.0482,0.0482,0.0482,0.0482,0.0483,0.0483,0.0483,0.0483,0.0483,0.0483,0.0483,0.0483,0.0483,0.0484,0.0484,0.0484,0.0484,0.0484,0.0484,0.0484,0.0484,0.0485,0.0485,0.0485,0.0485,0.0485,0.0485,0.0485,0.0485,0.0485,0.0485,0.0485,0.0485,0.0485,0.0485,0.0485,0.0485,0.0485,0.0485,0.0485,0.0485,0.0485,0.0485,0.0485,0.0485,0.0486,0.0486,0.0486,0.0488,0.0495,0.4207,0.4204,0.4201,0.4199,0.4196,0.4194,0.4191,0.4188,0.4186,0.4183,0.4181,0.4178,0.4175,0.4172,0.4171,0.417,0.4169,0.4168,0.4167,0.4166,0.4165,0.4164,0.4163,0.4163,0.4162,0.4161,0.416,0.4159,0.4158,0.4157,0.416,0.4164,0.4169,0.4174,0.418,0.4185,0.419,0.4195,0.42,0.4205,0.421,0.4216,0.4221,0.4226,0.4231,0.4236,0.4242,0.4247,0.4252,0.4258,0.4263,0.4268,0.4274,0.4279,0.4284,0.429,0.4295,0.43,0.4306,0.4311,0.4317,0.4322,0.4328,0.4333,0.4339,0.4344,0.435,0.4355,0.4361,0.4366,0.4372,0.4377,0.4383,0.4382,0.4371,0.436,0.435,0.4342,0.4335,0.4329,0.4322,0.4315,0.4308,0.4301,0.4294,0.4292,0.4294,0.4296,0.4298,0.4299,0.4301,0.4303,0.4305,0.4306,0.4307
0.4850,0.4862,0.4875,0.4887,0.4899,0.4911,0.4924,0.4937,0.495,0.4964,0.4978,0.4993,0.5007,0.5021,0.5035,0.505,0.5064,0.5079,0.5094,0.5109,0.5123,0.5138,0.5154,0.5169,0.5184,0.5199,0.5214,0.5229,0.5244,0.5259,0.5274,0.5288,0.5303,0.5318,0.5329,0.5333,0.5337,0.5341,0.5345,0.5349,0.5353,0.5357,0.4012,0.3935,0.3884,0.3879,0.3879,0.3879,0.3879,0.3879,0.3879,0.3879,0.3879,0.3879,0.3879,0.3878,0.3878,0.3878,0.3876,0.3873,0.3871,0.3868,0.3866,0.3863,0.3861,0.3859,0.3857,0.3859,0.386,0.3862,0.3871,0.3899,0.3953,0.3991,0.4029,0.4068,0.4108,0.4148,0.419,0.4232,0.4275,0.4319,0.4364,0.4398,0.4382,0.4366,0.435,0.4335,0.4321,0.4308,0.4295,0.4282,0.4269,0.4256,0.4243,0.05,0.0495,0.049,0.049,0.0489,0.0489,0.0488,0.0488,0.0488,0.0487,0.0487,0.0486,0.0486,0.0486,0.0486,0.0486,0.0486,0.0486,0.0486,0.0486,0.0486,0.0487,0.0487,0.0487,0.0487,0.0487,0.0487,0.0487,0.0487,0.0488,0.0488,0.0488,0.0488,0.0488,0.0488,0.0488,0.0488,0.0488,0.0489,0.0489,0.0489,0.0489,0.0489,0.0489,0.0489,0.0489,0.0489,0.0489,0.0489,0.0489,0.0489,0.0489,0.0489,0.0489,0.0489,0.0489,0.0489,0.0489,0.0489,0.0489,0.0489,0.049,0.049,0.049,0.0494,0.0501,0.4198,0.4196,0.4193,0.419,0.4188,0.4185,0.4182,0.4178,0.4174,0.417,0.4168,0.4167,0.4168,0.4167,0.4166,0.4165,0.4164,0.4164,0.4163,0.4162,0.4161,0.416,0.4159,0.4158,0.4157,0.4157,0.4156,0.4156,0.416,0.4165,0.417,0.4175,0.418,0.4185,0.419,0.4196,0.4201,0.4206,0.4211,0.4216,0.4221,0.4227,0.4232,0.4237,0.4242,0.4248,0.4253,0.4258,0.4264,0.4269,0.4274,0.428,0.4285,0.429,0.4296,0.4301,0.4306,0.4312,0.4317,0.4323,0.4328,0.4334,0.4339,0.4345,0.435,0.4356,0.4361,0.4367,0.4373,0.4378,0.4384,0.4373,0.4362,0.4351,0.4342,0.4334,0.4327,0.432,0.4314,0.4307,0.43,0.4293,0.4288,0.429,0.4292,0.4293,0.4295,0.4297,0.4299,0.43,0.4302,0.4304,0.4305,0.4306,0.4307
0.4881,0.4893,0.4906,0.4918,0.4931,0.4943,0.4956,0.4969,0.4983,0.4997,0.5012,0.5026,0.504,0.5055,0.5069,0.5084,0.5099,0.5114,0.5129,0.5144,0.5159,0.5174,0.5189,0.5204,0.522,0.5235,0.5251,0.5267,0.5282,0.5298,0.5313,0.5328,0.5343,0.5351,0.5355,0.5359,0.5364,0.5368,0.5372,0.5376,0.538,0.5384,0.5389,0.3982,0.3907,0.3882,0.3882,0.3882,0.3882,0.3882,0.3882,0.3882,0.3882,0.3882,0.3881,0.3881,0.3881,0.3879,0.3876,0.3874,0.3871,0.3869,0.3866,0.3864,0.3861,0.3859,0.3858,0.3859,0.3861,0.3862,0.3864,0.3889,0.3929,0.3977,0.4015,0.4054,0.4094,0.4134,0.4175,0.4217,0.426,0.4303,0.4348,0.4393,0.4391,0.4375,0.4359,0.4343,0.4328,0.4315,0.4301,0.4288,0.4275,0.4262,0.4249,0.0506,0.05,0.0495,0.0494,0.0493,0.0493,0.0492,0.0492,0.0492,0.0491,0.0491,0.049,0.049,0.049,0.049,0.049,0.049,0.049,0.049,0.049,0.049,0.0491,0.0491,0.0491,0.0491,0.0491,0.0491,0.0491,0.0491,0.0491,0.0492,0.0492,0.0492,0.0492,0.0492,0.0492,0.0492,0.0492,0.0492,0.0492,0.0493,0.0493,0.0493,0.0493,0.0493,0.0493,0.0493,0.0493,0.0493,0.0493,0.0493,0.0493,0.0493,0.0493,0.0493,0.0493,0.0493,0.0493,0.0493,0.0493,0.0493,0.0494,0.0494,0.0495,0.0499,0.4192,0.4188,0.4184,0.418,0.4176,0.4172,0.4168,0.4166,0.4165,0.4164,0.4164,0.4165,0.4165,0.4164,0.4163,0.4162,0.4161,0.416,0.4159,0.4158,0.4158,0.4157,0.4156,0.4155,0.4154,0.4153,0.4156,0.4161,0.4166,0.4171,0.4176,0.4181,0.4186,0.4191,0.4196,0.4201,0.4207,0.4212,0.4217,0.4222,0.4227,0.4233,0.4238,0.4243,0.4248,0.4254,0.4259,0.4264,0.427,0.4275,0.428,0.4286,0.4291,0.4296,0.4302,0.4307,0.4313,0.4318,0.4323,0.4329,0.4334,0.434,0.4345,0.4351,0.4357,0.4362,0.4368,0.4373,0.4379,0.4375,0.4364,0.4353,0.4342,0.4334,0.4326,0.4319,0.4312,0.4305,0.4299,0.4292,0.4285,0.4285,0.4287,0.4289,0.4291,0.4292,0.4294,0.4296,0.4298,0.4299,0.4301,0.4303,0.4304,0.4305,0.4306,0.4307
0.4912,0.4925,0.4937,0.495,0.4962,0.4975,0.4988,0.5002,0.5016,0.5031,0.5045,0.506,0.5074,0.5089,0.5104,0.5119,0.5134,0.5149,0.5164,0.5179,0.5194,0.521,0.5225,0.5241,0.5256,0.5272,0.5288,0.5304,0.532,0.5336,0.5352,0.5368,0.5374,0.5378,0.5382,0.5386,0.5391,0.5395,0.5399,0.5403,0.5407,0.5412,0.5416,0.4088,0.3953,0.389,0.3885,0.3885,0.3885,0.3885,0.3885,0.3885,0.3885,0.3885,0.3884,0.3884,0.3881,0.3879,0.3876,0.3874,0.3872,0.3869,0.3867,0.3864,0.3862,0.3859,0.3859,0.386,0.3862,0.3863,0.3865,0.3878,0.3906,0.3964,0.4002,0.4041,0.408,0.412,0.4161,0.4202,0.4245,0.4288,0.4332,0.4377,0.4399,0.4383,0.4367,0.4351,0.4336,0.4321,0.4308,0.4295,0.4282,0.4268,0.4256,0.4243,0.0506,0.05,0.0498,0.0498,0.0497,0.0496,0.0496,0.0496,0.0495,0.0495,0.0494,0.0494,0.0494,0.0494,0.0494,0.0494,0.0494,0.0494,0.0494,0.0494,0.0495,0.0495,0.0495,0.0495,0.0495,0.0495,0.0495,0.0495,0.0496,0.0496,0.0496,0.0496,0.0496,0.0496,0.0496,0.0496,0.0496,0.0496,0.0496,0.0496,0.0496,0.0497,0.0497,0.0497,0.0497,0.0497,0.0497,0.0497,0.0497,0.0497,0.0497,0.0497,0.0497,0.0497,0.0497,0.0497,0.0497,0.0497,0.0497,0.0497,0.0498,0.0498,0.0499,0.0506,0.4174,0.417,0.4166,0.4164,0.4163,0.4162,0.4161,0.4161,0.4162,0.4163,0.4162,0.4161,0.416,0.4159,0.4159,0.4158,0.4157,0.4156,0.4155,0.4154,0.4153,0.4152,0.4151,0.4152,0.4157,0.4162,0.4167,0.4171,0.4176,0.4181,0.4187,0.4192,0.4197,0.4202,0.4207,0.4212,0.4218,0.4223,0.4228,0.4233,0.4238,0.4244,0.4249,0.4254,0.426,0.4265,0.427,0.4276,0.4281,0.4286,0.4292,0.4297,0.4302,0.4308,0.4313,0.4319,0.4324,0.433,0.4335,0.4341,0.4346,0.4352,0.4357,0.4363,0.4368,0.4374,0.4377,0.4366,0.4355,0.4344,0.4333,0.4326,0.4318,0.4311,0.4304,0.4297,0.4291,0.4284,0.4281,0.4283,0.4284,0.4286,0.4288,0.429,0.4292,0.4293,0.4295,0.4297,0.4299,0.43,0.4302,0.4303,0.4304,0.4305,0.4306,0.4307
0.4944,0.4957,0.4969,0.4982,0.4995,0.5008,0.5021,0.5036,0.505,0.5065,0.5079,0.5094,0.5109,0.5124,0.5139,0.5154,0.5169,0.5184,0.5199,0.5215,0.523,0.5246,0.5262,0.5277,0.5293,0.5309,0.5325,0.5342,0.5358,0.5374,0.5386,0.5395,0.5401,0.5405,0.5409,0.5414,0.5418,0.5422,0.5426,0.5431,0.5435,0.5439,0.5443,0.5448,0.4037,0.3925,0.3888,0.3888,0.3888,0.3888,0.3888,0.3888,0.3888,0.3888,0.3887,0.3884,0.3882,0.3879,0.3877,0.3874,0.3872,0.3869,0.3867,0.3865,0.3862,0.386,0.3859,0.3861,0.3862,0.3864,0.3865,0.3869,0.3896,0.3928,0.3989,0.4027,0.4066,0.4106,0.4146,0.4188,0.423,0.4273,0.4317,0.4362,0.4407,0.4392,0.4376,0.436,0.4344,0.4328,0.4314,0.4301,0.4288,0.4275,0.4262,0.4249,0.0511,0.0506,0.0502,0.0502,0.0501,0.0501,0.05,0.05,0.0499,0.0499,0.0499,0.0498,0.0498,0.0498,0.0498,0.0498,0.0498,0.0498,0.0498,0.0498,0.0499,0.0499,0.0499,0.0499,0.0499,0.0499,0.0499,0.0499,0.05,0.05,0.05,0.05,0.05,0.05,0.05,0.05,0.05,0.05,0.05,0.05,0.0501,0.0501,0.0501,0.0501,0.0501,0.0501,0.0501,0.0501,0.0501,0.0501,0.0501,0.0501,0.0501,0.0501,0.0501,0.0501,0.0501,0.0501,0.0501,0.0501,0.0502,0.0502,0.0505,0.0512,0.4161,0.416,0.4159,0.4158,0.4158,0.4158,0.4159,0.416,0.416,0.4159,0.4158,0.4157,0.4156,0.4155,0.4154,0.4153,0.4153,0.4152,0.4151,0.415,0.4149,0.4153,0.4158,0.4163,0.4167,0.4172,0.4177,0.4182,0.4187,0.4192,0.4197,0.4203,0.4208,0.4213,0.4218,0.4223,0.4229,0.4234,0.4239,0.4244,0.425,0.4255,0.426,0.4266,0.4271,0.4276,0.4282,0.4287,0.4292,0.4298,0.4303,0.4309,0.4314,0.4319,0.4325,0.433,0.4336,0.4341,0.4347,0.4352,0.4358,0.4363,0.4369,0.4375,0.4368,0.4357,0.4346,0.4335,0.4325,0.4317,0.431,0.4303,0.4296,0.4289,0.4283,0.4277,0.4278,0.428,0.4282,0.4284,0.4285,0.4287,0.4289,0.4291,0.4292,0.4294,0.4296,0.4298,0.4299,0.4301,0.4303,0.4303,0.4304,0.4305,0.4306,0.4307
0.4976,0.4989,0.5002,0.5014,0.5027,0.5041,0.5055,0.507,0.5084,0.5099,0.5114,0.5129,0.5144,0.5159,0.5174,0.5189,0.5205,0.522,0.5236,0.5251,0.5267,0.5283,0.5299,0.5315,0.5331,0.5347,0.5363,0.5378,0.5388,0.5399,0.541,0.5419,0.5428,0.5432,0.5437,0.5441,0.5445,0.545,0.5454,0.5458,0.5462,0.5467,0.5471,0.5475,0.548,0.3987,0.3896,0.3891,0.3891,0.3891,0.3891,0.3891,0.3891,0.389,0.3887,0.3885,0.3882,0.388,0.3877,0.3875,0.3872,0.387,0.3867,0.3865,0.3862,0.386,0.386,0.3861,0.3863,0.3864,0.3866,0.3867,0.3886,0.3914,0.3969,0.4014,0.4052,0.4092,0.4132,0.4173,0.4215,0.4258,0.4301,0.4346,0.4391,0.4401,0.4385,0.4369,0.4353,0.4337,0.4321,0.4308,0.4294,0.4281,0.4268,0.4255,0.0517,0.0511,0.0507,0.0506,0.0506,0.0505,0.0504,0.0504,0.0504,0.0503,0.0503,0.0502,0.0502,0.0502,0.0502,0.0502,0.0502,0.0502,0.0503,0.0503,0.0503,0.0503,0.0503,0.0503,0.0503,0.0503,0.0504,0.0504,0.0504,0.0504,0.0504,0.0504,0.0504,0.0504,0.0504,0.0504,0.0505,0.0505,0.0505,0.0505,0.0505,0.0505,0.0505,0.0505,0.0505,0.0505,0.0505,0.0505,0.0505,0.0505,0.0505,0.0505,0.0505,0.0505,0.0505,0.0505,0.0505,0.0505,0.0505,0.0506,0.0506,0.0507,0.0511,0.4156,0.4156,0.4155,0.4155,0.4156,0.4156,0.4157,0.4157,0.4156,0.4155,0.4154,0.4154,0.4153,0.4152,0.4151,0.415,0.4149,0.4148,0.4147,0.4149,0.4154,0.4159,0.4163,0.4168,0.4173,0.4178,0.4183,0.4188,0.4193,0.4198,0.4203,0.4208,0.4214,0.4219,0.4224,0.4229,0.4235,0.424,0.4245,0.425,0.4256,0.4261,0.4266,0.4272,0.4277,0.4282,0.4288,0.4293,0.4298,0.4304,0.4309,0.4315,0.432,0.4326,0.4331,0.4336,0.4342,0.4348,0.4353,0.4359,0.4364,0.437,0.437,0.4359,0.4348,0.4337,0.4327,0.4317,0.4309,0.4302,0.4295,0.4288,0.4281,0.4275,0.4274,0.4276,0.4277,0.4279,0.4281,0.4283,0.4284,0.4286,0.4288,0.429,0.4291,0.4293,0.4295,0.4297,0.4299,0.43,0.4302,0.4303,0.4303,0.4304,0.4305,0.4306,0.4307
0.5008,0.5021,0.5034,0.5047,0.5061,0.5075,0.5089,0.5104,0.5119,0.5134,0.5149,0.5164,0.5179,0.5194,0.521,0.5225,0.5241,0.5257,0.5272,0.5288,0.5304,0.532,0.5336,0.5353,0.5369,0.5381,0.5391,0.5402,0.5413,0.5424,0.5434,0.5443,0.5452,0.5459,0.5464,0.5469,0.5473,0.5478,0.5482,0.5486,0.549,0.5495,0.5499,0.5503,0.5508,0.4124,0.3942,0.3894,0.3894,0.3894,0.3894,0.3894,0.3892,0.389,0.3887,0.3885,0.3882,0.388,0.3878,0.3875,0.3873,0.387,0.3868,0.3865,0.3863,0.386,0.386,0.3862,0.3863,0.3865,0.3866,0.3868,0.3876,0.3904,0.3932,0.4,0.4039,0.4078,0.4118,0.4159,0.42,0.4243,0.4286,0.433,0.4375,0.441,0.4394,0.4378,0.4362,0.4346,0.433,0.4314,0.4301,0.4288,0.4275,0.4262,0.4249,0.0517,0.0511,0.0511,0.051,0.0509,0.0509,0.0508,0.0508,0.0507,0.0507,0.0507,0.0506,0.0506,0.0506,0.0506,0.0506,0.0507,0.0507,0.0507,0.0507,0.0507,0.0507,0.0507,0.0507,0.0508,0.0508,0.0508,0.0508,0.0508,0.0508,0.0508,0.0509,0.0509,0.0509,0.0509,0.0509,0.0509,0.0509,0.0509,0.0509,0.0509,0.0509,0.0509,0.0509,0.0509,0.0509,0.0509,0.0509,0.0509,0.0509,0.0509,0.0509,0.0509,0.0509,0.0509,0.0509,0.0509,0.051,0.051,0.0511,0.0511,0.0517,0.4151,0.4152,0.4153,0.4154,0.4154,0.4155,0.4154,0.4153,0.4152,0.4151,0.415,0.4149,0.4148,0.4148,0.4147,0.4146,0.4145,0.415,0.4155,0.4159,0.4164,0.4169,0.4174,0.4178,0.4183,0.4188,0.4194,0.4199,0.4204,0.4209,0.4214,0.4219,0.4225,0.423,0.4235,0.424,0.4246,0.4251,0.4256,0.4262,0.4267,0.4272,0.4278,0.4283,0.4288,0.4294,0.4299,0.4304,0.431,0.4315,0.4321,0.4326,0.4332,0.4337,0.4343,0.4348,0.4354,0.4359,0.4365,0.437,0.4361,0.435,0.4339,0.4329,0.4318,0.4309,0.4301,0.4294,0.4287,0.428,0.4274,0.427,0.4271,0.4273,0.4275,0.4277,0.4278,0.428,0.4282,0.4284,0.4285,0.4287,0.4289,0.4291,0.4292,0.4294,0.4296,0.4298,0.4299,0.4301,0.4302,0.4303,0.4304,0.4304,0.4305,0.4306,0.4307
0.5041,0.5054,0.5068,0.5081,0.5094,0.5109,0.5124,0.5139,0.5154,0.5169,0.5184,0.52,0.5215,0.5231,0.5246,0.5262,0.5278,0.5294,0.531,0.5326,0.5342,0.5358,0.5373,0.5384,0.5394,0.5405,0.5416,0.5427,0.5438,0.5449,0.5458,0.5467,0.5476,0.5486,0.5491,0.5496,0.5501,0.5505,0.551,0.5514,0.5519,0.5523,0.5528,0.5532,0.5536,0.5541,0.4073,0.3914,0.3897,0.3897,0.3897,0.3895,0.3893,0.389,0.3888,0.3885,0.3883,0.388,0.3878,0.3875,0.3873,0.387,0.3868,0.3866,0.3863,0.3861,0.3861,0.3863,0.3864,0.3866,0.3867,0.3868,0.387,0.3894,0.3922,0.3968,0.4025,0.4064,0.4104,0.4144,0.4186,0.4228,0.4271,0.4314,0.4359,0.4405,0.4403,0.4386,0.437,0.4354,0.4339,0.4323,0.4307,0.4294,0.4281,0.4268,0.4255,0.0523,0.0517,0.0515,0.0514,0.0514,0.0513,0.0513,0.0512,0.0512,0.0511,0.0511,0.0511,0.051,0.051,0.0511,0.0511,0.0511,0.0511,0.0511,0.0511,0.0511,0.0512,0.0512,0.0512,0.0512,0.0512,0.0512,0.0512,0.0512,0.0513,0.0513,0.0513,0.0513,0.0513,0.0513,0.0513,0.0513,0.0513,0.0513,0.0513,0.0513,0.0513,0.0513,0.0513,0.0513,0.0513,0.0513,0.0513,0.0513,0.0513,0.0513,0.0513,0.0513,0.0513,0.0513,0.0513,0.0514,0.0514,0.0515,0.0515,0.0517,0.0524,0.415,0.4151,0.4152,0.4152,0.4151,0.415,0.4149,0.4149,0.4148,0.4147,0.4146,0.4145,0.4144,0.4143,0.4146,0.4151,0.4156,0.416,0.4165,0.417,0.4174,0.4179,0.4184,0.4189,0.4194,0.4199,0.4205,0.421,0.4215,0.422,0.4225,0.4231,0.4236,0.4241,0.4246,0.4252,0.4257,0.4262,0.4268,0.4273,0.4278,0.4284,0.4289,0.4294,0.43,0.4305,0.4311,0.4316,0.4321,0.4327,0.4332,0.4338,0.4343,0.4349,0.4354,0.436,0.4366,0.4363,0.4352,0.4341,0.4331,0.432,0.4309,0.4301,0.4293,0.4286,0.4279,0.4272,0.4266,0.4267,0.4269,0.427,0.4272,0.4274,0.4276,0.4277,0.4279,0.4281,0.4283,0.4284,0.4286,0.4288,0.429,0.4291,0.4293,0.4295,0.4297,0.4298,0.43,0.4301,0.4302,0.4303,0.4304,0.4304,0.4305,0.4306,0.4307
0.5075,0.5088,0.5101,0.5115,0.5129,0.5144,0.5159,0.5174,0.5189,0.5205,0.522,0.5236,0.5251,0.5267,0.5283,0.5299,0.5315,0.5331,0.5347,0.5364,0.5376,0.5386,0.5397,0.5408,0.5419,0.543,0.5441,0.5452,0.5463,0.5474,0.5483,0.5492,0.5501,0.551,0.5519,0.5523,0.5528,0.5533,0.5538,0.5543,0.5547,0.5552,0.5556,0.5561,0.5565,0.557,0.4216,0.4022,0.39,0.39,0.3898,0.3896,0.3893,0.3891,0.3888,0.3886,0.3883,0.3881,0.3878,0.3876,0.3873,0.3871,0.3868,0.3866,0.3863,0.3861,0.3862,0.3863,0.3865,0.3866,0.3868,0.3869,0.3871,0.3884,0.3912,0.394,0.4009,0.405,0.409,0.413,0.4171,0.4213,0.4255,0.4299,0.4343,0.4389,0.4411,0.4395,0.4379,0.4363,0.4347,0.4331,0.4316,0.4301,0.4287,0.4274,0.4261,0.0529,0.0523,0.0519,0.0519,0.0518,0.0518,0.0517,0.0517,0.0516,0.0516,0.0515,0.0515,0.0515,0.0515,0.0515,0.0515,0.0515,0.0515,0.0516,0.0516,0.0516,0.0516,0.0516,0.0516,0.0516,0.0516,0.0517,0.0517,0.0517,0.0517,0.0517,0.0517,0.0517,0.0517,0.0517,0.0517,0.0517,0.0517,0.0517,0.0517,0.0517,0.0517,0.0517,0.0517,0.0517,0.0517,0.0517,0.0518,0.0518,0.0518,0.0518,0.0518,0.0518,0.0518,0.0518,0.0518,0.0518,0.0519,0.0519,0.052,0.0523,0.4148,0.4149,0.415,0.4149,0.4148,0.4147,0.4146,0.4145,0.4144,0.4143,0.4143,0.4142,0.4142,0.4147,0.4152,0.4156,0.4161,0.4166,0.4171,0.4175,0.418,0.4185,0.419,0.4195,0.42,0.4205,0.421,0.4216,0.4221,0.4226,0.4231,0.4236,0.4242,0.4247,0.4252,0.4258,0.4263,0.4268,0.4274,0.4279,0.4284,0.429,0.4295,0.43,0.4306,0.4311,0.4317,0.4322,0.4328,0.4333,0.4339,0.4344,0.435,0.4355,0.4361,0.4365,0.4354,0.4343,0.4333,0.4322,0.4311,0.43,0.4293,0.4285,0.4278,0.4271,0.4264,0.4263,0.4264,0.4266,0.4268,0.427,0.4271,0.4273,0.4275,0.4277,0.4278,0.428,0.4282,0.4284,0.4285,0.4287,0.4289,0.4291,0.4292,0.4294,0.4296,0.4298,0.4299,0.43,0.4301,0.4302,0.4303,0.4304,0.4304,0.4305,0.4306,0.4307
0.5108,0.5122,0.5135,0.5149,0.5164,0.5179,0.5195,0.521,0.5226,0.5241,0.5257,0.5273,0.5288,0.5304,0.532,0.5337,0.5353,0.5368,0.5379,0.5389,0.54,0.5411,0.5422,0.5433,0.5444,0.5455,0.5466,0.5477,0.5488,0.5498,0.5507,0.5516,0.5526,0.5535,0.5544,0.5551,0.5556,0.5561,0.5566,0.5571,0.5576,0.5581,0.5585,0.559,0.4842,0.4847,0.4853,0.4162,0.3973,0.3901,0.3898,0.3896,0.3893,0.3891,0.3888,0.3886,0.3884,0.3881,0.3879,0.3876,0.3874,0.3871,0.3869,0.3866,0.3864,0.3861,0.3862,0.3864,0.3865,0.3867,0.3868,0.387,0.3871,0.3874,0.3901,0.393,0.3966,0.4037,0.4076,0.4116,0.4157,0.4198,0.424,0.4284,0.4328,0.4373,0.4419,0.4404,0.4388,0.4372,0.4356,0.434,0.4324,0.4309,0.4294,0.4281,0.4268,0.0536,0.0529,0.0524,0.0523,0.0523,0.0522,0.0522,0.0521,0.0521,0.052,0.052,0.0519,0.0519,0.0519,0.0519,0.052,0.052,0.052,0.052,0.052,0.052,0.052,0.052,0.0521,0.0521,0.0521,0.0521,0.0521,0.0521,0.0521,0.0521,0.0521,0.0521,0.0521,0.0522,0.0522,0.0522,0.0522,0.0522,0.0522,0.0522,0.0522,0.0522,0.0522,0.0522,0.0522,0.0522,0.0522,0.0522,0.0522,0.0522,0.0522,0.0522,0.0522,0.0522,0.0522,0.0523,0.0523,0.0524,0.0524,0.0529,0.4147,0.4146,0.4145,0.4144,0.4144,0.4143,0.4142,0.4141,0.414,0.4139,0.4143,0.4148,0.4152,0.4157,0.4162,0.4167,0.4171,0.4176,0.4181,0.4186,0.419,0.4196,0.4201,0.4206,0.4211,0.4216,0.4221,0.4227,0.4232,0.4237,0.4242,0.4248,0.4253,0.4258,0.4264,0.4269,0.4274,0.428,0.4285,0.429,0.4296,0.4301,0.4306,0.4312,0.4317,0.4323,0.4328,0.4334,0.4339,0.4345,0.435,0.4356,0.4361,0.4356,0.4345,0.4335,0.4324,0.4313,0.4302,0.4292,0.4285,0.4277,0.427,0.4263,0.4258,0.426,0.4262,0.4264,0.4265,0.4267,0.4269,0.427,0.4272,0.4274,0.4276,0.4277,0.4279,0.4281,0.4283,0.4284,0.4286,0.4288,0.429,0.4291,0.4293,0.4295,0.4297,0.4298,0.4299,0.43,0.4301,0.4302,0.4303,0.4304,0.4304,0.4305,0.4306,0.4307
0.5143,0.5156,0.517,0.5185,0.52,0.5215,0.5231,0.5246,0.5262,0.5278,0.5294,0.531,0.5326,0.5342,0.5358,0.5371,0.5381,0.5392,0.5403,0.5414,0.5425,0.5436,0.5447,0.5458,0.5469,0.548,0.5491,0.5503,0.5513,0.5523,0.5532,0.5541,0.5551,0.556,0.5569,0.5579,0.5584,0.5589,0.5594,0.5599,0.5604,0.5609,0.5614,0.5619,0.4847,0.4852,0.4858,0.4864,0.4109,0.3901,0.3899,0.3896,0.3894,0.3891,0.3889,0.3886,0.3884,0.3881,0.3879,0.3876,0.3874,0.3872,0.3869,0.3867,0.3864,0.3862,0.3863,0.3864,0.3866,0.3867,0.3869,0.387,0.3872,0.3873,0.3891,0.3919,0.3948,0.4008,0.4062,0.4102,0.4142,0.4183,0.4225,0.4268,0.4312,0.4357,0.4403,0.4413,0.4397,0.4381,0.4365,0.4349,0.4333,0.4317,0.4302,0.4287,0.4274,0.4261,0.0536,0.0529,0.0528,0.0528,0.0527,0.0526,0.0526,0.0525,0.0525,0.0524,0.0524,0.0524,0.0524,0.0524,0.0524,0.0524,0.0524,0.0524,0.0525,0.0525,0.0525,0.0525,0.0525,0.0525,0.0525,0.0526,0.0526,0.0526,0.0526,0.0526,0.0526,0.0526,0.0526,0.0526,0.0526,0.0526,0.0526,0.0526,0.0526,0.0526,0.0526,0.0526,0.0526,0.0526,0.0526,0.0526,0.0526,0.0526,0.0526,0.0526,0.0526,0.0526,0.0526,0.0527,0.0527,0.0527,0.0528,0.0528,0.0529,0.0536,0.4143,0.4142,0.4141,0.414,0.4139,0.4138,0.4138,0.4139,0.4144,0.4148,0.4153,0.4158,0.4163,0.4167,0.4172,0.4177,0.4182,0.4186,0.4191,0.4196,0.4201,0.4207,0.4212,0.4217,0.4222,0.4227,0.4233,0.4238,0.4243,0.4248,0.4254,0.4259,0.4264,0.427,0.4275,0.428,0.4286,0.4291,0.4296,0.4302,0.4307,0.4313,0.4318,0.4323,0.4329,0.4334,0.434,0.4345,0.4351,0.4356,0.4358,0.4347,0.4337,0.4326,0.4315,0.4304,0.4294,0.4284,0.4277,0.4269,0.4262,0.4255,0.4256,0.4257,0.4259,0.4261,0.4263,0.4264,0.4266,0.4268,0.427,0.4271,0.4273,0.4275,0.4277,0.4278,0.428,0.4282,0.4284,0.4285,0.4287,0.4289,0.4291,0.4292,0.4294,0.4296,0.4297,0.4298,0.4299,0.43,0.4301,0.4302,0.4303,0.4304,0.4304,0.4305,0.4306,0.4307
0.5177,0.5191,0.5205,0.5221,0.5236,0.5252,0.5267,0.5283,0.5299,0.5315,0.5331,0.5347,0.5363,0.5374,0.5384,0.5395,0.5406,0.5417,0.5428,0.5439,0.545,0.5461,0.5472,0.5483,0.5494,0.5506,0.5517,0.5528,0.5538,0.5548,0.5557,0.5566,0.5576,0.5585,0.5595,0.5604,0.5613,0.5618,0.5623,0.5628,0.5633,0.5638,0.5643,0.5648,0.4853,0.4857,0.4863,0.4869,0.4255,0.3901,0.3899,0.3897,0.3894,0.3892,0.3889,0.3887,0.3884,0.3882,0.3879,0.3877,0.3874,0.3872,0.3869,0.3867,0.3865,0.3862,0.3864,0.3865,0.3867,0.3868,0.3869,0.3871,0.3872,0.3874,0.3881,0.3909,0.3937,0.3966,0.4048,0.4088,0.4128,0.4169,0.4211,0.4253,0.4297,0.4341,0.4387,0.4422,0.4406,0.4389,0.4373,0.4357,0.4342,0.4326,0.431,0.4295,0.4281,0.4268,0.0542,0.0536,0.0533,0.0532,0.0532,0.0531,0.053,0.053,0.0529,0.0529,0.0529,0.0528,0.0528,0.0528,0.0529,0.0529,0.0529,0.0529,0.0529,0.0529,0.0529,0.053,0.053,0.053,0.053,0.053,0.053,0.053,0.053,0.053,0.053,0.053,0.053,0.053,0.0531,0.0531,0.0531,0.0531,0.0531,0.0531,0.0531,0.0531,0.0531,0.0531,0.0531,0.0531,0.0531,0.0531,0.0531,0.0531,0.0531,0.0531,0.0531,0.0531,0.0531,0.0532,0.0533,0.0533,0.0536,0.0544,0.4139,0.4138,0.4137,0.4136,0.4135,0.414,0.4144,0.4149,0.4154,0.4159,0.4163,0.4168,0.4173,0.4178,0.4182,0.4187,0.4192,0.4197,0.4202,0.4207,0.4212,0.4218,0.4223,0.4228,0.4233,0.4238,0.4244,0.4249,0.4254,0.426,0.4265,0.427,0.4276,0.4281,0.4286,0.4292,0.4297,0.4302,0.4308,0.4313,0.4319,0.4324,0.433,0.4335,0.4341,0.4346,0.4352,0.4357,0.4349,0.4339,0.4328,0.4317,0.4306,0.4296,0.4285,0.4276,0.4269,0.4261,0.4254,0.4251,0.4253,0.4255,0.4257,0.4258,0.426,0.4262,0.4264,0.4265,0.4267,0.4269,0.427,0.4272,0.4274,0.4276,0.4277,0.4279,0.4281,0.4283,0.4284,0.4286,0.4288,0.429,0.4291,0.4293,0.4295,0.4296,0.4297,0.4298,0.4299,0.43,0.4301,0.4302,0.4303,0.4304,0.4305,0.4305,0.4306,0.4307
0.5212,0.5227,0.5241,0.5257,0.5273,0.5289,0.5305,0.5321,0.5337,0.5353,0.5366,0.5376,0.5387,0.5398,0.5409,0.542,0.5431,0.5442,0.5453,0.5464,0.5475,0.5486,0.5497,0.5509,0.552,0.5531,0.5543,0.5554,0.5563,0.5573,0.5582,0.5592,0.5601,0.5611,0.562,0.563,0.564,0.5646,0.5652,0.5657,0.5662,0.5667,0.5672,0.5677,0.4873,0.4862,0.4868,0.4874,0.488,0.39,0.3899,0.3897,0.3894,0.3892,0.3889,0.3887,0.3885,0.3882,0.388,0.3877,0.3875,0.3872,0.387,0.3867,0.3865,0.3863,0.3864,0.3866,0.3867,0.3869,0.387,0.3872,0.3873,0.3875,0.3876,0.3899,0.3927,0.3956,0.4007,0.4074,0.4114,0.4154,0.4196,0.4238,0.4281,0.4326,0.4371,0.4417,0.4415,0.4398,0.4382,0.4366,0.435,0.4334,0.4319,0.4303,0.4288,0.4274,0.0549,0.0542,0.0538,0.0537,0.0536,0.0536,0.0535,0.0535,0.0534,0.0534,0.0533,0.0533,0.0533,0.0533,0.0533,0.0533,0.0534,0.0534,0.0534,0.0534,0.0534,0.0534,0.0534,0.0535,0.0535,0.0535,0.0535,0.0535,0.0535,0.0535,0.0535,0.0535,0.0535,0.0535,0.0535,0.0535,0.0535,0.0535,0.0535,0.0535,0.0535,0.0535,0.0535,0.0535,0.0535,0.0535,0.0535,0.0535,0.0536,0.0536,0.0536,0.0536,0.0536,0.0536,0.0536,0.0537,0.0537,0.0538,0.0542,0.4135,0.4134,0.4133,0.4136,0.4141,0.4145,0.415,0.4155,0.4159,0.4164,0.4169,0.4174,0.4178,0.4183,0.4188,0.4193,0.4197,0.4203,0.4208,0.4213,0.4218,0.4223,0.4229,0.4234,0.4239,0.4244,0.425,0.4255,0.426,0.4266,0.4271,0.4276,0.4282,0.4287,0.4292,0.4298,0.4303,0.4308,0.4314,0.4319,0.4325,0.433,0.4336,0.4341,0.4347,0.4352,0.4351,0.4341,0.433,0.4319,0.4308,0.4298,0.4287,0.4276,0.4268,0.4261,0.4253,0.4247,0.4249,0.4251,0.4252,0.4254,0.4256,0.4257,0.4259,0.4261,0.4263,0.4264,0.4266,0.4268,0.427,0.4271,0.4273,0.4275,0.4277,0.4278,0.428,0.4282,0.4284,0.4285,0.4287,0.4289,0.4291,0.4292,0.4294,0.4295,0.4296,0.4297,0.4298,0.4299,0.43,0.4301,0.4302,0.4303,0.4304,0.4305,0.4305,0.4309,0.4316
0.5248,0.5262,0.5278,0.5294,0.531,0.5326,0.5342,0.5358,0.5369,0.5379,0.539,0.5401,0.5412,0.5423,0.5434,0.5445,0.5456,0.5467,0.5478,0.5489,0.55,0.5512,0.5523,0.5534,0.5546,0.5557,0.5569,0.5579,0.5589,0.5598,0.5608,0.5617,0.5627,0.5636,0.5646,0.5656,0.5666,0.5675,0.5681,0.5686,0.5691,0.5696,0.5701,0.5706,0.4909,0.4876,0.4872,0.4878,0.4884,0.489,0.3899,0.3897,0.3895,0.3892,0.389,0.3887,0.3885,0.3882,0.388,0.3877,0.3875,0.3873,0.387,0.3868,0.3865,0.3863,0.3865,0.3866,0.3868,0.3869,0.3871,0.3872,0.3874,0.3875,0.3877,0.3889,0.3917,0.3945,0.3974,0.405,0.41,0.414,0.4181,0.4223,0.4266,0.431,0.4355,0.44,0.4423,0.4407,0.4391,0.4375,0.4359,0.4343,0.4327,0.4312,0.4296,0.4281,0.0555,0.0549,0.0543,0.0542,0.0541,0.0541,0.054,0.0539,0.0539,0.0538,0.0538,0.0538,0.0538,0.0538,0.0538,0.0538,0.0538,0.0538,0.0539,0.0539,0.0539,0.0539,0.0539,0.0539,0.054,0.054,0.054,0.054,0.054,0.054,0.054,0.054,0.054,0.054,0.054,0.054,0.054,0.054,0.054,0.054,0.054,0.054,0.054,0.054,0.054,0.054,0.054,0.054,0.054,0.054,0.054,0.054,0.054,0.0541,0.0541,0.0542,0.0542,0.0543,0.0549,0.4132,0.4137,0.4141,0.4146,0.4151,0.4155,0.416,0.4165,0.417,0.4174,0.4179,0.4184,0.4189,0.4193,0.4198,0.4203,0.4208,0.4214,0.4219,0.4224,0.4229,0.4234,0.424,0.4245,0.425,0.4256,0.4261,0.4266,0.4271,0.4277,0.4282,0.4288,0.4293,0.4298,0.4304,0.4309,0.4315,0.432,0.4325,0.4331,0.4336,0.4342,0.4347,0.4353,0.4343,0.4332,0.4321,0.431,0.43,0.4289,0.4278,0.4268,0.426,0.4253,0.4245,0.4245,0.4246,0.4248,0.425,0.4251,0.4253,0.4255,0.4257,0.4258,0.426,0.4262,0.4263,0.4265,0.4267,0.4269,0.427,0.4272,0.4274,0.4276,0.4277,0.4279,0.4281,0.4283,0.4284,0.4286,0.4288,0.429,0.4291,0.4293,0.4294,0.4295,0.4296,0.4297,0.4298,0.4299,0.43,0.4301,0.4302,0.4303,0.4304,0.4306,0.4314,0.4321,0.4328
0.5284,0.5299,0.5315,0.5332,0.5348,0.5361,0.5372,0.5382,0.5393,0.5404,0.5415,0.5426,0.5437,0.5448,0.5459,0.547,0.5481,0.5492,0.5503,0.5514,0.5525,0.5536,0.5548,0.5559,0.557,0.5581,0.5592,0.5603,0.5614,0.5624,0.5633,0.5643,0.5653,0.5662,0.5672,0.5682,0.5692,0.5702,0.571,0.5715,0.572,0.5726,0.5731,0.5736,0.4952,0.4896,0.4879,0.4882,0.4888,0.4895,0.3899,0.3898,0.3895,0.3893,0.389,0.3888,0.3885,0.3883,0.388,0.3878,0.3875,0.3873,0.387,0.3868,0.3866,0.3864,0.3865,0.3867,0.3868,0.387,0.3871,0.3873,0.3874,0.3876,0.3877,0.3879,0.3907,0.3935,0.3963,0.4006,0.4086,0.4126,0.4167,0.4209,0.4251,0.4295,0.4339,0.4384,0.443,0.4416,0.44,0.4384,0.4368,0.4352,0.4336,0.432,0.4305,0.4289,0.4274,0.0555,0.0548,0.0547,0.0546,0.0546,0.0545,0.0544,0.0544,0.0543,0.0543,0.0542,0.0543,0.0543,0.0543,0.0543,0.0543,0.0543,0.0543,0.0544,0.0544,0.0544,0.0544,0.0544,0.0544,0.0544,0.0544,0.0544,0.0544,0.0544,0.0544,0.0544,0.0544,0.0545,0.0545,0.0545,0.0545,0.0545,0.0545,0.0545,0.0545,0.0545,0.0545,0.0545,0.0545,0.0545,0.0545,0.0545,0.0545,0.0545,0.0545,0.0545,0.0545,0.0546,0.0546,0.0547,0.0547,0.0549,0.0557,0.4142,0.4147,0.4151,0.4156,0.4161,0.4166,0.417,0.4175,0.418,0.4185,0.4189,0.4194,0.4199,0.4204,0.4209,0.4214,0.4219,0.4225,0.423,0.4235,0.424,0.4246,0.4251,0.4256,0.4262,0.4267,0.4272,0.4278,0.4283,0.4288,0.4294,0.4299,0.4304,0.431,0.4315,0.4321,0.4326,0.4332,0.4337,0.4343,0.4348,0.4345,0.4334,0.4323,0.4312,0.4302,0.4291,0.428,0.427,0.426,0.4253,0.4245,0.4241,0.4242,0.4244,0.4245,0.4247,0.4249,0.4251,0.4252,0.4254,0.4256,0.4257,0.4259,0.4261,0.4263,0.4264,0.4266,0.4268,0.427,0.4271,0.4273,0.4275,0.4276,0.4278,0.428,0.4282,0.4283,0.4285,0.4287,0.4289,0.429,0.4292,0.4293,0.4294,0.4295,0.4296,0.4297,0.4298,0.4299,0.43,0.4301,0.4302,0.4304,0.4311,0.4318,0.4325,0.4333,0.434
0.5321,0.5337,0.5353,0.5364,0.5374,0.5385,0.5396,0.5407,0.5418,0.5429,0.5439,0.545,0.5461,0.5471,0.5482,0.5493,0.5504,0.5515,0.5526,0.5537,0.5548,0.5559,0.5571,0.5582,0.5593,0.5605,0.562,0.563,0.5637,0.5649,0.5659,0.5669,0.5679,0.5689,0.5698,0.5708,0.5718,0.5728,0.5738,0.5745,0.575,0.5755,0.5761,0.5766,0.4996,0.4917,0.4899,0.4887,0.4893,0.4899,0.3898,0.3897,0.3896,0.3893,0.3891,0.3888,0.3886,0.3883,0.3881,0.3878,0.3876,0.3873,0.3871,0.3868,0.3866,0.3865,0.3866,0.3867,0.3869,0.387,0.3872,0.3873,0.3875,0.3876,0.3878,0.3879,0.3897,0.3925,0.3953,0.3982,0.4048,0.4112,0.4152,0.4194,0.4236,0.4279,0.4323,0.4368,0.4414,0.4425,0.4409,0.4392,0.4376,0.436,0.4345,0.4329,0.4313,0.4298,0.4282,0.0562,0.0555,0.0552,0.0551,0.0551,0.055,0.0549,0.0549,0.0548,0.0548,0.0547,0.0548,0.0548,0.0548,0.0548,0.0548,0.0548,0.0548,0.0549,0.0549,0.0549,0.0549,0.0549,0.0549,0.0549,0.0549,0.0549,0.0549,0.0549,0.0549,0.0549,0.0549,0.0549,0.0549,0.0549,0.0549,0.0549,0.055,0.055,0.055,0.055,0.055,0.055,0.055,0.055,0.055,0.055,0.055,0.055,0.055,0.055,0.055,0.0551,0.0551,0.0552,0.0552,0.0556,0.4147,0.4152,0.4157,0.4162,0.4166,0.4171,0.4176,0.4181,0.4185,0.419,0.4195,0.42,0.4205,0.421,0.4215,0.422,0.4225,0.4231,0.4236,0.4241,0.4246,0.4252,0.4257,0.4262,0.4267,0.4273,0.4278,0.4284,0.4289,0.4294,0.43,0.4305,0.4311,0.4316,0.4321,0.4327,0.4332,0.4338,0.4343,0.4347,0.4336,0.4325,0.4314,0.4303,0.4293,0.4282,0.4272,0.4261,0.4252,0.4245,0.4237,0.4238,0.424,0.4241,0.4243,0.4245,0.4246,0.4248,0.425,0.4251,0.4253,0.4255,0.4257,0.4258,0.426,0.4262,0.4263,0.4265,0.4267,0.4269,0.427,0.4272,0.4274,0.4276,0.4277,0.4279,0.4281,0.4283,0.4284,0.4286,0.4288,0.429,0.4291,0.4292,0.4293,0.4294,0.4295,0.4296,0.4297,0.4298,0.4299,0.43,0.4301,0.4308,0.4315,0.4323,0.433,0.4337,0.4345,0.4352
0.5356,0.5366,0.5376,0.5387,0.5397,0.5408,0.5419,0.5429,0.544,0.5451,0.5461,0.5472,0.5483,0.5494,0.5505,0.5516,0.5527,0.5538,0.5549,0.556,0.5571,0.5583,0.5594,0.5605,0.5617,0.5628,0.5647,0.5669,0.5661,0.5672,0.5684,0.5695,0.5705,0.5715,0.5725,0.5735,0.5745,0.5755,0.5765,0.5775,0.578,0.5786,0.5791,0.5796,0.504,0.4948,0.492,0.4902,0.4897,0.4903,0.3898,0.3897,0.3896,0.3893,0.3891,0.3888,0.3886,0.3883,0.3881,0.3879,0.3876,0.3874,0.3871,0.3869,0.3866,0.3865,0.3867,0.3868,0.387,0.3871,0.3873,0.3874,0.3876,0.3877,0.3879,0.388,0.3887,0.3914,0.3943,0.3971,0.4004,0.4092,0.4138,0.4179,0.4221,0.4264,0.4308,0.4352,0.4398,0.4434,0.4418,0.4401,0.4385,0.4369,0.4353,0.4337,0.4322,0.4306,0.4291,0.0569,0.0562,0.0557,0.0557,0.0556,0.0555,0.0555,0.0554,0.0553,0.0553,0.0552,0.0553,0.0553,0.0553,0.0553,0.0553,0.0553,0.0553,0.0554,0.0554,0.0554,0.0554,0.0554,0.0554,0.0554,0.0554,0.0554,0.0554,0.0554,0.0554,0.0554,0.0554,0.0554,0.0554,0.0554,0.0554,0.0554,0.0554,0.0554,0.0555,0.0555,0.0555,0.0555,0.0555,0.0555,0.0555,0.0555,0.0555,0.0555,0.0555,0.0555,0.0555,0.0556,0.0556,0.0557,0.0558,0.0563,0.4158,0.4162,0.4167,0.4172,0.4177,0.4181,0.4186,0.4191,0.4196,0.4201,0.4205,0.421,0.4216,0.4221,0.4226,0.4231,0.4236,0.4242,0.4247,0.4252,0.4258,0.4263,0.4268,0.4273,0.4279,0.4284,0.429,0.4295,0.43,0.4306,0.4311,0.4317,0.4322,0.4328,0.4333,0.4339,0.4344,0.4338,0.4327,0.4316,0.4305,0.4295,0.4284,0.4274,0.4263,0.4253,0.4244,0.4237,0.4234,0.4236,0.4238,0.4239,0.4241,0.4242,0.4244,0.4246,0.4247,0.4249,0.425,0.4252,0.4254,0.4256,0.4257,0.4259,0.4261,0.4263,0.4264,0.4266,0.4268,0.427,0.4271,0.4273,0.4275,0.4276,0.4278,0.428,0.4282,0.4283,0.4285,0.4287,0.4289,0.429,0.4291,0.4292,0.4293,0.4294,0.4295,0.4296,0.4297,0.4298,0.4299,0.4306,0.4313,0.432,0.4327,0.4335,0.4342,0.4349,0.4357,0.4364
0.5379,0.5388,0.5398,0.5409,0.5419,0.543,0.5441,0.5451,0.5462,0.5473,0.5484,0.5495,0.5506,0.5517,0.5528,0.5539,0.555,0.5561,0.5572,0.5583,0.5595,0.5606,0.5618,0.5629,0.564,0.5653,0.5676,0.5699,0.5684,0.5696,0.5707,0.5719,0.5731,0.5742,0.5752,0.5762,0.5772,0.5782,0.5792,0.5802,0.5811,0.5816,0.5822,0.5827,0.5069,0.4992,0.494,0.4923,0.4905,0.4908,0.3897,0.3896,0.3895,0.3894,0.3891,0.3889,0.3886,0.3884,0.3881,0.3879,0.3876,0.3874,0.3871,0.3869,0.3867,0.3866,0.3867,0.3869,0.387,0.3872,0.3873,0.3875,0.3876,0.3878,0.3879,0.3881,0.3882,0.3904,0.3932,0.3961,0.399,0.4047,0.4124,0.4165,0.4206,0.4249,0.4292,0.4337,0.4382,0.4428,0.4427,0.441,0.4394,0.4378,0.4362,0.4346,0.433,0.4315,0.4299,0.4284,0.0569,0.0563,0.0562,0.0561,0.0561,0.056,0.0559,0.0559,0.0558,0.0558,0.0558,0.0558,0.0558,0.0558,0.0558,0.0558,0.0559,0.0559,0.0559,0.0559,0.0559,0.0559,0.0559,0.0559,0.0559,0.0559,0.0559,0.0559,0.0559,0.0559,0.0559,0.0559,0.0559,0.0559,0.0559,0.0559,0.0559,0.056,0.056,0.056,0.056,0.056,0.056,0.056,0.056,0.056,0.056,0.056,0.056,0.056,0.056,0.0561,0.0562,0.0562,0.0563,0.0571,0.4168,0.4173,0.4177,0.4182,0.4187,0.4192,0.4197,0.4201,0.4206,0.4211,0.4216,0.4221,0.4227,0.4232,0.4237,0.4242,0.4248,0.4253,0.4258,0.4263,0.4269,0.4274,0.4279,0.4285,0.429,0.4296,0.4301,0.4306,0.4312,0.4317,0.4323,0.4328,0.4334,0.4339,0.434,0.4329,0.4318,0.4307,0.4297,0.4286,0.4276,0.4265,0.4255,0.4244,0.4236,0.423,0.4232,0.4234,0.4235,0.4237,0.4238,0.424,0.4242,0.4243,0.4245,0.4247,0.4248,0.425,0.4251,0.4253,0.4255,0.4257,0.4258,0.426,0.4262,0.4263,0.4265,0.4267,0.4269,0.427,0.4272,0.4274,0.4276,0.4277,0.4279,0.4281,0.4283,0.4284,0.4286,0.4288,0.4289,0.429,0.4291,0.4292,0.4293,0.4294,0.4295,0.4296,0.4297,0.4303,0.431,0.4317,0.4325,0.4332,0.4339,0.4347,0.4354,0.4361,0.4369,0.4376
0.5407,0.541,0.5421,0.5431,0.5442,0.5452,0.5463,0.5474,0.5485,0.5496,0.5506,0.5517,0.5528,0.554,0.5551,0.5562,0.5573,0.5584,0.5596,0.5607,0.5618,0.563,0.5641,0.5653,0.5664,0.5681,0.5704,0.5727,0.5715,0.5719,0.5731,0.5743,0.5755,0.5767,0.5779,0.5789,0.5799,0.5809,0.582,0.583,0.584,0.5847,0.5853,0.5858,0.5097,0.5036,0.4961,0.4943,0.4926,0.4912,0.4918,0.3896,0.3895,0.3894,0.3892,0.3889,0.3887,0.3884,0.3882,0.3879,0.3877,0.3874,0.3872,0.3869,0.3867,0.3866,0.3868,0.3869,0.3871,0.3872,0.3874,0.3875,0.3877,0.3878,0.388,0.3881,0.3883,0.3894,0.3922,0.3951,0.3979,0.4009,0.4091,0.415,0.4192,0.4234,0.4277,0.4321,0.4366,0.4412,0.4436,0.4419,0.4403,0.4387,0.4371,0.4355,0.4339,0.4323,0.4308,0.4292,0.0576,0.0569,0.0567,0.0567,0.0566,0.0565,0.0564,0.0564,0.0563,0.0563,0.0563,0.0563,0.0563,0.0563,0.0563,0.0564,0.0564,0.0564,0.0564,0.0564,0.0564,0.0564,0.0564,0.0564,0.0564,0.0564,0.0564,0.0564,0.0564,0.0564,0.0564,0.0564,0.0564,0.0565,0.0565,0.0565,0.0565,0.0565,0.0565,0.0565,0.0565,0.0565,0.0565,0.0565,0.0565,0.0565,0.0565,0.0565,0.0565,0.0565,0.0566,0.0566,0.0567,0.0568,0.057,0.4173,0.4178,0.4183,0.4188,0.4193,0.4197,0.4202,0.4207,0.4212,0.4217,0.4222,0.4227,0.4233,0.4238,0.4243,0.4248,0.4254,0.4259,0.4264,0.4269,0.4275,0.428,0.4286,0.4291,0.4296,0.4302,0.4307,0.4313,0.4318,0.4323,0.4329,0.4334,0.434,0.4331,0.432,0.4309,0.4299,0.4288,0.4278,0.4267,0.4257,0.4246,0.4236,0.4229,0.4228,0.423,0.4231,0.4233,0.4235,0.4236,0.4238,0.4239,0.4241,0.4243,0.4244,0.4246,0.4247,0.4249,0.4251,0.4252,0.4254,0.4256,0.4257,0.4259,0.4261,0.4263,0.4264,0.4266,0.4268,0.4269,0.4271,0.4273,0.4275,0.4276,0.4278,0.428,0.4282,0.4283,0.4285,0.4287,0.4288,0.4289,0.429,0.4291,0.4292,0.4293,0.4294,0.4295,0.43,0.4307,0.4315,0.4322,0.4329,0.4337,0.4344,0.4351,0.4359,0.4366,0.4373,0.4381,0.4388
0.5436,0.5436,0.5443,0.5454,0.5464,0.5475,0.5486,0.5497,0.5507,0.5518,0.5529,0.554,0.5551,0.5563,0.5574,0.5585,0.5596,0.5608,0.5619,0.5631,0.5642,0.5654,0.5665,0.5677,0.5688,0.5709,0.5733,0.5756,0.5756,0.5743,0.5755,0.5767,0.5779,0.5791,0.5803,0.5815,0.5827,0.5837,0.5847,0.5858,0.5868,0.5878,0.5884,0.5889,0.5895,0.5071,0.4989,0.4964,0.4947,0.4929,0.4923,0.3895,0.3894,0.3894,0.3892,0.3889,0.3887,0.3885,0.3882,0.388,0.3877,0.3875,0.3872,0.387,0.3867,0.3867,0.3868,0.387,0.3871,0.3873,0.3874,0.3876,0.3877,0.3879,0.388,0.3882,0.3883,0.3885,0.3912,0.394,0.3969,0.3998,0.4046,0.4135,0.4177,0.4219,0.4262,0.4306,0.435,0.4396,0.4442,0.4428,0.4412,0.4396,0.4379,0.4363,0.4347,0.4332,0.4316,0.4301,0.0584,0.0577,0.0573,0.0572,0.0571,0.0571,0.057,0.0569,0.0569,0.0568,0.0568,0.0568,0.0568,0.0569,0.0569,0.0569,0.0569,0.0569,0.0569,0.0569,0.0569,0.0569,0.0569,0.0569,0.0569,0.0569,0.0569,0.057,0.057,0.057,0.057,0.057,0.057,0.057,0.057,0.057,0.057,0.057,0.057,0.057,0.057,0.057,0.057,0.057,0.057,0.057,0.057,0.057,0.057,0.0571,0.0571,0.0572,0.0572,0.0573,0.0578,0.4184,0.4189,0.4193,0.4198,0.4203,0.4208,0.4213,0.4218,0.4223,0.4228,0.4233,0.4238,0.4244,0.4249,0.4254,0.426,0.4265,0.427,0.4275,0.4281,0.4286,0.4292,0.4297,0.4302,0.4308,0.4313,0.4319,0.4324,0.433,0.4335,0.4333,0.4322,0.4311,0.4301,0.429,0.4279,0.4269,0.4259,0.4248,0.4238,0.4228,0.4224,0.4226,0.4227,0.4229,0.4231,0.4232,0.4234,0.4235,0.4237,0.4239,0.424,0.4242,0.4244,0.4245,0.4247,0.4248,0.425,0.4252,0.4253,0.4255,0.4257,0.4258,0.426,0.4262,0.4263,0.4265,0.4267,0.4269,0.427,0.4272,0.4274,0.4276,0.4277,0.4279,0.4281,0.4283,0.4284,0.4286,0.4287,0.4288,0.4289,0.429,0.4291,0.4292,0.4293,0.4298,0.4305,0.4312,0.4319,0.4327,0.4334,0.4341,0.4349,0.4356,0.4363,0.4371,0.4378,0.4386,0.4393,0.4401
0.5464,0.5465,0.5466,0.5477,0.5487,0.5498,0.5509,0.552,0.5531,0.5542,0.5553,0.5564,0.5575,0.5586,0.5597,0.5609,0.562,0.5631,0.5643,0.5654,0.5666,0.5678,0.5689,0.5701,0.5715,0.5738,0.5762,0.5785,0.5796,0.5768,0.5779,0.5791,0.5803,0.5815,0.5828,0.584,0.5852,0.5864,0.5875,0.5886,0.5896,0.5907,0.5915,0.5921,0.5926,0.5098,0.5033,0.4985,0.4968,0.495,0.4932,0.3895,0.3894,0.3893,0.3892,0.389,0.3887,0.3885,0.3882,0.388,0.3877,0.3875,0.3873,0.387,0.3868,0.3868,0.3869,0.3871,0.3872,0.3874,0.3875,0.3877,0.3878,0.388,0.3881,0.3883,0.3884,0.3886,0.3902,0.393,0.3958,0.3987,0.4017,0.4089,0.4163,0.4204,0.4247,0.429,0.4334,0.438,0.4426,0.4437,0.4421,0.4404,0.4388,0.4372,0.4356,0.434,0.4325,0.4309,0.4294,0.0584,0.0579,0.0578,0.0577,0.0576,0.0575,0.0575,0.0574,0.0574,0.0573,0.0574,0.0574,0.0574,0.0574,0.0574,0.0574,0.0574,0.0575,0.0575,0.0575,0.0575,0.0575,0.0575,0.0575,0.0575,0.0575,0.0575,0.0575,0.0575,0.0575,0.0575,0.0575,0.0575,0.0575,0.0575,0.0575,0.0575,0.0575,0.0575,0.0575,0.0575,0.0575,0.0575,0.0575,0.0575,0.0575,0.0575,0.0576,0.0576,0.0577,0.0577,0.0578,0.0579,0.0586,0.4194,0.4199,0.4204,0.4209,0.4213,0.4218,0.4223,0.4229,0.4234,0.4239,0.4244,0.425,0.4255,0.426,0.4265,0.4271,0.4276,0.4281,0.4287,0.4292,0.4298,0.4303,0.4308,0.4314,0.4319,0.4325,0.433,0.4335,0.4324,0.4313,0.4303,0.4292,0.4281,0.4271,0.426,0.425,0.424,0.4229,0.422,0.4222,0.4224,0.4225,0.4227,0.4228,0.423,0.4232,0.4233,0.4235,0.4236,0.4238,0.424,0.4241,0.4243,0.4244,0.4246,0.4248,0.4249,0.4251,0.4253,0.4254,0.4256,0.4257,0.4259,0.4261,0.4263,0.4264,0.4266,0.4268,0.4269,0.4271,0.4273,0.4275,0.4276,0.4278,0.428,0.4282,0.4283,0.4285,0.4286,0.4287,0.4288,0.4289,0.429,0.4291,0.4295,0.4302,0.4309,0.4317,0.4324,0.4331,0.4338,0.4346,0.4353,0.4361,0.4368,0.4375,0.4383,0.439,0.4398,0.4405,0.4413
0.4555,0.5494,0.5495,0.55,0.5511,0.5521,0.5532,0.5543,0.5554,0.5565,0.5576,0.5587,0.5598,0.561,0.5621,0.5632,0.5644,0.5655,0.5667,0.5678,0.569,0.5702,0.5714,0.5725,0.5743,0.5767,0.5791,0.5815,0.5837,0.5803,0.5804,0.5816,0.5828,0.584,0.5852,0.5865,0.5877,0.5889,0.5902,0.5914,0.5925,0.5935,0.5946,0.5953,0.5958,0.5126,0.5072,0.5007,0.4989,0.4971,0.4953,0.3894,0.3893,0.3892,0.3892,0.389,0.3888,0.3885,0.3883,0.388,0.3878,0.3875,0.3873,0.387,0.3868,0.3868,0.387,0.3871,0.3873,0.3874,0.3876,0.3877,0.3879,0.388,0.3882,0.3883,0.3885,0.3886,0.3892,0.392,0.3948,0.3977,0.4006,0.4044,0.4134,0.419,0.4232,0.4275,0.4319,0.4364,0.441,0.4446,0.443,0.4413,0.4397,0.4381,0.4365,0.4349,0.4333,0.4318,0.4302,0.0592,0.0584,0.0583,0.0583,0.0582,0.0581,0.058,0.058,0.0579,0.0579,0.0579,0.0579,0.0579,0.058,0.058,0.058,0.058,0.058,0.058,0.058,0.058,0.058,0.058,0.058,0.058,0.058,0.058,0.058,0.058,0.058,0.058,0.058,0.058,0.058,0.058,0.0581,0.0581,0.0581,0.0581,0.0581,0.0581,0.0581,0.0581,0.0581,0.0581,0.0581,0.0581,0.0581,0.0582,0.0582,0.0583,0.0584,0.0586,0.0594,0.4205,0.4209,0.4214,0.4219,0.4224,0.4229,0.4234,0.424,0.4245,0.425,0.4256,0.4261,0.4266,0.4271,0.4277,0.4282,0.4288,0.4293,0.4298,0.4304,0.4309,0.4315,0.432,0.4325,0.4331,0.4326,0.4315,0.4305,0.4294,0.4283,0.4273,0.4262,0.4252,0.4242,0.4231,0.4221,0.4218,0.422,0.4221,0.4223,0.4224,0.4226,0.4228,0.4229,0.4231,0.4232,0.4234,0.4236,0.4237,0.4239,0.4241,0.4242,0.4244,0.4245,0.4247,0.4249,0.425,0.4252,0.4253,0.4255,0.4257,0.4258,0.426,0.4262,0.4263,0.4265,0.4267,0.4269,0.427,0.4272,0.4274,0.4276,0.4277,0.4279,0.4281,0.4283,0.4284,0.4285,0.4286,0.4287,0.4288,0.4289,0.4292,0.4299,0.4307,0.4314,0.4321,0.4328,0.4336,0.4343,0.435,0.4358,0.4365,0.4373,0.438,0.4388,0.4395,0.4403,0.441,0.4418,0.4425
0.4532,0.4582,0.4644,0.5525,0.5534,0.5545,0.5556,0.5567,0.5578,0.5589,0.56,0.5611,0.5622,0.5634,0.5645,0.5657,0.5668,0.568,0.5691,0.5703,0.5714,0.5726,0.5738,0.575,0.5773,0.5796,0.582,0.5845,0.5869,0.5845,0.5829,0.5841,0.5853,0.5865,0.5878,0.589,0.5902,0.5915,0.5927,0.594,0.5953,0.5964,0.5975,0.5985,0.5991,0.5155,0.51,0.5029,0.501,0.4992,0.4973,0.4948,0.3893,0.3892,0.3891,0.389,0.3888,0.3886,0.3883,0.3881,0.3878,0.3876,0.3873,0.3871,0.3868,0.3869,0.387,0.3872,0.3873,0.3875,0.3876,0.3878,0.3879,0.3881,0.3882,0.3884,0.3885,0.3887,0.3888,0.391,0.3938,0.3966,0.3995,0.4025,0.4088,0.4175,0.4217,0.426,0.4303,0.4348,0.4393,0.444,0.4439,0.4422,0.4406,0.439,0.4374,0.4358,0.4342,0.4326,0.431,0.4295,0.0592,0.0589,0.0588,0.0588,0.0587,0.0586,0.0585,0.0585,0.0585,0.0585,0.0585,0.0585,0.0585,0.0585,0.0585,0.0585,0.0585,0.0585,0.0585,0.0586,0.0586,0.0586,0.0586,0.0586,0.0586,0.0586,0.0586,0.0586,0.0586,0.0586,0.0586,0.0586,0.0586,0.0586,0.0586,0.0586,0.0586,0.0586,0.0586,0.0586,0.0586,0.0586,0.0586,0.0586,0.0586,0.0586,0.0587,0.0588,0.0588,0.0589,0.059,0.0594,0.421,0.4215,0.422,0.4225,0.423,0.4235,0.424,0.4246,0.4251,0.4256,0.4261,0.4267,0.4272,0.4277,0.4283,0.4288,0.4294,0.4299,0.4304,0.431,0.4315,0.4321,0.4326,0.4328,0.4317,0.4307,0.4296,0.4285,0.4275,0.4264,0.4254,0.4243,0.4233,0.4223,0.4216,0.4218,0.422,0.4221,0.4222,0.4222,0.4224,0.4225,0.4227,0.4229,0.423,0.4232,0.4233,0.4235,0.4237,0.4238,0.424,0.4241,0.4243,0.4245,0.4246,0.4248,0.425,0.4251,0.4253,0.4254,0.4256,0.4258,0.4259,0.4261,0.4263,0.4264,0.4266,0.4268,0.4269,0.4271,0.4273,0.4275,0.4276,0.4278,0.428,0.4282,0.4283,0.4284,0.4285,0.4286,0.4287,0.429,0.4297,0.4304,0.4311,0.4318,0.4326,0.4333,0.434,0.4348,0.4355,0.4362,0.437,0.4377,0.4385,0.4392,0.44,0.4407,0.4415,0.4423,0.443,0.4438
0.4512,0.4554,0.461,0.4673,0.5558,0.5569,0.558,0.5591,0.5602,0.5613,0.5624,0.5635,0.5647,0.5658,0.567,0.5681,0.5693,0.5704,0.5716,0.5728,0.5739,0.5751,0.5763,0.5778,0.5804,0.583,0.5857,0.5884,0.5908,0.5886,0.5853,0.5866,0.5878,0.589,0.5903,0.5915,0.5928,0.594,0.5953,0.5966,0.5979,0.5991,0.6004,0.6015,0.6024,0.5183,0.5128,0.5074,0.5031,0.5013,0.4983,0.4963,0.3892,0.3891,0.3891,0.389,0.3888,0.3886,0.3883,0.3881,0.3879,0.3876,0.3874,0.3871,0.3869,0.3869,0.3871,0.3872,0.3874,0.3875,0.3877,0.3878,0.388,0.3881,0.3883,0.3884,0.3886,0.3887,0.3889,0.3899,0.3927,0.3956,0.3985,0.4014,0.4044,0.4132,0.4202,0.4245,0.4288,0.4332,0.4377,0.4423,0.4448,0.4431,0.4415,0.4399,0.4382,0.4366,0.435,0.4335,0.4319,0.4303,0.4288,0.0595,0.0594,0.0594,0.0593,0.0592,0.0591,0.0591,0.059,0.059,0.0591,0.0591,0.0591,0.0591,0.0591,0.0591,0.0591,0.0591,0.0591,0.0591,0.0591,0.0591,0.0591,0.0591,0.0591,0.0591,0.0591,0.0591,0.0591,0.0591,0.0592,0.0592,0.0592,0.0592,0.0592,0.0592,0.0592,0.0592,0.0592,0.0592,0.0592,0.0592,0.0592,0.0592,0.0592,0.0592,0.0593,0.0593,0.0594,0.0595,0.0595,0.4216,0.4221,0.4225,0.4231,0.4236,0.4241,0.4246,0.4252,0.4257,0.4262,0.4267,0.4273,0.4278,0.4283,0.4289,0.4294,0.43,0.4305,0.431,0.4316,0.4321,0.4327,0.4319,0.4309,0.4298,0.4287,0.4277,0.4266,0.4256,0.4245,0.4235,0.4225,0.4218,0.4217,0.4219,0.4221,0.4223,0.4225,0.4226,0.4227,0.4227,0.4228,0.4229,0.423,0.423,0.4231,0.4233,0.4234,0.4236,0.4238,0.4239,0.4241,0.4242,0.4244,0.4246,0.4247,0.4249,0.425,0.4252,0.4254,0.4255,0.4257,0.4259,0.426,0.4262,0.4263,0.4265,0.4267,0.4269,0.427,0.4272,0.4274,0.4276,0.4277,0.4279,0.4281,0.4282,0.4283,0.4284,0.4285,0.4287,0.4294,0.4301,0.4309,0.4316,0.4323,0.433,0.4338,0.4345,0.4352,0.436,0.4367,0.4375,0.4382,0.439,0.4397,0.4405,0.4412,0.442,0.4427,0.4435,0.4443,0.4458
0.4498,0.4533,0.4576,0.4638,0.4702,0.5593,0.5604,0.5615,0.5626,0.5637,0.5648,0.566,0.5671,0.5683,0.5694,0.5706,0.5717,0.5729,0.5741,0.5753,0.5765,0.5776,0.5788,0.5806,0.585,0.5877,0.5904,0.5931,0.5939,0.5924,0.5894,0.5891,0.5903,0.5916,0.5928,0.5941,0.5954,0.5966,0.5979,0.5992,0.6005,0.6018,0.6031,0.6044,0.6056,0.5212,0.5156,0.5102,0.5053,0.5032,0.4993,0.4977,0.3892,0.3891,0.389,0.3889,0.3889,0.3886,0.3884,0.3881,0.3879,0.3876,0.3874,0.3871,0.3869,0.387,0.3872,0.3873,0.3875,0.3876,0.3878,0.3879,0.3881,0.3882,0.3884,0.3885,0.3887,0.3888,0.389,0.3891,0.3917,0.3946,0.3974,0.4004,0.4033,0.4087,0.4178,0.423,0.4273,0.4317,0.4361,0.4407,0.4454,0.444,0.4424,0.4407,0.4391,0.4375,0.4359,0.4343,0.4328,0.4312,0.4296,0.4281,0.0602,0.06,0.0599,0.0598,0.0597,0.0596,0.0596,0.0596,0.0596,0.0597,0.0597,0.0597,0.0597,0.0597,0.0597,0.0597,0.0597,0.0597,0.0597,0.0597,0.0597,0.0597,0.0597,0.0597,0.0597,0.0597,0.0597,0.0597,0.0597,0.0597,0.0597,0.0597,0.0597,0.0597,0.0597,0.0597,0.0598,0.0598,0.0598,0.0598,0.0598,0.0598,0.0598,0.0598,0.0599,0.0599,0.06,0.0601,0.4221,0.4226,0.4231,0.4236,0.4242,0.4247,0.4252,0.4258,0.4263,0.4268,0.4273,0.4279,0.4284,0.429,0.4295,0.43,0.4306,0.4311,0.4317,0.4322,0.4321,0.4311,0.43,0.4289,0.4279,0.4268,0.4258,0.4247,0.4237,0.4227,0.4221,0.4217,0.4218,0.422,0.4221,0.4223,0.4226,0.4228,0.423,0.4231,0.4232,0.4232,0.4233,0.4234,0.4235,0.4235,0.4236,0.4237,0.4238,0.4239,0.4239,0.424,0.4242,0.4243,0.4245,0.4247,0.4248,0.425,0.4251,0.4253,0.4255,0.4256,0.4258,0.426,0.4261,0.4263,0.4264,0.4266,0.4268,0.4269,0.4271,0.4273,0.4275,0.4276,0.4278,0.428,0.4281,0.4282,0.4283,0.4284,0.4291,0.4299,0.4306,0.4313,0.432,0.4328,0.4335,0.4342,0.435,0.4357,0.4364,0.4372,0.4379,0.4387,0.4394,0.4402,0.4409,0.444,0.4443,0.4446,0.4449,0.4452,0.4456,0.4459
0.4500,0.4518,0.4555,0.4603,0.4666,0.4731,0.5628,0.5639,0.565,0.5662,0.5673,0.5684,0.5696,0.5707,0.5719,0.5731,0.5742,0.5754,0.5766,0.5778,0.579,0.5802,0.5814,0.5826,0.5874,0.5923,0.5952,0.5979,0.597,0.5954,0.5936,0.5916,0.5929,0.5941,0.5954,0.5967,0.598,0.5992,0.6005,0.6018,0.6031,0.6044,0.6057,0.607,0.6078,0.6081,0.5185,0.513,0.5075,0.5042,0.5002,0.4991,0.3891,0.389,0.389,0.3889,0.3888,0.3887,0.3884,0.3882,0.3879,0.3877,0.3874,0.3872,0.3869,0.3871,0.3872,0.3874,0.3875,0.3877,0.3878,0.388,0.3881,0.3883,0.3884,0.3886,0.3887,0.3889,0.389,0.3892,0.3907,0.3935,0.3964,0.3993,0.4022,0.4052,0.4131,0.4215,0.4258,0.4301,0.4346,0.4391,0.4437,0.4449,0.4433,0.4416,0.44,0.4384,0.4368,0.4352,0.4336,0.432,0.4305,0.4289,0.4274,0.0609,0.0606,0.0604,0.0603,0.0602,0.0602,0.0602,0.0602,0.0602,0.0602,0.0602,0.0602,0.0603,0.0603,0.0603,0.0603,0.0603,0.0603,0.0603,0.0603,0.0603,0.0603,0.0603,0.0603,0.0603,0.0603,0.0603,0.0603,0.0603,0.0603,0.0603,0.0603,0.0603,0.0603,0.0603,0.0603,0.0603,0.0603,0.0603,0.0604,0.0604,0.0604,0.0604,0.0605,0.0606,0.0608,0.4227,0.4232,0.4237,0.4242,0.4248,0.4253,0.4258,0.4263,0.4269,0.4274,0.4279,0.4285,0.429,0.4296,0.4301,0.4306,0.4312,0.4317,0.4323,0.4313,0.4302,0.4291,0.4281,0.427,0.426,0.4249,0.4239,0.4229,0.4223,0.4219,0.4217,0.4219,0.4221,0.4222,0.4224,0.4226,0.4228,0.4231,0.4233,0.4235,0.4236,0.4237,0.4237,0.4238,0.4239,0.424,0.424,0.4241,0.4242,0.4243,0.4244,0.4244,0.4245,0.4246,0.4247,0.4247,0.4248,0.4249,0.4251,0.4252,0.4254,0.4256,0.4257,0.4259,0.426,0.4262,0.4264,0.4265,0.4267,0.4269,0.427,0.4272,0.4274,0.4275,0.4277,0.4279,0.428,0.4281,0.4282,0.4289,0.4296,0.4303,0.431,0.4318,0.4325,0.4332,0.434,0.4347,0.4354,0.4362,0.4369,0.4377,0.4412,0.4425,0.4428,0.4431,0.4435,0.4438,0.4441,0.4444,0.4447,0.445,0.4453,0.4456,0.446
0.4502,0.452,0.4539,0.4577,0.4631,0.4695,0.476,0.5664,0.5675,0.5686,0.5698,0.5709,0.5721,0.5733,0.5744,0.5756,0.5768,0.578,0.5792,0.5804,0.5816,0.5828,0.584,0.5852,0.5896,0.5945,0.5995,0.6016,0.6001,0.5985,0.597,0.5944,0.5955,0.5967,0.598,0.5993,0.6006,0.6019,0.6032,0.6045,0.6058,0.606,0.6061,0.6063,0.6064,0.6065,0.5242,0.5183,0.5088,0.5052,0.5012,0.5004,0.3891,0.389,0.3889,0.3888,0.3887,0.3887,0.3884,0.3882,0.388,0.3877,0.3875,0.3872,0.387,0.3871,0.3873,0.3874,0.3876,0.3877,0.3879,0.388,0.3882,0.3883,0.3885,0.3886,0.3888,0.3889,0.3891,0.3892,0.3897,0.3925,0.3953,0.3982,0.4012,0.4041,0.4085,0.4176,0.4242,0.4286,0.433,0.4375,0.4421,0.4458,0.4442,0.4425,0.4409,0.4393,0.4377,0.4361,0.4345,0.4329,0.4313,0.4298,0.4282,0.4267,0.0616,0.0613,0.061,0.0609,0.0608,0.0608,0.0608,0.0608,0.0608,0.0608,0.0608,0.0608,0.0609,0.0609,0.0609,0.0609,0.0609,0.0609,0.0609,0.0609,0.0609,0.0609,0.0609,0.0609,0.0609,0.0609,0.0609,0.0609,0.0609,0.0609,0.0609,0.0609,0.0609,0.0609,0.0609,0.0609,0.0609,0.0609,0.0609,0.0609,0.061,0.061,0.0611,0.0615,0.4233,0.4238,0.4243,0.4248,0.4254,0.4259,0.4264,0.4269,0.4275,0.428,0.4285,0.4291,0.4296,0.4302,0.4307,0.4313,0.4318,0.4314,0.4304,0.4293,0.4283,0.4272,0.4262,0.4251,0.4241,0.4231,0.4226,0.4221,0.4217,0.4218,0.422,0.4221,0.4223,0.4225,0.4226,0.4228,0.4231,0.4233,0.4236,0.4238,0.424,0.4241,0.4242,0.4242,0.4243,0.4244,0.4245,0.4245,0.4246,0.4247,0.4248,0.4249,0.4249,0.425,0.4251,0.4252,0.4253,0.4253,0.4254,0.4255,0.4256,0.4256,0.4257,0.4258,0.426,0.4261,0.4263,0.4265,0.4266,0.4268,0.427,0.4271,0.4273,0.4275,0.4276,0.4278,0.4279,0.428,0.4286,0.4293,0.43,0.4308,0.4315,0.4322,0.4329,0.4337,0.4344,0.4382,0.4408,0.4411,0.4414,0.4417,0.442,0.4423,0.4426,0.4429,0.4432,0.4435,0.4438,0.4442,0.4445,0.4448,0.4451,0.4454,0.4457,0.446
0.4503,0.4522,0.4541,0.4561,0.4599,0.4659,0.4724,0.479,0.57,0.5711,0.5723,0.5735,0.5746,0.5758,0.577,0.5781,0.5793,0.5805,0.5817,0.5829,0.5842,0.5854,0.5866,0.5878,0.5917,0.5966,0.6017,0.6028,0.6027,0.6017,0.6001,0.5986,0.5981,0.5993,0.6006,0.6019,0.6032,0.6042,0.6043,0.6044,0.6045,0.6046,0.6047,0.6048,0.605,0.6051,0.5316,0.5111,0.5091,0.5063,0.5025,0.5018,0.5004,0.3889,0.3889,0.3888,0.3887,0.3886,0.3885,0.3882,0.388,0.3877,0.3875,0.3873,0.387,0.3872,0.3873,0.3875,0.3876,0.3878,0.3879,0.3881,0.3882,0.3884,0.3885,0.3887,0.3888,0.389,0.3891,0.3893,0.3894,0.3915,0.3943,0.3972,0.4001,0.4031,0.4061,0.413,0.4223,0.4271,0.4314,0.4359,0.4405,0.4452,0.4451,0.4434,0.4418,0.4402,0.4385,0.4369,0.4353,0.4338,0.4322,0.4306,0.4291,0.4276,0.426,0.4245,0.0621,0.0618,0.0615,0.0615,0.0615,0.0615,0.0614,0.0614,0.0614,0.0615,0.0615,0.0615,0.0615,0.0615,0.0615,0.0615,0.0615,0.0615,0.0615,0.0615,0.0615,0.0615,0.0615,0.0615,0.0615,0.0615,0.0615,0.0615,0.0615,0.0615,0.0615,0.0615,0.0615,0.0615,0.0615,0.0615,0.0616,0.0616,0.0616,0.0617,0.4234,0.4238,0.4244,0.4249,0.4254,0.4259,0.4265,0.427,0.4275,0.4281,0.4286,0.4292,0.4297,0.4302,0.4308,0.4313,0.4316,0.4306,0.4295,0.4285,0.4274,0.4263,0.4253,0.4243,0.4233,0.4229,0.4224,0.4219,0.4217,0.4219,0.4221,0.4222,0.4224,0.4226,0.4227,0.4229,0.4231,0.4233,0.4236,0.4238,0.4241,0.4243,0.4245,0.4246,0.4247,0.4247,0.4248,0.4249,0.425,0.425,0.4251,0.4252,0.4253,0.4254,0.4254,0.4255,0.4256,0.4257,0.4258,0.4258,0.4259,0.426,0.4261,0.4261,0.4262,0.4263,0.4264,0.4265,0.4265,0.4266,0.4267,0.4269,0.427,0.4272,0.4274,0.4275,0.4277,0.4279,0.4283,0.4291,0.4298,0.4305,0.4312,0.4351,0.439,0.4393,0.4396,0.4399,0.4402,0.4405,0.4408,0.4412,0.4415,0.4418,0.4421,0.4424,0.4427,0.443,0.4433,0.4436,0.4439,0.4442,0.4446,0.4449,0.4452,0.4455,0.4458,0.4461
0.4505,0.4524,0.4543,0.4563,0.4582,0.4625,0.4688,0.4753,0.4821,0.5737,0.5748,0.576,0.5772,0.5784,0.5795,0.5807,0.5819,0.5831,0.5843,0.5855,0.5868,0.588,0.5892,0.5905,0.5938,0.5988,0.6025,0.6024,0.6022,0.6021,0.602,0.6017,0.6007,0.602,0.6024,0.6025,0.6026,0.6028,0.6029,0.603,0.6031,0.6032,0.6033,0.6035,0.6036,0.6037,0.5136,0.5115,0.5095,0.5073,0.5039,0.5032,0.5019,0.3889,0.3888,0.3887,0.3886,0.3886,0.3885,0.3883,0.388,0.3878,0.3875,0.3873,0.3871,0.3873,0.3874,0.3876,0.3877,0.3879,0.388,0.3882,0.3883,0.3885,0.3886,0.3888,0.3889,0.3891,0.3892,0.3894,0.3895,0.3905,0.3933,0.3961,0.399,0.402,0.405,0.4084,0.4175,0.4255,0.4299,0.4343,0.4389,0.4435,0.446,0.4443,0.4427,0.4411,0.4394,0.4378,0.4362,0.4346,0.4331,0.4315,0.4299,0.4284,0.4269,0.4253,0.4238,0.4223,0.0626,0.0624,0.0624,0.0624,0.0624,0.0624,0.0624,0.0624,0.0624,0.0624,0.0623,0.0623,0.0623,0.0623,0.0623,0.0623,0.0623,0.0623,0.0623,0.0623,0.0622,0.0622,0.0622,0.0622,0.0622,0.0622,0.0622,0.0622,0.0622,0.0622,0.0622,0.0622,0.0622,0.0622,0.0622,0.0622,0.4234,0.4239,0.4244,0.425,0.4255,0.426,0.4265,0.4271,0.4276,0.4281,0.4287,0.4292,0.4298,0.4303,0.4308,0.4314,0.4308,0.4297,0.4286,0.4276,0.4265,0.4255,0.4245,0.4236,0.4231,0.4226,0.4222,0.4217,0.4218,0.422,0.4222,0.4223,0.4225,0.4226,0.4228,0.423,0.4231,0.4233,0.4236,0.4238,0.4241,0.4243,0.4246,0.4248,0.425,0.4251,0.4252,0.4252,0.4253,0.4254,0.4255,0.4256,0.4256,0.4257,0.4258,0.4259,0.4259,0.426,0.4261,0.4262,0.4263,0.4263,0.4264,0.4265,0.4266,0.4267,0.4267,0.4268,0.4269,0.427,0.427,0.4271,0.4272,0.4273,0.4274,0.4274,0.4275,0.4276,0.4281,0.4321,0.436,0.4376,0.4379,0.4382,0.4385,0.4388,0.4391,0.4394,0.4397,0.44,0.4403,0.4406,0.4409,0.4412,0.4415,0.4419,0.4422,0.4425,0.4428,0.4431,0.4434,0.4437,0.444,0.4443,0.4446,0.445,0.4453,0.4456,0.4459,0.4462
0.4507,0.4526,0.4545,0.4565,0.4584,0.4604,0.4653,0.4717,0.4783,0.4851,0.5774,0.5786,0.5797,0.5809,0.5821,0.5833,0.5845,0.5857,0.587,0.5882,0.5894,0.5906,0.5919,0.5932,0.596,0.601,0.6021,0.602,0.6018,0.6017,0.6016,0.6015,0.6016,0.6016,0.6016,0.6016,0.6015,0.6015,0.6015,0.6016,0.6017,0.6018,0.6019,0.6021,0.5522,0.5157,0.5139,0.5119,0.5098,0.5078,0.5053,0.5046,0.5035,0.5015,0.3888,0.3887,0.3886,0.3885,0.3884,0.3883,0.3881,0.3878,0.3876,0.3873,0.3872,0.3873,0.3875,0.3876,0.3878,0.3879,0.3881,0.3882,0.3884,0.3885,0.3887,0.3888,0.389,0.3891,0.3893,0.3894,0.3896,0.3897,0.3923,0.3951,0.398,0.4009,0.4039,0.4069,0.4128,0.4221,0.4284,0.4328,0.4373,0.4419,0.4466,0.4452,0.4436,0.4419,0.4403,0.4387,0.4371,0.4355,0.4339,0.4323,0.4308,0.4292,0.4277,0.4262,0.4247,0.4231,0.4217,0.4202,0.4189,0.4176,0.4164,0.4156,0.4154,0.4153,0.4152,0.4151,0.415,0.4148,0.4147,0.4144,0.4141,0.4138,0.4141,0.4148,0.4154,0.4161,0.4168,0.4172,0.4177,0.4182,0.4187,0.4191,0.4196,0.4201,0.4206,0.4211,0.4216,0.422,0.4225,0.423,0.4235,0.424,0.4245,0.425,0.4256,0.4261,0.4266,0.4271,0.4277,0.4282,0.4288,0.4293,0.4298,0.4304,0.4309,0.431,0.4299,0.4288,0.4278,0.4267,0.4257,0.4246,0.4238,0.4234,0.4229,0.4224,0.422,0.4217,0.4219,0.4221,0.4222,0.4224,0.4226,0.4227,0.4229,0.4231,0.4232,0.4234,0.4236,0.4238,0.4241,0.4243,0.4246,0.4248,0.4251,0.4253,0.4255,0.4256,0.4257,0.4257,0.4258,0.4259,0.426,0.4261,0.4261,0.4262,0.4263,0.4264,0.4265,0.4265,0.4266,0.4267,0.4268,0.4268,0.4269,0.427,0.4271,0.4272,0.4272,0.4273,0.4274,0.4275,0.4276,0.4276,0.4277,0.4278,0.4279,0.428,0.4279,0.4279,0.4291,0.4321,0.4351,0.4377,0.438,0.4383,0.4386,0.4389,0.4392,0.4395,0.4398,0.4401,0.4404,0.4407,0.441,0.4413,0.4416,0.4419,0.4422,0.4426,0.4429,0.4432,0.4435,0.4438,0.4441,0.4444,0.4447,0.445,0.4454,0.4457,0.446,0.4463
0.4509,0.4528,0.4547,0.4567,0.4586,0.4606,0.4625,0.4681,0.4747,0.4813,0.4882,0.5811,0.5823,0.5835,0.5847,0.586,0.5872,0.5884,0.5896,0.5909,0.5921,0.5933,0.5946,0.5958,0.5981,0.6018,0.6017,0.6016,0.6014,0.6014,0.6014,0.6014,0.6016,0.6016,0.6015,0.6015,0.6015,0.6015,0.6015,0.6015,0.6015,0.5478,0.5163,0.5151,0.5139,0.5127,0.5115,0.5103,0.5091,0.5079,0.5067,0.506,0.505,0.503,0.501,0.3886,0.3885,0.3885,0.3884,0.3883,0.3881,0.3878,0.3876,0.3874,0.3872,0.3874,0.3875,0.3877,0.3878,0.388,0.3881,0.3883,0.3884,0.3886,0.3887,0.3889,0.389,0.3892,0.3893,0.3895,0.3896,0.3898,0.3912,0.3941,0.3969,0.3998,0.4028,0.4058,0.4088,0.4174,0.4268,0.4312,0.4357,0.4403,0.4449,0.4462,0.4445,0.4428,0.4412,0.4396,0.438,0.4364,0.4348,0.4332,0.4316,0.4301,0.4285,0.427,0.4255,0.424,0.4225,0.421,0.4195,0.4182,0.417,0.4158,0.4156,0.4155,0.4154,0.4152,0.4151,0.415,0.4148,0.4145,0.4142,0.4146,0.4152,0.4159,0.4165,0.4172,0.4178,0.4183,0.4187,0.4192,0.4197,0.4202,0.4207,0.4212,0.4216,0.4221,0.4226,0.4231,0.4236,0.4241,0.4246,0.4251,0.4256,0.4261,0.4267,0.4272,0.4277,0.4283,0.4288,0.4294,0.4299,0.4304,0.431,0.4301,0.429,0.428,0.4269,0.4259,0.4248,0.4241,0.4236,0.4232,0.4227,0.4222,0.4218,0.4218,0.422,0.4222,0.4223,0.4225,0.4226,0.4228,0.423,0.4231,0.4233,0.4235,0.4236,0.4238,0.4241,0.4243,0.4246,0.4248,0.4251,0.4253,0.4256,0.4258,0.426,0.4261,0.4262,0.4262,0.4263,0.4264,0.4265,0.4266,0.4266,0.4267,0.4268,0.4269,0.427,0.427,0.4271,0.4272,0.4273,0.4274,0.4274,0.4275,0.4276,0.4277,0.4278,0.4278,0.4279,0.428,0.4281,0.4281,0.4282,0.4283,0.4282,0.4282,0.4281,0.4281,0.4282,0.4311,0.4341,0.4372,0.438,0.4383,0.4387,0.439,0.4393,0.4396,0.4399,0.4402,0.4405,0.4408,0.4411,0.4414,0.4417,0.442,0.4423,0.4426,0.4429,0.4433,0.4436,0.4439,0.4442,0.4445,0.4448,0.4451,0.4454,0.4458,0.4461,0.4464
0.4511,0.453,0.4549,0.4569,0.4588,0.4608,0.4633,0.4663,0.4714,0.4776,0.4844,0.4914,0.585,0.5862,0.5874,0.5886,0.5898,0.5911,0.5923,0.5935,0.5948,0.596,0.5973,0.5986,0.6003,0.6014,0.6013,0.6013,0.6013,0.6012,0.6012,0.6013,0.6015,0.6015,0.6015,0.6015,0.6015,0.6015,0.6015,0.5335,0.5157,0.5145,0.5133,0.5121,0.5109,0.5101,0.5095,0.5089,0.5083,0.5077,0.5073,0.5074,0.5066,0.5046,0.4702,0.4714,0.3885,0.3884,0.3883,0.3883,0.3881,0.3879,0.3876,0.3874,0.3873,0.3874,0.3876,0.3877,0.3879,0.388,0.3882,0.3883,0.3885,0.3886,0.3888,0.3889,0.3891,0.3892,0.3894,0.3896,0.3897,0.3899,0.3902,0.393,0.3959,0.3988,0.4017,0.4047,0.4077,0.4127,0.422,0.4297,0.4341,0.4386,0.4433,0.4471,0.4454,0.4437,0.4421,0.4405,0.4389,0.4372,0.4356,0.4341,0.4325,0.4309,0.4294,0.4278,0.4263,0.4248,0.4233,0.4218,0.4203,0.4189,0.4176,0.4164,0.4158,0.4157,0.4155,0.4154,0.4153,0.4151,0.4148,0.4145,0.415,0.4156,0.4163,0.417,0.4176,0.4183,0.4188,0.4193,0.4198,0.4203,0.4207,0.4212,0.4217,0.4222,0.4227,0.4232,0.4237,0.4242,0.4247,0.4252,0.4257,0.4262,0.4267,0.4273,0.4278,0.4283,0.4289,0.4294,0.43,0.4305,0.4303,0.4292,0.4282,0.4271,0.4261,0.425,0.4244,0.4239,0.4234,0.4229,0.4225,0.422,0.4218,0.4219,0.4221,0.4222,0.4224,0.4226,0.4227,0.4229,0.4231,0.4232,0.4234,0.4236,0.4237,0.4239,0.4241,0.4243,0.4246,0.4248,0.4251,0.4254,0.4256,0.4259,0.4261,0.4264,0.4265,0.4266,0.4267,0.4268,0.4268,0.4269,0.427,0.4271,0.4271,0.4272,0.4273,0.4274,0.4275,0.4275,0.4276,0.4277,0.4278,0.4279,0.4279,0.428,0.4281,0.4282,0.4283,0.4283,0.4284,0.4285,0.4286,0.4286,0.4285,0.4285,0.4284,0.4284,0.4283,0.4283,0.4282,0.4302,0.4332,0.4362,0.4381,0.4384,0.4387,0.439,0.4393,0.4396,0.44,0.4403,0.4406,0.4409,0.4412,0.4415,0.4418,0.4421,0.4424,0.4427,0.443,0.4433,0.4437,0.444,0.4443,0.4446,0.4449,0.4452,0.4455,0.4458,0.4462,0.4465
0.4513,0.4532,0.4551,0.4571,0.4595,0.462,0.4646,0.4673,0.4707,0.4755,0.4817,0.488,0.4946,0.5888,0.5901,0.5913,0.5925,0.5938,0.595,0.5963,0.5975,0.5988,0.6001,0.6009,0.6012,0.6012,0.6011,0.6011,0.6011,0.6011,0.601,0.6012,0.6015,0.6015,0.6015,0.6015,0.5586,0.5163,0.5151,0.5141,0.5135,0.5129,0.5123,0.5117,0.5111,0.5104,0.5098,0.5092,0.5086,0.508,0.5074,0.5088,0.5081,0.5061,0.4699,0.47,0.4704,0.3884,0.3883,0.3882,0.3881,0.3879,0.3877,0.3874,0.3874,0.3875,0.3877,0.3878,0.388,0.3881,0.3883,0.3884,0.3886,0.3887,0.3889,0.389,0.3892,0.3893,0.3895,0.3896,0.3898,0.3899,0.3901,0.392,0.3948,0.3977,0.4007,0.4036,0.4066,0.4097,0.4172,0.4267,0.4325,0.437,0.4416,0.4463,0.4463,0.4447,0.443,0.4414,0.4397,0.4381,0.4365,0.4349,0.4334,0.4318,0.4302,0.4287,0.4271,0.4256,0.4241,0.4226,0.4211,0.4196,0.4182,0.417,0.4159,0.4158,0.4157,0.4156,0.4154,0.4152,0.4149,0.4154,0.4161,0.4167,0.4174,0.4181,0.4187,0.4194,0.4199,0.4203,0.4208,0.4213,0.4218,0.4223,0.4228,0.4233,0.4237,0.4242,0.4247,0.4252,0.4257,0.4263,0.4268,0.4273,0.4279,0.4284,0.429,0.4295,0.43,0.4305,0.4294,0.4284,0.4273,0.4263,0.4252,0.4246,0.4241,0.4237,0.4232,0.4227,0.4223,0.4218,0.4218,0.422,0.4222,0.4223,0.4225,0.4227,0.4228,0.423,0.4231,0.4233,0.4235,0.4236,0.4238,0.424,0.4241,0.4244,0.4246,0.4249,0.4251,0.4254,0.4256,0.4259,0.4261,0.4264,0.4266,0.4269,0.427,0.4271,0.4272,0.4273,0.4273,0.4274,0.4275,0.4276,0.4277,0.4277,0.4278,0.4279,0.428,0.4281,0.4281,0.4282,0.4283,0.4284,0.4285,0.4285,0.4286,0.4287,0.4288,0.4289,0.4289,0.4289,0.4288,0.4288,0.4287,0.4287,0.4286,0.4286,0.4285,0.4285,0.4284,0.4293,0.4323,0.4353,0.4382,0.4385,0.4388,0.4391,0.4394,0.4397,0.44,0.4403,0.4406,0.441,0.4413,0.4416,0.4419,0.4422,0.4425,0.4428,0.4431,0.4434,0.4437,0.444,0.4444,0.4447,0.445,0.4453,0.4456,0.4459,0.4462,0.4466
0.4515,0.4534,0.4556,0.4581,0.4607,0.4632,0.4658,0.4684,0.4718,0.4753,0.4796,0.4859,0.4923,0.4973,0.5006,0.5039,0.5058,0.5077,0.5095,0.5114,0.5133,0.5153,0.5172,0.5191,0.5211,0.601,0.601,0.6009,0.6009,0.6009,0.6009,0.6012,0.6014,0.6015,0.5557,0.5165,0.5162,0.5157,0.5151,0.5144,0.5138,0.5132,0.5126,0.512,0.5114,0.5108,0.5101,0.5095,0.5089,0.5083,0.5077,0.5087,0.5095,0.4744,0.4702,0.4702,0.4703,0.4704,0.3882,0.3881,0.3881,0.388,0.3877,0.3875,0.3874,0.3876,0.3877,0.3879,0.388,0.3882,0.3883,0.3885,0.3886,0.3888,0.3889,0.3891,0.3892,0.3894,0.3895,0.3897,0.3898,0.39,0.3901,0.391,0.3938,0.3967,0.3996,0.4025,0.4055,0.4086,0.4126,0.4219,0.431,0.4355,0.44,0.4447,0.4472,0.4456,0.4439,0.4423,0.4406,0.439,0.4374,0.4358,0.4342,0.4326,0.4311,0.4295,0.428,0.4265,0.4249,0.4234,0.4219,0.4204,0.419,0.4176,0.4163,0.416,0.4159,0.4157,0.4155,0.4152,0.4158,0.4165,0.4172,0.4178,0.4185,0.4192,0.4198,0.4204,0.4209,0.4214,0.4219,0.4224,0.4228,0.4233,0.4238,0.4243,0.4248,0.4253,0.4258,0.4263,0.4269,0.4274,0.4279,0.4285,0.429,0.4296,0.4301,0.4296,0.4286,0.4275,0.4265,0.4254,0.4249,0.4244,0.4239,0.4235,0.423,0.4225,0.4221,0.4218,0.4219,0.4221,0.4223,0.4224,0.4226,0.4227,0.4229,0.4231,0.4232,0.4234,0.4236,0.4237,0.4239,0.4241,0.4242,0.4244,0.4246,0.4249,0.4251,0.4254,0.4256,0.4259,0.4261,0.4264,0.4266,0.4269,0.4271,0.4274,0.4275,0.4276,0.4277,0.4278,0.4279,0.4279,0.428,0.4281,0.4282,0.4282,0.4283,0.4284,0.4285,0.4286,0.4286,0.4287,0.4288,0.4289,0.429,0.429,0.4291,0.4292,0.4292,0.4292,0.4291,0.4291,0.429,0.429,0.4289,0.4289,0.4288,0.4288,0.4287,0.4287,0.4286,0.4286,0.4313,0.4343,0.4374,0.4386,0.4389,0.4392,0.4395,0.4398,0.4401,0.4404,0.4407,0.441,0.4413,0.4417,0.442,0.4423,0.4426,0.4429,0.4432,0.4435,0.4438,0.4441,0.4444,0.4448,0.4451,0.4454,0.4457,0.446,0.4463,0.4466
0.4519,0.4544,0.4568,0.4593,0.4619,0.4645,0.467,0.4697,0.4729,0.4764,0.4799,0.4837,0.4868,0.4899,0.4931,0.4963,0.4996,0.5029,0.5062,0.5088,0.5107,0.5126,0.5145,0.5164,0.5184,0.5203,0.5265,0.6008,0.6007,0.6007,0.6009,0.5606,0.5165,0.5165,0.5164,0.5163,0.516,0.5155,0.5151,0.5147,0.5141,0.5135,0.5129,0.5123,0.5117,0.5111,0.5104,0.5098,0.5092,0.5086,0.508,0.5074,0.511,0.4758,0.4711,0.4703,0.4705,0.4706,0.4707,0.4122,0.388,0.3879,0.3877,0.3875,0.3875,0.3876,0.3878,0.3879,0.3881,0.3882,0.3884,0.3885,0.3887,0.3888,0.389,0.3891,0.3893,0.3894,0.3896,0.3897,0.3899,0.39,0.3902,0.3903,0.3928,0.3956,0.3985,0.4015,0.4044,0.4075,0.4105,0.4171,0.4266,0.4339,0.4384,0.443,0.4478,0.4465,0.4448,0.4432,0.4415,0.4399,0.4383,0.4367,0.4351,0.4335,0.4319,0.4304,0.4288,0.4273,0.4258,0.4243,0.4228,0.4213,0.4198,0.4183,0.4169,0.4161,0.416,0.4159,0.4156,0.4163,0.4169,0.4176,0.4183,0.4189,0.4196,0.4203,0.4209,0.4215,0.422,0.4224,0.4229,0.4234,0.4239,0.4244,0.4249,0.4254,0.4259,0.4264,0.4269,0.4275,0.428,0.4285,0.4291,0.4296,0.4298,0.4288,0.4277,0.4267,0.4256,0.4251,0.4247,0.4242,0.4237,0.4232,0.4228,0.4223,0.4218,0.4218,0.422,0.4222,0.4223,0.4225,0.4227,0.4228,0.423,0.4232,0.4233,0.4235,0.4236,0.4238,0.424,0.4241,0.4243,0.4245,0.4246,0.4249,0.4251,0.4254,0.4256,0.4259,0.4261,0.4264,0.4266,0.4269,0.4271,0.4274,0.4276,0.4279,0.428,0.4281,0.4282,0.4283,0.4284,0.4284,0.4285,0.4286,0.4287,0.4288,0.4288,0.4289,0.429,0.4291,0.4292,0.4292,0.4293,0.4294,0.4295,0.4296,0.4295,0.4295,0.4294,0.4294,0.4293,0.4293,0.4292,0.4292,0.4291,0.4291,0.429,0.4289,0.4289,0.4289,0.4288,0.4288,0.4304,0.4334,0.4364,0.4387,0.439,0.4393,0.4396,0.4399,0.4402,0.4405,0.4408,0.4411,0.4414,0.4417,0.442,0.4424,0.4427,0.443,0.4433,0.4436,0.4439,0.4442,0.4445,0.4448,0.4452,0.4455,0.4458,0.4461,0.4464,0.4467
0.4531,0.4555,0.458,0.4606,0.4631,0.4657,0.4683,0.4709,0.4739,0.4774,0.481,0.484,0.4859,0.4879,0.4899,0.4919,0.4939,0.496,0.4986,0.5019,0.5052,0.5086,0.5118,0.5137,0.5156,0.5176,0.5208,0.529,0.6005,0.5208,0.5165,0.5165,0.5164,0.5163,0.5163,0.5162,0.5158,0.5153,0.5149,0.5145,0.5141,0.5136,0.5132,0.5126,0.512,0.5114,0.5108,0.5101,0.5095,0.5089,0.5083,0.5077,0.5101,0.4772,0.472,0.4705,0.4706,0.4707,0.4709,0.4218,0.408,0.3879,0.3878,0.3875,0.3875,0.3877,0.3878,0.388,0.3881,0.3883,0.3884,0.3886,0.3887,0.3889,0.389,0.3892,0.3893,0.3895,0.3897,0.3898,0.39,0.3901,0.3903,0.3904,0.3918,0.3946,0.3975,0.4004,0.4034,0.4064,0.4094,0.4125,0.4217,0.4314,0.4368,0.4414,0.4461,0.4474,0.4457,0.4441,0.4424,0.4408,0.4392,0.4375,0.4359,0.4344,0.4328,0.4312,0.4297,0.4281,0.4266,0.4251,0.4236,0.4221,0.4206,0.4191,0.4176,0.4163,0.4162,0.416,0.4167,0.4174,0.418,0.4187,0.4194,0.42,0.4207,0.4214,0.422,0.4225,0.423,0.4235,0.424,0.4245,0.425,0.4255,0.426,0.4265,0.427,0.4275,0.4281,0.4286,0.4292,0.4297,0.429,0.4279,0.4268,0.4259,0.4254,0.4249,0.4244,0.424,0.4235,0.423,0.4226,0.4221,0.4218,0.4219,0.4221,0.4223,0.4224,0.4226,0.4227,0.4229,0.4231,0.4232,0.4234,0.4236,0.4237,0.4239,0.4241,0.4242,0.4244,0.4246,0.4247,0.4249,0.4251,0.4254,0.4256,0.4259,0.4261,0.4264,0.4266,0.4269,0.4271,0.4274,0.4276,0.4279,0.4282,0.4284,0.4286,0.4286,0.4287,0.4288,0.4289,0.429,0.429,0.4291,0.4292,0.4293,0.4294,0.4294,0.4295,0.4296,0.4297,0.4298,0.4298,0.4299,0.4298,0.4298,0.4297,0.4297,0.4296,0.4296,0.4295,0.4295,0.4294,0.4294,0.4293,0.4292,0.4292,0.4291,0.4291,0.4291,0.429,0.429,0.4295,0.4324,0.4355,0.4385,0.4391,0.4394,0.4397,0.44,0.4403,0.4406,0.4409,0.4412,0.4415,0.4418,0.4421,0.4424,0.4428,0.4431,0.4434,0.4437,0.444,0.4443,0.4446,0.4449,0.4452,0.4456,0.4459,0.4462,0.4465,0.4468
0.4542,0.4567,0.4592,0.4618,0.4643,0.4669,0.4696,0.4722,0.475,0.4785,0.4821,0.4847,0.4866,0.4885,0.4905,0.4925,0.4945,0.4966,0.4986,0.5007,0.5028,0.5049,0.507,0.5092,0.5114,0.5144,0.5168,0.5168,0.5165,0.5165,0.5164,0.5163,0.5163,0.5162,0.5161,0.516,0.5155,0.5151,0.5147,0.5143,0.5138,0.5134,0.513,0.5126,0.5122,0.5117,0.5111,0.5104,0.5098,0.5092,0.5086,0.508,0.5074,0.4786,0.4729,0.4712,0.4707,0.4709,0.471,0.4711,0.4202,0.3988,0.3878,0.3876,0.3876,0.3878,0.3879,0.3881,0.3882,0.3884,0.3885,0.3887,0.3888,0.389,0.3891,0.3893,0.3894,0.3896,0.3897,0.3899,0.39,0.3902,0.3903,0.3905,0.3908,0.3936,0.3964,0.3993,0.4023,0.4053,0.4083,0.4114,0.417,0.4265,0.4352,0.4398,0.4444,0.4483,0.4466,0.445,0.4433,0.4417,0.44,0.4384,0.4368,0.4352,0.4336,0.4321,0.4305,0.429,0.4274,0.4259,0.4244,0.4229,0.4214,0.4199,0.4184,0.417,0.4165,0.4171,0.4178,0.4185,0.4191,0.4198,0.4205,0.4211,0.4218,0.4225,0.4231,0.4236,0.4241,0.4246,0.4251,0.4255,0.426,0.4265,0.4271,0.4276,0.4281,0.4287,0.4292,0.4292,0.4281,0.427,0.4261,0.4257,0.4252,0.4247,0.4242,0.4238,0.4233,0.4228,0.4223,0.4219,0.4219,0.422,0.4222,0.4223,0.4225,0.4227,0.4228,0.423,0.4232,0.4233,0.4235,0.4237,0.4238,0.424,0.4241,0.4243,0.4245,0.4246,0.4248,0.425,0.4251,0.4254,0.4256,0.4259,0.4261,0.4264,0.4266,0.4269,0.4271,0.4274,0.4276,0.4279,0.4282,0.4284,0.4287,0.4289,0.4291,0.4291,0.4292,0.4293,0.4294,0.4295,0.4295,0.4296,0.4297,0.4298,0.4299,0.4299,0.43,0.4301,0.4302,0.4302,0.4301,0.4301,0.43,0.43,0.4299,0.4299,0.4298,0.4298,0.4297,0.4297,0.4296,0.4296,0.4295,0.4294,0.4294,0.4293,0.4293,0.4293,0.4292,0.4292,0.4291,0.4315,0.4345,0.4376,0.4392,0.4395,0.4398,0.4401,0.4404,0.4407,0.441,0.4413,0.4416,0.4419,0.4422,0.4425,0.4428,0.4431,0.4435,0.4438,0.4441,0.4444,0.4447,0.445,0.4453,0.4456,0.446,0.4463,0.4466,0.4469
0.4489,0.4554,0.4604,0.463,0.4656,0.4682,0.4708,0.4735,0.4762,0.4796,0.4832,0.4853,0.4872,0.4892,0.4911,0.4931,0.4951,0.4972,0.4993,0.5013,0.5034,0.5056,0.5077,0.5098,0.512,0.5142,0.5163,0.5165,0.5164,0.5163,0.5163,0.5162,0.5161,0.5161,0.516,0.5158,0.5153,0.5149,0.5145,0.5141,0.5136,0.5132,0.5128,0.5124,0.5119,0.5115,0.5111,0.5107,0.5101,0.5095,0.5089,0.5083,0.5077,0.48,0.4738,0.4721,0.4709,0.471,0.4712,0.4713,0.4285,0.4159,0.3953,0.3876,0.3877,0.3878,0.388,0.3881,0.3883,0.3884,0.3886,0.3887,0.3889,0.389,0.3892,0.3893,0.3895,0.3896,0.3898,0.3899,0.3901,0.3902,0.3904,0.3905,0.3907,0.3925,0.3954,0.3983,0.4012,0.4042,0.4072,0.4103,0.4134,0.4216,0.4313,0.4382,0.4428,0.4475,0.4475,0.4459,0.4442,0.4426,0.4409,0.4393,0.4377,0.4361,0.4345,0.4329,0.4314,0.4298,0.4283,0.4267,0.4252,0.4237,0.4222,0.4207,0.4193,0.418,0.4178,0.4182,0.4189,0.4196,0.4202,0.4209,0.4216,0.4223,0.4229,0.4236,0.4241,0.4246,0.4251,0.4256,0.4261,0.4266,0.4271,0.4277,0.4282,0.4287,0.4293,0.4283,0.4272,0.4264,0.4259,0.4254,0.425,0.4245,0.424,0.4235,0.4231,0.4226,0.4221,0.4218,0.4219,0.4221,0.4223,0.4224,0.4226,0.4228,0.4229,0.4231,0.4232,0.4234,0.4236,0.4237,0.4239,0.4241,0.4242,0.4244,0.4246,0.4247,0.4249,0.4251,0.4252,0.4254,0.4256,0.4259,0.4261,0.4264,0.4266,0.4269,0.4272,0.4274,0.4277,0.4279,0.4282,0.4284,0.4287,0.4289,0.4292,0.4294,0.4296,0.4297,0.4297,0.4298,0.4299,0.43,0.4301,0.4301,0.4302,0.4303,0.4304,0.4305,0.4305,0.4305,0.4304,0.4304,0.4303,0.4303,0.4302,0.4302,0.4301,0.4301,0.43,0.43,0.4299,0.4299,0.4298,0.4297,0.4297,0.4296,0.4296,0.4295,0.4295,0.4295,0.4294,0.4294,0.4293,0.4306,0.4336,0.4366,0.4392,0.4395,0.4398,0.4402,0.4405,0.4408,0.4411,0.4414,0.4417,0.442,0.4423,0.4426,0.4429,0.4432,0.4435,0.4439,0.4442,0.4445,0.4448,0.4451,0.4454,0.4457,0.446,0.4464,0.4467,0.447
0.4471,0.4488,0.4549,0.4616,0.4668,0.4694,0.4721,0.4748,0.4775,0.4807,0.484,0.4859,0.4879,0.4898,0.4918,0.4937,0.4958,0.4978,0.4999,0.502,0.5041,0.5062,0.5083,0.5105,0.5127,0.5147,0.5168,0.5163,0.5163,0.5162,0.5161,0.5161,0.516,0.5159,0.5159,0.5155,0.5151,0.5147,0.5143,0.5138,0.5134,0.513,0.5126,0.5122,0.5117,0.5113,0.5109,0.5105,0.5101,0.5096,0.5092,0.5086,0.508,0.4814,0.4747,0.473,0.4713,0.4712,0.4713,0.4714,0.4716,0.4269,0.4021,0.3876,0.3877,0.3879,0.388,0.3882,0.3883,0.3885,0.3886,0.3888,0.3889,0.3891,0.3892,0.3894,0.3895,0.3897,0.3898,0.39,0.3901,0.3903,0.3904,0.3906,0.3907,0.3915,0.3944,0.3972,0.4001,0.4031,0.4061,0.4091,0.4122,0.4168,0.4263,0.4362,0.4412,0.4459,0.4485,0.4468,0.4451,0.4435,0.4418,0.4402,0.4386,0.437,0.4354,0.4338,0.4322,0.4307,0.4291,0.4276,0.4261,0.4245,0.423,0.4215,0.4203,0.4194,0.4196,0.4198,0.42,0.4207,0.4213,0.422,0.4227,0.4234,0.4241,0.4247,0.4252,0.4257,0.4262,0.4267,0.4272,0.4277,0.4283,0.4288,0.4285,0.4274,0.4266,0.4262,0.4257,0.4252,0.4247,0.4243,0.4238,0.4233,0.4229,0.4224,0.4219,0.4219,0.422,0.4222,0.4223,0.4225,0.4227,0.4228,0.423,0.4232,0.4233,0.4235,0.4237,0.4238,0.424,0.4242,0.4243,0.4245,0.4246,0.4248,0.425,0.4251,0.4253,0.4255,0.4256,0.4259,0.4261,0.4264,0.4267,0.4269,0.4272,0.4274,0.4277,0.4279,0.4282,0.4284,0.4287,0.4289,0.4292,0.4294,0.4297,0.43,0.4301,0.4302,0.4303,0.4303,0.4304,0.4305,0.4306,0.4307,0.4307,0.4308,0.4309,0.4308,0.4308,0.4307,0.4306,0.4306,0.4305,0.4305,0.4304,0.4304,0.4303,0.4303,0.4302,0.4302,0.4301,0.43,0.43,0.4299,0.4299,0.4298,0.4298,0.4297,0.4297,0.4296,0.4296,0.4296,0.4295,0.4295,0.4326,0.4356,0.4387,0.4396,0.4399,0.4402,0.4405,0.4408,0.4412,0.4415,0.4418,0.4421,0.4424,0.4427,0.443,0.4433,0.4436,0.4439,0.4443,0.4446,0.4449,0.4452,0.4455,0.4458,0.4461,0.4464,0.4468,0.4471
0.4464,0.4471,0.449,0.4543,0.461,0.4678,0.4734,0.4761,0.4788,0.4819,0.4847,0.4866,0.4885,0.4905,0.4924,0.4944,0.4964,0.4984,0.5005,0.5026,0.5047,0.5068,0.509,0.5111,0.5132,0.5152,0.5173,0.5169,0.5161,0.5161,0.516,0.5159,0.5159,0.5158,0.5157,0.5153,0.5149,0.5145,0.514,0.5136,0.5132,0.5128,0.5124,0.5119,0.5115,0.5111,0.5107,0.5103,0.5098,0.5094,0.509,0.5086,0.5082,0.4828,0.4756,0.4739,0.4722,0.4713,0.4714,0.4716,0.4717,0.4355,0.4241,0.3876,0.3877,0.3879,0.3881,0.3882,0.3884,0.3885,0.3887,0.3888,0.389,0.3891,0.3893,0.3894,0.3896,0.3898,0.3899,0.3901,0.3902,0.3904,0.3905,0.3907,0.3908,0.391,0.3933,0.3962,0.3991,0.402,0.405,0.408,0.4111,0.4142,0.4214,0.4312,0.4396,0.4442,0.449,0.4477,0.446,0.4444,0.4427,0.4411,0.4395,0.4379,0.4363,0.4347,0.4331,0.4315,0.43,0.4284,0.4269,0.4254,0.4239,0.4227,0.4218,0.4208,0.4211,0.4215,0.4218,0.422,0.4225,0.4231,0.4238,0.4245,0.4252,0.4258,0.4263,0.4268,0.4273,0.4278,0.4283,0.4287,0.4276,0.4269,0.4264,0.426,0.4255,0.425,0.4245,0.4241,0.4236,0.4231,0.4226,0.4222,0.4218,0.4219,0.4221,0.4223,0.4224,0.4226,0.4228,0.4229,0.4231,0.4233,0.4234,0.4236,0.4237,0.4239,0.4241,0.4242,0.4244,0.4246,0.4247,0.4249,0.4251,0.4252,0.4254,0.4256,0.4257,0.4259,0.4262,0.4264,0.4267,0.4269,0.4272,0.4274,0.4277,0.4279,0.4282,0.4284,0.4287,0.4289,0.4292,0.4295,0.4297,0.43,0.4302,0.4305,0.4306,0.4307,0.4308,0.4309,0.4309,0.431,0.4311,0.4312,0.4312,0.4311,0.4311,0.431,0.431,0.4309,0.4308,0.4308,0.4307,0.4307,0.4306,0.4306,0.4305,0.4305,0.4304,0.4304,0.4303,0.4302,0.4302,0.4301,0.4301,0.43,0.43,0.4299,0.4299,0.4298,0.4298,0.4298,0.4297,0.4297,0.4317,0.4347,0.4377,0.4397,0.44,0.4403,0.4406,0.4409,0.4412,0.4415,0.4419,0.4422,0.4425,0.4428,0.4431,0.4434,0.4437,0.444,0.4443,0.4446,0.445,0.4453,0.4456,0.4459,0.4462,0.4465,0.4468,0.4472
0.4456,0.4463,0.4473,0.4492,0.4537,0.4603,0.4672,0.4743,0.4801,0.483,0.4853,0.4872,0.4892,0.4911,0.4931,0.4951,0.4971,0.4991,0.5011,0.5032,0.5054,0.5075,0.5096,0.5116,0.5136,0.5157,0.5178,0.5175,0.516,0.5159,0.5159,0.5158,0.5157,0.5157,0.5155,0.5151,0.5147,0.5143,0.5138,0.5134,0.513,0.5126,0.5121,0.5117,0.5113,0.5109,0.5105,0.5101,0.5096,0.5092,0.5088,0.5084,0.508,0.4843,0.4765,0.4748,0.4731,0.4715,0.4716,0.4717,0.4719,0.4445,0.4337,0.3876,0.3877,0.3879,0.3881,0.3883,0.3885,0.3886,0.3888,0.3889,0.3891,0.3892,0.3894,0.3895,0.3897,0.3898,0.39,0.3901,0.3903,0.3904,0.3906,0.3907,0.3909,0.391,0.3923,0.3951,0.398,0.4009,0.4039,0.4069,0.41,0.4131,0.4167,0.4262,0.4361,0.4426,0.4473,0.4486,0.4469,0.4453,0.4436,0.442,0.4404,0.4387,0.4371,0.4355,0.4339,0.4324,0.4308,0.4293,0.4277,0.4262,0.4252,0.4242,0.4232,0.4223,0.4226,0.4233,0.4235,0.4238,0.424,0.4243,0.425,0.4256,0.4263,0.4269,0.4274,0.4279,0.4284,0.4278,0.4272,0.4267,0.4262,0.4257,0.4253,0.4248,0.4243,0.4238,0.4234,0.4229,0.4224,0.422,0.4219,0.422,0.4222,0.4224,0.4225,0.4227,0.4228,0.423,0.4232,0.4233,0.4235,0.4237,0.4238,0.424,0.4242,0.4243,0.4245,0.4247,0.4248,0.425,0.4251,0.4253,0.4255,0.4256,0.4258,0.426,0.4262,0.4264,0.4267,0.4269,0.4272,0.4274,0.4277,0.4279,0.4282,0.4284,0.4287,0.4289,0.4292,0.4295,0.4297,0.43,0.4302,0.4305,0.4307,0.431,0.4311,0.4312,0.4313,0.4314,0.4314,0.4315,0.4315,0.4314,0.4314,0.4313,0.4313,0.4312,0.4311,0.4311,0.431,0.431,0.4309,0.4309,0.4308,0.4308,0.4307,0.4307,0.4306,0.4305,0.4305,0.4304,0.4304,0.4303,0.4303,0.4302,0.4302,0.4301,0.4301,0.43,0.43,0.43,0.4299,0.4299,0.4307,0.4337,0.4368,0.4398,0.4401,0.4404,0.4407,0.441,0.4413,0.4416,0.4419,0.4422,0.4426,0.4429,0.4432,0.4435,0.4438,0.4441,0.4444,0.4447,0.445,0.4454,0.4457,0.446,0.4463,0.4466,0.4469,0.4472
0.4449,0.4456,0.4463,0.4474,0.4494,0.4531,0.4597,0.4666,0.4737,0.4809,0.4859,0.4879,0.4898,0.4918,0.4937,0.4957,0.4977,0.4998,0.5018,0.5039,0.506,0.508,0.51,0.5121,0.5141,0.5162,0.5183,0.5182,0.5161,0.5158,0.5157,0.5157,0.5156,0.5155,0.5153,0.5149,0.5145,0.514,0.5136,0.5132,0.5128,0.5124,0.5119,0.5115,0.5111,0.5107,0.5103,0.5098,0.5094,0.509,0.5086,0.5084,0.5083,0.4857,0.4774,0.4757,0.474,0.4724,0.4689,0.4646,0.4603,0.4561,0.3874,0.3876,0.3877,0.3879,0.3881,0.3883,0.3885,0.3887,0.3888,0.389,0.3891,0.3893,0.3894,0.3896,0.3897,0.3899,0.39,0.3902,0.3903,0.3905,0.3906,0.3908,0.3909,0.3911,0.3913,0.3941,0.397,0.3999,0.4028,0.4058,0.4089,0.412,0.4151,0.4213,0.431,0.4409,0.4456,0.4496,0.4479,0.4462,0.4445,0.4429,0.4412,0.4396,0.438,0.4364,0.4348,0.4332,0.4317,0.4301,0.4286,0.4276,0.4266,0.4257,0.4247,0.4237,0.4241,0.4251,0.4253,0.4256,0.4258,0.426,0.4262,0.4268,0.4274,0.4279,0.428,0.4274,0.427,0.4265,0.426,0.4255,0.425,0.4246,0.4241,0.4236,0.4232,0.4227,0.4222,0.4218,0.422,0.4221,0.4223,0.4224,0.4226,0.4228,0.4229,0.4231,0.4233,0.4234,0.4236,0.4238,0.4239,0.4241,0.4242,0.4244,0.4246,0.4247,0.4249,0.4251,0.4252,0.4254,0.4256,0.4257,0.4259,0.4261,0.4262,0.4264,0.4267,0.4269,0.4272,0.4274,0.4277,0.4279,0.4282,0.4284,0.4287,0.429,0.4292,0.4295,0.4297,0.43,0.4302,0.4305,0.4307,0.431,0.4313,0.4315,0.4316,0.4317,0.4318,0.4318,0.4318,0.4317,0.4317,0.4316,0.4316,0.4315,0.4315,0.4314,0.4313,0.4313,0.4312,0.4312,0.4311,0.4311,0.431,0.431,0.4309,0.4309,0.4308,0.4307,0.4307,0.4306,0.4306,0.4305,0.4305,0.4304,0.4304,0.4303,0.4303,0.4302,0.4302,0.4302,0.4301,0.4301,0.43,0.4328,0.4358,0.4389,0.4402,0.4405,0.4408,0.4411,0.4414,0.4417,0.442,0.4423,0.4426,0.443,0.4433,0.4436,0.4439,0.4442,0.4445,0.4448,0.4451,0.4454,0.4458,0.4461,0.4464,0.4467,0.447,0.4473
0.4442,0.4449,0.4456,0.4462,0.4476,0.4495,0.4525,0.4591,0.466,0.4733,0.4824,0.4885,0.4904,0.4924,0.4944,0.4964,0.4984,0.5004,0.5025,0.5046,0.5065,0.5085,0.5105,0.5126,0.5146,0.5167,0.5188,0.5188,0.5168,0.5157,0.5156,0.5156,0.5155,0.5154,0.5151,0.5147,0.5143,0.5138,0.5134,0.513,0.5126,0.5121,0.5117,0.5113,0.5109,0.5105,0.5101,0.5096,0.5092,0.5091,0.5089,0.5088,0.5087,0.5085,0.4783,0.4766,0.4749,0.4717,0.4672,0.4628,0.4585,0.4554,0.3874,0.3876,0.3877,0.3879,0.3881,0.3883,0.3885,0.3887,0.3889,0.389,0.3892,0.3893,0.3895,0.3896,0.3898,0.3899,0.3901,0.3902,0.3904,0.3905,0.3907,0.3909,0.391,0.3912,0.3913,0.3931,0.3959,0.3988,0.4018,0.4047,0.4078,0.4108,0.414,0.4171,0.426,0.4359,0.444,0.4487,0.4488,0.4471,0.4454,0.4438,0.4421,0.4405,0.4389,0.4373,0.4357,0.4341,0.4325,0.4311,0.4301,0.4291,0.4281,0.4271,0.4262,0.4252,0.4257,0.4268,0.4272,0.4274,0.4276,0.4278,0.428,0.4282,0.4277,0.4272,0.4267,0.4263,0.4258,0.4253,0.4248,0.4244,0.4239,0.4234,0.4229,0.4225,0.422,0.4219,0.422,0.4222,0.4224,0.4225,0.4227,0.4229,0.423,0.4232,0.4233,0.4235,0.4237,0.4238,0.424,0.4242,0.4243,0.4245,0.4247,0.4248,0.425,0.4252,0.4253,0.4255,0.4256,0.4258,0.426,0.4261,0.4263,0.4265,0.4267,0.4269,0.4272,0.4274,0.4277,0.4279,0.4282,0.4285,0.4287,0.429,0.4292,0.4295,0.4297,0.43,0.4302,0.4305,0.4308,0.431,0.4313,0.4315,0.4318,0.432,0.4322,0.4321,0.4321,0.432,0.432,0.4319,0.4319,0.4318,0.4318,0.4317,0.4316,0.4316,0.4315,0.4315,0.4314,0.4314,0.4313,0.4313,0.4312,0.4312,0.4311,0.431,0.431,0.4309,0.4309,0.4308,0.4308,0.4307,0.4307,0.4306,0.4306,0.4305,0.4305,0.4304,0.4304,0.4304,0.4303,0.4303,0.4302,0.4319,0.4349,0.4379,0.4403,0.4406,0.4409,0.4412,0.4415,0.4418,0.4421,0.4424,0.4427,0.443,0.4433,0.4437,0.444,0.4443,0.4446,0.4449,0.4452,0.4455,0.4458,0.4462,0.4465,0.4468,0.4471,0.4474
0.4431,0.4441,0.4448,0.4455,0.4462,0.4478,0.4497,0.4519,0.4585,0.4659,0.4748,0.484,0.4911,0.493,0.495,0.497,0.499,0.5011,0.5031,0.5058,0.5079,0.509,0.511,0.513,0.5151,0.5172,0.5193,0.5194,0.5174,0.5156,0.5155,0.5154,0.5154,0.5153,0.5149,0.5145,0.514,0.5136,0.5132,0.5128,0.5124,0.5119,0.5115,0.5111,0.5107,0.5103,0.5099,0.5097,0.5096,0.5095,0.5093,0.5092,0.509,0.5089,0.4792,0.4775,0.4745,0.4699,0.4655,0.4628,0.4601,0.3872,0.3874,0.3876,0.3877,0.3879,0.3881,0.3883,0.3885,0.3887,0.3889,0.3891,0.3892,0.3894,0.3896,0.3897,0.3899,0.39,0.3902,0.3903,0.3905,0.3906,0.3908,0.3909,0.3911,0.3912,0.3914,0.3921,0.3949,0.3978,0.4007,0.4037,0.4067,0.4097,0.4128,0.416,0.4212,0.4309,0.441,0.447,0.4497,0.448,0.4463,0.4447,0.443,0.4414,0.4398,0.4382,0.4366,0.435,0.4336,0.4326,0.4316,0.4306,0.4296,0.4286,0.4276,0.4266,0.4273,0.4284,0.429,0.4292,0.4294,0.4296,0.4286,0.427,0.4265,0.426,0.4256,0.4251,0.4246,0.4241,0.4237,0.4232,0.4227,0.4223,0.4218,0.422,0.4221,0.4223,0.4224,0.4226,0.4228,0.4229,0.4231,0.4233,0.4234,0.4236,0.4238,0.4239,0.4241,0.4242,0.4244,0.4246,0.4247,0.4249,0.4251,0.4252,0.4254,0.4256,0.4257,0.4259,0.4261,0.4262,0.4264,0.4266,0.4267,0.4269,0.4272,0.4274,0.4277,0.4279,0.4282,0.4285,0.4287,0.429,0.4292,0.4295,0.4297,0.43,0.4302,0.4305,0.4308,0.431,0.4313,0.4315,0.4318,0.432,0.4323,0.4324,0.4324,0.4323,0.4323,0.4322,0.4322,0.4321,0.4321,0.432,0.432,0.4319,0.4318,0.4318,0.4317,0.4317,0.4316,0.4316,0.4315,0.4315,0.4314,0.4314,0.4313,0.4312,0.4312,0.4311,0.4311,0.431,0.431,0.4309,0.4309,0.4308,0.4308,0.4307,0.4307,0.4306,0.4306,0.4306,0.4305,0.4305,0.4304,0.4308,0.4339,0.437,0.44,0.4407,0.441,0.4413,0.4416,0.4419,0.4422,0.4425,0.4428,0.4431,0.4434,0.4437,0.4441,0.4444,0.4447,0.445,0.4453,0.4456,0.4459,0.4462,0.4466,0.4469,0.4472,0.4475
0.4394,0.4407,0.4421,0.4434,0.4448,0.4462,0.4479,0.4499,0.4518,0.4587,0.4673,0.4763,0.4855,0.4936,0.4956,0.4976,0.4997,0.5017,0.5038,0.5069,0.5106,0.5107,0.5115,0.5135,0.5156,0.5177,0.5198,0.52,0.518,0.516,0.5154,0.5153,0.5152,0.5151,0.5147,0.5143,0.5138,0.5134,0.513,0.5126,0.5121,0.5117,0.5113,0.5109,0.5105,0.5104,0.5102,0.5101,0.51,0.5098,0.5097,0.5096,0.5094,0.5093,0.4801,0.4773,0.4732,0.4704,0.4676,0.4648,0.4621,0.3872,0.3874,0.3876,0.3878,0.3879,0.3881,0.3883,0.3885,0.3887,0.3889,0.3891,0.3893,0.3894,0.3896,0.3898,0.3899,0.3901,0.3902,0.3904,0.3905,0.3907,0.3908,0.391,0.3911,0.3913,0.3914,0.3916,0.3939,0.3967,0.3996,0.4026,0.4056,0.4086,0.4117,0.4148,0.418,0.4259,0.4358,0.4454,0.4502,0.4489,0.4473,0.4456,0.4439,0.4423,0.4407,0.439,0.4374,0.4362,0.4352,0.4342,0.4331,0.4321,0.4311,0.4301,0.4291,0.4281,0.4288,0.43,0.4308,0.4311,0.4303,0.4286,0.4268,0.4258,0.4254,0.4249,0.4244,0.4239,0.4235,0.423,0.4225,0.4221,0.4219,0.422,0.4222,0.4224,0.4225,0.4227,0.4229,0.423,0.4232,0.4234,0.4235,0.4237,0.4238,0.424,0.4242,0.4243,0.4245,0.4247,0.4248,0.425,0.4252,0.4253,0.4255,0.4257,0.4258,0.426,0.4262,0.4263,0.4265,0.4267,0.4268,0.427,0.4272,0.4274,0.4277,0.428,0.4282,0.4285,0.4287,0.429,0.4292,0.4295,0.4297,0.43,0.4303,0.4305,0.4308,0.431,0.4313,0.4315,0.4318,0.4321,0.4322,0.4323,0.4324,0.4325,0.4326,0.4325,0.4325,0.4324,0.4324,0.4323,0.4323,0.4322,0.4322,0.4321,0.432,0.432,0.4319,0.4319,0.4318,0.4318,0.4317,0.4317,0.4316,0.4316,0.4315,0.4314,0.4314,0.4313,0.4313,0.4312,0.4312,0.4311,0.4311,0.431,0.431,0.4309,0.4309,0.4308,0.4308,0.4308,0.4307,0.4307,0.4306,0.4306,0.433,0.436,0.4391,0.4407,0.441,0.4414,0.4417,0.442,0.4423,0.4426,0.4429,0.4432,0.4435,0.4438,0.4441,0.4445,0.4448,0.4451,0.4454,0.4457,0.446,0.4463,0.4466,0.447,0.4473,0.4476
0.4386,0.4398,0.4412,0.4425,0.4439,0.4453,0.4468,0.4487,0.4506,0.4528,0.4599,0.4688,0.4777,0.4871,0.4963,0.4983,0.5003,0.5024,0.5044,0.5081,0.5122,0.5135,0.5136,0.514,0.5161,0.5182,0.5203,0.5207,0.5186,0.5166,0.5152,0.5152,0.5151,0.5149,0.5145,0.514,0.5136,0.5132,0.5128,0.5124,0.5119,0.5115,0.5112,0.511,0.5109,0.5108,0.5106,0.5105,0.5104,0.5102,0.5101,0.5099,0.5098,0.5097,0.4812,0.4783,0.4754,0.4725,0.4697,0.4669,0.387,0.3872,0.3874,0.3876,0.3878,0.3879,0.3881,0.3883,0.3885,0.3887,0.3889,0.3891,0.3893,0.3894,0.3896,0.3898,0.39,0.3901,0.3903,0.3904,0.3906,0.3907,0.3909,0.391,0.3912,0.3913,0.3915,0.3917,0.3928,0.3957,0.3986,0.4015,0.4045,0.4075,0.4106,0.4137,0.4168,0.421,0.4307,0.4409,0.4485,0.4499,0.4482,0.4465,0.4448,0.4432,0.4415,0.4399,0.4388,0.4378,0.4367,0.4357,0.4347,0.4336,0.4326,0.4316,0.4306,0.4296,0.4304,0.4316,0.4321,0.4303,0.4285,0.4268,0.4251,0.4247,0.4242,0.4237,0.4232,0.4228,0.4223,0.4218,0.422,0.4221,0.4223,0.4225,0.4226,0.4228,0.4229,0.4231,0.4233,0.4234,0.4236,0.4238,0.4239,0.4241,0.4243,0.4244,0.4246,0.4248,0.4249,0.4251,0.4252,0.4254,0.4256,0.4257,0.4259,0.4261,0.4262,0.4264,0.4266,0.4267,0.4269,0.4271,0.4272,0.4275,0.4277,0.428,0.4282,0.4285,0.4287,0.429,0.4292,0.4295,0.4297,0.43,0.4303,0.4305,0.4308,0.431,0.4313,0.4315,0.4318,0.432,0.4321,0.4322,0.4323,0.4324,0.4326,0.4327,0.4328,0.4327,0.4327,0.4326,0.4326,0.4325,0.4325,0.4324,0.4323,0.4323,0.4322,0.4322,0.4321,0.4321,0.432,0.432,0.4319,0.4319,0.4318,0.4317,0.4317,0.4316,0.4316,0.4315,0.4315,0.4314,0.4314,0.4313,0.4313,0.4312,0.4312,0.4311,0.4311,0.431,0.431,0.431,0.4309,0.4309,0.4308,0.4308,0.432,0.4351,0.4381,0.4408,0.4411,0.4414,0.4417,0.4421,0.4424,0.4427,0.443,0.4433,0.4436,0.4439,0.4442,0.4445,0.4448,0.4452,0.4455,0.4458,0.4461,0.4464,0.4467,0.447,0.4474,0.4477
0.4385,0.4393,0.4405,0.4418,0.4432,0.4446,0.446,0.4477,0.4496,0.4515,0.4548,0.4592,0.4688,0.4793,0.4886,0.4984,0.5009,0.503,0.5052,0.5093,0.5133,0.5163,0.5164,0.5165,0.5166,0.5187,0.5208,0.5213,0.5193,0.5172,0.5152,0.515,0.515,0.5147,0.5143,0.5138,0.5134,0.513,0.5126,0.5121,0.5118,0.5117,0.5116,0.5114,0.5113,0.5112,0.511,0.5109,0.5107,0.5106,0.5105,0.5103,0.5102,0.51,0.5099,0.4805,0.4776,0.4747,0.4719,0.4691,0.387,0.3872,0.3874,0.3876,0.3878,0.3879,0.3881,0.3883,0.3885,0.3887,0.3889,0.3891,0.3893,0.3894,0.3896,0.3898,0.39,0.3902,0.3903,0.3905,0.3906,0.3908,0.391,0.3911,0.3913,0.3914,0.3916,0.3917,0.3919,0.3946,0.3975,0.4004,0.4034,0.4064,0.4095,0.4126,0.4157,0.4189,0.4257,0.4357,0.446,0.4508,0.4491,0.4474,0.4458,0.4441,0.4425,0.4414,0.4404,0.4393,0.4383,0.4372,0.4362,0.4352,0.4342,0.4331,0.4321,0.4311,0.432,0.4332,0.4318,0.4285,0.4267,0.425,0.424,0.4235,0.423,0.4226,0.4221,0.4219,0.4221,0.4222,0.4224,0.4225,0.4227,0.4229,0.423,0.4232,0.4234,0.4235,0.4237,0.4239,0.424,0.4242,0.4243,0.4245,0.4247,0.4248,0.425,0.4252,0.4253,0.4255,0.4257,0.4258,0.426,0.4262,0.4263,0.4265,0.4267,0.4268,0.427,0.4272,0.4273,0.4275,0.4277,0.428,0.4282,0.4285,0.4287,0.429,0.4292,0.4295,0.4298,0.43,0.4303,0.4305,0.4308,0.431,0.4313,0.4316,0.4318,0.432,0.4321,0.4322,0.4323,0.4324,0.4325,0.4326,0.4327,0.4328,0.4329,0.4329,0.4329,0.4328,0.4328,0.4327,0.4327,0.4326,0.4325,0.4325,0.4324,0.4324,0.4323,0.4323,0.4322,0.4322,0.4321,0.4321,0.432,0.4319,0.4319,0.4318,0.4318,0.4317,0.4317,0.4316,0.4316,0.4315,0.4315,0.4314,0.4314,0.4313,0.4313,0.4312,0.4312,0.4312,0.4311,0.4311,0.431,0.431,0.4309,0.4341,0.4372,0.4402,0.4412,0.4415,0.4418,0.4421,0.4424,0.4428,0.4431,0.4434,0.4437,0.444,0.4443,0.4446,0.4449,0.4452,0.4456,0.4459,0.4462,0.4465,0.4468,0.4471,0.4474,0.4478
0.4386,0.439,0.4401,0.4412,0.4425,0.4439,0.4453,0.4467,0.4486,0.4504,0.4531,0.4569,0.4612,0.4662,0.4781,0.4902,0.5001,0.5036,0.5064,0.5104,0.5145,0.5187,0.5193,0.5194,0.5194,0.5195,0.5213,0.522,0.5199,0.5179,0.5158,0.5149,0.5148,0.5145,0.514,0.5136,0.5132,0.5128,0.5125,0.5124,0.5122,0.5121,0.512,0.5118,0.5117,0.5115,0.5114,0.5113,0.5111,0.511,0.5108,0.5107,0.5106,0.5104,0.5103,0.4827,0.4798,0.4769,0.474,0.3867,0.3869,0.3871,0.3874,0.3876,0.3878,0.3879,0.3881,0.3883,0.3885,0.3887,0.3889,0.3891,0.3893,0.3895,0.3896,0.3898,0.39,0.3902,0.3904,0.3906,0.3907,0.3909,0.391,0.3912,0.3913,0.3915,0.3916,0.3918,0.3919,0.3936,0.3965,0.3994,0.4023,0.4053,0.4083,0.4114,0.4146,0.4177,0.4265,0.4319,0.4407,0.4499,0.45,0.4483,0.4467,0.4451,0.4441,0.443,0.4419,0.4409,0.4398,0.4388,0.4378,0.4367,0.4357,0.4347,0.4337,0.4326,0.4336,0.4348,0.4316,0.4271,0.4249,0.4233,0.4228,0.4224,0.4219,0.422,0.4221,0.4223,0.4225,0.4226,0.4228,0.423,0.4231,0.4233,0.4234,0.4236,0.4238,0.4239,0.4241,0.4243,0.4244,0.4246,0.4248,0.4249,0.4251,0.4253,0.4254,0.4256,0.4257,0.4259,0.4261,0.4262,0.4264,0.4266,0.4267,0.4269,0.4271,0.4272,0.4274,0.4276,0.4277,0.428,0.4282,0.4285,0.4287,0.429,0.4292,0.4295,0.4298,0.43,0.4303,0.4305,0.4308,0.431,0.4313,0.4316,0.4318,0.4319,0.432,0.4321,0.4322,0.4323,0.4324,0.4325,0.4326,0.4327,0.4328,0.4329,0.433,0.4331,0.4331,0.433,0.433,0.4329,0.4329,0.4328,0.4327,0.4327,0.4326,0.4326,0.4325,0.4325,0.4324,0.4324,0.4323,0.4323,0.4322,0.4321,0.4321,0.432,0.432,0.4319,0.4319,0.4318,0.4318,0.4317,0.4317,0.4316,0.4316,0.4315,0.4315,0.4314,0.4314,0.4314,0.4313,0.4313,0.4312,0.4312,0.4312,0.4332,0.4362,0.4393,0.4413,0.4416,0.4419,0.4422,0.4425,0.4428,0.4432,0.4435,0.4438,0.4441,0.4444,0.4447,0.445,0.4453,0.4456,0.446,0.4463,0.4466,0.4469,0.4472,0.4475,0.4479
0.4387,0.4388,0.4397,0.4408,0.4419,0.4432,0.4446,0.446,0.4476,0.4494,0.4517,0.4547,0.4589,0.4633,0.4678,0.4753,0.4877,0.5008,0.5076,0.5116,0.5157,0.5199,0.5221,0.5222,0.5223,0.5224,0.5225,0.5226,0.5205,0.5185,0.5165,0.5148,0.5147,0.5142,0.5138,0.5134,0.5132,0.513,0.5129,0.5128,0.5126,0.5125,0.5123,0.5122,0.5121,0.5119,0.5118,0.5116,0.5115,0.5114,0.5112,0.5111,0.511,0.5108,0.5107,0.4853,0.482,0.4791,0.4762,0.3865,0.3867,0.387,0.3872,0.3874,0.3877,0.3879,0.3881,0.3883,0.3885,0.3887,0.3889,0.3891,0.3893,0.3895,0.3896,0.3898,0.39,0.3902,0.3904,0.3906,0.3908,0.3909,0.3911,0.3912,0.3914,0.3915,0.3917,0.3918,0.392,0.3926,0.3954,0.3983,0.4012,0.4042,0.4072,0.4103,0.4134,0.4166,0.4198,0.4328,0.4383,0.4459,0.451,0.4493,0.4478,0.4467,0.4457,0.4446,0.4435,0.4425,0.4414,0.4404,0.4393,0.4383,0.4372,0.4362,0.4352,0.4342,0.4352,0.4358,0.4313,0.4269,0.4232,0.4221,0.4219,0.4221,0.4222,0.4224,0.4225,0.4227,0.4229,0.423,0.4232,0.4234,0.4235,0.4237,0.4239,0.424,0.4242,0.4243,0.4245,0.4247,0.4248,0.425,0.4252,0.4253,0.4255,0.4257,0.4258,0.426,0.4262,0.4263,0.4265,0.4267,0.4268,0.427,0.4272,0.4273,0.4275,0.4277,0.4278,0.428,0.4282,0.4285,0.4287,0.429,0.4293,0.4295,0.4298,0.43,0.4303,0.4305,0.4308,0.431,0.4313,0.4316,0.4317,0.4318,0.4319,0.432,0.4321,0.4322,0.4323,0.4324,0.4325,0.4327,0.4328,0.4329,0.433,0.4331,0.4332,0.4333,0.4333,0.4332,0.4332,0.4331,0.4331,0.433,0.4329,0.4329,0.4328,0.4328,0.4327,0.4327,0.4326,0.4326,0.4325,0.4324,0.4324,0.4323,0.4323,0.4322,0.4322,0.4321,0.4321,0.432,0.432,0.4319,0.4319,0.4318,0.4318,0.4317,0.4317,0.4316,0.4316,0.4316,0.4315,0.4315,0.4314,0.4314,0.4313,0.4321,0.4352,0.4383,0.4414,0.4417,0.442,0.4423,0.4426,0.4429,0.4432,0.4435,0.4439,0.4442,0.4445,0.4448,0.4451,0.4454,0.4457,0.446,0.4464,0.4467,0.447,0.4473,0.4476,0.4479
0.4387,0.4389,0.4394,0.4405,0.4416,0.4427,0.4439,0.4453,0.4468,0.4484,0.4503,0.4533,0.4566,0.461,0.4654,0.47,0.4746,0.4849,0.4978,0.512,0.5165,0.5209,0.525,0.5251,0.5251,0.5251,0.5252,0.5253,0.5226,0.5191,0.5171,0.5151,0.5145,0.514,0.5138,0.5137,0.5136,0.5134,0.5133,0.5131,0.513,0.5129,0.5127,0.5126,0.5124,0.5123,0.5122,0.512,0.5119,0.5118,0.5116,0.5115,0.5113,0.5112,0.5111,0.5109,0.4843,0.4813,0.3861,0.3864,0.3866,0.3868,0.3871,0.3873,0.3875,0.3878,0.388,0.3882,0.3884,0.3887,0.3889,0.3891,0.3893,0.3895,0.3896,0.3898,0.39,0.3902,0.3904,0.3906,0.3908,0.391,0.3911,0.3913,0.3914,0.3916,0.3918,0.3919,0.3921,0.3922,0.3944,0.3973,0.4002,0.4031,0.4061,0.4092,0.4123,0.4154,0.4186,0.4337,0.4392,0.4449,0.4512,0.4505,0.4495,0.4484,0.4473,0.4462,0.4451,0.4441,0.443,0.4419,0.4409,0.4398,0.4388,0.4378,0.4367,0.4357,0.4369,0.4356,0.4311,0.4267,0.4226,0.4219,0.4223,0.4225,0.4226,0.4228,0.423,0.4231,0.4233,0.4235,0.4236,0.4238,0.4239,0.4241,0.4243,0.4244,0.4246,0.4248,0.4249,0.4251,0.4253,0.4254,0.4256,0.4258,0.4259,0.4261,0.4263,0.4264,0.4266,0.4268,0.4269,0.4271,0.4273,0.4274,0.4276,0.4278,0.4279,0.4281,0.4283,0.4285,0.4287,0.429,0.4293,0.4295,0.4298,0.43,0.4303,0.4305,0.4308,0.4311,0.4313,0.4315,0.4316,0.4317,0.4318,0.4319,0.4321,0.4322,0.4323,0.4324,0.4325,0.4326,0.4327,0.4328,0.4329,0.433,0.4331,0.4332,0.4333,0.4334,0.4335,0.4334,0.4334,0.4333,0.4332,0.4332,0.4331,0.4331,0.433,0.433,0.4329,0.4329,0.4328,0.4328,0.4327,0.4326,0.4326,0.4325,0.4325,0.4324,0.4324,0.4323,0.4323,0.4322,0.4322,0.4321,0.4321,0.432,0.432,0.4319,0.4319,0.4318,0.4318,0.4318,0.4317,0.4317,0.4316,0.4316,0.4316,0.4315,0.4343,0.4373,0.4404,0.4418,0.4421,0.4424,0.4427,0.443,0.4433,0.4436,0.4439,0.4443,0.4446,0.4449,0.4452,0.4455,0.4458,0.4461,0.4464,0.4468,0.4471,0.4474,0.4477,0.448
0.4388,0.439,0.4391,0.4402,0.4412,0.4423,0.4434,0.4446,0.4461,0.4475,0.4493,0.4519,0.455,0.4586,0.463,0.4675,0.4721,0.4768,0.4821,0.4948,0.5083,0.521,0.5254,0.5276,0.5276,0.5277,0.5278,0.528,0.5281,0.5245,0.5209,0.5174,0.5145,0.5144,0.5142,0.5141,0.5139,0.5138,0.5137,0.5135,0.5134,0.5132,0.5131,0.513,0.5128,0.5127,0.5126,0.5124,0.5123,0.5121,0.512,0.5119,0.5117,0.5116,0.5114,0.5113,0.4868,0.3904,0.386,0.3862,0.3865,0.3867,0.3869,0.3871,0.3874,0.3876,0.3878,0.3881,0.3883,0.3885,0.3888,0.389,0.3892,0.3895,0.3896,0.3898,0.39,0.3902,0.3904,0.3906,0.3908,0.391,0.3912,0.3914,0.3915,0.3917,0.3918,0.392,0.3921,0.3923,0.3934,0.3962,0.3991,0.4021,0.405,0.4081,0.4112,0.4143,0.4175,0.4347,0.4402,0.4458,0.4508,0.4517,0.451,0.45,0.4489,0.4478,0.4467,0.4457,0.4446,0.4435,0.4425,0.4414,0.4404,0.4393,0.4383,0.4373,0.4385,0.4353,0.4308,0.4266,0.4236,0.4215,0.4215,0.422,0.4228,0.4232,0.4234,0.4235,0.4237,0.4239,0.424,0.4242,0.4244,0.4245,0.4247,0.4249,0.425,0.4252,0.4253,0.4255,0.4257,0.4258,0.426,0.4262,0.4263,0.4265,0.4267,0.4268,0.427,0.4272,0.4273,0.4275,0.4277,0.4278,0.428,0.4282,0.4283,0.4285,0.4288,0.429,0.4293,0.4295,0.4298,0.43,0.4303,0.4305,0.4308,0.4311,0.4313,0.4315,0.4316,0.4317,0.4318,0.4319,0.432,0.4321,0.4322,0.4323,0.4324,0.4325,0.4326,0.4327,0.4328,0.4329,0.433,0.4331,0.4332,0.4334,0.4335,0.4336,0.4337,0.4336,0.4336,0.4335,0.4334,0.4334,0.4333,0.4333,0.4332,0.4332,0.4331,0.4331,0.433,0.433,0.4329,0.4328,0.4328,0.4327,0.4327,0.4326,0.4326,0.4325,0.4325,0.4324,0.4324,0.4323,0.4323,0.4322,0.4322,0.4321,0.4321,0.432,0.432,0.432,0.4319,0.4319,0.4318,0.4318,0.4318,0.4317,0.4333,0.4364,0.4395,0.4419,0.4422,0.4425,0.4428,0.4431,0.4434,0.4437,0.444,0.4443,0.4447,0.445,0.4453,0.4456,0.4459,0.4462,0.4465,0.4468,0.4472,0.4475,0.4478,0.4481
0.4389,0.439,0.4392,0.4398,0.4409,0.442,0.4431,0.4442,0.4454,0.4468,0.4483,0.4505,0.4536,0.4567,0.4607,0.4651,0.4697,0.4743,0.479,0.4838,0.4919,0.5052,0.5242,0.5285,0.5302,0.5304,0.5305,0.5307,0.5308,0.53,0.5264,0.5228,0.5144,0.5146,0.5146,0.5145,0.5143,0.5142,0.5141,0.5139,0.5138,0.5136,0.5135,0.5134,0.5132,0.5131,0.5129,0.5128,0.5127,0.5125,0.5124,0.5122,0.5121,0.512,0.5118,0.5117,0.395,0.3856,0.3858,0.3861,0.3863,0.3865,0.3868,0.387,0.3872,0.3875,0.3877,0.3879,0.3882,0.3884,0.3886,0.3888,0.3891,0.3893,0.3895,0.3898,0.39,0.3902,0.3904,0.3906,0.3908,0.391,0.3912,0.3914,0.3916,0.3917,0.3919,0.392,0.3922,0.3923,0.3925,0.3952,0.3981,0.401,0.404,0.407,0.41,0.4131,0.4163,0.4195,0.4412,0.4468,0.4501,0.4523,0.4515,0.4508,0.4501,0.4494,0.4484,0.4473,0.4462,0.4451,0.4441,0.443,0.4419,0.4409,0.4399,0.4389,0.4397,0.4351,0.4307,0.4276,0.4246,0.4216,0.4212,0.4212,0.4214,0.4221,0.4228,0.4236,0.4241,0.4243,0.4244,0.4246,0.4248,0.4249,0.4251,0.4253,0.4254,0.4256,0.4258,0.4259,0.4261,0.4263,0.4264,0.4266,0.4268,0.4269,0.4271,0.4273,0.4274,0.4276,0.4278,0.4279,0.4281,0.4283,0.4284,0.4286,0.4288,0.429,0.4293,0.4295,0.4298,0.43,0.4303,0.4306,0.4308,0.4311,0.4313,0.4314,0.4315,0.4316,0.4317,0.4318,0.4319,0.432,0.4321,0.4322,0.4323,0.4324,0.4325,0.4326,0.4328,0.4329,0.433,0.4331,0.4332,0.4333,0.4334,0.4335,0.4336,0.4337,0.4338,0.4338,0.4338,0.4337,0.4336,0.4336,0.4335,0.4335,0.4334,0.4334,0.4333,0.4333,0.4332,0.4332,0.4331,0.433,0.433,0.4329,0.4329,0.4328,0.4328,0.4327,0.4327,0.4326,0.4325,0.4325,0.4325,0.4324,0.4324,0.4323,0.4323,0.4322,0.4322,0.4322,0.4321,0.4321,0.432,0.432,0.432,0.4319,0.4321,0.4354,0.4385,0.4416,0.4423,0.4426,0.4429,0.4432,0.4435,0.4438,0.4441,0.4444,0.4447,0.445,0.4454,0.4457,0.446,0.4463,0.4466,0.4469,0.4473,0.4476,0.4479,0.4482
0.4390,0.4391,0.4392,0.4395,0.4406,0.4417,0.4428,0.4439,0.445,0.4461,0.4475,0.4492,0.4522,0.4553,0.4584,0.4628,0.4672,0.4718,0.4765,0.4812,0.4861,0.4911,0.5021,0.5265,0.5299,0.5322,0.5333,0.5334,0.5336,0.5337,0.532,0.5283,0.5164,0.5144,0.5146,0.5147,0.5147,0.5146,0.5144,0.5143,0.5142,0.514,0.5139,0.5137,0.5136,0.5135,0.5133,0.5132,0.513,0.5129,0.5128,0.5126,0.5125,0.5124,0.5122,0.3958,0.3901,0.3855,0.3857,0.3859,0.3862,0.3864,0.3866,0.3868,0.3871,0.3873,0.3875,0.3878,0.388,0.3882,0.3885,0.3887,0.3889,0.3892,0.3894,0.3896,0.3899,0.3901,0.3903,0.3906,0.3908,0.391,0.3912,0.3914,0.3916,0.3917,0.3919,0.3921,0.3923,0.3924,0.3926,0.3941,0.397,0.3999,0.4029,0.4059,0.4089,0.412,0.4152,0.4183,0.4421,0.4468,0.4494,0.452,0.4521,0.4514,0.4507,0.45,0.4493,0.4485,0.4478,0.4468,0.4457,0.4446,0.4435,0.4425,0.4414,0.4406,0.4394,0.4348,0.4317,0.4286,0.4256,0.4226,0.4209,0.421,0.421,0.421,0.4215,0.4222,0.4229,0.4236,0.4244,0.425,0.4252,0.4254,0.4255,0.4257,0.4259,0.426,0.4262,0.4263,0.4265,0.4267,0.4268,0.427,0.4272,0.4273,0.4275,0.4277,0.4278,0.428,0.4282,0.4283,0.4285,0.4287,0.4289,0.429,0.4293,0.4295,0.4298,0.43,0.4303,0.4306,0.4308,0.4311,0.4312,0.4313,0.4314,0.4315,0.4316,0.4317,0.4318,0.4319,0.432,0.4322,0.4323,0.4324,0.4325,0.4326,0.4327,0.4328,0.4329,0.433,0.4331,0.4332,0.4333,0.4334,0.4335,0.4336,0.4337,0.4338,0.434,0.434,0.434,0.4339,0.4338,0.4338,0.4337,0.4337,0.4336,0.4336,0.4335,0.4335,0.4334,0.4333,0.4333,0.4332,0.4332,0.4331,0.4331,0.433,0.433,0.4329,0.4329,0.4328,0.4327,0.4327,0.4327,0.4326,0.4326,0.4325,0.4325,0.4324,0.4324,0.4324,0.4323,0.4323,0.4322,0.4322,0.4322,0.4321,0.4321,0.4345,0.4375,0.4406,0.4423,0.4426,0.443,0.4433,0.4436,0.4439,0.4442,0.4445,0.4448,0.4451,0.4454,0.4458,0.4461,0.4464,0.4467,0.447,0.4473,0.4477,0.448,0.4483
0.4391,0.4392,0.4393,0.4395,0.4402,0.4413,0.4424,0.4435,0.4446,0.4457,0.4468,0.4482,0.4508,0.4538,0.457,0.4604,0.4649,0.4694,0.474,0.4787,0.4835,0.4884,0.4934,0.4991,0.5128,0.5306,0.5329,0.5353,0.5363,0.5365,0.5366,0.5339,0.5184,0.5143,0.5145,0.5146,0.5148,0.5149,0.5148,0.5147,0.5146,0.5144,0.5143,0.5141,0.514,0.5139,0.5137,0.5136,0.5134,0.5133,0.5132,0.513,0.5129,0.3948,0.393,0.3912,0.3853,0.3853,0.3856,0.3858,0.386,0.3862,0.3865,0.3867,0.3869,0.3872,0.3874,0.3876,0.3879,0.3881,0.3883,0.3886,0.3888,0.389,0.3892,0.3895,0.3897,0.3899,0.3902,0.3904,0.3907,0.3909,0.3911,0.3914,0.3916,0.3917,0.3919,0.3921,0.3923,0.3925,0.3926,0.3931,0.396,0.3989,0.4018,0.4048,0.4078,0.4109,0.414,0.4172,0.4204,0.4461,0.4487,0.4512,0.4527,0.452,0.4513,0.4506,0.4498,0.4491,0.4484,0.4477,0.447,0.4462,0.4451,0.4441,0.443,0.4423,0.4392,0.4359,0.4327,0.4296,0.4266,0.4236,0.4207,0.4207,0.4207,0.4207,0.4207,0.4209,0.4216,0.4223,0.423,0.4237,0.4245,0.4252,0.4259,0.4261,0.4263,0.4264,0.4266,0.4268,0.4269,0.4271,0.4273,0.4274,0.4276,0.4278,0.4279,0.4281,0.4283,0.4284,0.4286,0.4288,0.4289,0.4291,0.4293,0.4295,0.4298,0.4301,0.4303,0.4306,0.4308,0.431,0.4311,0.4312,0.4313,0.4315,0.4316,0.4317,0.4318,0.4319,0.432,0.4321,0.4322,0.4323,0.4324,0.4325,0.4326,0.4327,0.4328,0.4329,0.433,0.4331,0.4332,0.4333,0.4335,0.4336,0.4337,0.4338,0.4339,0.434,0.4341,0.4342,0.4342,0.4341,0.434,0.434,0.4339,0.4339,0.4338,0.4338,0.4337,0.4337,0.4336,0.4335,0.4335,0.4334,0.4334,0.4333,0.4333,0.4332,0.4332,0.4331,0.4331,0.433,0.4329,0.4329,0.4329,0.4328,0.4328,0.4327,0.4327,0.4326,0.4326,0.4326,0.4325,0.4325,0.4324,0.4324,0.4324,0.4323,0.4323,0.4334,0.4366,0.4396,0.4424,0.4427,0.443,0.4434,0.4437,0.444,0.4443,0.4446,0.4449,0.4452,0.4455,0.4458,0.4462,0.4465,0.4468,0.4471,0.4474,0.4477,0.4481,0.4484
0.4392,0.4393,0.4394,0.4395,0.4399,0.441,0.4421,0.4432,0.4443,0.4454,0.4465,0.4476,0.4494,0.4524,0.4555,0.4587,0.4625,0.467,0.4715,0.4762,0.4809,0.4858,0.4907,0.4958,0.5009,0.5096,0.5313,0.5336,0.536,0.5384,0.5394,0.5396,0.5204,0.5152,0.5143,0.5145,0.5146,0.5148,0.5149,0.5151,0.5149,0.5148,0.5147,0.5145,0.5144,0.5142,0.5141,0.514,0.5138,0.5137,0.3957,0.3939,0.3921,0.3903,0.3885,0.3868,0.385,0.3852,0.3854,0.3856,0.3859,0.3861,0.3863,0.3866,0.3868,0.387,0.3872,0.3875,0.3877,0.3879,0.3882,0.3884,0.3886,0.3889,0.3891,0.3893,0.3896,0.3898,0.39,0.3903,0.3905,0.3907,0.391,0.3912,0.3914,0.3917,0.3919,0.3921,0.3923,0.3925,0.3927,0.3928,0.3949,0.3978,0.4007,0.4037,0.4067,0.4098,0.4129,0.416,0.4192,0.4454,0.4479,0.4505,0.4531,0.4526,0.4519,0.4512,0.4504,0.4497,0.449,0.4483,0.4476,0.4469,0.4462,0.4454,0.4446,0.4436,0.4401,0.4369,0.4338,0.4307,0.4276,0.4246,0.4216,0.4204,0.4204,0.4205,0.4205,0.4205,0.4205,0.421,0.4217,0.4224,0.4231,0.4238,0.4245,0.4253,0.426,0.4267,0.427,0.4272,0.4274,0.4275,0.4277,0.4279,0.428,0.4282,0.4284,0.4285,0.4287,0.4289,0.429,0.4292,0.4294,0.4295,0.4298,0.4301,0.4303,0.4306,0.4308,0.431,0.4311,0.4312,0.4313,0.4314,0.4315,0.4316,0.4317,0.4318,0.4319,0.432,0.4321,0.4322,0.4323,0.4324,0.4325,0.4326,0.4327,0.4329,0.433,0.4331,0.4332,0.4333,0.4334,0.4335,0.4336,0.4337,0.4338,0.4339,0.434,0.4341,0.4342,0.4343,0.4344,0.4343,0.4342,0.4342,0.4341,0.4341,0.434,0.434,0.4339,0.4339,0.4338,0.4337,0.4337,0.4336,0.4336,0.4335,0.4335,0.4334,0.4334,0.4333,0.4333,0.4332,0.4331,0.4331,0.4331,0.433,0.433,0.4329,0.4329,0.4329,0.4328,0.4328,0.4327,0.4327,0.4326,0.4326,0.4326,0.4325,0.4325,0.4324,0.4356,0.4387,0.4418,0.4428,0.4431,0.4434,0.4437,0.4441,0.4444,0.4447,0.445,0.4453,0.4456,0.4459,0.4462,0.4466,0.4469,0.4472,0.4475,0.4478,0.4481,0.4485
0.4392,0.4394,0.4395,0.4396,0.4398,0.4407,0.4418,0.4428,0.4439,0.4451,0.4462,0.4473,0.4484,0.451,0.4541,0.4572,0.4604,0.4646,0.4691,0.4737,0.4784,0.4832,0.4881,0.4931,0.4982,0.5034,0.5087,0.5206,0.5343,0.5367,0.5391,0.5415,0.5224,0.5172,0.5142,0.5144,0.5145,0.5147,0.5148,0.515,0.5151,0.5152,0.5151,0.5149,0.5148,0.5146,0.5145,0.5144,0.3947,0.3929,0.3911,0.3893,0.3876,0.3858,0.3845,0.3846,0.3848,0.3851,0.3853,0.3855,0.3857,0.386,0.3862,0.3864,0.3867,0.3869,0.3871,0.3873,0.3876,0.3878,0.388,0.3883,0.3885,0.3887,0.389,0.3892,0.3894,0.3897,0.3899,0.3901,0.3904,0.3906,0.3908,0.3911,0.3913,0.3915,0.3918,0.392,0.3922,0.3925,0.3927,0.3929,0.3939,0.3968,0.3997,0.4026,0.4056,0.4087,0.4118,0.4149,0.4181,0.4213,0.4472,0.4498,0.4524,0.4532,0.4525,0.4518,0.451,0.4503,0.4496,0.4489,0.4482,0.4474,0.4467,0.446,0.4454,0.444,0.4412,0.438,0.4348,0.4317,0.4286,0.4256,0.4226,0.4201,0.4202,0.4202,0.4202,0.4202,0.4202,0.4203,0.4203,0.4211,0.4218,0.4225,0.4232,0.4239,0.4246,0.4254,0.4261,0.4268,0.4275,0.4279,0.4281,0.4283,0.4284,0.4286,0.4288,0.4289,0.4291,0.4293,0.4295,0.4296,0.4298,0.4301,0.4303,0.4306,0.4308,0.4309,0.431,0.4311,0.4312,0.4313,0.4314,0.4315,0.4316,0.4317,0.4318,0.4319,0.432,0.4321,0.4323,0.4324,0.4325,0.4326,0.4327,0.4328,0.4329,0.433,0.4331,0.4332,0.4333,0.4334,0.4335,0.4336,0.4337,0.4338,0.4339,0.4341,0.4342,0.4343,0.4344,0.4345,0.4346,0.4345,0.4344,0.4344,0.4343,0.4343,0.4342,0.4342,0.4341,0.4341,0.434,0.4339,0.4339,0.4338,0.4338,0.4337,0.4337,0.4336,0.4336,0.4335,0.4335,0.4334,0.4334,0.4333,0.4333,0.4332,0.4332,0.4331,0.4331,0.4331,0.433,0.433,0.4329,0.4329,0.4328,0.4328,0.4328,0.4327,0.4327,0.4326,0.4347,0.4377,0.4408,0.4429,0.4432,0.4435,0.4438,0.4441,0.4445,0.4448,0.4451,0.4454,0.4457,0.446,0.4463,0.4466,0.447,0.4473,0.4476,0.4479,0.4482,0.4485
0.4393,0.4394,0.4396,0.4397,0.4398,0.4403,0.4414,0.4425,0.4436,0.4447,0.4458,0.4469,0.4481,0.4486,0.4527,0.4558,0.4589,0.4622,0.4667,0.4712,0.4759,0.4806,0.4855,0.4904,0.4955,0.5006,0.5059,0.5112,0.5173,0.5332,0.5356,0.5381,0.5244,0.5192,0.5141,0.5142,0.5144,0.5145,0.5147,0.5148,0.515,0.5151,0.5153,0.5153,0.5152,0.3955,0.3937,0.3919,0.3901,0.3884,0.3866,0.3839,0.3841,0.3842,0.3843,0.3845,0.3847,0.385,0.3852,0.3854,0.3856,0.3859,0.3861,0.3863,0.3866,0.3868,0.387,0.3872,0.3875,0.3877,0.3879,0.3882,0.3884,0.3886,0.3888,0.3891,0.3893,0.3895,0.3898,0.39,0.3902,0.3905,0.3907,0.3909,0.3912,0.3914,0.3916,0.3919,0.3921,0.3923,0.3926,0.3928,0.3931,0.3957,0.3986,0.4016,0.4045,0.4076,0.4106,0.4137,0.4169,0.4201,0.4465,0.4491,0.4517,0.4538,0.4531,0.4524,0.4516,0.4509,0.4502,0.4495,0.4487,0.448,0.4473,0.4468,0.4463,0.4441,0.4413,0.4386,0.4359,0.4327,0.4297,0.4266,0.4236,0.4207,0.4199,0.4199,0.4199,0.4199,0.42,0.42,0.42,0.42,0.4204,0.4211,0.4219,0.4226,0.4233,0.424,0.4247,0.4255,0.4262,0.4269,0.4276,0.4284,0.4289,0.429,0.4292,0.4294,0.4295,0.4297,0.4299,0.4301,0.4303,0.4306,0.4307,0.4308,0.4309,0.431,0.4311,0.4312,0.4313,0.4314,0.4316,0.4317,0.4318,0.4319,0.432,0.4321,0.4322,0.4323,0.4324,0.4325,0.4326,0.4327,0.4328,0.4329,0.433,0.4331,0.4332,0.4333,0.4334,0.4336,0.4337,0.4338,0.4339,0.434,0.4341,0.4342,0.4343,0.4344,0.4345,0.4346,0.4347,0.4347,0.4346,0.4346,0.4345,0.4345,0.4344,0.4344,0.4343,0.4343,0.4342,0.4341,0.4341,0.434,0.434,0.4339,0.4339,0.4338,0.4338,0.4337,0.4336,0.4336,0.4336,0.4335,0.4335,0.4334,0.4334,0.4333,0.4333,0.4333,0.4332,0.4332,0.4331,0.4331,0.433,0.433,0.433,0.4329,0.4329,0.4328,0.4334,0.4367,0.4398,0.443,0.4433,0.4436,0.4439,0.4442,0.4445,0.4449,0.4452,0.4455,0.4458,0.4461,0.4464,0.4467,0.4471,0.4474,0.4477,0.448,0.4483,0.4486
0.4394,0.4395,0.4397,0.4398,0.4399,0.44,0.4411,0.4422,0.4433,0.4444,0.4455,0.4466,0.4477,0.4485,0.4488,0.4492,0.4575,0.4607,0.4643,0.4688,0.4734,0.4781,0.4829,0.4878,0.4928,0.4979,0.5031,0.5084,0.5138,0.5193,0.5317,0.5341,0.5265,0.5212,0.516,0.5141,0.5143,0.5144,0.5146,0.5147,0.5149,0.515,0.5152,0.3945,0.3927,0.391,0.3892,0.3874,0.3834,0.3835,0.3836,0.3838,0.3839,0.3841,0.3843,0.3845,0.3847,0.3849,0.3851,0.3853,0.3855,0.3858,0.386,0.3862,0.3865,0.3867,0.3869,0.3871,0.3874,0.3876,0.3878,0.3881,0.3883,0.3885,0.3887,0.389,0.3892,0.3894,0.3897,0.3899,0.3901,0.3904,0.3906,0.3908,0.3911,0.3913,0.3915,0.3918,0.392,0.3922,0.3925,0.3927,0.3931,0.3947,0.3976,0.4005,0.4035,0.4065,0.4095,0.4126,0.4158,0.419,0.4459,0.4484,0.451,0.4536,0.4537,0.453,0.4522,0.4515,0.4508,0.4501,0.4493,0.4488,0.4482,0.4477,0.447,0.4442,0.4415,0.4387,0.436,0.4334,0.4307,0.4276,0.4246,0.4216,0.4196,0.4196,0.4196,0.4197,0.4197,0.4197,0.4197,0.4197,0.4198,0.4198,0.4205,0.4212,0.4219,0.4227,0.4234,0.4241,0.4248,0.4255,0.4263,0.427,0.4277,0.4285,0.4292,0.4298,0.43,0.4301,0.4303,0.4305,0.4306,0.4307,0.4308,0.431,0.4311,0.4312,0.4313,0.4314,0.4315,0.4316,0.4317,0.4318,0.4319,0.432,0.4321,0.4322,0.4323,0.4324,0.4325,0.4326,0.4327,0.4328,0.433,0.4331,0.4332,0.4333,0.4334,0.4335,0.4336,0.4337,0.4338,0.4339,0.434,0.4341,0.4342,0.4343,0.4344,0.4345,0.4347,0.4348,0.4349,0.4349,0.4348,0.4348,0.4347,0.4347,0.4346,0.4346,0.4345,0.4345,0.4344,0.4343,0.4343,0.4342,0.4342,0.4341,0.4341,0.434,0.434,0.4339,0.4338,0.4338,0.4338,0.4337,0.4337,0.4336,0.4336,0.4335,0.4335,0.4335,0.4334,0.4334,0.4333,0.4333,0.4332,0.4332,0.4332,0.4331,0.4331,0.433,0.433,0.4358,0.4389,0.442,0.4434,0.4437,0.444,0.4443,0.4446,0.4449,0.4453,0.4456,0.4459,0.4462,0.4465,0.4468,0.4471,0.4475,0.4478,0.4481,0.4484,0.4487
0.4395,0.4396,0.4397,0.4399,0.44,0.4401,0.4408,0.4418,0.4429,0.444,0.4451,0.4463,0.4474,0.4482,0.4487,0.449,0.4494,0.4592,0.4624,0.4664,0.471,0.4756,0.4803,0.4852,0.4901,0.4951,0.5003,0.5055,0.5109,0.5164,0.522,0.5277,0.5285,0.5232,0.518,0.514,0.5141,0.5143,0.5144,0.5146,0.5147,0.3936,0.3918,0.39,0.3882,0.3828,0.383,0.3831,0.3832,0.3834,0.3835,0.3837,0.3838,0.384,0.3842,0.3844,0.3846,0.3848,0.385,0.3852,0.3854,0.3857,0.3859,0.3861,0.3863,0.3866,0.3868,0.387,0.3873,0.3875,0.3877,0.388,0.3882,0.3884,0.3886,0.3889,0.3891,0.3893,0.3896,0.3898,0.39,0.3903,0.3905,0.3907,0.391,0.3912,0.3914,0.3917,0.3919,0.3921,0.3924,0.3926,0.393,0.3937,0.3965,0.3994,0.4024,0.4054,0.4084,0.4115,0.4146,0.4178,0.421,0.4478,0.4502,0.4528,0.4543,0.4536,0.4528,0.4521,0.4514,0.4508,0.4502,0.4497,0.4492,0.4487,0.4472,0.4444,0.4416,0.4389,0.4362,0.4335,0.4309,0.4282,0.4256,0.4226,0.4197,0.4194,0.4194,0.4194,0.4194,0.4194,0.4194,0.4195,0.4195,0.4195,0.4195,0.4199,0.4206,0.4213,0.422,0.4228,0.4235,0.4242,0.4249,0.4256,0.4264,0.4271,0.4278,0.4286,0.4294,0.4304,0.4306,0.4307,0.4308,0.4309,0.431,0.4311,0.4312,0.4313,0.4314,0.4315,0.4316,0.4317,0.4318,0.4319,0.432,0.4321,0.4322,0.4324,0.4325,0.4326,0.4327,0.4328,0.4329,0.433,0.4331,0.4332,0.4333,0.4334,0.4335,0.4336,0.4337,0.4338,0.4339,0.434,0.4342,0.4343,0.4344,0.4345,0.4346,0.4347,0.4348,0.4349,0.435,0.4351,0.435,0.435,0.4349,0.4349,0.4348,0.4348,0.4347,0.4347,0.4346,0.4345,0.4345,0.4344,0.4344,0.4343,0.4343,0.4342,0.4342,0.4341,0.434,0.434,0.434,0.4339,0.4339,0.4338,0.4338,0.4337,0.4337,0.4337,0.4336,0.4336,0.4335,0.4335,0.4334,0.4334,0.4334,0.4333,0.4333,0.4332,0.4332,0.4347,0.4379,0.441,0.4435,0.4438,0.4441,0.4444,0.4447,0.445,0.4453,0.4456,0.446,0.4463,0.4466,0.4469,0.4472,0.4475,0.4479,0.4482,0.4485,0.4488
0.4396,0.4397,0.4398,0.44,0.4401,0.4402,0.4404,0.4415,0.4426,0.4437,0.4448,0.4459,0.447,0.4479,0.4485,0.4489,0.4493,0.4496,0.4609,0.4641,0.4685,0.4731,0.4778,0.4826,0.4875,0.4925,0.4975,0.5027,0.508,0.5134,0.519,0.5246,0.5308,0.5252,0.52,0.5148,0.514,0.5142,0.3944,0.3926,0.3908,0.389,0.3823,0.3824,0.3825,0.3827,0.3828,0.383,0.3831,0.3832,0.3834,0.3835,0.3837,0.3839,0.3841,0.3843,0.3845,0.3847,0.3849,0.3851,0.3853,0.3856,0.3858,0.386,0.3862,0.3865,0.3867,0.3869,0.3872,0.3874,0.3876,0.3878,0.3881,0.3883,0.3885,0.3888,0.389,0.3892,0.3895,0.3897,0.3899,0.3902,0.3904,0.3906,0.3909,0.3911,0.3913,0.3916,0.3918,0.392,0.3923,0.3925,0.393,0.3934,0.3955,0.3984,0.4013,0.4043,0.4073,0.4104,0.4135,0.4166,0.4198,0.4475,0.4498,0.4521,0.4547,0.4542,0.4534,0.4528,0.4522,0.4517,0.4512,0.4506,0.4501,0.4496,0.4473,0.4445,0.4417,0.439,0.4363,0.4336,0.431,0.4284,0.4258,0.4233,0.4207,0.4191,0.4191,0.4191,0.4191,0.4192,0.4192,0.4192,0.4192,0.4192,0.4192,0.4193,0.4193,0.42,0.4207,0.4214,0.4221,0.4228,0.4236,0.4243,0.425,0.426,0.427,0.4281,0.4291,0.4302,0.4308,0.4308,0.4309,0.431,0.4311,0.4312,0.4313,0.4314,0.4315,0.4317,0.4318,0.4319,0.432,0.4321,0.4322,0.4323,0.4324,0.4325,0.4326,0.4327,0.4328,0.4329,0.433,0.4331,0.4332,0.4333,0.4334,0.4335,0.4337,0.4338,0.4339,0.434,0.4341,0.4342,0.4343,0.4344,0.4345,0.4346,0.4347,0.4348,0.4349,0.435,0.4351,0.4353,0.4352,0.4352,0.4351,0.4351,0.435,0.435,0.4349,0.4349,0.4348,0.4347,0.4347,0.4346,0.4346,0.4345,0.4345,0.4344,0.4344,0.4343,0.4342,0.4342,0.4342,0.4341,0.4341,0.434,0.434,0.4339,0.4339,0.4339,0.4338,0.4338,0.4337,0.4337,0.4336,0.4336,0.4336,0.4335,0.4335,0.4334,0.4334,0.4334,0.4369,0.44,0.4431,0.4439,0.4442,0.4445,0.4448,0.4451,0.4454,0.4457,0.4461,0.4464,0.4467,0.447,0.4473,0.4476,0.4479,0.4483,0.4486,0.4489
0.4396,0.4398,0.4399,0.44,0.4402,0.4403,0.4404,0.4412,0.4423,0.4434,0.4445,0.4456,0.4467,0.4476,0.4483,0.4488,0.4491,0.4495,0.4498,0.4627,0.4661,0.4707,0.4753,0.48,0.4849,0.4898,0.4948,0.5,0.5052,0.5106,0.516,0.5221,0.5284,0.5273,0.522,0.5168,0.3934,0.3916,0.3816,0.3817,0.3818,0.382,0.3821,0.3823,0.3824,0.3825,0.3827,0.3828,0.383,0.3831,0.3832,0.3834,0.3836,0.3838,0.384,0.3842,0.3844,0.3846,0.3848,0.385,0.3852,0.3855,0.3857,0.3859,0.3861,0.3864,0.3866,0.3868,0.3871,0.3873,0.3875,0.3877,0.388,0.3882,0.3884,0.3887,0.3889,0.3891,0.3894,0.3896,0.3898,0.3901,0.3903,0.3905,0.3908,0.391,0.3912,0.3915,0.3917,0.3919,0.3922,0.3924,0.3929,0.3934,0.3945,0.3973,0.4002,0.4032,0.4062,0.4093,0.4123,0.4155,0.4187,0.4219,0.4494,0.4517,0.4541,0.4548,0.4543,0.4537,0.4532,0.4526,0.4521,0.4516,0.451,0.4503,0.4475,0.4446,0.4419,0.4391,0.4364,0.4338,0.4311,0.4285,0.4259,0.4234,0.4212,0.4191,0.4191,0.4191,0.419,0.419,0.419,0.4189,0.4189,0.419,0.419,0.419,0.419,0.419,0.4194,0.4201,0.4208,0.4217,0.4227,0.4237,0.4247,0.4258,0.4268,0.4278,0.4288,0.4299,0.4309,0.4311,0.4311,0.4312,0.4313,0.4314,0.4315,0.4316,0.4317,0.4318,0.4319,0.432,0.4321,0.4322,0.4323,0.4324,0.4325,0.4326,0.4327,0.4328,0.4329,0.4331,0.4332,0.4333,0.4334,0.4335,0.4336,0.4337,0.4338,0.4339,0.434,0.4341,0.4342,0.4343,0.4344,0.4345,0.4346,0.4348,0.4349,0.435,0.4351,0.4352,0.4353,0.4354,0.4354,0.4354,0.4353,0.4353,0.4352,0.4352,0.4351,0.4351,0.435,0.4349,0.4349,0.4348,0.4348,0.4347,0.4347,0.4346,0.4346,0.4345,0.4344,0.4344,0.4344,0.4343,0.4343,0.4342,0.4342,0.4341,0.4341,0.4341,0.434,0.434,0.4339,0.4339,0.4339,0.4338,0.4338,0.4337,0.4337,0.4336,0.4336,0.4336,0.436,0.439,0.4422,0.4439,0.4443,0.4446,0.4449,0.4452,0.4455,0.4458,0.4461,0.4465,0.4468,0.4471,0.4474,0.4477,0.448,0.4483,0.4487,0.449
0.4397,0.4399,0.44,0.4401,0.4403,0.4404,0.4405,0.4408,0.4419,0.443,0.4441,0.4452,0.4463,0.4473,0.448,0.4486,0.449,0.4493,0.4497,0.45,0.4504,0.4682,0.4728,0.4775,0.4823,0.4872,0.4921,0.4972,0.5024,0.5077,0.5136,0.5196,0.5259,0.3942,0.3924,0.381,0.3812,0.3813,0.3814,0.3816,0.3817,0.3819,0.382,0.3821,0.3823,0.3824,0.3826,0.3827,0.3828,0.383,0.3831,0.3833,0.3835,0.3837,0.3839,0.3841,0.3843,0.3845,0.3847,0.3849,0.3851,0.3854,0.3856,0.3858,0.386,0.3863,0.3865,0.3867,0.387,0.3872,0.3874,0.3876,0.3879,0.3881,0.3883,0.3886,0.3888,0.389,0.3893,0.3895,0.3897,0.3899,0.3902,0.3904,0.3906,0.3909,0.3911,0.3913,0.3916,0.3918,0.3921,0.3924,0.3929,0.3933,0.3938,0.3963,0.3992,0.4021,0.4051,0.4081,0.4112,0.4143,0.4175,0.4207,0.4581,0.4571,0.4562,0.4548,0.4549,0.4547,0.4541,0.4536,0.4531,0.4525,0.452,0.4504,0.4476,0.4448,0.442,0.4393,0.4366,0.4339,0.4314,0.4291,0.4268,0.4246,0.4223,0.4201,0.4194,0.4194,0.4193,0.4193,0.4193,0.4192,0.4192,0.4192,0.4192,0.4191,0.4191,0.4191,0.419,0.4194,0.4204,0.4214,0.4224,0.4235,0.4245,0.4255,0.4265,0.4275,0.4286,0.4296,0.4307,0.4314,0.4314,0.4314,0.4315,0.4315,0.4316,0.4317,0.4318,0.4319,0.432,0.4321,0.4322,0.4323,0.4325,0.4326,0.4327,0.4328,0.4329,0.433,0.4331,0.4332,0.4333,0.4334,0.4335,0.4336,0.4337,0.4338,0.4339,0.434,0.4341,0.4343,0.4344,0.4345,0.4346,0.4347,0.4348,0.4349,0.435,0.4351,0.4352,0.4353,0.4354,0.4355,0.4356,0.4356,0.4355,0.4355,0.4354,0.4354,0.4353,0.4353,0.4352,0.4351,0.4351,0.435,0.435,0.4349,0.4349,0.4348,0.4348,0.4347,0.4347,0.4346,0.4346,0.4345,0.4345,0.4344,0.4344,0.4344,0.4343,0.4343,0.4342,0.4342,0.4341,0.4341,0.4341,0.434,0.434,0.4339,0.4339,0.4338,0.4338,0.4338,0.4347,0.4381,0.4412,0.444,0.4443,0.4447,0.445,0.4453,0.4456,0.4459,0.4462,0.4465,0.4469,0.4472,0.4475,0.4478,0.4481,0.4484,0.4488,0.4491
0.4398,0.4399,0.4401,0.4402,0.4403,0.4405,0.4406,0.4407,0.4416,0.4427,0.4438,0.4449,0.446,0.4469,0.4477,0.4485,0.4488,0.4492,0.4495,0.4499,0.4502,0.4506,0.4704,0.475,0.4797,0.4846,0.4895,0.4945,0.4996,0.5053,0.5111,0.3933,0.3805,0.3806,0.3807,0.3809,0.381,0.3812,0.3813,0.3814,0.3816,0.3817,0.3819,0.382,0.3821,0.3823,0.3824,0.3826,0.3827,0.3828,0.383,0.3832,0.3834,0.3836,0.3838,0.384,0.3842,0.3844,0.3846,0.3848,0.385,0.3853,0.3855,0.3857,0.3859,0.3862,0.3864,0.3866,0.3868,0.3871,0.3873,0.3875,0.3878,0.388,0.3882,0.3885,0.3887,0.3889,0.3891,0.3894,0.3896,0.3898,0.3901,0.3903,0.3905,0.3908,0.391,0.3912,0.3915,0.3917,0.3919,0.3923,0.3928,0.3933,0.3938,0.3953,0.3981,0.4011,0.404,0.407,0.4101,0.4132,0.4164,0.4196,0.4586,0.4577,0.4566,0.4547,0.4542,0.4544,0.4545,0.4545,0.454,0.4535,0.4529,0.4506,0.4477,0.4449,0.4422,0.4398,0.4374,0.435,0.4326,0.4303,0.428,0.4258,0.4235,0.4213,0.4197,0.4197,0.4196,0.4196,0.4196,0.4195,0.4195,0.4195,0.4195,0.4194,0.4194,0.4194,0.4193,0.4192,0.4202,0.4212,0.4222,0.4232,0.4242,0.4252,0.4263,0.4273,0.4283,0.4294,0.4304,0.4315,0.4317,0.4317,0.4318,0.4318,0.4318,0.4319,0.432,0.4321,0.4322,0.4323,0.4324,0.4325,0.4326,0.4327,0.4328,0.4329,0.433,0.4331,0.4332,0.4333,0.4334,0.4335,0.4337,0.4338,0.4339,0.434,0.4341,0.4342,0.4343,0.4344,0.4345,0.4346,0.4347,0.4348,0.4349,0.435,0.4351,0.4352,0.4354,0.4355,0.4356,0.4357,0.4358,0.4358,0.4357,0.4357,0.4356,0.4356,0.4355,0.4355,0.4354,0.4353,0.4353,0.4352,0.4352,0.4351,0.4351,0.435,0.435,0.4349,0.4349,0.4348,0.4348,0.4347,0.4347,0.4346,0.4346,0.4346,0.4345,0.4345,0.4344,0.4344,0.4343,0.4343,0.4343,0.4342,0.4342,0.4341,0.4341,0.434,0.434,0.434,0.4339,0.4371,0.4402,0.4433,0.4444,0.4447,0.4451,0.4454,0.4457,0.446,0.4463,0.4466,0.4469,0.4473,0.4476,0.4479,0.4482,0.4485,0.4488,0.4492
0.4399,0.44,0.4402,0.4403,0.4404,0.4405,0.4407,0.4408,0.4413,0.4424,0.4435,0.4446,0.4457,0.4466,0.4474,0.4482,0.4487,0.449,0.4494,0.4497,0.4501,0.4505,0.4508,0.4725,0.4772,0.482,0.4869,0.4918,0.3941,0.3799,0.3801,0.3802,0.3803,0.3805,0.3806,0.3808,0.3809,0.381,0.3812,0.3813,0.3814,0.3816,0.3817,0.3819,0.382,0.3821,0.3823,0.3824,0.3826,0.3828,0.383,0.3832,0.3834,0.3835,0.3837,0.3839,0.3841,0.3843,0.3845,0.3847,0.3849,0.3852,0.3854,0.3856,0.3858,0.3861,0.3863,0.3865,0.3867,0.387,0.3872,0.3874,0.3877,0.3879,0.3881,0.3884,0.3886,0.3888,0.389,0.3893,0.3895,0.3897,0.39,0.3902,0.3904,0.3907,0.3909,0.3911,0.3914,0.3916,0.3918,0.3923,0.3928,0.3932,0.3937,0.3944,0.3971,0.4,0.4029,0.4059,0.409,0.4121,0.4152,0.4184,0.4216,0.4583,0.4569,0.4549,0.4536,0.4537,0.4538,0.4539,0.454,0.4541,0.4536,0.4509,0.4484,0.4459,0.4435,0.441,0.4386,0.4362,0.4339,0.4315,0.4292,0.4269,0.4247,0.4224,0.4202,0.42,0.4199,0.4199,0.4199,0.4198,0.4198,0.4198,0.4198,0.4197,0.4197,0.4196,0.4195,0.4194,0.4199,0.4209,0.4219,0.4229,0.424,0.425,0.426,0.427,0.4281,0.4291,0.4301,0.4312,0.432,0.432,0.432,0.4321,0.4321,0.4321,0.4322,0.4322,0.4323,0.4324,0.4325,0.4326,0.4327,0.4328,0.4329,0.433,0.4332,0.4333,0.4334,0.4335,0.4336,0.4337,0.4338,0.4339,0.434,0.4341,0.4342,0.4343,0.4344,0.4345,0.4346,0.4347,0.4349,0.435,0.4351,0.4352,0.4353,0.4354,0.4355,0.4356,0.4357,0.4358,0.4359,0.436,0.4359,0.4359,0.4358,0.4358,0.4357,0.4357,0.4356,0.4355,0.4355,0.4354,0.4354,0.4353,0.4353,0.4352,0.4352,0.4351,0.4351,0.435,0.435,0.4349,0.4349,0.4348,0.4348,0.4348,0.4347,0.4347,0.4346,0.4346,0.4345,0.4345,0.4345,0.4344,0.4344,0.4343,0.4343,0.4342,0.4342,0.4342,0.4341,0.4361,0.4392,0.4424,0.4445,0.4448,0.4451,0.4455,0.4458,0.4461,0.4464,0.4467,0.447,0.4473,0.4477,0.448,0.4483,0.4486,0.4489,0.4492
0.4400,0.4401,0.4402,0.4404,0.4405,0.4406,0.4408,0.4409,0.441,0.442,0.4431,0.4442,0.4453,0.4463,0.4471,0.4479,0.4485,0.4489,0.4492,0.4496,0.45,0.4503,0.4513,0.4567,0.4747,0.4794,0.3794,0.3795,0.3797,0.3798,0.3799,0.3801,0.3802,0.3803,0.3805,0.3806,0.3808,0.3809,0.381,0.3812,0.3813,0.3815,0.3816,0.3817,0.3819,0.382,0.3822,0.3823,0.3825,0.3827,0.3829,0.3831,0.3833,0.3835,0.3837,0.3839,0.3841,0.3843,0.3845,0.3846,0.3848,0.385,0.3853,0.3855,0.3857,0.386,0.3862,0.3864,0.3866,0.3869,0.3871,0.3873,0.3876,0.3878,0.388,0.3882,0.3885,0.3887,0.3889,0.3892,0.3894,0.3896,0.3899,0.3901,0.3903,0.3906,0.3908,0.391,0.3913,0.3915,0.3917,0.3922,0.3927,0.3932,0.3937,0.3942,0.3961,0.3989,0.4019,0.4049,0.4079,0.411,0.4141,0.4173,0.4205,0.4588,0.4571,0.4551,0.4532,0.4531,0.4532,0.4533,0.4536,0.454,0.4542,0.4523,0.4497,0.4472,0.4447,0.4423,0.4399,0.4374,0.4351,0.4327,0.4304,0.4281,0.4258,0.4236,0.4214,0.4203,0.4202,0.4202,0.4202,0.4201,0.4201,0.4201,0.4201,0.42,0.42,0.4199,0.4198,0.4197,0.4197,0.4207,0.4217,0.4227,0.4237,0.4247,0.4257,0.4268,0.4278,0.4288,0.4299,0.4309,0.432,0.4323,0.4323,0.4323,0.4324,0.4324,0.4324,0.4325,0.4325,0.4326,0.4327,0.4328,0.4329,0.433,0.4331,0.4332,0.4333,0.4334,0.4335,0.4336,0.4337,0.4338,0.4339,0.434,0.4341,0.4342,0.4344,0.4345,0.4346,0.4347,0.4348,0.4349,0.435,0.4351,0.4352,0.4353,0.4354,0.4355,0.4356,0.4357,0.4359,0.436,0.4361,0.4362,0.4361,0.4361,0.436,0.436,0.4359,0.4359,0.4358,0.4357,0.4357,0.4356,0.4356,0.4355,0.4355,0.4354,0.4354,0.4353,0.4353,0.4352,0.4352,0.4351,0.4351,0.435,0.435,0.435,0.4349,0.4349,0.4348,0.4348,0.4347,0.4347,0.4347,0.4346,0.4346,0.4345,0.4345,0.4344,0.4344,0.4344,0.4343,0.4347,0.4383,0.4414,0.4445,0.4449,0.4452,0.4455,0.4459,0.4462,0.4465,0.4468,0.4471,0.4474,0.4477,0.4481,0.4484,0.4487,0.449,0.4493
0.4401,0.4402,0.4403,0.4405,0.4406,0.4407,0.4408,0.441,0.4411,0.4417,0.4428,0.4439,0.445,0.446,0.4468,0.4475,0.4483,0.4487,0.4491,0.4495,0.4498,0.4502,0.4541,0.3788,0.379,0.3791,0.3792,0.3794,0.3795,0.3797,0.3798,0.3799,0.3801,0.3802,0.3804,0.3805,0.3806,0.3808,0.3809,0.381,0.3812,0.3813,0.3815,0.3816,0.3817,0.3819,0.382,0.3822,0.3824,0.3826,0.3828,0.383,0.3832,0.3834,0.3836,0.3838,0.384,0.3842,0.3844,0.3846,0.3848,0.385,0.3852,0.3854,0.3856,0.3859,0.3861,0.3863,0.3865,0.3868,0.387,0.3872,0.3875,0.3877,0.3879,0.3881,0.3884,0.3886,0.3888,0.3891,0.3893,0.3895,0.3898,0.39,0.3902,0.3905,0.3907,0.3909,0.3912,0.3914,0.3917,0.3922,0.3927,0.3931,0.3936,0.3941,0.3952,0.398,0.4008,0.4038,0.4068,0.4098,0.4129,0.4161,0.4193,0.4225,0.4573,0.4554,0.4534,0.4526,0.453,0.4535,0.4539,0.4544,0.4545,0.4537,0.4511,0.4485,0.446,0.4435,0.4411,0.4387,0.4363,0.4339,0.4316,0.4293,0.427,0.4247,0.4225,0.4206,0.4205,0.4205,0.4205,0.4205,0.4204,0.4204,0.4204,0.4203,0.4202,0.4201,0.42,0.4199,0.4198,0.4204,0.4214,0.4224,0.4234,0.4245,0.4255,0.4265,0.4275,0.4286,0.4296,0.4307,0.4317,0.4325,0.4326,0.4326,0.4326,0.4327,0.4327,0.4327,0.4328,0.4328,0.4328,0.4329,0.433,0.4331,0.4332,0.4333,0.4334,0.4335,0.4336,0.4338,0.4339,0.434,0.4341,0.4342,0.4343,0.4344,0.4345,0.4346,0.4347,0.4348,0.4349,0.435,0.4351,0.4352,0.4353,0.4355,0.4356,0.4357,0.4358,0.4359,0.436,0.4361,0.4362,0.4363,0.4363,0.4363,0.4362,0.4362,0.4361,0.4361,0.436,0.4359,0.4359,0.4358,0.4358,0.4357,0.4357,0.4356,0.4356,0.4355,0.4355,0.4354,0.4354,0.4353,0.4353,0.4353,0.4352,0.4352,0.4351,0.4351,0.435,0.435,0.435,0.4349,0.4349,0.4348,0.4348,0.4347,0.4347,0.4347,0.4346,0.4346,0.4345,0.4345,0.4373,0.4404,0.4435,0.445,0.4453,0.4456,0.4459,0.4463,0.4466,0.4469,0.4472,0.4475,0.4478,0.4481,0.4485,0.4488,0.4491,0.4494
0.4396,0.4403,0.4404,0.4405,0.4407,0.4408,0.4409,0.4411,0.4412,0.4414,0.4424,0.4435,0.4446,0.4457,0.4465,0.4472,0.448,0.4486,0.4489,0.4493,0.3783,0.3784,0.3786,0.3787,0.3788,0.379,0.3791,0.3793,0.3794,0.3795,0.3797,0.3798,0.3799,0.3801,0.3802,0.3804,0.3805,0.3806,0.3808,0.3809,0.3811,0.3812,0.3813,0.3815,0.3816,0.3818,0.3819,0.3821,0.3823,0.3825,0.3827,0.3829,0.3831,0.3833,0.3835,0.3837,0.3839,0.3841,0.3843,0.3845,0.3847,0.3849,0.3851,0.3853,0.3855,0.3858,0.386,0.3862,0.3864,0.3867,0.3869,0.3871,0.3874,0.3876,0.3878,0.388,0.3883,0.3885,0.3887,0.389,0.3892,0.3894,0.3897,0.3899,0.3901,0.3904,0.3906,0.3908,0.3911,0.3913,0.3916,0.3921,0.3926,0.3931,0.3936,0.3941,0.3946,0.397,0.3998,0.4027,0.4057,0.4087,0.4118,0.415,0.4181,0.4214,0.4477,0.4494,0.451,0.4529,0.4534,0.4539,0.4543,0.4548,0.4547,0.4542,0.4524,0.4499,0.4473,0.4448,0.4424,0.4399,0.4375,0.4352,0.4328,0.4305,0.4282,0.4259,0.4237,0.4214,0.4208,0.4208,0.4208,0.4208,0.4207,0.4207,0.4206,0.4206,0.4205,0.4204,0.4203,0.4202,0.4201,0.4202,0.4212,0.4222,0.4232,0.4242,0.4252,0.4263,0.4273,0.4283,0.4294,0.4304,0.4315,0.4325,0.4328,0.4329,0.4329,0.4329,0.433,0.433,0.433,0.4331,0.4331,0.4331,0.4332,0.4333,0.4334,0.4335,0.4336,0.4337,0.4338,0.4339,0.434,0.4341,0.4342,0.4343,0.4344,0.4345,0.4346,0.4347,0.4349,0.435,0.4351,0.4352,0.4353,0.4354,0.4355,0.4356,0.4357,0.4358,0.4359,0.436,0.4361,0.4362,0.4363,0.4365,0.4365,0.4365,0.4364,0.4364,0.4363,0.4363,0.4362,0.4361,0.4361,0.436,0.436,0.4359,0.4359,0.4358,0.4358,0.4357,0.4357,0.4356,0.4356,0.4355,0.4355,0.4355,0.4354,0.4354,0.4353,0.4353,0.4352,0.4352,0.4352,0.4351,0.4351,0.435,0.435,0.4349,0.4349,0.4349,0.4348,0.4348,0.4347,0.4347,0.4361,0.4394,0.4425,0.4451,0.4454,0.4457,0.446,0.4463,0.4467,0.447,0.4473,0.4476,0.4479,0.4482,0.4486,0.4489,0.4492,0.4495
0.4389,0.4397,0.4405,0.4406,0.4407,0.4409,0.441,0.4411,0.4413,0.4414,0.4421,0.4432,0.4443,0.4454,0.4462,0.4469,0.4477,0.3777,0.3779,0.378,0.3782,0.3783,0.3784,0.3786,0.3787,0.3788,0.379,0.3791,0.3793,0.3794,0.3795,0.3797,0.3798,0.38,0.3801,0.3802,0.3804,0.3805,0.3806,0.3808,0.3809,0.3811,0.3812,0.3813,0.3815,0.3816,0.3818,0.382,0.3822,0.3824,0.3826,0.3828,0.383,0.3832,0.3834,0.3836,0.3838,0.384,0.3842,0.3844,0.3846,0.3848,0.385,0.3852,0.3854,0.3856,0.3859,0.3861,0.3863,0.3866,0.3868,0.387,0.3872,0.3875,0.3877,0.3879,0.3882,0.3884,0.3886,0.3889,0.3891,0.3893,0.3896,0.3898,0.39,0.3902,0.3905,0.3907,0.3909,0.3912,0.3916,0.3921,0.3926,0.3931,0.3935,0.394,0.3945,0.396,0.3988,0.4016,0.4046,0.4076,0.4107,0.4138,0.417,0.4202,0.4235,0.4489,0.4505,0.4527,0.4538,0.4542,0.4547,0.4552,0.455,0.4544,0.4538,0.4513,0.4487,0.4462,0.4437,0.4412,0.4388,0.4364,0.434,0.4317,0.4294,0.4271,0.4248,0.4226,0.4211,0.4211,0.4211,0.4211,0.421,0.421,0.4209,0.4208,0.4207,0.4206,0.4205,0.4204,0.4203,0.42,0.4209,0.4219,0.4229,0.4239,0.425,0.426,0.427,0.4281,0.4291,0.4301,0.4312,0.4322,0.4331,0.4331,0.4332,0.4332,0.4332,0.4333,0.4333,0.4333,0.4334,0.4334,0.4335,0.4335,0.4335,0.4336,0.4337,0.4338,0.4339,0.434,0.4341,0.4342,0.4344,0.4345,0.4346,0.4347,0.4348,0.4349,0.435,0.4351,0.4352,0.4353,0.4354,0.4355,0.4356,0.4357,0.4358,0.436,0.4361,0.4362,0.4363,0.4364,0.4365,0.4366,0.4367,0.4367,0.4366,0.4366,0.4365,0.4365,0.4364,0.4363,0.4363,0.4362,0.4362,0.4361,0.4361,0.436,0.436,0.4359,0.4359,0.4358,0.4358,0.4357,0.4357,0.4357,0.4356,0.4356,0.4355,0.4355,0.4354,0.4354,0.4354,0.4353,0.4353,0.4352,0.4352,0.4351,0.4351,0.4351,0.435,0.435,0.4349,0.4349,0.4348,0.4385,0.4416,0.4447,0.4455,0.4458,0.4461,0.4464,0.4467,0.4471,0.4474,0.4477,0.448,0.4483,0.4486,0.449,0.4493,0.4496
0.4387,0.439,0.4398,0.4406,0.4408,0.441,0.4411,0.4412,0.4414,0.4415,0.4418,0.4429,0.444,0.4451,0.3772,0.3773,0.3775,0.3776,0.3778,0.3779,0.378,0.3782,0.3783,0.3784,0.3786,0.3787,0.3789,0.379,0.3791,0.3793,0.3794,0.3795,0.3797,0.3798,0.38,0.3801,0.3802,0.3804,0.3805,0.3807,0.3808,0.3809,0.3811,0.3812,0.3814,0.3816,0.3818,0.3819,0.3821,0.3823,0.3825,0.3827,0.3829,0.3831,0.3833,0.3835,0.3837,0.3839,0.3841,0.3843,0.3845,0.3847,0.3849,0.3851,0.3853,0.3855,0.3858,0.386,0.3862,0.3865,0.3867,0.3869,0.3871,0.3874,0.3876,0.3878,0.3881,0.3883,0.3885,0.3888,0.389,0.3892,0.3894,0.3897,0.3899,0.3901,0.3904,0.3906,0.3908,0.3911,0.3915,0.392,0.3925,0.393,0.3935,0.394,0.3945,0.395,0.3978,0.4006,0.4035,0.4065,0.4096,0.4127,0.4158,0.419,0.4223,0.4484,0.4501,0.4524,0.4541,0.4546,0.4551,0.4555,0.4553,0.4546,0.4542,0.4526,0.4501,0.4475,0.445,0.4425,0.4401,0.4377,0.4352,0.4329,0.4306,0.4283,0.426,0.4237,0.4215,0.4214,0.4214,0.4214,0.4213,0.4212,0.4211,0.421,0.421,0.4209,0.4208,0.4207,0.4206,0.4204,0.4207,0.4217,0.4227,0.4237,0.4247,0.4257,0.4268,0.4278,0.4288,0.4299,0.4309,0.432,0.433,0.4334,0.4335,0.4335,0.4335,0.4336,0.4336,0.4336,0.4337,0.4337,0.4337,0.4338,0.4338,0.4338,0.4339,0.434,0.4341,0.4342,0.4343,0.4344,0.4345,0.4346,0.4347,0.4348,0.4349,0.435,0.4351,0.4352,0.4353,0.4355,0.4356,0.4357,0.4358,0.4359,0.436,0.4361,0.4362,0.4363,0.4364,0.4365,0.4366,0.4367,0.4368,0.4369,0.4368,0.4368,0.4367,0.4367,0.4366,0.4365,0.4365,0.4364,0.4364,0.4363,0.4363,0.4362,0.4362,0.4361,0.4361,0.436,0.436,0.436,0.4359,0.4359,0.4358,0.4358,0.4357,0.4357,0.4356,0.4356,0.4356,0.4355,0.4355,0.4354,0.4354,0.4353,0.4353,0.4353,0.4352,0.4352,0.4351,0.4351,0.435,0.4374,0.4406,0.4437,0.4456,0.4459,0.4462,0.4465,0.4468,0.4471,0.4475,0.4478,0.4481,0.4484,0.4487,0.449,0.4494,0.4497
0.4390,0.4386,0.4391,0.4399,0.4407,0.441,0.4412,0.4413,0.4414,0.4416,0.4417,0.3767,0.3768,0.3769,0.3771,0.3772,0.3774,0.3775,0.3776,0.3778,0.3779,0.378,0.3782,0.3783,0.3784,0.3786,0.3787,0.3789,0.379,0.3791,0.3793,0.3794,0.3796,0.3797,0.3798,0.38,0.3801,0.3802,0.3804,0.3805,0.3807,0.3808,0.3809,0.3811,0.3813,0.3815,0.3817,0.3819,0.3821,0.3823,0.3824,0.3826,0.3828,0.383,0.3832,0.3834,0.3836,0.3838,0.384,0.3842,0.3844,0.3846,0.3848,0.385,0.3852,0.3854,0.3857,0.3859,0.3861,0.3864,0.3866,0.3868,0.387,0.3873,0.3875,0.3877,0.388,0.3882,0.3884,0.3886,0.3889,0.3891,0.3893,0.3896,0.3898,0.39,0.3903,0.3905,0.3907,0.391,0.3915,0.392,0.3925,0.393,0.3934,0.3939,0.3944,0.3949,0.3968,0.3996,0.4025,0.4054,0.4085,0.4116,0.4147,0.4179,0.4211,0.448,0.4498,0.452,0.4543,0.455,0.4554,0.4559,0.4556,0.4548,0.4544,0.454,0.4514,0.4489,0.4464,0.4439,0.4414,0.4389,0.4365,0.4341,0.4318,0.4295,0.4272,0.4249,0.4227,0.4217,0.4217,0.4217,0.4216,0.4215,0.4214,0.4213,0.4212,0.4211,0.421,0.4209,0.4208,0.4207,0.4205,0.4214,0.4224,0.4234,0.4245,0.4255,0.4265,0.4275,0.4286,0.4296,0.4307,0.4317,0.4328,0.4337,0.4337,0.4338,0.4338,0.4338,0.4339,0.4339,0.4339,0.434,0.434,0.434,0.4341,0.4341,0.4341,0.4342,0.4342,0.4343,0.4344,0.4345,0.4346,0.4347,0.4348,0.435,0.4351,0.4352,0.4353,0.4354,0.4355,0.4356,0.4357,0.4358,0.4359,0.436,0.4361,0.4362,0.4363,0.4364,0.4366,0.4367,0.4368,0.4369,0.437,0.4371,0.437,0.437,0.4369,0.4369,0.4368,0.4367,0.4367,0.4366,0.4366,0.4365,0.4365,0.4364,0.4364,0.4363,0.4363,0.4362,0.4362,0.4362,0.4361,0.4361,0.436,0.436,0.4359,0.4359,0.4359,0.4358,0.4358,0.4357,0.4357,0.4356,0.4356,0.4356,0.4355,0.4355,0.4354,0.4354,0.4353,0.4353,0.4353,0.4361,0.4396,0.4427,0.4457,0.446,0.4463,0.4466,0.4469,0.4472,0.4475,0.4479,0.4482,0.4485,0.4488,0.4491,0.4495,0.4498
0.4393,0.4389,0.4385,0.4392,0.44,0.4408,0.4413,0.4414,0.3761,0.3763,0.3764,0.3765,0.3767,0.3768,0.377,0.3771,0.3772,0.3774,0.3775,0.3776,0.3778,0.3779,0.378,0.3782,0.3783,0.3785,0.3786,0.3787,0.3789,0.379,0.3791,0.3793,0.3794,0.3796,0.3797,0.3798,0.38,0.3801,0.3803,0.3804,0.3805,0.3807,0.3808,0.381,0.3812,0.3814,0.3816,0.3818,0.382,0.3822,0.3824,0.3826,0.3828,0.383,0.3831,0.3833,0.3835,0.3837,0.3839,0.3841,0.3843,0.3845,0.3847,0.3849,0.3851,0.3853,0.3856,0.3858,0.386,0.3863,0.3865,0.3867,0.3869,0.3872,0.3874,0.3876,0.3879,0.3881,0.3883,0.3885,0.3888,0.389,0.3892,0.3895,0.3897,0.3899,0.3902,0.3904,0.3906,0.3909,0.3914,0.3919,0.3924,0.3929,0.3934,0.3939,0.3944,0.3949,0.3958,0.3986,0.4015,0.4043,0.4074,0.4104,0.4135,0.4167,0.4199,0.4232,0.4494,0.4517,0.454,0.4553,0.4558,0.4563,0.4558,0.455,0.4546,0.4542,0.4528,0.4502,0.4477,0.4452,0.4427,0.4402,0.4378,0.4354,0.433,0.4307,0.4284,0.4261,0.4238,0.422,0.422,0.4219,0.4218,0.4217,0.4216,0.4215,0.4214,0.4213,0.4213,0.4212,0.4211,0.421,0.4207,0.4212,0.4222,0.4232,0.4242,0.4252,0.4262,0.4273,0.4283,0.4293,0.4304,0.4314,0.4325,0.4336,0.434,0.434,0.4341,0.4341,0.4341,0.4342,0.4342,0.4342,0.4343,0.4343,0.4343,0.4344,0.4344,0.4344,0.4345,0.4345,0.4346,0.4347,0.4348,0.4349,0.435,0.4351,0.4352,0.4353,0.4354,0.4355,0.4356,0.4357,0.4358,0.4359,0.4361,0.4362,0.4363,0.4364,0.4365,0.4366,0.4367,0.4368,0.4369,0.437,0.4371,0.4372,0.4372,0.4372,0.4371,0.4371,0.437,0.4369,0.4369,0.4368,0.4368,0.4367,0.4367,0.4366,0.4366,0.4365,0.4365,0.4364,0.4364,0.4364,0.4363,0.4363,0.4362,0.4362,0.4361,0.4361,0.4361,0.436,0.436,0.4359,0.4359,0.4358,0.4358,0.4358,0.4357,0.4357,0.4356,0.4356,0.4355,0.4355,0.4355,0.4354,0.4386,0.4418,0.4449,0.4461,0.4464,0.4467,0.447,0.4473,0.4476,0.4479,0.4483,0.4486,0.4489,0.4492,0.4495,0.4499
0.4396,0.4392,0.4389,0.4385,0.4393,0.3756,0.3757,0.3759,0.376,0.3761,0.3763,0.3764,0.3766,0.3767,0.3768,0.377,0.3771,0.3772,0.3774,0.3775,0.3776,0.3778,0.3779,0.3781,0.3782,0.3783,0.3785,0.3786,0.3787,0.3789,0.379,0.3792,0.3793,0.3794,0.3796,0.3797,0.3798,0.38,0.3801,0.3803,0.3804,0.3805,0.3807,0.3809,0.3811,0.3813,0.3815,0.3817,0.3819,0.3821,0.3823,0.3825,0.3827,0.3829,0.3831,0.3833,0.3835,0.3837,0.3838,0.384,0.3842,0.3844,0.3846,0.3848,0.385,0.3852,0.3855,0.3857,0.3859,0.3861,0.3864,0.3866,0.3868,0.3871,0.3873,0.3875,0.3878,0.388,0.3882,0.3884,0.3887,0.3889,0.3891,0.3894,0.3896,0.3898,0.3901,0.3903,0.3905,0.3909,0.3914,0.3919,0.3924,0.3929,0.3933,0.3938,0.3943,0.3948,0.3953,0.3976,0.4005,0.4033,0.4063,0.4093,0.4124,0.4156,0.4187,0.422,0.4491,0.4513,0.4536,0.4557,0.4562,0.4566,0.4561,0.4552,0.4548,0.4544,0.454,0.4516,0.449,0.4465,0.444,0.4416,0.4391,0.4367,0.4343,0.4319,0.4296,0.4273,0.425,0.4227,0.4223,0.4222,0.4221,0.422,0.4219,0.4218,0.4217,0.4216,0.4215,0.4214,0.4213,0.4212,0.421,0.421,0.4219,0.4229,0.4239,0.425,0.426,0.427,0.428,0.4291,0.4301,0.4312,0.4322,0.4333,0.4343,0.4343,0.4343,0.4344,0.4344,0.4344,0.4345,0.4345,0.4345,0.4346,0.4346,0.4347,0.4347,0.4347,0.4348,0.4348,0.4348,0.4349,0.4349,0.435,0.4351,0.4352,0.4353,0.4354,0.4356,0.4357,0.4358,0.4359,0.436,0.4361,0.4362,0.4363,0.4364,0.4365,0.4366,0.4367,0.4368,0.4369,0.4371,0.4372,0.4373,0.4374,0.4374,0.4374,0.4373,0.4373,0.4372,0.4372,0.4371,0.437,0.437,0.4369,0.4369,0.4368,0.4368,0.4367,0.4367,0.4367,0.4366,0.4366,0.4365,0.4365,0.4364,0.4364,0.4363,0.4363,0.4363,0.4362,0.4362,0.4361,0.4361,0.436,0.436,0.436,0.4359,0.4359,0.4358,0.4358,0.4357,0.4357,0.4357,0.4356,0.4374,0.4408,0.4439,0.4461,0.4465,0.4468,0.4471,0.4474,0.4477,0.448,0.4484,0.4487,0.449,0.4493,0.4496,0.4499
0.4399,0.4396,0.3751,0.3752,0.3753,0.3755,0.3756,0.3757,0.3759,0.376,0.3762,0.3763,0.3764,0.3766,0.3767,0.3768,0.377,0.3771,0.3772,0.3774,0.3775,0.3777,0.3778,0.3779,0.3781,0.3782,0.3783,0.3785,0.3786,0.3787,0.3789,0.379,0.3792,0.3793,0.3794,0.3796,0.3797,0.3799,0.38,0.3801,0.3803,0.3804,0.3806,0.3808,0.381,0.3812,0.3814,0.3816,0.3818,0.382,0.3822,0.3824,0.3826,0.3828,0.383,0.3832,0.3834,0.3836,0.3838,0.384,0.3842,0.3844,0.3846,0.3848,0.3849,0.3851,0.3854,0.3856,0.3858,0.386,0.3863,0.3865,0.3867,0.387,0.3872,0.3874,0.3876,0.3879,0.3881,0.3883,0.3886,0.3888,0.389,0.3893,0.3895,0.3897,0.39,0.3902,0.3904,0.3908,0.3913,0.3918,0.3923,0.3928,0.3933,0.3938,0.3943,0.3948,0.3953,0.3966,0.3995,0.4023,0.4052,0.4082,0.4113,0.4144,0.4176,0.4208,0.4241,0.451,0.4533,0.4555,0.4565,0.457,0.4564,0.4554,0.455,0.4546,0.4542,0.453,0.4504,0.4479,0.4454,0.4429,0.4404,0.438,0.4356,0.4332,0.4308,0.4285,0.4262,0.4239,0.4225,0.4224,0.4223,0.4222,0.4221,0.422,0.4219,0.4218,0.4217,0.4217,0.4216,0.4215,0.4214,0.421,0.4217,0.4227,0.4237,0.4247,0.4257,0.4268,0.4278,0.4288,0.4299,0.4309,0.432,0.433,0.4341,0.4346,0.4346,0.4347,0.4347,0.4347,0.4348,0.4348,0.4348,0.4349,0.4349,0.4349,0.435,0.435,0.435,0.4351,0.4351,0.4351,0.4352,0.4352,0.4353,0.4354,0.4355,0.4356,0.4357,0.4358,0.4359,0.436,0.4361,0.4362,0.4363,0.4364,0.4366,0.4367,0.4368,0.4369,0.437,0.4371,0.4372,0.4373,0.4374,0.4375,0.4376,0.4376,0.4375,0.4375,0.4374,0.4374,0.4373,0.4372,0.4372,0.4371,0.4371,0.437,0.437,0.4369,0.4369,0.4369,0.4368,0.4368,0.4367,0.4367,0.4366,0.4366,0.4366,0.4365,0.4365,0.4364,0.4364,0.4363,0.4363,0.4363,0.4362,0.4362,0.4361,0.4361,0.436,0.436,0.4359,0.4359,0.4359,0.4358,0.4361,0.4398,0.4429,0.4461,0.4465,0.4469,0.4472,0.4475,0.4478,0.4481,0.4484,0.4488,0.4491,0.4494,0.4497,0.45
0.3747,0.3748,0.3749,0.3751,0.3752,0.3753,0.3755,0.3756,0.3758,0.3759,0.376,0.3762,0.3763,0.3764,0.3766,0.3767,0.3768,0.377,0.3771,0.3772,0.3774,0.3775,0.3777,0.3778,0.3779,0.3781,0.3782,0.3783,0.3785,0.3786,0.3788,0.3789,0.379,0.3792,0.3793,0.3794,0.3796,0.3797,0.3799,0.38,0.3802,0.3804,0.3806,0.3807,0.3809,0.3811,0.3813,0.3815,0.3817,0.3819,0.3821,0.3823,0.3825,0.3827,0.3829,0.3831,0.3833,0.3835,0.3837,0.3839,0.3841,0.3843,0.3845,0.3847,0.3849,0.3851,0.3853,0.3855,0.3857,0.3859,0.3862,0.3864,0.3866,0.3869,0.3871,0.3873,0.3875,0.3878,0.388,0.3882,0.3885,0.3887,0.3889,0.3892,0.3894,0.3896,0.3899,0.3901,0.3903,0.3908,0.3913,0.3918,0.3923,0.3928,0.3932,0.3937,0.3942,0.3947,0.3952,0.3957,0.3985,0.4013,0.4042,0.4071,0.4102,0.4133,0.4164,0.4196,0.4229,0.4506,0.4529,0.4552,0.4569,0.4574,0.4567,0.4557,0.4552,0.4548,0.4544,0.454,0.4518,0.4492,0.4467,0.4442,0.4417,0.4393,0.4369,0.4345,0.4321,0.4298,0.4274,0.4252,0.4228,0.4227,0.4226,0.4225,0.4224,0.4223,0.4222,0.4221,0.422,0.4219,0.4218,0.4217,0.4216,0.4213,0.4215,0.4224,0.4234,0.4244,0.4255,0.4265,0.4275,0.4286,0.4296,0.4306,0.4317,0.4328,0.4338,0.4349,0.4349,0.4349,0.435,0.435,0.435,0.4351,0.4351,0.4351,0.4352,0.4352,0.4352,0.4353,0.4353,0.4353,0.4354,0.4354,0.4354,0.4355,0.4355,0.4355,0.4356,0.4357,0.4358,0.4359,0.4361,0.4362,0.4363,0.4364,0.4365,0.4366,0.4367,0.4368,0.4369,0.437,0.4371,0.4372,0.4373,0.4374,0.4376,0.4377,0.4378,0.4378,0.4377,0.4377,0.4376,0.4376,0.4375,0.4374,0.4374,0.4373,0.4373,0.4372,0.4372,0.4371,0.4371,0.4371,0.437,0.437,0.4369,0.4369,0.4368,0.4368,0.4368,0.4367,0.4367,0.4366,0.4366,0.4365,0.4365,0.4365,0.4364,0.4364,0.4363,0.4363,0.4362,0.4362,0.4362,0.4361,0.4361,0.436,0.436,0.4388,0.4419,0.4451,0.4466,0.4469,0.4473,0.4476,0.4479,0.4482,0.4485,0.4488,0.4492,0.4495,0.4498,0.4501
0.3745,0.3747,0.3748,0.3749,0.3751,0.3752,0.3754,0.3755,0.3756,0.3758,0.3759,0.376,0.3762,0.3763,0.3764,0.3766,0.3767,0.3768,0.377,0.3771,0.3773,0.3774,0.3775,0.3777,0.3778,0.3779,0.3781,0.3782,0.3784,0.3785,0.3786,0.3788,0.3789,0.379,0.3792,0.3793,0.3795,0.3796,0.3797,0.3799,0.3801,0.3803,0.3805,0.3807,0.3809,0.381,0.3812,0.3814,0.3816,0.3818,0.382,0.3822,0.3824,0.3826,0.3828,0.383,0.3832,0.3834,0.3836,0.3838,0.384,0.3842,0.3844,0.3846,0.3848,0.385,0.3852,0.3854,0.3856,0.3858,0.3861,0.3863,0.3865,0.3868,0.387,0.3872,0.3874,0.3877,0.3879,0.3881,0.3884,0.3886,0.3888,0.3891,0.3893,0.3895,0.3897,0.39,0.3903,0.3907,0.3912,0.3917,0.3922,0.3927,0.3932,0.3937,0.3942,0.3947,0.3952,0.3957,0.3975,0.4003,0.4031,0.406,0.4091,0.4121,0.4153,0.4185,0.4217,0.4503,0.4526,0.4548,0.4571,0.4578,0.4569,0.456,0.4554,0.455,0.4546,0.4542,0.4532,0.4506,0.448,0.4455,0.443,0.4406,0.4381,0.4357,0.4334,0.431,0.4287,0.4264,0.424,0.4229,0.4228,0.4227,0.4226,0.4225,0.4224,0.4223,0.4222,0.4221,0.422,0.422,0.4219,0.4217,0.4212,0.4222,0.4232,0.4242,0.4252,0.4262,0.4273,0.4283,0.4293,0.4304,0.4314,0.4325,0.4335,0.4346,0.4352,0.4352,0.4352,0.4353,0.4353,0.4353,0.4354,0.4354,0.4354,0.4355,0.4355,0.4355,0.4356,0.4356,0.4356,0.4357,0.4357,0.4358,0.4358,0.4358,0.4359,0.4359,0.436,0.4361,0.4362,0.4363,0.4364,0.4365,0.4366,0.4367,0.4368,0.4369,0.4371,0.4372,0.4373,0.4374,0.4375,0.4376,0.4377,0.4378,0.4379,0.438,0.4379,0.4379,0.4378,0.4378,0.4377,0.4376,0.4376,0.4375,0.4375,0.4374,0.4374,0.4374,0.4373,0.4373,0.4372,0.4372,0.4371,0.4371,0.4371,0.437,0.437,0.4369,0.4369,0.4368,0.4368,0.4367,0.4367,0.4367,0.4366,0.4366,0.4365,0.4365,0.4364,0.4364,0.4364,0.4363,0.4363,0.4362,0.4362,0.4374,0.441,0.4441,0.4467,0.447,0.4473,0.4477,0.448,0.4483,0.4486,0.4489,0.4492,0.4496,0.4499,0.4502
0.3744,0.3746,0.3747,0.3748,0.375,0.3751,0.3752,0.3754,0.3755,0.3756,0.3758,0.3759,0.376,0.3762,0.3763,0.3764,0.3766,0.3767,0.3769,0.377,0.3771,0.3773,0.3774,0.3775,0.3777,0.3778,0.3779,0.3781,0.3782,0.3784,0.3785,0.3786,0.3788,0.3789,0.379,0.3792,0.3793,0.3795,0.3796,0.3798,0.38,0.3802,0.3804,0.3806,0.3808,0.381,0.3812,0.3814,0.3815,0.3817,0.3819,0.3821,0.3823,0.3825,0.3827,0.3829,0.3831,0.3833,0.3835,0.3837,0.3839,0.3841,0.3843,0.3845,0.3847,0.3849,0.3851,0.3853,0.3855,0.3857,0.386,0.3862,0.3864,0.3867,0.3869,0.3871,0.3873,0.3876,0.3878,0.388,0.3883,0.3885,0.3887,0.3889,0.3892,0.3894,0.3896,0.3899,0.3902,0.3907,0.3912,0.3917,0.3922,0.3927,0.3931,0.3936,0.3941,0.3946,0.3951,0.3956,0.3965,0.3993,0.4021,0.405,0.4079,0.411,0.4141,0.4173,0.4205,0.4238,0.4522,0.4545,0.4568,0.4581,0.4572,0.4562,0.4556,0.4552,0.4548,0.4544,0.454,0.452,0.4494,0.4469,0.4444,0.4419,0.4394,0.437,0.4346,0.4323,0.4299,0.4276,0.4253,0.4232,0.4231,0.423,0.4229,0.4228,0.4227,0.4226,0.4225,0.4224,0.4223,0.4222,0.4221,0.422,0.4216,0.422,0.423,0.424,0.425,0.426,0.427,0.428,0.4291,0.4301,0.4312,0.4322,0.4333,0.4343,0.4354,0.4355,0.4355,0.4355,0.4356,0.4356,0.4357,0.4357,0.4357,0.4358,0.4358,0.4358,0.4359,0.4359,0.4359,0.436,0.436,0.436,0.4361,0.4361,0.4361,0.4362,0.4362,0.4362,0.4363,0.4364,0.4365,0.4367,0.4368,0.4369,0.437,0.4371,0.4372,0.4373,0.4374,0.4375,0.4376,0.4377,0.4378,0.4379,0.4381,0.4382,0.4381,0.4381,0.438,0.438,0.4379,0.4378,0.4378,0.4377,0.4377,0.4376,0.4376,0.4376,0.4375,0.4375,0.4374,0.4374,0.4373,0.4373,0.4373,0.4372,0.4372,0.4371,0.4371,0.437,0.437,0.437,0.4369,0.4369,0.4368,0.4368,0.4367,0.4367,0.4367,0.4366,0.4366,0.4365,0.4365,0.4364,0.4364,0.4363,0.44,0.4431,0.4463,0.4471,0.4474,0.4477,0.4481,0.4484,0.4487,0.449,0.4493,0.4497,0.45,0.4503
0.3743,0.3744,0.3746,0.3747,0.3748,0.375,0.3751,0.3752,0.3754,0.3755,0.3756,0.3758,0.3759,0.376,0.3762,0.3763,0.3765,0.3766,0.3767,0.3769,0.377,0.3771,0.3773,0.3774,0.3775,0.3777,0.3778,0.378,0.3781,0.3782,0.3784,0.3785,0.3786,0.3788,0.3789,0.3791,0.3792,0.3793,0.3795,0.3797,0.3799,0.3801,0.3803,0.3805,0.3807,0.3809,0.3811,0.3813,0.3815,0.3817,0.3819,0.382,0.3822,0.3824,0.3826,0.3828,0.383,0.3832,0.3834,0.3836,0.3838,0.384,0.3842,0.3844,0.3846,0.3848,0.385,0.3852,0.3854,0.3856,0.3859,0.3861,0.3863,0.3865,0.3868,0.387,0.3872,0.3875,0.3877,0.3879,0.3882,0.3884,0.3886,0.3888,0.3891,0.3893,0.3895,0.3898,0.3902,0.3907,0.3911,0.3916,0.3921,0.3926,0.3931,0.3936,0.3941,0.3946,0.3951,0.3956,0.3961,0.3983,0.4011,0.404,0.4069,0.4099,0.413,0.4162,0.4194,0.4226,0.4541,0.4554,0.4566,0.4584,0.4575,0.4565,0.4558,0.4554,0.455,0.4546,0.4542,0.4533,0.4508,0.4482,0.4457,0.4432,0.4407,0.4383,0.4359,0.4335,0.4312,0.4288,0.4265,0.4238,0.4233,0.4232,0.4231,0.423,0.4229,0.4228,0.4227,0.4226,0.4225,0.4224,0.4224,0.4223,0.4219,0.4217,0.4227,0.4237,0.4247,0.4257,0.4267,0.4278,0.4288,0.4299,0.4309,0.432,0.433,0.4341,0.4351,0.4358,0.4358,0.4358,0.4359,0.4359,0.4359,0.436,0.436,0.436,0.4361,0.4361,0.4361,0.4362,0.4362,0.4362,0.4363,0.4363,0.4363,0.4364,0.4364,0.4364,0.4365,0.4365,0.4365,0.4366,0.4367,0.4368,0.4369,0.437,0.4371,0.4372,0.4373,0.4374,0.4376,0.4377,0.4378,0.4379,0.438,0.4381,0.4382,0.4383,0.4383,0.4383,0.4382,0.4382,0.4381,0.438,0.438,0.4379,0.4379,0.4379,0.4378,0.4378,0.4377,0.4377,0.4376,0.4376,0.4375,0.4375,0.4375,0.4374,0.4374,0.4373,0.4373,0.4372,0.4372,0.4372,0.4371,0.4371,0.437,0.437,0.4369,0.4369,0.4369,0.4368,0.4368,0.4367,0.4367,0.4366,0.4366,0.4366,0.4388,0.4421,0.4453,0.4472,0.4475,0.4478,0.4482,0.4485,0.4488,0.4491,0.4494,0.4497,0.4501,0.4504
0.3742,0.3743,0.3744,0.3746,0.3747,0.3748,0.375,0.3751,0.3752,0.3754,0.3755,0.3756,0.3758,0.3759,0.3761,0.3762,0.3763,0.3765,0.3766,0.3767,0.3769,0.377,0.3771,0.3773,0.3774,0.3776,0.3777,0.3778,0.378,0.3781,0.3782,0.3784,0.3785,0.3786,0.3788,0.3789,0.3791,0.3792,0.3794,0.3796,0.3798,0.38,0.3802,0.3804,0.3806,0.3808,0.381,0.3812,0.3814,0.3816,0.3818,0.382,0.3822,0.3824,0.3825,0.3827,0.3829,0.3831,0.3833,0.3835,0.3837,0.3839,0.3841,0.3843,0.3845,0.3847,0.3849,0.3851,0.3853,0.3855,0.3858,0.386,0.3862,0.3864,0.3867,0.3869,0.3871,0.3874,0.3876,0.3878,0.388,0.3883,0.3885,0.3887,0.389,0.3892,0.3894,0.3897,0.3901,0.3906,0.3911,0.3916,0.3921,0.3926,0.3931,0.3935,0.394,0.3945,0.395,0.3955,0.396,0.3973,0.4001,0.403,0.4059,0.4088,0.4119,0.415,0.4182,0.4214,0.4247,0.4602,0.4592,0.4579,0.4578,0.4568,0.456,0.4556,0.4552,0.4548,0.4544,0.454,0.4521,0.4496,0.447,0.4445,0.4421,0.4396,0.4372,0.4348,0.4324,0.4301,0.4278,0.4251,0.4236,0.4235,0.4234,0.4233,0.4232,0.4231,0.423,0.4229,0.4228,0.4227,0.4226,0.4225,0.4223,0.4219,0.4225,0.4235,0.4245,0.4255,0.4265,0.4275,0.4286,0.4296,0.4306,0.4317,0.4327,0.4338,0.4349,0.4359,0.4361,0.4361,0.4361,0.4362,0.4362,0.4362,0.4363,0.4363,0.4363,0.4364,0.4364,0.4364,0.4365,0.4365,0.4365,0.4366,0.4366,0.4367,0.4367,0.4367,0.4368,0.4368,0.4368,0.4369,0.4369,0.4369,0.437,0.4372,0.4373,0.4374,0.4375,0.4376,0.4377,0.4378,0.4379,0.438,0.4381,0.4382,0.4383,0.4385,0.4385,0.4385,0.4384,0.4384,0.4383,0.4383,0.4382,0.4381,0.4381,0.4381,0.438,0.438,0.4379,0.4379,0.4378,0.4378,0.4378,0.4377,0.4377,0.4376,0.4376,0.4375,0.4375,0.4375,0.4374,0.4374,0.4373,0.4373,0.4372,0.4372,0.4371,0.4371,0.4371,0.437,0.437,0.4369,0.4369,0.4368,0.4368,0.4368,0.4374,0.4412,0.4443,0.4473,0.4476,0.4479,0.4482,0.4486,0.4489,0.4492,0.4495,0.4498,0.4502,0.4505
0.3740,0.3742,0.3743,0.3744,0.3746,0.3747,0.3748,0.375,0.3751,0.3752,0.3754,0.3755,0.3757,0.3758,0.3759,0.3761,0.3762,0.3763,0.3765,0.3766,0.3767,0.3769,0.377,0.3771,0.3773,0.3774,0.3776,0.3777,0.3778,0.378,0.3781,0.3782,0.3784,0.3785,0.3787,0.3788,0.379,0.3792,0.3794,0.3796,0.3797,0.3799,0.3801,0.3803,0.3805,0.3807,0.3809,0.3811,0.3813,0.3815,0.3817,0.3819,0.3821,0.3823,0.3825,0.3827,0.3829,0.3831,0.3832,0.3834,0.3836,0.3838,0.384,0.3842,0.3844,0.3846,0.3848,0.385,0.3852,0.3854,0.3857,0.3859,0.3861,0.3863,0.3866,0.3868,0.387,0.3873,0.3875,0.3877,0.3879,0.3882,0.3884,0.3886,0.3889,0.3891,0.3893,0.3896,0.3901,0.3906,0.391,0.3915,0.392,0.3925,0.393,0.3935,0.394,0.3945,0.395,0.3955,0.396,0.3965,0.3991,0.402,0.4049,0.4078,0.4108,0.4139,0.417,0.4203,0.4235,0.4598,0.4571,0.457,0.458,0.4571,0.4562,0.4558,0.4554,0.455,0.4546,0.4542,0.4535,0.4509,0.4484,0.4459,0.4434,0.4409,0.4385,0.4361,0.4337,0.4313,0.429,0.4264,0.4238,0.4237,0.4236,0.4235,0.4234,0.4233,0.4232,0.4231,0.423,0.4229,0.4228,0.4228,0.4226,0.4222,0.4222,0.4232,0.4242,0.4252,0.4262,0.4273,0.4283,0.4293,0.4304,0.4314,0.4325,0.4335,0.4346,0.4357,0.4363,0.4364,0.4364,0.4364,0.4365,0.4365,0.4366,0.4366,0.4366,0.4367,0.4367,0.4367,0.4368,0.4368,0.4368,0.4369,0.4369,0.4369,0.437,0.437,0.437,0.4371,0.4371,0.4371,0.4372,0.4372,0.4372,0.4373,0.4374,0.4375,0.4376,0.4377,0.4378,0.4379,0.4381,0.4382,0.4383,0.4384,0.4385,0.4386,0.4387,0.4387,0.4386,0.4386,0.4385,0.4385,0.4384,0.4384,0.4383,0.4383,0.4382,0.4382,0.4381,0.4381,0.438,0.438,0.438,0.4379,0.4379,0.4378,0.4378,0.4377,0.4377,0.4377,0.4376,0.4376,0.4375,0.4375,0.4374,0.4374,0.4374,0.4373,0.4373,0.4372,0.4372,0.4371,0.4371,0.437,0.437,0.437,0.4369,0.4401,0.4433,0.4465,0.4477,0.448,0.4483,0.4486,0.449,0.4493,0.4496,0.4499,0.4502,0.4506
0.3739,0.374,0.3742,0.3743,0.3744,0.3746,0.3747,0.3749,0.375,0.3751,0.3753,0.3754,0.3755,0.3757,0.3758,0.3759,0.3761,0.3762,0.3763,0.3765,0.3766,0.3767,0.3769,0.377,0.3772,0.3773,0.3774,0.3776,0.3777,0.3778,0.378,0.3781,0.3783,0.3784,0.3785,0.3787,0.3789,0.3791,0.3793,0.3795,0.3797,0.3799,0.38,0.3802,0.3804,0.3806,0.3808,0.381,0.3812,0.3814,0.3816,0.3818,0.382,0.3822,0.3824,0.3826,0.3828,0.383,0.3832,0.3834,0.3836,0.3838,0.3839,0.3841,0.3843,0.3845,0.3847,0.3849,0.3851,0.3853,0.3856,0.3858,0.386,0.3862,0.3865,0.3867,0.3869,0.3872,0.3874,0.3876,0.3878,0.3881,0.3883,0.3885,0.3888,0.389,0.3892,0.3895,0.39,0.3905,0.391,0.3915,0.392,0.3925,0.393,0.3934,0.3939,0.3944,0.3949,0.3954,0.3959,0.3964,0.3981,0.401,0.4038,0.4067,0.4097,0.4127,0.4159,0.4191,0.4223,0.4256,0.4549,0.4561,0.458,0.4573,0.4564,0.456,0.4556,0.4552,0.4548,0.4544,0.454,0.4523,0.4497,0.4472,0.4447,0.4422,0.4398,0.4374,0.435,0.4326,0.4302,0.4278,0.425,0.424,0.4239,0.4238,0.4237,0.4236,0.4235,0.4234,0.4233,0.4232,0.4231,0.423,0.4229,0.4226,0.4222,0.423,0.424,0.425,0.426,0.427,0.428,0.4291,0.4301,0.4312,0.4322,0.4333,0.4343,0.4354,0.4365,0.4367,0.4367,0.4367,0.4368,0.4368,0.4368,0.4369,0.4369,0.4369,0.437,0.437,0.437,0.4371,0.4371,0.4371,0.4372,0.4372,0.4372,0.4373,0.4373,0.4373,0.4374,0.4374,0.4375,0.4375,0.4375,0.4376,0.4376,0.4377,0.4378,0.4379,0.438,0.4381,0.4382,0.4383,0.4384,0.4385,0.4386,0.4387,0.4388,0.4389,0.4388,0.4388,0.4387,0.4387,0.4386,0.4386,0.4385,0.4385,0.4384,0.4384,0.4383,0.4383,0.4383,0.4382,0.4382,0.4381,0.4381,0.438,0.438,0.438,0.4379,0.4379,0.4378,0.4378,0.4377,0.4377,0.4376,0.4376,0.4376,0.4375,0.4375,0.4374,0.4374,0.4373,0.4373,0.4373,0.4372,0.4372,0.4371,0.4388,0.4423,0.4455,0.4478,0.4481,0.4484,0.4487,0.449,0.4494,0.4497,0.45,0.4503,0.4506
0.3738,0.3739,0.3741,0.3742,0.3743,0.3745,0.3746,0.3747,0.3749,0.375,0.3751,0.3753,0.3754,0.3755,0.3757,0.3758,0.3759,0.3761,0.3762,0.3763,0.3765,0.3766,0.3768,0.3769,0.377,0.3772,0.3773,0.3774,0.3776,0.3777,0.3778,0.378,0.3781,0.3783,0.3784,0.3786,0.3788,0.379,0.3792,0.3794,0.3796,0.3798,0.38,0.3802,0.3803,0.3805,0.3807,0.3809,0.3811,0.3813,0.3815,0.3817,0.3819,0.3821,0.3823,0.3825,0.3827,0.3829,0.3831,0.3833,0.3835,0.3837,0.3839,0.3841,0.3843,0.3845,0.3847,0.3849,0.3851,0.3852,0.3855,0.3857,0.3859,0.3861,0.3864,0.3866,0.3868,0.387,0.3873,0.3875,0.3877,0.388,0.3882,0.3884,0.3887,0.3889,0.3891,0.3895,0.39,0.3905,0.3909,0.3914,0.3919,0.3924,0.3929,0.3934,0.3939,0.3944,0.3949,0.3954,0.3959,0.3964,0.3971,0.4,0.4028,0.4057,0.4086,0.4116,0.4147,0.4179,0.4212,0.4244,0.4533,0.4552,0.4571,0.4576,0.4567,0.4562,0.4558,0.4554,0.455,0.4546,0.4542,0.4537,0.4511,0.4486,0.446,0.4435,0.4411,0.4386,0.4362,0.4338,0.4315,0.4291,0.4263,0.4242,0.4241,0.424,0.4239,0.4238,0.4237,0.4236,0.4235,0.4234,0.4233,0.4232,0.4232,0.4229,0.4225,0.4227,0.4237,0.4247,0.4257,0.4267,0.4278,0.4288,0.4298,0.4309,0.4319,0.433,0.4341,0.4351,0.4362,0.4369,0.437,0.437,0.437,0.4371,0.4371,0.4371,0.4372,0.4372,0.4372,0.4373,0.4373,0.4373,0.4374,0.4374,0.4375,0.4375,0.4375,0.4376,0.4376,0.4376,0.4377,0.4377,0.4377,0.4378,0.4378,0.4378,0.4379,0.4379,0.4379,0.438,0.4381,0.4382,0.4383,0.4384,0.4386,0.4387,0.4388,0.4389,0.439,0.4391,0.439,0.439,0.4389,0.4389,0.4388,0.4388,0.4387,0.4387,0.4386,0.4386,0.4385,0.4385,0.4385,0.4384,0.4384,0.4383,0.4383,0.4382,0.4382,0.4382,0.4381,0.4381,0.438,0.438,0.4379,0.4379,0.4379,0.4378,0.4378,0.4377,0.4377,0.4376,0.4376,0.4375,0.4375,0.4375,0.4374,0.4374,0.4373,0.4374,0.4413,0.4445,0.4477,0.4482,0.4485,0.4488,0.4491,0.4495,0.4498,0.4501,0.4504,0.4507
0.3737,0.3738,0.3739,0.3741,0.3742,0.3743,0.3745,0.3746,0.3747,0.3749,0.375,0.3751,0.3753,0.3754,0.3755,0.3757,0.3758,0.3759,0.3761,0.3762,0.3764,0.3765,0.3766,0.3768,0.3769,0.377,0.3772,0.3773,0.3774,0.3776,0.3777,0.3779,0.378,0.3781,0.3783,0.3785,0.3787,0.3789,0.3791,0.3793,0.3795,0.3797,0.3799,0.3801,0.3803,0.3805,0.3807,0.3808,0.381,0.3812,0.3814,0.3816,0.3818,0.382,0.3822,0.3824,0.3826,0.3828,0.383,0.3832,0.3834,0.3836,0.3838,0.384,0.3842,0.3844,0.3846,0.3848,0.385,0.3852,0.3854,0.3856,0.3858,0.386,0.3863,0.3865,0.3867,0.3869,0.3872,0.3874,0.3876,0.3879,0.3881,0.3883,0.3886,0.3888,0.389,0.3894,0.3899,0.3904,0.3909,0.3914,0.3919,0.3924,0.3929,0.3933,0.3938,0.3943,0.3948,0.3953,0.3958,0.3963,0.3968,0.399,0.4018,0.4047,0.4076,0.4106,0.4136,0.4168,0.42,0.4232,0.4524,0.4543,0.4563,0.4579,0.4569,0.4563,0.456,0.4556,0.4552,0.4548,0.4544,0.454,0.4525,0.4499,0.4474,0.4449,0.4424,0.4399,0.4375,0.4351,0.4327,0.4304,0.4276,0.4248,0.4244,0.4243,0.4242,0.4241,0.424,0.4239,0.4238,0.4237,0.4236,0.4235,0.4234,0.4233,0.4229,0.4225,0.4235,0.4245,0.4255,0.4265,0.4275,0.4285,0.4296,0.4306,0.4317,0.4327,0.4338,0.4349,0.4359,0.437,0.4372,0.4373,0.4373,0.4374,0.4374,0.4374,0.4375,0.4375,0.4375,0.4376,0.4376,0.4376,0.4377,0.4377,0.4377,0.4378,0.4378,0.4378,0.4379,0.4379,0.4379,0.438,0.438,0.438,0.4381,0.4381,0.4381,0.4382,0.4382,0.4383,0.4383,0.4384,0.4385,0.4386,0.4387,0.4388,0.4389,0.439,0.4391,0.4392,0.4392,0.4392,0.4391,0.4391,0.439,0.439,0.4389,0.4389,0.4388,0.4388,0.4388,0.4387,0.4387,0.4386,0.4386,0.4385,0.4385,0.4385,0.4384,0.4384,0.4383,0.4383,0.4382,0.4382,0.4381,0.4381,0.4381,0.438,0.438,0.4379,0.4379,0.4378,0.4378,0.4378,0.4377,0.4377,0.4376,0.4376,0.4375,0.4375,0.4401,0.4435,0.4467,0.4483,0.4486,0.4489,0.4492,0.4495,0.4499,0.4502,0.4505,0.4508
0.3735,0.3737,0.3738,0.3739,0.3741,0.3742,0.3743,0.3745,0.3746,0.3747,0.3749,0.375,0.3751,0.3753,0.3754,0.3756,0.3757,0.3758,0.376,0.3761,0.3762,0.3764,0.3765,0.3766,0.3768,0.3769,0.377,0.3772,0.3773,0.3775,0.3776,0.3777,0.3779,0.3781,0.3783,0.3784,0.3786,0.3788,0.379,0.3792,0.3794,0.3796,0.3798,0.38,0.3802,0.3804,0.3806,0.3808,0.381,0.3811,0.3813,0.3815,0.3817,0.3819,0.3821,0.3823,0.3825,0.3827,0.3829,0.3831,0.3833,0.3835,0.3837,0.3839,0.3841,0.3843,0.3845,0.3847,0.3849,0.3851,0.3853,0.3855,0.3857,0.3859,0.3862,0.3864,0.3866,0.3868,0.3871,0.3873,0.3875,0.3878,0.388,0.3882,0.3884,0.3887,0.3889,0.3894,0.3899,0.3904,0.3908,0.3913,0.3918,0.3923,0.3928,0.3933,0.3938,0.3943,0.3948,0.3953,0.3958,0.3963,0.3968,0.398,0.4008,0.4037,0.4066,0.4095,0.4125,0.4156,0.4188,0.4221,0.4254,0.4535,0.4554,0.4573,0.4572,0.4565,0.4561,0.4558,0.4554,0.455,0.4546,0.4542,0.4538,0.4513,0.4487,0.4462,0.4437,0.4413,0.4388,0.4364,0.434,0.4317,0.4289,0.4261,0.4246,0.4245,0.4244,0.4243,0.4242,0.4241,0.424,0.4239,0.4238,0.4237,0.4236,0.4236,0.4232,0.4228,0.4232,0.4242,0.4252,0.4263,0.4273,0.4283,0.4293,0.4304,0.4314,0.4325,0.4335,0.4346,0.4357,0.4367,0.4375,0.4376,0.4376,0.4376,0.4377,0.4377,0.4377,0.4378,0.4378,0.4378,0.4379,0.4379,0.4379,0.438,0.438,0.438,0.4381,0.4381,0.4382,0.4382,0.4382,0.4383,0.4383,0.4383,0.4384,0.4384,0.4384,0.4385,0.4385,0.4385,0.4386,0.4386,0.4386,0.4387,0.4388,0.4389,0.4391,0.4392,0.4393,0.4394,0.4394,0.4394,0.4393,0.4393,0.4392,0.4392,0.4391,0.4391,0.4391,0.439,0.439,0.4389,0.4389,0.4388,0.4388,0.4387,0.4387,0.4387,0.4386,0.4386,0.4385,0.4385,0.4384,0.4384,0.4384,0.4383,0.4383,0.4382,0.4382,0.4381,0.4381,0.438,0.438,0.438,0.4379,0.4379,0.4378,0.4378,0.4377,0.4377,0.4388,0.4425,0.4457,0.4484,0.4487,0.449,0.4493,0.4496,0.4499,0.4503,0.4506,0.4509
0.3734,0.3735,0.3737,0.3738,0.3739,0.3741,0.3742,0.3743,0.3745,0.3746,0.3747,0.3749,0.375,0.3752,0.3753,0.3754,0.3756,0.3757,0.3758,0.376,0.3761,0.3762,0.3764,0.3765,0.3766,0.3768,0.3769,0.3771,0.3772,0.3773,0.3775,0.3776,0.3778,0.378,0.3782,0.3784,0.3786,0.3787,0.3789,0.3791,0.3793,0.3795,0.3797,0.3799,0.3801,0.3803,0.3805,0.3807,0.3809,0.3811,0.3813,0.3815,0.3816,0.3818,0.382,0.3822,0.3824,0.3826,0.3828,0.383,0.3832,0.3834,0.3836,0.3838,0.384,0.3842,0.3844,0.3846,0.3848,0.385,0.3852,0.3854,0.3856,0.3858,0.3861,0.3863,0.3865,0.3867,0.387,0.3872,0.3874,0.3877,0.3879,0.3881,0.3883,0.3886,0.3889,0.3893,0.3898,0.3903,0.3908,0.3913,0.3918,0.3923,0.3928,0.3932,0.3937,0.3942,0.3947,0.3952,0.3957,0.3962,0.3967,0.3972,0.3998,0.4026,0.4055,0.4085,0.4115,0.4145,0.4177,0.4209,0.4242,0.4526,0.4545,0.4564,0.4575,0.4567,0.4563,0.4559,0.4556,0.4552,0.4548,0.4544,0.454,0.4527,0.4501,0.4476,0.445,0.4426,0.4401,0.4377,0.4353,0.4329,0.4303,0.4274,0.4249,0.4248,0.4247,0.4246,0.4245,0.4244,0.4243,0.4242,0.4241,0.424,0.4239,0.4238,0.4236,0.4231,0.423,0.424,0.425,0.426,0.427,0.428,0.4291,0.4301,0.4312,0.4322,0.4333,0.4343,0.4354,0.4365,0.4376,0.4378,0.4379,0.4379,0.4379,0.438,0.438,0.438,0.4381,0.4381,0.4382,0.4382,0.4382,0.4383,0.4383,0.4383,0.4384,0.4384,0.4384,0.4385,0.4385,0.4385,0.4386,0.4386,0.4386,0.4387,0.4387,0.4387,0.4388,0.4388,0.4388,0.4389,0.4389,0.439,0.439,0.4391,0.4392,0.4393,0.4394,0.4395,0.4396,0.4396,0.4395,0.4395,0.4394,0.4394,0.4393,0.4393,0.4393,0.4392,0.4392,0.4391,0.4391,0.439,0.439,0.439,0.4389,0.4389,0.4388,0.4388,0.4387,0.4387,0.4386,0.4386,0.4386,0.4385,0.4385,0.4384,0.4384,0.4383,0.4383,0.4383,0.4382,0.4382,0.4381,0.4381,0.438,0.438,0.438,0.4379,0.4379,0.4415,0.4447,0.4479,0.4488,0.4491,0.4494,0.4497,0.45,0.4504,0.4507,0.451
0.3733,0.3734,0.3735,0.3737,0.3738,0.3739,0.3741,0.3742,0.3744,0.3745,0.3746,0.3748,0.3749,0.375,0.3752,0.3753,0.3754,0.3756,0.3757,0.3758,0.376,0.3761,0.3762,0.3764,0.3765,0.3767,0.3768,0.3769,0.3771,0.3772,0.3773,0.3775,0.3777,0.3779,0.3781,0.3783,0.3785,0.3787,0.3789,0.379,0.3792,0.3794,0.3796,0.3798,0.38,0.3802,0.3804,0.3806,0.3808,0.381,0.3812,0.3814,0.3816,0.3818,0.382,0.3821,0.3823,0.3825,0.3827,0.3829,0.3831,0.3833,0.3835,0.3837,0.3839,0.3841,0.3843,0.3845,0.3847,0.3849,0.3851,0.3853,0.3855,0.3857,0.386,0.3862,0.3864,0.3866,0.3869,0.3871,0.3873,0.3876,0.3878,0.388,0.3882,0.3885,0.3888,0.3893,0.3898,0.3903,0.3908,0.3912,0.3917,0.3922,0.3927,0.3932,0.3937,0.3942,0.3947,0.3952,0.3957,0.3962,0.3967,0.3972,0.3988,0.4016,0.4045,0.4074,0.4104,0.4134,0.4165,0.4197,0.423,0.4263,0.4536,0.4555,0.4574,0.4569,0.4565,0.4561,0.4557,0.4554,0.455,0.4546,0.4542,0.4538,0.4515,0.4489,0.4464,0.4439,0.4414,0.439,0.4366,0.4342,0.4316,0.4288,0.4259,0.425,0.4249,0.4248,0.4247,0.4246,0.4245,0.4244,0.4243,0.4242,0.4241,0.4241,0.4239,0.4235,0.4231,0.4237,0.4247,0.4258,0.4268,0.4278,0.4288,0.4298,0.4309,0.4319,0.433,0.4341,0.4351,0.4362,0.4373,0.4381,0.4382,0.4382,0.4382,0.4383,0.4383,0.4383,0.4384,0.4384,0.4384,0.4385,0.4385,0.4385,0.4386,0.4386,0.4386,0.4387,0.4387,0.4387,0.4388,0.4388,0.4388,0.4389,0.4389,0.439,0.439,0.439,0.4391,0.4391,0.4391,0.4392,0.4392,0.4392,0.4393,0.4393,0.4393,0.4395,0.4396,0.4397,0.4398,0.4398,0.4397,0.4397,0.4396,0.4396,0.4396,0.4395,0.4395,0.4394,0.4394,0.4393,0.4393,0.4392,0.4392,0.4392,0.4391,0.4391,0.439,0.439,0.4389,0.4389,0.4389,0.4388,0.4388,0.4387,0.4387,0.4386,0.4386,0.4385,0.4385,0.4385,0.4384,0.4384,0.4383,0.4383,0.4382,0.4382,0.4382,0.4381,0.4381,0.4401,0.4437,0.4469,0.4488,0.4492,0.4495,0.4498,0.4501,0.4504,0.4508,0.4511
0.3732,0.3733,0.3734,0.3736,0.3737,0.3738,0.374,0.3741,0.3742,0.3744,0.3745,0.3746,0.3748,0.3749,0.375,0.3752,0.3753,0.3754,0.3756,0.3757,0.3758,0.376,0.3761,0.3763,0.3764,0.3765,0.3767,0.3768,0.3769,0.3771,0.3772,0.3774,0.3776,0.3778,0.378,0.3782,0.3784,0.3786,0.3788,0.379,0.3792,0.3793,0.3795,0.3797,0.3799,0.3801,0.3803,0.3805,0.3807,0.3809,0.3811,0.3813,0.3815,0.3817,0.3819,0.3821,0.3823,0.3825,0.3826,0.3828,0.383,0.3832,0.3834,0.3836,0.3838,0.384,0.3842,0.3844,0.3846,0.3848,0.385,0.3852,0.3854,0.3856,0.3858,0.3861,0.3863,0.3865,0.3868,0.387,0.3872,0.3874,0.3877,0.3879,0.3881,0.3884,0.3888,0.3892,0.3897,0.3902,0.3907,0.3912,0.3917,0.3922,0.3927,0.3931,0.3936,0.3941,0.3946,0.3951,0.3956,0.3961,0.3966,0.3971,0.3978,0.4006,0.4035,0.4064,0.4093,0.4123,0.4154,0.4185,0.4218,0.4251,0.4527,0.4546,0.4565,0.4571,0.4567,0.4563,0.4559,0.4556,0.4552,0.4548,0.4544,0.454,0.4528,0.4503,0.4477,0.4452,0.4427,0.4403,0.4379,0.4354,0.433,0.4301,0.4273,0.4253,0.4252,0.4251,0.425,0.4249,0.4248,0.4247,0.4246,0.4245,0.4244,0.4243,0.4242,0.4238,0.4234,0.4235,0.4245,0.4255,0.4265,0.4275,0.4286,0.4296,0.4306,0.4317,0.4327,0.4338,0.4349,0.4359,0.437,0.4381,0.4384,0.4385,0.4385,0.4385,0.4386,0.4386,0.4386,0.4387,0.4387,0.4387,0.4388,0.4388,0.4389,0.4389,0.4389,0.439,0.439,0.439,0.4391,0.4391,0.4391,0.4392,0.4392,0.4392,0.4393,0.4393,0.4393,0.4394,0.4394,0.4394,0.4395,0.4395,0.4395,0.4396,0.4396,0.4397,0.4397,0.4398,0.4399,0.44,0.4399,0.4399,0.4398,0.4398,0.4398,0.4397,0.4397,0.4396,0.4396,0.4395,0.4395,0.4395,0.4394,0.4394,0.4393,0.4393,0.4392,0.4392,0.4391,0.4391,0.4391,0.439,0.439,0.4389,0.4389,0.4388,0.4388,0.4388,0.4387,0.4387,0.4386,0.4386,0.4385,0.4385,0.4385,0.4384,0.4384,0.4383,0.4383,0.4388,0.4427,0.4459,0.4489,0.4493,0.4496,0.4499,0.4502,0.4505,0.4509,0.4512
0.3730,0.3732,0.3733,0.3734,0.3736,0.3737,0.3738,0.374,0.3741,0.3742,0.3744,0.3745,0.3746,0.3748,0.3749,0.375,0.3752,0.3753,0.3754,0.3756,0.3757,0.3759,0.376,0.3761,0.3763,0.3764,0.3765,0.3767,0.3768,0.377,0.3772,0.3774,0.3775,0.3777,0.3779,0.3781,0.3783,0.3785,0.3787,0.3789,0.3791,0.3793,0.3795,0.3797,0.3798,0.38,0.3802,0.3804,0.3806,0.3808,0.381,0.3812,0.3814,0.3816,0.3818,0.382,0.3822,0.3824,0.3826,0.3828,0.383,0.3832,0.3833,0.3835,0.3837,0.3839,0.3841,0.3843,0.3845,0.3847,0.3849,0.3851,0.3853,0.3855,0.3857,0.386,0.3862,0.3864,0.3867,0.3869,0.3871,0.3873,0.3876,0.3878,0.388,0.3883,0.3887,0.3892,0.3897,0.3902,0.3907,0.3911,0.3916,0.3921,0.3926,0.3931,0.3936,0.3941,0.3946,0.3951,0.3956,0.3961,0.3966,0.3971,0.3976,0.3996,0.4025,0.4054,0.4083,0.4113,0.4143,0.4174,0.4206,0.4239,0.4272,0.454,0.4556,0.4574,0.4569,0.4565,0.4561,0.4557,0.4554,0.455,0.4546,0.4542,0.4538,0.4516,0.4491,0.4466,0.4441,0.4416,0.4391,0.4367,0.4343,0.4315,0.4286,0.4258,0.4254,0.4253,0.4252,0.4251,0.425,0.4249,0.4248,0.4247,0.4246,0.4246,0.4245,0.4242,0.4238,0.4234,0.4243,0.4253,0.4263,0.4273,0.4283,0.4293,0.4304,0.4314,0.4325,0.4335,0.4346,0.4357,0.4367,0.4378,0.4387,0.4387,0.4388,0.4388,0.4389,0.4389,0.4389,0.439,0.439,0.439,0.4391,0.4391,0.4391,0.4392,0.4392,0.4392,0.4393,0.4393,0.4393,0.4394,0.4394,0.4394,0.4395,0.4395,0.4396,0.4396,0.4396,0.4397,0.4397,0.4397,0.4398,0.4398,0.4398,0.4399,0.4399,0.4399,0.44,0.44,0.4401,0.4402,0.4401,0.4401,0.4401,0.44,0.44,0.4399,0.4399,0.4398,0.4398,0.4397,0.4397,0.4397,0.4396,0.4396,0.4395,0.4395,0.4394,0.4394,0.4394,0.4393,0.4393,0.4392,0.4392,0.4391,0.4391,0.4391,0.439,0.439,0.4389,0.4389,0.4388,0.4388,0.4387,0.4387,0.4387,0.4386,0.4386,0.4385,0.4385,0.4384,0.4415,0.4449,0.4481,0.4493,0.4497,0.45,0.4503,0.4506,0.4509,0.4513
0.3729,0.373,0.3732,0.3733,0.3734,0.3736,0.3737,0.3738,0.374,0.3741,0.3742,0.3744,0.3745,0.3746,0.3748,0.3749,0.375,0.3752,0.3753,0.3755,0.3756,0.3757,0.3759,0.376,0.3761,0.3763,0.3764,0.3765,0.3767,0.3769,0.3771,0.3773,0.3775,0.3776,0.3778,0.378,0.3782,0.3784,0.3786,0.3788,0.379,0.3792,0.3794,0.3796,0.3798,0.38,0.3801,0.3803,0.3805,0.3807,0.3809,0.3811,0.3813,0.3815,0.3817,0.3819,0.3821,0.3823,0.3825,0.3827,0.3829,0.3831,0.3833,0.3835,0.3837,0.3839,0.3841,0.3842,0.3844,0.3846,0.3848,0.385,0.3852,0.3854,0.3856,0.3859,0.3861,0.3863,0.3866,0.3868,0.387,0.3872,0.3875,0.3877,0.3879,0.3882,0.3887,0.3892,0.3896,0.3901,0.3906,0.3911,0.3916,0.3921,0.3926,0.3931,0.3935,0.394,0.3945,0.395,0.3955,0.396,0.3965,0.397,0.3975,0.3986,0.4015,0.4044,0.4073,0.4102,0.4132,0.4163,0.4194,0.4227,0.426,0.4585,0.4592,0.4569,0.4571,0.4567,0.4563,0.4559,0.4555,0.4552,0.4548,0.4544,0.454,0.453,0.4504,0.4479,0.4454,0.4429,0.4404,0.438,0.4356,0.4328,0.4299,0.4271,0.4257,0.4256,0.4255,0.4254,0.4253,0.4252,0.4251,0.425,0.4249,0.4248,0.4247,0.4245,0.4241,0.4237,0.424,0.425,0.426,0.427,0.4281,0.4291,0.4301,0.4311,0.4322,0.4333,0.4343,0.4354,0.4365,0.4375,0.4386,0.439,0.4391,0.4391,0.4391,0.4392,0.4392,0.4392,0.4393,0.4393,0.4393,0.4394,0.4394,0.4394,0.4395,0.4395,0.4396,0.4396,0.4396,0.4397,0.4397,0.4397,0.4398,0.4398,0.4398,0.4399,0.4399,0.4399,0.44,0.44,0.44,0.4401,0.4401,0.4401,0.4402,0.4402,0.4403,0.4403,0.4403,0.4404,0.4404,0.4403,0.4403,0.4402,0.4402,0.4401,0.4401,0.44,0.44,0.44,0.4399,0.4399,0.4398,0.4398,0.4397,0.4397,0.4397,0.4396,0.4396,0.4395,0.4395,0.4394,0.4394,0.4393,0.4393,0.4393,0.4392,0.4392,0.4391,0.4391,0.439,0.439,0.439,0.4389,0.4389,0.4388,0.4388,0.4387,0.4387,0.4386,0.4401,0.4439,0.4471,0.4494,0.4497,0.4501,0.4504,0.4507,0.451,0.4514
0.3728,0.3729,0.373,0.3732,0.3733,0.3734,0.3736,0.3737,0.3738,0.374,0.3741,0.3742,0.3744,0.3745,0.3747,0.3748,0.3749,0.3751,0.3752,0.3753,0.3755,0.3756,0.3757,0.3759,0.376,0.3761,0.3763,0.3764,0.3766,0.3768,0.377,0.3772,0.3774,0.3776,0.3778,0.3779,0.3781,0.3783,0.3785,0.3787,0.3789,0.3791,0.3793,0.3795,0.3797,0.3799,0.3801,0.3803,0.3804,0.3806,0.3808,0.381,0.3812,0.3814,0.3816,0.3818,0.382,0.3822,0.3824,0.3826,0.3828,0.383,0.3832,0.3834,0.3836,0.3838,0.384,0.3842,0.3844,0.3846,0.3848,0.385,0.3852,0.3854,0.3855,0.3858,0.386,0.3862,0.3865,0.3867,0.3869,0.3871,0.3874,0.3876,0.3878,0.3881,0.3886,0.3891,0.3896,0.3901,0.3906,0.391,0.3915,0.392,0.3925,0.393,0.3935,0.394,0.3945,0.395,0.3955,0.396,0.3965,0.397,0.3975,0.398,0.4005,0.4033,0.4062,0.4092,0.4122,0.4152,0.4183,0.4215,0.4248,0.4598,0.4564,0.4564,0.4576,0.4569,0.4565,0.4561,0.4557,0.4553,0.455,0.4546,0.4542,0.4538,0.4518,0.4493,0.4467,0.4442,0.4418,0.4393,0.4369,0.4342,0.4313,0.4284,0.4259,0.4258,0.4257,0.4256,0.4255,0.4254,0.4253,0.4252,0.4251,0.4251,0.425,0.4249,0.4245,0.4241,0.4238,0.4248,0.4258,0.4268,0.4278,0.4288,0.4298,0.4309,0.4319,0.433,0.434,0.4351,0.4362,0.4373,0.4384,0.4393,0.4393,0.4394,0.4394,0.4394,0.4395,0.4395,0.4396,0.4396,0.4396,0.4397,0.4397,0.4397,0.4398,0.4398,0.4398,0.4399,0.4399,0.4399,0.44,0.44,0.44,0.4401,0.4401,0.4401,0.4402,0.4402,0.4403,0.4403,0.4403,0.4404,0.4404,0.4404,0.4405,0.4405,0.4405,0.4406,0.4406,0.4406,0.4405,0.4405,0.4405,0.4404,0.4404,0.4403,0.4403,0.4403,0.4402,0.4402,0.4401,0.4401,0.44,0.44,0.4399,0.4399,0.4399,0.4398,0.4398,0.4397,0.4397,0.4396,0.4396,0.4396,0.4395,0.4395,0.4394,0.4394,0.4393,0.4393,0.4392,0.4392,0.4392,0.4391,0.4391,0.439,0.439,0.4389,0.4389,0.4389,0.4388,0.4429,0.4461,0.4493,0.4498,0.4502,0.4505,0.4508,0.4511,0.4514
0.3727,0.3728,0.3729,0.3731,0.3732,0.3733,0.3735,0.3736,0.3737,0.3739,0.374,0.3741,0.3743,0.3744,0.3745,0.3747,0.3748,0.3749,0.3751,0.3752,0.3753,0.3755,0.3756,0.3757,0.3759,0.376,0.3762,0.3763,0.3765,0.3767,0.3769,0.3771,0.3773,0.3775,0.3777,0.3779,0.3781,0.3782,0.3784,0.3786,0.3788,0.379,0.3792,0.3794,0.3796,0.3798,0.38,0.3802,0.3804,0.3806,0.3808,0.3809,0.3811,0.3813,0.3815,0.3817,0.3819,0.3821,0.3823,0.3825,0.3827,0.3829,0.3831,0.3833,0.3835,0.3837,0.3839,0.3841,0.3843,0.3845,0.3847,0.3849,0.3851,0.3853,0.3855,0.3857,0.3859,0.3861,0.3863,0.3866,0.3868,0.387,0.3873,0.3875,0.3877,0.3881,0.3886,0.3891,0.3895,0.39,0.3905,0.391,0.3915,0.392,0.3925,0.393,0.3934,0.3939,0.3944,0.3949,0.3954,0.3959,0.3964,0.3969,0.3974,0.3979,0.3995,0.4023,0.4052,0.4081,0.4111,0.4141,0.4172,0.4203,0.4236,0.4269,0.4539,0.4559,0.4578,0.4574,0.4567,0.4563,0.4559,0.4555,0.4552,0.4548,0.4544,0.454,0.4532,0.4506,0.4481,0.4456,0.4431,0.4406,0.4382,0.4356,0.4326,0.4298,0.4269,0.4261,0.426,0.4259,0.4258,0.4257,0.4256,0.4255,0.4254,0.4253,0.4252,0.4251,0.4248,0.4244,0.424,0.4245,0.4255,0.4265,0.4276,0.4286,0.4296,0.4306,0.4317,0.4327,0.4338,0.4348,0.4359,0.437,0.4381,0.4392,0.4396,0.4397,0.4397,0.4397,0.4398,0.4398,0.4398,0.4399,0.4399,0.4399,0.44,0.44,0.44,0.4401,0.4401,0.4402,0.4402,0.4402,0.4403,0.4403,0.4403,0.4404,0.4404,0.4404,0.4405,0.4405,0.4405,0.4406,0.4406,0.4406,0.4407,0.4407,0.4407,0.4408,0.4408,0.4409,0.4409,0.4409,0.4407,0.4407,0.4407,0.4406,0.4406,0.4406,0.4405,0.4405,0.4404,0.4404,0.4403,0.4403,0.4402,0.4402,0.4402,0.4401,0.4401,0.44,0.44,0.4399,0.4399,0.4398,0.4398,0.4398,0.4397,0.4397,0.4396,0.4396,0.4395,0.4395,0.4395,0.4394,0.4394,0.4393,0.4393,0.4392,0.4392,0.4391,0.4391,0.4391,0.439,0.4415,0.4451,0.4483,0.4499,0.4502,0.4506,0.4509,0.4512,0.4515
0.3725,0.3727,0.3728,0.3729,0.3731,0.3732,0.3733,0.3735,0.3736,0.3737,0.3739,0.374,0.3741,0.3743,0.3744,0.3745,0.3747,0.3748,0.3749,0.3751,0.3752,0.3753,0.3755,0.3756,0.3757,0.3759,0.3761,0.3763,0.3764,0.3766,0.3768,0.377,0.3772,0.3774,0.3776,0.3778,0.378,0.3782,0.3784,0.3785,0.3787,0.3789,0.3791,0.3793,0.3795,0.3797,0.3799,0.3801,0.3803,0.3805,0.3807,0.3809,0.3811,0.3812,0.3814,0.3816,0.3818,0.382,0.3822,0.3824,0.3826,0.3828,0.383,0.3832,0.3834,0.3836,0.3838,0.384,0.3842,0.3844,0.3846,0.3848,0.385,0.3852,0.3854,0.3856,0.3858,0.386,0.3862,0.3865,0.3867,0.3869,0.3872,0.3874,0.3876,0.388,0.3885,0.389,0.3895,0.39,0.3905,0.3909,0.3914,0.3919,0.3924,0.3929,0.3934,0.3939,0.3944,0.3949,0.3954,0.3959,0.3964,0.3969,0.3974,0.3979,0.3985,0.4013,0.4042,0.4071,0.4101,0.4131,0.4161,0.4192,0.4224,0.4257,0.4535,0.4554,0.4573,0.458,0.4572,0.4565,0.4561,0.4557,0.4553,0.455,0.4546,0.4542,0.4538,0.452,0.4494,0.4469,0.4444,0.4419,0.4395,0.4369,0.434,0.4311,0.4282,0.4263,0.4262,0.4261,0.426,0.4259,0.4258,0.4257,0.4257,0.4256,0.4255,0.4254,0.4252,0.4248,0.4243,0.4243,0.4253,0.4263,0.4273,0.4283,0.4293,0.4304,0.4314,0.4325,0.4335,0.4346,0.4356,0.4367,0.4378,0.4389,0.4399,0.4399,0.44,0.44,0.44,0.4401,0.4401,0.4402,0.4402,0.4402,0.4403,0.4403,0.4403,0.4404,0.4404,0.4404,0.4405,0.4405,0.4405,0.4406,0.4406,0.4406,0.4407,0.4407,0.4407,0.4408,0.4408,0.4409,0.4409,0.4409,0.441,0.441,0.441,0.4411,0.4411,0.4411,0.4412,0.4411,0.441,0.4408,0.4409,0.4408,0.4408,0.4408,0.4407,0.4407,0.4406,0.4406,0.4405,0.4405,0.4405,0.4404,0.4404,0.4403,0.4403,0.4402,0.4402,0.4401,0.4401,0.4401,0.44,0.44,0.4399,0.4399,0.4398,0.4398,0.4397,0.4397,0.4397,0.4396,0.4396,0.4395,0.4395,0.4394,0.4394,0.4394,0.4393,0.4393,0.4392,0.4401,0.4441,0.4473,0.45,0.4503,0.4507,0.451,0.4513,0.4516
0.3724,0.3725,0.3727,0.3728,0.3729,0.3731,0.3732,0.3733,0.3735,0.3736,0.3737,0.3739,0.374,0.3741,0.3743,0.3744,0.3745,0.3747,0.3748,0.3749,0.3751,0.3752,0.3753,0.3755,0.3756,0.3758,0.376,0.3762,0.3764,0.3766,0.3767,0.3769,0.3771,0.3773,0.3775,0.3777,0.3779,0.3781,0.3783,0.3785,0.3787,0.3788,0.379,0.3792,0.3794,0.3796,0.3798,0.38,0.3802,0.3804,0.3806,0.3808,0.381,0.3812,0.3814,0.3816,0.3817,0.3819,0.3821,0.3823,0.3825,0.3827,0.3829,0.3831,0.3833,0.3835,0.3837,0.3839,0.3841,0.3843,0.3845,0.3847,0.3849,0.3851,0.3853,0.3855,0.3857,0.3859,0.3861,0.3864,0.3866,0.3868,0.3871,0.3873,0.3875,0.388,0.3885,0.389,0.3894,0.3899,0.3904,0.3909,0.3914,0.3919,0.3924,0.3929,0.3933,0.3938,0.3943,0.3948,0.3953,0.3958,0.3963,0.3968,0.3973,0.3978,0.3983,0.4003,0.4032,0.4061,0.409,0.412,0.415,0.4181,0.4212,0.4245,0.4278,0.4549,0.4569,0.4587,0.4578,0.457,0.4563,0.4559,0.4555,0.4551,0.4548,0.4544,0.454,0.4534,0.4508,0.4483,0.4457,0.4432,0.4408,0.4383,0.4354,0.4325,0.4296,0.4267,0.4265,0.4264,0.4263,0.4262,0.4261,0.426,0.4259,0.4258,0.4257,0.4256,0.4255,0.4251,0.4247,0.4243,0.425,0.426,0.4271,0.4281,0.4291,0.4301,0.4312,0.4322,0.4332,0.4343,0.4354,0.4365,0.4375,0.4386,0.4397,0.4402,0.4403,0.4403,0.4403,0.4404,0.4404,0.4404,0.4405,0.4405,0.4405,0.4406,0.4406,0.4406,0.4407,0.4407,0.4408,0.4408,0.4408,0.4409,0.4409,0.4409,0.441,0.441,0.441,0.4411,0.4411,0.4411,0.4412,0.4412,0.4412,0.4413,0.4413,0.4413,0.4414,0.4414,0.4415,0.4414,0.4412,0.441,0.441,0.4411,0.441,0.441,0.4409,0.4409,0.4408,0.4408,0.4407,0.4407,0.4407,0.4406,0.4406,0.4405,0.4405,0.4404,0.4404,0.4404,0.4403,0.4403,0.4402,0.4402,0.4401,0.4401,0.44,0.44,0.44,0.4399,0.4399,0.4398,0.4398,0.4397,0.4397,0.4397,0.4396,0.4396,0.4395,0.4395,0.4394,0.4394,0.4429,0.4463,0.4495,0.4504,0.4507,0.4511,0.4514,0.4517
0.3723,0.3724,0.3725,0.3727,0.3728,0.3729,0.3731,0.3732,0.3733,0.3735,0.3736,0.3737,0.3739,0.374,0.3741,0.3743,0.3744,0.3745,0.3747,0.3748,0.375,0.3751,0.3752,0.3754,0.3755,0.3757,0.3759,0.3761,0.3763,0.3765,0.3767,0.3769,0.377,0.3772,0.3774,0.3776,0.3778,0.378,0.3782,0.3784,0.3786,0.3788,0.379,0.3791,0.3793,0.3795,0.3797,0.3799,0.3801,0.3803,0.3805,0.3807,0.3809,0.3811,0.3813,0.3815,0.3817,0.3819,0.3821,0.3822,0.3824,0.3826,0.3828,0.383,0.3832,0.3834,0.3836,0.3838,0.384,0.3842,0.3844,0.3846,0.3848,0.385,0.3852,0.3854,0.3856,0.3858,0.386,0.3863,0.3865,0.3867,0.387,0.3872,0.3875,0.3879,0.3884,0.3889,0.3894,0.3899,0.3904,0.3908,0.3913,0.3918,0.3923,0.3928,0.3933,0.3938,0.3943,0.3948,0.3953,0.3958,0.3963,0.3968,0.3973,0.3978,0.3983,0.3993,0.4022,0.405,0.408,0.4109,0.4139,0.417,0.4201,0.4233,0.4266,0.4544,0.4564,0.4583,0.4584,0.4576,0.4568,0.4561,0.4557,0.4553,0.4549,0.4546,0.4542,0.4538,0.4522,0.4496,0.4471,0.4446,0.4421,0.4396,0.4368,0.4338,0.4309,0.4281,0.4267,0.4266,0.4265,0.4264,0.4263,0.4263,0.4262,0.4261,0.426,0.4259,0.4258,0.4255,0.4251,0.4246,0.4248,0.4258,0.4268,0.4278,0.4288,0.4299,0.4309,0.4319,0.433,0.434,0.4351,0.4362,0.4373,0.4383,0.4394,0.4405,0.4405,0.4406,0.4406,0.4406,0.4407,0.4407,0.4408,0.4408,0.4408,0.4409,0.4409,0.4409,0.441,0.441,0.441,0.4411,0.4411,0.4411,0.4412,0.4412,0.4412,0.4413,0.4413,0.4413,0.4414,0.4414,0.4415,0.4415,0.4415,0.4416,0.4416,0.4416,0.4417,0.4417,0.4417,0.4416,0.4414,0.4412,0.4411,0.4413,0.4412,0.4412,0.4411,0.4411,0.441,0.441,0.441,0.4409,0.4409,0.4408,0.4408,0.4407,0.4407,0.4406,0.4406,0.4406,0.4405,0.4405,0.4404,0.4404,0.4403,0.4403,0.4403,0.4402,0.4402,0.4401,0.4401,0.44,0.44,0.4399,0.4399,0.4399,0.4398,0.4398,0.4397,0.4397,0.4396,0.4396,0.4415,0.4453,0.4485,0.4505,0.4508,0.4511,0.4515,0.4518
0.3721,0.3723,0.3724,0.3725,0.3727,0.3728,0.3729,0.3731,0.3732,0.3733,0.3735,0.3736,0.3737,0.3739,0.374,0.3742,0.3743,0.3744,0.3746,0.3747,0.3748,0.375,0.3751,0.3753,0.3754,0.3756,0.3758,0.376,0.3762,0.3764,0.3766,0.3768,0.377,0.3772,0.3773,0.3775,0.3777,0.3779,0.3781,0.3783,0.3785,0.3787,0.3789,0.3791,0.3793,0.3794,0.3796,0.3798,0.38,0.3802,0.3804,0.3806,0.3808,0.381,0.3812,0.3814,0.3816,0.3818,0.382,0.3822,0.3824,0.3826,0.3828,0.3829,0.3831,0.3833,0.3835,0.3837,0.3839,0.3841,0.3843,0.3845,0.3847,0.3849,0.3851,0.3853,0.3855,0.3857,0.3859,0.3862,0.3864,0.3866,0.3869,0.3871,0.3874,0.3879,0.3884,0.3889,0.3893,0.3898,0.3903,0.3908,0.3913,0.3918,0.3923,0.3928,0.3932,0.3937,0.3942,0.3947,0.3952,0.3957,0.3962,0.3967,0.3972,0.3977,0.3982,0.3987,0.4011,0.404,0.4069,0.4099,0.4129,0.4159,0.419,0.4221,0.4254,0.454,0.4559,0.4578,0.4591,0.4582,0.4574,0.4565,0.4559,0.4555,0.4551,0.4548,0.4544,0.454,0.4536,0.451,0.4484,0.4459,0.4434,0.441,0.4381,0.4352,0.4323,0.4294,0.427,0.4269,0.4268,0.4267,0.4266,0.4265,0.4264,0.4263,0.4262,0.4261,0.426,0.4258,0.4254,0.425,0.4246,0.4255,0.4266,0.4276,0.4286,0.4296,0.4306,0.4317,0.4327,0.4338,0.4348,0.4359,0.437,0.4381,0.4392,0.4403,0.4408,0.4409,0.4409,0.4409,0.441,0.441,0.441,0.4411,0.4411,0.4411,0.4412,0.4412,0.4412,0.4413,0.4413,0.4414,0.4414,0.4414,0.4415,0.4415,0.4415,0.4416,0.4416,0.4416,0.4417,0.4417,0.4417,0.4418,0.4418,0.4418,0.4419,0.4419,0.442,0.442,0.442,0.4418,0.4416,0.4414,0.4413,0.4413,0.4414,0.4414,0.4413,0.4413,0.4413,0.4412,0.4412,0.4411,0.4411,0.441,0.441,0.4409,0.4409,0.4409,0.4408,0.4408,0.4407,0.4407,0.4406,0.4406,0.4406,0.4405,0.4405,0.4404,0.4404,0.4403,0.4403,0.4402,0.4402,0.4402,0.4401,0.4401,0.44,0.44,0.4399,0.4399,0.4398,0.4398,0.4401,0.4443,0.4475,0.4506,0.4509,0.4512,0.4516,0.4519
0.3720,0.3722,0.3723,0.3724,0.3726,0.3727,0.3728,0.373,0.3731,0.3732,0.3734,0.3735,0.3736,0.3738,0.3739,0.374,0.3742,0.3743,0.3744,0.3746,0.3747,0.3748,0.375,0.3752,0.3754,0.3756,0.3757,0.3759,0.3761,0.3763,0.3765,0.3767,0.3769,0.3771,0.3773,0.3774,0.3776,0.3778,0.378,0.3782,0.3784,0.3786,0.3788,0.379,0.3792,0.3794,0.3796,0.3797,0.3799,0.3801,0.3803,0.3805,0.3807,0.3809,0.3811,0.3813,0.3815,0.3817,0.3819,0.3821,0.3823,0.3825,0.3827,0.3829,0.3831,0.3833,0.3835,0.3836,0.3838,0.384,0.3842,0.3844,0.3846,0.3848,0.385,0.3852,0.3854,0.3856,0.3858,0.3861,0.3863,0.3865,0.3867,0.387,0.3874,0.3879,0.3883,0.3888,0.3893,0.3898,0.3903,0.3908,0.3912,0.3917,0.3922,0.3927,0.3932,0.3937,0.3942,0.3947,0.3952,0.3957,0.3962,0.3967,0.3972,0.3977,0.3982,0.3987,0.4001,0.403,0.4059,0.4088,0.4118,0.4148,0.4179,0.421,0.4242,0.4276,0.4554,0.4573,0.4593,0.4589,0.458,0.4572,0.4563,0.4557,0.4553,0.4549,0.4546,0.4542,0.4538,0.4523,0.4498,0.4472,0.4447,0.4423,0.4395,0.4366,0.4336,0.4308,0.4279,0.4271,0.427,0.427,0.4269,0.4268,0.4267,0.4266,0.4265,0.4264,0.4263,0.4262,0.4258,0.4253,0.4249,0.4253,0.4263,0.4273,0.4283,0.4294,0.4304,0.4314,0.4325,0.4335,0.4346,0.4356,0.4367,0.4378,0.4389,0.44,0.4411,0.4411,0.4412,0.4412,0.4412,0.4413,0.4413,0.4414,0.4414,0.4414,0.4415,0.4415,0.4415,0.4416,0.4416,0.4416,0.4417,0.4417,0.4417,0.4418,0.4418,0.4418,0.4419,0.4419,0.442,0.442,0.442,0.4421,0.4421,0.4421,0.4422,0.4422,0.4422,0.4423,0.4422,0.442,0.4418,0.4417,0.4415,0.4414,0.4415,0.4416,0.4416,0.4415,0.4415,0.4414,0.4414,0.4413,0.4413,0.4412,0.4412,0.4412,0.4411,0.4411,0.441,0.441,0.4409,0.4409,0.4408,0.4408,0.4408,0.4407,0.4407,0.4406,0.4406,0.4405,0.4405,0.4405,0.4404,0.4404,0.4403,0.4403,0.4402,0.4402,0.4401,0.4401,0.4401,0.44,0.44,0.4429,0.4465,0.4497,0.451,0.4513,0.4516,0.452
0.3719,0.372,0.3722,0.3723,0.3724,0.3726,0.3727,0.3728,0.373,0.3731,0.3732,0.3734,0.3735,0.3736,0.3738,0.3739,0.374,0.3742,0.3743,0.3744,0.3746,0.3747,0.3749,0.3751,0.3753,0.3755,0.3757,0.3758,0.376,0.3762,0.3764,0.3766,0.3768,0.377,0.3772,0.3774,0.3776,0.3777,0.3779,0.3781,0.3783,0.3785,0.3787,0.3789,0.3791,0.3793,0.3795,0.3797,0.3799,0.3801,0.3802,0.3804,0.3806,0.3808,0.381,0.3812,0.3814,0.3816,0.3818,0.382,0.3822,0.3824,0.3826,0.3828,0.383,0.3832,0.3834,0.3836,0.3838,0.384,0.3842,0.3844,0.3845,0.3847,0.3849,0.3851,0.3853,0.3855,0.3857,0.386,0.3862,0.3864,0.3866,0.3869,0.3873,0.3878,0.3883,0.3888,0.3892,0.3897,0.3902,0.3907,0.3912,0.3917,0.3922,0.3927,0.3932,0.3936,0.3941,0.3946,0.3951,0.3956,0.3961,0.3966,0.3971,0.3976,0.3981,0.3986,0.3992,0.402,0.4049,0.4078,0.4108,0.4138,0.4168,0.4199,0.4231,0.4263,0.4549,0.4569,0.4588,0.4595,0.4587,0.4578,0.457,0.4561,0.4555,0.4551,0.4547,0.4544,0.454,0.4536,0.4512,0.4486,0.4461,0.4436,0.441,0.438,0.435,0.4321,0.4292,0.4274,0.4273,0.4272,0.4271,0.427,0.4269,0.4268,0.4267,0.4266,0.4265,0.4264,0.4261,0.4257,0.4253,0.4251,0.4261,0.4271,0.4281,0.4291,0.4301,0.4312,0.4322,0.4333,0.4343,0.4354,0.4364,0.4375,0.4386,0.4397,0.4408,0.4414,0.4415,0.4415,0.4415,0.4416,0.4416,0.4416,0.4417,0.4417,0.4417,0.4418,0.4418,0.4418,0.4419,0.4419,0.442,0.442,0.442,0.4421,0.4421,0.4421,0.4422,0.4422,0.4422,0.4423,0.4423,0.4423,0.4424,0.4424,0.4425,0.4425,0.4425,0.4426,0.4424,0.4422,0.4421,0.4419,0.4417,0.4415,0.4416,0.4418,0.4418,0.4417,0.4417,0.4416,0.4416,0.4415,0.4415,0.4415,0.4414,0.4414,0.4413,0.4413,0.4412,0.4412,0.4411,0.4411,0.4411,0.441,0.441,0.4409,0.4409,0.4408,0.4408,0.4407,0.4407,0.4407,0.4406,0.4406,0.4405,0.4405,0.4404,0.4404,0.4404,0.4403,0.4403,0.4402,0.4402,0.4415,0.4455,0.4487,0.4511,0.4514,0.4517,0.4521
0.3718,0.3719,0.372,0.3722,0.3723,0.3724,0.3726,0.3727,0.3728,0.373,0.3731,0.3732,0.3734,0.3735,0.3736,0.3738,0.3739,0.374,0.3742,0.3743,0.3744,0.3746,0.3748,0.375,0.3752,0.3754,0.3756,0.3758,0.376,0.3761,0.3763,0.3765,0.3767,0.3769,0.3771,0.3773,0.3775,0.3777,0.3779,0.378,0.3782,0.3784,0.3786,0.3788,0.379,0.3792,0.3794,0.3796,0.3798,0.38,0.3802,0.3804,0.3805,0.3807,0.3809,0.3811,0.3813,0.3815,0.3817,0.3819,0.3821,0.3823,0.3825,0.3827,0.3829,0.3831,0.3833,0.3835,0.3837,0.3839,0.3841,0.3843,0.3845,0.3847,0.3849,0.3851,0.3853,0.3855,0.3857,0.3859,0.3861,0.3863,0.3865,0.3868,0.3873,0.3878,0.3882,0.3887,0.3892,0.3897,0.3902,0.3907,0.3911,0.3916,0.3921,0.3926,0.3931,0.3936,0.3941,0.3946,0.3951,0.3956,0.3961,0.3966,0.3971,0.3976,0.3981,0.3986,0.3991,0.401,0.4039,0.4068,0.4097,0.4127,0.4157,0.4188,0.422,0.4251,0.4285,0.4564,0.4583,0.4601,0.4593,0.4584,0.4576,0.4567,0.4559,0.4553,0.4549,0.4545,0.4542,0.4538,0.4525,0.45,0.4474,0.4449,0.4424,0.4394,0.4364,0.4335,0.4306,0.4277,0.4276,0.4275,0.4274,0.4273,0.4272,0.4271,0.427,0.4269,0.4268,0.4267,0.4265,0.4261,0.4256,0.4252,0.4258,0.4268,0.4278,0.4289,0.4299,0.4309,0.432,0.433,0.434,0.4351,0.4362,0.4373,0.4383,0.4394,0.4405,0.4416,0.4417,0.4418,0.4418,0.4419,0.4419,0.4419,0.442,0.442,0.442,0.4421,0.4421,0.4421,0.4422,0.4422,0.4422,0.4423,0.4423,0.4423,0.4424,0.4424,0.4425,0.4425,0.4425,0.4426,0.4426,0.4426,0.4427,0.4427,0.4427,0.4428,0.4428,0.4428,0.4426,0.4425,0.4423,0.4421,0.4419,0.4418,0.4417,0.4418,0.442,0.4419,0.4419,0.4418,0.4418,0.4418,0.4417,0.4417,0.4416,0.4416,0.4415,0.4415,0.4414,0.4414,0.4414,0.4413,0.4413,0.4412,0.4412,0.4411,0.4411,0.441,0.441,0.441,0.4409,0.4409,0.4408,0.4408,0.4407,0.4407,0.4406,0.4406,0.4406,0.4405,0.4405,0.4404,0.4404,0.4403,0.4443,0.4476,0.4509,0.4515,0.4518,0.4521
0.3716,0.3718,0.3719,0.372,0.3722,0.3723,0.3724,0.3726,0.3727,0.3728,0.373,0.3731,0.3732,0.3734,0.3735,0.3736,0.3738,0.3739,0.374,0.3742,0.3744,0.3746,0.3747,0.3749,0.3751,0.3753,0.3755,0.3757,0.3759,0.3761,0.3763,0.3764,0.3766,0.3768,0.377,0.3772,0.3774,0.3776,0.3778,0.378,0.3782,0.3783,0.3785,0.3787,0.3789,0.3791,0.3793,0.3795,0.3797,0.3799,0.3801,0.3803,0.3805,0.3807,0.3809,0.381,0.3812,0.3814,0.3816,0.3818,0.382,0.3822,0.3824,0.3826,0.3828,0.383,0.3832,0.3834,0.3836,0.3838,0.384,0.3842,0.3844,0.3846,0.3848,0.385,0.3852,0.3854,0.3856,0.3858,0.386,0.3862,0.3864,0.3868,0.3872,0.3877,0.3882,0.3887,0.3892,0.3896,0.3901,0.3906,0.3911,0.3916,0.3921,0.3926,0.3931,0.3935,0.394,0.3945,0.395,0.3955,0.396,0.3965,0.397,0.3975,0.398,0.3985,0.3991,0.4,0.4028,0.4057,0.4087,0.4116,0.4147,0.4177,0.4209,0.424,0.4273,0.4559,0.4578,0.4598,0.4599,0.4591,0.4582,0.4574,0.4565,0.4557,0.4551,0.4547,0.4544,0.454,0.4536,0.4513,0.4488,0.4463,0.4438,0.4408,0.4378,0.4348,0.4319,0.4291,0.4278,0.4277,0.4276,0.4275,0.4274,0.4273,0.4272,0.4271,0.427,0.4269,0.4268,0.4264,0.426,0.4256,0.4256,0.4266,0.4276,0.4286,0.4296,0.4307,0.4317,0.4327,0.4338,0.4348,0.4359,0.437,0.4381,0.4391,0.4402,0.4413,0.442,0.4421,0.4421,0.4421,0.4422,0.4422,0.4422,0.4423,0.4423,0.4423,0.4424,0.4424,0.4425,0.4425,0.4425,0.4426,0.4426,0.4426,0.4427,0.4427,0.4427,0.4428,0.4428,0.4428,0.4429,0.4429,0.443,0.443,0.443,0.4431,0.4431,0.4431,0.4429,0.4427,0.4425,0.4423,0.4422,0.442,0.4418,0.4419,0.442,0.4421,0.4421,0.4421,0.442,0.442,0.4419,0.4419,0.4418,0.4418,0.4417,0.4417,0.4417,0.4416,0.4416,0.4415,0.4415,0.4414,0.4414,0.4413,0.4413,0.4413,0.4412,0.4412,0.4411,0.4411,0.441,0.441,0.4409,0.4409,0.4409,0.4408,0.4408,0.4407,0.4407,0.4406,0.4406,0.4406,0.4429,0.4466,0.4499,0.4516,0.4519,0.4522
0.3715,0.3717,0.3718,0.3719,0.3721,0.3722,0.3723,0.3725,0.3726,0.3727,0.3729,0.373,0.3731,0.3733,0.3734,0.3735,0.3737,0.3738,0.3739,0.3741,0.3743,0.3745,0.3747,0.3748,0.375,0.3752,0.3754,0.3756,0.3758,0.376,0.3762,0.3764,0.3765,0.3767,0.3769,0.3771,0.3773,0.3775,0.3777,0.3779,0.3781,0.3783,0.3785,0.3786,0.3788,0.379,0.3792,0.3794,0.3796,0.3798,0.38,0.3802,0.3804,0.3806,0.3808,0.381,0.3812,0.3813,0.3815,0.3817,0.3819,0.3821,0.3823,0.3825,0.3827,0.3829,0.3831,0.3833,0.3835,0.3837,0.3839,0.3841,0.3843,0.3845,0.3847,0.3849,0.3851,0.3853,0.3855,0.3857,0.3859,0.3861,0.3863,0.3867,0.3872,0.3877,0.3881,0.3886,0.3891,0.3896,0.3901,0.3906,0.391,0.3915,0.392,0.3925,0.393,0.3935,0.394,0.3945,0.395,0.3955,0.396,0.3965,0.397,0.3975,0.398,0.3985,0.399,0.3995,0.4018,0.4047,0.4076,0.4106,0.4136,0.4167,0.4197,0.4229,0.4261,0.4294,0.4574,0.4593,0.4606,0.4597,0.4589,0.458,0.4572,0.4563,0.4555,0.4549,0.4545,0.4542,0.4538,0.4527,0.4501,0.4476,0.4451,0.4422,0.4392,0.4362,0.4333,0.4304,0.4281,0.428,0.4279,0.4278,0.4277,0.4276,0.4275,0.4274,0.4273,0.4272,0.4271,0.4268,0.4263,0.4259,0.4255,0.4263,0.4273,0.4284,0.4294,0.4304,0.4314,0.4325,0.4335,0.4346,0.4356,0.4367,0.4378,0.4389,0.44,0.4411,0.4422,0.4423,0.4424,0.4424,0.4425,0.4425,0.4425,0.4426,0.4426,0.4426,0.4427,0.4427,0.4427,0.4428,0.4428,0.4428,0.4429,0.4429,0.443,0.443,0.443,0.4431,0.4431,0.4431,0.4432,0.4432,0.4432,0.4433,0.4433,0.4433,0.4434,0.4433,0.4431,0.4429,0.4427,0.4426,0.4424,0.4422,0.442,0.4419,0.4421,0.4423,0.4423,0.4423,0.4422,0.4422,0.4421,0.4421,0.442,0.442,0.442,0.4419,0.4419,0.4418,0.4418,0.4417,0.4417,0.4416,0.4416,0.4416,0.4415,0.4415,0.4414,0.4414,0.4413,0.4413,0.4412,0.4412,0.4412,0.4411,0.4411,0.441,0.441,0.4409,0.4409,0.4408,0.4408,0.4408,0.4415,0.4456,0.4489,0.4517,0.452,0.4523
0.3714,0.3715,0.3717,0.3718,0.3719,0.3721,0.3722,0.3723,0.3725,0.3726,0.3727,0.3729,0.373,0.3731,0.3733,0.3734,0.3735,0.3737,0.3738,0.374,0.3742,0.3744,0.3746,0.3748,0.375,0.3751,0.3753,0.3755,0.3757,0.3759,0.3761,0.3763,0.3765,0.3767,0.3768,0.377,0.3772,0.3774,0.3776,0.3778,0.378,0.3782,0.3784,0.3786,0.3788,0.3789,0.3791,0.3793,0.3795,0.3797,0.3799,0.3801,0.3803,0.3805,0.3807,0.3809,0.3811,0.3813,0.3815,0.3817,0.3818,0.382,0.3822,0.3824,0.3826,0.3828,0.383,0.3832,0.3834,0.3836,0.3838,0.384,0.3842,0.3844,0.3846,0.3848,0.385,0.3852,0.3854,0.3856,0.3858,0.386,0.3862,0.3867,0.3871,0.3876,0.3881,0.3886,0.3891,0.3895,0.39,0.3905,0.391,0.3915,0.392,0.3925,0.393,0.3934,0.3939,0.3944,0.3949,0.3954,0.3959,0.3965,0.3972,0.3979,0.3985,0.3992,0.3998,0.4004,0.4016,0.404,0.4066,0.4095,0.4125,0.4156,0.4187,0.4218,0.425,0.4282,0.4568,0.4588,0.4608,0.4604,0.4595,0.4586,0.4578,0.457,0.4561,0.4553,0.4547,0.4543,0.454,0.4536,0.4515,0.4489,0.4464,0.4436,0.4406,0.4376,0.4347,0.4318,0.4289,0.4282,0.4281,0.428,0.4279,0.4278,0.4277,0.4276,0.4275,0.4274,0.4273,0.4271,0.4267,0.4263,0.4258,0.4261,0.4271,0.4281,0.4291,0.4302,0.4312,0.4322,0.4333,0.4343,0.4354,0.4364,0.4375,0.4386,0.4397,0.4408,0.4419,0.4426,0.4427,0.4427,0.4427,0.4428,0.4428,0.4428,0.4429,0.4429,0.443,0.443,0.443,0.4431,0.4431,0.4431,0.4432,0.4432,0.4432,0.4433,0.4433,0.4433,0.4434,0.4434,0.4435,0.4435,0.4435,0.4436,0.4436,0.4436,0.4437,0.4435,0.4433,0.4431,0.443,0.4428,0.4426,0.4424,0.4423,0.4421,0.4422,0.4423,0.4425,0.4425,0.4424,0.4424,0.4423,0.4423,0.4423,0.4422,0.4422,0.4421,0.4421,0.442,0.442,0.4419,0.4419,0.4419,0.4418,0.4418,0.4417,0.4417,0.4416,0.4416,0.4415,0.4415,0.4415,0.4414,0.4414,0.4413,0.4413,0.4412,0.4412,0.4411,0.4411,0.4411,0.441,0.441,0.4409,0.4443,0.4478,0.4511,0.4521,0.4524
0.3713,0.3714,0.3715,0.3717,0.3718,0.3719,0.3721,0.3722,0.3723,0.3725,0.3726,0.3727,0.3729,0.373,0.3731,0.3733,0.3734,0.3736,0.3737,0.3739,0.3741,0.3743,0.3745,0.3747,0.3749,0.3751,0.3752,0.3754,0.3756,0.3758,0.376,0.3762,0.3764,0.3766,0.3768,0.377,0.3771,0.3773,0.3775,0.3777,0.3779,0.3781,0.3783,0.3785,0.3787,0.3789,0.3791,0.3792,0.3794,0.3796,0.3798,0.38,0.3802,0.3804,0.3806,0.3808,0.381,0.3812,0.3814,0.3816,0.3818,0.382,0.3822,0.3823,0.3825,0.3827,0.3829,0.3831,0.3833,0.3835,0.3837,0.3839,0.3841,0.3843,0.3845,0.3847,0.3849,0.3851,0.3853,0.3855,0.3857,0.3859,0.3861,0.3866,0.3871,0.3876,0.388,0.3885,0.389,0.3895,0.39,0.3905,0.3909,0.3914,0.392,0.3927,0.3933,0.394,0.3946,0.3953,0.3959,0.3966,0.3972,0.3979,0.3985,0.3992,0.3999,0.4005,0.4012,0.4016,0.402,0.4044,0.4068,0.4093,0.4118,0.4145,0.4176,0.4207,0.4238,0.427,0.4559,0.4583,0.4603,0.461,0.4601,0.4593,0.4584,0.4576,0.4567,0.4559,0.4551,0.4545,0.4542,0.4538,0.4529,0.4503,0.4478,0.4451,0.442,0.439,0.436,0.4331,0.4302,0.4285,0.4284,0.4283,0.4282,0.4281,0.428,0.4279,0.4278,0.4277,0.4276,0.4275,0.4271,0.4266,0.4262,0.4258,0.4268,0.4279,0.4289,0.4299,0.4309,0.432,0.433,0.4341,0.4351,0.4362,0.4372,0.4383,0.4394,0.4405,0.4416,0.4427,0.443,0.443,0.443,0.4431,0.4431,0.4431,0.4432,0.4432,0.4432,0.4433,0.4433,0.4433,0.4434,0.4434,0.4435,0.4435,0.4435,0.4436,0.4436,0.4436,0.4437,0.4437,0.4437,0.4438,0.4438,0.4438,0.4439,0.4439,0.4439,0.4437,0.4435,0.4434,0.4432,0.443,0.4428,0.4427,0.4425,0.4423,0.4422,0.4424,0.4426,0.4427,0.4426,0.4426,0.4425,0.4425,0.4425,0.4424,0.4424,0.4423,0.4423,0.4422,0.4422,0.4422,0.4421,0.4421,0.442,0.442,0.4419,0.4419,0.4418,0.4418,0.4418,0.4417,0.4417,0.4416,0.4416,0.4415,0.4415,0.4414,0.4414,0.4414,0.4413,0.4413,0.4412,0.4412,0.4411,0.4429,0.4468,0.4501,0.4522,0.4525
0.3711,0.3713,0.3714,0.3715,0.3717,0.3718,0.3719,0.3721,0.3722,0.3723,0.3725,0.3726,0.3727,0.3729,0.373,0.3731,0.3733,0.3735,0.3737,0.3739,0.374,0.3742,0.3744,0.3746,0.3748,0.375,0.3752,0.3754,0.3755,0.3757,0.3759,0.3761,0.3763,0.3765,0.3767,0.3769,0.3771,0.3772,0.3774,0.3776,0.3778,0.378,0.3782,0.3784,0.3786,0.3788,0.379,0.3792,0.3794,0.3795,0.3797,0.3799,0.3801,0.3803,0.3805,0.3807,0.3809,0.3811,0.3813,0.3815,0.3817,0.3819,0.3821,0.3823,0.3825,0.3827,0.3829,0.383,0.3832,0.3834,0.3836,0.3838,0.384,0.3842,0.3844,0.3846,0.3848,0.385,0.3852,0.3854,0.3856,0.3858,0.3861,0.3866,0.387,0.3877,0.3883,0.3889,0.3895,0.3902,0.3908,0.3914,0.3921,0.3927,0.3934,0.394,0.3946,0.3953,0.3959,0.3966,0.3973,0.3979,0.3986,0.3992,0.3999,0.4006,0.4012,0.4019,0.4023,0.4028,0.4032,0.4047,0.4072,0.4097,0.4122,0.4147,0.4173,0.4199,0.4227,0.4259,0.4291,0.4574,0.4597,0.4616,0.4608,0.4599,0.4591,0.4582,0.4574,0.4565,0.4557,0.4549,0.4543,0.454,0.4536,0.4517,0.4491,0.4465,0.4434,0.4404,0.4374,0.4345,0.4316,0.4287,0.4286,0.4285,0.4284,0.4283,0.4282,0.4281,0.428,0.4279,0.4278,0.4277,0.4274,0.427,0.4266,0.4261,0.4266,0.4276,0.4286,0.4297,0.4307,0.4317,0.4328,0.4338,0.4349,0.4359,0.437,0.4381,0.4391,0.4402,0.4413,0.4424,0.4432,0.4433,0.4433,0.4433,0.4434,0.4434,0.4435,0.4435,0.4435,0.4436,0.4436,0.4436,0.4437,0.4437,0.4437,0.4438,0.4438,0.4438,0.4439,0.4439,0.444,0.444,0.444,0.4441,0.4441,0.4441,0.4442,0.4442,0.4441,0.444,0.4438,0.4436,0.4434,0.4432,0.4431,0.4429,0.4427,0.4425,0.4424,0.4425,0.4426,0.4428,0.4428,0.4428,0.4428,0.4427,0.4427,0.4426,0.4426,0.4425,0.4425,0.4424,0.4424,0.4424,0.4423,0.4423,0.4422,0.4422,0.4421,0.4421,0.442,0.442,0.442,0.4419,0.4419,0.4418,0.4418,0.4417,0.4417,0.4417,0.4416,0.4416,0.4415,0.4415,0.4414,0.4414,0.4413,0.4415,0.4457,0.449,0.4523,0.4526
0.3710,0.3712,0.3713,0.3714,0.3716,0.3717,0.3718,0.372,0.3721,0.3722,0.3723,0.3725,0.3726,0.3727,0.3729,0.373,0.3732,0.3734,0.3736,0.3738,0.374,0.3741,0.3743,0.3745,0.3747,0.3749,0.3751,0.3753,0.3755,0.3756,0.3758,0.376,0.3762,0.3764,0.3766,0.3768,0.377,0.3772,0.3774,0.3775,0.3777,0.3779,0.3781,0.3783,0.3785,0.3787,0.3789,0.3791,0.3793,0.3795,0.3797,0.3798,0.38,0.3802,0.3804,0.3806,0.3808,0.381,0.3812,0.3814,0.3816,0.3818,0.382,0.3822,0.3824,0.3826,0.3828,0.383,0.3832,0.3834,0.3836,0.3837,0.3839,0.3841,0.3843,0.3845,0.3847,0.3849,0.3851,0.3853,0.3858,0.3861,0.3863,0.3872,0.3883,0.3889,0.3896,0.3902,0.3908,0.3915,0.3921,0.3927,0.3934,0.394,0.3947,0.3953,0.396,0.3966,0.3973,0.3979,0.3986,0.3993,0.3999,0.4006,0.4013,0.4019,0.4026,0.4031,0.4035,0.404,0.4044,0.4051,0.4076,0.4101,0.4126,0.4151,0.4177,0.4203,0.423,0.4256,0.4283,0.4564,0.4588,0.4612,0.4614,0.4606,0.4597,0.4589,0.458,0.4572,0.4563,0.4555,0.4546,0.4541,0.4538,0.4531,0.4505,0.4479,0.4449,0.4418,0.4388,0.4359,0.4329,0.4301,0.4289,0.4288,0.4287,0.4286,0.4285,0.4284,0.4283,0.4282,0.4281,0.428,0.4278,0.4273,0.4269,0.4265,0.4263,0.4274,0.4284,0.4294,0.4304,0.4315,0.4325,0.4335,0.4346,0.4357,0.4367,0.4378,0.4389,0.44,0.4411,0.4422,0.4433,0.4436,0.4436,0.4436,0.4437,0.4437,0.4437,0.4438,0.4438,0.4438,0.4439,0.4439,0.444,0.444,0.444,0.4441,0.4441,0.4441,0.4442,0.4442,0.4442,0.4443,0.4443,0.4443,0.4444,0.4444,0.4445,0.4445,0.4444,0.4442,0.444,0.4438,0.4436,0.4435,0.4433,0.4431,0.4429,0.4428,0.4426,0.4425,0.4427,0.4428,0.443,0.443,0.443,0.4429,0.4429,0.4428,0.4428,0.4427,0.4427,0.4427,0.4426,0.4426,0.4425,0.4425,0.4424,0.4424,0.4423,0.4423,0.4423,0.4422,0.4422,0.4421,0.4421,0.442,0.442,0.442,0.4419,0.4419,0.4418,0.4418,0.4417,0.4417,0.4416,0.4416,0.4416,0.4415,0.4443,0.448,0.4513,0.4527
0.3709,0.371,0.3712,0.3713,0.3714,0.3716,0.3717,0.3718,0.372,0.3721,0.3722,0.3724,0.3725,0.3726,0.3728,0.3729,0.3731,0.3733,0.3735,0.3737,0.3739,0.3741,0.3743,0.3744,0.3746,0.3748,0.375,0.3752,0.3754,0.3756,0.3758,0.3759,0.3761,0.3763,0.3765,0.3767,0.3769,0.3771,0.3773,0.3775,0.3777,0.3778,0.378,0.3782,0.3784,0.3786,0.3788,0.379,0.3792,0.3794,0.3796,0.3798,0.38,0.3802,0.3803,0.3805,0.3807,0.3809,0.3811,0.3813,0.3815,0.3817,0.3819,0.3821,0.3823,0.3825,0.3827,0.3829,0.3831,0.3833,0.3835,0.3837,0.3839,0.3841,0.3843,0.3845,0.3847,0.3852,0.3857,0.3861,0.3863,0.3865,0.3868,0.3871,0.3877,0.3894,0.3909,0.3915,0.3921,0.3928,0.3934,0.3941,0.3947,0.3953,0.396,0.3967,0.3973,0.398,0.3986,0.3993,0.3999,0.4006,0.4013,0.4019,0.4026,0.4033,0.4038,0.4043,0.4047,0.4052,0.4056,0.4061,0.408,0.4104,0.413,0.4155,0.4181,0.4207,0.4225,0.4241,0.4256,0.4294,0.4579,0.4603,0.4621,0.4613,0.4603,0.4595,0.4586,0.4578,0.4569,0.4561,0.4553,0.4544,0.4539,0.4536,0.4519,0.4493,0.4463,0.4432,0.4402,0.4372,0.4343,0.4314,0.4291,0.429,0.4289,0.4288,0.4287,0.4286,0.4285,0.4285,0.4284,0.4283,0.4281,0.4277,0.4273,0.4268,0.4264,0.4271,0.4281,0.4292,0.4302,0.4312,0.4323,0.4333,0.4343,0.4354,0.4365,0.4375,0.4386,0.4397,0.4408,0.4419,0.443,0.4438,0.4439,0.4439,0.444,0.444,0.444,0.4441,0.4441,0.4441,0.4442,0.4442,0.4442,0.4443,0.4443,0.4443,0.4444,0.4444,0.4445,0.4445,0.4445,0.4446,0.4446,0.4446,0.4447,0.4447,0.4447,0.4448,0.4446,0.4444,0.4442,0.444,0.4439,0.4437,0.4435,0.4433,0.4432,0.443,0.4428,0.4426,0.4427,0.4429,0.4431,0.4432,0.4432,0.4431,0.4431,0.443,0.443,0.443,0.4429,0.4429,0.4428,0.4428,0.4427,0.4427,0.4426,0.4426,0.4426,0.4425,0.4425,0.4424,0.4424,0.4423,0.4423,0.4422,0.4422,0.4422,0.4421,0.4421,0.442,0.442,0.4419,0.4419,0.4419,0.4418,0.4418,0.4417,0.4429,0.447,0.4503,0.4528
0.3708,0.3709,0.371,0.3712,0.3713,0.3714,0.3716,0.3717,0.3718,0.372,0.3721,0.3722,0.3724,0.3725,0.3727,0.3729,0.373,0.3732,0.3734,0.3736,0.3738,0.374,0.3742,0.3744,0.3745,0.3747,0.3749,0.3751,0.3753,0.3755,0.3757,0.3759,0.3761,0.3762,0.3764,0.3766,0.3768,0.377,0.3772,0.3774,0.3776,0.3778,0.378,0.3781,0.3783,0.3785,0.3787,0.3789,0.3791,0.3793,0.3795,0.3797,0.3799,0.3801,0.3803,0.3805,0.3806,0.3808,0.381,0.3812,0.3814,0.3816,0.3818,0.382,0.3822,0.3824,0.3826,0.3828,0.383,0.3832,0.3834,0.3836,0.3838,0.3841,0.3847,0.3852,0.3856,0.386,0.3863,0.3865,0.3867,0.3869,0.3872,0.3875,0.3878,0.3882,0.3899,0.3916,0.3933,0.3941,0.3947,0.3954,0.396,0.3967,0.3973,0.398,0.3986,0.3993,0.4,0.4006,0.4013,0.402,0.4027,0.4033,0.404,0.4046,0.405,0.4055,0.4059,0.4064,0.4068,0.4073,0.4083,0.4108,0.4131,0.4146,0.4161,0.4176,0.4191,0.4206,0.4222,0.4254,0.4569,0.46,0.4622,0.4622,0.4616,0.4604,0.4593,0.4584,0.4576,0.4567,0.4559,0.4551,0.4542,0.4538,0.4532,0.4507,0.4478,0.4447,0.4416,0.4386,0.4357,0.4328,0.4299,0.4293,0.4292,0.4291,0.429,0.4289,0.4288,0.4287,0.4286,0.4285,0.4284,0.4281,0.4276,0.4272,0.4268,0.4269,0.4279,0.4289,0.4299,0.431,0.432,0.433,0.4341,0.4351,0.4362,0.4373,0.4383,0.4394,0.4405,0.4416,0.4427,0.4438,0.4442,0.4442,0.4442,0.4443,0.4443,0.4444,0.4444,0.4444,0.4445,0.4445,0.4445,0.4446,0.4446,0.4446,0.4447,0.4447,0.4447,0.4448,0.4448,0.4449,0.4449,0.4449,0.445,0.445,0.445,0.445,0.4448,0.4446,0.4445,0.4443,0.4441,0.4439,0.4437,0.4436,0.4434,0.4432,0.443,0.4428,0.4428,0.443,0.4431,0.4433,0.4434,0.4433,0.4433,0.4433,0.4432,0.4432,0.4431,0.4431,0.443,0.443,0.4429,0.4429,0.4429,0.4428,0.4428,0.4427,0.4427,0.4426,0.4426,0.4425,0.4425,0.4425,0.4424,0.4424,0.4423,0.4423,0.4422,0.4422,0.4422,0.4421,0.4421,0.442,0.442,0.4419,0.4419,0.4457,0.4492,0.4525
0.3707,0.3708,0.3709,0.371,0.3712,0.3713,0.3714,0.3716,0.3717,0.3718,0.372,0.3721,0.3722,0.3724,0.3726,0.3728,0.373,0.3732,0.3733,0.3735,0.3737,0.3739,0.3741,0.3743,0.3745,0.3746,0.3748,0.375,0.3752,0.3754,0.3756,0.3758,0.376,0.3762,0.3763,0.3765,0.3767,0.3769,0.3771,0.3773,0.3775,0.3777,0.3779,0.3781,0.3783,0.3784,0.3786,0.3788,0.379,0.3792,0.3794,0.3796,0.3798,0.38,0.3802,0.3804,0.3806,0.3808,0.381,0.3811,0.3813,0.3815,0.3817,0.3819,0.3821,0.3823,0.3825,0.3827,0.3829,0.3831,0.3836,0.3841,0.3847,0.3851,0.3855,0.3859,0.3862,0.3865,0.3867,0.3869,0.3871,0.3874,0.3876,0.3879,0.3882,0.3886,0.3889,0.3904,0.3921,0.3939,0.3956,0.3967,0.3974,0.398,0.3987,0.3993,0.4,0.4007,0.4013,0.402,0.4027,0.4034,0.404,0.4047,0.4053,0.4058,0.4062,0.4067,0.4071,0.4076,0.408,0.4083,0.408,0.4083,0.4099,0.4113,0.4128,0.4143,0.4157,0.4172,0.4187,0.4214,0.456,0.4607,0.4624,0.4623,0.4623,0.4618,0.4606,0.4595,0.4583,0.4574,0.4565,0.4557,0.4548,0.454,0.4536,0.452,0.4492,0.4461,0.4431,0.44,0.4371,0.4341,0.4312,0.4296,0.4295,0.4294,0.4293,0.4292,0.4291,0.429,0.4289,0.4288,0.4287,0.4284,0.428,0.4276,0.4271,0.4267,0.4276,0.4287,0.4297,0.4307,0.4317,0.4328,0.4338,0.4349,0.4359,0.437,0.4381,0.4391,0.4402,0.4413,0.4424,0.4435,0.4445,0.4445,0.4445,0.4446,0.4446,0.4446,0.4447,0.4447,0.4447,0.4448,0.4448,0.4449,0.4449,0.4449,0.445,0.445,0.445,0.4451,0.4451,0.4451,0.4452,0.4452,0.4452,0.4453,0.4453,0.4452,0.445,0.4449,0.4447,0.4445,0.4443,0.4441,0.444,0.4438,0.4436,0.4434,0.4433,0.4431,0.4429,0.443,0.4432,0.4434,0.4435,0.4436,0.4435,0.4435,0.4434,0.4434,0.4433,0.4433,0.4432,0.4432,0.4432,0.4431,0.4431,0.443,0.443,0.4429,0.4429,0.4428,0.4428,0.4428,0.4427,0.4427,0.4426,0.4426,0.4425,0.4425,0.4424,0.4424,0.4424,0.4423,0.4423,0.4422,0.4422,0.4421,0.4421,0.4442,0.4482,0.4515
0.3705,0.3707,0.3708,0.3709,0.3711,0.3712,0.3713,0.3714,0.3716,0.3717,0.3718,0.372,0.3721,0.3723,0.3725,0.3727,0.3729,0.3731,0.3733,0.3734,0.3736,0.3738,0.374,0.3742,0.3744,0.3746,0.3748,0.3749,0.3751,0.3753,0.3755,0.3757,0.3759,0.3761,0.3763,0.3765,0.3766,0.3768,0.377,0.3772,0.3774,0.3776,0.3778,0.378,0.3782,0.3784,0.3786,0.3787,0.3789,0.3791,0.3793,0.3795,0.3797,0.3799,0.3801,0.3803,0.3805,0.3807,0.3809,0.3811,0.3813,0.3814,0.3816,0.3818,0.382,0.3822,0.3825,0.383,0.3836,0.3841,0.3846,0.385,0.3854,0.3858,0.3861,0.3864,0.3867,0.3869,0.3871,0.3873,0.3876,0.3878,0.3881,0.3884,0.3887,0.389,0.3893,0.3896,0.3909,0.3926,0.3944,0.3961,0.3979,0.3994,0.4,0.4007,0.4014,0.402,0.4027,0.4034,0.4041,0.4047,0.4054,0.4061,0.4065,0.407,0.4074,0.4079,0.4084,0.4083,0.4079,0.4075,0.4073,0.4076,0.4079,0.4082,0.4095,0.411,0.4124,0.4139,0.4154,0.4175,0.4278,0.4614,0.4625,0.4624,0.4624,0.4624,0.4621,0.4609,0.4597,0.4586,0.4574,0.4563,0.4555,0.4546,0.4538,0.4534,0.4507,0.4476,0.4445,0.4415,0.4385,0.4355,0.4326,0.4298,0.4297,0.4296,0.4295,0.4294,0.4293,0.4292,0.4291,0.429,0.4289,0.4288,0.4284,0.4279,0.4275,0.4271,0.4274,0.4284,0.4294,0.4305,0.4315,0.4325,0.4336,0.4346,0.4357,0.4367,0.4378,0.4389,0.4399,0.441,0.4421,0.4433,0.4444,0.4448,0.4448,0.4449,0.4449,0.4449,0.445,0.445,0.445,0.4451,0.4451,0.4451,0.4452,0.4452,0.4452,0.4453,0.4453,0.4454,0.4454,0.4454,0.4455,0.4455,0.4455,0.4456,0.4456,0.4454,0.4453,0.4451,0.4449,0.4447,0.4445,0.4444,0.4442,0.444,0.4438,0.4437,0.4435,0.4433,0.4431,0.4431,0.4433,0.4434,0.4436,0.4438,0.4437,0.4437,0.4436,0.4436,0.4435,0.4435,0.4435,0.4434,0.4434,0.4433,0.4433,0.4432,0.4432,0.4431,0.4431,0.4431,0.443,0.443,0.4429,0.4429,0.4428,0.4428,0.4427,0.4427,0.4427,0.4426,0.4426,0.4425,0.4425,0.4424,0.4424,0.4423,0.4423,0.4428,0.4471,0.4505
0.3704,0.3705,0.3707,0.3708,0.3709,0.3711,0.3712,0.3713,0.3715,0.3716,0.3717,0.3719,0.3721,0.3722,0.3724,0.3726,0.3728,0.373,0.3732,0.3734,0.3736,0.3737,0.3739,0.3741,0.3743,0.3745,0.3747,0.3749,0.3751,0.3752,0.3754,0.3756,0.3758,0.376,0.3762,0.3764,0.3766,0.3768,0.3769,0.3771,0.3773,0.3775,0.3777,0.3779,0.3781,0.3783,0.3785,0.3787,0.3789,0.379,0.3792,0.3794,0.3796,0.3798,0.38,0.3802,0.3804,0.3806,0.3808,0.381,0.3812,0.3814,0.3816,0.3819,0.3825,0.383,0.3836,0.3841,0.3845,0.3849,0.3853,0.3857,0.386,0.3864,0.3866,0.3868,0.3871,0.3873,0.3875,0.3878,0.388,0.3882,0.3885,0.3888,0.3891,0.3894,0.3897,0.39,0.3904,0.3914,0.3932,0.3949,0.3966,0.3984,0.4002,0.402,0.4027,0.4034,0.4041,0.4048,0.4054,0.4061,0.4068,0.4073,0.4078,0.4082,0.4086,0.4082,0.4078,0.4075,0.4071,0.4067,0.4066,0.4069,0.4072,0.4075,0.4078,0.4081,0.4088,0.4106,0.4121,0.4137,0.4238,0.4622,0.4626,0.4626,0.4625,0.4625,0.4625,0.4623,0.4611,0.46,0.4588,0.4577,0.4565,0.4554,0.4544,0.4536,0.4522,0.449,0.4459,0.4429,0.4399,0.4369,0.4339,0.4311,0.43,0.4299,0.4298,0.4297,0.4296,0.4295,0.4294,0.4293,0.4292,0.4291,0.4287,0.4283,0.4279,0.4274,0.4271,0.4282,0.4292,0.4302,0.4312,0.4323,0.4333,0.4344,0.4354,0.4365,0.4375,0.4386,0.4397,0.4408,0.4419,0.443,0.4441,0.4451,0.4451,0.4451,0.4452,0.4452,0.4453,0.4453,0.4453,0.4454,0.4454,0.4454,0.4455,0.4455,0.4455,0.4456,0.4456,0.4456,0.4457,0.4457,0.4458,0.4458,0.4458,0.4459,0.4459,0.4457,0.4455,0.4453,0.4451,0.445,0.4448,0.4446,0.4444,0.4442,0.4441,0.4439,0.4437,0.4435,0.4433,0.4432,0.4433,0.4435,0.4437,0.4438,0.4439,0.4439,0.4439,0.4438,0.4438,0.4437,0.4437,0.4436,0.4436,0.4435,0.4435,0.4434,0.4434,0.4434,0.4433,0.4433,0.4432,0.4432,0.4431,0.4431,0.443,0.443,0.443,0.4429,0.4429,0.4428,0.4428,0.4427,0.4427,0.4426,0.4426,0.4426,0.4425,0.4425,0.4457,0.4494
0.3703,0.3704,0.3705,0.3707,0.3708,0.3709,0.3711,0.3712,0.3713,0.3715,0.3716,0.3718,0.372,0.3722,0.3724,0.3725,0.3727,0.3729,0.3731,0.3733,0.3735,0.3737,0.3738,0.374,0.3742,0.3744,0.3746,0.3748,0.375,0.3752,0.3753,0.3755,0.3757,0.3759,0.3761,0.3763,0.3765,0.3767,0.3769,0.377,0.3772,0.3774,0.3776,0.3778,0.378,0.3782,0.3784,0.3786,0.3788,0.379,0.3792,0.3793,0.3795,0.3797,0.3799,0.3801,0.3803,0.3805,0.3807,0.3809,0.3814,0.3819,0.3825,0.383,0.3835,0.384,0.3844,0.3848,0.3852,0.3856,0.3859,0.3863,0.3866,0.3868,0.387,0.3873,0.3875,0.3877,0.388,0.3882,0.3884,0.3887,0.3889,0.3892,0.3896,0.3899,0.3902,0.3905,0.3908,0.3911,0.392,0.3937,0.3954,0.3972,0.3989,0.4007,0.4025,0.4043,0.4055,0.4062,0.4068,0.4075,0.4081,0.4085,0.4085,0.4081,0.4077,0.4074,0.407,0.4067,0.4063,0.4059,0.4058,0.4062,0.4065,0.4068,0.4071,0.4074,0.4077,0.408,0.4083,0.4114,0.4199,0.4303,0.4627,0.4627,0.4627,0.4626,0.4626,0.4626,0.4625,0.4614,0.4602,0.4591,0.4579,0.4568,0.4556,0.4545,0.4534,0.4505,0.4474,0.4443,0.4413,0.4383,0.4353,0.4324,0.4302,0.4301,0.43,0.4299,0.4298,0.4297,0.4296,0.4295,0.4294,0.4293,0.4291,0.4286,0.4282,0.4278,0.4274,0.4279,0.4289,0.4299,0.431,0.432,0.4331,0.4341,0.4352,0.4362,0.4373,0.4383,0.4394,0.4405,0.4416,0.4427,0.4438,0.4449,0.4454,0.4454,0.4455,0.4455,0.4455,0.4456,0.4456,0.4456,0.4457,0.4457,0.4458,0.4458,0.4458,0.4459,0.4459,0.4459,0.446,0.446,0.446,0.4461,0.4461,0.4462,0.4461,0.4459,0.4457,0.4455,0.4454,0.4452,0.445,0.4448,0.4446,0.4445,0.4443,0.4441,0.4439,0.4437,0.4436,0.4434,0.4434,0.4435,0.4437,0.4439,0.4441,0.4441,0.4441,0.444,0.444,0.4439,0.4439,0.4438,0.4438,0.4437,0.4437,0.4437,0.4436,0.4436,0.4435,0.4435,0.4434,0.4434,0.4433,0.4433,0.4433,0.4432,0.4432,0.4431,0.4431,0.443,0.443,0.4429,0.4429,0.4429,0.4428,0.4428,0.4427,0.4427,0.4442,0.4484
0.3702,0.3703,0.3704,0.3705,0.3707,0.3708,0.3709,0.3711,0.3712,0.3713,0.3715,0.3717,0.3719,0.3721,0.3723,0.3725,0.3726,0.3728,0.373,0.3732,0.3734,0.3736,0.3738,0.3739,0.3741,0.3743,0.3745,0.3747,0.3749,0.3751,0.3753,0.3755,0.3756,0.3758,0.376,0.3762,0.3764,0.3766,0.3768,0.377,0.3772,0.3773,0.3775,0.3777,0.3779,0.3781,0.3783,0.3785,0.3787,0.3789,0.3791,0.3793,0.3795,0.3796,0.3798,0.38,0.3803,0.3808,0.3814,0.3819,0.3825,0.383,0.3835,0.3839,0.3843,0.3847,0.3851,0.3855,0.3858,0.3862,0.3866,0.3868,0.387,0.3872,0.3875,0.3877,0.3879,0.3882,0.3884,0.3886,0.3889,0.3891,0.3894,0.3897,0.39,0.3903,0.3906,0.3909,0.3912,0.3915,0.3919,0.3925,0.3942,0.3959,0.3977,0.3995,0.4012,0.4031,0.4049,0.4067,0.4083,0.4088,0.4084,0.408,0.4077,0.4073,0.4069,0.4066,0.4062,0.4059,0.4055,0.4051,0.4051,0.4054,0.4057,0.406,0.4063,0.4067,0.407,0.4073,0.4082,0.4122,0.416,0.4262,0.4628,0.4628,0.4628,0.4628,0.4627,0.4627,0.4627,0.4627,0.4616,0.4605,0.4593,0.4581,0.457,0.4553,0.454,0.452,0.4488,0.4458,0.4427,0.4397,0.4367,0.4338,0.4309,0.4304,0.4303,0.4302,0.4301,0.43,0.4299,0.4298,0.4297,0.4296,0.4294,0.429,0.4286,0.4281,0.4277,0.4277,0.4287,0.4297,0.4307,0.4318,0.4328,0.4338,0.4349,0.436,0.437,0.4381,0.4391,0.4402,0.4413,0.4424,0.4435,0.4446,0.4457,0.4457,0.4458,0.4458,0.4458,0.4459,0.4459,0.4459,0.446,0.446,0.446,0.4461,0.4461,0.4462,0.4462,0.4462,0.4463,0.4463,0.4463,0.4464,0.4464,0.4464,0.4463,0.4461,0.4459,0.4458,0.4456,0.4454,0.4452,0.445,0.4449,0.4447,0.4445,0.4443,0.4442,0.444,0.4438,0.4436,0.4434,0.4436,0.4438,0.4439,0.4441,0.4443,0.4443,0.4442,0.4442,0.4441,0.4441,0.4441,0.444,0.444,0.4439,0.4439,0.4438,0.4438,0.4437,0.4437,0.4436,0.4436,0.4436,0.4435,0.4435,0.4434,0.4434,0.4433,0.4433,0.4432,0.4432,0.4432,0.4431,0.4431,0.443,0.443,0.4429,0.4429,0.4428,0.4471
0.3700,0.3702,0.3703,0.3704,0.3706,0.3707,0.3708,0.371,0.3711,0.3713,0.3715,0.3716,0.3718,0.372,0.3722,0.3724,0.3726,0.3727,0.3729,0.3731,0.3733,0.3735,0.3737,0.3739,0.3741,0.3742,0.3744,0.3746,0.3748,0.375,0.3752,0.3754,0.3756,0.3757,0.3759,0.3761,0.3763,0.3765,0.3767,0.3769,0.3771,0.3773,0.3775,0.3776,0.3778,0.378,0.3782,0.3784,0.3786,0.3788,0.379,0.3792,0.3794,0.3798,0.3803,0.3808,0.3814,0.3819,0.3824,0.383,0.3834,0.3838,0.3842,0.3846,0.385,0.3854,0.3857,0.3861,0.3865,0.3868,0.387,0.3872,0.3874,0.3877,0.3879,0.3881,0.3884,0.3886,0.3888,0.3891,0.3893,0.3895,0.3898,0.3901,0.3904,0.3907,0.391,0.3914,0.3917,0.392,0.3923,0.3926,0.393,0.3947,0.3965,0.3982,0.4,0.4018,0.4036,0.4056,0.4075,0.4079,0.4076,0.4072,0.4069,0.4065,0.4062,0.4058,0.4054,0.4051,0.4047,0.4043,0.4044,0.4047,0.405,0.4053,0.4056,0.4059,0.4062,0.407,0.4081,0.4097,0.4169,0.4223,0.4629,0.4629,0.4629,0.4629,0.4628,0.4628,0.4628,0.4628,0.4628,0.4619,0.4605,0.4588,0.457,0.4557,0.4546,0.4535,0.4503,0.4472,0.4441,0.4411,0.4381,0.4351,0.4322,0.4306,0.4305,0.4304,0.4303,0.4302,0.4301,0.43,0.4299,0.4298,0.4297,0.4294,0.4289,0.4285,0.4281,0.4277,0.4284,0.4294,0.4305,0.4315,0.4325,0.4336,0.4346,0.4357,0.4368,0.4378,0.4389,0.44,0.441,0.4421,0.4432,0.4444,0.4455,0.446,0.446,0.4461,0.4461,0.4462,0.4462,0.4462,0.4463,0.4463,0.4463,0.4464,0.4464,0.4464,0.4465,0.4465,0.4466,0.4466,0.4466,0.4467,0.4467,0.4467,0.4465,0.4464,0.4462,0.446,0.4458,0.4456,0.4455,0.4453,0.4451,0.4449,0.4447,0.4446,0.4444,0.4442,0.444,0.4438,0.4437,0.4437,0.4438,0.444,0.4442,0.4443,0.4445,0.4444,0.4444,0.4444,0.4443,0.4443,0.4442,0.4442,0.4441,0.4441,0.444,0.444,0.444,0.4439,0.4439,0.4438,0.4438,0.4437,0.4437,0.4436,0.4436,0.4435,0.4435,0.4435,0.4434,0.4434,0.4433,0.4433,0.4432,0.4432,0.4431,0.4431,0.4431,0.4456
0.3699,0.37,0.3702,0.3703,0.3704,0.3706,0.3707,0.3708,0.371,0.3712,0.3714,0.3716,0.3717,0.3719,0.3721,0.3723,0.3725,0.3727,0.3729,0.373,0.3732,0.3734,0.3736,0.3738,0.374,0.3742,0.3743,0.3745,0.3747,0.3749,0.3751,0.3753,0.3755,0.3757,0.3759,0.376,0.3762,0.3764,0.3766,0.3768,0.377,0.3772,0.3774,0.3776,0.3778,0.3779,0.3781,0.3783,0.3785,0.3787,0.3792,0.3797,0.3803,0.3808,0.3814,0.3819,0.3824,0.383,0.3833,0.3837,0.3841,0.3845,0.3849,0.3853,0.3856,0.386,0.3864,0.3867,0.387,0.3872,0.3874,0.3876,0.3879,0.3881,0.3883,0.3886,0.3888,0.389,0.3893,0.3895,0.3897,0.39,0.3902,0.3906,0.3909,0.3912,0.3915,0.3918,0.3921,0.3924,0.3927,0.3931,0.3934,0.3937,0.3952,0.3971,0.399,0.401,0.403,0.4049,0.4059,0.4063,0.4066,0.4064,0.4061,0.4057,0.4054,0.405,0.4046,0.4043,0.4039,0.4036,0.4037,0.404,0.4043,0.4046,0.4049,0.4052,0.406,0.407,0.408,0.409,0.4143,0.4216,0.4287,0.463,0.463,0.463,0.463,0.4629,0.4629,0.4629,0.4631,0.4623,0.4605,0.4588,0.4573,0.4563,0.4553,0.4541,0.4518,0.4487,0.4456,0.4425,0.4395,0.4365,0.4336,0.4309,0.4308,0.4307,0.4306,0.4305,0.4304,0.4303,0.4302,0.4301,0.43,0.4297,0.4293,0.4289,0.4284,0.428,0.4282,0.4292,0.4302,0.4313,0.4323,0.4333,0.4344,0.4354,0.4365,0.4376,0.4386,0.4397,0.4408,0.4419,0.443,0.4441,0.4452,0.4463,0.4463,0.4464,0.4464,0.4464,0.4465,0.4465,0.4466,0.4466,0.4466,0.4467,0.4467,0.4467,0.4468,0.4468,0.4468,0.4469,0.4469,0.4469,0.447,0.4469,0.4468,0.4466,0.4464,0.4462,0.446,0.4459,0.4457,0.4455,0.4453,0.4451,0.445,0.4448,0.4446,0.4444,0.4442,0.4441,0.4439,0.4437,0.4439,0.4441,0.4442,0.4444,0.4446,0.4447,0.4446,0.4446,0.4445,0.4445,0.4444,0.4444,0.4443,0.4443,0.4443,0.4442,0.4442,0.4441,0.4441,0.444,0.444,0.4439,0.4439,0.4438,0.4438,0.4438,0.4437,0.4437,0.4436,0.4436,0.4435,0.4435,0.4434,0.4434,0.4434,0.4433,0.4433,0.4442
0.3698,0.3699,0.37,0.3702,0.3703,0.3704,0.3706,0.3707,0.3709,0.3711,0.3713,0.3715,0.3717,0.3718,0.372,0.3722,0.3724,0.3726,0.3728,0.373,0.3731,0.3733,0.3735,0.3737,0.3739,0.3741,0.3743,0.3745,0.3746,0.3748,0.375,0.3752,0.3754,0.3756,0.3758,0.376,0.3761,0.3763,0.3765,0.3767,0.3769,0.3771,0.3773,0.3775,0.3777,0.3779,0.3781,0.3787,0.3792,0.3797,0.3803,0.3808,0.3813,0.3819,0.3824,0.3829,0.3832,0.3836,0.384,0.3844,0.3848,0.3852,0.3856,0.3859,0.3863,0.3867,0.3869,0.3872,0.3874,0.3876,0.3878,0.3881,0.3883,0.3885,0.3888,0.389,0.3892,0.3895,0.3897,0.3899,0.3902,0.3904,0.3907,0.391,0.3913,0.3916,0.3919,0.3922,0.3926,0.3929,0.3932,0.3935,0.3938,0.3939,0.3945,0.3964,0.3984,0.4003,0.4023,0.404,0.4043,0.4047,0.405,0.4054,0.4053,0.4049,0.4046,0.4042,0.4038,0.4035,0.4031,0.4028,0.403,0.4033,0.4036,0.4039,0.4042,0.4049,0.4059,0.4069,0.4079,0.4089,0.4118,0.419,0.4265,0.4631,0.4631,0.4631,0.4631,0.4631,0.4634,0.4637,0.464,0.4623,0.4605,0.459,0.4579,0.4569,0.4559,0.4544,0.4533,0.4501,0.447,0.4439,0.4409,0.4379,0.435,0.4321,0.4311,0.431,0.4309,0.4308,0.4307,0.4306,0.4305,0.4304,0.4303,0.4301,0.4297,0.4292,0.4288,0.4284,0.4279,0.4289,0.43,0.431,0.432,0.4331,0.4341,0.4352,0.4362,0.4373,0.4384,0.4394,0.4405,0.4416,0.4427,0.4438,0.4449,0.446,0.4466,0.4467,0.4467,0.4467,0.4468,0.4468,0.4468,0.4469,0.4469,0.447,0.447,0.447,0.4471,0.4471,0.4471,0.4472,0.4472,0.4472,0.4473,0.4472,0.447,0.4468,0.4466,0.4465,0.4463,0.4461,0.4459,0.4457,0.4455,0.4454,0.4452,0.445,0.4448,0.4447,0.4445,0.4443,0.4441,0.4439,0.4439,0.4441,0.4443,0.4445,0.4446,0.4448,0.4448,0.4448,0.4447,0.4447,0.4446,0.4446,0.4446,0.4445,0.4445,0.4444,0.4444,0.4443,0.4443,0.4442,0.4442,0.4442,0.4441,0.4441,0.444,0.444,0.4439,0.4439,0.4438,0.4438,0.4437,0.4437,0.4437,0.4436,0.4436,0.4435,0.4435,0.4434
0.3697,0.3698,0.3699,0.3701,0.3702,0.3703,0.3705,0.3707,0.3708,0.371,0.3712,0.3714,0.3716,0.3718,0.3719,0.3721,0.3723,0.3725,0.3727,0.3729,0.3731,0.3732,0.3734,0.3736,0.3738,0.374,0.3742,0.3744,0.3746,0.3747,0.3749,0.3751,0.3753,0.3755,0.3757,0.3759,0.3761,0.3763,0.3764,0.3766,0.3768,0.377,0.3772,0.3776,0.3781,0.3787,0.3792,0.3797,0.3803,0.3808,0.3813,0.3819,0.3824,0.3828,0.3831,0.3835,0.3839,0.3843,0.3847,0.3851,0.3855,0.3858,0.3862,0.3866,0.3869,0.3871,0.3873,0.3876,0.3878,0.388,0.3883,0.3885,0.3887,0.389,0.3892,0.3894,0.3897,0.3899,0.3901,0.3904,0.3906,0.3908,0.3911,0.3914,0.3917,0.3921,0.3924,0.3927,0.393,0.3933,0.3935,0.3937,0.3938,0.394,0.3942,0.3958,0.3977,0.3996,0.4016,0.4024,0.4028,0.4031,0.4035,0.4038,0.4042,0.4041,0.4038,0.4034,0.4031,0.4027,0.4023,0.402,0.4022,0.4025,0.4028,0.4031,0.4038,0.4048,0.4058,0.4068,0.4078,0.4089,0.4099,0.4164,0.4238,0.4315,0.4632,0.4634,0.4637,0.464,0.4643,0.4646,0.464,0.4623,0.4606,0.4596,0.4586,0.4575,0.4565,0.455,0.4544,0.4516,0.4485,0.4454,0.4423,0.4393,0.4363,0.4334,0.4313,0.4312,0.4311,0.431,0.4309,0.4308,0.4307,0.4306,0.4305,0.4304,0.43,0.4296,0.4292,0.4287,0.4283,0.4287,0.4297,0.4307,0.4318,0.4328,0.4339,0.4349,0.436,0.437,0.4381,0.4392,0.4402,0.4413,0.4424,0.4435,0.4446,0.4458,0.4469,0.447,0.447,0.447,0.4471,0.4471,0.4471,0.4472,0.4472,0.4472,0.4473,0.4473,0.4474,0.4474,0.4474,0.4475,0.4475,0.4475,0.4476,0.4474,0.4472,0.447,0.4469,0.4467,0.4465,0.4463,0.4461,0.446,0.4458,0.4456,0.4454,0.4452,0.4451,0.4449,0.4447,0.4445,0.4443,0.4442,0.444,0.4442,0.4443,0.4445,0.4447,0.4449,0.445,0.445,0.4449,0.4449,0.4449,0.4448,0.4448,0.4447,0.4447,0.4446,0.4446,0.4445,0.4445,0.4445,0.4444,0.4444,0.4443,0.4443,0.4442,0.4442,0.4441,0.4441,0.4441,0.444,0.444,0.4439,0.4439,0.4438,0.4438,0.4437,0.4437,0.4436
0.3695,0.3697,0.3698,0.3699,0.3701,0.3702,0.3704,0.3706,0.3708,0.3709,0.3711,0.3713,0.3715,0.3717,0.3719,0.3721,0.3722,0.3724,0.3726,0.3728,0.373,0.3732,0.3734,0.3735,0.3737,0.3739,0.3741,0.3743,0.3745,0.3747,0.3749,0.375,0.3752,0.3754,0.3756,0.3758,0.376,0.3762,0.3764,0.3766,0.3771,0.3776,0.3781,0.3787,0.3792,0.3797,0.3802,0.3808,0.3813,0.3819,0.3823,0.3827,0.383,0.3834,0.3838,0.3842,0.3846,0.385,0.3854,0.3857,0.3861,0.3865,0.3869,0.3871,0.3873,0.3875,0.3878,0.388,0.3882,0.3885,0.3887,0.3889,0.3892,0.3894,0.3896,0.3899,0.3901,0.3903,0.3906,0.3908,0.391,0.3913,0.3916,0.3919,0.3922,0.3925,0.3928,0.3931,0.3932,0.3934,0.3936,0.3937,0.3939,0.3941,0.3942,0.3951,0.397,0.399,0.4005,0.4009,0.4012,0.4016,0.4019,0.4023,0.4026,0.4029,0.403,0.4026,0.4023,0.4019,0.4016,0.4012,0.4015,0.4018,0.4021,0.4027,0.4037,0.4047,0.4057,0.4067,0.4078,0.4088,0.4098,0.4138,0.4211,0.4287,0.464,0.4643,0.4646,0.4649,0.4652,0.4655,0.464,0.4623,0.4613,0.4602,0.4592,0.4581,0.4571,0.4557,0.4549,0.4531,0.4499,0.4468,0.4438,0.4407,0.4377,0.4348,0.4319,0.4315,0.4314,0.4313,0.4312,0.4311,0.431,0.4309,0.4308,0.4307,0.4304,0.43,0.4295,0.4291,0.4287,0.4284,0.4295,0.4305,0.4315,0.4326,0.4336,0.4347,0.4357,0.4368,0.4378,0.4389,0.44,0.4411,0.4421,0.4432,0.4443,0.4455,0.4466,0.4472,0.4473,0.4473,0.4474,0.4474,0.4474,0.4475,0.4475,0.4475,0.4476,0.4476,0.4476,0.4477,0.4477,0.4478,0.4478,0.4478,0.4478,0.4476,0.4475,0.4473,0.4471,0.4469,0.4467,0.4465,0.4464,0.4462,0.446,0.4458,0.4456,0.4455,0.4453,0.4451,0.4449,0.4447,0.4446,0.4444,0.4442,0.4442,0.4444,0.4446,0.4447,0.4449,0.4451,0.4452,0.4452,0.4451,0.4451,0.445,0.445,0.4449,0.4449,0.4448,0.4448,0.4448,0.4447,0.4447,0.4446,0.4446,0.4445,0.4445,0.4444,0.4444,0.4444,0.4443,0.4443,0.4442,0.4442,0.4441,0.4441,0.444,0.444,0.444,0.4439,0.4439
0.3694,0.3695,0.3697,0.3698,0.3699,0.3701,0.3703,0.3705,0.3707,0.3709,0.3711,0.3712,0.3714,0.3716,0.3718,0.372,0.3722,0.3723,0.3725,0.3727,0.3729,0.3731,0.3733,0.3735,0.3736,0.3738,0.374,0.3742,0.3744,0.3746,0.3748,0.375,0.3751,0.3753,0.3755,0.3757,0.376,0.3765,0.3771,0.3776,0.3781,0.3786,0.3792,0.3797,0.3802,0.3808,0.3813,0.3818,0.3822,0.3826,0.383,0.3833,0.3837,0.3841,0.3845,0.3849,0.3853,0.3856,0.386,0.3864,0.3868,0.3871,0.3873,0.3875,0.3877,0.388,0.3882,0.3884,0.3887,0.3889,0.3891,0.3894,0.3896,0.3898,0.3901,0.3903,0.3905,0.3908,0.391,0.3912,0.3915,0.3917,0.392,0.3923,0.3926,0.3928,0.393,0.3931,0.3933,0.3935,0.3936,0.3938,0.394,0.3941,0.3943,0.3945,0.3964,0.3983,0.399,0.3993,0.3997,0.4,0.4003,0.4007,0.401,0.4014,0.4017,0.4019,0.4015,0.4011,0.4008,0.4005,0.4008,0.4011,0.4016,0.4026,0.4036,0.4046,0.4056,0.4066,0.4077,0.4087,0.4097,0.4113,0.4185,0.426,0.4649,0.4652,0.4655,0.4658,0.4661,0.4658,0.464,0.463,0.4619,0.4608,0.4598,0.4588,0.4577,0.4563,0.4552,0.4543,0.4514,0.4483,0.4452,0.4421,0.4391,0.4362,0.4332,0.4317,0.4316,0.4315,0.4314,0.4313,0.4312,0.4311,0.431,0.4309,0.4308,0.4303,0.4299,0.4295,0.429,0.4286,0.4292,0.4302,0.4313,0.4323,0.4334,0.4344,0.4355,0.4365,0.4376,0.4386,0.4397,0.4408,0.4419,0.443,0.4441,0.4452,0.4463,0.4474,0.4476,0.4476,0.4476,0.4477,0.4477,0.4478,0.4478,0.4478,0.4479,0.4479,0.4479,0.448,0.448,0.448,0.4481,0.4481,0.448,0.4479,0.4477,0.4475,0.4473,0.4471,0.447,0.4468,0.4466,0.4464,0.4462,0.4461,0.4459,0.4457,0.4455,0.4453,0.4452,0.445,0.4448,0.4446,0.4444,0.4443,0.4445,0.4446,0.4448,0.445,0.4451,0.4453,0.4454,0.4453,0.4453,0.4452,0.4452,0.4451,0.4451,0.4451,0.445,0.445,0.4449,0.4449,0.4448,0.4448,0.4447,0.4447,0.4447,0.4446,0.4446,0.4445,0.4445,0.4444,0.4444,0.4443,0.4443,0.4443,0.4442,0.4442,0.4441,0.4441
0.3693,0.3694,0.3695,0.3697,0.3699,0.3701,0.3702,0.3704,0.3706,0.3708,0.371,0.3712,0.3713,0.3715,0.3717,0.3719,0.3721,0.3723,0.3724,0.3726,0.3728,0.373,0.3732,0.3734,0.3736,0.3738,0.3739,0.3741,0.3743,0.3745,0.3747,0.3749,0.3751,0.3755,0.376,0.3765,0.377,0.3776,0.3781,0.3786,0.3792,0.3797,0.3802,0.3808,0.3813,0.3817,0.3821,0.3825,0.3829,0.3832,0.3836,0.384,0.3844,0.3848,0.3852,0.3855,0.3859,0.3863,0.3867,0.387,0.3873,0.3875,0.3877,0.3879,0.3882,0.3884,0.3886,0.3889,0.3891,0.3893,0.3896,0.3898,0.39,0.3903,0.3905,0.3907,0.391,0.3912,0.3914,0.3917,0.3919,0.3921,0.3924,0.3925,0.3927,0.3929,0.393,0.3932,0.3934,0.3935,0.3937,0.3939,0.394,0.3942,0.3944,0.3945,0.3957,0.3971,0.3974,0.3978,0.3981,0.3985,0.3988,0.3992,0.3995,0.3998,0.4002,0.4005,0.4007,0.4004,0.4,0.3998,0.4001,0.4006,0.4015,0.4025,0.4035,0.4045,0.4055,0.4066,0.4076,0.4086,0.4097,0.4107,0.4159,0.4233,0.4306,0.4661,0.4664,0.4666,0.4669,0.4658,0.4647,0.4636,0.4625,0.4615,0.4604,0.4594,0.4584,0.457,0.4556,0.4554,0.4529,0.4497,0.4466,0.4436,0.4405,0.4376,0.4346,0.432,0.4319,0.4318,0.4317,0.4316,0.4315,0.4314,0.4313,0.4312,0.4311,0.4307,0.4302,0.4298,0.4294,0.429,0.429,0.43,0.431,0.4321,0.4331,0.4341,0.4352,0.4363,0.4373,0.4384,0.4395,0.4405,0.4416,0.4427,0.4438,0.4449,0.446,0.4472,0.4479,0.4479,0.4479,0.448,0.448,0.448,0.4481,0.4481,0.4482,0.4482,0.4482,0.4483,0.4483,0.4483,0.4484,0.4484,0.4483,0.4481,0.4479,0.4477,0.4475,0.4474,0.4472,0.447,0.4468,0.4466,0.4465,0.4463,0.4461,0.4459,0.4457,0.4456,0.4454,0.4452,0.445,0.4448,0.4447,0.4445,0.4445,0.4447,0.4449,0.445,0.4452,0.4454,0.4455,0.4455,0.4455,0.4455,0.4454,0.4454,0.4453,0.4453,0.4452,0.4452,0.4451,0.4451,0.445,0.445,0.445,0.4449,0.4449,0.4448,0.4448,0.4447,0.4447,0.4446,0.4446,0.4446,0.4445,0.4445,0.4444,0.4444,0.4443,0.4443
0.3692,0.3693,0.3694,0.3696,0.3698,0.37,0.3702,0.3703,0.3705,0.3707,0.3709,0.3711,0.3713,0.3714,0.3716,0.3718,0.372,0.3722,0.3724,0.3726,0.3727,0.3729,0.3731,0.3733,0.3735,0.3737,0.3739,0.374,0.3742,0.3744,0.3749,0.3755,0.376,0.3765,0.377,0.3776,0.3781,0.3786,0.3792,0.3797,0.3802,0.3808,0.3812,0.3816,0.382,0.3824,0.3828,0.3831,0.3835,0.3839,0.3843,0.3847,0.3851,0.3854,0.3858,0.3862,0.3866,0.387,0.3872,0.3875,0.3877,0.3879,0.3881,0.3884,0.3886,0.3888,0.3891,0.3893,0.3895,0.3898,0.39,0.3902,0.3905,0.3907,0.3909,0.3912,0.3914,0.3916,0.3919,0.3921,0.3917,0.3921,0.3921,0.3921,0.3924,0.3926,0.3928,0.393,0.3932,0.3934,0.3937,0.3939,0.3941,0.3943,0.3944,0.3946,0.3951,0.3956,0.3959,0.3963,0.3966,0.3969,0.3973,0.3976,0.398,0.3983,0.3987,0.399,0.3993,0.3996,0.3993,0.3991,0.3995,0.4005,0.4015,0.4024,0.4034,0.4044,0.4055,0.4065,0.4075,0.4085,0.4096,0.4106,0.4134,0.4206,0.428,0.4662,0.4672,0.4675,0.4676,0.4664,0.4653,0.4642,0.4632,0.4621,0.4611,0.46,0.459,0.4576,0.4559,0.4556,0.4542,0.4512,0.4481,0.445,0.442,0.439,0.436,0.4331,0.4321,0.432,0.4319,0.4318,0.4317,0.4316,0.4315,0.4314,0.4313,0.431,0.4306,0.4302,0.4297,0.4293,0.4289,0.4297,0.4308,0.4318,0.4328,0.4339,0.4349,0.436,0.4371,0.4381,0.4392,0.4403,0.4413,0.4424,0.4435,0.4446,0.4457,0.4469,0.448,0.4482,0.4482,0.4483,0.4483,0.4483,0.4484,0.4484,0.4484,0.4485,0.4485,0.4486,0.4486,0.4486,0.4487,0.4487,0.4485,0.4483,0.4481,0.448,0.4478,0.4476,0.4474,0.4472,0.4471,0.4469,0.4467,0.4465,0.4463,0.4461,0.446,0.4458,0.4456,0.4454,0.4452,0.4451,0.4449,0.4447,0.4446,0.4447,0.4449,0.4451,0.4453,0.4454,0.4456,0.4458,0.4457,0.4457,0.4456,0.4456,0.4455,0.4455,0.4454,0.4454,0.4454,0.4453,0.4453,0.4452,0.4452,0.4451,0.4451,0.445,0.445,0.4449,0.4449,0.4449,0.4448,0.4448,0.4447,0.4447,0.4446,0.4446,0.4445,0.4445
0.3690,0.3692,0.3693,0.3695,0.3697,0.3699,0.3701,0.3703,0.3704,0.3706,0.3708,0.371,0.3712,0.3714,0.3715,0.3717,0.3719,0.3721,0.3723,0.3725,0.3727,0.3728,0.373,0.3732,0.3734,0.3736,0.3739,0.3744,0.3749,0.3755,0.376,0.3765,0.377,0.3776,0.3781,0.3786,0.3791,0.3797,0.3802,0.3807,0.3811,0.3815,0.3819,0.3823,0.3827,0.383,0.3834,0.3838,0.3842,0.3846,0.385,0.3853,0.3857,0.3861,0.3865,0.3869,0.3872,0.3874,0.3877,0.3879,0.3881,0.3883,0.3886,0.3888,0.389,0.3893,0.3895,0.3897,0.39,0.3902,0.3904,0.3907,0.3909,0.3911,0.3914,0.3916,0.3918,0.3915,0.3912,0.3911,0.3918,0.392,0.392,0.392,0.392,0.392,0.3922,0.3925,0.3927,0.3929,0.3931,0.3933,0.3935,0.3938,0.394,0.3942,0.3944,0.3947,0.3949,0.3952,0.3954,0.3957,0.396,0.3962,0.3965,0.3968,0.3971,0.3975,0.3978,0.3981,0.3985,0.3984,0.3994,0.4004,0.4014,0.4024,0.4034,0.4044,0.4054,0.4064,0.4074,0.4085,0.4095,0.4105,0.4116,0.418,0.4254,0.4653,0.4663,0.4674,0.4681,0.467,0.4659,0.4649,0.4638,0.4627,0.4617,0.4606,0.4596,0.4583,0.4565,0.456,0.4553,0.4527,0.4496,0.4464,0.4434,0.4404,0.4374,0.4344,0.4324,0.4323,0.4322,0.4321,0.432,0.4319,0.4318,0.4317,0.4316,0.4314,0.431,0.4305,0.4301,0.4297,0.4292,0.4295,0.4305,0.4315,0.4326,0.4336,0.4347,0.4357,0.4368,0.4379,0.4389,0.44,0.4411,0.4422,0.4433,0.4444,0.4455,0.4466,0.4477,0.4485,0.4485,0.4486,0.4486,0.4486,0.4487,0.4487,0.4487,0.4488,0.4488,0.4488,0.4489,0.4489,0.449,0.4489,0.4487,0.4486,0.4484,0.4482,0.448,0.4478,0.4476,0.4475,0.4473,0.4471,0.4469,0.4467,0.4466,0.4464,0.4462,0.446,0.4458,0.4457,0.4455,0.4453,0.4451,0.4449,0.4448,0.4448,0.445,0.4452,0.4453,0.4455,0.4457,0.4458,0.4459,0.4459,0.4458,0.4458,0.4457,0.4457,0.4457,0.4456,0.4456,0.4455,0.4455,0.4454,0.4454,0.4453,0.4453,0.4452,0.4452,0.4452,0.4451,0.4451,0.445,0.445,0.4449,0.4449,0.4448,0.4448,0.4448,0.4447
0.3689,0.3691,0.3693,0.3694,0.3696,0.3698,0.37,0.3702,0.3704,0.3705,0.3707,0.3709,0.3711,0.3713,0.3715,0.3717,0.3718,0.372,0.3722,0.3724,0.3726,0.3728,0.3729,0.3734,0.3739,0.3744,0.3749,0.3754,0.376,0.3765,0.377,0.3775,0.3781,0.3786,0.3791,0.3797,0.3802,0.3807,0.381,0.3814,0.3818,0.3822,0.3826,0.3829,0.3833,0.3837,0.3841,0.3845,0.3849,0.3852,0.3856,0.386,0.3864,0.3868,0.3872,0.3874,0.3876,0.3879,0.3881,0.3883,0.3885,0.3888,0.389,0.3892,0.3895,0.3897,0.3899,0.3902,0.3904,0.3906,0.3909,0.3911,0.3913,0.3916,0.3918,0.391,0.3908,0.3905,0.3906,0.3914,0.3918,0.3918,0.3918,0.3918,0.3918,0.3918,0.3918,0.3919,0.3921,0.3923,0.3926,0.3928,0.393,0.3932,0.3934,0.3936,0.3938,0.3941,0.3943,0.3946,0.3949,0.3951,0.3954,0.3956,0.3959,0.3962,0.3964,0.3967,0.397,0.3972,0.3976,0.3984,0.3993,0.4003,0.4013,0.4023,0.4033,0.4043,0.4053,0.4063,0.4073,0.4084,0.4094,0.4105,0.4115,0.4154,0.4228,0.4297,0.4655,0.4665,0.4681,0.4677,0.4666,0.4655,0.4644,0.4634,0.4623,0.4613,0.4603,0.459,0.4571,0.4564,0.4563,0.4541,0.451,0.4479,0.4448,0.4418,0.4388,0.4358,0.4329,0.4326,0.4325,0.4324,0.4323,0.4322,0.4321,0.432,0.4319,0.4318,0.4313,0.4309,0.4305,0.43,0.4296,0.4292,0.4303,0.4313,0.4323,0.4334,0.4344,0.4355,0.4365,0.4376,0.4387,0.4397,0.4408,0.4419,0.443,0.4441,0.4452,0.4463,0.4474,0.4486,0.4488,0.4489,0.4489,0.4489,0.449,0.449,0.449,0.4491,0.4491,0.4491,0.4492,0.4492,0.4493,0.4491,0.449,0.4488,0.4486,0.4484,0.4482,0.4481,0.4479,0.4477,0.4475,0.4473,0.4471,0.447,0.4468,0.4466,0.4464,0.4462,0.4461,0.4459,0.4457,0.4455,0.4453,0.4452,0.445,0.4449,0.445,0.4452,0.4454,0.4456,0.4457,0.4459,0.4461,0.4461,0.446,0.446,0.446,0.4459,0.4459,0.4458,0.4458,0.4457,0.4457,0.4456,0.4456,0.4456,0.4455,0.4455,0.4454,0.4454,0.4453,0.4453,0.4452,0.4452,0.4451,0.4451,0.4451,0.445,0.445,0.4449
0.3688,0.369,0.3692,0.3694,0.3695,0.3697,0.3699,0.3701,0.3703,0.3705,0.3706,0.3708,0.371,0.3712,0.3714,0.3716,0.3718,0.3719,0.3721,0.3723,0.3728,0.3734,0.3739,0.3744,0.3749,0.3754,0.376,0.3765,0.377,0.3775,0.3781,0.3786,0.3791,0.3797,0.3802,0.3806,0.3809,0.3813,0.3817,0.3821,0.3825,0.3828,0.3832,0.3836,0.384,0.3844,0.3848,0.3851,0.3855,0.3859,0.3863,0.3867,0.3871,0.3874,0.3876,0.3878,0.3881,0.3883,0.3885,0.3887,0.389,0.3892,0.3894,0.3897,0.3899,0.3901,0.3904,0.3906,0.3908,0.3911,0.3913,0.3915,0.3913,0.3906,0.3903,0.39,0.3898,0.3901,0.3909,0.3917,0.3917,0.3917,0.3917,0.3917,0.3917,0.3917,0.3917,0.3917,0.3917,0.3918,0.392,0.3922,0.3924,0.3926,0.3929,0.3931,0.3933,0.3935,0.3938,0.394,0.3943,0.3946,0.3948,0.3951,0.3953,0.3956,0.3959,0.3961,0.3964,0.397,0.3977,0.3983,0.3992,0.4002,0.4012,0.4022,0.4032,0.4042,0.4052,0.4062,0.4073,0.4083,0.4093,0.4104,0.4114,0.4129,0.4202,0.4271,0.4646,0.4656,0.4668,0.4683,0.4672,0.4662,0.4651,0.464,0.463,0.4619,0.4609,0.4596,0.4578,0.4567,0.4564,0.4552,0.4525,0.4494,0.4463,0.4432,0.4402,0.4372,0.4343,0.4328,0.4327,0.4326,0.4325,0.4324,0.4323,0.4322,0.4321,0.432,0.4317,0.4313,0.4308,0.4304,0.43,0.4295,0.43,0.431,0.4321,0.4331,0.4342,0.4352,0.4363,0.4373,0.4384,0.4395,0.4406,0.4416,0.4427,0.4438,0.4449,0.446,0.4471,0.4483,0.4491,0.4491,0.4492,0.4492,0.4493,0.4493,0.4493,0.4494,0.4494,0.4494,0.4495,0.4495,0.4495,0.4494,0.4492,0.449,0.4488,0.4486,0.4485,0.4483,0.4481,0.4479,0.4477,0.4476,0.4474,0.4472,0.447,0.4468,0.4467,0.4465,0.4463,0.4461,0.4459,0.4458,0.4456,0.4454,0.4452,0.445,0.4451,0.4453,0.4454,0.4456,0.4458,0.446,0.4461,0.4463,0.4463,0.4462,0.4462,0.4461,0.4461,0.446,0.446,0.4459,0.4459,0.4459,0.4458,0.4458,0.4457,0.4457,0.4456,0.4456,0.4455,0.4455,0.4455,0.4454,0.4454,0.4453,0.4453,0.4452,0.4452,0.4451
0.3687,0.3689,0.3691,0.3693,0.3695,0.3697,0.3698,0.37,0.3702,0.3704,0.3706,0.3708,0.3709,0.3711,0.3713,0.3715,0.3718,0.3723,0.3728,0.3733,0.3739,0.3744,0.3749,0.3754,0.3759,0.3765,0.377,0.3775,0.3781,0.3786,0.3791,0.3796,0.3801,0.3805,0.3808,0.3812,0.3816,0.382,0.3824,0.3827,0.3831,0.3835,0.3839,0.3843,0.3847,0.385,0.3854,0.3858,0.3862,0.3866,0.387,0.3873,0.3876,0.3878,0.388,0.3883,0.3885,0.3887,0.3889,0.3892,0.3894,0.3896,0.3899,0.3901,0.3903,0.3906,0.3908,0.391,0.3913,0.3915,0.3906,0.3901,0.3898,0.3896,0.3893,0.389,0.3897,0.3904,0.3912,0.3915,0.3915,0.3915,0.3915,0.3915,0.3915,0.3915,0.3915,0.3916,0.3916,0.3916,0.3916,0.3917,0.3919,0.3921,0.3923,0.3925,0.3927,0.393,0.3932,0.3935,0.3937,0.394,0.3942,0.3945,0.3948,0.395,0.3953,0.3958,0.3964,0.3971,0.3977,0.3984,0.3992,0.4001,0.4011,0.4021,0.4031,0.4041,0.4051,0.4062,0.4072,0.4082,0.4093,0.4103,0.4113,0.4124,0.4175,0.4245,0.4637,0.4648,0.4658,0.469,0.4679,0.4668,0.4657,0.4647,0.4636,0.4625,0.4615,0.4603,0.4585,0.4571,0.4568,0.4562,0.454,0.4508,0.4477,0.4446,0.4416,0.4386,0.4356,0.4331,0.433,0.4329,0.4328,0.4327,0.4326,0.4325,0.4324,0.4323,0.4321,0.4316,0.4312,0.4308,0.4303,0.4299,0.4298,0.4308,0.4318,0.4329,0.4339,0.435,0.436,0.4371,0.4381,0.4392,0.4403,0.4414,0.4425,0.4435,0.4446,0.4457,0.4469,0.448,0.4491,0.4494,0.4495,0.4495,0.4495,0.4496,0.4496,0.4497,0.4497,0.4497,0.4498,0.4498,0.4498,0.4496,0.4494,0.4492,0.4491,0.4489,0.4487,0.4485,0.4483,0.4482,0.448,0.4478,0.4476,0.4474,0.4472,0.4471,0.4469,0.4467,0.4465,0.4463,0.4462,0.446,0.4458,0.4456,0.4454,0.4453,0.4452,0.4453,0.4455,0.4457,0.4458,0.446,0.4462,0.4464,0.4465,0.4464,0.4464,0.4463,0.4463,0.4463,0.4462,0.4462,0.4461,0.4461,0.446,0.446,0.4459,0.4459,0.4458,0.4458,0.4458,0.4457,0.4457,0.4456,0.4456,0.4455,0.4455,0.4454,0.4454,0.4453
0.3687,0.3688,0.369,0.3692,0.3694,0.3696,0.3698,0.3699,0.3701,0.3703,0.3705,0.3707,0.3709,0.3713,0.3718,0.3723,0.3728,0.3733,0.3739,0.3744,0.3749,0.3754,0.3759,0.3765,0.377,0.3775,0.378,0.3786,0.3791,0.3796,0.38,0.3804,0.3807,0.3811,0.3815,0.3819,0.3823,0.3826,0.383,0.3834,0.3838,0.3842,0.3846,0.3849,0.3853,0.3857,0.3861,0.3865,0.3869,0.3873,0.3875,0.3878,0.388,0.3882,0.3885,0.3887,0.3889,0.3891,0.3894,0.3896,0.3898,0.3901,0.3903,0.3905,0.3908,0.391,0.3912,0.391,0.39,0.3896,0.3894,0.3891,0.3888,0.3886,0.3884,0.3892,0.3899,0.3907,0.3914,0.3914,0.3914,0.3914,0.3914,0.3914,0.3914,0.3914,0.3914,0.3914,0.3914,0.3914,0.3914,0.3914,0.3914,0.3916,0.3918,0.392,0.3922,0.3924,0.3926,0.3929,0.3932,0.3934,0.3937,0.3939,0.3942,0.3945,0.3952,0.3958,0.3965,0.3971,0.3978,0.3984,0.3991,0.4001,0.401,0.402,0.403,0.404,0.4051,0.4061,0.4071,0.4081,0.4092,0.4102,0.4113,0.4123,0.415,0.422,0.4288,0.4639,0.4649,0.468,0.4685,0.4675,0.4664,0.4653,0.4642,0.4632,0.4622,0.461,0.4591,0.4574,0.4571,0.4572,0.4551,0.4523,0.4492,0.4461,0.443,0.44,0.437,0.4341,0.4332,0.4331,0.433,0.4329,0.4328,0.4327,0.4326,0.4325,0.4324,0.432,0.4316,0.4311,0.4307,0.4303,0.4298,0.4305,0.4316,0.4326,0.4337,0.4347,0.4358,0.4368,0.4379,0.4389,0.44,0.4411,0.4422,0.4433,0.4444,0.4455,0.4466,0.4477,0.4488,0.4497,0.4498,0.4498,0.4498,0.4499,0.4499,0.45,0.45,0.45,0.4501,0.4501,0.45,0.4498,0.4497,0.4495,0.4493,0.4491,0.4489,0.4487,0.4486,0.4484,0.4482,0.448,0.4478,0.4477,0.4475,0.4473,0.4471,0.4469,0.4467,0.4466,0.4464,0.4462,0.446,0.4458,0.4457,0.4455,0.4453,0.4454,0.4456,0.4457,0.4459,0.4461,0.4462,0.4464,0.4466,0.4466,0.4466,0.4466,0.4465,0.4465,0.4464,0.4464,0.4463,0.4463,0.4462,0.4462,0.4461,0.4461,0.4461,0.446,0.446,0.4459,0.4459,0.4458,0.4458,0.4457,0.4457,0.4457,0.4456,0.4456
0.3686,0.3688,0.3689,0.3691,0.3693,0.3695,0.3697,0.3699,0.37,0.3703,0.3708,0.3713,0.3718,0.3723,0.3728,0.3733,0.3738,0.3744,0.3749,0.3754,0.3759,0.3764,0.377,0.3775,0.378,0.3786,0.3791,0.3795,0.3799,0.3803,0.3807,0.381,0.3814,0.3818,0.3822,0.3825,0.3829,0.3833,0.3837,0.3841,0.3845,0.3848,0.3852,0.3856,0.386,0.3864,0.3868,0.3872,0.3875,0.3877,0.388,0.3882,0.3884,0.3887,0.3889,0.3891,0.3893,0.3896,0.3898,0.39,0.3903,0.3905,0.3907,0.391,0.3912,0.3903,0.3894,0.3892,0.3889,0.3886,0.3884,0.3881,0.3878,0.388,0.3887,0.3895,0.3902,0.391,0.3912,0.3912,0.3912,0.3912,0.3912,0.3912,0.3912,0.3913,0.3913,0.3913,0.3913,0.3913,0.3913,0.3913,0.3913,0.3913,0.3913,0.3914,0.3916,0.3919,0.3921,0.3923,0.3926,0.3928,0.3931,0.3934,0.394,0.3946,0.3952,0.3959,0.3965,0.3972,0.3978,0.3985,0.3991,0.4,0.401,0.402,0.403,0.404,0.405,0.406,0.407,0.4081,0.4091,0.4101,0.4112,0.4122,0.4133,0.4195,0.4262,0.463,0.4641,0.4667,0.4692,0.4681,0.467,0.4659,0.4649,0.4638,0.4628,0.4616,0.4598,0.458,0.4575,0.4572,0.4561,0.4538,0.4506,0.4475,0.4444,0.4414,0.4384,0.4354,0.4335,0.4334,0.4333,0.4332,0.4331,0.433,0.4329,0.4328,0.4327,0.4324,0.4319,0.4315,0.4311,0.4306,0.4302,0.4303,0.4313,0.4324,0.4334,0.4344,0.4355,0.4366,0.4376,0.4387,0.4398,0.4408,0.4419,0.443,0.4441,0.4452,0.4463,0.4474,0.4486,0.4497,0.4501,0.4501,0.4501,0.4502,0.4502,0.4502,0.4503,0.4503,0.4504,0.4504,0.4503,0.4501,0.4499,0.4497,0.4495,0.4493,0.4492,0.449,0.4488,0.4486,0.4484,0.4482,0.4481,0.4479,0.4477,0.4475,0.4473,0.4472,0.447,0.4468,0.4466,0.4464,0.4463,0.4461,0.4459,0.4457,0.4455,0.4454,0.4456,0.4458,0.446,0.4461,0.4463,0.4465,0.4467,0.4468,0.4468,0.4468,0.4467,0.4467,0.4466,0.4466,0.4465,0.4465,0.4465,0.4464,0.4464,0.4463,0.4463,0.4462,0.4462,0.4461,0.4461,0.446,0.446,0.446,0.4459,0.4459,0.4458,0.4458
0.3685,0.3687,0.3689,0.3691,0.3692,0.3694,0.3697,0.3702,0.3708,0.3713,0.3718,0.3723,0.3728,0.3733,0.3738,0.3744,0.3749,0.3754,0.3759,0.3764,0.377,0.3775,0.378,0.3785,0.3791,0.3794,0.3798,0.3802,0.3806,0.3809,0.3813,0.3817,0.3821,0.3824,0.3828,0.3832,0.3836,0.384,0.3844,0.3847,0.3851,0.3855,0.3859,0.3863,0.3867,0.3871,0.3875,0.3877,0.3879,0.3882,0.3884,0.3886,0.3889,0.3891,0.3893,0.3895,0.3898,0.39,0.3902,0.3905,0.3907,0.3909,0.3907,0.3897,0.3889,0.3887,0.3884,0.3882,0.3879,0.3876,0.3874,0.3871,0.3875,0.3882,0.389,0.3897,0.3905,0.3911,0.3911,0.3911,0.3911,0.3911,0.3911,0.3911,0.3911,0.3911,0.3911,0.3911,0.3911,0.3911,0.3911,0.3911,0.3911,0.3911,0.3911,0.3911,0.3911,0.3913,0.3915,0.3918,0.392,0.3923,0.3927,0.3934,0.394,0.3946,0.3953,0.3959,0.3966,0.3972,0.3979,0.3985,0.3992,0.3999,0.4009,0.4019,0.4029,0.4039,0.4049,0.4059,0.4069,0.408,0.409,0.41,0.4111,0.4121,0.4132,0.417,0.4237,0.4306,0.4632,0.4654,0.4692,0.4688,0.4677,0.4666,0.4655,0.4645,0.4635,0.4623,0.4605,0.4586,0.4579,0.4576,0.4572,0.455,0.4521,0.449,0.4459,0.4428,0.4398,0.4368,0.4339,0.4337,0.4336,0.4335,0.4334,0.4333,0.4332,0.4331,0.433,0.4327,0.4323,0.4319,0.4314,0.431,0.4306,0.4301,0.4311,0.4321,0.4331,0.4342,0.4352,0.4363,0.4374,0.4384,0.4395,0.4406,0.4417,0.4427,0.4438,0.4449,0.446,0.4472,0.4483,0.4494,0.4504,0.4504,0.4504,0.4505,0.4505,0.4505,0.4506,0.4506,0.4507,0.4507,0.4505,0.4503,0.4501,0.4499,0.4498,0.4496,0.4494,0.4492,0.449,0.4488,0.4487,0.4485,0.4483,0.4481,0.4479,0.4478,0.4476,0.4474,0.4472,0.447,0.4468,0.4467,0.4465,0.4463,0.4461,0.4459,0.4458,0.4456,0.4457,0.4458,0.446,0.4462,0.4464,0.4465,0.4467,0.4469,0.447,0.447,0.4469,0.4469,0.4468,0.4468,0.4468,0.4467,0.4467,0.4466,0.4466,0.4465,0.4465,0.4464,0.4464,0.4464,0.4463,0.4463,0.4462,0.4462,0.4461,0.4461,0.446,0.446
0.3684,0.3686,0.3688,0.3692,0.3697,0.3702,0.3707,0.3713,0.3718,0.3723,0.3728,0.3733,0.3738,0.3743,0.3749,0.3754,0.3759,0.3764,0.377,0.3775,0.378,0.3785,0.379,0.3793,0.3797,0.3801,0.3805,0.3808,0.3812,0.3816,0.382,0.3823,0.3827,0.3831,0.3835,0.3839,0.3843,0.3846,0.385,0.3854,0.3858,0.3862,0.3866,0.387,0.3874,0.3877,0.3879,0.3881,0.3884,0.3886,0.3888,0.3891,0.3893,0.3895,0.3897,0.39,0.3902,0.3904,0.3907,0.3909,0.3901,0.3891,0.3885,0.3882,0.388,0.3877,0.3874,0.3872,0.3869,0.3866,0.3864,0.387,0.3878,0.3885,0.3893,0.39,0.3908,0.3909,0.3909,0.3909,0.3909,0.3909,0.391,0.391,0.391,0.391,0.391,0.391,0.391,0.391,0.391,0.391,0.391,0.391,0.391,0.391,0.391,0.391,0.391,0.3912,0.3915,0.3921,0.3928,0.3934,0.394,0.3947,0.3953,0.3957,0.3962,0.3967,0.3972,0.3977,0.3987,0.3998,0.4006,0.4016,0.4027,0.4037,0.4047,0.4058,0.4068,0.4079,0.4089,0.41,0.411,0.4121,0.4131,0.4145,0.4211,0.4279,0.4623,0.4641,0.4679,0.4694,0.4683,0.4672,0.4662,0.4651,0.4641,0.463,0.4611,0.4593,0.4582,0.4579,0.4579,0.456,0.4536,0.4505,0.4473,0.4443,0.4412,0.4382,0.4353,0.4339,0.4338,0.4337,0.4336,0.4335,0.4334,0.4333,0.4332,0.4331,0.4327,0.4322,0.4318,0.4314,0.4309,0.4305,0.4308,0.4318,0.4329,0.4339,0.435,0.436,0.4371,0.4382,0.4392,0.4403,0.4414,0.4425,0.4436,0.4447,0.4458,0.4469,0.448,0.4491,0.4503,0.4507,0.4507,0.4508,0.4508,0.4508,0.4509,0.4509,0.4509,0.4509,0.4507,0.4505,0.4504,0.4502,0.45,0.4498,0.4496,0.4494,0.4493,0.4491,0.4489,0.4487,0.4485,0.4483,0.4482,0.448,0.4478,0.4476,0.4474,0.4473,0.4471,0.4469,0.4467,0.4465,0.4463,0.4462,0.446,0.4458,0.4457,0.4459,0.4461,0.4463,0.4464,0.4466,0.4468,0.4469,0.4471,0.4472,0.4472,0.4471,0.4471,0.447,0.447,0.4469,0.4469,0.4468,0.4468,0.4467,0.4467,0.4467,0.4466,0.4466,0.4465,0.4465,0.4464,0.4464,0.4463,0.4463,0.4462,0.4462
0.3687,0.3692,0.3697,0.3702,0.3707,0.3712,0.3718,0.3723,0.3728,0.3733,0.3738,0.3743,0.3749,0.3754,0.3759,0.3764,0.3769,0.3775,0.378,0.3785,0.3789,0.3792,0.3796,0.38,0.3804,0.3807,0.3811,0.3815,0.3819,0.3823,0.3826,0.383,0.3834,0.3838,0.3842,0.3845,0.3849,0.3853,0.3857,0.3861,0.3865,0.3869,0.3873,0.3876,0.3879,0.3881,0.3883,0.3886,0.3888,0.389,0.3893,0.3895,0.3897,0.3899,0.3902,0.3904,0.3906,0.3904,0.3894,0.3885,0.388,0.3878,0.3875,0.3872,0.387,0.3867,0.3865,0.3862,0.3859,0.3858,0.3865,0.3873,0.388,0.3888,0.3895,0.3903,0.3908,0.3908,0.3908,0.3908,0.3908,0.3908,0.3908,0.3908,0.3908,0.3908,0.3908,0.3908,0.3908,0.3908,0.3908,0.3908,0.3908,0.3908,0.3908,0.3908,0.3908,0.3908,0.3903,0.3899,0.3904,0.3909,0.3913,0.3918,0.3923,0.3928,0.3932,0.3937,0.3942,0.3947,0.3963,0.398,0.3992,0.3997,0.4003,0.4012,0.4022,0.4033,0.4043,0.4053,0.4064,0.4074,0.4085,0.4096,0.4106,0.4117,0.4128,0.4139,0.4186,0.4254,0.4615,0.4628,0.4665,0.4701,0.469,0.4679,0.4668,0.4658,0.4647,0.4637,0.4618,0.46,0.4586,0.4583,0.458,0.4571,0.4549,0.4519,0.4488,0.4457,0.4426,0.4396,0.4367,0.4342,0.4341,0.434,0.4339,0.4338,0.4337,0.4336,0.4335,0.4334,0.433,0.4326,0.4322,0.4317,0.4313,0.4309,0.4306,0.4316,0.4326,0.4337,0.4347,0.4358,0.4368,0.4379,0.439,0.44,0.4411,0.4422,0.4433,0.4444,0.4455,0.4466,0.4477,0.4488,0.45,0.451,0.451,0.4511,0.4511,0.4511,0.4512,0.4512,0.4512,0.4511,0.451,0.4508,0.4506,0.4504,0.4502,0.45,0.4499,0.4497,0.4495,0.4493,0.4491,0.4489,0.4488,0.4486,0.4484,0.4482,0.448,0.4478,0.4477,0.4475,0.4473,0.4471,0.4469,0.4468,0.4466,0.4464,0.4462,0.446,0.4459,0.446,0.4461,0.4463,0.4465,0.4467,0.4468,0.447,0.4472,0.4473,0.4474,0.4473,0.4473,0.4472,0.4472,0.4471,0.4471,0.4471,0.447,0.447,0.4469,0.4469,0.4468,0.4468,0.4467,0.4467,0.4466,0.4466,0.4466,0.4465,0.4465,0.4464
0.3697,0.3702,0.3707,0.3712,0.3717,0.3723,0.3728,0.3733,0.3738,0.3743,0.3748,0.3754,0.3759,0.3764,0.3769,0.3775,0.378,0.3784,0.3788,0.3791,0.3795,0.3799,0.3803,0.3806,0.381,0.3814,0.3818,0.3822,0.3825,0.3829,0.3833,0.3837,0.3841,0.3844,0.3848,0.3852,0.3856,0.386,0.3864,0.3868,0.3872,0.3875,0.3878,0.3881,0.3883,0.3885,0.3888,0.389,0.3892,0.3895,0.3897,0.3899,0.3901,0.3904,0.3906,0.3898,0.3888,0.3879,0.3876,0.3873,0.387,0.3868,0.3865,0.3863,0.386,0.3857,0.3855,0.3852,0.3853,0.3861,0.3868,0.3876,0.3883,0.3891,0.3898,0.3906,0.3906,0.3906,0.3906,0.3907,0.3907,0.3907,0.3907,0.3907,0.3907,0.3907,0.3907,0.3907,0.3907,0.3907,0.3907,0.3907,0.3907,0.3907,0.3907,0.3907,0.389,0.387,0.3875,0.388,0.3884,0.3889,0.3894,0.3898,0.3903,0.3908,0.3912,0.3921,0.3938,0.3955,0.3973,0.3986,0.3991,0.3997,0.4002,0.4008,0.4018,0.4028,0.4039,0.4049,0.4059,0.407,0.408,0.4091,0.4102,0.4112,0.4123,0.4134,0.4161,0.4228,0.4297,0.4617,0.4652,0.469,0.4696,0.4685,0.4675,0.4664,0.4654,0.4644,0.4625,0.4606,0.459,0.4586,0.4583,0.4582,0.4559,0.4534,0.4503,0.4471,0.4441,0.441,0.438,0.4351,0.4343,0.4342,0.4341,0.434,0.4339,0.4338,0.4337,0.4336,0.4334,0.433,0.4325,0.4321,0.4317,0.4312,0.4308,0.4313,0.4324,0.4334,0.4345,0.4355,0.4366,0.4376,0.4387,0.4398,0.4409,0.4419,0.443,0.4441,0.4452,0.4463,0.4474,0.4486,0.4497,0.4508,0.4513,0.4514,0.4514,0.4514,0.4515,0.4515,0.4515,0.4514,0.4512,0.451,0.4508,0.4506,0.4505,0.4503,0.4501,0.4499,0.4497,0.4495,0.4494,0.4492,0.449,0.4488,0.4486,0.4484,0.4483,0.4481,0.4479,0.4477,0.4475,0.4474,0.4472,0.447,0.4468,0.4466,0.4464,0.4463,0.4461,0.446,0.4462,0.4464,0.4465,0.4467,0.4469,0.4471,0.4472,0.4474,0.4476,0.4475,0.4475,0.4474,0.4474,0.4474,0.4473,0.4473,0.4472,0.4472,0.4471,0.4471,0.447,0.447,0.447,0.4469,0.4469,0.4468,0.4468,0.4467,0.4467,0.4466
0.3707,0.3712,0.3717,0.3723,0.3728,0.3733,0.3738,0.3743,0.3748,0.3754,0.3759,0.3764,0.3769,0.3775,0.3779,0.3783,0.3787,0.379,0.3794,0.3798,0.3802,0.3805,0.3809,0.3813,0.3817,0.3821,0.3824,0.3828,0.3832,0.3836,0.384,0.3843,0.3847,0.3851,0.3855,0.3859,0.3863,0.3867,0.3871,0.3874,0.3878,0.388,0.3883,0.3885,0.3887,0.389,0.3892,0.3894,0.3897,0.3899,0.3901,0.3904,0.3901,0.3892,0.3882,0.3874,0.3871,0.3868,0.3866,0.3863,0.3861,0.3858,0.3855,0.3853,0.385,0.3848,0.3845,0.3849,0.3856,0.3864,0.3871,0.3879,0.3886,0.3894,0.3901,0.3905,0.3905,0.3905,0.3905,0.3905,0.3905,0.3905,0.3905,0.3905,0.3905,0.3905,0.3905,0.3905,0.3905,0.3905,0.3905,0.3905,0.3905,0.3905,0.3877,0.3844,0.3846,0.3851,0.3856,0.386,0.3865,0.3869,0.3874,0.3879,0.3883,0.3898,0.3915,0.3931,0.3948,0.3965,0.398,0.3986,0.3991,0.3996,0.4001,0.4007,0.4014,0.4024,0.4034,0.4045,0.4055,0.4065,0.4076,0.4087,0.4097,0.4108,0.4119,0.4129,0.4145,0.4203,0.4271,0.4608,0.4639,0.4677,0.4703,0.4692,0.4681,0.4671,0.466,0.465,0.4632,0.4613,0.4594,0.459,0.4587,0.4587,0.457,0.4548,0.4517,0.4486,0.4455,0.4425,0.4394,0.4365,0.4346,0.4345,0.4344,0.4343,0.4342,0.4341,0.434,0.4339,0.4338,0.4333,0.4329,0.4325,0.432,0.4316,0.4311,0.4311,0.4321,0.4332,0.4342,0.4353,0.4363,0.4374,0.4384,0.4395,0.4406,0.4417,0.4428,0.4439,0.445,0.4461,0.4472,0.4483,0.4494,0.4505,0.4516,0.4517,0.4517,0.4517,0.4518,0.4518,0.4518,0.4516,0.4514,0.4512,0.4511,0.4509,0.4507,0.4505,0.4503,0.4501,0.45,0.4498,0.4496,0.4494,0.4492,0.449,0.4489,0.4487,0.4485,0.4483,0.4481,0.4479,0.4478,0.4476,0.4474,0.4472,0.447,0.4469,0.4467,0.4465,0.4463,0.4461,0.4463,0.4464,0.4466,0.4468,0.4469,0.4471,0.4473,0.4475,0.4476,0.4478,0.4477,0.4477,0.4476,0.4476,0.4475,0.4475,0.4474,0.4474,0.4473,0.4473,0.4473,0.4472,0.4472,0.4471,0.4471,0.447,0.447,0.4469,0.4469,0.4468
0.3717,0.3722,0.3728,0.3733,0.3738,0.3743,0.3748,0.3753,0.3759,0.3764,0.3769,0.3774,0.3778,0.3782,0.3786,0.3789,0.3793,0.3797,0.3801,0.3804,0.3808,0.3812,0.3816,0.382,0.3823,0.3827,0.3831,0.3835,0.3839,0.3842,0.3846,0.385,0.3854,0.3858,0.3862,0.3866,0.387,0.3873,0.3877,0.388,0.3882,0.3885,0.3887,0.3889,0.3892,0.3894,0.3896,0.3899,0.3901,0.3903,0.3895,0.3886,0.3876,0.3869,0.3866,0.3864,0.3861,0.3859,0.3856,0.3853,0.3851,0.3848,0.3846,0.3843,0.384,0.3838,0.3844,0.3851,0.3859,0.3866,0.3874,0.3881,0.3889,0.3896,0.3903,0.3903,0.3904,0.3904,0.3904,0.3904,0.3904,0.3904,0.3904,0.3904,0.3904,0.3904,0.3904,0.3904,0.3904,0.3904,0.3904,0.3896,0.3864,0.3831,0.3818,0.3823,0.3827,0.3832,0.3836,0.3841,0.3846,0.385,0.3858,0.3874,0.3891,0.3908,0.3924,0.3941,0.3958,0.3975,0.398,0.3985,0.399,0.3995,0.4001,0.4006,0.4011,0.402,0.403,0.404,0.4051,0.4061,0.4072,0.4082,0.4093,0.4103,0.4114,0.4125,0.414,0.4178,0.4245,0.46,0.4626,0.4664,0.4702,0.4698,0.4688,0.4677,0.4667,0.4657,0.4638,0.462,0.4601,0.4594,0.4591,0.4588,0.4581,0.4558,0.4532,0.4501,0.447,0.4439,0.4409,0.4379,0.4349,0.4348,0.4347,0.4346,0.4345,0.4344,0.4343,0.4342,0.4341,0.4337,0.4333,0.4328,0.4324,0.432,0.4315,0.4311,0.4319,0.4329,0.4339,0.435,0.4361,0.4371,0.4382,0.4393,0.4403,0.4414,0.4425,0.4436,0.4447,0.4458,0.4469,0.448,0.4491,0.4503,0.4514,0.452,0.452,0.452,0.4521,0.4521,0.452,0.4518,0.4517,0.4515,0.4513,0.4511,0.4509,0.4507,0.4505,0.4504,0.4502,0.45,0.4498,0.4496,0.4495,0.4493,0.4491,0.4489,0.4487,0.4485,0.4484,0.4482,0.448,0.4478,0.4476,0.4474,0.4473,0.4471,0.4469,0.4467,0.4465,0.4464,0.4463,0.4465,0.4467,0.4468,0.447,0.4472,0.4474,0.4475,0.4477,0.4479,0.4479,0.4479,0.4478,0.4478,0.4477,0.4477,0.4477,0.4476,0.4476,0.4475,0.4475,0.4474,0.4474,0.4473,0.4473,0.4472,0.4472,0.4472,0.4471,0.4471
0.3726,0.3733,0.3738,0.3743,0.3748,0.3753,0.3759,0.3764,0.3769,0.3774,0.3777,0.3781,0.3785,0.3789,0.3792,0.3796,0.38,0.3803,0.3807,0.3811,0.3815,0.3819,0.3822,0.3826,0.383,0.3834,0.3838,0.3841,0.3845,0.3849,0.3853,0.3857,0.3861,0.3865,0.3869,0.3872,0.3876,0.388,0.3882,0.3884,0.3887,0.3889,0.3891,0.3894,0.3896,0.3898,0.3901,0.3898,0.3889,0.3879,0.387,0.3864,0.3862,0.3859,0.3857,0.3854,0.3851,0.3849,0.3846,0.3844,0.3841,0.3838,0.3836,0.3834,0.3833,0.3839,0.3847,0.3854,0.3862,0.3869,0.3877,0.3884,0.3892,0.3899,0.3902,0.3902,0.3902,0.3902,0.3902,0.3902,0.3902,0.3902,0.3902,0.3902,0.3902,0.3902,0.3902,0.3902,0.3902,0.3883,0.3851,0.3819,0.3791,0.3795,0.38,0.3804,0.3808,0.3813,0.3817,0.3822,0.3835,0.3851,0.3868,0.3884,0.3901,0.3917,0.3934,0.3951,0.3968,0.3974,0.3979,0.3984,0.3989,0.3995,0.4,0.4005,0.401,0.4016,0.4025,0.4036,0.4046,0.4057,0.4067,0.4078,0.4088,0.4099,0.411,0.412,0.4135,0.4153,0.4219,0.4288,0.4614,0.4651,0.4689,0.4705,0.4694,0.4684,0.4673,0.4663,0.4645,0.4626,0.4608,0.4597,0.4594,0.4591,0.4591,0.4569,0.4547,0.4515,0.4484,0.4453,0.4423,0.4393,0.4363,0.435,0.4349,0.4348,0.4347,0.4346,0.4345,0.4344,0.4343,0.4341,0.4336,0.4332,0.4328,0.4323,0.4319,0.4314,0.4316,0.4326,0.4337,0.4347,0.4358,0.4369,0.4379,0.439,0.4401,0.4411,0.4422,0.4433,0.4444,0.4455,0.4466,0.4477,0.4489,0.45,0.4511,0.4522,0.4523,0.4523,0.4524,0.4524,0.4523,0.4521,0.4519,0.4517,0.4515,0.4513,0.4512,0.451,0.4508,0.4506,0.4504,0.4502,0.45,0.4499,0.4497,0.4495,0.4493,0.4491,0.4489,0.4488,0.4486,0.4484,0.4482,0.448,0.4479,0.4477,0.4475,0.4473,0.4471,0.447,0.4468,0.4466,0.4464,0.4465,0.4467,0.4469,0.4471,0.4472,0.4474,0.4476,0.4478,0.4479,0.4481,0.4481,0.4481,0.448,0.448,0.4479,0.4479,0.4478,0.4478,0.4477,0.4477,0.4476,0.4476,0.4476,0.4475,0.4475,0.4474,0.4474,0.4473,0.4473
0.3728,0.3736,0.3743,0.3751,0.3758,0.3764,0.3769,0.3773,0.3776,0.378,0.3784,0.3788,0.3791,0.3795,0.3799,0.3803,0.3806,0.381,0.3814,0.3818,0.3821,0.3825,0.3829,0.3833,0.3837,0.3841,0.3844,0.3848,0.3852,0.3856,0.386,0.3864,0.3868,0.3871,0.3875,0.3879,0.3882,0.3884,0.3886,0.3889,0.3891,0.3893,0.3896,0.3898,0.39,0.3892,0.3883,0.3873,0.3864,0.386,0.3857,0.3855,0.3852,0.3849,0.3847,0.3844,0.3842,0.384,0.3839,0.3837,0.3836,0.3835,0.3833,0.3832,0.3834,0.3842,0.385,0.3857,0.3864,0.3872,0.3879,0.3887,0.3894,0.3901,0.3901,0.3901,0.3901,0.3901,0.3901,0.3901,0.3901,0.3901,0.3901,0.3901,0.3901,0.3901,0.3901,0.387,0.3838,0.3806,0.3775,0.3768,0.3772,0.3777,0.3781,0.3785,0.379,0.3797,0.3813,0.3829,0.3845,0.3861,0.3877,0.3894,0.391,0.3927,0.3944,0.3961,0.3968,0.3973,0.3978,0.3984,0.3989,0.3994,0.3999,0.4005,0.401,0.4015,0.4021,0.4031,0.4042,0.4052,0.4063,0.4073,0.4084,0.4094,0.4105,0.4116,0.413,0.4147,0.4194,0.4262,0.4601,0.4638,0.4676,0.4712,0.4701,0.469,0.468,0.467,0.4652,0.4633,0.4615,0.4601,0.4598,0.4595,0.4594,0.458,0.4557,0.453,0.4499,0.4468,0.4437,0.4407,0.4377,0.4353,0.4352,0.4351,0.435,0.4349,0.4348,0.4347,0.4346,0.4344,0.434,0.4336,0.4331,0.4327,0.4322,0.4318,0.4314,0.4324,0.4334,0.4345,0.4355,0.4366,0.4377,0.4387,0.4398,0.4409,0.442,0.4431,0.4442,0.4453,0.4464,0.4475,0.4486,0.4497,0.4508,0.452,0.4526,0.4526,0.4527,0.4527,0.4525,0.4523,0.4521,0.4519,0.4518,0.4516,0.4514,0.4512,0.451,0.4508,0.4506,0.4505,0.4503,0.4501,0.4499,0.4497,0.4495,0.4494,0.4492,0.449,0.4488,0.4486,0.4485,0.4483,0.4481,0.4479,0.4477,0.4475,0.4474,0.4472,0.447,0.4468,0.4466,0.4466,0.4468,0.447,0.4471,0.4473,0.4475,0.4476,0.4478,0.448,0.4482,0.4483,0.4483,0.4482,0.4482,0.4481,0.4481,0.448,0.448,0.4479,0.4479,0.4479,0.4478,0.4478,0.4477,0.4477,0.4476,0.4476,0.4475,0.4475
0.3730,0.3738,0.3745,0.3753,0.3764,0.3775,0.3785,0.3779,0.3783,0.3787,0.379,0.3794,0.3798,0.3802,0.3805,0.3809,0.3813,0.3817,0.382,0.3824,0.3828,0.3832,0.3836,0.384,0.3843,0.3847,0.3851,0.3855,0.3859,0.3863,0.3867,0.387,0.3874,0.3878,0.3881,0.3884,0.3886,0.3888,0.3891,0.3893,0.3895,0.3898,0.3896,0.3886,0.3877,0.3867,0.3858,0.3855,0.3853,0.385,0.3848,0.3847,0.3845,0.3844,0.3842,0.3841,0.384,0.3838,0.3837,0.3835,0.3834,0.3832,0.3831,0.383,0.3836,0.3845,0.3852,0.386,0.3867,0.3875,0.3882,0.389,0.3897,0.3899,0.3899,0.3899,0.3899,0.3899,0.3899,0.3899,0.3899,0.3899,0.3899,0.3899,0.3889,0.3857,0.3825,0.3793,0.3762,0.3741,0.3745,0.3749,0.3754,0.3758,0.3762,0.3775,0.379,0.3806,0.3822,0.3838,0.3854,0.387,0.3887,0.3903,0.392,0.3937,0.3954,0.3962,0.3967,0.3973,0.3978,0.3983,0.3988,0.3993,0.3999,0.4004,0.4009,0.4014,0.402,0.4027,0.4037,0.4048,0.4058,0.4069,0.4079,0.409,0.41,0.4111,0.4125,0.4141,0.4169,0.4236,0.4588,0.4625,0.4663,0.4701,0.4707,0.4697,0.4686,0.4676,0.4659,0.464,0.4621,0.4605,0.4602,0.4599,0.4596,0.459,0.4568,0.4545,0.4514,0.4482,0.4451,0.4421,0.4391,0.4361,0.4355,0.4354,0.4353,0.4352,0.4351,0.435,0.4348,0.4347,0.4344,0.4339,0.4335,0.4331,0.4326,0.4322,0.4317,0.4321,0.4332,0.4342,0.4353,0.4363,0.4374,0.4385,0.4395,0.4406,0.4417,0.4428,0.4439,0.445,0.4461,0.4472,0.4483,0.4494,0.4506,0.4517,0.4528,0.4529,0.453,0.4529,0.4527,0.4525,0.4524,0.4522,0.452,0.4518,0.4516,0.4514,0.4512,0.4511,0.4509,0.4507,0.4505,0.4503,0.4501,0.45,0.4498,0.4496,0.4494,0.4492,0.449,0.4489,0.4487,0.4485,0.4483,0.4481,0.448,0.4478,0.4476,0.4474,0.4472,0.447,0.4469,0.4467,0.4468,0.447,0.4472,0.4474,0.4475,0.4477,0.4479,0.4481,0.4482,0.4484,0.4485,0.4484,0.4484,0.4483,0.4483,0.4483,0.4482,0.4482,0.4481,0.4481,0.448,0.448,0.4479,0.4479,0.4478,0.4478,0.4478,0.4477
0.3732,0.3742,0.3754,0.3765,0.3777,0.3789,0.38,0.3812,0.3789,0.3793,0.3797,0.3801,0.3804,0.3808,0.3812,0.3816,0.3819,0.3823,0.3827,0.3831,0.3835,0.3839,0.3842,0.3846,0.385,0.3854,0.3858,0.3862,0.3866,0.3869,0.3873,0.3877,0.3881,0.3883,0.3886,0.3888,0.389,0.3893,0.3895,0.3897,0.3889,0.388,0.3871,0.3861,0.3851,0.3853,0.3852,0.385,0.3849,0.3847,0.3846,0.3845,0.3843,0.3842,0.384,0.3839,0.3837,0.3836,0.3834,0.3833,0.3832,0.383,0.3829,0.383,0.3838,0.3847,0.3855,0.3863,0.387,0.3877,0.3885,0.3893,0.3898,0.3898,0.3898,0.3898,0.3898,0.3898,0.3898,0.3898,0.3898,0.3898,0.3876,0.3844,0.3812,0.3781,0.375,0.372,0.3718,0.3723,0.3727,0.3731,0.3737,0.3753,0.3768,0.3784,0.3799,0.3815,0.3831,0.3847,0.3864,0.388,0.3897,0.3913,0.393,0.3947,0.3957,0.3962,0.3967,0.3972,0.3977,0.3982,0.3988,0.3993,0.3998,0.4003,0.4008,0.4014,0.4019,0.4024,0.4033,0.4043,0.4054,0.4064,0.4075,0.4085,0.4096,0.4107,0.412,0.4136,0.4153,0.4211,0.4279,0.4612,0.465,0.4688,0.4714,0.4704,0.4693,0.4683,0.4666,0.4647,0.4628,0.4609,0.4605,0.4602,0.4599,0.4601,0.4579,0.4556,0.4528,0.4497,0.4466,0.4435,0.4405,0.4375,0.4357,0.4356,0.4355,0.4354,0.4353,0.4352,0.4351,0.435,0.4347,0.4343,0.4339,0.4334,0.433,0.4325,0.4321,0.4319,0.4329,0.434,0.435,0.4361,0.4371,0.4382,0.4393,0.4404,0.4414,0.4425,0.4436,0.4447,0.4458,0.4469,0.448,0.4492,0.4503,0.4514,0.4526,0.4532,0.4533,0.4532,0.453,0.4528,0.4526,0.4524,0.4522,0.452,0.4519,0.4517,0.4515,0.4513,0.4511,0.4509,0.4507,0.4506,0.4504,0.4502,0.45,0.4498,0.4496,0.4495,0.4493,0.4491,0.4489,0.4487,0.4485,0.4484,0.4482,0.448,0.4478,0.4476,0.4475,0.4473,0.4471,0.4469,0.4469,0.4471,0.4472,0.4474,0.4476,0.4478,0.4479,0.4481,0.4483,0.4485,0.4486,0.4487,0.4486,0.4486,0.4485,0.4485,0.4484,0.4484,0.4483,0.4483,0.4482,0.4482,0.4482,0.4481,0.4481,0.448,0.448,0.4479
0.3744,0.3756,0.3767,0.3779,0.379,0.3802,0.3814,0.3826,0.3838,0.3818,0.3803,0.3807,0.3811,0.3815,0.3818,0.3822,0.3826,0.383,0.3834,0.3838,0.3841,0.3845,0.3849,0.3853,0.3857,0.3861,0.3865,0.3868,0.3872,0.3876,0.388,0.3883,0.3885,0.3888,0.389,0.3892,0.3895,0.3893,0.3883,0.3874,0.3864,0.3855,0.3844,0.3833,0.3843,0.3844,0.3845,0.3846,0.3847,0.3845,0.3844,0.3842,0.3841,0.3839,0.3838,0.3837,0.3835,0.3834,0.3832,0.3831,0.3829,0.3828,0.3827,0.3832,0.384,0.3849,0.3857,0.3865,0.3873,0.388,0.3888,0.3895,0.3896,0.3896,0.3896,0.3896,0.3896,0.3896,0.3896,0.3896,0.3863,0.3831,0.3799,0.3768,0.3738,0.3708,0.3692,0.3696,0.3701,0.3705,0.3716,0.3731,0.3746,0.3762,0.3777,0.3793,0.3809,0.3825,0.3841,0.3857,0.3873,0.389,0.3906,0.3923,0.394,0.3951,0.3956,0.3961,0.3966,0.3971,0.3976,0.3982,0.3987,0.3992,0.3997,0.4003,0.4008,0.4013,0.4018,0.4024,0.4029,0.4039,0.4049,0.406,0.407,0.4081,0.4091,0.4102,0.4115,0.4131,0.4148,0.4185,0.4253,0.4599,0.4646,0.471,0.4719,0.471,0.47,0.4689,0.4673,0.4654,0.4635,0.4616,0.4609,0.4606,0.4603,0.4601,0.4589,0.4567,0.4543,0.4512,0.448,0.4449,0.4419,0.4389,0.436,0.4359,0.4358,0.4357,0.4356,0.4355,0.4354,0.4353,0.4351,0.4347,0.4342,0.4338,0.4334,0.4329,0.4325,0.432,0.4327,0.4337,0.4348,0.4358,0.4369,0.4379,0.439,0.4401,0.4412,0.4423,0.4433,0.4444,0.4455,0.4467,0.4478,0.4489,0.45,0.4511,0.4523,0.4534,0.4536,0.4534,0.4532,0.453,0.4528,0.4526,0.4525,0.4523,0.4521,0.4519,0.4517,0.4515,0.4513,0.4512,0.451,0.4508,0.4506,0.4504,0.4502,0.4501,0.4499,0.4497,0.4495,0.4493,0.4491,0.449,0.4488,0.4486,0.4484,0.4482,0.448,0.4479,0.4477,0.4475,0.4473,0.4471,0.447,0.4471,0.4473,0.4475,0.4476,0.4478,0.448,0.4482,0.4483,0.4485,0.4487,0.4489,0.4488,0.4488,0.4487,0.4487,0.4486,0.4486,0.4486,0.4485,0.4485,0.4484,0.4484,0.4483,0.4483,0.4482,0.4482,0.4481
0.3753,0.3767,0.378,0.3792,0.3804,0.3816,0.3828,0.384,0.3852,0.3864,0.3875,0.3814,0.3818,0.3821,0.3825,0.3829,0.3833,0.3837,0.384,0.3844,0.3848,0.3852,0.3856,0.386,0.3864,0.3867,0.3871,0.3875,0.3879,0.3883,0.3885,0.3887,0.389,0.3892,0.3894,0.3887,0.3877,0.3868,0.3857,0.3851,0.3836,0.3826,0.3815,0.3826,0.3833,0.3835,0.3836,0.3837,0.3838,0.3839,0.384,0.384,0.3839,0.3837,0.3836,0.3834,0.3833,0.3831,0.383,0.3829,0.3827,0.3826,0.3826,0.3834,0.3843,0.3851,0.386,0.3868,0.3876,0.3883,0.3891,0.3895,0.3895,0.3895,0.3895,0.3895,0.3895,0.3882,0.385,0.3818,0.3787,0.3756,0.3726,0.3696,0.3666,0.367,0.3675,0.368,0.3695,0.371,0.3725,0.374,0.3755,0.3771,0.3786,0.3802,0.3818,0.3834,0.385,0.3866,0.3883,0.3899,0.3916,0.3933,0.3945,0.395,0.3955,0.396,0.3966,0.3971,0.3976,0.3981,0.3986,0.3991,0.3997,0.4002,0.4007,0.4012,0.4018,0.4023,0.4028,0.4035,0.4045,0.4055,0.4066,0.4076,0.4087,0.4098,0.411,0.4126,0.4143,0.4161,0.4227,0.4296,0.4676,0.4722,0.4722,0.4717,0.4706,0.4696,0.468,0.4661,0.4642,0.4623,0.4613,0.461,0.4607,0.4603,0.46,0.4578,0.4555,0.4527,0.4495,0.4464,0.4433,0.4403,0.4373,0.4361,0.436,0.4359,0.4358,0.4357,0.4356,0.4355,0.4354,0.435,0.4346,0.4342,0.4337,0.4333,0.4328,0.4324,0.4324,0.4335,0.4345,0.4356,0.4366,0.4377,0.4387,0.4398,0.4409,0.442,0.4431,0.4442,0.4453,0.4464,0.4475,0.4486,0.4497,0.4509,0.452,0.4531,0.4538,0.4536,0.4534,0.4532,0.4531,0.4529,0.4527,0.4525,0.4523,0.4521,0.452,0.4518,0.4516,0.4514,0.4512,0.451,0.4508,0.4507,0.4505,0.4503,0.4501,0.4499,0.4497,0.4496,0.4494,0.4492,0.449,0.4488,0.4486,0.4485,0.4483,0.4481,0.4479,0.4477,0.4476,0.4474,0.4472,0.4472,0.4474,0.4475,0.4477,0.4479,0.4481,0.4482,0.4484,0.4486,0.4488,0.4489,0.449,0.449,0.449,0.4489,0.4489,0.4488,0.4488,0.4487,0.4487,0.4486,0.4486,0.4485,0.4485,0.4484,0.4484,0.4484
0.3755,0.3769,0.3783,0.3796,0.381,0.3824,0.3838,0.3853,0.3866,0.3878,0.389,0.3903,0.3852,0.3828,0.3832,0.3836,0.3839,0.3843,0.3847,0.3851,0.3855,0.3859,0.3863,0.3866,0.387,0.3874,0.3878,0.3882,0.3885,0.3887,0.3889,0.3892,0.389,0.3881,0.3871,0.386,0.3853,0.3841,0.3829,0.3818,0.3808,0.3797,0.3808,0.3821,0.3824,0.3825,0.3826,0.3827,0.3829,0.383,0.3831,0.3832,0.3833,0.3834,0.3834,0.3832,0.3831,0.3829,0.3828,0.3826,0.3825,0.3824,0.3828,0.3836,0.3845,0.3853,0.3862,0.387,0.3878,0.3886,0.3893,0.3893,0.3893,0.3893,0.3893,0.3869,0.3837,0.3805,0.3774,0.3744,0.3713,0.3684,0.3655,0.3645,0.3649,0.3659,0.3674,0.3688,0.3703,0.3718,0.3734,0.3749,0.3764,0.378,0.3796,0.3811,0.3827,0.3843,0.386,0.3876,0.3893,0.3909,0.3926,0.3939,0.3944,0.3949,0.3955,0.396,0.3965,0.397,0.3975,0.398,0.3986,0.3991,0.3996,0.4001,0.4006,0.4012,0.4017,0.4022,0.4028,0.4033,0.4041,0.4051,0.4061,0.4072,0.4082,0.4093,0.4105,0.4122,0.4138,0.4155,0.4202,0.427,0.4706,0.4724,0.4724,0.4723,0.4713,0.4702,0.4686,0.4667,0.4648,0.463,0.4616,0.4613,0.461,0.4607,0.4611,0.4588,0.4566,0.4541,0.451,0.4478,0.4448,0.4417,0.4387,0.4364,0.4363,0.4362,0.4361,0.436,0.4359,0.4358,0.4357,0.4354,0.435,0.4345,0.4341,0.4336,0.4332,0.4328,0.4323,0.4332,0.4342,0.4353,0.4364,0.4374,0.4385,0.4396,0.4406,0.4417,0.4428,0.4439,0.445,0.4461,0.4472,0.4483,0.4495,0.4506,0.4517,0.4529,0.454,0.4539,0.4537,0.4535,0.4533,0.4531,0.4529,0.4527,0.4526,0.4524,0.4522,0.452,0.4518,0.4516,0.4514,0.4513,0.4511,0.4509,0.4507,0.4505,0.4503,0.4502,0.45,0.4498,0.4496,0.4494,0.4492,0.4491,0.4489,0.4487,0.4485,0.4483,0.4481,0.448,0.4478,0.4476,0.4474,0.4473,0.4474,0.4476,0.4478,0.4479,0.4481,0.4483,0.4485,0.4486,0.4488,0.449,0.4492,0.4492,0.4492,0.4491,0.4491,0.449,0.449,0.4489,0.4489,0.4488,0.4488,0.4488,0.4487,0.4487,0.4486,0.4486
0.3757,0.3771,0.3784,0.3798,0.3812,0.3826,0.384,0.3855,0.3869,0.3883,0.3898,0.3913,0.3927,0.391,0.3838,0.3842,0.3846,0.385,0.3854,0.3858,0.3862,0.3865,0.3869,0.3873,0.3877,0.3881,0.3884,0.3887,0.3889,0.3891,0.3884,0.3874,0.3863,0.3854,0.385,0.3832,0.3822,0.3811,0.38,0.379,0.3779,0.3789,0.3802,0.3814,0.3815,0.3816,0.3817,0.3818,0.3819,0.382,0.3822,0.3823,0.3824,0.3825,0.3826,0.3827,0.3828,0.3827,0.3826,0.3824,0.3823,0.3822,0.383,0.3839,0.3847,0.3856,0.3864,0.3873,0.3881,0.3889,0.3892,0.3892,0.3889,0.3856,0.3824,0.3793,0.3762,0.3731,0.3701,0.3672,0.3643,0.362,0.3624,0.3638,0.3653,0.3668,0.3682,0.3697,0.3712,0.3727,0.3743,0.3758,0.3773,0.3789,0.3805,0.3821,0.3837,0.3853,0.3869,0.3886,0.3902,0.3919,0.3934,0.3939,0.3944,0.3949,0.3954,0.3959,0.3964,0.3969,0.3975,0.398,0.3985,0.399,0.3995,0.4001,0.4006,0.4011,0.4016,0.4022,0.4027,0.4032,0.4038,0.4047,0.4057,0.4067,0.4078,0.4089,0.41,0.4117,0.4133,0.415,0.4177,0.4244,0.4727,0.4727,0.4727,0.4726,0.472,0.4709,0.4693,0.4674,0.4655,0.4637,0.462,0.4617,0.4614,0.4611,0.4608,0.4599,0.4577,0.4554,0.4525,0.4493,0.4462,0.4431,0.4401,0.4371,0.4366,0.4365,0.4364,0.4363,0.4362,0.4361,0.436,0.4358,0.4353,0.4349,0.4345,0.434,0.4336,0.4331,0.4327,0.4329,0.434,0.435,0.4361,0.4372,0.4382,0.4393,0.4404,0.4415,0.4425,0.4436,0.4447,0.4458,0.4469,0.4481,0.4492,0.4503,0.4514,0.4526,0.4537,0.454,0.4539,0.4537,0.4535,0.4533,0.4532,0.453,0.4528,0.4526,0.4524,0.4522,0.452,0.4519,0.4517,0.4515,0.4513,0.4511,0.4509,0.4508,0.4506,0.4504,0.4502,0.45,0.4498,0.4497,0.4495,0.4493,0.4491,0.4489,0.4487,0.4486,0.4484,0.4482,0.448,0.4478,0.4476,0.4475,0.4475,0.4477,0.4478,0.448,0.4482,0.4483,0.4485,0.4487,0.4489,0.449,0.4492,0.4494,0.4494,0.4493,0.4493,0.4492,0.4492,0.4492,0.4491,0.4491,0.449,0.449,0.4489,0.4489,0.4488,0.4488
0.3761,0.3772,0.3786,0.38,0.3814,0.3828,0.3842,0.3856,0.3871,0.3885,0.39,0.3915,0.3928,0.3925,0.3923,0.3886,0.3853,0.3857,0.3861,0.3864,0.3868,0.3872,0.3876,0.388,0.3884,0.3886,0.3889,0.3887,0.3878,0.3867,0.3856,0.3851,0.3844,0.3825,0.3814,0.3804,0.3793,0.3783,0.3772,0.3762,0.3771,0.3784,0.3797,0.3804,0.3805,0.3807,0.3808,0.3809,0.381,0.3811,0.3812,0.3813,0.3814,0.3816,0.3817,0.3818,0.3819,0.382,0.3821,0.3822,0.3821,0.3824,0.3832,0.3841,0.3849,0.3858,0.3866,0.3875,0.3884,0.389,0.3876,0.3843,0.3812,0.378,0.375,0.3719,0.3689,0.366,0.3631,0.3603,0.3604,0.3618,0.3632,0.3647,0.3661,0.3676,0.3691,0.3706,0.3721,0.3736,0.3752,0.3767,0.3783,0.3798,0.3814,0.383,0.3846,0.3862,0.3879,0.3895,0.3912,0.3928,0.3933,0.3938,0.3943,0.3948,0.3953,0.3958,0.3964,0.3969,0.3974,0.3979,0.3984,0.3989,0.3995,0.4,0.4005,0.401,0.4016,0.4021,0.4026,0.4032,0.4037,0.4042,0.4053,0.4063,0.4074,0.4084,0.4095,0.4112,0.4128,0.4145,0.4162,0.4219,0.4287,0.4729,0.4729,0.4729,0.4726,0.4716,0.47,0.4681,0.4662,0.4643,0.4625,0.4621,0.4618,0.4614,0.4611,0.461,0.4587,0.4565,0.454,0.4508,0.4477,0.4446,0.4415,0.4385,0.4368,0.4367,0.4366,0.4365,0.4364,0.4363,0.4362,0.4361,0.4357,0.4353,0.4348,0.4344,0.4339,0.4335,0.4331,0.4327,0.4337,0.4348,0.4358,0.4369,0.438,0.439,0.4401,0.4412,0.4423,0.4434,0.4445,0.4456,0.4467,0.4478,0.4489,0.45,0.4512,0.4523,0.4534,0.4542,0.4541,0.454,0.4538,0.4536,0.4534,0.4532,0.453,0.4528,0.4527,0.4525,0.4523,0.4521,0.4519,0.4517,0.4515,0.4514,0.4512,0.451,0.4508,0.4506,0.4504,0.4503,0.4501,0.4499,0.4497,0.4495,0.4493,0.4492,0.449,0.4488,0.4486,0.4484,0.4482,0.4481,0.4479,0.4477,0.4475,0.4477,0.4479,0.4481,0.4482,0.4484,0.4486,0.4488,0.4489,0.4491,0.4493,0.4495,0.4496,0.4496,0.4495,0.4495,0.4494,0.4494,0.4493,0.4493,0.4492,0.4492,0.4491,0.4491,0.4491,0.449
0.3771,0.3776,0.3788,0.3802,0.3816,0.383,0.3844,0.3858,0.3873,0.3887,0.3902,0.3916,0.3919,0.3917,0.3915,0.3912,0.391,0.3863,0.3867,0.3871,0.3875,0.3879,0.3883,0.3886,0.3888,0.3881,0.387,0.3858,0.3853,0.3848,0.3834,0.3817,0.3807,0.3796,0.3786,0.3775,0.3765,0.3755,0.3745,0.3753,0.3766,0.3779,0.3792,0.3795,0.3796,0.3797,0.3798,0.38,0.3801,0.3802,0.3803,0.3804,0.3805,0.3806,0.3807,0.3809,0.381,0.3811,0.3812,0.3813,0.3813,0.3809,0.3817,0.3825,0.3833,0.3841,0.3849,0.3857,0.3839,0.362,0.3636,0.3651,0.3667,0.3683,0.3679,0.365,0.3621,0.3593,0.3592,0.3598,0.3612,0.3626,0.3641,0.3655,0.367,0.3685,0.37,0.3715,0.373,0.3745,0.3761,0.3776,0.3792,0.3808,0.3823,0.3839,0.3856,0.3872,0.3888,0.3905,0.3922,0.3927,0.3932,0.3937,0.3942,0.3948,0.3953,0.3958,0.3963,0.3968,0.3973,0.3978,0.3984,0.3989,0.3994,0.3999,0.4004,0.401,0.4015,0.402,0.4026,0.4031,0.4036,0.4042,0.4048,0.4059,0.4069,0.408,0.409,0.4107,0.4123,0.414,0.4157,0.4193,0.4261,0.4732,0.4732,0.4731,0.4731,0.4722,0.4707,0.4688,0.4669,0.465,0.4631,0.4624,0.4621,0.4618,0.4615,0.4621,0.4598,0.4576,0.4553,0.4523,0.4491,0.446,0.443,0.4399,0.4371,0.437,0.4369,0.4368,0.4367,0.4366,0.4365,0.4364,0.4361,0.4356,0.4352,0.4348,0.4343,0.4339,0.4334,0.433,0.4335,0.4345,0.4356,0.4366,0.4377,0.4388,0.4398,0.4409,0.442,0.4431,0.4442,0.4453,0.4464,0.4475,0.4486,0.4498,0.4509,0.452,0.4532,0.4543,0.4542,0.4541,0.454,0.4538,0.4536,0.4534,0.4533,0.4531,0.4529,0.4527,0.4525,0.4523,0.4521,0.452,0.4518,0.4516,0.4514,0.4512,0.451,0.4509,0.4507,0.4505,0.4503,0.4501,0.4499,0.4498,0.4496,0.4494,0.4492,0.449,0.4488,0.4487,0.4485,0.4483,0.4481,0.4479,0.4477,0.4478,0.4479,0.4481,0.4483,0.4485,0.4486,0.4488,0.449,0.4492,0.4493,0.4495,0.4497,0.4498,0.4497,0.4497,0.4496,0.4496,0.4495,0.4495,0.4495,0.4494,0.4494,0.4493,0.4493,0.4492
0.3781,0.3785,0.379,0.3804,0.3818,0.3832,0.3846,0.386,0.3875,0.3889,0.3904,0.3913,0.3911,0.3908,0.3906,0.3904,0.3901,0.3899,0.3897,0.3878,0.3882,0.3886,0.3884,0.3873,0.3861,0.3854,0.3849,0.3845,0.3824,0.381,0.38,0.3789,0.3779,0.3768,0.3758,0.3748,0.3737,0.3727,0.3735,0.3748,0.3761,0.3774,0.3785,0.3786,0.3787,0.3788,0.3789,0.379,0.3792,0.3793,0.3794,0.3795,0.3796,0.3797,0.3798,0.3799,0.38,0.3801,0.3801,0.38,0.3772,0.3779,0.3487,0.3498,0.3509,0.3523,0.3538,0.3553,0.3567,0.3582,0.3597,0.3613,0.3628,0.364,0.3612,0.3596,0.3596,0.3595,0.3595,0.3606,0.362,0.3635,0.3649,0.3664,0.3679,0.3693,0.3708,0.3724,0.3739,0.3754,0.377,0.3785,0.3801,0.3817,0.3833,0.3849,0.3865,0.3882,0.3898,0.3915,0.3922,0.3927,0.3932,0.3937,0.3942,0.3947,0.3952,0.3957,0.3962,0.3967,0.3973,0.3978,0.3983,0.3988,0.3993,0.3999,0.4004,0.4009,0.4014,0.402,0.4025,0.403,0.4036,0.4041,0.4046,0.4054,0.4065,0.4075,0.4086,0.4102,0.4118,0.4135,0.4152,0.4169,0.4235,0.4734,0.4734,0.4734,0.4734,0.4729,0.4714,0.4695,0.4676,0.4657,0.4638,0.4628,0.4625,0.4622,0.4619,0.4616,0.4609,0.4586,0.4564,0.4538,0.4506,0.4475,0.4444,0.4413,0.4384,0.4373,0.4372,0.4371,0.437,0.4369,0.4368,0.4367,0.4365,0.436,0.4356,0.4351,0.4347,0.4342,0.4338,0.4334,0.4332,0.4343,0.4353,0.4364,0.4374,0.4385,0.4396,0.4407,0.4417,0.4428,0.4439,0.445,0.4461,0.4472,0.4484,0.4495,0.4506,0.4517,0.4529,0.4545,0.4544,0.4543,0.4542,0.4541,0.4539,0.4537,0.4535,0.4533,0.4531,0.4529,0.4528,0.4526,0.4524,0.4522,0.452,0.4518,0.4516,0.4515,0.4513,0.4511,0.4509,0.4507,0.4505,0.4504,0.4502,0.45,0.4498,0.4496,0.4494,0.4493,0.4491,0.4489,0.4487,0.4485,0.4483,0.4482,0.448,0.4478,0.448,0.4482,0.4484,0.4485,0.4487,0.4489,0.4491,0.4492,0.4494,0.4496,0.4498,0.4499,0.4499,0.4499,0.4499,0.4498,0.4498,0.4497,0.4497,0.4496,0.4496,0.4495,0.4495,0.4494
0.3790,0.3795,0.38,0.3805,0.3819,0.3834,0.3848,0.3862,0.3876,0.3891,0.3906,0.3905,0.3902,0.39,0.3898,0.3895,0.3893,0.3891,0.3888,0.3886,0.3876,0.3865,0.3855,0.3851,0.3846,0.3837,0.3814,0.3803,0.3792,0.3782,0.3771,0.3761,0.3751,0.3741,0.373,0.372,0.3718,0.3719,0.373,0.3743,0.3756,0.3769,0.3776,0.3777,0.3778,0.3779,0.378,0.3781,0.3782,0.3783,0.3785,0.3786,0.3787,0.3788,0.3789,0.3789,0.3788,0.3788,0.3788,0.3785,0.3488,0.3478,0.3483,0.3492,0.3503,0.3514,0.3526,0.3537,0.3548,0.356,0.3571,0.3583,0.3595,0.36,0.3599,0.3599,0.3599,0.3599,0.3602,0.3615,0.3629,0.3643,0.3658,0.3673,0.3687,0.3702,0.3717,0.3732,0.3748,0.3763,0.3779,0.3794,0.381,0.3826,0.3842,0.3858,0.3875,0.3891,0.3908,0.3916,0.3921,0.3926,0.3931,0.3936,0.3941,0.3946,0.3951,0.3956,0.3962,0.3967,0.3972,0.3977,0.3982,0.3987,0.3993,0.3998,0.4003,0.4008,0.4014,0.4019,0.4024,0.403,0.4035,0.404,0.4046,0.4051,0.406,0.4071,0.4081,0.4097,0.4113,0.413,0.4147,0.4164,0.421,0.4278,0.4737,0.4737,0.4736,0.4736,0.4721,0.4702,0.4683,0.4664,0.4645,0.4632,0.4629,0.4626,0.4622,0.4619,0.462,0.4597,0.4575,0.4552,0.4521,0.4489,0.4458,0.4428,0.4398,0.4375,0.4374,0.4373,0.4372,0.4371,0.437,0.4369,0.4368,0.4364,0.4359,0.4355,0.4351,0.4346,0.4342,0.4337,0.4333,0.434,0.4351,0.4361,0.4372,0.4382,0.4393,0.4404,0.4415,0.4426,0.4437,0.4448,0.4459,0.447,0.4481,0.4492,0.4503,0.4515,0.4526,0.4537,0.4545,0.4544,0.4543,0.4542,0.4541,0.4539,0.4537,0.4535,0.4534,0.4532,0.453,0.4528,0.4526,0.4524,0.4522,0.4521,0.4519,0.4517,0.4515,0.4513,0.4511,0.451,0.4508,0.4506,0.4504,0.4502,0.45,0.4498,0.4497,0.4495,0.4493,0.4491,0.4489,0.4488,0.4486,0.4484,0.4482,0.448,0.4481,0.4482,0.4484,0.4486,0.4488,0.4489,0.4491,0.4493,0.4495,0.4496,0.4498,0.45,0.4502,0.4501,0.4501,0.45,0.45,0.4499,0.4499,0.4498,0.4498,0.4498,0.4497,0.4497
0.3800,0.3805,0.381,0.3815,0.3821,0.3835,0.385,0.3864,0.3878,0.3893,0.3899,0.3896,0.3894,0.3892,0.3889,0.3887,0.3885,0.3879,0.3868,0.3857,0.3852,0.3848,0.3843,0.3827,0.3806,0.3796,0.3785,0.3775,0.3764,0.3754,0.3744,0.3734,0.3723,0.3716,0.3716,0.3716,0.3717,0.3719,0.3726,0.3738,0.3751,0.3764,0.3767,0.3768,0.3769,0.377,0.3771,0.3772,0.3773,0.3774,0.3775,0.3777,0.3777,0.3777,0.3776,0.3776,0.3776,0.3776,0.3775,0.3479,0.347,0.3472,0.3479,0.3486,0.3498,0.3509,0.352,0.3531,0.3542,0.3554,0.3565,0.3577,0.359,0.3603,0.3603,0.3603,0.3602,0.3602,0.361,0.3623,0.3637,0.3652,0.3666,0.3681,0.3696,0.3711,0.3726,0.3741,0.3757,0.3772,0.3788,0.3804,0.382,0.3836,0.3852,0.3868,0.3884,0.3901,0.391,0.3915,0.392,0.3925,0.393,0.3935,0.3941,0.3946,0.3951,0.3956,0.3961,0.3966,0.3971,0.3976,0.3982,0.3987,0.3992,0.3997,0.4002,0.4008,0.4013,0.4018,0.4024,0.4029,0.4034,0.404,0.4045,0.405,0.4056,0.4066,0.4077,0.4092,0.4109,0.4125,0.4142,0.4159,0.4185,0.4252,0.4704,0.4722,0.4739,0.4739,0.4728,0.4709,0.469,0.4671,0.4652,0.4636,0.4632,0.4629,0.4626,0.4623,0.4631,0.4608,0.4585,0.4563,0.4536,0.4504,0.4473,0.4442,0.4412,0.4382,0.4377,0.4376,0.4375,0.4374,0.4373,0.4372,0.4371,0.4368,0.4363,0.4359,0.4354,0.435,0.4345,0.4341,0.4337,0.4338,0.4348,0.4359,0.4369,0.438,0.4391,0.4401,0.4412,0.4423,0.4434,0.4445,0.4456,0.4467,0.4478,0.4489,0.4501,0.4512,0.4523,0.4535,0.4547,0.4546,0.4545,0.4544,0.4543,0.4542,0.454,0.4538,0.4536,0.4534,0.4532,0.453,0.4528,0.4527,0.4525,0.4523,0.4521,0.4519,0.4517,0.4516,0.4514,0.4512,0.451,0.4508,0.4506,0.4504,0.4503,0.4501,0.4499,0.4497,0.4495,0.4493,0.4492,0.449,0.4488,0.4486,0.4484,0.4483,0.4481,0.4483,0.4485,0.4486,0.4488,0.449,0.4492,0.4493,0.4495,0.4497,0.4499,0.45,0.4502,0.4503,0.4503,0.4502,0.4502,0.4502,0.4501,0.4501,0.45,0.45,0.4499,0.4499
0.3810,0.3815,0.382,0.3825,0.3829,0.3837,0.3852,0.3866,0.388,0.3892,0.389,0.3888,0.3886,0.3883,0.3881,0.3871,0.3859,0.3854,0.3849,0.3844,0.384,0.3817,0.3799,0.3788,0.3778,0.3768,0.3757,0.3747,0.3737,0.3727,0.3716,0.3714,0.3714,0.3714,0.3714,0.3715,0.3717,0.3719,0.3721,0.3733,0.3746,0.3757,0.3758,0.3759,0.376,0.3761,0.3762,0.3763,0.3764,0.3765,0.3765,0.3765,0.3764,0.3764,0.3764,0.3764,0.3763,0.3479,0.347,0.3461,0.346,0.3467,0.3475,0.3482,0.3492,0.3503,0.3514,0.3525,0.3537,0.3548,0.356,0.3571,0.3586,0.3601,0.3606,0.3606,0.3606,0.3606,0.3619,0.3632,0.3646,0.366,0.3675,0.369,0.3705,0.372,0.3735,0.375,0.3766,0.3781,0.3797,0.3813,0.3829,0.3845,0.3861,0.3878,0.3894,0.3905,0.391,0.3915,0.392,0.3925,0.393,0.3935,0.394,0.3945,0.395,0.3955,0.396,0.3965,0.3971,0.3976,0.3981,0.3986,0.3991,0.3997,0.4002,0.4007,0.4012,0.4018,0.4023,0.4028,0.4034,0.4039,0.4044,0.405,0.4055,0.4062,0.4072,0.4087,0.4104,0.412,0.4137,0.4154,0.4171,0.4227,0.4662,0.468,0.4699,0.4718,0.4736,0.4716,0.4697,0.4678,0.4659,0.464,0.4636,0.4633,0.463,0.4627,0.4624,0.4619,0.4596,0.4574,0.4551,0.4519,0.4487,0.4456,0.4426,0.4396,0.438,0.4379,0.4378,0.4376,0.4375,0.4374,0.4373,0.4371,0.4367,0.4362,0.4358,0.4354,0.4349,0.4345,0.434,0.4336,0.4345,0.4356,0.4367,0.4377,0.4388,0.4399,0.4409,0.442,0.4431,0.4442,0.4453,0.4464,0.4475,0.4487,0.4498,0.4509,0.452,0.4532,0.4548,0.4547,0.4546,0.4545,0.4544,0.4543,0.4542,0.454,0.4538,0.4536,0.4535,0.4533,0.4531,0.4529,0.4527,0.4525,0.4523,0.4522,0.452,0.4518,0.4516,0.4514,0.4512,0.451,0.4509,0.4507,0.4505,0.4503,0.4501,0.4499,0.4498,0.4496,0.4494,0.4492,0.449,0.4488,0.4487,0.4485,0.4483,0.4484,0.4485,0.4487,0.4489,0.4491,0.4492,0.4494,0.4496,0.4498,0.4499,0.4501,0.4503,0.4505,0.4505,0.4505,0.4504,0.4504,0.4503,0.4503,0.4502,0.4502,0.4501,0.4501
0.3820,0.3825,0.3829,0.3834,0.3839,0.3844,0.3853,0.3868,0.3882,0.3884,0.3882,0.3879,0.3874,0.3862,0.3855,0.385,0.3846,0.3841,0.383,0.3806,0.3792,0.3781,0.3771,0.376,0.375,0.374,0.373,0.372,0.3712,0.3712,0.3712,0.3712,0.3712,0.3712,0.3713,0.3715,0.3717,0.3718,0.372,0.3728,0.3741,0.3748,0.3749,0.375,0.3751,0.3752,0.3753,0.3753,0.3753,0.3753,0.3752,0.3752,0.3752,0.3752,0.3751,0.348,0.347,0.3461,0.3452,0.3449,0.3456,0.3463,0.3471,0.3478,0.3486,0.3497,0.3509,0.352,0.3531,0.3542,0.3554,0.3567,0.3582,0.3597,0.3609,0.3609,0.3609,0.3614,0.3627,0.3641,0.3654,0.3669,0.3684,0.3699,0.3714,0.3729,0.3744,0.3759,0.3775,0.3791,0.3806,0.3822,0.3838,0.3854,0.3871,0.3887,0.3899,0.3904,0.3909,0.3914,0.3919,0.3924,0.3929,0.3934,0.3939,0.3944,0.3949,0.3955,0.396,0.3965,0.397,0.3975,0.398,0.3985,0.3991,0.3996,0.4001,0.4006,0.4012,0.4017,0.4022,0.4028,0.4033,0.4038,0.4044,0.4049,0.4054,0.406,0.4068,0.4082,0.4099,0.4115,0.4132,0.4149,0.4166,0.4201,0.4269,0.4639,0.4659,0.4698,0.4738,0.4723,0.4704,0.4685,0.4666,0.4647,0.464,0.4637,0.4634,0.463,0.4627,0.463,0.4607,0.4584,0.4562,0.4534,0.4502,0.4471,0.444,0.441,0.4382,0.4381,0.438,0.4379,0.4378,0.4377,0.4376,0.4375,0.4371,0.4366,0.4362,0.4357,0.4353,0.4348,0.4344,0.434,0.4343,0.4353,0.4364,0.4375,0.4385,0.4396,0.4407,0.4418,0.4429,0.4439,0.445,0.4462,0.4473,0.4484,0.4495,0.4506,0.4518,0.4529,0.455,0.4549,0.4548,0.4547,0.4546,0.4545,0.4544,0.4543,0.4541,0.4539,0.4537,0.4535,0.4533,0.4531,0.4529,0.4528,0.4526,0.4524,0.4522,0.452,0.4518,0.4517,0.4515,0.4513,0.4511,0.4509,0.4507,0.4505,0.4504,0.4502,0.45,0.4498,0.4496,0.4494,0.4493,0.4491,0.4489,0.4487,0.4485,0.4484,0.4486,0.4488,0.4489,0.4491,0.4493,0.4495,0.4496,0.4498,0.45,0.4502,0.4503,0.4505,0.4507,0.4507,0.4506,0.4506,0.4505,0.4505,0.4505,0.4504,0.4504,0.4503
0.3829,0.3834,0.3839,0.3844,0.3849,0.3854,0.3859,0.387,0.3878,0.3876,0.3866,0.3857,0.3852,0.3847,0.3843,0.3838,0.382,0.3796,0.3784,0.3774,0.3764,0.3753,0.3743,0.3733,0.3723,0.3713,0.371,0.371,0.371,0.371,0.371,0.371,0.3711,0.3711,0.3713,0.3715,0.3716,0.3718,0.372,0.3724,0.3736,0.3739,0.374,0.3741,0.3742,0.3741,0.3741,0.3741,0.3741,0.374,0.374,0.374,0.374,0.348,0.3471,0.3462,0.3453,0.3444,0.3437,0.3444,0.3452,0.3459,0.3466,0.3474,0.3481,0.3492,0.3503,0.3514,0.3525,0.3537,0.3548,0.3563,0.3578,0.3594,0.3609,0.3613,0.3613,0.3623,0.3636,0.365,0.3663,0.3678,0.3692,0.3707,0.3722,0.3738,0.3753,0.3768,0.3784,0.38,0.3816,0.3832,0.3848,0.3864,0.388,0.3893,0.3898,0.3903,0.3908,0.3913,0.3918,0.3923,0.3928,0.3934,0.3939,0.3944,0.3949,0.3954,0.3959,0.3964,0.3969,0.3974,0.398,0.3985,0.399,0.3995,0.4001,0.4006,0.4011,0.4016,0.4022,0.4027,0.4032,0.4038,0.4043,0.4048,0.4054,0.4059,0.4064,0.4077,0.4094,0.411,0.4127,0.4144,0.4161,0.4178,0.4243,0.4608,0.4646,0.4685,0.4725,0.473,0.4711,0.4692,0.4672,0.4653,0.4644,0.464,0.4637,0.4634,0.4631,0.4638,0.4618,0.4595,0.4573,0.4549,0.4517,0.4485,0.4455,0.4424,0.4394,0.4384,0.4383,0.4382,0.4381,0.438,0.4379,0.4378,0.4374,0.437,0.4366,0.4361,0.4357,0.4352,0.4348,0.4343,0.434,0.4351,0.4361,0.4372,0.4383,0.4393,0.4404,0.4415,0.4426,0.4437,0.4448,0.4459,0.447,0.4481,0.4492,0.4503,0.4515,0.4526,0.4538,0.455,0.4549,0.4548,0.4547,0.4546,0.4545,0.4544,0.4543,0.4541,0.4539,0.4537,0.4536,0.4534,0.4532,0.453,0.4528,0.4526,0.4524,0.4523,0.4521,0.4519,0.4517,0.4515,0.4513,0.4511,0.451,0.4508,0.4506,0.4504,0.4502,0.45,0.4499,0.4497,0.4495,0.4493,0.4491,0.4489,0.4488,0.4486,0.4487,0.4488,0.449,0.4492,0.4494,0.4495,0.4497,0.4499,0.4501,0.4502,0.4504,0.4506,0.4508,0.4509,0.4509,0.4508,0.4508,0.4507,0.4507,0.4506,0.4506,0.4505
0.3839,0.3844,0.3849,0.3854,0.3859,0.3864,0.3869,0.3869,0.3858,0.3853,0.3849,0.3844,0.3839,0.3833,0.3809,0.3788,0.3777,0.3767,0.3756,0.3746,0.3736,0.3726,0.3716,0.3708,0.3708,0.3708,0.3708,0.3708,0.3708,0.3708,0.3708,0.3709,0.3709,0.3711,0.3713,0.3714,0.3716,0.3718,0.3719,0.3721,0.3729,0.373,0.373,0.373,0.3729,0.3729,0.3729,0.3729,0.3728,0.3728,0.3728,0.3481,0.3471,0.3462,0.3453,0.3444,0.3435,0.3426,0.3433,0.344,0.3448,0.3455,0.3462,0.347,0.3477,0.3486,0.3497,0.3508,0.352,0.3531,0.3544,0.3559,0.3575,0.359,0.3605,0.3616,0.3618,0.3632,0.3645,0.3658,0.3672,0.3686,0.3701,0.3716,0.3731,0.3747,0.3762,0.3778,0.3793,0.3809,0.3825,0.3841,0.3857,0.3874,0.3888,0.3893,0.3898,0.3903,0.3908,0.3913,0.3918,0.3923,0.3928,0.3933,0.3938,0.3943,0.3948,0.3953,0.3958,0.3964,0.3969,0.3974,0.3979,0.3984,0.3989,0.3995,0.4,0.4005,0.401,0.4016,0.4021,0.4026,0.4032,0.4037,0.4042,0.4048,0.4053,0.406,0.4064,0.4072,0.4089,0.4105,0.4122,0.4139,0.4156,0.4173,0.4218,0.4286,0.4637,0.4673,0.4713,0.4737,0.4718,0.4698,0.4679,0.466,0.4647,0.4644,0.4641,0.4638,0.4635,0.4632,0.4629,0.4606,0.4583,0.4561,0.4532,0.45,0.4469,0.4438,0.4408,0.4387,0.4386,0.4384,0.4383,0.4382,0.4381,0.438,0.4378,0.4374,0.4369,0.4365,0.436,0.4356,0.4351,0.4347,0.4343,0.4348,0.4359,0.4369,0.438,0.4391,0.4401,0.4412,0.4423,0.4434,0.4445,0.4456,0.4467,0.4478,0.4489,0.4501,0.4512,0.4523,0.4535,0.4551,0.4551,0.455,0.4549,0.4548,0.4547,0.4546,0.4545,0.4544,0.4542,0.454,0.4538,0.4536,0.4534,0.4532,0.453,0.4529,0.4527,0.4525,0.4523,0.4521,0.4519,0.4517,0.4516,0.4514,0.4512,0.451,0.4508,0.4506,0.4505,0.4503,0.4501,0.4499,0.4497,0.4495,0.4494,0.4492,0.449,0.4488,0.4487,0.4489,0.4491,0.4492,0.4494,0.4496,0.4498,0.4499,0.4501,0.4503,0.4505,0.4506,0.4508,0.451,0.4511,0.451,0.451,0.4509,0.4509,0.4508,0.4508,0.4507
0.3849,0.3854,0.3859,0.3864,0.3869,0.386,0.3855,0.385,0.3845,0.3841,0.3836,0.3823,0.3799,0.378,0.377,0.376,0.3749,0.3739,0.3729,0.3719,0.3709,0.3706,0.3706,0.3706,0.3706,0.3706,0.3706,0.3706,0.3706,0.3706,0.3707,0.3707,0.3709,0.3711,0.3712,0.3714,0.3716,0.3717,0.3719,0.3721,0.3719,0.3718,0.3718,0.3717,0.3717,0.3717,0.3717,0.3716,0.3716,0.3481,0.3472,0.3463,0.3454,0.3444,0.3435,0.3426,0.3418,0.3422,0.3429,0.3436,0.3443,0.3451,0.3458,0.3465,0.3473,0.3481,0.3492,0.3503,0.3514,0.3526,0.3541,0.3556,0.3571,0.3586,0.3601,0.3617,0.3627,0.364,0.3654,0.3667,0.3681,0.3695,0.371,0.3725,0.374,0.3756,0.3771,0.3787,0.3802,0.3818,0.3834,0.385,0.3867,0.3882,0.3887,0.3892,0.3897,0.3902,0.3907,0.3912,0.3917,0.3922,0.3927,0.3932,0.3937,0.3942,0.3947,0.3953,0.3958,0.3963,0.3968,0.3973,0.3978,0.3984,0.3989,0.3994,0.3999,0.4004,0.401,0.4015,0.402,0.4026,0.4031,0.4037,0.4044,0.405,0.4054,0.4059,0.4063,0.4068,0.4084,0.4101,0.4117,0.4134,0.4151,0.4168,0.4193,0.426,0.4645,0.4674,0.4703,0.474,0.4725,0.4705,0.4686,0.4667,0.4651,0.4648,0.4645,0.4642,0.4639,0.4635,0.464,0.4617,0.4594,0.4572,0.4547,0.4515,0.4484,0.4453,0.4422,0.4392,0.4388,0.4387,0.4386,0.4385,0.4384,0.4383,0.4382,0.4377,0.4373,0.4369,0.4364,0.436,0.4355,0.4351,0.4346,0.4346,0.4356,0.4367,0.4377,0.4388,0.4399,0.441,0.442,0.4431,0.4442,0.4453,0.4464,0.4476,0.4487,0.4498,0.4509,0.4521,0.4532,0.4553,0.4552,0.4551,0.455,0.4549,0.4548,0.4547,0.4546,0.4545,0.4544,0.4542,0.454,0.4538,0.4537,0.4535,0.4533,0.4531,0.4529,0.4527,0.4525,0.4524,0.4522,0.452,0.4518,0.4516,0.4514,0.4512,0.4511,0.4509,0.4507,0.4505,0.4503,0.4501,0.45,0.4498,0.4496,0.4494,0.4492,0.449,0.4489,0.4489,0.4491,0.4493,0.4495,0.4496,0.4498,0.45,0.4502,0.4503,0.4505,0.4507,0.4509,0.4511,0.4512,0.4512,0.4512,0.4512,0.4511,0.4511,0.451,0.451
0.3859,0.3864,0.3863,0.3856,0.3852,0.3847,0.3842,0.3837,0.3833,0.3812,0.3789,0.3773,0.3763,0.3752,0.3742,0.3732,0.3722,0.3712,0.3704,0.3704,0.3704,0.3704,0.3704,0.3704,0.3704,0.3704,0.3704,0.3704,0.3704,0.3705,0.3705,0.3707,0.3709,0.371,0.3712,0.3714,0.3715,0.3717,0.3718,0.3717,0.3709,0.371,0.3711,0.371,0.3709,0.3707,0.3706,0.3481,0.3472,0.3463,0.3454,0.3445,0.3436,0.3427,0.3418,0.3405,0.3413,0.3418,0.3425,0.3432,0.3439,0.3447,0.3454,0.3461,0.3469,0.3476,0.3486,0.3497,0.3508,0.3522,0.3537,0.3552,0.3567,0.3582,0.3599,0.3622,0.3636,0.3649,0.3662,0.3676,0.369,0.3704,0.3719,0.3734,0.3749,0.3765,0.378,0.3796,0.3812,0.3828,0.3844,0.386,0.3876,0.3882,0.3887,0.3892,0.3896,0.3901,0.3906,0.3911,0.3916,0.3922,0.3927,0.3932,0.3937,0.3942,0.3947,0.3952,0.3957,0.3962,0.3967,0.3973,0.3978,0.3983,0.3988,0.3993,0.3999,0.4004,0.4009,0.4014,0.4021,0.4028,0.4035,0.404,0.4045,0.4049,0.4053,0.4058,0.4062,0.4067,0.4079,0.4096,0.4112,0.4129,0.4146,0.4163,0.418,0.4235,0.4653,0.4682,0.4711,0.4741,0.4732,0.4712,0.4693,0.4674,0.4655,0.4652,0.4649,0.4645,0.4642,0.4639,0.4646,0.4628,0.4605,0.4582,0.456,0.453,0.4498,0.4467,0.4436,0.4406,0.4391,0.439,0.4389,0.4388,0.4387,0.4386,0.4385,0.4381,0.4377,0.4372,0.4368,0.4363,0.4359,0.4354,0.435,0.4346,0.4354,0.4364,0.4375,0.4385,0.4396,0.4407,0.4418,0.4429,0.444,0.4451,0.4462,0.4473,0.4484,0.4495,0.4506,0.4518,0.4529,0.4552,0.4553,0.4552,0.4551,0.4551,0.455,0.4549,0.4548,0.4547,0.4546,0.4544,0.4543,0.4541,0.4539,0.4537,0.4535,0.4533,0.4531,0.453,0.4528,0.4526,0.4524,0.4522,0.452,0.4518,0.4517,0.4515,0.4513,0.4511,0.4509,0.4507,0.4506,0.4504,0.4502,0.45,0.4498,0.4496,0.4495,0.4493,0.4491,0.449,0.4492,0.4494,0.4495,0.4497,0.4499,0.4501,0.4502,0.4504,0.4506,0.4508,0.4509,0.4511,0.4513,0.4515,0.4514,0.4514,0.4513,0.4513,0.4512,0.4512
0.3858,0.3853,0.3848,0.3844,0.3839,0.3834,0.3826,0.3802,0.3779,0.3766,0.3756,0.3745,0.3735,0.3725,0.3715,0.3705,0.3702,0.3702,0.3702,0.3702,0.3702,0.3702,0.3702,0.3702,0.3702,0.3702,0.3702,0.3703,0.3703,0.3703,0.3705,0.3707,0.3708,0.371,0.3712,0.3713,0.3715,0.3715,0.3716,0.3708,0.3698,0.3699,0.3701,0.3702,0.3703,0.3701,0.3473,0.3464,0.3454,0.3445,0.3429,0.341,0.3392,0.3393,0.3402,0.3412,0.3421,0.3424,0.3428,0.3431,0.3435,0.3443,0.345,0.3457,0.3464,0.3472,0.3481,0.3492,0.3504,0.3518,0.3533,0.3548,0.3567,0.3591,0.3615,0.3631,0.3644,0.3658,0.3671,0.3685,0.3699,0.3712,0.3728,0.3743,0.3758,0.3774,0.3789,0.3805,0.3821,0.3837,0.3853,0.387,0.3876,0.3881,0.3886,0.3891,0.3896,0.3901,0.3906,0.3911,0.3916,0.3921,0.3926,0.3931,0.3936,0.3941,0.3946,0.3951,0.3956,0.3962,0.3967,0.3972,0.3977,0.3982,0.3987,0.3993,0.3998,0.4005,0.4012,0.4019,0.4026,0.4031,0.4035,0.4039,0.4044,0.4048,0.4053,0.4057,0.4061,0.4066,0.4071,0.4091,0.4107,0.4124,0.4141,0.4158,0.4175,0.4209,0.4277,0.469,0.4719,0.4749,0.4754,0.4719,0.47,0.4681,0.4662,0.4655,0.4652,0.4649,0.4646,0.4643,0.464,0.4639,0.4616,0.4593,0.4571,0.4545,0.4513,0.4482,0.4451,0.442,0.4394,0.4392,0.4391,0.439,0.4389,0.4388,0.4387,0.4385,0.4381,0.4376,0.4372,0.4367,0.4363,0.4358,0.4354,0.4349,0.4351,0.4362,0.4372,0.4383,0.4394,0.4404,0.4415,0.4426,0.4437,0.4448,0.4459,0.447,0.4481,0.4492,0.4504,0.4515,0.4526,0.4538,0.4555,0.4554,0.4553,0.4552,0.4551,0.455,0.4549,0.4548,0.4547,0.4546,0.4545,0.4543,0.4541,0.4539,0.4538,0.4536,0.4534,0.4532,0.453,0.4528,0.4526,0.4525,0.4523,0.4521,0.4519,0.4517,0.4515,0.4513,0.4512,0.451,0.4508,0.4506,0.4504,0.4502,0.4501,0.4499,0.4497,0.4495,0.4493,0.4491,0.4492,0.4494,0.4496,0.4498,0.4499,0.4501,0.4503,0.4505,0.4506,0.4508,0.451,0.4512,0.4513,0.4515,0.4516,0.4516,0.4515,0.4515,0.4515,0.4514
0.3845,0.384,0.3836,0.3831,0.3815,0.3792,0.377,0.3759,0.3749,0.3738,0.3728,0.3718,0.3708,0.37,0.37,0.37,0.37,0.37,0.37,0.37,0.37,0.37,0.37,0.37,0.37,0.37,0.3701,0.3701,0.3702,0.3703,0.3705,0.3706,0.3708,0.371,0.3711,0.3713,0.3713,0.3713,0.3711,0.3699,0.3688,0.3689,0.369,0.3691,0.3473,0.3457,0.3439,0.3421,0.3403,0.3385,0.3371,0.338,0.339,0.3399,0.3409,0.3418,0.3428,0.3433,0.3436,0.3439,0.3442,0.3445,0.3449,0.3453,0.346,0.3468,0.3475,0.3486,0.35,0.3515,0.3536,0.3559,0.3583,0.3607,0.3626,0.3639,0.3653,0.3666,0.368,0.3694,0.3708,0.3722,0.3737,0.3752,0.3767,0.3783,0.3799,0.3814,0.383,0.3847,0.3863,0.3871,0.3875,0.388,0.3885,0.389,0.3895,0.39,0.3905,0.391,0.3915,0.392,0.3925,0.393,0.3935,0.394,0.3946,0.3951,0.3956,0.3961,0.3966,0.3971,0.3976,0.3983,0.399,0.3997,0.4003,0.401,0.4017,0.4021,0.4025,0.403,0.4034,0.4039,0.4043,0.4047,0.4052,0.4056,0.4061,0.4065,0.407,0.4085,0.4102,0.4119,0.4136,0.4153,0.417,0.4187,0.4251,0.4698,0.4728,0.4749,0.4751,0.4727,0.4707,0.4688,0.4669,0.4659,0.4656,0.4653,0.465,0.4647,0.4643,0.465,0.4627,0.4604,0.4581,0.4559,0.4528,0.4496,0.4465,0.4435,0.4404,0.4395,0.4394,0.4393,0.4392,0.4391,0.439,0.4389,0.4384,0.438,0.4375,0.4371,0.4366,0.4362,0.4358,0.4353,0.4349,0.4359,0.437,0.438,0.4391,0.4402,0.4413,0.4423,0.4434,0.4445,0.4456,0.4467,0.4479,0.449,0.4501,0.4512,0.4524,0.4535,0.4556,0.4555,0.4554,0.4553,0.4552,0.4551,0.4551,0.455,0.4549,0.4548,0.4547,0.4545,0.4544,0.4542,0.454,0.4538,0.4536,0.4534,0.4532,0.4531,0.4529,0.4527,0.4525,0.4523,0.4521,0.4519,0.4518,0.4516,0.4514,0.4512,0.451,0.4508,0.4507,0.4505,0.4503,0.4501,0.4499,0.4497,0.4496,0.4494,0.4493,0.4495,0.4497,0.4498,0.45,0.4502,0.4504,0.4505,0.4507,0.4509,0.4511,0.4512,0.4514,0.4516,0.4518,0.4518,0.4518,0.4517,0.4517,0.4516
0.3833,0.3828,0.3805,0.3782,0.3762,0.3752,0.3742,0.3731,0.3721,0.3711,0.3701,0.3698,0.3698,0.3698,0.3698,0.3698,0.3698,0.3698,0.3698,0.3698,0.3698,0.3698,0.3698,0.3698,0.3698,0.3699,0.3699,0.37,0.3701,0.3703,0.3704,0.3706,0.3708,0.3709,0.3711,0.371,0.371,0.3711,0.3702,0.369,0.3679,0.3476,0.3449,0.3431,0.3413,0.3395,0.3377,0.3359,0.3358,0.3367,0.3377,0.3386,0.3396,0.3406,0.3415,0.3425,0.3435,0.3441,0.3444,0.3447,0.3451,0.3454,0.3457,0.346,0.3463,0.3467,0.3471,0.3482,0.3505,0.3528,0.3551,0.3575,0.3599,0.3621,0.3634,0.3648,0.3661,0.3675,0.3689,0.3703,0.3717,0.3731,0.3745,0.3761,0.3776,0.3792,0.3808,0.3824,0.384,0.3856,0.3865,0.387,0.3875,0.388,0.3885,0.389,0.3895,0.39,0.3905,0.391,0.3915,0.392,0.3925,0.393,0.3935,0.394,0.3945,0.395,0.3955,0.3961,0.3968,0.3974,0.3981,0.3988,0.3995,0.4001,0.4007,0.4012,0.4016,0.402,0.4025,0.4029,0.4033,0.4038,0.4042,0.4047,0.4051,0.4055,0.406,0.4064,0.4069,0.4077,0.4097,0.4114,0.4131,0.4148,0.4165,0.4182,0.4226,0.4706,0.4736,0.4746,0.4748,0.4745,0.4714,0.4695,0.4676,0.4663,0.466,0.4657,0.4653,0.465,0.4647,0.4653,0.4638,0.4615,0.4592,0.457,0.4543,0.4511,0.448,0.4449,0.4418,0.4398,0.4397,0.4396,0.4395,0.4394,0.4393,0.4392,0.4388,0.4384,0.4379,0.4375,0.437,0.4366,0.4361,0.4357,0.4352,0.4356,0.4367,0.4378,0.4388,0.4399,0.441,0.4421,0.4432,0.4443,0.4454,0.4465,0.4476,0.4487,0.4498,0.4509,0.4521,0.4532,0.4558,0.4557,0.4556,0.4555,0.4554,0.4553,0.4552,0.4551,0.455,0.4549,0.4548,0.4547,0.4546,0.4544,0.4542,0.454,0.4539,0.4537,0.4535,0.4533,0.4531,0.4529,0.4527,0.4525,0.4524,0.4522,0.452,0.4518,0.4516,0.4514,0.4513,0.4511,0.4509,0.4507,0.4505,0.4503,0.4502,0.45,0.4498,0.4496,0.4494,0.4495,0.4497,0.4499,0.4501,0.4502,0.4504,0.4506,0.4508,0.4509,0.4511,0.4513,0.4515,0.4516,0.4518,0.452,0.452,0.4519,0.4519,0.4518
0.3795,0.3772,0.3755,0.3745,0.3734,0.3724,0.3714,0.3704,0.3696,0.3696,0.3696,0.3696,0.3696,0.3696,0.3696,0.3696,0.3696,0.3696,0.3696,0.3696,0.3696,0.3696,0.3696,0.3697,0.3697,0.3697,0.3698,0.3699,0.3701,0.3702,0.3704,0.3706,0.3707,0.3708,0.3707,0.3708,0.3708,0.3705,0.3693,0.3459,0.3431,0.3405,0.3387,0.3369,0.3352,0.3336,0.3346,0.3355,0.3364,0.3374,0.3383,0.3393,0.3403,0.3412,0.3422,0.3432,0.3441,0.3449,0.3452,0.3456,0.3459,0.3462,0.3465,0.3469,0.3472,0.3475,0.3478,0.3497,0.352,0.3543,0.3567,0.3591,0.3615,0.3629,0.3643,0.3656,0.367,0.3684,0.3698,0.3712,0.3726,0.374,0.3754,0.377,0.3786,0.3801,0.3817,0.3833,0.3849,0.386,0.3864,0.3869,0.3874,0.3879,0.3884,0.3889,0.3894,0.3899,0.3904,0.3909,0.3914,0.3919,0.3924,0.3929,0.3934,0.3939,0.3946,0.3952,0.3959,0.3966,0.3972,0.3979,0.3986,0.3993,0.3998,0.4002,0.4006,0.4011,0.4015,0.4019,0.4024,0.4028,0.4033,0.4037,0.4041,0.4046,0.405,0.4055,0.4059,0.4063,0.4068,0.4072,0.4091,0.4109,0.4126,0.4143,0.416,0.4177,0.4201,0.4268,0.4741,0.4744,0.4746,0.4748,0.4721,0.4702,0.4683,0.4667,0.4664,0.466,0.4657,0.4654,0.4651,0.4648,0.4649,0.4626,0.4603,0.458,0.4558,0.4526,0.4494,0.4463,0.4433,0.4402,0.44,0.4398,0.4397,0.4396,0.4395,0.4394,0.4392,0.4387,0.4383,0.4378,0.4374,0.4369,0.4365,0.4361,0.4356,0.4354,0.4364,0.4375,0.4386,0.4396,0.4407,0.4418,0.4429,0.444,0.4451,0.4462,0.4473,0.4484,0.4495,0.4507,0.4518,0.4529,0.4554,0.4558,0.4557,0.4556,0.4555,0.4554,0.4553,0.4552,0.4551,0.455,0.455,0.4549,0.4548,0.4546,0.4545,0.4543,0.4541,0.4539,0.4537,0.4535,0.4533,0.4532,0.453,0.4528,0.4526,0.4524,0.4522,0.452,0.4519,0.4517,0.4515,0.4513,0.4511,0.4509,0.4508,0.4506,0.4504,0.4502,0.45,0.4498,0.4496,0.4496,0.4498,0.4499,0.4501,0.4503,0.4505,0.4507,0.4508,0.451,0.4512,0.4514,0.4515,0.4517,0.4519,0.4521,0.4522,0.4522,0.4521,0.4521
0.3748,0.3738,0.3727,0.3717,0.3707,0.3697,0.3694,0.3694,0.3694,0.3694,0.3694,0.3694,0.3694,0.3694,0.3694,0.3694,0.3694,0.3694,0.3694,0.3694,0.3694,0.3694,0.3695,0.3695,0.3695,0.3696,0.3697,0.3699,0.37,0.3702,0.3704,0.3705,0.3704,0.3705,0.3705,0.3706,0.3472,0.3443,0.3414,0.3386,0.3363,0.3344,0.3327,0.3324,0.3333,0.3343,0.3352,0.3361,0.3371,0.338,0.339,0.3399,0.3409,0.3419,0.3428,0.3438,0.3448,0.3458,0.3461,0.3464,0.3467,0.347,0.3474,0.3477,0.348,0.3483,0.3489,0.3512,0.3535,0.3559,0.3582,0.3606,0.3624,0.3638,0.3651,0.3665,0.3679,0.3693,0.3707,0.3721,0.3735,0.3749,0.3764,0.3779,0.3795,0.3811,0.3826,0.3843,0.3854,0.3859,0.3864,0.3869,0.3874,0.3879,0.3883,0.3888,0.3893,0.3898,0.3903,0.3908,0.3913,0.3918,0.3924,0.3931,0.3937,0.3944,0.3951,0.3957,0.3964,0.3971,0.3977,0.3984,0.3988,0.3993,0.3997,0.4001,0.4006,0.401,0.4014,0.4019,0.4023,0.4027,0.4032,0.4036,0.404,0.4045,0.4049,0.4054,0.4058,0.4063,0.4067,0.4071,0.4083,0.4104,0.4121,0.4138,0.4155,0.4172,0.4189,0.4243,0.4739,0.4741,0.4743,0.4745,0.4728,0.4709,0.469,0.4671,0.4667,0.4664,0.4661,0.4658,0.4655,0.4652,0.466,0.4637,0.4614,0.4591,0.4569,0.4541,0.4509,0.4478,0.4447,0.4417,0.4402,0.4401,0.44,0.4399,0.4398,0.4397,0.4396,0.4391,0.4387,0.4382,0.4378,0.4373,0.4369,0.4364,0.436,0.4355,0.4362,0.4372,0.4383,0.4394,0.4405,0.4415,0.4426,0.4437,0.4448,0.4459,0.447,0.4481,0.4493,0.4504,0.4515,0.4527,0.4538,0.456,0.4559,0.4558,0.4557,0.4556,0.4555,0.4554,0.4553,0.4552,0.4551,0.455,0.4549,0.4548,0.4547,0.4545,0.4543,0.4541,0.454,0.4538,0.4536,0.4534,0.4532,0.453,0.4528,0.4526,0.4525,0.4523,0.4521,0.4519,0.4517,0.4515,0.4514,0.4512,0.451,0.4508,0.4506,0.4504,0.4502,0.4501,0.4499,0.4497,0.4498,0.45,0.4502,0.4504,0.4505,0.4507,0.4509,0.4511,0.4512,0.4514,0.4516,0.4518,0.4519,0.4521,0.4523,0.4524,0.4523,0.4523
0.3720,0.371,0.37,0.3692,0.3692,0.3692,0.3692,0.3692,0.3692,0.3692,0.3692,0.3692,0.3692,0.3692,0.3692,0.3692,0.3692,0.3692,0.3692,0.3692,0.3692,0.3693,0.3693,0.3694,0.3694,0.3695,0.3697,0.3698,0.37,0.3702,0.3703,0.3701,0.3702,0.342,0.3414,0.3407,0.3398,0.337,0.3343,0.3321,0.3303,0.3312,0.3321,0.333,0.334,0.3349,0.3358,0.3368,0.3377,0.3387,0.3396,0.3406,0.3416,0.3425,0.3435,0.3445,0.3455,0.3465,0.3469,0.3472,0.3476,0.3479,0.3482,0.3485,0.3489,0.3492,0.3504,0.3527,0.355,0.3574,0.3598,0.362,0.3633,0.3646,0.366,0.3674,0.3688,0.3702,0.3716,0.373,0.3744,0.3758,0.3773,0.3788,0.3804,0.382,0.3836,0.3849,0.3853,0.3858,0.3863,0.3868,0.3873,0.3878,0.3883,0.3888,0.3893,0.3898,0.3903,0.3909,0.3916,0.3922,0.3929,0.3935,0.3942,0.3949,0.3955,0.3962,0.3969,0.3975,0.3979,0.3983,0.3988,0.3992,0.3996,0.4,0.4005,0.4009,0.4013,0.4018,0.4022,0.4026,0.4031,0.4035,0.404,0.4044,0.4048,0.4053,0.4057,0.4062,0.4066,0.4071,0.4076,0.4097,0.4116,0.4133,0.415,0.4167,0.4184,0.4217,0.4736,0.4738,0.474,0.4742,0.4744,0.4716,0.4697,0.4677,0.4671,0.4668,0.4665,0.4662,0.4658,0.4655,0.4661,0.4648,0.4625,0.4602,0.4579,0.4556,0.4524,0.4493,0.4461,0.4431,0.4405,0.4404,0.4403,0.4402,0.4401,0.44,0.4399,0.4395,0.439,0.4386,0.4381,0.4377,0.4372,0.4368,0.4364,0.4359,0.4359,0.437,0.438,0.4391,0.4402,0.4413,0.4424,0.4435,0.4445,0.4457,0.4468,0.4479,0.449,0.4501,0.4512,0.4524,0.4535,0.4561,0.456,0.4559,0.4558,0.4557,0.4556,0.4555,0.4554,0.4553,0.4552,0.4551,0.455,0.455,0.4549,0.4547,0.4546,0.4544,0.4542,0.454,0.4538,0.4536,0.4534,0.4533,0.4531,0.4529,0.4527,0.4525,0.4523,0.4521,0.452,0.4518,0.4516,0.4514,0.4512,0.451,0.4508,0.4507,0.4505,0.4503,0.4501,0.4499,0.4499,0.4501,0.4502,0.4504,0.4506,0.4508,0.4509,0.4511,0.4513,0.4515,0.4517,0.4518,0.452,0.4522,0.4524,0.4525,0.4526,0.4525
0.3693,0.369,0.369,0.369,0.369,0.369,0.369,0.369,0.369,0.369,0.369,0.369,0.369,0.369,0.369,0.369,0.369,0.369,0.369,0.3691,0.3691,0.3691,0.3692,0.3692,0.3693,0.3695,0.3696,0.3698,0.37,0.3365,0.3358,0.3352,0.3346,0.334,0.3334,0.3328,0.3322,0.3301,0.3293,0.3302,0.3309,0.3318,0.3327,0.3337,0.3346,0.3355,0.3365,0.3374,0.3384,0.3393,0.3403,0.3412,0.3422,0.3432,0.3442,0.3452,0.3462,0.3472,0.3478,0.3481,0.3484,0.3487,0.3491,0.3494,0.3497,0.35,0.3519,0.3542,0.3566,0.359,0.3614,0.3628,0.3642,0.3655,0.3669,0.3683,0.3697,0.3711,0.3725,0.3739,0.3753,0.3768,0.3782,0.3797,0.3813,0.3829,0.3843,0.3848,0.3853,0.3858,0.3863,0.3867,0.3872,0.3877,0.3882,0.3888,0.3894,0.3901,0.3907,0.3914,0.392,0.3927,0.3934,0.394,0.3947,0.3954,0.396,0.3965,0.397,0.3974,0.3978,0.3982,0.3987,0.3991,0.3995,0.4,0.4004,0.4008,0.4013,0.4017,0.4021,0.4026,0.403,0.4034,0.4039,0.4043,0.4048,0.4052,0.4056,0.4061,0.4065,0.407,0.4074,0.4089,0.411,0.4128,0.4145,0.4162,0.4179,0.4196,0.426,0.4735,0.4737,0.4739,0.4742,0.4723,0.4704,0.4684,0.4675,0.4672,0.4669,0.4665,0.4662,0.4659,0.4656,0.4659,0.4636,0.4613,0.459,0.4568,0.4539,0.4507,0.4476,0.4445,0.4415,0.4407,0.4405,0.4404,0.4403,0.4402,0.4401,0.4399,0.4394,0.439,0.4385,0.4381,0.4376,0.4372,0.4367,0.4363,0.4358,0.4367,0.4378,0.4389,0.4399,0.441,0.4421,0.4432,0.4443,0.4454,0.4465,0.4476,0.4487,0.4498,0.451,0.4521,0.4532,0.4563,0.4562,0.4561,0.456,0.4559,0.4558,0.4557,0.4556,0.4555,0.4554,0.4553,0.4552,0.4551,0.455,0.4549,0.4548,0.4546,0.4544,0.4542,0.454,0.4539,0.4537,0.4535,0.4533,0.4531,0.4529,0.4527,0.4526,0.4524,0.4522,0.452,0.4518,0.4516,0.4515,0.4513,0.4511,0.4509,0.4507,0.4505,0.4503,0.4502,0.45,0.4501,0.4503,0.4505,0.4507,0.4508,0.451,0.4512,0.4514,0.4515,0.4517,0.4519,0.4521,0.4522,0.4524,0.4526,0.4528,0.4527
0.3688,0.3688,0.3688,0.3688,0.3688,0.3688,0.3688,0.3688,0.3688,0.3688,0.3688,0.3688,0.3688,0.3688,0.3688,0.3688,0.3689,0.3689,0.3689,0.3689,0.3689,0.369,0.369,0.3691,0.3693,0.3311,0.3305,0.3299,0.3293,0.3287,0.3281,0.328,0.328,0.328,0.328,0.3281,0.3285,0.329,0.3298,0.331,0.3322,0.3326,0.3334,0.3343,0.3352,0.3362,0.3371,0.3381,0.339,0.34,0.3409,0.3419,0.3429,0.3439,0.3448,0.3458,0.3468,0.3478,0.3486,0.3489,0.3493,0.3496,0.3499,0.3502,0.3506,0.3511,0.3534,0.3558,0.3582,0.3606,0.3623,0.3637,0.365,0.3664,0.3678,0.3691,0.3705,0.3719,0.3734,0.3748,0.3762,0.3777,0.3791,0.3807,0.3823,0.3838,0.3843,0.3847,0.3852,0.3857,0.3862,0.3867,0.3873,0.388,0.3886,0.3893,0.3899,0.3906,0.3912,0.3919,0.3925,0.3932,0.3938,0.3945,0.3952,0.3956,0.396,0.3965,0.3969,0.3973,0.3977,0.3982,0.3986,0.399,0.3995,0.3999,0.4003,0.4007,0.4012,0.4016,0.402,0.4025,0.4029,0.4034,0.4038,0.4042,0.4047,0.4051,0.4056,0.406,0.4064,0.4069,0.4073,0.4081,0.4103,0.4123,0.414,0.4157,0.4174,0.4191,0.4234,0.4732,0.4735,0.4737,0.4739,0.4741,0.4711,0.4691,0.4679,0.4675,0.4672,0.4669,0.4666,0.4663,0.466,0.467,0.4647,0.4624,0.4601,0.4578,0.4554,0.4522,0.4491,0.446,0.4429,0.4409,0.4408,0.4407,0.4406,0.4405,0.4404,0.4403,0.4398,0.4393,0.4389,0.4384,0.438,0.4376,0.4371,0.4367,0.4362,0.4365,0.4375,0.4386,0.4397,0.4407,0.4418,0.4429,0.444,0.4451,0.4462,0.4473,0.4484,0.4496,0.4507,0.4518,0.453,0.4557,0.4563,0.4562,0.4561,0.456,0.4559,0.4558,0.4557,0.4556,0.4555,0.4554,0.4553,0.4552,0.4551,0.455,0.455,0.4548,0.4547,0.4545,0.4543,0.4541,0.4539,0.4537,0.4535,0.4534,0.4532,0.453,0.4528,0.4526,0.4524,0.4522,0.4521,0.4519,0.4517,0.4515,0.4513,0.4511,0.4509,0.4508,0.4506,0.4504,0.4502,0.4502,0.4504,0.4505,0.4507,0.4509,0.4511,0.4512,0.4514,0.4516,0.4518,0.4519,0.4521,0.4523,0.4525,0.4527,0.4528,0.4529
0.3686,0.3686,0.3686,0.3686,0.3686,0.3686,0.3686,0.3686,0.3686,0.3686,0.3686,0.3687,0.3687,0.3687,0.3687,0.3687,0.3687,0.3687,0.3687,0.3688,0.3688,0.3688,0.3268,0.3268,0.3269,0.3269,0.3269,0.3269,0.327,0.327,0.327,0.327,0.3271,0.3273,0.3278,0.3282,0.3287,0.3296,0.3305,0.3319,0.3333,0.3341,0.3345,0.3349,0.3359,0.3368,0.3377,0.3387,0.3396,0.3406,0.3416,0.3426,0.3435,0.3445,0.3455,0.3465,0.3475,0.3485,0.3494,0.3498,0.3501,0.3504,0.3508,0.3511,0.3514,0.3526,0.355,0.3574,0.3598,0.3618,0.3632,0.3645,0.3659,0.3673,0.3686,0.37,0.3714,0.3728,0.3743,0.3757,0.3772,0.3786,0.3801,0.3816,0.3832,0.3837,0.3842,0.3847,0.3852,0.3859,0.3865,0.3872,0.3878,0.3884,0.3891,0.3897,0.3904,0.391,0.3917,0.3923,0.393,0.3937,0.3943,0.3947,0.3951,0.3955,0.396,0.3964,0.3968,0.3972,0.3977,0.3981,0.3985,0.3989,0.3994,0.3998,0.4002,0.4007,0.4011,0.4015,0.402,0.4024,0.4028,0.4033,0.4037,0.4041,0.4046,0.405,0.4055,0.4059,0.4064,0.4068,0.4072,0.4077,0.4095,0.4116,0.4135,0.4152,0.4169,0.4186,0.4208,0.473,0.4732,0.4734,0.4736,0.4738,0.4718,0.4698,0.4682,0.4679,0.4676,0.4673,0.467,0.4667,0.4663,0.4668,0.4658,0.4635,0.4612,0.4589,0.4567,0.4537,0.4505,0.4474,0.4443,0.4413,0.4411,0.441,0.4409,0.4408,0.4407,0.4406,0.4402,0.4397,0.4393,0.4388,0.4384,0.4379,0.4375,0.437,0.4366,0.4362,0.4373,0.4383,0.4394,0.4405,0.4416,0.4426,0.4437,0.4448,0.4459,0.4471,0.4482,0.4493,0.4504,0.4515,0.4527,0.4539,0.4564,0.4564,0.4563,0.4562,0.4561,0.456,0.4559,0.4558,0.4557,0.4556,0.4555,0.4554,0.4553,0.4552,0.4551,0.455,0.4549,0.4547,0.4545,0.4543,0.4541,0.454,0.4538,0.4536,0.4534,0.4532,0.453,0.4528,0.4527,0.4525,0.4523,0.4521,0.4519,0.4517,0.4515,0.4514,0.4512,0.451,0.4508,0.4506,0.4504,0.4503,0.4504,0.4506,0.4508,0.451,0.4511,0.4513,0.4515,0.4517,0.4518,0.452,0.4522,0.4524,0.4525,0.4527,0.4529,0.4531
0.3684,0.3684,0.3684,0.3684,0.3684,0.3684,0.3685,0.3685,0.3685,0.3685,0.3685,0.3685,0.3685,0.3685,0.3685,0.3685,0.3685,0.3685,0.3686,0.3686,0.3687,0.3259,0.3259,0.3259,0.326,0.326,0.326,0.326,0.3261,0.3261,0.3261,0.3265,0.327,0.3275,0.328,0.3284,0.3293,0.3302,0.3313,0.3327,0.3342,0.3356,0.3359,0.3363,0.3367,0.3374,0.3384,0.3393,0.3403,0.3413,0.3422,0.3432,0.3442,0.3452,0.3462,0.3472,0.3482,0.3492,0.3502,0.3506,0.351,0.3513,0.3516,0.352,0.3523,0.3542,0.3565,0.3589,0.3613,0.3627,0.364,0.3654,0.3667,0.3681,0.3695,0.3709,0.3723,0.3737,0.3752,0.3766,0.3781,0.3795,0.381,0.3825,0.3832,0.3838,0.3844,0.3851,0.3857,0.3863,0.387,0.3876,0.3883,0.3889,0.3896,0.3902,0.3909,0.3915,0.3922,0.3928,0.3934,0.3938,0.3942,0.3946,0.395,0.3955,0.3959,0.3963,0.3967,0.3972,0.3976,0.398,0.3984,0.3989,0.3993,0.3997,0.4001,0.4006,0.401,0.4014,0.4019,0.4023,0.4027,0.4032,0.4036,0.4041,0.4045,0.4049,0.4054,0.4058,0.4063,0.4067,0.4072,0.4076,0.4087,0.4109,0.413,0.4147,0.4164,0.4181,0.4198,0.4251,0.4729,0.4731,0.4733,0.4735,0.4725,0.4705,0.4686,0.4683,0.468,0.4677,0.4673,0.467,0.4667,0.4664,0.4669,0.4646,0.4623,0.46,0.4577,0.4552,0.452,0.4489,0.4458,0.4427,0.4414,0.4413,0.4412,0.441,0.4409,0.4408,0.4406,0.4401,0.4397,0.4392,0.4388,0.4383,0.4379,0.4374,0.437,0.4365,0.437,0.4381,0.4391,0.4402,0.4413,0.4424,0.4435,0.4446,0.4457,0.4468,0.4479,0.449,0.4501,0.4513,0.4524,0.4535,0.4566,0.4565,0.4564,0.4563,0.4562,0.4561,0.456,0.4559,0.4558,0.4557,0.4556,0.4555,0.4554,0.4553,0.4552,0.4551,0.455,0.4549,0.4548,0.4546,0.4544,0.4542,0.454,0.4538,0.4536,0.4535,0.4533,0.4531,0.4529,0.4527,0.4525,0.4523,0.4522,0.452,0.4518,0.4516,0.4514,0.4512,0.451,0.4509,0.4507,0.4505,0.4505,0.4507,0.4508,0.451,0.4512,0.4514,0.4515,0.4517,0.4519,0.4521,0.4522,0.4524,0.4526,0.4528,0.453,0.4531
0.3682,0.3682,0.3683,0.3683,0.3683,0.3683,0.3683,0.3683,0.3683,0.3683,0.3683,0.3683,0.3683,0.3683,0.3683,0.3683,0.3683,0.3684,0.3684,0.3685,0.325,0.325,0.325,0.3251,0.3251,0.3251,0.3251,0.3252,0.3253,0.3258,0.3263,0.3267,0.3272,0.3277,0.3282,0.3291,0.33,0.3309,0.3321,0.3336,0.335,0.3365,0.3374,0.3378,0.3382,0.3386,0.339,0.34,0.341,0.3419,0.3429,0.3439,0.3449,0.3459,0.3469,0.3479,0.3489,0.3499,0.3509,0.3515,0.3518,0.3522,0.3525,0.3528,0.3534,0.3557,0.3581,0.3605,0.3622,0.3635,0.3649,0.3662,0.3676,0.369,0.3704,0.3718,0.3732,0.3747,0.3761,0.3775,0.379,0.3805,0.3819,0.383,0.3836,0.3843,0.3849,0.3855,0.3862,0.3868,0.3874,0.3881,0.3887,0.3894,0.39,0.3907,0.3913,0.392,0.3925,0.3929,0.3933,0.3937,0.3941,0.3945,0.395,0.3954,0.3958,0.3962,0.3966,0.3971,0.3975,0.3979,0.3983,0.3988,0.3992,0.3996,0.4001,0.4005,0.4009,0.4014,0.4018,0.4022,0.4027,0.4031,0.4035,0.404,0.4044,0.4049,0.4053,0.4057,0.4062,0.4066,0.4071,0.4075,0.408,0.4101,0.4122,0.4142,0.4159,0.4176,0.4193,0.4225,0.4722,0.4728,0.4731,0.4733,0.4735,0.4712,0.4693,0.4687,0.4684,0.468,0.4677,0.4674,0.4671,0.4668,0.468,0.4657,0.4634,0.4611,0.4588,0.4566,0.4535,0.4503,0.4472,0.4441,0.4416,0.4415,0.4414,0.4413,0.4412,0.4411,0.4409,0.4405,0.44,0.4396,0.4391,0.4387,0.4382,0.4378,0.4373,0.4369,0.4367,0.4378,0.4389,0.4399,0.441,0.4421,0.4432,0.4443,0.4454,0.4465,0.4476,0.4487,0.4499,0.451,0.4521,0.4533,0.4567,0.4566,0.4565,0.4564,0.4564,0.4563,0.4562,0.4561,0.456,0.4559,0.4558,0.4557,0.4556,0.4555,0.4554,0.4553,0.4552,0.4551,0.455,0.4548,0.4546,0.4544,0.4542,0.4541,0.4539,0.4537,0.4535,0.4533,0.4531,0.4529,0.4528,0.4526,0.4524,0.4522,0.452,0.4518,0.4516,0.4515,0.4513,0.4511,0.4509,0.4507,0.4505,0.4507,0.4509,0.4511,0.4512,0.4514,0.4516,0.4518,0.452,0.4521,0.4523,0.4525,0.4527,0.4528,0.453,0.4532
0.3681,0.3681,0.3681,0.3681,0.3681,0.3681,0.3681,0.3681,0.3681,0.3681,0.3681,0.3681,0.3681,0.3681,0.3681,0.3682,0.3682,0.3682,0.3683,0.3241,0.3241,0.3241,0.3241,0.3242,0.3242,0.3242,0.3246,0.3251,0.3255,0.326,0.3265,0.3269,0.3274,0.3279,0.3288,0.3297,0.3306,0.3316,0.333,0.3345,0.3359,0.3374,0.3389,0.3393,0.3397,0.3401,0.3405,0.3409,0.3416,0.3426,0.3436,0.3445,0.3455,0.3465,0.3475,0.3485,0.3495,0.3506,0.3516,0.3524,0.3527,0.353,0.3534,0.3537,0.3549,0.3573,0.3597,0.3617,0.363,0.3644,0.3657,0.3671,0.3685,0.3699,0.3713,0.3727,0.3741,0.3756,0.377,0.3785,0.3799,0.3813,0.3827,0.3835,0.3841,0.3847,0.3854,0.386,0.3866,0.3873,0.3879,0.3886,0.3892,0.3898,0.3905,0.3911,0.3915,0.392,0.3924,0.3928,0.3932,0.3936,0.394,0.3945,0.3949,0.3953,0.3957,0.3961,0.3966,0.397,0.3974,0.3978,0.3983,0.3987,0.3991,0.3996,0.4,0.4004,0.4008,0.4013,0.4017,0.4021,0.4026,0.403,0.4035,0.4039,0.4043,0.4048,0.4052,0.4057,0.4061,0.4065,0.407,0.4074,0.4079,0.4093,0.4114,0.4136,0.4154,0.4171,0.4188,0.4205,0.4268,0.4724,0.4728,0.473,0.4732,0.4719,0.47,0.4691,0.4687,0.4684,0.4681,0.4678,0.4675,0.4672,0.4675,0.4668,0.4645,0.4622,0.4599,0.4576,0.455,0.4518,0.4487,0.4456,0.4425,0.4418,0.4417,0.4416,0.4415,0.4414,0.4413,0.4409,0.4404,0.44,0.4395,0.4391,0.4386,0.4382,0.4377,0.4373,0.4368,0.4375,0.4386,0.4397,0.4408,0.4418,0.4429,0.444,0.4451,0.4462,0.4473,0.4485,0.4496,0.4507,0.4518,0.453,0.4559,0.4568,0.4567,0.4566,0.4565,0.4564,0.4563,0.4562,0.4561,0.456,0.4559,0.4558,0.4557,0.4556,0.4555,0.4554,0.4553,0.4552,0.4551,0.455,0.4549,0.4547,0.4545,0.4543,0.4541,0.4539,0.4537,0.4536,0.4534,0.4532,0.453,0.4528,0.4526,0.4524,0.4522,0.4521,0.4519,0.4517,0.4515,0.4513,0.4511,0.451,0.4508,0.4508,0.451,0.4511,0.4513,0.4515,0.4517,0.4518,0.452,0.4522,0.4524,0.4525,0.4527,0.4529,0.4531,0.4533
0.3679,0.3679,0.3679,0.3679,0.3679,0.3679,0.3679,0.3679,0.3679,0.3679,0.3679,0.3679,0.3679,0.3679,0.368,0.368,0.3681,0.3681,0.3232,0.3232,0.3232,0.3232,0.3233,0.3234,0.3239,0.3243,0.3248,0.3253,0.3257,0.3262,0.3267,0.3271,0.3277,0.3286,0.3295,0.3304,0.3313,0.3324,0.3339,0.3353,0.3368,0.3383,0.3398,0.3409,0.3413,0.3417,0.342,0.3424,0.3428,0.3432,0.3442,0.3452,0.3462,0.3472,0.3482,0.3492,0.3502,0.3513,0.3523,0.3532,0.3536,0.3539,0.3542,0.3546,0.3565,0.3589,0.3612,0.3625,0.3639,0.3652,0.3666,0.368,0.3694,0.3708,0.3722,0.3736,0.375,0.3765,0.3779,0.3793,0.3806,0.3821,0.3833,0.3839,0.3845,0.3852,0.3858,0.3865,0.3871,0.3877,0.3884,0.389,0.3897,0.3902,0.3906,0.3911,0.3915,0.3919,0.3923,0.3927,0.3931,0.3935,0.394,0.3944,0.3948,0.3952,0.3956,0.3961,0.3965,0.3969,0.3973,0.3978,0.3982,0.3986,0.399,0.3995,0.3999,0.4003,0.4008,0.4012,0.4016,0.4021,0.4025,0.4029,0.4034,0.4038,0.4043,0.4047,0.4051,0.4056,0.406,0.4065,0.4069,0.4074,0.4078,0.4086,0.4107,0.4128,0.4149,0.4166,0.4183,0.42,0.4242,0.4709,0.4725,0.4727,0.4729,0.4731,0.4707,0.4694,0.4691,0.4688,0.4685,0.4682,0.4679,0.4675,0.4672,0.4679,0.4656,0.4633,0.461,0.4587,0.4565,0.4533,0.4502,0.447,0.444,0.4421,0.442,0.4419,0.4418,0.4416,0.4415,0.4412,0.4408,0.4403,0.4399,0.4394,0.439,0.4385,0.4381,0.4376,0.4372,0.4373,0.4383,0.4394,0.4405,0.4416,0.4427,0.4438,0.4449,0.446,0.4471,0.4482,0.4493,0.4504,0.4516,0.4527,0.4541,0.4569,0.4568,0.4567,0.4566,0.4565,0.4564,0.4564,0.4563,0.4562,0.4561,0.456,0.4559,0.4558,0.4557,0.4556,0.4555,0.4554,0.4553,0.4552,0.4551,0.4549,0.4547,0.4545,0.4543,0.4542,0.454,0.4538,0.4536,0.4534,0.4532,0.453,0.4529,0.4527,0.4525,0.4523,0.4521,0.4519,0.4517,0.4516,0.4514,0.4512,0.451,0.4508,0.451,0.4512,0.4514,0.4515,0.4517,0.4519,0.4521,0.4523,0.4524,0.4526,0.4528,0.453,0.4531,0.4533
0.3677,0.3677,0.3677,0.3677,0.3677,0.3677,0.3677,0.3677,0.3677,0.3677,0.3677,0.3677,0.3677,0.3678,0.3678,0.3679,0.3679,0.3223,0.3223,0.3223,0.3223,0.3227,0.3232,0.3236,0.3241,0.3245,0.325,0.3255,0.3259,0.3264,0.3269,0.3275,0.3284,0.3293,0.3302,0.3311,0.332,0.3333,0.3347,0.3362,0.3377,0.3392,0.3407,0.3422,0.3428,0.3432,0.3436,0.344,0.3444,0.3448,0.3452,0.3459,0.3469,0.3479,0.3489,0.3499,0.3509,0.352,0.353,0.354,0.3544,0.3548,0.3551,0.3557,0.358,0.3605,0.362,0.3634,0.3647,0.3661,0.3675,0.3689,0.3703,0.3717,0.3731,0.3745,0.3759,0.3772,0.3786,0.38,0.3814,0.3828,0.3837,0.3844,0.385,0.3856,0.3863,0.3869,0.3876,0.3882,0.3888,0.3893,0.3897,0.3902,0.3906,0.391,0.3914,0.3918,0.3922,0.3926,0.393,0.3935,0.3939,0.3943,0.3947,0.3951,0.3956,0.396,0.3964,0.3968,0.3973,0.3977,0.3981,0.3985,0.399,0.3994,0.3998,0.4002,0.4007,0.4011,0.4015,0.402,0.4024,0.4029,0.4033,0.4037,0.4042,0.4046,0.405,0.4055,0.4059,0.4064,0.4068,0.4073,0.4077,0.4082,0.4099,0.412,0.4142,0.4161,0.4178,0.4195,0.4216,0.4694,0.471,0.4724,0.4727,0.4729,0.4714,0.4698,0.4695,0.4692,0.4689,0.4685,0.4682,0.4679,0.4676,0.469,0.4667,0.4644,0.4621,0.4598,0.4575,0.4548,0.4516,0.4485,0.4454,0.4423,0.4422,0.4421,0.442,0.4419,0.4418,0.4416,0.4412,0.4407,0.4403,0.4398,0.4394,0.4389,0.4385,0.438,0.4376,0.4371,0.4381,0.4392,0.4402,0.4413,0.4424,0.4435,0.4446,0.4457,0.4468,0.4479,0.449,0.4502,0.4513,0.4524,0.4536,0.4571,0.457,0.4569,0.4568,0.4567,0.4566,0.4565,0.4564,0.4563,0.4562,0.4561,0.456,0.4559,0.4558,0.4557,0.4556,0.4555,0.4554,0.4553,0.4552,0.4551,0.455,0.4548,0.4546,0.4544,0.4542,0.454,0.4538,0.4536,0.4535,0.4533,0.4531,0.4529,0.4527,0.4525,0.4523,0.4522,0.452,0.4518,0.4516,0.4514,0.4512,0.4511,0.4511,0.4513,0.4514,0.4516,0.4518,0.452,0.4521,0.4523,0.4525,0.4527,0.4528,0.453,0.4532,0.4534
0.3675,0.3675,0.3675,0.3675,0.3675,0.3675,0.3675,0.3675,0.3675,0.3675,0.3675,0.3676,0.3676,0.3676,0.3264,0.3259,0.3214,0.3214,0.3215,0.322,0.3224,0.3229,0.3233,0.3238,0.3243,0.3247,0.3252,0.3257,0.3261,0.3266,0.3272,0.3281,0.329,0.3299,0.3308,0.3317,0.3327,0.3341,0.3356,0.3371,0.3386,0.3401,0.3416,0.3431,0.3444,0.3448,0.3452,0.3456,0.346,0.3464,0.3468,0.3472,0.3476,0.3486,0.3496,0.3506,0.3516,0.3527,0.3537,0.3547,0.3553,0.3557,0.356,0.3572,0.3596,0.3616,0.3629,0.3642,0.3656,0.367,0.3684,0.3698,0.3712,0.3726,0.3739,0.3753,0.3766,0.378,0.3794,0.3808,0.3822,0.3836,0.3842,0.3848,0.3855,0.3861,0.3867,0.3874,0.388,0.3884,0.3889,0.3893,0.3897,0.3901,0.3905,0.3909,0.3913,0.3917,0.3921,0.3926,0.393,0.3934,0.3938,0.3942,0.3946,0.3951,0.3955,0.3959,0.3963,0.3967,0.3972,0.3976,0.398,0.3984,0.3989,0.3993,0.3997,0.4002,0.4006,0.401,0.4015,0.4019,0.4023,0.4028,0.4032,0.4036,0.4041,0.4045,0.405,0.4054,0.4058,0.4063,0.4067,0.4072,0.4076,0.4081,0.4092,0.4113,0.4134,0.4155,0.4173,0.419,0.4207,0.4259,0.4695,0.4712,0.4724,0.4726,0.4721,0.4702,0.4699,0.4696,0.4692,0.4689,0.4686,0.4683,0.468,0.4683,0.4678,0.4655,0.4632,0.4609,0.4586,0.4563,0.4531,0.45,0.4468,0.4438,0.4425,0.4424,0.4423,0.4422,0.4421,0.442,0.4416,0.4411,0.4406,0.4402,0.4397,0.4393,0.4388,0.4384,0.4379,0.4375,0.4378,0.4389,0.44,0.441,0.4421,0.4432,0.4443,0.4454,0.4465,0.4476,0.4488,0.4499,0.451,0.4521,0.4533,0.4572,0.4571,0.457,0.4569,0.4568,0.4567,0.4566,0.4565,0.4564,0.4564,0.4563,0.4562,0.4561,0.456,0.4559,0.4558,0.4557,0.4556,0.4555,0.4554,0.4553,0.4552,0.455,0.4548,0.4546,0.4544,0.4543,0.4541,0.4539,0.4537,0.4535,0.4533,0.4531,0.453,0.4528,0.4526,0.4524,0.4522,0.452,0.4518,0.4517,0.4515,0.4513,0.4511,0.4513,0.4515,0.4517,0.4518,0.452,0.4522,0.4524,0.4526,0.4527,0.4529,0.4531,0.4533,0.4534
0.3673,0.3673,0.3673,0.3673,0.3673,0.3673,0.3673,0.326,0.3254,0.3248,0.3243,0.3237,0.3232,0.3226,0.3221,0.3205,0.3208,0.3213,0.3217,0.3222,0.3226,0.3231,0.3235,0.324,0.3245,0.3249,0.3254,0.3259,0.3263,0.327,0.3279,0.3288,0.3297,0.3306,0.3315,0.3324,0.3336,0.335,0.3365,0.338,0.3394,0.3409,0.3425,0.344,0.3455,0.3463,0.3467,0.3471,0.3476,0.348,0.3484,0.3488,0.3492,0.3496,0.3503,0.3513,0.3523,0.3534,0.3544,0.3554,0.3562,0.3565,0.3569,0.3588,0.3611,0.3624,0.3638,0.3651,0.3665,0.3679,0.3692,0.3706,0.3719,0.3733,0.3746,0.376,0.3774,0.3788,0.3802,0.3816,0.383,0.384,0.3847,0.3853,0.3859,0.3866,0.3872,0.3876,0.388,0.3884,0.3888,0.3892,0.3896,0.39,0.3904,0.3908,0.3912,0.3916,0.3921,0.3925,0.3929,0.3933,0.3937,0.3941,0.3946,0.395,0.3954,0.3958,0.3962,0.3967,0.3971,0.3975,0.3979,0.3984,0.3988,0.3992,0.3997,0.4001,0.4005,0.4009,0.4014,0.4018,0.4022,0.4027,0.4031,0.4036,0.404,0.4044,0.4049,0.4053,0.4058,0.4062,0.4067,0.4071,0.4075,0.408,0.4084,0.4105,0.4126,0.4148,0.4167,0.4185,0.4202,0.4233,0.468,0.4697,0.4713,0.4723,0.4725,0.4709,0.4703,0.4699,0.4696,0.4693,0.469,0.4687,0.4684,0.468,0.4689,0.4666,0.4643,0.462,0.4597,0.4574,0.4546,0.4514,0.4483,0.4452,0.4428,0.4427,0.4426,0.4425,0.4424,0.4423,0.4419,0.4415,0.441,0.4406,0.4401,0.4397,0.4392,0.4388,0.4383,0.4379,0.4376,0.4386,0.4397,0.4408,0.4419,0.443,0.4441,0.4452,0.4463,0.4474,0.4485,0.4496,0.4507,0.4519,0.453,0.4562,0.4573,0.4572,0.4571,0.457,0.4569,0.4568,0.4567,0.4566,0.4565,0.4564,0.4563,0.4562,0.4561,0.456,0.4559,0.4558,0.4557,0.4556,0.4555,0.4554,0.4553,0.4552,0.4551,0.4549,0.4547,0.4545,0.4543,0.4541,0.4539,0.4537,0.4536,0.4534,0.4532,0.453,0.4528,0.4526,0.4524,0.4523,0.4521,0.4519,0.4517,0.4515,0.4513,0.4514,0.4516,0.4517,0.4519,0.4521,0.4523,0.4524,0.4526,0.4528,0.453,0.4531,0.4533,0.4535
0.3255,0.3249,0.3244,0.3238,0.3232,0.3227,0.3221,0.3216,0.3213,0.321,0.3206,0.3203,0.32,0.3199,0.3201,0.3205,0.321,0.3214,0.3219,0.3224,0.3228,0.3233,0.3237,0.3242,0.3247,0.3251,0.3256,0.3261,0.3268,0.3277,0.3286,0.3294,0.3304,0.3313,0.3322,0.3331,0.3344,0.3359,0.3374,0.3388,0.3403,0.3419,0.3434,0.3449,0.3465,0.3479,0.3483,0.3487,0.3492,0.3496,0.35,0.3504,0.3508,0.3512,0.3517,0.3521,0.353,0.3541,0.3551,0.3562,0.3571,0.3574,0.358,0.3604,0.3619,0.3633,0.3646,0.366,0.3674,0.3687,0.37,0.3713,0.3727,0.374,0.3754,0.3768,0.3781,0.3795,0.3809,0.3823,0.3838,0.3845,0.3851,0.3858,0.3863,0.3867,0.3871,0.3875,0.3879,0.3883,0.3887,0.3891,0.3895,0.3899,0.3903,0.3907,0.3912,0.3916,0.392,0.3924,0.3928,0.3932,0.3936,0.3941,0.3945,0.3949,0.3953,0.3957,0.3962,0.3966,0.397,0.3974,0.3979,0.3983,0.3987,0.3991,0.3996,0.4,0.4004,0.4009,0.4013,0.4017,0.4022,0.4026,0.403,0.4035,0.4039,0.4044,0.4048,0.4052,0.4057,0.4061,0.4066,0.407,0.4075,0.4079,0.4084,0.4097,0.4119,0.414,0.4162,0.418,0.4197,0.4214,0.4644,0.4682,0.4698,0.4715,0.4722,0.4716,0.4707,0.4703,0.47,0.4697,0.4694,0.4691,0.4687,0.4684,0.4699,0.4677,0.4654,0.4631,0.4608,0.4585,0.4561,0.4529,0.4498,0.4467,0.4436,0.4429,0.4428,0.4427,0.4426,0.4425,0.4423,0.4419,0.4414,0.441,0.4405,0.4401,0.4396,0.4391,0.4387,0.4382,0.4378,0.4384,0.4394,0.4405,0.4416,0.4427,0.4438,0.4449,0.446,0.4471,0.4482,0.4493,0.4505,0.4516,0.4527,0.4543,0.4574,0.4573,0.4572,0.4571,0.457,0.4569,0.4568,0.4567,0.4566,0.4565,0.4564,0.4564,0.4563,0.4562,0.4561,0.456,0.4559,0.4558,0.4557,0.4556,0.4555,0.4554,0.4553,0.4551,0.4549,0.4547,0.4545,0.4544,0.4542,0.454,0.4538,0.4536,0.4534,0.4532,0.4531,0.4529,0.4527,0.4525,0.4523,0.4521,0.4519,0.4518,0.4516,0.4514,0.4516,0.4518,0.452,0.4521,0.4523,0.4525,0.4527,0.4529,0.453,0.4532,0.4534,0.4536
0.3225,0.3222,0.3218,0.3215,0.3212,0.3209,0.3205,0.3202,0.3199,0.3196,0.3193,0.3196,0.3202,0.3201,0.3203,0.3207,0.3212,0.3216,0.3221,0.3226,0.323,0.3235,0.3239,0.3244,0.3249,0.3253,0.3258,0.3265,0.3274,0.3283,0.3292,0.3301,0.331,0.3319,0.3328,0.3338,0.3353,0.3368,0.3382,0.3397,0.3412,0.3428,0.3443,0.3458,0.3474,0.349,0.3499,0.3504,0.3508,0.3512,0.3516,0.352,0.3525,0.3529,0.3533,0.3537,0.3541,0.3548,0.3558,0.3569,0.3579,0.3583,0.3596,0.3614,0.3628,0.3641,0.3655,0.3668,0.3681,0.3694,0.3707,0.3721,0.3734,0.3748,0.3761,0.3775,0.3789,0.3803,0.3817,0.3831,0.3843,0.3849,0.3854,0.3858,0.3862,0.3866,0.387,0.3874,0.3878,0.3882,0.3886,0.389,0.3894,0.3898,0.3903,0.3907,0.3911,0.3915,0.3919,0.3923,0.3927,0.3931,0.3936,0.394,0.3944,0.3948,0.3952,0.3957,0.3961,0.3965,0.3969,0.3974,0.3978,0.3982,0.3986,0.3991,0.3995,0.3999,0.4003,0.4008,0.4012,0.4016,0.4021,0.4025,0.403,0.4034,0.4038,0.4043,0.4047,0.4052,0.4056,0.406,0.4065,0.4069,0.4074,0.4078,0.4083,0.409,0.4111,0.4132,0.4154,0.4174,0.4192,0.4209,0.425,0.4667,0.4683,0.47,0.4716,0.4722,0.471,0.4707,0.4704,0.4701,0.4698,0.4694,0.4691,0.4688,0.469,0.4688,0.4665,0.4641,0.4619,0.4596,0.4573,0.4544,0.4512,0.4481,0.445,0.4432,0.4431,0.443,0.4429,0.4428,0.4427,0.4423,0.4418,0.4413,0.4409,0.4404,0.44,0.4395,0.4391,0.4386,0.4382,0.4381,0.4392,0.4403,0.4413,0.4424,0.4435,0.4446,0.4457,0.4468,0.4479,0.4491,0.4502,0.4513,0.4524,0.4536,0.4576,0.4575,0.4574,0.4573,0.4572,0.4571,0.457,0.4569,0.4568,0.4567,0.4566,0.4565,0.4564,0.4563,0.4562,0.4561,0.456,0.4559,0.4558,0.4557,0.4556,0.4555,0.4554,0.4553,0.4552,0.455,0.4548,0.4546,0.4544,0.4542,0.454,0.4538,0.4537,0.4535,0.4533,0.4531,0.4529,0.4527,0.4525,0.4524,0.4522,0.452,0.4518,0.4516,0.4517,0.4518,0.452,0.4522,0.4524,0.4526,0.4527,0.4529,0.4531,0.4533,0.4534,0.4536
0.3211,0.3208,0.3204,0.3201,0.3198,0.3195,0.3192,0.3188,0.3187,0.3193,0.3199,0.3203,0.3202,0.3201,0.3205,0.3209,0.3214,0.3218,0.3223,0.3227,0.3232,0.3237,0.3241,0.3246,0.3251,0.3255,0.3263,0.3272,0.3281,0.329,0.3299,0.3308,0.3317,0.3326,0.3335,0.3347,0.3362,0.3376,0.3391,0.3406,0.3421,0.3437,0.3452,0.3468,0.3483,0.3499,0.3515,0.352,0.3524,0.3528,0.3532,0.3537,0.3541,0.3545,0.3549,0.3554,0.3558,0.3562,0.3567,0.3576,0.3586,0.3592,0.3609,0.3623,0.3636,0.3649,0.3662,0.3675,0.3688,0.3701,0.3715,0.3728,0.3742,0.3755,0.3769,0.3783,0.3797,0.3811,0.3826,0.3841,0.3845,0.3849,0.3853,0.3857,0.3861,0.3865,0.3869,0.3873,0.3877,0.3881,0.3885,0.389,0.3894,0.3898,0.3902,0.3906,0.391,0.3914,0.3918,0.3922,0.3927,0.3931,0.3935,0.3939,0.3943,0.3947,0.3952,0.3956,0.396,0.3964,0.3968,0.3973,0.3977,0.3981,0.3985,0.399,0.3994,0.3998,0.4003,0.4007,0.4011,0.4016,0.402,0.4024,0.4029,0.4033,0.4037,0.4042,0.4046,0.4051,0.4055,0.406,0.4064,0.4068,0.4073,0.4077,0.4082,0.4086,0.4103,0.4125,0.4146,0.4168,0.4187,0.4204,0.4224,0.4623,0.4668,0.4685,0.4701,0.4718,0.4714,0.4711,0.4708,0.4705,0.4701,0.4698,0.4695,0.4692,0.4689,0.4699,0.4676,0.4653,0.4629,0.4607,0.4584,0.4559,0.4527,0.4496,0.4465,0.4435,0.4434,0.4433,0.4432,0.4431,0.443,0.4426,0.4422,0.4417,0.4413,0.4408,0.4404,0.4399,0.4395,0.439,0.4386,0.4381,0.4389,0.44,0.4411,0.4422,0.4432,0.4443,0.4454,0.4466,0.4477,0.4488,0.4499,0.451,0.4522,0.4533,0.4577,0.4576,0.4575,0.4574,0.4573,0.4572,0.4571,0.457,0.4569,0.4568,0.4567,0.4566,0.4565,0.4564,0.4564,0.4563,0.4562,0.4561,0.456,0.4559,0.4558,0.4557,0.4556,0.4555,0.4554,0.4552,0.455,0.4548,0.4546,0.4545,0.4543,0.4541,0.4539,0.4537,0.4535,0.4533,0.4532,0.453,0.4528,0.4526,0.4524,0.4522,0.452,0.4519,0.4517,0.4519,0.4521,0.4523,0.4524,0.4526,0.4528,0.453,0.4532,0.4533,0.4535,0.4537
0.3197,0.3194,0.3191,0.3187,0.3184,0.3181,0.3184,0.319,0.3196,0.3202,0.3203,0.3202,0.3201,0.3202,0.3207,0.3211,0.3216,0.322,0.3225,0.3229,0.3234,0.3239,0.3243,0.3248,0.3253,0.3261,0.327,0.3278,0.3287,0.3296,0.3305,0.3314,0.3324,0.3333,0.3342,0.3356,0.337,0.3385,0.34,0.3415,0.3431,0.3446,0.3461,0.3477,0.3493,0.3509,0.3525,0.3536,0.354,0.3545,0.3549,0.3553,0.3558,0.3562,0.3566,0.3571,0.3575,0.3579,0.3584,0.3588,0.3594,0.3603,0.3618,0.3631,0.3643,0.3656,0.3669,0.3682,0.3697,0.3712,0.3728,0.3743,0.3758,0.3774,0.3789,0.3805,0.3821,0.3833,0.3836,0.384,0.3844,0.3848,0.3852,0.3856,0.386,0.3864,0.3868,0.3873,0.3877,0.3881,0.3885,0.3889,0.3893,0.3897,0.3901,0.3905,0.3909,0.3913,0.3917,0.3922,0.3926,0.393,0.3934,0.3938,0.3942,0.3947,0.3951,0.3955,0.3959,0.3963,0.3968,0.3972,0.3976,0.398,0.3985,0.3989,0.3993,0.3998,0.4002,0.4006,0.401,0.4015,0.4019,0.4024,0.4028,0.4032,0.4037,0.4041,0.4045,0.405,0.4054,0.4059,0.4063,0.4068,0.4072,0.4077,0.4081,0.4085,0.4096,0.4117,0.4138,0.416,0.4182,0.4199,0.4216,0.4559,0.4654,0.467,0.4686,0.4703,0.4718,0.4715,0.4712,0.4708,0.4705,0.4702,0.4699,0.4696,0.4692,0.4707,0.4687,0.4664,0.464,0.4618,0.4595,0.4572,0.4542,0.4511,0.4479,0.4448,0.4437,0.4436,0.4434,0.4433,0.4432,0.443,0.4426,0.4421,0.4417,0.4412,0.4407,0.4403,0.4398,0.4394,0.4389,0.4385,0.4387,0.4397,0.4408,0.4419,0.443,0.4441,0.4452,0.4463,0.4474,0.4485,0.4496,0.4508,0.4519,0.453,0.4564,0.4578,0.4577,0.4576,0.4575,0.4574,0.4573,0.4572,0.4571,0.457,0.4569,0.4568,0.4567,0.4566,0.4565,0.4564,0.4563,0.4562,0.4561,0.456,0.4559,0.4558,0.4557,0.4556,0.4555,0.4554,0.4553,0.4551,0.4549,0.4547,0.4545,0.4543,0.4541,0.4539,0.4538,0.4536,0.4534,0.4532,0.453,0.4528,0.4526,0.4525,0.4523,0.4521,0.4519,0.452,0.4521,0.4523,0.4525,0.4527,0.4529,0.453,0.4532,0.4534,0.4536,0.4537
0.3183,0.318,0.3177,0.3175,0.3181,0.3187,0.3193,0.3199,0.3205,0.3204,0.3203,0.3202,0.3201,0.3204,0.3209,0.3213,0.3218,0.3222,0.3227,0.3231,0.3236,0.3241,0.3245,0.325,0.3258,0.3267,0.3276,0.3285,0.3294,0.3303,0.3312,0.3321,0.333,0.334,0.335,0.3364,0.3379,0.3394,0.3409,0.3424,0.344,0.3455,0.3471,0.3486,0.3502,0.3518,0.3534,0.3551,0.3557,0.3561,0.3566,0.357,0.3574,0.3579,0.3583,0.3587,0.3592,0.3596,0.3601,0.3605,0.3609,0.362,0.3634,0.3649,0.3663,0.3678,0.3693,0.3708,0.3723,0.3738,0.3754,0.3769,0.3785,0.3801,0.3816,0.3824,0.3828,0.3831,0.3835,0.3839,0.3843,0.3847,0.3851,0.3855,0.3859,0.3864,0.3868,0.3872,0.3876,0.388,0.3884,0.3888,0.3892,0.3896,0.39,0.3904,0.3908,0.3913,0.3917,0.3921,0.3925,0.3929,0.3933,0.3937,0.3942,0.3946,0.395,0.3954,0.3958,0.3963,0.3967,0.3971,0.3975,0.398,0.3984,0.3988,0.3992,0.3997,0.4001,0.4005,0.401,0.4014,0.4018,0.4023,0.4027,0.4031,0.4036,0.404,0.4045,0.4049,0.4053,0.4058,0.4062,0.4067,0.4071,0.4076,0.408,0.4085,0.4089,0.4109,0.4131,0.4152,0.4174,0.4194,0.4211,0.4241,0.4602,0.4655,0.4671,0.4693,0.4725,0.4719,0.4715,0.4712,0.4709,0.4706,0.4703,0.4699,0.4696,0.4698,0.4698,0.4675,0.4651,0.4628,0.4606,0.4583,0.4557,0.4525,0.4494,0.4463,0.4439,0.4438,0.4437,0.4436,0.4435,0.4434,0.4429,0.4425,0.442,0.4416,0.4411,0.4407,0.4402,0.4398,0.4393,0.4389,0.4384,0.4395,0.4405,0.4416,0.4427,0.4438,0.4449,0.446,0.4471,0.4482,0.4494,0.4505,0.4516,0.4528,0.4546,0.4579,0.4578,0.4577,0.4576,0.4575,0.4574,0.4573,0.4572,0.4571,0.457,0.4569,0.4568,0.4567,0.4566,0.4565,0.4564,0.4564,0.4563,0.4562,0.4561,0.456,0.4559,0.4558,0.4557,0.4556,0.4555,0.4553,0.4551,0.4549,0.4547,0.4546,0.4544,0.4542,0.454,0.4538,0.4536,0.4534,0.4532,0.4531,0.4529,0.4527,0.4525,0.4523,0.4521,0.452,0.4522,0.4524,0.4526,0.4527,0.4529,0.4531,0.4533,0.4535,0.4536,0.4538
0.3170,0.3172,0.3178,0.3184,0.319,0.3196,0.3202,0.3206,0.3205,0.3204,0.3203,0.3202,0.3201,0.3206,0.321,0.3215,0.322,0.3224,0.3229,0.3233,0.3238,0.3243,0.3247,0.3256,0.3265,0.3274,0.3283,0.3292,0.3301,0.331,0.3319,0.3328,0.3337,0.3346,0.3359,0.3373,0.3388,0.3403,0.3418,0.3433,0.3449,0.3464,0.348,0.3496,0.3512,0.3528,0.3544,0.3561,0.3574,0.3578,0.3582,0.3587,0.3591,0.3596,0.36,0.3604,0.3609,0.3613,0.3618,0.3622,0.3631,0.3644,0.3659,0.3674,0.3688,0.3703,0.3719,0.3734,0.3749,0.3765,0.378,0.3796,0.3812,0.3816,0.3819,0.3823,0.3827,0.383,0.3834,0.3837,0.3841,0.3845,0.385,0.3854,0.3858,0.3862,0.3866,0.3871,0.3875,0.3879,0.3883,0.3887,0.3891,0.3895,0.3899,0.3904,0.3908,0.3912,0.3916,0.392,0.3924,0.3928,0.3932,0.3937,0.3941,0.3945,0.3949,0.3953,0.3958,0.3962,0.3966,0.397,0.3975,0.3979,0.3983,0.3987,0.3992,0.3996,0.4,0.4005,0.4009,0.4013,0.4017,0.4022,0.4026,0.4031,0.4035,0.4039,0.4044,0.4048,0.4053,0.4057,0.4061,0.4066,0.407,0.4075,0.4079,0.4084,0.4088,0.4102,0.4123,0.4144,0.4166,0.4188,0.4206,0.4224,0.4539,0.464,0.4666,0.4698,0.473,0.4723,0.4719,0.4716,0.4713,0.471,0.4706,0.4703,0.47,0.4697,0.4709,0.4686,0.4663,0.4639,0.4617,0.4594,0.4571,0.454,0.4509,0.4477,0.4447,0.4441,0.444,0.4439,0.4438,0.4437,0.4433,0.4429,0.4424,0.442,0.4415,0.441,0.4406,0.4401,0.4397,0.4392,0.4388,0.4392,0.4403,0.4414,0.4424,0.4435,0.4446,0.4457,0.4468,0.448,0.4491,0.4502,0.4513,0.4525,0.4536,0.4581,0.458,0.4579,0.4578,0.4577,0.4576,0.4575,0.4574,0.4573,0.4572,0.4571,0.457,0.4569,0.4568,0.4567,0.4566,0.4565,0.4564,0.4563,0.4562,0.4561,0.456,0.4559,0.4558,0.4557,0.4556,0.4555,0.4554,0.4552,0.455,0.4548,0.4546,0.4544,0.4542,0.454,0.4539,0.4537,0.4535,0.4533,0.4531,0.4529,0.4527,0.4526,0.4524,0.4522,0.4523,0.4524,0.4526,0.4528,0.453,0.4532,0.4533,0.4535,0.4537,0.4539
0.3175,0.3181,0.3187,0.3193,0.3199,0.3205,0.3206,0.3205,0.3204,0.3203,0.3202,0.3201,0.3203,0.3208,0.3212,0.3217,0.3222,0.3226,0.3231,0.3235,0.324,0.3245,0.3254,0.3263,0.3271,0.328,0.3289,0.3298,0.3307,0.3316,0.3325,0.3335,0.3344,0.3353,0.3367,0.3382,0.3397,0.3412,0.3427,0.3443,0.3458,0.3474,0.3489,0.3505,0.3521,0.3538,0.3554,0.357,0.3587,0.3595,0.3599,0.3604,0.3608,0.3613,0.3617,0.3622,0.3626,0.3631,0.3635,0.3644,0.3656,0.3669,0.3684,0.3699,0.3714,0.3729,0.3745,0.376,0.3776,0.3791,0.3804,0.3808,0.3811,0.3815,0.3818,0.3822,0.3825,0.3829,0.3832,0.3836,0.384,0.3844,0.3848,0.3853,0.3857,0.3861,0.3865,0.3869,0.3874,0.3878,0.3882,0.3886,0.389,0.3895,0.3899,0.3903,0.3907,0.3911,0.3915,0.3919,0.3923,0.3927,0.3932,0.3936,0.394,0.3944,0.3948,0.3953,0.3957,0.3961,0.3965,0.3969,0.3974,0.3978,0.3982,0.3986,0.3991,0.3995,0.3999,0.4004,0.4008,0.4012,0.4017,0.4021,0.4025,0.403,0.4034,0.4039,0.4043,0.4047,0.4052,0.4056,0.4061,0.4065,0.4069,0.4074,0.4078,0.4083,0.4087,0.4094,0.4115,0.4137,0.4158,0.418,0.4201,0.4218,0.4258,0.4582,0.4669,0.4703,0.4736,0.4768,0.4723,0.472,0.4717,0.4713,0.471,0.4707,0.4704,0.4701,0.4714,0.4697,0.4674,0.465,0.4627,0.4605,0.4582,0.4555,0.4523,0.4492,0.4461,0.4444,0.4443,0.4442,0.4441,0.4439,0.4437,0.4433,0.4428,0.4423,0.4419,0.4414,0.441,0.4405,0.4401,0.4396,0.4392,0.4389,0.44,0.4411,0.4422,0.4433,0.4444,0.4455,0.4466,0.4477,0.4488,0.4499,0.4511,0.4522,0.4533,0.4582,0.4581,0.458,0.4579,0.4578,0.4577,0.4576,0.4575,0.4574,0.4573,0.4572,0.4571,0.457,0.4569,0.4568,0.4567,0.4566,0.4565,0.4564,0.4564,0.4563,0.4562,0.4561,0.456,0.4559,0.4558,0.4557,0.4556,0.4554,0.4552,0.455,0.4548,0.4547,0.4545,0.4543,0.4541,0.4539,0.4537,0.4535,0.4533,0.4532,0.453,0.4528,0.4526,0.4524,0.4523,0.4525,0.4527,0.4529,0.453,0.4532,0.4534,0.4536,0.4538,0.4539
0.3184,0.319,0.3196,0.3202,0.3208,0.3207,0.3206,0.3205,0.3204,0.3203,0.3202,0.3201,0.3205,0.321,0.3214,0.3219,0.3223,0.3228,0.3233,0.3237,0.3243,0.3251,0.326,0.3269,0.3278,0.3287,0.3296,0.3305,0.3314,0.3323,0.3332,0.3341,0.3351,0.3361,0.3376,0.3391,0.3406,0.3421,0.3436,0.3452,0.3467,0.3483,0.3499,0.3515,0.3531,0.3547,0.3564,0.358,0.3597,0.3612,0.3617,0.3621,0.3626,0.363,0.3635,0.3639,0.3644,0.3648,0.3658,0.3669,0.368,0.3695,0.371,0.3725,0.374,0.3755,0.3771,0.3787,0.3796,0.3799,0.3803,0.3806,0.381,0.3813,0.3817,0.382,0.3824,0.3827,0.3831,0.3835,0.3839,0.3843,0.3847,0.3851,0.3855,0.386,0.3864,0.3868,0.3872,0.3877,0.3881,0.3885,0.3889,0.3894,0.3898,0.3902,0.3906,0.391,0.3914,0.3918,0.3923,0.3927,0.3931,0.3935,0.3939,0.3943,0.3948,0.3952,0.3956,0.396,0.3964,0.3969,0.3973,0.3977,0.3981,0.3986,0.399,0.3994,0.3999,0.4003,0.4007,0.4012,0.4016,0.402,0.4025,0.4029,0.4033,0.4038,0.4042,0.4046,0.4051,0.4055,0.406,0.4064,0.4069,0.4073,0.4078,0.4082,0.4087,0.4091,0.4108,0.4129,0.4151,0.4172,0.4195,0.4213,0.4232,0.4519,0.4666,0.4701,0.4737,0.4774,0.4727,0.4724,0.4721,0.4717,0.4714,0.4711,0.4708,0.4704,0.4705,0.4708,0.4685,0.4662,0.4638,0.4616,0.4593,0.457,0.4538,0.4507,0.4475,0.4446,0.4445,0.4444,0.4443,0.4442,0.4441,0.4436,0.4432,0.4427,0.4423,0.4418,0.4414,0.4409,0.4404,0.44,0.4395,0.4391,0.4397,0.4408,0.4419,0.443,0.4441,0.4452,0.4463,0.4474,0.4485,0.4497,0.4508,0.4519,0.4531,0.4566,0.4582,0.4581,0.4581,0.458,0.4579,0.4578,0.4577,0.4576,0.4575,0.4574,0.4573,0.4572,0.4571,0.457,0.4569,0.4568,0.4567,0.4566,0.4565,0.4564,0.4563,0.4562,0.4561,0.456,0.4559,0.4558,0.4557,0.4556,0.4555,0.4553,0.4551,0.4549,0.4547,0.4545,0.4543,0.4541,0.454,0.4538,0.4536,0.4534,0.4532,0.453,0.4528,0.4527,0.4525,0.4526,0.4527,0.4529,0.4531,0.4533,0.4535,0.4536,0.4538,0.454
0.3193,0.3199,0.3205,0.3208,0.3207,0.3206,0.3205,0.3204,0.3203,0.3202,0.3201,0.3203,0.3207,0.3212,0.3216,0.3221,0.3225,0.323,0.3235,0.324,0.3249,0.3258,0.3267,0.3276,0.3284,0.3293,0.3302,0.3312,0.3321,0.333,0.3339,0.3348,0.3358,0.337,0.3385,0.34,0.3415,0.343,0.3446,0.3461,0.3477,0.3493,0.3508,0.3525,0.3541,0.3557,0.3574,0.359,0.3607,0.3624,0.3634,0.3638,0.3643,0.3647,0.3652,0.3657,0.3661,0.3671,0.3682,0.3693,0.3705,0.372,0.3735,0.3751,0.3766,0.3782,0.3787,0.3791,0.3794,0.3798,0.3801,0.3805,0.3808,0.3812,0.3815,0.3819,0.3822,0.3826,0.383,0.3833,0.3837,0.3842,0.3846,0.385,0.3854,0.3858,0.3863,0.3867,0.3871,0.3875,0.3879,0.3884,0.3888,0.3892,0.3897,0.3901,0.3905,0.3909,0.3913,0.3918,0.3922,0.3926,0.393,0.3934,0.3938,0.3943,0.3947,0.3951,0.3955,0.3959,0.3964,0.3968,0.3972,0.3976,0.3981,0.3985,0.3989,0.3993,0.3998,0.4002,0.4006,0.4011,0.4015,0.4019,0.4024,0.4028,0.4032,0.4037,0.4041,0.4046,0.405,0.4054,0.4059,0.4063,0.4068,0.4072,0.4077,0.4081,0.4086,0.409,0.41,0.4121,0.4143,0.4165,0.4187,0.4208,0.4225,0.4458,0.4663,0.4698,0.4734,0.4771,0.4734,0.4728,0.4724,0.4721,0.4718,0.4715,0.4711,0.4708,0.4705,0.472,0.4696,0.4673,0.4649,0.4626,0.4604,0.4581,0.4553,0.4522,0.449,0.4459,0.4448,0.4447,0.4446,0.4445,0.4444,0.444,0.4436,0.4431,0.4427,0.4422,0.4417,0.4413,0.4408,0.4404,0.4399,0.4395,0.4395,0.4406,0.4416,0.4427,0.4438,0.4449,0.446,0.4471,0.4483,0.4494,0.4505,0.4516,0.4528,0.4548,0.4584,0.4583,0.4582,0.4581,0.458,0.4579,0.4578,0.4577,0.4576,0.4575,0.4574,0.4573,0.4572,0.4571,0.457,0.4569,0.4568,0.4567,0.4566,0.4565,0.4564,0.4563,0.4563,0.4562,0.4561,0.456,0.4559,0.4558,0.4557,0.4555,0.4553,0.4551,0.4549,0.4548,0.4546,0.4544,0.4542,0.454,0.4538,0.4536,0.4534,0.4533,0.4531,0.4529,0.4527,0.4526,0.4528,0.453,0.4532,0.4533,0.4535,0.4537,0.4539,0.4541
0.3202,0.3209,0.3209,0.3208,0.3207,0.3206,0.3205,0.3204,0.3203,0.3202,0.3201,0.3205,0.3209,0.3214,0.3218,0.3223,0.3227,0.3232,0.3238,0.3247,0.3256,0.3264,0.3273,0.3282,0.3291,0.33,0.3309,0.3318,0.3327,0.3337,0.3346,0.3355,0.3365,0.3379,0.3394,0.3409,0.3424,0.3439,0.3455,0.347,0.3486,0.3502,0.3518,0.3534,0.355,0.3567,0.3584,0.36,0.3617,0.3634,0.3651,0.3656,0.3661,0.3665,0.367,0.3674,0.3684,0.3695,0.3707,0.3718,0.3731,0.3746,0.3762,0.3776,0.3779,0.3783,0.3786,0.379,0.3793,0.3796,0.38,0.3803,0.3807,0.3811,0.3814,0.3818,0.3821,0.3825,0.3828,0.3832,0.3836,0.384,0.3844,0.3849,0.3853,0.3857,0.3861,0.3865,0.387,0.3874,0.3878,0.3882,0.3887,0.3891,0.3895,0.39,0.3904,0.3908,0.3912,0.3917,0.3921,0.3925,0.3929,0.3933,0.3938,0.3942,0.3946,0.395,0.3954,0.3959,0.3963,0.3967,0.3971,0.3976,0.398,0.3984,0.3988,0.3993,0.3997,0.4001,0.4006,0.401,0.4014,0.4019,0.4023,0.4027,0.4032,0.4036,0.404,0.4045,0.4049,0.4054,0.4058,0.4062,0.4067,0.4071,0.4076,0.408,0.4085,0.4089,0.4094,0.4113,0.4135,0.4157,0.4179,0.4201,0.422,0.4249,0.466,0.4696,0.4732,0.4767,0.479,0.4732,0.4728,0.4725,0.4722,0.4719,0.4715,0.4712,0.4709,0.4722,0.4707,0.4684,0.466,0.4637,0.4615,0.4592,0.4569,0.4536,0.4505,0.4474,0.4451,0.445,0.4449,0.4448,0.4447,0.4444,0.444,0.4435,0.443,0.4426,0.4421,0.4417,0.4412,0.4408,0.4403,0.4399,0.4394,0.4403,0.4414,0.4425,0.4436,0.4447,0.4458,0.4469,0.448,0.4491,0.4502,0.4514,0.4525,0.4536,0.4585,0.4584,0.4583,0.4582,0.4581,0.4581,0.458,0.4579,0.4578,0.4577,0.4576,0.4575,0.4574,0.4573,0.4572,0.4571,0.457,0.4569,0.4568,0.4567,0.4566,0.4565,0.4564,0.4563,0.4562,0.4561,0.456,0.4559,0.4558,0.4557,0.4556,0.4554,0.4552,0.455,0.4548,0.4546,0.4544,0.4542,0.4541,0.4539,0.4537,0.4535,0.4533,0.4531,0.4529,0.4528,0.4529,0.453,0.4532,0.4534,0.4536,0.4538,0.4539,0.4541
0.3211,0.321,0.3209,0.3208,0.3207,0.3205,0.3204,0.3203,0.3202,0.3201,0.3202,0.3207,0.3211,0.3216,0.322,0.3225,0.3229,0.3236,0.3244,0.3253,0.3262,0.3271,0.328,0.3289,0.3298,0.3307,0.3316,0.3325,0.3334,0.3343,0.3353,0.3362,0.3373,0.3388,0.3403,0.3418,0.3433,0.3449,0.3464,0.348,0.3496,0.3512,0.3528,0.3544,0.356,0.3577,0.3594,0.361,0.3627,0.3645,0.3662,0.3674,0.3678,0.3683,0.3687,0.3697,0.3709,0.3721,0.3732,0.3744,0.3757,0.3767,0.3771,0.3774,0.3778,0.3781,0.3785,0.3788,0.3792,0.3795,0.3799,0.3802,0.3806,0.3809,0.3813,0.3816,0.382,0.3823,0.3827,0.3831,0.3835,0.3839,0.3843,0.3847,0.3851,0.3856,0.386,0.3864,0.3868,0.3873,0.3877,0.3881,0.3885,0.389,0.3894,0.3898,0.3902,0.3907,0.3911,0.3915,0.392,0.3924,0.3928,0.3933,0.3937,0.3941,0.3945,0.3949,0.3954,0.3958,0.3962,0.3966,0.397,0.3975,0.3979,0.3983,0.3988,0.3992,0.3996,0.4,0.4005,0.4009,0.4013,0.4018,0.4022,0.4026,0.4031,0.4035,0.404,0.4044,0.4048,0.4053,0.4057,0.4062,0.4066,0.4071,0.4075,0.4079,0.4084,0.4088,0.4093,0.4106,0.4127,0.4149,0.4171,0.4193,0.4215,0.4233,0.4439,0.4693,0.4729,0.476,0.4783,0.4739,0.4732,0.4729,0.4726,0.4722,0.4719,0.4716,0.4713,0.4713,0.4719,0.4695,0.4672,0.4648,0.4625,0.4603,0.458,0.4551,0.452,0.4488,0.4457,0.4453,0.4452,0.445,0.4449,0.4448,0.4443,0.4439,0.4434,0.443,0.4425,0.4421,0.4416,0.4411,0.4407,0.4402,0.4398,0.44,0.4411,0.4422,0.4433,0.4444,0.4455,0.4466,0.4477,0.4488,0.45,0.4511,0.4522,0.4534,0.4587,0.4586,0.4585,0.4584,0.4583,0.4582,0.4581,0.458,0.4579,0.4578,0.4577,0.4576,0.4575,0.4574,0.4573,0.4572,0.4571,0.457,0.4569,0.4568,0.4567,0.4566,0.4565,0.4564,0.4563,0.4563,0.4562,0.4561,0.456,0.4559,0.4558,0.4556,0.4554,0.4552,0.455,0.4549,0.4547,0.4545,0.4543,0.4541,0.4539,0.4537,0.4535,0.4534,0.4532,0.453,0.4529,0.4531,0.4533,0.4535,0.4536,0.4538,0.454,0.4542
0.3210,0.3209,0.3208,0.3207,0.3206,0.3205,0.3204,0.3203,0.3202,0.3201,0.3204,0.3208,0.3213,0.3218,0.3222,0.3227,0.3233,0.3242,0.3251,0.326,0.3269,0.3277,0.3286,0.3295,0.3304,0.3313,0.3323,0.3332,0.3341,0.335,0.336,0.3369,0.3382,0.3397,0.3412,0.3427,0.3442,0.3458,0.3473,0.3489,0.3505,0.3521,0.3537,0.3554,0.357,0.3587,0.3604,0.3621,0.3638,0.3655,0.3672,0.369,0.3696,0.3701,0.3711,0.3723,0.3734,0.3746,0.3756,2.9964,0.3763,0.3766,0.377,0.3773,0.3776,0.378,0.3783,0.3787,0.379,0.3794,0.3797,0.3801,0.3804,0.3808,0.3811,0.3815,0.3818,0.3822,0.3826,0.3829,0.3834,0.3838,0.3842,0.3846,0.385,0.3854,0.3859,0.3863,0.3867,0.3871,0.3875,0.388,0.3884,0.3888,0.3893,0.3897,0.3901,0.3905,0.391,0.3914,0.3918,0.3923,0.3927,0.3931,0.3936,0.394,0.3944,0.3949,0.3953,0.3957,0.3961,0.3965,0.397,0.3974,0.3978,0.3982,0.3987,0.3991,0.3995,0.4,0.4004,0.4008,0.4013,0.4017,0.4021,0.4026,0.403,0.4034,0.4039,0.4043,0.4048,0.4052,0.4056,0.4061,0.4065,0.407,0.4074,0.4079,0.4083,0.4088,0.4092,0.4098,0.4119,0.4141,0.4163,0.4185,0.4207,0.4227,0.438,0.469,0.4726,0.4752,0.4775,0.4798,0.4737,0.4733,0.473,0.4726,0.4723,0.472,0.4717,0.4713,0.473,0.4706,0.4683,0.4659,0.4636,0.4614,0.4591,0.4567,0.4535,0.4503,0.4472,0.4455,0.4454,0.4453,0.4452,0.4451,0.4447,0.4443,0.4438,0.4434,0.4429,0.4424,0.442,0.4415,0.4411,0.4406,0.4402,0.4398,0.4408,0.4419,0.443,0.4441,0.4452,0.4463,0.4474,0.4486,0.4497,0.4508,0.4519,0.4531,0.4569,0.4587,0.4586,0.4585,0.4584,0.4583,0.4582,0.4581,0.4581,0.458,0.4579,0.4578,0.4577,0.4576,0.4575,0.4574,0.4573,0.4572,0.4571,0.457,0.4569,0.4568,0.4567,0.4566,0.4565,0.4564,0.4563,0.4562,0.4561,0.456,0.4559,0.4558,0.4557,0.4555,0.4553,0.4551,0.4549,0.4547,0.4545,0.4543,0.4542,0.454,0.4538,0.4536,0.4534,0.4532,0.453,0.4532,0.4533,0.4535,0.4537,0.4539,0.4541,0.4542
0.3210,0.3209,0.3208,0.3207,0.3206,0.3205,0.3204,0.3203,0.3202,0.3201,0.3206,0.321,0.3215,0.3219,0.3224,0.3231,0.324,0.3249,0.3257,0.3266,0.3275,0.3284,0.3293,0.3302,0.3311,0.332,0.3329,0.3339,0.3348,0.3357,0.3366,0.3376,0.3391,0.3406,0.3421,0.3436,0.3452,0.3467,0.3483,0.3499,0.3515,0.3531,0.3547,0.3563,0.358,0.3597,0.3614,0.3631,0.3648,0.3665,0.3683,0.3701,0.3714,0.3725,0.3734,0.3743,3.0179,2.9771,2.9375,2.899,2.8614,0.3765,0.3768,0.3772,0.3775,0.3779,0.3782,0.3786,0.3789,0.3793,0.3796,0.38,0.3803,0.3807,0.381,0.3814,0.3817,0.3821,0.3824,0.3828,0.3832,0.3836,0.3841,0.3845,0.3849,0.3853,0.3857,0.3861,0.3866,0.387,0.3874,0.3878,0.3883,0.3887,0.3891,0.3895,0.39,0.3904,0.3908,0.3913,0.3917,0.3921,0.3926,0.393,0.3934,0.3939,0.3943,0.3948,0.3952,0.3956,0.396,0.3965,0.3969,0.3973,0.3977,0.3982,0.3986,0.399,0.3994,0.3999,0.4003,0.4007,0.4012,0.4016,0.402,0.4025,0.4029,0.4033,0.4038,0.4042,0.4047,0.4051,0.4055,0.406,0.4064,0.4069,0.4073,0.4078,0.4082,0.4087,0.4091,0.4096,0.4112,0.4133,0.4155,0.4177,0.4199,0.4221,0.4241,0.4687,0.4722,0.4745,0.4768,0.4791,0.4744,0.4737,0.4733,0.473,0.4727,0.4724,0.472,0.4717,0.4729,0.4718,0.4694,0.4671,0.4647,0.4624,0.4602,0.4579,0.455,0.4518,0.4486,0.4458,0.4457,0.4456,0.4455,0.4454,0.4451,0.4447,0.4442,0.4437,0.4433,0.4428,0.4424,0.4419,0.4414,0.441,0.4405,0.4401,0.4406,0.4417,0.4428,0.4438,0.4449,0.4461,0.4472,0.4483,0.4494,0.4505,0.4517,0.4528,0.455,0.4589,0.4588,0.4587,0.4586,0.4585,0.4584,0.4583,0.4582,0.4581,0.458,0.4579,0.4578,0.4577,0.4576,0.4575,0.4574,0.4573,0.4572,0.4571,0.457,0.4569,0.4568,0.4567,0.4566,0.4565,0.4564,0.4563,0.4563,0.4562,0.4561,0.456,0.4559,0.4557,0.4555,0.4553,0.4551,0.455,0.4548,0.4546,0.4544,0.4542,0.454,0.4538,0.4536,0.4535,0.4533,0.4532,0.4534,0.4536,0.4538,0.4539,0.4541,0.4543
0.3209,0.3208,0.3207,0.3206,0.3205,0.3204,0.3203,0.3202,0.3201,0.3203,0.3208,0.3212,0.3217,0.3221,0.3229,0.3238,0.3246,0.3255,0.3264,0.3273,0.3282,0.3291,0.33,0.3309,0.3318,0.3327,0.3336,0.3345,0.3355,0.3364,0.3373,0.3385,0.34,0.3415,0.343,0.3445,0.3461,0.3476,0.3492,0.3508,0.3524,0.354,0.3557,0.3573,0.359,0.3607,0.3624,0.3641,0.3658,0.3676,0.3701,0.3721,0.373,0.3739,2.9984,2.9582,2.9191,2.8809,2.8439,2.8078,2.7726,0.3764,0.3767,0.377,0.3774,0.3777,0.3781,0.3784,0.3788,0.3791,0.3795,0.3798,0.3802,0.3805,0.3809,0.3812,0.3816,0.3819,0.3823,0.3827,0.3831,0.3835,0.3839,0.3843,0.3848,0.3852,0.3856,0.386,0.3864,0.3869,0.3873,0.3877,0.3881,0.3886,0.389,0.3894,0.3898,0.3903,0.3907,0.3911,0.3916,0.392,0.3924,0.3929,0.3933,0.3937,0.3942,0.3946,0.3951,0.3955,0.3959,0.3964,0.3968,0.3972,0.3977,0.3981,0.3985,0.3989,0.3994,0.3998,0.4002,0.4007,0.4011,0.4015,0.402,0.4024,0.4028,0.4033,0.4037,0.4041,0.4046,0.405,0.4055,0.4059,0.4064,0.4068,0.4072,0.4077,0.4081,0.4086,0.409,0.4095,0.4104,0.4125,0.4147,0.4169,0.4191,0.4213,0.4235,0.4684,0.4715,0.4737,0.476,0.4783,0.475,0.4742,0.4737,0.4734,0.4731,0.4728,0.4724,0.4721,0.472,0.4729,0.4705,0.4682,0.4658,0.4635,0.4612,0.459,0.4565,0.4533,0.4501,0.447,0.446,0.4459,0.4458,0.4457,0.4455,0.445,0.4446,0.4441,0.4437,0.4432,0.4427,0.4423,0.4418,0.4414,0.4409,0.4405,0.4403,0.4414,0.4425,0.4436,0.4447,0.4458,0.4469,0.448,0.4491,0.4502,0.4514,0.4525,0.4537,0.459,0.4589,0.4588,0.4587,0.4586,0.4585,0.4584,0.4583,0.4582,0.4581,0.4581,0.458,0.4579,0.4578,0.4577,0.4576,0.4575,0.4574,0.4573,0.4572,0.4571,0.457,0.4569,0.4568,0.4567,0.4566,0.4565,0.4564,0.4563,0.4562,0.4561,0.456,0.4559,0.4558,0.4556,0.4554,0.4552,0.455,0.4548,0.4546,0.4544,0.4543,0.4541,0.4539,0.4537,0.4535,0.4533,0.4535,0.4536,0.4538,0.454,0.4542,0.4544
0.3209,0.3208,0.3207,0.3206,0.3205,0.3204,0.3203,0.3202,0.3201,0.3205,0.321,0.3214,0.3219,0.3227,0.3235,0.3244,0.3253,0.3261,0.327,0.3279,0.3288,0.3297,0.3306,0.3315,0.3324,0.3334,0.3343,0.3352,0.3362,0.3371,0.338,0.3394,0.3409,0.3424,0.3439,0.3454,0.347,0.3486,0.3502,0.3518,0.3534,0.355,0.3567,0.3583,0.36,0.3618,0.3642,0.3667,0.3692,0.3717,0.3727,3.0197,2.9792,2.9395,2.9008,2.8632,2.8266,2.791,2.7562,2.7222,2.6892,0.3762,0.3766,0.3769,0.3773,0.3776,0.3779,0.3783,0.3786,0.379,0.3793,0.3797,0.38,0.3804,0.3807,0.3811,0.3814,0.3818,0.3821,0.3825,0.383,0.3834,0.3838,0.3842,0.3846,0.385,0.3855,0.3859,0.3863,0.3867,0.3872,0.3876,0.388,0.3884,0.3889,0.3893,0.3897,0.3901,0.3906,0.391,0.3914,0.3919,0.3923,0.3927,0.3932,0.3936,0.394,0.3945,0.3949,0.3954,0.3958,0.3963,0.3967,0.3971,0.3976,0.398,0.3984,0.3989,0.3993,0.3997,0.4001,0.4006,0.401,0.4014,0.4019,0.4023,0.4027,0.4032,0.4036,0.4041,0.4045,0.4049,0.4054,0.4058,0.4063,0.4067,0.4072,0.4076,0.4081,0.4085,0.409,0.4094,0.4099,0.4118,0.4139,0.4161,0.4183,0.4205,0.4228,0.4305,0.4707,0.473,0.4753,0.4776,0.4799,0.4748,0.4741,0.4738,0.4735,0.4731,0.4728,0.4725,0.4722,0.474,0.4717,0.4693,0.467,0.4646,0.4623,0.4601,0.4578,0.4548,0.4516,0.4484,0.4463,0.4461,0.446,0.4459,0.4458,0.4454,0.445,0.4445,0.4441,0.4436,0.4431,0.4427,0.4422,0.4418,0.4413,0.4408,0.4404,0.4411,0.4422,0.4433,0.4444,0.4455,0.4466,0.4477,0.4488,0.45,0.4511,0.4522,0.4534,0.4589,0.4591,0.459,0.4589,0.4588,0.4587,0.4586,0.4585,0.4584,0.4583,0.4582,0.4581,0.458,0.4579,0.4578,0.4577,0.4576,0.4575,0.4574,0.4573,0.4572,0.4571,0.457,0.4569,0.4568,0.4567,0.4566,0.4565,0.4564,0.4563,0.4563,0.4562,0.4561,0.456,0.4558,0.4556,0.4554,0.4552,0.4551,0.4549,0.4547,0.4545,0.4543,0.4541,0.4539,0.4537,0.4536,0.4535,0.4537,0.4539,0.4541,0.4542,0.4544
0.3208,0.3207,0.3206,0.3205,0.3204,0.3203,0.3202,0.3201,0.3203,0.3207,0.3212,0.3216,0.3224,0.3233,0.3242,0.325,0.3259,0.3268,0.3277,0.3286,0.3295,0.3304,0.3313,0.3322,0.3331,0.334,0.335,0.3359,0.3368,0.3378,0.3388,0.3402,0.3418,0.3433,0.3448,0.3464,0.3479,0.3495,0.3511,0.3527,0.3544,0.3562,0.3585,0.3609,0.3634,0.3658,0.3683,0.3708,0.3723,3.0003,2.9601,2.921,2.8828,2.8457,2.8095,2.7743,2.7399,2.7064,2.6737,2.6417,2.6107,2.5813,0.3764,0.3768,0.3771,0.3775,0.3778,0.3782,0.3785,0.3789,0.3792,0.3796,0.3799,0.3803,0.3806,0.381,0.3813,0.3817,0.382,0.3824,0.3828,0.3832,0.3837,0.3841,0.3845,0.3849,0.3853,0.3858,0.3862,0.3866,0.387,0.3874,0.3879,0.3883,0.3887,0.3891,0.3896,0.39,0.3904,0.3909,0.3913,0.3917,0.3922,0.3926,0.393,0.3935,0.3939,0.3943,0.3948,0.3952,0.3957,0.3961,0.3966,0.397,0.3974,0.3979,0.3983,0.3988,0.3992,0.3996,0.4001,0.4005,0.4009,0.4014,0.4018,0.4022,0.4027,0.4031,0.4035,0.404,0.4044,0.4049,0.4053,0.4057,0.4062,0.4066,0.4071,0.4075,0.408,0.4084,0.4089,0.4093,0.4098,0.411,0.4131,0.4153,0.4175,0.4197,0.4219,0.4242,0.47,0.4722,0.4745,0.4768,0.4791,0.4755,0.4746,0.4742,0.4739,0.4735,0.4732,0.4729,0.4726,0.4737,0.4728,0.4704,0.4681,0.4657,0.4634,0.4611,0.4589,0.4563,0.4531,0.4499,0.4468,0.4464,0.4463,0.4462,0.4461,0.4458,0.4454,0.4449,0.4444,0.444,0.4435,0.4431,0.4426,0.4421,0.4417,0.4412,0.4408,0.4409,0.442,0.443,0.4441,0.4452,0.4463,0.4475,0.4486,0.4497,0.4508,0.452,0.4531,0.4571,0.4592,0.4591,0.459,0.4589,0.4588,0.4587,0.4586,0.4585,0.4584,0.4583,0.4582,0.4581,0.4581,0.458,0.4579,0.4578,0.4577,0.4576,0.4575,0.4574,0.4573,0.4572,0.4571,0.457,0.4569,0.4568,0.4567,0.4566,0.4565,0.4564,0.4563,0.4562,0.4561,0.456,0.4559,0.4557,0.4555,0.4553,0.4551,0.4549,0.4547,0.4545,0.4544,0.4542,0.454,0.4538,0.4536,0.4538,0.4539,0.4541,0.4543,0.4545
0.3208,0.3207,0.3206,0.3205,0.3204,0.3203,0.3202,0.3201,0.3204,0.3209,0.3214,0.3222,0.3231,0.3239,0.3248,0.3257,0.3266,0.3275,0.3283,0.3292,0.3301,0.331,0.332,0.3329,0.3338,0.3347,0.3357,0.3366,0.3375,0.3385,0.3396,0.3411,0.3427,0.3442,0.3457,0.3473,0.3489,0.3507,0.353,0.3553,0.3577,0.3601,0.3625,0.3649,0.3674,0.37,3.0218,2.981,2.9414,2.9027,2.8651,2.8284,2.7927,2.7579,2.7239,2.6907,2.6584,2.6268,2.5962,2.5671,2.5386,2.5108,0.3763,0.3766,0.377,0.3773,0.3777,0.378,0.3784,0.3787,0.3791,0.3794,0.3798,0.3801,0.3805,0.3808,0.3812,0.3815,0.3819,0.3823,0.3827,0.3831,0.3835,0.3839,0.3844,0.3848,0.3852,0.3856,0.386,0.3865,0.3869,0.3873,0.3877,0.3882,0.3886,0.389,0.3894,0.3899,0.3903,0.3907,0.3912,0.3916,0.392,0.3925,0.3929,0.3933,0.3938,0.3942,0.3947,0.3951,0.3955,0.396,0.3964,0.3969,0.3973,0.3978,0.3982,0.3987,0.3991,0.3995,0.4,0.4004,0.4008,0.4013,0.4017,0.4021,0.4026,0.403,0.4034,0.4039,0.4043,0.4048,0.4052,0.4057,0.4061,0.4065,0.407,0.4074,0.4079,0.4083,0.4088,0.4092,0.4097,0.4102,0.4124,0.4145,0.4167,0.4189,0.4211,0.4234,0.4692,0.4715,0.4738,0.476,0.4784,0.4807,0.4753,0.4746,0.4742,0.4739,0.4736,0.4733,0.4729,0.4728,0.4739,0.4716,0.4692,0.4668,0.4645,0.4622,0.46,0.4577,0.4546,0.4514,0.4482,0.4467,0.4466,0.4465,0.4464,0.4462,0.4458,0.4453,0.4448,0.4444,0.4439,0.4434,0.443,0.4425,0.4421,0.4416,0.4412,0.4407,0.4417,0.4428,0.4439,0.445,0.4461,0.4472,0.4483,0.4494,0.4505,0.4517,0.4528,0.4553,0.4594,0.4593,0.4592,0.4591,0.459,0.4589,0.4588,0.4587,0.4586,0.4585,0.4584,0.4583,0.4582,0.4581,0.458,0.4579,0.4578,0.4577,0.4576,0.4575,0.4574,0.4573,0.4572,0.4571,0.457,0.4569,0.4568,0.4567,0.4566,0.4565,0.4564,0.4563,0.4563,0.4562,0.4561,0.4559,0.4557,0.4555,0.4553,0.4552,0.455,0.4548,0.4546,0.4544,0.4542,0.454,0.4538,0.4538,0.454,0.4542,0.4544,0.4545
0.3208,0.3207,0.3206,0.3205,0.3204,0.3203,0.3202,0.3202,0.3206,0.3211,0.322,0.3228,0.3237,0.3246,0.3254,0.3263,0.3272,0.3281,0.329,0.3299,0.3308,0.3317,0.3326,0.3336,0.3345,0.3354,0.3363,0.3373,0.3382,0.3392,0.3405,0.3421,0.3436,0.3454,0.3477,0.3499,0.3522,3.2657,3.2616,3.2246,3.1774,3.1316,3.086,3.0435,3.0022,2.962,2.9228,2.8846,2.8475,2.8113,2.776,2.7416,2.708,2.6752,2.6432,2.6119,2.5818,2.553,2.5249,2.4973,2.4704,2.444,2.4182,0.3765,0.3769,0.3772,0.3775,0.3779,0.3782,0.3786,0.3789,0.3793,0.3796,0.38,0.3803,0.3807,0.381,0.3814,0.3817,0.3822,0.3826,0.383,0.3834,0.3838,0.3842,0.3847,0.3851,0.3855,0.3859,0.3863,0.3868,0.3872,0.3876,0.388,0.3885,0.3889,0.3893,0.3897,0.3902,0.3906,0.391,0.3915,0.3919,0.3923,0.3928,0.3932,0.3936,0.3941,0.3945,0.395,0.3954,0.3958,0.3963,0.3967,0.3972,0.3976,0.3981,0.3985,0.399,0.3994,0.3999,0.4003,0.4008,0.4012,0.4016,0.4021,0.4025,0.4029,0.4034,0.4038,0.4042,0.4047,0.4051,0.4056,0.406,0.4065,0.4069,0.4073,0.4078,0.4082,0.4087,0.4091,0.4096,0.41,0.4116,0.4137,0.4159,0.4181,0.4203,0.4226,0.4246,0.4708,0.473,0.4753,0.4776,0.4799,0.476,0.4751,0.4746,0.4743,0.474,0.4737,0.4733,0.473,0.4751,0.4727,0.4703,0.468,0.4656,0.4633,0.461,0.4588,0.4561,0.4529,0.4497,0.447,0.4469,0.4468,0.4467,0.4465,0.4461,0.4457,0.4452,0.4448,0.4443,0.4438,0.4434,0.4429,0.4425,0.442,0.4415,0.4411,0.4414,0.4425,0.4436,0.4447,0.4458,0.4469,0.448,0.4491,0.4503,0.4514,0.4525,0.4537,0.4595,0.4594,0.4593,0.4592,0.4591,0.459,0.4589,0.4588,0.4587,0.4586,0.4585,0.4584,0.4583,0.4582,0.4581,0.4581,0.458,0.4579,0.4578,0.4577,0.4576,0.4575,0.4574,0.4573,0.4572,0.4571,0.457,0.4569,0.4568,0.4567,0.4566,0.4565,0.4564,0.4563,0.4562,0.4561,0.456,0.4558,0.4556,0.4554,0.4552,0.455,0.4548,0.4546,0.4545,0.4543,0.4541,0.4539,0.4541,0.4542,0.4544,0.4546
0.3207,0.3206,0.3205,0.3204,0.3203,0.3202,0.3201,0.3204,0.3209,0.3217,0.3226,0.3235,0.3243,0.3252,0.3261,0.327,0.3279,0.3288,0.3297,0.3306,0.3315,0.3324,0.3333,0.3342,0.3352,0.3361,0.337,0.338,0.339,3.2284,3.2399,3.2521,3.2656,3.2701,3.2678,3.2563,3.2497,3.2026,3.1562,3.111,3.0664,3.0236,2.9828,2.9431,2.9045,2.8668,2.83,2.7943,2.7595,2.7255,2.6922,2.6598,2.6282,2.5973,2.5675,2.5391,2.5112,2.484,2.4573,2.4313,2.4057,2.3807,2.3562,0.3764,0.3767,0.3771,0.3774,0.3778,0.3781,0.3785,0.3788,0.3792,0.3795,0.3799,0.3802,0.3806,0.3809,0.3813,0.3816,0.382,0.3824,0.3829,0.3833,0.3837,0.3841,0.3845,0.3849,0.3854,0.3858,0.3862,0.3866,0.387,0.3875,0.3879,0.3883,0.3887,0.3892,0.3896,0.39,0.3905,0.3909,0.3913,0.3918,0.3922,0.3926,0.3931,0.3935,0.3939,0.3944,0.3948,0.3953,0.3957,0.3961,0.3966,0.397,0.3975,0.3979,0.3984,0.3988,0.3993,0.3997,0.4002,0.4006,0.4011,0.4015,0.402,0.4024,0.4028,0.4033,0.4037,0.4042,0.4046,0.405,0.4055,0.4059,0.4064,0.4068,0.4073,0.4077,0.4082,0.4086,0.4091,0.4095,0.41,0.4108,0.413,0.4151,0.4173,0.4195,0.4218,0.4237,0.47,0.4723,0.4745,0.4768,0.4792,0.4767,0.4758,0.475,0.4747,0.4744,0.474,0.4737,0.4734,0.4745,0.4738,0.4714,0.4691,0.4667,0.4644,0.4621,0.4599,0.4576,0.4544,0.4512,0.4481,0.4471,0.447,0.4469,0.4468,0.4465,0.4461,0.4456,0.4451,0.4447,0.4442,0.4438,0.4433,0.4428,0.4424,0.4419,0.4415,0.4412,0.4422,0.4433,0.4444,0.4455,0.4466,0.4478,0.4489,0.45,0.4511,0.4523,0.4534,0.4592,0.4596,0.4595,0.4594,0.4593,0.4592,0.4591,0.459,0.4589,0.4588,0.4587,0.4586,0.4585,0.4584,0.4583,0.4582,0.4581,0.458,0.4579,0.4578,0.4577,0.4576,0.4575,0.4574,0.4573,0.4572,0.4571,0.457,0.4569,0.4568,0.4567,0.4566,0.4565,0.4564,0.4563,0.4563,0.4562,0.456,0.4558,0.4556,0.4554,0.4553,0.4551,0.4549,0.4547,0.4545,0.4543,0.4541,0.4541,0.4543,0.4545,0.4547
0.3207,0.3206,0.3205,0.3204,0.3203,0.3202,0.3201,0.3207,0.3215,0.3224,0.3232,0.3241,0.325,0.3259,0.3267,0.3276,0.3285,0.3294,0.3304,0.3315,0.3327,0.3338,0.335,0.3362,0.3374,0.3386,0.3398,3.225,3.2294,3.2412,3.2533,3.2573,3.258,3.2457,3.2275,3.181,3.1353,3.0907,3.0473,3.004,2.9637,2.9245,2.8864,2.8491,2.8127,2.7775,2.7431,2.7095,2.6767,2.6446,2.6133,2.5828,2.5535,2.5253,2.4978,2.4708,2.4444,2.4186,2.3934,2.3686,2.3443,2.3206,2.2973,0.3763,0.3766,0.3769,0.3773,0.3776,0.378,0.3783,0.3787,0.379,0.3794,0.3797,0.3801,0.3804,0.3808,0.3811,0.3815,0.3819,0.3823,0.3827,0.3831,0.3836,0.384,0.3844,0.3848,0.3852,0.3856,0.3861,0.3865,0.3869,0.3873,0.3878,0.3882,0.3886,0.389,0.3895,0.3899,0.3903,0.3908,0.3912,0.3916,0.3921,0.3925,0.3929,0.3934,0.3938,0.3942,0.3947,0.3951,0.3956,0.396,0.3964,0.3969,0.3973,0.3978,0.3982,0.3987,0.3991,0.3996,0.4,0.4005,0.4009,0.4014,0.4018,0.4023,0.4028,0.4032,0.4036,0.4041,0.4045,0.405,0.4054,0.4058,0.4063,0.4067,0.4072,0.4076,0.4081,0.4085,0.409,0.4094,0.4099,0.4103,0.4122,0.4143,0.4165,0.4187,0.4209,0.4228,0.4247,0.4715,0.4738,0.4761,0.4784,0.4807,0.4765,0.4756,0.4751,0.4748,0.4744,0.4741,0.4738,0.4736,0.475,0.4726,0.4702,0.4679,0.4655,0.4632,0.4609,0.4587,0.4559,0.4527,0.4495,0.4474,0.4473,0.4472,0.4471,0.4469,0.4465,0.446,0.4455,0.4451,0.4446,0.4441,0.4437,0.4432,0.4428,0.4423,0.4418,0.4414,0.442,0.4431,0.4442,0.4453,0.4464,0.4475,0.4486,0.4497,0.4508,0.452,0.4531,0.4573,0.4597,0.4596,0.4595,0.4594,0.4593,0.4592,0.4591,0.459,0.4589,0.4588,0.4587,0.4586,0.4585,0.4584,0.4583,0.4582,0.4581,0.4581,0.458,0.4579,0.4578,0.4577,0.4576,0.4575,0.4574,0.4573,0.4572,0.4571,0.457,0.4569,0.4568,0.4567,0.4566,0.4565,0.4564,0.4563,0.4562,0.4561,0.4559,0.4557,0.4555,0.4553,0.4551,0.4549,0.4547,0.4546,0.4544,0.4542,0.4544,0.4545,0.4547
0.3220,0.3214,0.3208,0.3203,0.3202,0.3201,0.3204,0.3213,0.3222,0.3232,0.3243,0.3254,0.3265,0.3277,0.3288,0.3299,0.3311,0.3322,0.3334,0.3346,0.3357,0.3369,0.3381,0.3393,3.2155,3.2212,3.2348,3.2427,3.245,3.2481,3.2481,3.2352,3.2055,3.1596,3.1147,3.0706,3.0278,2.9858,2.9448,2.9062,2.8686,2.8317,2.7958,2.761,2.727,2.6937,2.6613,2.6296,2.5987,2.5685,2.5395,2.5117,2.4844,2.4578,2.4317,2.4061,2.3811,2.3566,2.3326,2.3091,2.286,2.2634,2.2412,2.2195,0.3765,0.3768,0.3772,0.3775,0.3778,0.3782,0.3785,0.3789,0.3792,0.3796,0.3799,0.3803,0.3806,0.381,0.3814,0.3818,0.3822,0.3826,0.383,0.3834,0.3838,0.3843,0.3847,0.3851,0.3855,0.3859,0.3864,0.3868,0.3872,0.3876,0.3881,0.3885,0.3889,0.3893,0.3898,0.3902,0.3906,0.3911,0.3915,0.3919,0.3924,0.3928,0.3932,0.3937,0.3941,0.3945,0.395,0.3954,0.3959,0.3963,0.3968,0.3972,0.3976,0.3981,0.3985,0.399,0.3994,0.3999,0.4003,0.4008,0.4013,0.4017,0.4022,0.4026,0.4031,0.4035,0.404,0.4044,0.4049,0.4053,0.4058,0.4062,0.4066,0.4071,0.4075,0.408,0.4084,0.4089,0.4093,0.4098,0.4102,0.4114,0.4136,0.4157,0.4179,0.42,0.4219,0.4238,0.4708,0.473,0.4753,0.4776,0.48,0.4772,0.4763,0.4755,0.4751,0.4748,0.4745,0.4742,0.4738,0.4761,0.4737,0.4713,0.469,0.4666,0.4643,0.462,0.4598,0.4574,0.4542,0.451,0.4479,0.4476,0.4475,0.4474,0.4473,0.4469,0.4464,0.4459,0.4455,0.445,0.4445,0.4441,0.4436,0.4431,0.4427,0.4422,0.4418,0.4417,0.4428,0.4439,0.445,0.4461,0.4472,0.4483,0.4494,0.4506,0.4517,0.4528,0.4555,0.4599,0.4598,0.4597,0.4596,0.4595,0.4594,0.4593,0.4592,0.4591,0.459,0.4589,0.4588,0.4587,0.4586,0.4585,0.4584,0.4583,0.4582,0.4581,0.458,0.4579,0.4578,0.4577,0.4576,0.4575,0.4574,0.4573,0.4572,0.4571,0.457,0.4569,0.4568,0.4567,0.4566,0.4565,0.4564,0.4563,0.4563,0.4561,0.4559,0.4557,0.4555,0.4554,0.4552,0.455,0.4548,0.4546,0.4544,0.4544,0.4546,0.4548
0.3271,0.3265,0.3258,0.3252,0.3241,0.323,0.3227,0.3238,0.325,0.3261,0.3272,0.3284,0.3295,0.3306,0.3318,0.333,0.3341,0.3353,0.3365,0.3377,0.3389,0.3401,3.559,3.2181,3.2204,3.2323,3.2429,3.2552,3.2523,3.2358,3.1837,3.1385,3.0943,3.0508,3.0085,2.9673,2.9264,2.8882,2.851,2.8146,2.779,2.7446,2.711,2.6781,2.6461,2.6148,2.5842,2.5543,2.5258,2.4982,2.4713,2.4449,2.4191,2.3938,2.369,2.3447,2.321,2.2977,2.2748,2.2525,2.2305,2.209,2.1879,2.1671,0.3763,0.3767,0.377,0.3774,0.3777,0.3781,0.3784,0.3788,0.3791,0.3795,0.3798,0.3802,0.3805,0.3809,0.3812,0.3816,0.3821,0.3825,0.3829,0.3833,0.3837,0.3841,0.3845,0.385,0.3854,0.3858,0.3862,0.3866,0.3871,0.3875,0.3879,0.3883,0.3888,0.3892,0.3896,0.3901,0.3905,0.3909,0.3914,0.3918,0.3922,0.3927,0.3931,0.3935,0.394,0.3944,0.3948,0.3953,0.3957,0.3962,0.3966,0.3971,0.3975,0.398,0.3984,0.3988,0.3993,0.3997,0.4002,0.4007,0.4011,0.4016,0.402,0.4025,0.4029,0.4034,0.4039,0.4043,0.4048,0.4052,0.4057,0.4061,0.4066,0.407,0.4075,0.4079,0.4083,0.4088,0.4092,0.4097,0.4102,0.4107,0.4128,0.415,0.4171,0.4191,0.421,0.4229,0.4247,0.4723,0.4746,0.4769,0.4792,0.4815,0.477,0.4761,0.4755,0.4752,0.4749,0.4746,0.4742,0.4752,0.4749,0.4725,0.4701,0.4678,0.4654,0.4631,0.4608,0.4586,0.4557,0.4525,0.4493,0.4479,0.4478,0.4477,0.4476,0.4472,0.4468,0.4463,0.4458,0.4454,0.4449,0.4445,0.444,0.4435,0.4431,0.4426,0.4422,0.4417,0.4425,0.4436,0.4447,0.4458,0.4469,0.448,0.4492,0.4503,0.4514,0.4526,0.4537,0.46,0.4599,0.4598,0.4597,0.4596,0.4595,0.4594,0.4593,0.4592,0.4591,0.459,0.4589,0.4588,0.4587,0.4586,0.4585,0.4584,0.4583,0.4582,0.4581,0.458,0.458,0.4579,0.4578,0.4577,0.4576,0.4575,0.4574,0.4573,0.4572,0.4571,0.457,0.4569,0.4568,0.4567,0.4566,0.4565,0.4564,0.4563,0.4562,0.456,0.4558,0.4556,0.4554,0.4552,0.455,0.4548,0.4547,0.4545,0.4547,0.4548
0.3322,0.3311,0.33,0.3289,0.3278,0.3267,0.3256,0.3265,0.3277,0.3289,0.3301,0.3314,0.3325,0.3337,0.3349,0.336,0.3372,0.3384,0.3396,3.5888,3.5324,3.4778,3.4247,3.3733,3.3335,3.2386,3.2369,3.2299,3.1624,3.1178,3.0741,3.0312,2.9894,2.9488,2.9093,2.8702,2.8336,2.7977,2.7626,2.7284,2.6952,2.6627,2.631,2.6001,2.5698,2.5403,2.5121,2.4849,2.4582,2.4321,2.4065,2.3815,2.357,2.333,2.3094,2.2864,2.2638,2.2416,2.2199,2.1986,2.1776,2.1571,2.137,2.1172,2.0978,0.3765,0.3769,0.3772,0.3776,0.3779,0.3783,0.3786,0.379,0.3793,0.3797,0.38,0.3804,0.3807,0.3811,0.3815,0.3819,0.3823,0.3828,0.3832,0.3836,0.384,0.3844,0.3848,0.3853,0.3857,0.3861,0.3865,0.3869,0.3874,0.3878,0.3882,0.3886,0.3891,0.3895,0.3899,0.3904,0.3908,0.3912,0.3916,0.3921,0.3925,0.393,0.3934,0.3938,0.3943,0.3947,0.3951,0.3956,0.396,0.3965,0.3969,0.3974,0.3978,0.3983,0.3987,0.3992,0.3996,0.4001,0.4005,0.401,0.4014,0.4019,0.4023,0.4028,0.4033,0.4037,0.4042,0.4046,0.4051,0.4056,0.406,0.4065,0.4069,0.4074,0.4078,0.4083,0.4087,0.4092,0.4096,0.4101,0.4105,0.412,0.4142,0.4163,0.4183,0.4201,0.4219,0.4238,0.4257,0.4738,0.4761,0.4784,0.4808,0.4777,0.4768,0.4759,0.4756,0.4753,0.4749,0.4746,0.4743,0.476,0.4736,0.4712,0.4689,0.4665,0.4642,0.4619,0.4597,0.4572,0.454,0.4508,0.4482,0.448,0.4479,0.4478,0.4476,0.4472,0.4467,0.4462,0.4458,0.4453,0.4448,0.4444,0.4439,0.4435,0.443,0.4425,0.4421,0.4423,0.4434,0.4444,0.4456,0.4467,0.4478,0.4489,0.45,0.4511,0.4523,0.4534,0.4594,0.4601,0.46,0.4599,0.4598,0.4597,0.4596,0.4595,0.4594,0.4593,0.4592,0.4591,0.459,0.4589,0.4588,0.4587,0.4586,0.4585,0.4584,0.4583,0.4582,0.4581,0.458,0.4579,0.4578,0.4577,0.4576,0.4575,0.4574,0.4573,0.4572,0.4571,0.457,0.4569,0.4568,0.4567,0.4566,0.4565,0.4564,0.4563,0.4562,0.456,0.4558,0.4556,0.4555,0.4553,0.4551,0.4549,0.4547,0.4547,0.4549
0.3360,0.3349,0.3338,0.3326,0.3315,0.3304,0.3293,0.3292,0.3304,0.3317,0.3329,0.3342,0.3354,0.3367,0.338,0.3392,0.3404,3.5618,3.5062,3.4523,3.4001,3.3494,3.3004,3.2682,3.2243,3.1861,3.1412,3.0972,3.0543,3.0119,2.9707,2.9305,2.8915,2.8529,2.8163,2.7809,2.7462,2.7124,2.6795,2.6475,2.6162,2.5856,2.5556,2.5264,2.4986,2.4717,2.4453,2.4195,2.3942,2.3694,2.3451,2.3214,2.2981,2.2752,2.2528,1.5933,2.2094,2.1882,2.1675,2.1472,2.1272,2.1077,2.0884,2.0695,2.051,0.3764,0.3768,0.3771,0.3775,0.3778,0.3781,0.3785,0.3788,0.3792,0.3795,0.3799,0.3802,0.3806,0.381,0.3814,0.3818,0.3822,0.3826,0.383,0.3835,0.3839,0.3843,0.3847,0.3851,0.3855,0.386,0.3864,0.3868,0.3872,0.3877,0.3881,0.3885,0.3889,0.3894,0.3898,0.3902,0.3906,0.3911,0.3915,0.3919,0.3924,0.3928,0.3933,0.3937,0.3941,0.3946,0.395,0.3955,0.3959,0.3963,0.3968,0.3972,0.3977,0.3981,0.3986,0.399,0.3995,0.3999,0.4004,0.4008,0.4013,0.4017,0.4022,0.4026,0.4031,0.4036,0.404,0.4045,0.405,0.4054,0.4059,0.4063,0.4068,0.4073,0.4077,0.4082,0.4086,0.4091,0.4095,0.41,0.4104,0.4112,0.4134,0.4155,0.4174,0.4192,0.421,0.4229,0.4248,0.4731,0.4754,0.4777,0.48,0.4784,0.4775,0.4766,0.476,0.4757,0.4753,0.475,0.4747,0.4769,0.4748,0.4724,0.47,0.4676,0.4653,0.463,0.4607,0.4585,0.4555,0.4523,0.4491,0.4483,0.4482,0.4481,0.448,0.4476,0.4471,0.4466,0.4462,0.4457,0.4452,0.4448,0.4443,0.4438,0.4434,0.4429,0.4425,0.442,0.4431,0.4442,0.4453,0.4464,0.4475,0.4486,0.4497,0.4509,0.452,0.4531,0.4576,0.4602,0.4601,0.46,0.4599,0.4598,0.4597,0.4596,0.4595,0.4594,0.4593,0.4592,0.4591,0.459,0.4589,0.4588,0.4587,0.4586,0.4585,0.4584,0.4583,0.4582,0.4581,0.458,0.458,0.4579,0.4578,0.4577,0.4576,0.4575,0.4574,0.4573,0.4572,0.4571,0.457,0.4569,0.4568,0.4567,0.4566,0.4565,0.4564,0.4563,0.4561,0.4559,0.4557,0.4555,0.4553,0.4551,0.4549,0.4548,0.455
0.3382,0.3383,0.3377,0.3365,0.3354,0.3342,0.3331,0.332,0.3332,0.3345,0.3357,0.337,0.3383,0.3396,3.5918,3.5351,3.4804,3.4273,3.3765,3.3273,3.2792,3.2358,3.2041,3.1647,3.1203,3.077,3.0347,2.9928,2.9521,2.9125,2.8739,2.8364,2.7993,2.7643,2.7302,2.6967,2.6641,2.6324,2.6014,2.5712,2.5416,2.5127,2.4853,2.4586,2.4325,2.4069,2.3819,2.3574,2.3334,2.3099,2.2868,2.2642,2.242,2.2203,2.1989,2.178,2.1575,2.1373,2.1176,2.0982,2.0791,2.0604,2.042,2.024,2.0062,1.9888,0.3766,0.377,0.3773,0.3777,0.378,0.3784,0.3787,0.3791,0.3794,0.3798,0.3801,0.3805,0.3808,0.3813,0.3817,0.3821,0.3825,0.3829,0.3833,0.3837,0.3842,0.3846,0.385,0.3854,0.3858,0.3863,0.3867,0.3871,0.3875,0.3879,0.3884,0.3888,0.3892,0.3897,0.3901,0.3905,0.3909,0.3914,0.3918,0.3922,0.3927,0.3931,0.3936,0.394,0.3944,0.3949,0.3953,0.3958,0.3962,0.3966,0.3971,0.3975,0.398,0.3984,0.3989,0.3993,0.3998,0.4002,0.4007,0.4011,0.4016,0.402,0.4025,0.403,0.4034,0.4039,0.4043,0.4048,0.4053,0.4057,0.4062,0.4067,0.4071,0.4076,0.4081,0.4085,0.409,0.4094,0.4099,0.4103,0.4108,0.4126,0.4147,0.4165,0.4183,0.4201,0.422,0.4239,0.4257,0.4746,0.4769,0.4792,0.4816,0.4782,0.4773,0.4764,0.4761,0.4757,0.4754,0.4751,0.476,0.4759,0.4735,0.4711,0.4688,0.4664,0.4641,0.4618,0.4596,0.457,0.4538,0.4506,0.4486,0.4485,0.4484,0.4483,0.448,0.4475,0.447,0.4466,0.4461,0.4456,0.4452,0.4447,0.4442,0.4438,0.4433,0.4429,0.4424,0.4428,0.4439,0.445,0.4461,0.4472,0.4483,0.4495,0.4506,0.4517,0.4529,0.4558,0.4604,0.4603,0.4602,0.4601,0.46,0.4599,0.4598,0.4597,0.4596,0.4595,0.4594,0.4593,0.4592,0.4591,0.459,0.4589,0.4588,0.4587,0.4586,0.4585,0.4584,0.4583,0.4582,0.4581,0.458,0.4579,0.4578,0.4577,0.4576,0.4575,0.4574,0.4573,0.4572,0.4571,0.457,0.4569,0.4568,0.4567,0.4566,0.4565,0.4564,0.4563,0.4561,0.4559,0.4557,0.4555,0.4554,0.4552,0.455,0.455
0.3383,0.3385,0.3387,0.3388,0.339,0.3381,0.337,0.3358,0.336,0.3373,0.3386,0.3399,3.565,3.5093,3.4562,3.4046,3.3547,3.3061,3.2583,3.21,3.175,3.1437,3.0994,3.057,3.0153,2.974,2.9338,2.8946,2.8566,2.8194,2.783,2.7479,2.7142,2.6812,2.6489,2.6176,2.5869,2.557,2.5277,2.4991,2.4721,2.4457,2.4199,2.3946,2.3698,2.3455,2.3217,2.2985,2.2756,2.2532,2.2312,2.2097,2.1886,2.1679,2.1475,2.1276,2.108,2.0887,2.0699,2.0513,2.0331,2.0152,1.9976,1.9803,1.9633,1.9466,0.3765,0.3768,0.3772,0.3775,0.3779,0.3782,0.3786,0.3789,0.3793,0.3796,0.38,0.3803,0.3807,0.3811,0.3815,0.382,0.3824,0.3828,0.3832,0.3836,0.384,0.3844,0.3849,0.3853,0.3857,0.3861,0.3865,0.387,0.3874,0.3878,0.3882,0.3887,0.3891,0.3895,0.3899,0.3904,0.3908,0.3912,0.3917,0.3921,0.3925,0.393,0.3934,0.3939,0.3943,0.3947,0.3952,0.3956,0.3961,0.3965,0.3969,0.3974,0.3978,0.3983,0.3987,0.3992,0.3996,0.4001,0.4005,0.401,0.4014,0.4019,0.4024,0.4028,0.4033,0.4037,0.4042,0.4047,0.4051,0.4056,0.4061,0.4065,0.407,0.4075,0.4079,0.4084,0.4089,0.4093,0.4098,0.4103,0.4107,0.4118,0.4138,0.4156,0.4174,0.4192,0.4211,0.4229,0.4248,0.4739,0.4762,0.4785,0.4808,0.4788,0.478,0.4771,0.4765,0.4761,0.4758,0.4755,0.4751,0.4771,0.4747,0.4723,0.4699,0.4675,0.4652,0.4629,0.4606,0.4584,0.4553,0.4521,0.449,0.4488,0.4487,0.4486,0.4484,0.4479,0.4474,0.4469,0.4465,0.446,0.4455,0.4451,0.4446,0.4442,0.4437,0.4432,0.4428,0.4426,0.4436,0.4447,0.4458,0.447,0.4481,0.4492,0.4503,0.4514,0.4526,0.4539,0.4605,0.4604,0.4603,0.4602,0.4601,0.46,0.4599,0.4598,0.4597,0.4596,0.4595,0.4594,0.4593,0.4592,0.4591,0.459,0.4589,0.4588,0.4587,0.4586,0.4585,0.4584,0.4583,0.4582,0.4581,0.458,0.458,0.4579,0.4578,0.4577,0.4576,0.4575,0.4574,0.4573,0.4572,0.4571,0.457,0.4569,0.4568,0.4567,0.4566,0.4565,0.4564,0.4562,0.456,0.4558,0.4556,0.4554,0.4552,0.4551
0.3385,0.3387,0.3388,0.339,0.3391,0.3393,0.3395,0.3396,0.3389,3.6091,3.5428,3.4857,3.4333,3.3825,3.3331,3.2852,3.2376,3.19,3.1474,3.1164,3.0791,3.0373,2.9961,2.9554,2.9157,2.877,2.8394,2.8027,2.7669,2.7317,2.6984,2.6658,2.6339,2.6029,2.5726,2.543,2.514,2.4858,2.4591,2.433,2.4074,2.3823,2.3578,2.3338,2.3102,2.2872,2.2646,2.2424,2.2206,2.1993,2.1784,2.1578,2.1377,2.1179,2.0985,2.0794,2.0607,2.0423,2.0243,2.0065,1.9891,1.972,1.9551,1.9386,1.9223,1.9063,0.3764,0.3767,0.3771,0.3774,0.3777,0.3781,0.3784,0.3788,0.3791,0.3795,0.3798,0.3802,0.3806,0.381,0.3814,0.3818,0.3822,0.3826,0.3831,0.3835,0.3839,0.3843,0.3847,0.3851,0.3856,0.386,0.3864,0.3868,0.3873,0.3877,0.3881,0.3885,0.389,0.3894,0.3898,0.3902,0.3907,0.3911,0.3915,0.392,0.3924,0.3928,0.3933,0.3937,0.3942,0.3946,0.395,0.3955,0.3959,0.3964,0.3968,0.3973,0.3977,0.3981,0.3986,0.399,0.3995,0.3999,0.4004,0.4009,0.4013,0.4018,0.4022,0.4027,0.4031,0.4036,0.4041,0.4045,0.405,0.4054,0.4059,0.4064,0.4068,0.4073,0.4078,0.4083,0.4087,0.4092,0.4097,0.4101,0.4106,0.4111,0.4129,0.4147,0.4165,0.4183,0.4202,0.422,0.4239,0.4258,0.4754,0.4777,0.48,0.4824,0.4786,0.4777,0.4769,0.4765,0.4762,0.4759,0.4755,0.4777,0.4758,0.4734,0.471,0.4687,0.4663,0.464,0.4617,0.4595,0.4568,0.4536,0.4504,0.4491,0.4489,0.4488,0.4487,0.4483,0.4478,0.4473,0.4469,0.4464,0.4459,0.4455,0.445,0.4445,0.4441,0.4436,0.4432,0.4427,0.4434,0.4445,0.4456,0.4467,0.4478,0.4489,0.45,0.4512,0.4523,0.4534,0.4596,0.4606,0.4605,0.4604,0.4603,0.4602,0.4601,0.46,0.4599,0.4598,0.4597,0.4596,0.4595,0.4594,0.4593,0.4592,0.4591,0.459,0.4589,0.4588,0.4587,0.4586,0.4585,0.4584,0.4583,0.4582,0.4581,0.458,0.4579,0.4578,0.4577,0.4576,0.4575,0.4574,0.4573,0.4572,0.4571,0.457,0.4569,0.4568,0.4567,0.4566,0.4565,0.4564,0.4562,0.456,0.4558,0.4556,0.4555,0.4553
0.3387,0.3388,0.339,0.3391,0.3393,0.3395,0.3396,2.3994,2.4252,3.4625,3.4107,3.3605,3.3118,3.2645,3.2172,3.1702,3.1243,3.089,3.0592,3.0178,2.9771,2.937,2.8978,2.8596,2.8225,2.7862,2.7508,2.7163,2.6828,2.6506,2.6191,2.5883,2.5584,2.5291,2.5005,2.4726,2.4461,2.4203,2.395,2.3702,2.3459,2.3221,2.2988,2.276,2.2536,2.2316,2.2101,2.1889,2.1682,2.1479,2.1279,2.1083,2.0891,2.0702,2.0516,2.0334,2.0155,1.9979,1.9806,1.9636,1.9469,1.9305,1.9144,1.8985,1.8829,1.8675,1.8524,0.3766,0.3769,0.3773,0.3776,0.378,0.3783,0.3787,0.379,0.3794,0.3797,0.3801,0.3805,0.3809,0.3813,0.3817,0.3821,0.3825,0.3829,0.3833,0.3838,0.3842,0.3846,0.385,0.3854,0.3859,0.3863,0.3867,0.3871,0.3875,0.388,0.3884,0.3888,0.3893,0.3897,0.3901,0.3905,0.391,0.3914,0.3918,0.3923,0.3927,0.3931,0.3936,0.394,0.3945,0.3949,0.3953,0.3958,0.3962,0.3967,0.3971,0.3976,0.398,0.3985,0.3989,0.3994,0.3998,0.4003,0.4007,0.4012,0.4016,0.4021,0.4025,0.403,0.4035,0.4039,0.4044,0.4048,0.4053,0.4058,0.4062,0.4067,0.4072,0.4076,0.4081,0.4086,0.409,0.4095,0.41,0.4105,0.411,0.4113,0.4131,0.4148,0.4166,0.4185,0.4203,0.4222,0.424,0.4278,0.4769,0.4793,0.4816,0.4793,0.4784,0.4775,0.4769,0.4766,0.4762,0.4759,0.4768,0.477,0.4746,0.4722,0.4698,0.4674,0.4651,0.4628,0.4605,0.4583,0.4551,0.4519,0.4493,0.4492,0.4491,0.449,0.4487,0.4482,0.4477,0.4473,0.4468,0.4463,0.4459,0.4454,0.4449,0.4445,0.444,0.4436,0.4431,0.4431,0.4442,0.4453,0.4464,0.4475,0.4486,0.4498,0.4509,0.452,0.4532,0.4578,0.4607,0.4606,0.4605,0.4604,0.4603,0.4602,0.4601,0.46,0.4599,0.4598,0.4597,0.4596,0.4595,0.4594,0.4593,0.4592,0.4591,0.459,0.4589,0.4588,0.4587,0.4586,0.4585,0.4584,0.4583,0.4582,0.4581,0.458,0.458,0.4579,0.4578,0.4577,0.4576,0.4575,0.4574,0.4573,0.4572,0.4571,0.457,0.4569,0.4568,0.4567,0.4566,0.4565,0.4563,0.4561,0.4559,0.4557,0.4555
0.3388,0.339,0.3392,0.3393,2.3245,2.3367,2.3569,2.3855,3.3885,3.3389,3.2908,3.2441,3.197,3.1507,3.1054,3.0641,3.0335,2.998,2.9585,2.9189,2.8801,2.8425,2.8057,2.7698,2.7348,2.7008,2.6674,2.6356,2.6044,2.574,2.5443,2.5154,2.487,2.4595,2.4334,2.4078,2.3827,2.3582,2.3341,2.3106,2.2875,2.2649,2.2427,2.221,2.1996,2.1787,2.1582,2.138,2.1182,2.0988,2.0798,2.061,2.0426,2.0246,2.0068,1.9894,1.9723,1.9554,1.9388,1.9226,1.9065,1.8908,1.8753,1.8601,1.8451,1.8303,1.8158,0.3765,0.3768,0.3771,0.3775,0.3778,0.3782,0.3785,0.3789,0.3792,0.3796,0.3799,0.3803,0.3807,0.3812,0.3816,0.382,0.3824,0.3828,0.3832,0.3836,0.3841,0.3845,0.3849,0.3853,0.3857,0.3861,0.3866,0.387,0.3874,0.3878,0.3883,0.3887,0.3891,0.3895,0.39,0.3904,0.3908,0.3913,0.3917,0.3921,0.3926,0.393,0.3934,0.3939,0.3943,0.3948,0.3952,0.3956,0.3961,0.3965,0.397,0.3974,0.3979,0.3983,0.3988,0.3992,0.3997,0.4001,0.4006,0.401,0.4015,0.4019,0.4024,0.4028,0.4033,0.4038,0.4042,0.4047,0.4052,0.4056,0.4061,0.4066,0.407,0.4075,0.408,0.4084,0.409,0.4095,0.41,0.4105,0.4111,0.4093,0.411,0.4128,0.4146,0.4164,0.4182,0.42,0.4242,0.427,0.4762,0.4785,0.4808,0.48,0.4791,0.4782,0.4773,0.477,0.4766,0.4763,0.476,0.4781,0.4757,0.4733,0.4709,0.4686,0.4662,0.4639,0.4616,0.4594,0.4566,0.4534,0.4502,0.4495,0.4494,0.4493,0.4491,0.4486,0.4481,0.4477,0.4472,0.4467,0.4463,0.4458,0.4453,0.4449,0.4444,0.4439,0.4435,0.443,0.4439,0.445,0.4461,0.4472,0.4484,0.4495,0.4506,0.4517,0.4529,0.456,0.4608,0.4607,0.4606,0.4606,0.4605,0.4604,0.4603,0.4602,0.4601,0.46,0.4599,0.4598,0.4597,0.4596,0.4595,0.4594,0.4593,0.4592,0.4591,0.459,0.4589,0.4588,0.4587,0.4586,0.4585,0.4584,0.4583,0.4582,0.4581,0.458,0.4579,0.4578,0.4577,0.4576,0.4575,0.4574,0.4573,0.4572,0.4571,0.457,0.4569,0.4568,0.4567,0.4566,0.4565,0.4563,0.4561,0.4559,0.4557
0.3390,0.3392,2.2905,2.3014,2.316,2.329,2.345,2.3619,3.2701,3.2239,3.1771,3.1315,3.0866,3.0431,3.0087,2.9791,2.9399,2.901,2.8627,2.8256,2.7892,2.7536,2.7191,2.6855,2.6527,2.6207,2.5899,2.5598,2.5305,2.5018,2.4738,2.4466,2.4207,2.3955,2.3707,2.3464,2.3225,2.2992,2.2764,2.2539,2.232,2.2104,2.1893,2.1686,2.1482,2.1282,2.1087,2.0894,2.0705,2.052,2.0337,2.0158,1.9982,1.9809,1.9639,1.9472,1.9308,1.9147,1.8988,1.8832,1.8678,1.8527,1.8378,1.8232,1.8088,1.7946,1.7806,1.7669,0.3767,0.377,0.3774,0.3777,0.378,0.3784,0.3787,0.3791,0.3794,0.3798,0.3802,0.3806,0.381,0.3814,0.3818,0.3823,0.3827,0.3831,0.3835,0.3839,0.3843,0.3848,0.3852,0.3856,0.386,0.3864,0.3869,0.3873,0.3877,0.3881,0.3886,0.389,0.3894,0.3898,0.3903,0.3907,0.3911,0.3916,0.392,0.3924,0.3929,0.3933,0.3937,0.3942,0.3946,0.3951,0.3955,0.3959,0.3964,0.3968,0.3973,0.3977,0.3982,0.3986,0.3991,0.3995,0.4,0.4004,0.4009,0.4013,0.4018,0.4022,0.4027,0.4032,0.4036,0.4041,0.4045,0.405,0.4055,0.4059,0.4064,0.4069,0.4074,0.4079,0.4084,0.409,0.4095,0.41,0.4105,0.4111,0.4118,0.4091,0.4108,0.4126,0.4144,0.4162,0.419,0.4245,0.4268,0.4754,0.4777,0.4801,0.4824,0.4798,0.4789,0.478,0.4774,0.477,0.4767,0.4764,0.4785,0.4769,0.4744,0.4721,0.4697,0.4673,0.465,0.4627,0.4604,0.4581,0.4549,0.4517,0.4498,0.4497,0.4496,0.4495,0.449,0.4485,0.4481,0.4476,0.4471,0.4466,0.4462,0.4457,0.4453,0.4448,0.4443,0.4439,0.4434,0.4437,0.4448,0.4459,0.447,0.4481,0.4492,0.4503,0.4515,0.4526,0.4542,0.461,0.4609,0.4608,0.4607,0.4606,0.4605,0.4604,0.4603,0.4602,0.4601,0.46,0.4599,0.4598,0.4597,0.4596,0.4595,0.4594,0.4593,0.4592,0.4591,0.459,0.4589,0.4588,0.4587,0.4586,0.4585,0.4584,0.4583,0.4582,0.4581,0.458,0.458,0.4579,0.4578,0.4577,0.4576,0.4575,0.4574,0.4573,0.4572,0.4571,0.457,0.4569,0.4568,0.4567,0.4566,0.4564,0.4562,0.456
2.2768,2.2753,2.2867,2.2968,2.3125,2.3312,2.3492,3.204,3.1574,3.1123,3.0682,3.0251,2.9852,2.9553,2.9217,2.8833,2.8455,2.8088,2.7728,2.7377,2.7035,2.6703,2.6379,2.606,2.5755,2.5458,2.5167,2.4884,2.4607,2.4339,2.4083,2.3832,2.3587,2.3346,2.3111,2.288,2.2653,2.2431,2.2213,2.2,2.1791,2.1585,2.1384,2.1186,2.0991,2.0801,2.0614,2.043,2.0249,2.0071,1.9897,1.9725,1.9557,1.9391,1.9228,1.9068,1.8911,1.8756,1.8603,1.8453,1.8306,1.8161,1.8018,1.7877,1.7738,1.7602,1.7468,1.7335,0.3765,0.3769,0.3772,0.3776,0.3779,0.3783,0.3786,0.379,0.3793,0.3797,0.3801,0.3805,0.3809,0.3813,0.3817,0.3821,0.3825,0.383,0.3834,0.3838,0.3842,0.3846,0.385,0.3855,0.3859,0.3863,0.3867,0.3871,0.3876,0.388,0.3884,0.3889,0.3893,0.3897,0.3901,0.3906,0.391,0.3914,0.3919,0.3923,0.3927,0.3932,0.3936,0.394,0.3945,0.3949,0.3954,0.3958,0.3963,0.3967,0.3971,0.3976,0.398,0.3985,0.3989,0.3994,0.3998,0.4003,0.4007,0.4012,0.4016,0.4021,0.4026,0.403,0.4035,0.4039,0.4044,0.4049,0.4054,0.4059,0.4064,0.4069,0.4074,0.4079,0.4084,0.409,0.4095,0.41,0.4105,0.4112,0.4118,0.4071,0.4088,0.4106,0.4123,0.4141,0.4204,0.4242,0.4266,0.4324,0.477,0.4793,0.4816,0.4805,0.4796,0.4787,0.4778,0.4774,0.4771,0.4768,0.4775,0.478,0.4756,0.4732,0.4708,0.4685,0.4661,0.4638,0.4615,0.4593,0.4564,0.4532,0.4501,0.45,0.4498,0.4497,0.4494,0.4489,0.4484,0.448,0.4475,0.447,0.4466,0.4461,0.4456,0.4452,0.4447,0.4443,0.4438,0.4434,0.4445,0.4456,0.4467,0.4478,0.4489,0.4501,0.4512,0.4523,0.4535,0.4599,0.461,0.4609,0.4608,0.4607,0.4606,0.4606,0.4605,0.4604,0.4603,0.4602,0.4601,0.46,0.4599,0.4598,0.4597,0.4596,0.4595,0.4594,0.4593,0.4592,0.4591,0.459,0.4589,0.4588,0.4587,0.4586,0.4585,0.4584,0.4583,0.4582,0.4581,0.458,0.4579,0.4578,0.4577,0.4576,0.4575,0.4574,0.4573,0.4572,0.4571,0.457,0.4569,0.4568,0.4567,0.4566,0.4564,0.4562
2.2657,2.2781,2.2841,2.2887,2.3219,2.3367,3.138,3.0934,3.0499,3.0074,2.966,2.9326,2.9032,2.8658,2.8285,2.7921,2.7566,2.7219,2.6882,2.6553,2.6233,2.592,2.5614,2.5319,2.5032,2.4751,2.4477,2.4213,2.3959,2.3711,2.3467,2.323,2.2997,2.2768,2.2544,2.2324,2.2108,2.1897,2.1689,2.1486,2.1286,2.109,2.0897,2.0708,2.0523,2.034,2.0161,1.9985,1.9812,1.9642,1.9475,1.9311,1.9149,1.8991,1.8834,1.8681,1.8529,1.8381,1.8234,1.809,1.7948,1.7809,1.7671,1.7536,1.7402,1.7271,1.7142,1.7016,0.3764,0.3767,0.3771,0.3774,0.3778,0.3781,0.3785,0.3788,0.3792,0.3795,0.38,0.3804,0.3808,0.3812,0.3816,0.382,0.3824,0.3828,0.3832,0.3837,0.3841,0.3845,0.3849,0.3853,0.3858,0.3862,0.3866,0.387,0.3874,0.3879,0.3883,0.3887,0.3891,0.3896,0.39,0.3904,0.3909,0.3913,0.3917,0.3922,0.3926,0.393,0.3935,0.3939,0.3943,0.3948,0.3952,0.3957,0.3961,0.3966,0.397,0.3974,0.3979,0.3983,0.3988,0.3992,0.3997,0.4001,0.4006,0.4011,0.4015,0.402,0.4024,0.4029,0.4033,0.4039,0.4044,0.4049,0.4054,0.4059,0.4064,0.4069,0.4074,0.4079,0.4084,0.409,0.4095,0.41,0.4105,0.4112,0.4119,0.4051,0.4068,0.4086,0.4103,0.4152,0.4216,0.4239,0.4263,0.4277,0.4762,0.4785,0.4809,0.4832,0.4803,0.4794,0.4785,0.4778,0.4775,0.4772,0.4768,0.4792,0.4768,0.4743,0.4719,0.4696,0.4672,0.4649,0.4626,0.4603,0.4579,0.4547,0.4515,0.4502,0.4501,0.45,0.4498,0.4493,0.4488,0.4484,0.4479,0.4474,0.447,0.4465,0.446,0.4456,0.4451,0.4446,0.4442,0.4437,0.4442,0.4453,0.4464,0.4475,0.4487,0.4498,0.4509,0.452,0.4532,0.458,0.4612,0.4611,0.461,0.4609,0.4608,0.4607,0.4606,0.4605,0.4604,0.4603,0.4602,0.4601,0.46,0.4599,0.4598,0.4597,0.4596,0.4595,0.4594,0.4593,0.4592,0.4591,0.459,0.4589,0.4588,0.4587,0.4586,0.4585,0.4584,0.4583,0.4582,0.4581,0.458,0.458,0.4579,0.4578,0.4577,0.4576,0.4575,0.4574,0.4573,0.4572,0.4571,0.457,0.4569,0.4568,0.4567,0.4565
2.2664,2.2768,2.2984,2.3166,2.3306,3.0748,3.0318,2.9898,2.9489,2.9103,2.8818,2.8485,2.8117,2.7757,2.7406,2.7063,2.673,2.6405,2.6088,2.5778,2.5475,2.5182,2.4897,2.462,2.4349,2.4087,2.3837,2.3591,2.335,2.3115,2.2884,2.2657,2.2435,2.2218,2.2004,2.1794,2.1589,2.1387,2.1189,2.0995,2.0804,2.0617,2.0433,2.0252,2.0074,1.99,1.9728,1.956,1.9394,1.9231,1.9071,1.8913,1.8758,1.8606,1.8456,1.8308,1.8163,1.802,1.7879,1.7741,1.7604,1.747,1.7338,1.7207,1.7079,1.6953,0,0,0,0.3766,0.377,0.3773,0.3777,0.378,0.3783,0.3787,0.379,0.3794,0.3798,0.3802,0.3806,0.3811,0.3815,0.3819,0.3823,0.3827,0.3831,0.3835,0.3839,0.3844,0.3848,0.3852,0.3856,0.386,0.3865,0.3869,0.3873,0.3877,0.3882,0.3886,0.389,0.3894,0.3899,0.3903,0.3907,0.3912,0.3916,0.392,0.3925,0.3929,0.3933,0.3938,0.3942,0.3946,0.3951,0.3955,0.396,0.3964,0.3969,0.3973,0.3978,0.3982,0.3987,0.3991,0.3996,0.4,0.4005,0.4009,0.4014,0.4018,0.4023,0.4028,0.4033,0.4039,0.4044,0.4049,0.4054,0.4059,0.4064,0.4069,0.4074,0.4079,0.4084,0.409,0.4095,0.41,0.4106,0.4112,0.4119,0.4126,0.4049,0.4066,0.4102,0.4166,0.4214,0.4237,0.426,0.4276,0.4754,0.4778,0.4801,0.4825,0.481,0.4801,0.4792,0.4783,0.4779,0.4776,0.4772,0.4792,0.4779,0.4755,0.4731,0.4707,0.4684,0.466,0.4637,0.4614,0.4592,0.4562,0.453,0.4505,0.4504,0.4503,0.4502,0.4497,0.4492,0.4488,0.4483,0.4478,0.4474,0.4469,0.4464,0.446,0.4455,0.445,0.4446,0.4441,0.444,0.4451,0.4462,0.4473,0.4484,0.4495,0.4506,0.4518,0.4529,0.4562,0.4613,0.4612,0.4611,0.461,0.4609,0.4608,0.4607,0.4606,0.4606,0.4605,0.4604,0.4603,0.4602,0.4601,0.46,0.4599,0.4598,0.4597,0.4596,0.4595,0.4594,0.4593,0.4592,0.4591,0.459,0.4589,0.4588,0.4587,0.4586,0.4585,0.4584,0.4583,0.4582,0.4581,0.458,0.4579,0.4578,0.4577,0.4576,0.4575,0.4574,0.4573,0.4572,0.4571,0.457,0.4569,0.4568,0.4567
2.2666,3.1447,3.0999,3.0563,3.0139,2.9724,2.9321,2.8928,2.8603,2.8315,2.795,2.7595,2.7248,2.691,2.658,2.6259,2.5945,2.5639,2.5339,2.5046,2.4765,2.449,2.4222,2.3964,2.3715,2.3472,2.3234,2.3,2.2772,2.2548,2.2328,2.2112,2.1901,2.1693,2.1489,2.1289,2.1093,2.0901,2.0712,2.0526,2.0343,2.0164,1.9988,1.9815,1.9645,1.9478,1.9314,1.9152,1.8993,1.8837,1.8683,1.8532,1.8383,1.8237,1.8093,1.7951,1.7811,1.7674,1.7538,1.7405,1.7273,1.7144,1.7017,1.6891,0,0,0,0,0,0.3765,0.3768,0.3772,0.3775,0.3779,0.3782,0.3786,0.3789,0.3793,0.3797,0.3801,0.3805,0.3809,0.3813,0.3817,0.3822,0.3826,0.383,0.3834,0.3838,0.3842,0.3846,0.3851,0.3855,0.3859,0.3863,0.3868,0.3872,0.3876,0.388,0.3884,0.3889,0.3893,0.3897,0.3902,0.3906,0.391,0.3915,0.3919,0.3923,0.3928,0.3932,0.3936,0.3941,0.3945,0.395,0.3954,0.3958,0.3963,0.3967,0.3972,0.3976,0.3981,0.3985,0.399,0.3994,0.3999,0.4003,0.4008,0.4013,0.4018,0.4023,0.4028,0.4033,0.4039,0.4044,0.4049,0.4054,0.4059,0.4064,0.4069,0.4074,0.4079,0.4084,0.409,0.4095,0.41,0.4106,0.4113,0.412,0.4126,0.403,0.4053,0.4115,0.418,0.4211,0.4234,0.4257,0.4274,0.4371,0.477,0.4793,0.4817,0.4817,0.4808,0.4799,0.479,0.4783,0.478,0.4776,0.4783,0.4791,0.4766,0.4742,0.4718,0.4695,0.4671,0.4648,0.4625,0.4602,0.4577,0.4545,0.4513,0.4507,0.4506,0.4505,0.4501,0.4496,0.4492,0.4487,0.4482,0.4477,0.4473,0.4468,0.4463,0.4459,0.4454,0.445,0.4445,0.444,0.4448,0.4459,0.447,0.4481,0.4492,0.4504,0.4515,0.4526,0.4544,0.4615,0.4614,0.4613,0.4612,0.4611,0.461,0.4609,0.4608,0.4607,0.4606,0.4605,0.4604,0.4603,0.4602,0.4601,0.46,0.4599,0.4598,0.4597,0.4596,0.4595,0.4594,0.4593,0.4592,0.4591,0.459,0.4589,0.4588,0.4587,0.4586,0.4585,0.4584,0.4583,0.4582,0.4581,0.458,0.458,0.4579,0.4578,0.4577,0.4576,0.4575,0.4574,0.4573,0.4572,0.4571,0.457,0.4569
3.0812,3.0381,2.9963,2.9553,2.9154,2.8765,2.839,2.8125,2.7785,2.7434,2.7092,2.6759,2.6432,2.6115,2.5804,2.5501,2.5204,2.4914,2.4634,2.4362,2.4096,2.3841,2.3596,2.3354,2.3119,2.2887,2.2661,2.2439,2.2221,2.2008,2.1798,2.1593,2.1391,2.1193,2.0998,2.0807,2.062,2.0436,2.0255,2.0077,1.9903,1.9731,1.9563,1.9397,1.9234,1.9074,1.8916,1.8761,1.8609,1.8459,1.8311,1.8166,1.8023,1.7882,1.7743,1.7606,1.7472,1.734,1.7209,1.708,1.6954,1.6829,1.6706,0,0,0,0,0,0,0,0.3767,0.377,0.3774,0.3777,0.3781,0.3784,0.3788,0.3792,0.3796,0.38,0.3804,0.3808,0.3812,0.3816,0.382,0.3824,0.3829,0.3833,0.3837,0.3841,0.3845,0.3849,0.3854,0.3858,0.3862,0.3866,0.387,0.3875,0.3879,0.3883,0.3887,0.3892,0.3896,0.39,0.3905,0.3909,0.3913,0.3918,0.3922,0.3926,0.3931,0.3935,0.3939,0.3944,0.3948,0.3953,0.3957,0.3961,0.3966,0.397,0.3975,0.3979,0.3984,0.3989,0.3994,0.3999,0.4003,0.4008,0.4013,0.4018,0.4023,0.4028,0.4033,0.4039,0.4044,0.4049,0.4054,0.4059,0.4064,0.4069,0.4074,0.4079,0.4084,0.409,0.4095,0.41,0.4106,0.4113,0.412,0.4127,0.4134,0.4066,0.4129,0.4186,0.4209,0.4231,0.4252,0.4272,0.4301,0.4762,0.4786,0.4809,0.4833,0.4815,0.4806,0.4797,0.4788,0.4783,0.478,0.4777,0.4803,0.4778,0.4754,0.473,0.4706,0.4682,0.4659,0.4636,0.4613,0.4591,0.456,0.4528,0.451,0.4509,0.4508,0.4505,0.45,0.4496,0.4491,0.4486,0.4481,0.4477,0.4472,0.4467,0.4463,0.4458,0.4453,0.4449,0.4444,0.4445,0.4456,0.4467,0.4478,0.449,0.4501,0.4512,0.4523,0.4535,0.4601,0.4615,0.4614,0.4613,0.4612,0.4611,0.461,0.4609,0.4608,0.4607,0.4606,0.4606,0.4605,0.4604,0.4603,0.4602,0.4601,0.46,0.4599,0.4598,0.4597,0.4596,0.4595,0.4594,0.4593,0.4592,0.4591,0.459,0.4589,0.4588,0.4587,0.4586,0.4585,0.4584,0.4583,0.4582,0.4581,0.458,0.4579,0.4578,0.4577,0.4576,0.4575,0.4574,0.4573,0.4572,0.4571,0.457
2.9789,2.9383,2.8989,2.8604,2.823,2.7913,2.7628,2.7279,2.6938,2.6608,2.6286,2.5972,2.5664,2.5364,2.5071,2.4784,2.4504,2.4234,2.3971,2.372,2.3477,2.3238,2.3004,2.2776,2.2551,2.2331,2.2116,2.1904,2.1697,2.1493,2.1293,2.1097,2.0904,2.0715,2.0529,2.0347,2.0167,1.9991,1.9818,1.9648,1.9481,1.9317,1.9155,1.8996,1.884,1.8686,1.8534,1.8385,1.8239,1.8094,1.7952,1.7812,1.7675,1.7539,1.7406,1.7274,1.7145,1.7017,1.6891,1.6768,1.6646,0,0,0,0,0,0,0,0,0,0.3766,0.3769,0.3773,0.3776,0.3779,0.3783,0.3786,0.379,0.3794,0.3799,0.3803,0.3807,0.3811,0.3815,0.3819,0.3823,0.3827,0.3831,0.3836,0.384,0.3844,0.3848,0.3852,0.3856,0.3861,0.3865,0.3869,0.3873,0.3878,0.3882,0.3886,0.389,0.3895,0.3899,0.3903,0.3908,0.3912,0.3916,0.3921,0.3925,0.3929,0.3934,0.3938,0.3942,0.3947,0.3951,0.3956,0.396,0.3964,0.3969,0.3974,0.3979,0.3984,0.3989,0.3994,0.3999,0.4003,0.4008,0.4013,0.4018,0.4023,0.4028,0.4033,0.4039,0.4044,0.4049,0.4054,0.4059,0.4064,0.4069,0.4074,0.4079,0.4084,0.409,0.4095,0.41,0.4107,0.4114,0.412,0.4127,0.4134,0.4079,0.4143,0.4183,0.4206,0.4225,0.4246,0.4266,0.4283,0.4754,0.4778,0.4801,0.4825,0.4822,0.4813,0.4804,0.4795,0.4787,0.4784,0.4781,0.48,0.479,0.4765,0.4741,0.4717,0.4694,0.467,0.4647,0.4624,0.4601,0.4575,0.4543,0.4513,0.4511,0.451,0.4509,0.4504,0.45,0.4495,0.449,0.4485,0.4481,0.4476,0.4471,0.4467,0.4462,0.4457,0.4453,0.4448,0.4443,0.4453,0.4465,0.4476,0.4487,0.4498,0.4509,0.4521,0.4532,0.4583,0.4617,0.4616,0.4615,0.4614,0.4613,0.4612,0.4611,0.461,0.4609,0.4608,0.4607,0.4606,0.4605,0.4604,0.4603,0.4602,0.4601,0.46,0.4599,0.4598,0.4597,0.4596,0.4595,0.4594,0.4593,0.4592,0.4591,0.459,0.4589,0.4588,0.4587,0.4586,0.4585,0.4584,0.4583,0.4582,0.4581,0.458,0.458,0.4579,0.4578,0.4577,0.4576,0.4575,0.4574,0.4573,0.4572
2.8823,2.8445,2.8076,2.7715,2.7416,2.7127,2.6791,2.6462,2.6142,2.583,2.5526,2.5229,2.4939,2.4655,2.4378,2.4109,2.3848,2.36,2.3359,2.3123,2.2891,2.2665,2.2442,2.2224,2.2011,2.1802,2.1596,2.1394,2.1196,2.1002,2.0811,2.0623,2.0439,2.0258,2.008,1.9906,1.9734,1.9565,1.9399,1.9236,1.9076,1.8918,1.8763,1.861,1.846,1.8312,1.8167,1.8023,1.7882,1.7744,1.7607,1.7472,1.734,1.721,1.7081,1.6954,1.683,1.6707,1.6585,1.6466,0,0,0,0,0,0,0,0,0,0,0.3764,0.3768,0.3771,0.3775,0.3778,0.3782,0.3785,0.3789,0.3793,0.3797,0.3801,0.3805,0.3809,0.3814,0.3818,0.3822,0.3826,0.383,0.3834,0.3838,0.3843,0.3847,0.3851,0.3855,0.3859,0.3864,0.3868,0.3872,0.3876,0.3881,0.3885,0.3889,0.3893,0.3898,0.3902,0.3906,0.3911,0.3915,0.3919,0.3924,0.3928,0.3932,0.3937,0.3941,0.3945,0.395,0.3955,0.3959,0.3964,0.3969,0.3974,0.3979,0.3984,0.3989,0.3994,0.3999,0.4003,0.4008,0.4013,0.4018,0.4023,0.4028,0.4033,0.4039,0.4044,0.4049,0.4054,0.4059,0.4064,0.4069,0.4074,0.4079,0.4084,0.409,0.4095,0.41,0.4107,0.4114,0.4121,0.4128,0.4134,0.4141,0.4156,0.418,0.42,0.422,0.424,0.426,0.428,0.442,0.477,0.4794,0.4817,0.4841,0.482,0.4811,0.4802,0.4793,0.4788,0.4785,0.4791,0.4801,0.4777,0.4753,0.4729,0.4705,0.4681,0.4658,0.4635,0.4612,0.459,0.4558,0.4526,0.4514,0.4513,0.4512,0.4508,0.4504,0.4499,0.4494,0.4489,0.4485,0.448,0.4475,0.4471,0.4466,0.4461,0.4457,0.4452,0.4447,0.4451,0.4462,0.4473,0.4484,0.4495,0.4507,0.4518,0.4529,0.4565,0.4618,0.4617,0.4616,0.4615,0.4614,0.4613,0.4612,0.4611,0.461,0.4609,0.4608,0.4607,0.4606,0.4605,0.4605,0.4604,0.4603,0.4602,0.4601,0.46,0.4599,0.4598,0.4597,0.4596,0.4595,0.4594,0.4593,0.4592,0.4591,0.459,0.4589,0.4588,0.4587,0.4586,0.4585,0.4584,0.4583,0.4582,0.4581,0.458,0.4579,0.4578,0.4577,0.4576,0.4575,0.4574,0.4573
2.7922,2.7566,2.7152,2.6978,2.6645,2.632,2.6003,2.5694,2.5391,2.5096,2.4808,2.4527,2.4252,2.3984,2.3726,2.3481,2.3243,2.3009,2.278,2.2555,2.2335,2.2119,2.1907,2.17,2.1497,2.1297,2.11,2.0907,2.0718,2.0532,2.0349,2.017,1.9993,1.982,1.965,1.9482,1.9318,1.9156,1.8997,1.884,1.8686,1.8535,1.8386,1.8239,1.8095,1.7953,1.7813,1.7675,1.754,1.7406,1.7275,1.7145,1.7018,1.6892,1.6768,1.6646,1.6526,1.6407,1.6292,0,0,0,0,0,0,0,0,0,0,0,0,0.3767,0.377,0.3773,0.3777,0.378,0.3784,0.3788,0.3792,0.3796,0.38,0.3804,0.3808,0.3812,0.3816,0.3821,0.3825,0.3829,0.3833,0.3837,0.3841,0.3845,0.385,0.3854,0.3858,0.3862,0.3866,0.3871,0.3875,0.3879,0.3883,0.3888,0.3892,0.3896,0.3901,0.3905,0.3909,0.3913,0.3918,0.3922,0.3927,0.3931,0.3935,0.394,0.3945,0.395,0.3955,0.3959,0.3964,0.3969,0.3974,0.3979,0.3984,0.3989,0.3994,0.3999,0.4003,0.4008,0.4013,0.4018,0.4023,0.4028,0.4033,0.4038,0.4044,0.4049,0.4054,0.4059,0.4064,0.4069,0.4074,0.4079,0.4084,0.409,0.4095,0.4101,0.4108,0.4114,0.4121,0.4128,0.4135,0.4142,0.4155,0.4174,0.4194,0.4214,0.4234,0.4254,0.4274,0.4348,0.4762,0.4786,0.481,0.4833,0.4827,0.4818,0.4809,0.48,0.4792,0.4789,0.4785,0.4813,0.4789,0.4764,0.474,0.4716,0.4693,0.4669,0.4646,0.4623,0.46,0.4573,0.4541,0.4517,0.4516,0.4515,0.4512,0.4507,0.4503,0.4498,0.4493,0.4489,0.4484,0.4479,0.4474,0.447,0.4465,0.4461,0.4456,0.4451,0.4448,0.4459,0.447,0.4481,0.4493,0.4504,0.4515,0.4526,0.4546,0.462,0.4619,0.4618,0.4617,0.4616,0.4615,0.4614,0.4613,0.4612,0.4611,0.461,0.4609,0.4608,0.4607,0.4606,0.4605,0.4604,0.4603,0.4602,0.4601,0.46,0.4599,0.4598,0.4597,0.4596,0.4595,0.4594,0.4593,0.4592,0.4591,0.459,0.4589,0.4588,0.4587,0.4586,0.4585,0.4584,0.4583,0.4582,0.4581,0.458,0.4579,0.4579,0.4578,0.4577,0.4576,0.4575
2.7074,2.6762,2.6501,2.6179,2.5866,2.556,2.526,2.4967,2.4681,2.4402,2.4129,2.3863,2.3606,2.3364,2.3128,2.2896,2.2669,2.2447,2.2228,2.2014,2.1804,2.1599,2.1397,2.1199,2.1004,2.0813,2.0625,2.0441,2.0259,2.0082,1.9907,1.9735,1.9566,1.94,1.9237,1.9076,1.8919,1.8763,1.8611,1.846,1.8313,1.8167,1.8024,1.7883,1.7744,1.7608,1.7473,1.7341,1.721,1.7081,1.6955,1.683,1.6707,1.6586,1.6466,1.6349,1.6234,1.6121,1.6009,0,0,0,0,0,0,0,0,0,0,0,0,0.3765,0.3769,0.3772,0.3776,0.3779,0.3783,0.3787,0.3791,0.3795,0.3799,0.3803,0.3807,0.3811,0.3815,0.3819,0.3823,0.3828,0.3832,0.3836,0.384,0.3844,0.3848,0.3853,0.3857,0.3861,0.3865,0.3869,0.3874,0.3878,0.3882,0.3886,0.3891,0.3895,0.3899,0.3904,0.3908,0.3912,0.3916,0.3921,0.3926,0.393,0.3935,0.394,0.3945,0.395,0.3955,0.3959,0.3964,0.3969,0.3974,0.3979,0.3984,0.3989,0.3994,0.3999,0.4003,0.4008,0.4013,0.4018,0.4023,0.4028,0.4033,0.4038,0.4044,0.4049,0.4054,0.4059,0.4064,0.4069,0.4074,0.4079,0.4084,0.409,0.4095,0.4101,0.4108,0.4115,0.4121,0.4128,0.4135,0.4142,0.4155,0.4174,0.4194,0.4213,0.4233,0.4253,0.4273,0.4323,0.4753,0.4777,0.4802,0.4825,0.4834,0.4825,0.4816,0.4807,0.4798,0.4793,0.4789,0.4808,0.48,0.4776,0.4752,0.4728,0.4704,0.468,0.4657,0.4634,0.4611,0.4589,0.4556,0.4524,0.4519,0.4518,0.4516,0.4511,0.4507,0.4502,0.4497,0.4493,0.4488,0.4483,0.4478,0.4474,0.4469,0.4464,0.446,0.4455,0.445,0.4456,0.4467,0.4479,0.449,0.4501,0.4512,0.4524,0.4535,0.4604,0.462,0.4619,0.4618,0.4617,0.4616,0.4615,0.4614,0.4613,0.4612,0.4611,0.461,0.4609,0.4608,0.4607,0.4606,0.4605,0.4605,0.4604,0.4603,0.4602,0.4601,0.46,0.4599,0.4598,0.4597,0.4596,0.4595,0.4594,0.4593,0.4592,0.4591,0.459,0.4589,0.4588,0.4587,0.4586,0.4585,0.4584,0.4583,0.4582,0.4581,0.458,0.4579,0.4578,0.4577,0.4576
2.6358,2.604,2.573,2.5427,2.5131,2.4841,2.4557,2.4281,2.401,2.3746,2.3487,2.3247,2.3013,2.2783,2.2558,2.2338,2.2122,2.1909,2.1701,2.1497,2.1297,2.1101,2.0908,2.0719,2.0533,2.035,2.017,1.9994,1.9821,1.965,1.9483,1.9319,1.9157,1.8997,1.8841,1.8687,1.8535,1.8387,1.824,1.8095,1.7954,1.7814,1.7676,1.754,1.7407,1.7275,1.7146,1.7018,1.6893,1.6769,1.6647,1.6526,1.6408,1.6291,1.6176,1.6064,1.5953,1.5844,0,0,0,0,0,0,0,0,0,0,0,0,0,0,0.3767,0.3771,0.3774,0.3778,0.3781,0.3785,0.3789,0.3793,0.3797,0.3802,0.3806,0.381,0.3814,0.3818,0.3822,0.3826,0.383,0.3835,0.3839,0.3843,0.3847,0.3851,0.3855,0.386,0.3864,0.3868,0.3872,0.3877,0.3881,0.3885,0.3889,0.3894,0.3898,0.3902,0.3907,0.3911,0.3916,0.3921,0.3926,0.393,0.3935,0.394,0.3945,0.395,0.3954,0.3959,0.3964,0.3969,0.3974,0.3979,0.3984,0.3989,0.3994,0.3999,0.4003,0.4008,0.4013,0.4018,0.4023,0.4028,0.4033,0.4038,0.4044,0.4049,0.4054,0.4059,0.4064,0.4069,0.4074,0.4079,0.4084,0.409,0.4095,0.4102,0.4108,0.4115,0.4122,0.4129,0.4135,0.415,0.416,0.4176,0.4196,0.4215,0.4235,0.4255,0.4275,0.437,0.4494,0.4769,0.4793,0.4818,0.4841,0.4832,0.4823,0.4814,0.4805,0.4797,0.4793,0.4799,0.4812,0.4788,0.4763,0.4739,0.4715,0.4692,0.4668,0.4645,0.4622,0.4599,0.4571,0.4539,0.4522,0.4521,0.452,0.4515,0.4511,0.4506,0.4501,0.4496,0.4492,0.4487,0.4482,0.4478,0.4473,0.4468,0.4464,0.4459,0.4454,0.4454,0.4465,0.4476,0.4487,0.4498,0.451,0.4521,0.4532,0.4585,0.4622,0.4621,0.462,0.4619,0.4618,0.4617,0.4616,0.4615,0.4614,0.4613,0.4612,0.4611,0.461,0.4609,0.4608,0.4607,0.4606,0.4605,0.4604,0.4603,0.4602,0.4601,0.46,0.4599,0.4598,0.4597,0.4596,0.4595,0.4594,0.4593,0.4592,0.4591,0.459,0.4589,0.4588,0.4587,0.4586,0.4585,0.4584,0.4583,0.4582,0.4581,0.458,0.4579,0.4579,0.4578
2.5595,2.5295,2.5002,2.4715,2.4435,2.4161,2.3893,2.3631,2.3376,2.313,2.2898,2.2671,2.2448,2.223,2.2016,2.1806,2.1599,2.1397,2.1199,2.1004,2.0814,2.0626,2.0441,2.026,2.0082,1.9907,1.9736,1.9567,1.9401,1.9237,1.9077,1.8919,1.8764,1.8611,1.8461,1.8313,1.8168,1.8024,1.7883,1.7745,1.7608,1.7474,1.7341,1.7211,1.7082,1.6955,1.6831,1.6708,1.6586,1.6467,1.6349,1.6233,1.6119,1.6007,1.5897,1.5789,1.5682,0,0,0,0,0,0,0,0,0,0,0,0,0,0,0,0.3766,0.3769,0.3773,0.3776,0.378,0.3784,0.3788,0.3792,0.3796,0.38,0.3804,0.3808,0.3813,0.3817,0.3821,0.3825,0.3829,0.3833,0.3837,0.3842,0.3846,0.385,0.3854,0.3858,0.3862,0.3867,0.3871,0.3875,0.3879,0.3884,0.3888,0.3893,0.3897,0.3902,0.3907,0.3911,0.3916,0.3921,0.3926,0.393,0.3935,0.394,0.3945,0.395,0.3954,0.3959,0.3964,0.3969,0.3974,0.3979,0.3984,0.3989,0.3994,0.3999,0.4003,0.4008,0.4013,0.4018,0.4023,0.4028,0.4033,0.4038,0.4044,0.4049,0.4054,0.4059,0.4064,0.4069,0.4074,0.4079,0.4084,0.409,0.4095,0.4102,0.4109,0.4115,0.4122,0.4129,0.4139,0.4156,0.4166,0.4178,0.4198,0.4217,0.4237,0.4257,0.428,0.4418,0.4474,0.4761,0.4785,0.4809,0.4833,0.4839,0.483,0.4821,0.4812,0.4803,0.4797,0.4794,0.4824,0.4799,0.4775,0.4751,0.4727,0.4703,0.4679,0.4656,0.4633,0.461,0.4587,0.4554,0.4525,0.4523,0.4522,0.4519,0.4515,0.451,0.4505,0.45,0.4496,0.4491,0.4486,0.4482,0.4477,0.4472,0.4468,0.4463,0.4458,0.4454,0.4462,0.4473,0.4484,0.4496,0.4507,0.4518,0.453,0.4567,0.4623,0.4622,0.4621,0.462,0.4619,0.4618,0.4617,0.4616,0.4615,0.4614,0.4613,0.4612,0.4611,0.461,0.4609,0.4608,0.4607,0.4606,0.4605,0.4605,0.4604,0.4603,0.4602,0.4601,0.46,0.4599,0.4598,0.4597,0.4596,0.4595,0.4594,0.4593,0.4592,0.4591,0.459,0.4589,0.4588,0.4587,0.4586,0.4585,0.4584,0.4583,0.4582,0.4581,0.458,0.4579
2.4875,2.4591,2.4314,2.4042,2.3777,2.3517,2.3266,2.3021,2.2785,2.256,2.2339,2.2123,2.1911,2.1703,2.1499,2.1298,2.1102,2.0908,2.0719,2.0533,2.0351,2.0171,1.9995,1.9822,1.9651,1.9484,1.9319,1.9157,1.8998,1.8842,1.8688,1.8536,1.8387,1.824,1.8096,1.7954,1.7814,1.7676,1.7541,1.7407,1.7276,1.7146,1.7019,1.6893,1.6769,1.6647,1.6527,1.6408,1.6291,1.6176,1.6063,1.5951,1.5842,1.5735,1.5628,1.5524,0,0,0,0,0,0,0,0,0,0,0,0,0,0,0,0,0.3765,0.3768,0.3772,0.3775,0.3779,0.3783,0.3787,0.3791,0.3795,0.3799,0.3803,0.3807,0.3811,0.3815,0.382,0.3824,0.3828,0.3832,0.3836,0.384,0.3844,0.3849,0.3853,0.3857,0.3861,0.3865,0.387,0.3874,0.3879,0.3883,0.3888,0.3893,0.3897,0.3902,0.3907,0.3911,0.3916,0.3921,0.3926,0.393,0.3935,0.394,0.3945,0.395,0.3954,0.3959,0.3964,0.3969,0.3974,0.3979,0.3984,0.3989,0.3994,0.3999,0.4003,0.4008,0.4013,0.4018,0.4023,0.4028,0.4033,0.4038,0.4044,0.4049,0.4054,0.4059,0.4064,0.4069,0.4074,0.4079,0.4084,0.409,0.4096,0.4102,0.4109,0.4116,0.4123,0.4129,0.4151,0.4161,0.4172,0.4182,0.42,0.4219,0.4239,0.4259,0.4325,0.4429,0.4454,0.4479,0.4777,0.4801,0.4826,0.4849,0.4837,0.4828,0.4819,0.481,0.4801,0.4798,0.4816,0.4811,0.4786,0.4762,0.4738,0.4714,0.4691,0.4667,0.4644,0.4621,0.4598,0.4569,0.4537,0.4526,0.4525,0.4524,0.4519,0.4514,0.4509,0.4504,0.45,0.4495,0.449,0.4486,0.4481,0.4476,0.4472,0.4467,0.4462,0.4458,0.4459,0.447,0.4482,0.4493,0.4504,0.4515,0.4527,0.4549,0.4625,0.4624,0.4623,0.4622,0.4621,0.462,0.4619,0.4618,0.4617,0.4616,0.4615,0.4614,0.4613,0.4612,0.4611,0.461,0.4609,0.4608,0.4607,0.4606,0.4605,0.4604,0.4603,0.4602,0.4601,0.46,0.4599,0.4598,0.4597,0.4596,0.4595,0.4594,0.4593,0.4592,0.4591,0.459,0.4589,0.4588,0.4587,0.4586,0.4585,0.4584,0.4583,0.4582,0.4581,0.458
2.4193,2.3925,2.3662,2.3406,2.3157,2.2914,2.2677,2.2449,2.2231,2.2017,2.1807,2.1601,2.1399,2.12,2.1005,2.0814,2.0626,2.0442,2.0261,2.0083,1.9908,1.9736,1.9567,1.9401,1.9238,1.9078,1.892,1.8765,1.8612,1.8462,1.8314,1.8168,1.8025,1.7884,1.7745,1.7609,1.7474,1.7342,1.7211,1.7083,1.6956,1.6831,1.6708,1.6587,1.6467,1.635,1.6234,1.6119,1.6006,1.5896,1.5787,1.568,1.5575,1.5471,1.5368,1.5267,0,0,0,0,0,0,0,0,0,0,0,0,0,0,0,0,0,0.3767,0.377,0.3774,0.3777,0.3782,0.3786,0.379,0.3794,0.3798,0.3802,0.3806,0.381,0.3814,0.3818,0.3822,0.3826,0.3831,0.3835,0.3839,0.3843,0.3847,0.3851,0.3856,0.386,0.3865,0.3869,0.3874,0.3879,0.3883,0.3888,0.3893,0.3897,0.3902,0.3907,0.3911,0.3916,0.3921,0.3926,0.393,0.3935,0.394,0.3945,0.395,0.3954,0.3959,0.3964,0.3969,0.3974,0.3979,0.3984,0.3989,0.3994,0.3999,0.4003,0.4008,0.4013,0.4018,0.4023,0.4028,0.4033,0.4038,0.4044,0.4049,0.4054,0.4059,0.4064,0.4069,0.4074,0.4079,0.4084,0.409,0.4096,0.4103,0.4109,0.4116,0.4123,0.4138,0.4157,0.4167,0.4177,0.4188,0.4202,0.4221,0.4241,0.4261,0.4372,0.441,0.4435,0.446,0.4769,0.4793,0.4817,0.4842,0.4844,0.4835,0.4826,0.4817,0.4808,0.4802,0.4807,0.4823,0.4798,0.4774,0.475,0.4726,0.4702,0.4678,0.4655,0.4632,0.4609,0.4585,0.4552,0.4529,0.4528,0.4527,0.4523,0.4518,0.4513,0.4508,0.4504,0.4499,0.4494,0.449,0.4485,0.448,0.4475,0.4471,0.4466,0.4461,0.4457,0.4468,0.4479,0.449,0.4501,0.4513,0.4524,0.4535,0.4606,0.4625,0.4624,0.4623,0.4622,0.4621,0.462,0.4619,0.4618,0.4617,0.4616,0.4615,0.4614,0.4613,0.4612,0.4611,0.461,0.4609,0.4608,0.4607,0.4606,0.4605,0.4605,0.4604,0.4603,0.4602,0.4601,0.46,0.4599,0.4598,0.4597,0.4596,0.4595,0.4594,0.4593,0.4592,0.4591,0.459,0.4589,0.4588,0.4587,0.4586,0.4585,0.4584,0.4583,0.4583
2.3548,2.3296,2.3049,2.2808,2.2574,2.2344,2.2124,2.1912,2.1704,2.15,2.1299,2.1103,2.091,2.072,2.0534,2.0351,2.0172,1.9995,1.9822,1.9652,1.9484,1.932,1.9158,1.8999,1.8842,1.8688,1.8537,1.8388,1.8241,1.8097,1.7955,1.7815,1.7677,1.7541,1.7408,1.7277,1.7147,1.7019,1.6894,1.677,1.6648,1.6527,1.6409,1.6292,1.6177,1.6063,1.5951,1.5841,1.5733,1.5627,1.5522,1.5419,1.5317,1.5216,1.5117,0,0,0,0,0,0,0,0,0,0,0,0,0,0,0,0,0,0,0.3766,0.3769,0.3772,0.3776,0.378,0.3784,0.3788,0.3792,0.3796,0.3801,0.3805,0.3809,0.3813,0.3817,0.3821,0.3825,0.3829,0.3833,0.3838,0.3842,0.3846,0.3851,0.3855,0.386,0.3865,0.3869,0.3874,0.3879,0.3883,0.3888,0.3893,0.3897,0.3902,0.3907,0.3911,0.3916,0.3921,0.3926,0.393,0.3935,0.394,0.3945,0.395,0.3954,0.3959,0.3964,0.3969,0.3974,0.3979,0.3984,0.3989,0.3994,0.3999,0.4003,0.4008,0.4013,0.4018,0.4023,0.4028,0.4033,0.4038,0.4044,0.4049,0.4054,0.4059,0.4064,0.4069,0.4074,0.4079,0.4084,0.409,0.4096,0.4103,0.411,0.4117,0.4123,0.4152,0.4163,0.4173,0.4183,0.4193,0.4204,0.4223,0.4243,0.4282,0.4366,0.4391,0.4416,0.444,0.4761,0.4785,0.4809,0.4834,0.4851,0.4842,0.4833,0.4824,0.4815,0.4806,0.4803,0.4833,0.481,0.4785,0.4761,0.4737,0.4713,0.4689,0.4666,0.4643,0.462,0.4597,0.4567,0.4535,0.4531,0.453,0.4527,0.4522,0.4517,0.4512,0.4508,0.4503,0.4498,0.4493,0.4489,0.4484,0.4479,0.4475,0.447,0.4465,0.4461,0.4465,0.4476,0.4487,0.4498,0.451,0.4521,0.4533,0.4588,0.4627,0.4626,0.4625,0.4624,0.4623,0.4622,0.4621,0.462,0.4619,0.4618,0.4617,0.4616,0.4615,0.4614,0.4613,0.4612,0.4611,0.461,0.4609,0.4608,0.4607,0.4606,0.4605,0.4604,0.4603,0.4602,0.4601,0.46,0.4599,0.4598,0.4597,0.4596,0.4595,0.4594,0.4593,0.4592,0.4591,0.459,0.4589,0.4588,0.4587,0.4586,0.4586,0.4586,0.4586
2.2942,2.2703,2.2471,2.2243,2.202,2.1808,2.1602,2.14,2.1201,2.1006,2.0815,2.0627,2.0443,2.0261,2.0083,1.9909,1.9737,1.9568,1.9402,1.9239,1.9078,1.8921,1.8765,1.8613,1.8462,1.8314,1.8169,1.8026,1.7885,1.7746,1.7609,1.7475,1.7342,1.7212,1.7083,1.6956,1.6832,1.6709,1.6587,1.6468,1.635,1.6234,1.612,1.6007,1.5896,1.5786,1.5679,1.5573,1.5469,1.5367,1.5265,1.5165,1.5067,1.4969,0,0,0,0,0,0,0,0,0,0,0,0,0,0,0,0,0,0,0,0,0.3768,0.3771,0.3775,0.3779,0.3783,0.3787,0.3791,0.3795,0.3799,0.3803,0.3807,0.3812,0.3816,0.382,0.3824,0.3828,0.3833,0.3837,0.3842,0.3846,0.3851,0.3855,0.386,0.3865,0.3869,0.3874,0.3879,0.3883,0.3888,0.3893,0.3897,0.3902,0.3907,0.3911,0.3916,0.3921,0.3926,0.393,0.3935,0.394,0.3945,0.395,0.3954,0.3959,0.3964,0.3969,0.3974,0.3979,0.3984,0.3989,0.3994,0.3999,0.4003,0.4008,0.4013,0.4018,0.4023,0.4028,0.4033,0.4038,0.4044,0.4049,0.4054,0.4059,0.4064,0.4069,0.4074,0.4079,0.4084,0.409,0.4097,0.4103,0.411,0.4117,0.4136,0.4158,0.4169,0.4179,0.4189,0.4199,0.4209,0.4225,0.4245,0.4323,0.4347,0.4372,0.4397,0.4421,0.4446,0.4777,0.4801,0.4825,0.485,0.4849,0.484,0.4831,0.4822,0.4813,0.4807,0.4824,0.4822,0.4797,0.4773,0.4748,0.4724,0.4701,0.4677,0.4654,0.4631,0.4608,0.4583,0.455,0.4534,0.4533,0.4531,0.4526,0.4521,0.4516,0.4512,0.4507,0.4502,0.4497,0.4493,0.4488,0.4483,0.4479,0.4474,0.4469,0.4465,0.4462,0.4473,0.4485,0.4496,0.4507,0.4518,0.453,0.4569,0.4628,0.4627,0.4626,0.4625,0.4624,0.4623,0.4622,0.4621,0.462,0.4619,0.4618,0.4617,0.4616,0.4615,0.4614,0.4613,0.4612,0.4611,0.461,0.4609,0.4608,0.4607,0.4606,0.4605,0.4604,0.4604,0.4603,0.4602,0.4601,0.46,0.4599,0.4598,0.4597,0.4596,0.4595,0.4594,0.4593,0.4592,0.4591,0.459,0.459,0.459,0.459,0.459,0.4589
2.2369,2.2143,2.1922,2.1705,2.1501,2.1301,2.1104,2.0911,2.0721,2.0535,2.0352,2.0172,1.9996,1.9823,1.9652,1.9485,1.932,1.9158,1.8999,1.8843,1.8689,1.8537,1.8388,1.8242,1.8097,1.7955,1.7815,1.7678,1.7542,1.7408,1.7277,1.7147,1.702,1.6894,1.677,1.6648,1.6528,1.6409,1.6292,1.6177,1.6063,1.5951,1.5841,1.5732,1.5625,1.552,1.5417,1.5315,1.5214,1.5115,1.5017,1.492,1.4825,0,0,0,0,0,0,0,0,0,0,0,0,0,0,0,0,0,0,0,0,0,0.3766,0.377,0.3774,0.3778,0.3782,0.3786,0.379,0.3794,0.3798,0.3802,0.3806,0.381,0.3814,0.3819,0.3824,0.3828,0.3833,0.3837,0.3842,0.3846,0.3851,0.3855,0.386,0.3865,0.3869,0.3874,0.3879,0.3883,0.3888,0.3893,0.3897,0.3902,0.3907,0.3911,0.3916,0.3921,0.3926,0.393,0.3935,0.394,0.3945,0.395,0.3954,0.3959,0.3964,0.3969,0.3974,0.3979,0.3984,0.3989,0.3994,0.3998,0.4003,0.4008,0.4013,0.4018,0.4023,0.4028,0.4033,0.4038,0.4044,0.4049,0.4054,0.4059,0.4064,0.4069,0.4074,0.4079,0.4084,0.409,0.4097,0.4104,0.4111,0.4121,0.4151,0.4164,0.4174,0.4184,0.4195,0.4205,0.4215,0.4227,0.4247,0.4305,0.4329,0.4354,0.4378,0.4402,0.4426,0.4768,0.4792,0.4817,0.4841,0.4856,0.4847,0.4838,0.4829,0.482,0.4811,0.4815,0.4834,0.4809,0.4784,0.476,0.4736,0.4712,0.4688,0.4665,0.4642,0.4619,0.4596,0.4565,0.4537,0.4535,0.4534,0.453,0.4525,0.452,0.4516,0.4511,0.4506,0.4501,0.4497,0.4492,0.4487,0.4483,0.4478,0.4473,0.4469,0.4464,0.4471,0.4482,0.4493,0.4504,0.4516,0.4527,0.4551,0.4627,0.4629,0.4628,0.4627,0.4626,0.4625,0.4624,0.4623,0.4622,0.4621,0.462,0.4619,0.4618,0.4617,0.4616,0.4615,0.4614,0.4613,0.4612,0.4611,0.461,0.4609,0.4608,0.4607,0.4606,0.4605,0.4604,0.4603,0.4602,0.4601,0.46,0.4599,0.4598,0.4597,0.4596,0.4595,0.4594,0.4593,0.4593,0.4593,0.4593,0.4593,0.4593,0.4593,0.4593
2.1825,2.161,2.1401,2.1202,2.1007,2.0816,2.0628,2.0444,2.0262,2.0084,1.9909,1.9737,1.9568,1.9403,1.9239,1.9079,1.8921,1.8766,1.8613,1.8463,1.8315,1.817,1.8026,1.7885,1.7747,1.761,1.7475,1.7343,1.7212,1.7084,1.6957,1.6832,1.6709,1.6588,1.6468,1.6351,1.6235,1.612,1.6007,1.5896,1.5786,1.5678,1.5572,1.5468,1.5365,1.5264,1.5164,1.5065,1.4968,1.4872,1.4777,1.4683,1.4591,0,0,0,0,0,0,0,0,0,0,0,0,0,0,0,0,0,0,0,0,0,0.3765,0.3768,0.3772,0.3776,0.378,0.3785,0.3789,0.3793,0.3797,0.3801,0.3805,0.381,0.3814,0.3819,0.3824,0.3828,0.3833,0.3837,0.3842,0.3846,0.3851,0.3855,0.386,0.3865,0.3869,0.3874,0.3879,0.3883,0.3888,0.3893,0.3897,0.3902,0.3907,0.3911,0.3916,0.3921,0.3926,0.393,0.3935,0.394,0.3945,0.395,0.3954,0.3959,0.3964,0.3969,0.3974,0.3979,0.3984,0.3989,0.3994,0.3998,0.4003,0.4008,0.4013,0.4018,0.4023,0.4028,0.4033,0.4038,0.4044,0.4049,0.4054,0.4059,0.4064,0.4069,0.4074,0.4079,0.4084,0.4091,0.4097,0.4104,0.4111,0.4135,0.416,0.417,0.418,0.419,0.42,0.4211,0.4221,0.4232,0.4263,0.4287,0.4311,0.4335,0.4359,0.4383,0.4407,0.4432,0.4784,0.4809,0.4833,0.4854,0.4854,0.4845,0.4836,0.4827,0.4818,0.4811,0.4841,0.4821,0.4796,0.4772,0.4747,0.4723,0.47,0.4676,0.4653,0.463,0.4607,0.4581,0.4548,0.4538,0.4537,0.4534,0.4529,0.4524,0.452,0.4515,0.451,0.4505,0.4501,0.4496,0.4491,0.4486,0.4482,0.4477,0.4472,0.4468,0.4468,0.4479,0.449,0.4501,0.4513,0.4524,0.4536,0.4608,0.463,0.4629,0.4628,0.4627,0.4626,0.4625,0.4624,0.4623,0.4622,0.4621,0.462,0.4619,0.4618,0.4617,0.4616,0.4615,0.4614,0.4613,0.4612,0.4611,0.461,0.4609,0.4608,0.4607,0.4606,0.4605,0.4604,0.4604,0.4603,0.4602,0.4601,0.46,0.4599,0.4598,0.4597,0.4597,0.4597,0.4597,0.4597,0.4596,0.4596,0.4596,0.4596,0.4596
2.1307,2.1105,2.0912,2.0722,2.0536,2.0353,2.0173,1.9997,1.9823,1.9653,1.9485,1.9321,1.9159,1.9,1.8843,1.8689,1.8538,1.8389,1.8242,1.8098,1.7956,1.7816,1.7678,1.7543,1.7409,1.7278,1.7148,1.702,1.6895,1.6771,1.6649,1.6528,1.641,1.6293,1.6178,1.6064,1.5952,1.5841,1.5732,1.5625,1.552,1.5416,1.5313,1.5213,1.5113,1.5015,1.4919,1.4823,1.4729,1.4636,1.4544,1.4193,0,0,0,0,0,0,0,0,0,0,0,0,0,0,0,0,0,0,0,0,0,0,0,0.3767,0.3771,0.3775,0.3779,0.3783,0.3788,0.3792,0.3797,0.3801,0.3805,0.381,0.3814,0.3819,0.3824,0.3828,0.3833,0.3837,0.3842,0.3846,0.3851,0.3855,0.386,0.3865,0.3869,0.3874,0.3879,0.3883,0.3888,0.3893,0.3897,0.3902,0.3907,0.3911,0.3916,0.3921,0.3926,0.393,0.3935,0.394,0.3945,0.395,0.3954,0.3959,0.3964,0.3969,0.3974,0.3979,0.3984,0.3989,0.3994,0.3998,0.4003,0.4008,0.4013,0.4018,0.4023,0.4028,0.4033,0.4038,0.4044,0.4049,0.4054,0.4059,0.4064,0.4069,0.4074,0.4079,0.4084,0.4091,0.4098,0.4105,0.4119,0.415,0.4166,0.4176,0.4186,0.4196,0.4206,0.4217,0.4227,0.4236,0.4245,0.4269,0.4293,0.4317,0.4341,0.4364,0.4388,0.4412,0.4776,0.48,0.4823,0.4835,0.4841,0.4844,0.4843,0.4834,0.4825,0.4816,0.4832,0.4833,0.4808,0.4783,0.4759,0.4735,0.4711,0.4687,0.4664,0.4641,0.4618,0.4595,0.4563,0.4541,0.454,0.4538,0.4533,0.4528,0.4524,0.4519,0.4514,0.4509,0.4505,0.45,0.4495,0.449,0.4486,0.4481,0.4476,0.4472,0.4467,0.4476,0.4487,0.4499,0.451,0.4521,0.4533,0.459,0.4632,0.4631,0.463,0.4629,0.4628,0.4627,0.4626,0.4625,0.4624,0.4623,0.4622,0.4621,0.462,0.4619,0.4618,0.4617,0.4616,0.4615,0.4614,0.4613,0.4612,0.4611,0.461,0.4609,0.4608,0.4607,0.4606,0.4605,0.4604,0.4603,0.4602,0.4601,0.46,0.46,0.46,0.46,0.46,0.46,0.46,0.46,0.46,0.46,0.4597,0.4595
2.0817,2.0629,2.0445,2.0263,2.0085,1.991,1.9738,1.9569,1.9403,1.924,1.9079,1.8921,1.8766,1.8614,1.8463,1.8316,1.817,1.8027,1.7886,1.7747,1.761,1.7476,1.7343,1.7213,1.7084,1.6957,1.6833,1.671,1.6588,1.6469,1.6351,1.6235,1.6121,1.6008,1.5897,1.5787,1.5679,1.5572,1.5467,1.5364,1.5262,1.5162,1.5063,1.4966,1.487,1.4775,1.4681,1.4589,1.4498,1.4407,1.4318,0,0,0,0,0,0,0,0,0,0,0,0,0,0,0,0,0,0,0,0,0,0,0,0,0.3766,0.377,0.3774,0.3779,0.3783,0.3788,0.3792,0.3797,0.3801,0.3805,0.381,0.3814,0.3819,0.3823,0.3828,0.3833,0.3837,0.3842,0.3846,0.3851,0.3855,0.386,0.3865,0.3869,0.3874,0.3879,0.3883,0.3888,0.3893,0.3897,0.3902,0.3907,0.3911,0.3916,0.3921,0.3926,0.393,0.3935,0.394,0.3945,0.395,0.3954,0.3959,0.3964,0.3969,0.3974,0.3979,0.3984,0.3989,0.3994,0.3998,0.4003,0.4008,0.4013,0.4018,0.4023,0.4028,0.4033,0.4038,0.4044,0.4049,0.4054,0.4059,0.4064,0.4069,0.4074,0.4079,0.4085,0.4092,0.4098,0.4105,0.4134,0.4161,0.4171,0.4181,0.4192,0.4202,0.4212,0.4223,0.4227,0.4232,0.4229,0.4251,0.4275,0.4299,0.4322,0.4346,0.4369,0.4393,0.4418,0.4792,0.4804,0.4817,0.4825,0.4828,0.483,0.4833,0.4832,0.4823,0.4823,0.4845,0.482,0.4795,0.477,0.4746,0.4722,0.4699,0.4675,0.4652,0.4629,0.4606,0.4579,0.4546,0.4543,0.4542,0.4537,0.4533,0.4528,0.4523,0.4518,0.4513,0.4509,0.4504,0.4499,0.4494,0.449,0.4485,0.448,0.4476,0.4471,0.4474,0.4485,0.4496,0.4507,0.4519,0.453,0.4572,0.4633,0.4632,0.4631,0.463,0.4629,0.4628,0.4627,0.4626,0.4625,0.4624,0.4623,0.4622,0.4621,0.462,0.4619,0.4618,0.4617,0.4616,0.4615,0.4614,0.4613,0.4612,0.4611,0.461,0.4609,0.4608,0.4607,0.4606,0.4605,0.4604,0.4604,0.4604,0.4604,0.4604,0.4604,0.4603,0.4603,0.4603,0.4603,0.4602,0.4599,0.4596,0.4593,0.459
2.0354,2.0174,1.9998,1.9824,1.9654,1.9486,1.9322,1.916,1.9,1.8844,1.869,1.8538,1.8389,1.8243,1.8098,1.7956,1.7816,1.7679,1.7543,1.741,1.7278,1.7148,1.7021,1.6895,1.6771,1.6649,1.6529,1.641,1.6293,1.6178,1.6064,1.5952,1.5842,1.5733,1.5625,1.5519,1.5415,1.5312,1.5211,1.5112,1.5014,1.4917,1.4822,1.4727,1.4634,1.4542,1.4452,1.4362,1.4274,1.4186,0,0,0,0,0,0,0,0,0,0,0,0,0,0,0,0,0,0,0,0,0,0,0,0,0,0,0.3775,0.3779,0.3782,0.3785,0.3788,0.3792,0.3797,0.3801,0.3805,0.381,0.3814,0.3819,0.3823,0.3828,0.3833,0.3837,0.3842,0.3846,0.3851,0.3855,0.386,0.3865,0.3869,0.3874,0.3879,0.3883,0.3888,0.3893,0.3897,0.3902,0.3907,0.3911,0.3916,0.3921,0.3926,0.393,0.3935,0.394,0.3945,0.395,0.3954,0.3959,0.3964,0.3969,0.3974,0.3979,0.3984,0.3989,0.3994,0.3998,0.4003,0.4008,0.4013,0.4018,0.4023,0.4028,0.4033,0.4038,0.4044,0.4049,0.4054,0.4059,0.4064,0.4069,0.4074,0.4079,0.4085,0.4092,0.4099,0.4118,0.4149,0.4167,0.4177,0.4187,0.4197,0.4208,0.4214,0.4219,0.4223,0.4225,0.4222,0.4234,0.4257,0.4281,0.4304,0.4327,0.4351,0.4375,0.4399,0.4774,0.4786,0.4799,0.481,0.4812,0.4815,0.4817,0.482,0.4822,0.4821,0.4849,0.4831,0.4807,0.4782,0.4758,0.4734,0.471,0.4686,0.4663,0.464,0.4617,0.4594,0.4562,0.4546,0.4545,0.4541,0.4537,0.4532,0.4527,0.4522,0.4517,0.4513,0.4508,0.4503,0.4498,0.4494,0.4489,0.4484,0.448,0.4475,0.4471,0.4482,0.4493,0.4504,0.4516,0.4527,0.4554,0.4629,0.4634,0.4633,0.4632,0.4631,0.463,0.4629,0.4628,0.4627,0.4626,0.4625,0.4624,0.4623,0.4622,0.4621,0.462,0.4619,0.4618,0.4617,0.4616,0.4615,0.4614,0.4613,0.4612,0.4611,0.461,0.4609,0.4608,0.4607,0.4607,0.4607,0.4607,0.4607,0.4607,0.4607,0.4607,0.4606,0.4603,0.46,0.4598,0.4595,0.4592,0.4589,0.4587
1.9911,1.9739,1.957,1.9404,1.9241,1.908,1.8922,1.8767,1.8614,1.8464,1.8316,1.8171,1.8027,1.7886,1.7748,1.7611,1.7476,1.7344,1.7213,1.7085,1.6958,1.6833,1.671,1.6589,1.6469,1.6352,1.6236,1.6121,1.6008,1.5897,1.5787,1.5679,1.5572,1.5467,1.5363,1.5261,1.5161,1.5062,1.4965,1.4868,1.4774,1.468,1.4588,1.4496,1.4406,1.4317,1.4229,1.4142,1.4056,0,0,0,0,0,0,0,0,0,0,0,0,0,0,0,0,0,0,0,0,0,0,0,0,0,0,0,0,0.3785,0.379,0.3794,0.3797,0.38,0.3804,0.3807,0.381,0.3813,0.3816,0.3819,0.3823,0.3828,0.3833,0.3837,0.3842,0.3846,0.3851,0.3855,0.386,0.3865,0.3869,0.3874,0.3879,0.3883,0.3888,0.3893,0.3897,0.3902,0.3907,0.3911,0.3916,0.3921,0.3926,0.393,0.3935,0.394,0.3945,0.395,0.3954,0.3959,0.3964,0.3969,0.3974,0.3979,0.3984,0.3989,0.3994,0.3998,0.4003,0.4008,0.4013,0.4018,0.4023,0.4028,0.4033,0.4038,0.4044,0.4049,0.4054,0.4059,0.4064,0.4069,0.4074,0.4079,0.4086,0.4092,0.4103,0.4133,0.4163,0.4173,0.4183,0.4193,0.4201,0.4205,0.421,0.4215,0.4219,0.4219,0.4215,0.4216,0.424,0.4263,0.4286,0.4309,0.4332,0.4356,0.438,0.4756,0.4768,0.4781,0.4793,0.4797,0.4799,0.4801,0.4804,0.4806,0.4815,0.484,0.4843,0.4818,0.4794,0.4769,0.4745,0.4721,0.4698,0.4674,0.4651,0.4628,0.4605,0.4577,0.4549,0.4548,0.4545,0.4541,0.4536,0.4531,0.4526,0.4521,0.4517,0.4512,0.4507,0.4502,0.4498,0.4493,0.4488,0.4483,0.4479,0.4474,0.4479,0.449,0.4502,0.4513,0.4524,0.4536,0.4611,0.4635,0.4634,0.4633,0.4632,0.4631,0.463,0.4629,0.4628,0.4627,0.4626,0.4625,0.4624,0.4623,0.4622,0.4621,0.462,0.4619,0.4618,0.4617,0.4616,0.4615,0.4614,0.4613,0.4612,0.4611,0.4611,0.4611,0.4611,0.4611,0.4611,0.4611,0.461,0.461,0.4607,0.4605,0.4602,0.4599,0.4596,0.4593,0.4591,0.4588,0.4587,0.4588
1.9487,1.9322,1.916,1.9001,1.8844,1.869,1.8539,1.839,1.8243,1.8099,1.7957,1.7817,1.7679,1.7544,1.741,1.7278,1.7149,1.7021,1.6896,1.6772,1.665,1.6529,1.6411,1.6294,1.6178,1.6065,1.5953,1.5842,1.5733,1.5626,1.552,1.5415,1.5312,1.5211,1.5111,1.5012,1.4915,1.482,1.4726,1.4633,1.4541,1.445,1.4361,1.4272,1.4185,1.4098,1.4013,1.3929,1.3605,0,0,0,0,0,0,0,0,0,0,0,0,0,0,0,0,0,0,0,0,0,0,0,0,0,0,0,0,0.3795,0.3796,0.3801,0.3806,0.381,0.3813,0.3816,0.382,0.3823,0.3826,0.3829,0.3832,0.3835,0.3838,0.3841,0.3845,0.3848,0.3851,0.3855,0.386,0.3865,0.3869,0.3874,0.3879,0.3883,0.3888,0.3893,0.3897,0.3902,0.3907,0.3911,0.3916,0.3921,0.3926,0.393,0.3935,0.394,0.3945,0.395,0.3954,0.3959,0.3964,0.3969,0.3974,0.3979,0.3984,0.3989,0.3994,0.3998,0.4003,0.4008,0.4013,0.4018,0.4023,0.4028,0.4033,0.4038,0.4043,0.4049,0.4054,0.4059,0.4064,0.4069,0.4074,0.4079,0.4086,0.4093,0.4117,0.4148,0.4168,0.4178,0.4188,0.4192,0.4197,0.4201,0.4206,0.4211,0.4215,0.4212,0.4209,0.4205,0.4222,0.4245,0.4268,0.4291,0.4314,0.4337,0.4361,0.4385,0.475,0.4763,0.4775,0.4781,0.4783,0.4786,0.4788,0.48,0.4812,0.483,0.4855,0.483,0.4806,0.4781,0.4757,0.4733,0.4709,0.4685,0.4662,0.4639,0.4616,0.4592,0.456,0.455,0.4549,0.4545,0.454,0.4535,0.453,0.4525,0.4521,0.4516,0.4511,0.4506,0.4502,0.4497,0.4492,0.4487,0.4483,0.4478,0.4477,0.4488,0.4499,0.451,0.4522,0.4533,0.4592,0.4637,0.4636,0.4635,0.4634,0.4633,0.4632,0.4631,0.463,0.4629,0.4628,0.4627,0.4626,0.4625,0.4624,0.4623,0.4622,0.4621,0.462,0.4619,0.4618,0.4617,0.4616,0.4615,0.4614,0.4614,0.4614,0.4614,0.4614,0.4614,0.4614,0.4612,0.4609,0.4606,0.4603,0.46,0.4598,0.4595,0.4592,0.4589,0.4586,0.4587,0.4588,0.4588
1.9081,1.8923,1.8767,1.8615,1.8464,1.8317,1.8171,1.8028,1.7887,1.7748,1.7611,1.7477,1.7344,1.7214,1.7085,1.6959,1.6834,1.6711,1.6589,1.647,1.6352,1.6236,1.6122,1.6009,1.5897,1.5788,1.568,1.5573,1.5467,1.5363,1.5261,1.516,1.5061,1.4963,1.4867,1.4772,1.4678,1.4586,1.4495,1.4405,1.4316,1.4228,1.4141,1.4055,1.397,1.3886,1.3804,1.3722,0,0,0,0,0,0,0,0,0,0,0,0,0,0,0,0,0,0,0,0,0,0,0,0,0,0,0,0,0,0,0.3806,0.3807,0.3812,0.3817,0.3822,0.3826,0.3829,0.3832,0.3836,0.3839,0.3842,0.3845,0.3848,0.3851,0.3855,0.3858,0.3861,0.3864,0.3867,0.3871,0.3874,0.3877,0.388,0.3883,0.3888,0.3893,0.3897,0.3902,0.3907,0.3911,0.3916,0.3921,0.3926,0.393,0.3935,0.394,0.3945,0.395,0.3954,0.3959,0.3964,0.3969,0.3974,0.3979,0.3984,0.3989,0.3994,0.3998,0.4003,0.4008,0.4013,0.4018,0.4023,0.4028,0.4033,0.4038,0.4043,0.4049,0.4054,0.4059,0.4064,0.4069,0.4074,0.408,0.4086,0.4102,0.4132,0.4163,0.4174,0.4179,0.4184,0.4188,0.4193,0.4197,0.4202,0.4207,0.4209,0.4205,0.4202,0.4199,0.4205,0.4228,0.425,0.4273,0.4296,0.4319,0.4342,0.4366,0.4703,0.4745,0.4757,0.4765,0.4768,0.4773,0.4785,0.4797,0.4809,0.4826,0.4857,0.4842,0.4817,0.4793,0.4768,0.4744,0.472,0.4697,0.4673,0.465,0.4627,0.4604,0.4575,0.4553,0.4552,0.4549,0.4544,0.4539,0.4534,0.4529,0.4525,0.452,0.4515,0.451,0.4506,0.4501,0.4496,0.4491,0.4487,0.4482,0.4477,0.4485,0.4496,0.4507,0.4519,0.453,0.4574,0.4638,0.4637,0.4636,0.4635,0.4634,0.4633,0.4632,0.4631,0.463,0.4629,0.4628,0.4627,0.4626,0.4625,0.4624,0.4623,0.4622,0.4621,0.462,0.4619,0.4618,0.4618,0.4618,0.4618,0.4618,0.4618,0.4618,0.4616,0.4613,0.461,0.4607,0.4605,0.4602,0.4599,0.4596,0.4593,0.4591,0.4588,0.4587,0.4587,0.4588,0.4589,0.4589
1.8691,1.854,1.8391,1.8244,1.8099,1.7957,1.7817,1.768,1.7544,1.7411,1.7279,1.715,1.7022,1.6896,1.6772,1.665,1.653,1.6411,1.6294,1.6179,1.6065,1.5953,1.5843,1.5734,1.5626,1.552,1.5415,1.5312,1.521,1.511,1.5012,1.4915,1.4819,1.4724,1.4631,1.4539,1.4449,1.4359,1.4271,1.4183,1.4097,1.4012,1.3927,1.3844,1.3762,1.3681,1.36,0,0,0,0,0,0,0,0,0,0,0,0,0,0,0,0,0,0,0,0,0,0,0,0,0,0,0,0,0,0,0,0,0.3816,0.3818,0.3823,0.3828,0.3833,0.3838,0.3842,0.3846,0.3849,0.3852,0.3855,0.3858,0.3861,0.3865,0.3868,0.3871,0.3874,0.3877,0.3881,0.3884,0.3887,0.389,0.3894,0.3897,0.39,0.3903,0.3907,0.391,0.3913,0.3916,0.3921,0.3926,0.393,0.3935,0.394,0.3945,0.395,0.3954,0.3959,0.3964,0.3969,0.3974,0.3979,0.3984,0.3989,0.3994,0.3998,0.4003,0.4008,0.4013,0.4018,0.4023,0.4028,0.4033,0.4038,0.4043,0.4049,0.4054,0.4059,0.4064,0.4069,0.4074,0.408,0.4087,0.4116,0.4147,0.4166,0.4171,0.4175,0.418,0.4184,0.4189,0.4193,0.4198,0.4203,0.4202,0.4199,0.4196,0.4192,0.4189,0.421,0.4233,0.4255,0.4278,0.4301,0.4324,0.4347,0.4371,0.4654,0.4723,0.475,0.4759,0.4771,0.4782,0.4794,0.4806,0.4822,0.4848,0.4854,0.4829,0.4804,0.478,0.4756,0.4732,0.4708,0.4684,0.4661,0.4638,0.4615,0.459,0.4558,0.4555,0.4553,0.4548,0.4543,0.4538,0.4533,0.4529,0.4524,0.4519,0.4514,0.451,0.4505,0.45,0.4495,0.4491,0.4486,0.4481,0.4482,0.4493,0.4505,0.4516,0.4527,0.4556,0.4632,0.4639,0.4638,0.4637,0.4636,0.4635,0.4634,0.4633,0.4632,0.4631,0.463,0.4629,0.4628,0.4627,0.4626,0.4625,0.4624,0.4623,0.4622,0.4621,0.4621,0.4621,0.4621,0.4621,0.462,0.4617,0.4615,0.4612,0.4609,0.4606,0.4603,0.46,0.4598,0.4595,0.4592,0.4589,0.4587,0.4587,0.4587,0.4588,0.4589,0.4589,0.459
1.8317,1.8172,1.8028,1.7887,1.7748,1.7612,1.7477,1.7345,1.7214,1.7086,1.6959,1.6834,1.6711,1.659,1.647,1.6353,1.6237,1.6122,1.6009,1.5898,1.5788,1.568,1.5573,1.5468,1.5364,1.5261,1.516,1.5061,1.4963,1.4866,1.4771,1.4677,1.4584,1.4493,1.4403,1.4314,1.4226,1.4139,1.4054,1.3969,1.3885,1.3802,1.372,1.364,1.356,1.3481,0,0,0,0,0,0,0,0,0,0,0,0,0,0,0,0,0,0,0,0,0,0,0,0,0,0,0,0,0,0,0,0,0,0.3829,0.3827,0.3829,0.3834,0.3839,0.3844,0.3849,0.3854,0.3859,0.3862,0.3865,0.3868,0.3871,0.3875,0.3878,0.3881,0.3884,0.3888,0.3891,0.3894,0.3897,0.39,0.3904,0.3907,0.391,0.3914,0.3917,0.392,0.3923,0.3927,0.393,0.3933,0.3937,0.394,0.3943,0.3947,0.395,0.3954,0.3959,0.3964,0.3969,0.3974,0.3979,0.3984,0.3989,0.3994,0.3998,0.4003,0.4008,0.4013,0.4018,0.4023,0.4028,0.4033,0.4038,0.4043,0.4049,0.4054,0.4059,0.4064,0.4069,0.4074,0.408,0.41,0.4131,0.4158,0.4166,0.4169,0.4172,0.4176,0.418,0.4185,0.419,0.4194,0.4199,0.4196,0.4192,0.4189,0.4186,0.4187,0.4194,0.4215,0.4237,0.426,0.4283,0.4306,0.4329,0.4352,0.4553,0.4623,0.4723,0.4756,0.4768,0.478,0.4792,0.4804,0.4819,0.484,0.4866,0.4841,0.4816,0.4792,0.4767,0.4743,0.4719,0.4695,0.4672,0.4649,0.4626,0.4603,0.4573,0.4558,0.4557,0.4552,0.4547,0.4542,0.4538,0.4533,0.4528,0.4523,0.4518,0.4514,0.4509,0.4504,0.4499,0.4495,0.449,0.4485,0.448,0.4491,0.4502,0.4513,0.4525,0.4538,0.4613,0.464,0.4639,0.4638,0.4637,0.4636,0.4635,0.4634,0.4633,0.4632,0.4631,0.463,0.4629,0.4628,0.4627,0.4626,0.4625,0.4625,0.4625,0.4625,0.4625,0.4624,0.4622,0.4619,0.4616,0.4613,0.461,0.4608,0.4605,0.4602,0.4599,0.4596,0.4594,0.4591,0.4588,0.4586,0.4587,0.4588,0.4588,0.4589,0.459,0.459,0.4591
1.7958,1.7818,1.768,1.7545,1.7411,1.728,1.715,1.7022,1.6897,1.6773,1.6651,1.653,1.6412,1.6295,1.6179,1.6066,1.5954,1.5843,1.5734,1.5627,1.5521,1.5416,1.5313,1.5211,1.511,1.5011,1.4914,1.4818,1.4723,1.463,1.4538,1.4447,1.4358,1.4269,1.4182,1.4096,1.401,1.3926,1.3843,1.3761,1.3679,1.3599,1.352,1.3441,1.3364,1.3064,0,0,0,0,0,0,0,0,0,0,0,0,0,0,0,0,0,0,0,0,0,0,0,0,0,0,0,0,0,0,0,0,0,0,0.384,0.3837,0.384,0.3845,0.385,0.3855,0.386,0.3865,0.3871,0.3875,0.3878,0.3882,0.3885,0.3888,0.3891,0.3894,0.3898,0.3901,0.3904,0.3907,0.3911,0.3914,0.3917,0.3921,0.3924,0.3927,0.393,0.3934,0.3937,0.394,0.3944,0.3947,0.395,0.3954,0.3957,0.396,0.3964,0.3967,0.397,0.3974,0.3977,0.3981,0.3984,0.3989,0.3994,0.3998,0.4003,0.4008,0.4013,0.4018,0.4023,0.4028,0.4033,0.4038,0.4043,0.4049,0.4054,0.4059,0.4064,0.4069,0.4074,0.4085,0.4115,0.4141,0.4162,0.4166,0.4169,0.4172,0.4175,0.4179,0.4182,0.4186,0.419,0.4193,0.4189,0.4189,0.4189,0.419,0.419,0.4191,0.4202,0.4222,0.4242,0.4265,0.4288,0.4311,0.4334,0.4358,0.4543,0.4652,0.4753,0.4765,0.4777,0.4789,0.4801,0.4815,0.4836,0.4865,0.4853,0.4828,0.4803,0.4779,0.4755,0.4731,0.4707,0.4683,0.466,0.4637,0.4614,0.4588,0.4561,0.456,0.4556,0.4551,0.4546,0.4542,0.4537,0.4532,0.4527,0.4522,0.4518,0.4513,0.4508,0.4503,0.4499,0.4494,0.4489,0.4484,0.4488,0.4499,0.451,0.4522,0.4533,0.4595,0.4642,0.4641,0.464,0.4639,0.4638,0.4637,0.4636,0.4635,0.4634,0.4633,0.4632,0.4631,0.463,0.4629,0.4629,0.4628,0.4628,0.4628,0.4626,0.4623,0.462,0.4617,0.4615,0.4612,0.4609,0.4606,0.4603,0.4601,0.4598,0.4595,0.4592,0.4589,0.4587,0.4587,0.4587,0.4588,0.4589,0.4589,0.459,0.459,0.4591,0.4592
1.7612,1.7478,1.7345,1.7215,1.7086,1.6959,1.6835,1.6712,1.659,1.6471,1.6353,1.6237,1.6123,1.601,1.5898,1.5789,1.568,1.5574,1.5468,1.5364,1.5262,1.5161,1.5061,1.4962,1.4866,1.477,1.4676,1.4583,1.4492,1.4402,1.4313,1.4225,1.4138,1.4052,1.3967,1.3884,1.3801,1.3719,1.3638,1.3558,1.348,1.3402,1.3324,1.3248,1.3173,0,0,0,0,0,0,0,0,0,0,0,0,0,0,0,0,0,0,0,0,0,0,0,0,0,0,0,0,0,0,0,0,0,0,0,0,0.3851,0.3848,0.3851,0.3856,0.3861,0.3866,0.3871,0.3877,0.3882,0.3887,0.3892,0.3895,0.3898,0.3901,0.3905,0.3908,0.3911,0.3914,0.3918,0.3921,0.3924,0.3928,0.3931,0.3934,0.3938,0.3941,0.3944,0.3947,0.3951,0.3954,0.3957,0.3961,0.3964,0.3968,0.3971,0.3974,0.3978,0.3981,0.3984,0.3988,0.3991,0.3995,0.3998,0.4001,0.4005,0.4008,0.4012,0.4015,0.4019,0.4023,0.4028,0.4033,0.4038,0.4043,0.4049,0.4054,0.4059,0.4064,0.4069,0.4074,0.4099,0.4124,0.415,0.4162,0.4165,0.4168,0.4172,0.4175,0.4178,0.4182,0.4185,0.4188,0.4192,0.4192,0.4192,0.4193,0.4193,0.4194,0.4194,0.4195,0.4211,0.423,0.4249,0.427,0.4292,0.4316,0.4339,0.4465,0.4584,0.4737,0.4762,0.4774,0.4786,0.4798,0.4812,0.4833,0.4856,0.4865,0.484,0.4815,0.4791,0.4766,0.4742,0.4718,0.4694,0.4671,0.4648,0.4625,0.4602,0.4571,0.4563,0.456,0.4555,0.455,0.4546,0.4541,0.4536,0.4531,0.4526,0.4522,0.4517,0.4512,0.4507,0.4503,0.4498,0.4493,0.4488,0.4485,0.4496,0.4508,0.4519,0.453,0.4576,0.4643,0.4642,0.4641,0.464,0.4639,0.4638,0.4637,0.4636,0.4635,0.4634,0.4633,0.4632,0.4632,0.4632,0.4632,0.463,0.4627,0.4625,0.4622,0.4619,0.4616,0.4613,0.461,0.4608,0.4605,0.4602,0.4599,0.4596,0.4594,0.4591,0.4588,0.4586,0.4587,0.4587,0.4588,0.4589,0.4589,0.459,0.4591,0.4591,0.4592,0.4593
1.7280,1.715,1.7023,1.6897,1.6773,1.6651,1.6531,1.6412,1.6295,1.618,1.6066,1.5954,1.5844,1.5735,1.5627,1.5521,1.5416,1.5313,1.5211,1.5111,1.5012,1.4914,1.4818,1.4723,1.4629,1.4537,1.4446,1.4356,1.4268,1.418,1.4094,1.4009,1.3925,1.3841,1.3759,1.3678,1.3598,1.3518,1.344,1.3362,1.3286,1.321,1.3135,1.3061,0,0,0,0,0,0,0,0,0,0,0,0,0,0,0,0,0,0,0,0,0,0,0,0,0,0,0,0,0,0,0,0,0,0,0,0,0,0.3864,0.3861,0.3859,0.3862,0.3867,0.3872,0.3877,0.3883,0.3888,0.3893,0.3898,0.3904,0.3908,0.3912,0.3915,0.3918,0.3921,0.3925,0.3928,0.3931,0.3935,0.3938,0.3941,0.3945,0.3948,0.3951,0.3955,0.3958,0.3961,0.3965,0.3968,0.3971,0.3975,0.3978,0.3982,0.3985,0.3988,0.3992,0.3995,0.3999,0.4002,0.4005,0.4009,0.4012,0.4016,0.4019,0.4023,0.4026,0.403,0.4033,0.4036,0.404,0.4043,0.4047,0.405,0.4054,0.4059,0.4064,0.4069,0.4083,0.4108,0.4133,0.4158,0.4162,0.4165,0.4168,0.4171,0.4175,0.4178,0.4181,0.4183,0.4185,0.419,0.4195,0.4196,0.4196,0.4197,0.4197,0.4198,0.4198,0.42,0.4219,0.4238,0.4258,0.4277,0.4297,0.4321,0.439,0.4517,0.4704,0.4759,0.4771,0.4783,0.4795,0.4808,0.4829,0.4851,0.4877,0.4852,0.4827,0.4802,0.4778,0.4754,0.4729,0.4706,0.4682,0.4659,0.4636,0.4613,0.4586,0.4566,0.4564,0.4559,0.4555,0.455,0.4545,0.454,0.4535,0.453,0.4526,0.4521,0.4516,0.4511,0.4507,0.4502,0.4497,0.4492,0.4488,0.4494,0.4505,0.4516,0.4528,0.4558,0.4634,0.4644,0.4643,0.4642,0.4641,0.464,0.4639,0.4638,0.4637,0.4636,0.4636,0.4636,0.4635,0.4632,0.4629,0.4626,0.4623,0.462,0.4618,0.4615,0.4612,0.4609,0.4606,0.4603,0.4601,0.4598,0.4595,0.4592,0.459,0.4587,0.4586,0.4587,0.4588,0.4588,0.4589,0.459,0.459,0.4591,0.4592,0.4592,0.4593,0.4594
1.6960,1.6835,1.6712,1.6591,1.6471,1.6354,1.6237,1.6123,1.601,1.5899,1.5789,1.5681,1.5574,1.5469,1.5365,1.5262,1.5161,1.5061,1.4963,1.4865,1.477,1.4676,1.4583,1.4491,1.44,1.4311,1.4223,1.4136,1.4051,1.3966,1.3882,1.38,1.3718,1.3637,1.3557,1.3478,1.34,1.3323,1.3247,1.3172,1.3097,1.3023,1.2951,0,0,0,0,0,0,0,0,0,0,0,0,0,0,0,0,0,0,0,0,0,0,0,0,0,0,0,0,0,0,0,0,0,0,0,0,0,0,0,0.3875,0.3872,0.387,0.3873,0.3878,0.3883,0.3889,0.3894,0.3899,0.3904,0.391,0.3915,0.392,0.3925,0.3929,0.3932,0.3935,0.3938,0.3942,0.3945,0.3948,0.3952,0.3955,0.3958,0.3962,0.3965,0.3969,0.3972,0.3975,0.3979,0.3982,0.3985,0.3989,0.3992,0.3996,0.3999,0.4002,0.4006,0.4009,0.4013,0.4016,0.402,0.4023,0.4027,0.403,0.4034,0.4037,0.404,0.4044,0.4047,0.4051,0.4054,0.4058,0.4062,0.4065,0.4068,0.407,0.4072,0.4091,0.4116,0.4141,0.4158,0.4161,0.4165,0.4168,0.4171,0.4174,0.4176,0.4178,0.4179,0.4183,0.4188,0.4193,0.4197,0.42,0.42,0.4201,0.4201,0.4201,0.4202,0.4208,0.4227,0.4247,0.4266,0.4286,0.4306,0.4326,0.4452,0.4672,0.4742,0.4768,0.478,0.4792,0.4804,0.4826,0.4847,0.4873,0.4864,0.4839,0.4814,0.4789,0.4765,0.4741,0.4717,0.4693,0.467,0.4647,0.4624,0.4601,0.4569,0.4567,0.4563,0.4559,0.4554,0.4549,0.4544,0.4539,0.4534,0.453,0.4525,0.452,0.4515,0.4511,0.4506,0.4501,0.4496,0.4492,0.4491,0.4502,0.4513,0.4525,0.454,0.4616,0.4645,0.4644,0.4643,0.4642,0.4641,0.464,0.4639,0.4639,0.4639,0.4636,0.4633,0.463,0.4628,0.4625,0.4622,0.4619,0.4616,0.4613,0.4611,0.4608,0.4605,0.4602,0.4599,0.4597,0.4594,0.4591,0.4588,0.4586,0.4586,0.4587,0.4588,0.4588,0.4589,0.459,0.459,0.4591,0.4592,0.4592,0.4593,0.4594,0.4594
1.6651,1.6531,1.6413,1.6296,1.618,1.6067,1.5954,1.5844,1.5735,1.5628,1.5521,1.5417,1.5314,1.5212,1.5111,1.5012,1.4914,1.4817,1.4722,1.4629,1.4536,1.4445,1.4355,1.4266,1.4179,1.4093,1.4008,1.3923,1.384,1.3758,1.3677,1.3596,1.3517,1.3439,1.3361,1.3284,1.3209,1.3134,1.306,1.2986,1.2914,1.2842,1.2565,0,0,0,0,0,0,0,0,0,0,0,0,0,0,0,0,0,0,0,0,0,0,0,0,0,0,0,0,0,0,0,0,0,0,0,0,0,0,0,0.3888,0.3886,0.3883,0.388,0.3884,0.3889,0.3895,0.39,0.3905,0.391,0.3916,0.3921,0.3926,0.3932,0.3937,0.3942,0.3946,0.3949,0.3952,0.3956,0.3959,0.3962,0.3966,0.3969,0.3972,0.3976,0.3979,0.3983,0.3986,0.3989,0.3993,0.3996,0.4,0.4003,0.4006,0.401,0.4013,0.4017,0.402,0.4024,0.4027,0.4031,0.4034,0.4037,0.4041,0.4044,0.4048,0.4051,0.4055,0.4058,0.4062,0.4064,0.4066,0.4068,0.407,0.4072,0.4074,0.4076,0.41,0.4124,0.415,0.4158,0.4161,0.4164,0.4167,0.4169,0.4171,0.4172,0.4174,0.4176,0.4181,0.4186,0.419,0.4195,0.42,0.4204,0.4204,0.4204,0.4205,0.4205,0.4206,0.4217,0.4236,0.4255,0.4275,0.4294,0.4314,0.4389,0.464,0.471,0.4766,0.4778,0.4789,0.4801,0.4822,0.4843,0.4865,0.4876,0.4851,0.4826,0.4801,0.4777,0.4752,0.4728,0.4705,0.4681,0.4658,0.4635,0.4612,0.4584,0.457,0.4568,0.4563,0.4558,0.4553,0.4548,0.4543,0.4538,0.4534,0.4529,0.4524,0.4519,0.4515,0.451,0.4505,0.45,0.4496,0.4491,0.4499,0.4511,0.4522,0.4533,0.4597,0.4647,0.4646,0.4645,0.4644,0.4643,0.4643,0.464,0.4638,0.4635,0.4632,0.4629,0.4626,0.4623,0.462,0.4618,0.4615,0.4612,0.4609,0.4606,0.4604,0.4601,0.4598,0.4595,0.4592,0.459,0.4587,0.4586,0.4587,0.4587,0.4588,0.4589,0.4589,0.459,0.4591,0.4591,0.4592,0.4593,0.4593,0.4594,0.4595,0.4595
1.6354,1.6238,1.6123,1.6011,1.5899,1.5789,1.5681,1.5574,1.5469,1.5365,1.5263,1.5161,1.5062,1.4963,1.4866,1.477,1.4675,1.4582,1.449,1.44,1.431,1.4222,1.4135,1.4049,1.3965,1.3881,1.3798,1.3716,1.3636,1.3556,1.3477,1.3399,1.3322,1.3246,1.317,1.3096,1.3022,1.295,1.2878,1.2806,1.2736,1.2666,0,0,0,0,0,0,0,0,0,0,0,0,0,0,0,0,0,0,0,0,0,0,0,0,0,0,0,0,0,0,0,0,0,0,0,0,0,0,0,0,0,0.3899,0.3897,0.3894,0.3891,0.3895,0.3901,0.3906,0.3911,0.3917,0.3922,0.3927,0.3933,0.3938,0.3943,0.3949,0.3954,0.3959,0.3963,0.3966,0.3969,0.3973,0.3976,0.398,0.3983,0.3986,0.399,0.3993,0.3997,0.4,0.4003,0.4007,0.401,0.4014,0.4017,0.4021,0.4024,0.4028,0.4031,0.4035,0.4038,0.4041,0.4045,0.4048,0.4052,0.4055,0.4058,0.406,0.4062,0.4064,0.4066,0.4068,0.407,0.4072,0.4074,0.4076,0.4078,0.4085,0.4109,0.4133,0.4154,0.4157,0.416,0.4162,0.4164,0.4166,0.4167,0.4169,0.4171,0.4174,0.4179,0.4183,0.4188,0.4193,0.4198,0.4203,0.4207,0.4208,0.4208,0.4209,0.4209,0.421,0.4225,0.4244,0.4264,0.4283,0.4303,0.4327,0.4535,0.4677,0.4748,0.4775,0.4787,0.4799,0.4818,0.484,0.4861,0.4888,0.4863,0.4838,0.4813,0.4788,0.4764,0.474,0.4716,0.4692,0.4669,0.4646,0.4623,0.4599,0.4573,0.4572,0.4567,0.4562,0.4557,0.4552,0.4547,0.4543,0.4538,0.4533,0.4528,0.4523,0.4519,0.4514,0.4509,0.4504,0.45,0.4495,0.4497,0.4508,0.4519,0.4531,0.4579,0.4648,0.4647,0.4646,0.4645,0.4642,0.4639,0.4636,0.4633,0.463,0.4628,0.4625,0.4622,0.4619,0.4616,0.4613,0.4611,0.4608,0.4605,0.4602,0.4599,0.4597,0.4594,0.4591,0.4588,0.4586,0.4586,0.4587,0.4587,0.4588,0.4589,0.4589,0.459,0.4591,0.4591,0.4592,0.4593,0.4593,0.4594,0.4595,0.4595,0.4596
1.6067,1.5955,1.5844,1.5735,1.5628,1.5522,1.5417,1.5314,1.5212,1.5112,1.5012,1.4914,1.4818,1.4722,1.4628,1.4536,1.4445,1.4355,1.4266,1.4178,1.4091,1.4006,1.3922,1.3839,1.3756,1.3675,1.3595,1.3516,1.3437,1.336,1.3283,1.3207,1.3132,1.3058,1.2985,1.2913,1.2841,1.277,1.27,1.2631,1.2563,0,0,0,0,0,0,0,0,0,0,0,0,0,0,0,0,0,0,0,0,0,0,0,0,0,0,0,0,0,0,0,0,0,0,0,0,0,0,0,0,0,0,0,0.391,0.3908,0.3905,0.3902,0.3907,0.3912,0.3917,0.3923,0.3928,0.3933,0.3939,0.3944,0.395,0.3955,0.3961,0.3966,0.3971,0.3977,0.398,0.3983,0.3987,0.399,0.3994,0.3997,0.4001,0.4004,0.4007,0.4011,0.4014,0.4018,0.4021,0.4025,0.4028,0.4032,0.4035,0.4038,0.4042,0.4045,0.4049,0.4052,0.4054,0.4056,0.4058,0.406,0.4062,0.4064,0.4066,0.4068,0.407,0.4072,0.4074,0.4076,0.4078,0.408,0.4082,0.4094,0.4118,0.4142,0.4153,0.4155,0.4157,0.4159,0.416,0.4162,0.4164,0.4166,0.4168,0.4172,0.4176,0.4181,0.4186,0.4191,0.4196,0.4201,0.4206,0.4211,0.4212,0.4212,0.4213,0.4213,0.4214,0.4233,0.4253,0.4272,0.4292,0.4312,0.447,0.4646,0.4715,0.4772,0.4784,0.4796,0.4815,0.4836,0.4858,0.4881,0.4875,0.485,0.4825,0.48,0.4776,0.4751,0.4727,0.4704,0.468,0.4657,0.4634,0.4611,0.4582,0.4575,0.4571,0.4566,0.4561,0.4556,0.4551,0.4547,0.4542,0.4537,0.4532,0.4527,0.4523,0.4518,0.4513,0.4508,0.4503,0.4499,0.4494,0.4505,0.4516,0.4528,0.4561,0.4637,0.4646,0.4643,0.464,0.4638,0.4635,0.4632,0.4629,0.4626,0.4623,0.4621,0.4618,0.4615,0.4612,0.4609,0.4607,0.4604,0.4601,0.4598,0.4595,0.4592,0.459,0.4587,0.4586,0.4586,0.4587,0.4588,0.4588,0.4589,0.459,0.459,0.4591,0.4592,0.4592,0.4593,0.4594,0.4594,0.4595,0.4596,0.4596,0.4597
1.5790,1.5682,1.5575,1.5469,1.5366,1.5263,1.5162,1.5062,1.4964,1.4866,1.477,1.4675,1.4582,1.449,1.4399,1.431,1.4221,1.4134,1.4048,1.3963,1.3879,1.3797,1.3715,1.3634,1.3555,1.3476,1.3398,1.3321,1.3245,1.3169,1.3095,1.3021,1.2948,1.2876,1.2805,1.2735,1.2665,1.2596,1.2528,1.2461,0,0,0,0,0,0,0,0,0,0,0,0,0,0,0,0,0,0,0,0,0,0,0,0,0,0,0,0,0,0,0,0,0,0,0,0,0,0,0,0,0,0,0,0,0.3924,0.3921,0.3919,0.3916,0.3913,0.3918,0.3923,0.3929,0.3934,0.394,0.3945,0.395,0.3956,0.3961,0.3967,0.3972,0.3978,0.3983,0.3989,0.3994,0.3998,0.4001,0.4004,0.4008,0.4011,0.4015,0.4018,0.4022,0.4025,0.4029,0.4032,0.4036,0.4039,0.4042,0.4046,0.4049,0.4051,0.4052,0.4054,0.4056,0.4058,0.406,0.4062,0.4064,0.4066,0.4068,0.407,0.4072,0.4074,0.4076,0.4078,0.408,0.4082,0.4084,0.4086,0.4103,0.4127,0.4151,0.415,0.4152,0.4154,0.4155,0.4157,0.4159,0.4161,0.4163,0.4165,0.4169,0.4174,0.4179,0.4184,0.4189,0.4194,0.4199,0.4204,0.4209,0.4214,0.4216,0.4216,0.4216,0.4217,0.4223,0.4242,0.4261,0.4281,0.4301,0.4406,0.4614,0.4683,0.4754,0.4781,0.4793,0.4811,0.4833,0.4854,0.4876,0.4887,0.4862,0.4837,0.4812,0.4787,0.4763,0.4739,0.4715,0.4691,0.4668,0.4645,0.4622,0.4597,0.4578,0.4575,0.457,0.4565,0.456,0.4555,0.4551,0.4546,0.4541,0.4536,0.4531,0.4527,0.4522,0.4517,0.4512,0.4507,0.4503,0.4498,0.4502,0.4514,0.4525,0.4542,0.4618,0.4642,0.4639,0.4636,0.4633,0.4631,0.4628,0.4625,0.4622,0.4619,0.4616,0.4614,0.4611,0.4608,0.4605,0.4602,0.46,0.4597,0.4594,0.4591,0.4588,0.4586,0.4586,0.4587,0.4587,0.4588,0.4589,0.4589,0.459,0.4591,0.4591,0.4592,0.4593,0.4593,0.4594,0.4595,0.4595,0.4596,0.4597,0.4597,0.4598
1.5522,1.5418,1.5314,1.5212,1.5112,1.5013,1.4915,1.4818,1.4723,1.4629,1.4536,1.4444,1.4354,1.4265,1.4178,1.4091,1.4005,1.392,1.3837,1.3755,1.3674,1.3594,1.3514,1.3436,1.3358,1.3282,1.3206,1.3131,1.3057,1.2984,1.2912,1.284,1.2769,1.2699,1.263,1.2561,1.2494,1.2427,1.236,1.2102,0,0,0,0,0,0,0,0,0,0,0,0,0,0,0,0,0,0,0,0,0,0,0,0,0,0,0,0,0,0,0,0,0,0,0,0,0,0,0,0,0,0,0,0,0,0.3935,0.3933,0.393,0.3927,0.3924,0.393,0.3935,0.394,0.3946,0.3951,0.3957,0.3962,0.3968,0.3973,0.3979,0.3984,0.399,0.3995,0.4001,0.4006,0.4012,0.4015,0.4019,0.4022,0.4026,0.4029,0.4033,0.4036,0.4039,0.4043,0.4045,0.4047,0.4049,0.4051,0.4052,0.4054,0.4056,0.4058,0.406,0.4062,0.4064,0.4066,0.4068,0.407,0.4072,0.4074,0.4076,0.4078,0.408,0.4082,0.4084,0.4086,0.4088,0.409,0.4113,0.4136,0.4149,0.4147,0.4149,0.415,0.4152,0.4154,0.4156,0.4157,0.4159,0.4163,0.4167,0.4172,0.4177,0.4182,0.4187,0.4192,0.4197,0.4202,0.4207,0.4212,0.4217,0.4219,0.422,0.422,0.4221,0.4231,0.425,0.427,0.429,0.4345,0.4583,0.4651,0.4721,0.4778,0.479,0.4808,0.4829,0.485,0.4872,0.4899,0.4874,0.4849,0.4824,0.4799,0.4774,0.475,0.4726,0.4703,0.4679,0.4656,0.4633,0.461,0.4581,0.4579,0.4574,0.4569,0.4564,0.456,0.4555,0.455,0.4545,0.454,0.4535,0.4531,0.4526,0.4521,0.4516,0.4511,0.4507,0.4502,0.45,0.4511,0.4522,0.4534,0.46,0.4637,0.4635,0.4632,0.4629,0.4626,0.4624,0.4621,0.4618,0.4615,0.4612,0.4609,0.4607,0.4604,0.4601,0.4598,0.4595,0.4593,0.459,0.4587,0.4585,0.4586,0.4587,0.4587,0.4588,0.4589,0.4589,0.459,0.4591,0.4591,0.4592,0.4593,0.4593,0.4594,0.4595,0.4595,0.4596,0.4597,0.4598,0.4599,0.4601
1.5263,1.5162,1.5062,1.4964,1.4867,1.4771,1.4676,1.4582,1.449,1.4399,1.4309,1.4221,1.4134,1.4048,1.3962,1.3878,1.3795,1.3714,1.3633,1.3553,1.3474,1.3397,1.3319,1.3243,1.3168,1.3094,1.302,1.2947,1.2875,1.2804,1.2734,1.2664,1.2595,1.2527,1.246,1.2393,1.2327,1.2262,1.2068,0,0,0,0,0,0,0,0,0,0,0,0,0,0,0,0,0,0,0,0,0,0,0,0,0,0,0,0,0,0,0,0,0,0,0,0,0,0,0,0,0,0,0,0,0,0,0,0.3946,0.3944,0.3941,0.3938,0.3936,0.3941,0.3946,0.3952,0.3957,0.3963,0.3968,0.3974,0.3979,0.3985,0.399,0.3996,0.4001,0.4007,0.4013,0.4018,0.4024,0.403,0.4033,0.4037,0.4039,0.4041,0.4043,0.4045,0.4047,0.4049,0.405,0.4052,0.4054,0.4056,0.4058,0.406,0.4062,0.4064,0.4066,0.4068,0.407,0.4072,0.4074,0.4076,0.4078,0.408,0.4082,0.4084,0.4086,0.4088,0.409,0.4092,0.4098,0.4122,0.4145,0.4147,0.4144,0.4145,0.4147,0.4149,0.4151,0.4152,0.4154,0.4156,0.416,0.4165,0.417,0.4175,0.418,0.4185,0.419,0.4195,0.42,0.4205,0.421,0.4215,0.422,0.4223,0.4224,0.4224,0.4225,0.4239,0.4259,0.4278,0.4298,0.4553,0.462,0.4688,0.4759,0.4787,0.4804,0.4825,0.4847,0.4868,0.489,0.4886,0.4861,0.4836,0.4811,0.4786,0.4762,0.4738,0.4714,0.469,0.4667,0.4644,0.4621,0.4595,0.4582,0.4578,0.4573,0.4569,0.4564,0.4559,0.4554,0.4549,0.4544,0.4539,0.4535,0.453,0.4525,0.452,0.4515,0.4511,0.4506,0.4501,0.4508,0.4519,0.4531,0.4581,0.4631,0.4631,0.4628,0.4625,0.4622,0.4619,0.4617,0.4614,0.4611,0.4608,0.4605,0.4602,0.46,0.4597,0.4594,0.4591,0.4588,0.4586,0.4586,0.4586,0.4587,0.4588,0.4588,0.4589,0.459,0.459,0.4591,0.4592,0.4592,0.4593,0.4594,0.4594,0.4595,0.4596,0.4597,0.4598,0.4599,0.4601,0.4602,0.4603
1.5013,1.4915,1.4819,1.4723,1.4629,1.4536,1.4444,1.4354,1.4265,1.4177,1.409,1.4004,1.392,1.3836,1.3754,1.3673,1.3592,1.3513,1.3435,1.3357,1.3281,1.3205,1.313,1.3056,1.2983,1.291,1.2839,1.2768,1.2698,1.2629,1.256,1.2493,1.2426,1.2359,1.2294,1.2229,1.2165,1.2101,0,0,0,0,0,0,0,0,0,0,0,0,0,0,0,0,0,0,0,0,0,0,0,0,0,0,0,0,0,0,0,0,0,0,0,0,0,0,0,0,0,0,0,0,0,0,0,0,0.396,0.3958,0.3955,0.3952,0.395,0.3947,0.3953,0.3958,0.3964,0.3969,0.3975,0.398,0.3986,0.3991,0.3997,0.4002,0.4008,0.4013,0.4019,0.4025,0.403,0.4042,0.4038,0.4041,0.4043,0.4045,0.4047,0.4048,0.405,0.4052,0.4054,0.4056,0.4058,0.406,0.4062,0.4064,0.4066,0.4068,0.407,0.4072,0.4074,0.4076,0.4078,0.408,0.4082,0.4084,0.4086,0.4088,0.409,0.4092,0.4094,0.4096,0.4107,0.4131,0.4148,0.4145,0.4142,0.4142,0.4144,0.4146,0.4147,0.4149,0.4151,0.4154,0.4158,0.4163,0.4168,0.4173,0.4178,0.4183,0.4188,0.4193,0.4198,0.4203,0.4208,0.4213,0.4218,0.4223,0.4227,0.4228,0.4228,0.4229,0.4248,0.4267,0.4287,0.4424,0.4589,0.4657,0.4726,0.4785,0.4801,0.4822,0.4843,0.4865,0.4886,0.4898,0.4873,0.4848,0.4823,0.4798,0.4773,0.4749,0.4725,0.4701,0.4678,0.4655,0.4632,0.4609,0.4585,0.4582,0.4578,0.4573,0.4568,0.4563,0.4558,0.4553,0.4548,0.4543,0.4539,0.4534,0.4529,0.4524,0.4519,0.4515,0.451,0.4505,0.4505,0.4517,0.4528,0.4563,0.4626,0.4626,0.4624,0.4621,0.4618,0.4615,0.4612,0.461,0.4607,0.4604,0.4601,0.4598,0.4595,0.4593,0.459,0.4587,0.4585,0.4586,0.4586,0.4587,0.4588,0.4588,0.4589,0.459,0.459,0.4591,0.4592,0.4592,0.4593,0.4594,0.4595,0.4596,0.4597,0.4598,0.46,0.4601,0.4602,0.4603,0.4604,0.4605
1.4771,1.4676,1.4583,1.449,1.4399,1.4309,1.4221,1.4133,1.4047,1.3962,1.3878,1.3795,1.3712,1.3632,1.3552,1.3473,1.3395,1.3318,1.3242,1.3167,1.3092,1.3019,1.2946,1.2874,1.2803,1.2732,1.2663,1.2594,1.2526,1.2459,1.2392,1.2326,1.2261,1.2196,1.2132,1.2069,1.2006,0,0,0,0,0,0,0,0,0,0,0,0,0,0,0,0,0,0,0,0,0,0,0,0,0,0,0,0,0,0,0,0,0,0,0,0,0,0,0,0,0,0,0,0,0,0,0,0,0,0,0.3972,0.3969,0.3966,0.3964,0.3961,0.3959,0.3964,0.397,0.3975,0.3981,0.3986,0.3992,0.3997,0.4003,0.4009,0.4014,0.402,0.4025,0.407,0.4052,0.4034,0.4041,0.4043,0.4046,0.4048,0.405,0.4052,0.4054,0.4056,0.4058,0.406,0.4062,0.4064,0.4066,0.4068,0.407,0.4072,0.4074,0.4076,0.4078,0.408,0.4082,0.4084,0.4086,0.4088,0.409,0.4092,0.4094,0.4096,0.4098,0.41,0.4116,0.414,0.4146,0.4143,0.414,0.4139,0.414,0.4142,0.4144,0.4146,0.4148,0.4152,0.4156,0.4161,0.4166,0.4171,0.4176,0.4181,0.4186,0.4191,0.4196,0.4201,0.4206,0.4211,0.4216,0.4221,0.4226,0.4231,0.4232,0.4232,0.4237,0.4256,0.4276,0.4362,0.4558,0.4625,0.4694,0.4765,0.4797,0.4818,0.4839,0.4861,0.4883,0.4907,0.4885,0.486,0.4835,0.481,0.4785,0.4761,0.4737,0.4713,0.4689,0.4666,0.4643,0.462,0.4593,0.4587,0.4582,0.4577,0.4572,0.4567,0.4562,0.4557,0.4552,0.4548,0.4543,0.4538,0.4533,0.4528,0.4523,0.4519,0.4514,0.4509,0.4504,0.4514,0.4525,0.4545,0.462,0.462,0.4619,0.4617,0.4614,0.4611,0.4608,0.4605,0.4603,0.46,0.4597,0.4594,0.4591,0.4589,0.4586,0.4585,0.4586,0.4587,0.4587,0.4588,0.4589,0.4589,0.459,0.4591,0.4591,0.4592,0.4593,0.4594,0.4595,0.4596,0.4597,0.4598,0.46,0.4601,0.4602,0.4603,0.4604,0.4605,0.4606,0.4607
1.4536,1.4445,1.4354,1.4264,1.4177,1.409,1.4004,1.3919,1.3836,1.3753,1.3671,1.3591,1.3512,1.3433,1.3356,1.3279,1.3204,1.3129,1.3055,1.2982,1.2909,1.2838,1.2767,1.2697,1.2628,1.2559,1.2492,1.2424,1.2358,1.2293,1.2228,1.2164,1.21,1.2037,1.1975,1.1913,1.1672,0,0,0,0,0,0,0,0,0,0,0,0,0,0,0,0,0,0,0,0,0,0,0,0,0,0,0,0,0,0,0,0,0,0,0,0,0,0,0,0,0,0,0,0,0,0,0,0,0,0,0,0.3983,0.3981,0.3978,0.3975,0.3972,0.3971,0.3976,0.3982,0.3987,0.3993,0.3998,0.4004,0.4009,0.4015,0.4021,0.4098,0.4079,0.4061,0.4043,0.4037,0.4043,0.4046,0.4048,0.4051,0.4054,0.4056,0.4058,0.406,0.4062,0.4064,0.4066,0.4068,0.407,0.4072,0.4074,0.4076,0.4078,0.408,0.4082,0.4084,0.4086,0.4088,0.409,0.4092,0.4094,0.4096,0.4098,0.41,0.4102,0.4104,0.4125,0.4148,0.4145,0.4141,0.4138,0.4135,0.4137,0.4139,0.4141,0.4143,0.4145,0.4149,0.4154,0.4159,0.4164,0.4169,0.4174,0.4179,0.4184,0.4189,0.4194,0.4199,0.4204,0.4209,0.4214,0.4219,0.4224,0.4229,0.4234,0.4236,0.4236,0.4245,0.4265,0.4301,0.4528,0.4594,0.4662,0.4732,0.4802,0.4821,0.484,0.4859,0.4879,0.4901,0.4897,0.4872,0.4846,0.4822,0.4797,0.4772,0.4748,0.4724,0.47,0.4677,0.4654,0.4631,0.4608,0.459,0.4586,0.4581,0.4576,0.4571,0.4566,0.4561,0.4556,0.4552,0.4547,0.4542,0.4537,0.4532,0.4528,0.4523,0.4518,0.4513,0.4508,0.4511,0.4522,0.4534,0.4602,0.4615,0.4615,0.4612,0.461,0.4607,0.4604,0.4601,0.4598,0.4596,0.4593,0.459,0.4587,0.4585,0.4586,0.4586,0.4587,0.4588,0.4588,0.4589,0.459,0.459,0.4591,0.4592,0.4593,0.4594,0.4595,0.4596,0.4597,0.4598,0.46,0.4601,0.4602,0.4603,0.4604,0.4605,0.4606,0.4607,0.4608,0.4609
1.4309,1.422,1.4133,1.4047,1.3961,1.3877,1.3794,1.3712,1.3631,1.3551,1.3472,1.3394,1.3317,1.3241,1.3166,1.3091,1.3018,1.2945,1.2873,1.2802,1.2731,1.2662,1.2593,1.2525,1.2457,1.2391,1.2325,1.226,1.2195,1.2131,1.2068,1.2005,1.1943,1.1882,1.1822,1.164,0,0,0,0,0,0,0,0,0,0,0,0,0,0,0,0,0,0,0,0,0,0,0,0,0,0,0,0,0,0,0,0,0,0,0,0,0,0,0,0,0,0,0,0,0,0,0,0,0,0,0,0,0.3998,0.3995,0.3992,0.3989,0.3987,0.3984,0.3982,0.3988,0.3993,0.3999,0.4005,0.401,0.4063,0.407,0.4078,0.4085,0.4071,0.4053,0.4035,0.4039,0.4046,0.4049,0.4051,0.4054,0.4056,0.4059,0.4061,0.4064,0.4066,0.4068,0.407,0.4072,0.4074,0.4076,0.4078,0.408,0.4082,0.4084,0.4086,0.4088,0.409,0.4092,0.4094,0.4096,0.4098,0.41,0.4102,0.4104,0.4106,0.4111,0.4135,0.4146,0.4143,0.414,0.4137,0.4134,0.4134,0.4136,0.4137,0.4139,0.4143,0.4147,0.4152,0.4157,0.4162,0.4167,0.4172,0.4177,0.4182,0.4187,0.4192,0.4197,0.4202,0.4207,0.4211,0.4217,0.4222,0.4227,0.4232,0.4237,0.4239,0.424,0.4254,0.4274,0.4498,0.4563,0.463,0.47,0.4844,0.4878,0.4898,0.491,0.491,0.491,0.4909,0.4884,0.4858,0.4833,0.4809,0.4784,0.476,0.4736,0.4712,0.4688,0.4665,0.4642,0.4619,0.4593,0.459,0.4585,0.458,0.4575,0.457,0.4565,0.4561,0.4556,0.4551,0.4546,0.4541,0.4536,0.4532,0.4527,0.4522,0.4517,0.4512,0.4508,0.452,0.4531,0.4584,0.4609,0.461,0.4608,0.4605,0.4603,0.46,0.4597,0.4594,0.4591,0.4589,0.4586,0.4585,0.4586,0.4586,0.4587,0.4588,0.4588,0.4589,0.459,0.4591,0.4592,0.4593,0.4594,0.4595,0.4596,0.4597,0.4598,0.46,0.4601,0.4602,0.4603,0.4604,0.4605,0.4606,0.4607,0.4608,0.4609,0.4611,0.4612
1.4089,1.4004,1.3919,1.3835,1.3753,1.3671,1.359,1.3511,1.3432,1.3355,1.3278,1.3202,1.3128,1.3054,1.298,1.2908,1.2837,1.2766,1.2696,1.2627,1.2558,1.249,1.2423,1.2357,1.2292,1.2227,1.2162,1.2099,1.2036,1.1974,1.1912,1.1851,1.1791,1.1731,1.1672,0,0,0,0,0,0,0,0,0,0,0,0,0,0,0,0,0,0,0,0,0,0,0,0,0,0,0,0,0,0,0,0,0,0,0,0,0,0,0,0,0,0,0,0,0,0,0,0,0,0,0,0,0,0,0.4009,0.4006,0.4004,0.4001,0.3998,0.3995,0.3994,0.4,0.4005,0.4034,0.4042,0.4049,0.4056,0.4064,0.4071,0.4062,0.4044,0.4033,0.4042,0.4049,0.4051,0.4054,0.4056,0.4059,0.4061,0.4064,0.4067,0.4069,0.4072,0.4074,0.4076,0.4078,0.408,0.4082,0.4084,0.4086,0.4088,0.409,0.4092,0.4094,0.4096,0.4098,0.41,0.4102,0.4104,0.4106,0.4108,0.411,0.412,0.4144,0.4144,0.4141,0.4138,0.4135,0.4132,0.4131,0.4132,0.4134,0.4136,0.4141,0.4145,0.415,0.4155,0.416,0.4165,0.417,0.4175,0.418,0.4185,0.4189,0.4194,0.4199,0.4204,0.4209,0.4214,0.4219,0.4224,0.4229,0.4235,0.424,0.4243,0.4244,0.4262,0.4469,0.4533,0.4599,0.467,0.482,0.4914,0.4915,0.4915,0.4915,0.4915,0.4915,0.4896,0.4871,0.4845,0.482,0.4796,0.4771,0.4747,0.4723,0.4699,0.4676,0.4653,0.463,0.4607,0.4594,0.4589,0.4584,0.4579,0.4574,0.4569,0.4565,0.456,0.4555,0.455,0.4545,0.454,0.4536,0.4531,0.4526,0.4521,0.4516,0.4512,0.4517,0.4528,0.4565,0.4603,0.4604,0.4604,0.4601,0.4598,0.4596,0.4593,0.459,0.4587,0.4585,0.4585,0.4586,0.4587,0.4587,0.4588,0.4589,0.459,0.4591,0.4592,0.4593,0.4594,0.4595,0.4596,0.4597,0.4598,0.46,0.4601,0.4602,0.4603,0.4604,0.4605,0.4606,0.4607,0.4608,0.4609,0.4611,0.4612,0.4613,0.4614
1.3877,1.3794,1.3711,1.363,1.355,1.3471,1.3393,1.3316,1.324,1.3164,1.309,1.3016,1.2944,1.2872,1.2801,1.273,1.2661,1.2592,1.2524,1.2456,1.239,1.2324,1.2259,1.2194,1.213,1.2067,1.2004,1.1942,1.1881,1.1821,1.176,1.1701,1.1642,1.1584,0,0,0,0,0,0,0,0,0,0,0,0,0,0,0,0,0,0,0,0,0,0,0,0,0,0,0,0,0,0,0,0,0,0,0,0,0,0,0,0,0,0,0,0,0,0,0,0,0,0,0,0,0,0,0,0,0.4021,0.4018,0.4015,0.4012,0.401,0.4007,0.4006,0.4013,0.4021,0.4028,0.4035,0.4043,0.405,0.4057,0.4054,0.4036,0.4036,0.4045,0.4051,0.4054,0.4056,0.4059,0.4061,0.4064,0.4067,0.4069,0.4072,0.4074,0.4077,0.408,0.4082,0.4084,0.4086,0.4088,0.409,0.4092,0.4094,0.4096,0.4098,0.41,0.4102,0.4104,0.4106,0.4108,0.411,0.4112,0.4114,0.4129,0.4145,0.4142,0.4139,0.4136,0.4133,0.413,0.4127,0.4129,0.4131,0.4134,0.4139,0.4143,0.4148,0.4153,0.4158,0.4163,0.4168,0.4173,0.4178,0.4182,0.4187,0.4192,0.4197,0.4202,0.4207,0.4212,0.4217,0.4222,0.4227,0.4232,0.4237,0.4243,0.4247,0.4252,0.4429,0.4503,0.4569,0.4649,0.4796,0.4909,0.4914,0.4918,0.492,0.492,0.492,0.4908,0.4883,0.4857,0.4832,0.4807,0.4783,0.4759,0.4735,0.4711,0.4687,0.4664,0.4641,0.4618,0.4598,0.4593,0.4588,0.4583,0.4578,0.4574,0.4569,0.4564,0.4559,0.4554,0.4549,0.4544,0.454,0.4535,0.453,0.4525,0.452,0.4516,0.4514,0.4525,0.4547,0.4598,0.4598,0.4599,0.4597,0.4594,0.4592,0.4589,0.4586,0.4585,0.4585,0.4586,0.4587,0.4587,0.4589,0.459,0.4591,0.4592,0.4593,0.4594,0.4595,0.4596,0.4597,0.4598,0.46,0.4601,0.4602,0.4603,0.4604,0.4605,0.4606,0.4607,0.4608,0.4609,0.4611,0.4612,0.4613,0.4614,0.4615,0.4616
1.3671,1.359,1.351,1.3431,1.3353,1.3277,1.3201,1.3126,1.3052,1.2979,1.2907,1.2835,1.2765,1.2695,1.2625,1.2557,1.2489,1.2422,1.2356,1.229,1.2226,1.2161,1.2098,1.2035,1.1973,1.1911,1.185,1.179,1.173,1.1671,1.1613,1.1555,1.1497,1.1272,0,0,0,0,0,0,0,0,0,0,0,0,0,0,0,0,0,0,0,0,0,0,0,0,0,0,0,0,0,0,0,0,0,0,0,0,0,0,0,0,0,0,0,0,0,0,0,0,0,0,0,0,0,0,0,0,0.4035,0.4033,0.4029,0.4023,0.4018,0.4013,0.4011,0.4012,0.4012,0.4014,0.4022,0.4029,0.4036,0.4044,0.4045,0.4029,0.4038,0.4048,0.4054,0.4056,0.4059,0.4062,0.4064,0.4067,0.4069,0.4072,0.4074,0.4077,0.408,0.4082,0.4085,0.4087,0.409,0.4092,0.4094,0.4095,0.4097,0.4099,0.4101,0.4103,0.4105,0.4107,0.4109,0.4111,0.4113,0.4115,0.4118,0.4138,0.4143,0.414,0.4137,0.4134,0.4131,0.4128,0.4125,0.4126,0.4128,0.4132,0.4137,0.4141,0.4146,0.4151,0.4156,0.4161,0.4166,0.4171,0.4175,0.418,0.4185,0.419,0.4195,0.42,0.4205,0.421,0.4215,0.422,0.4225,0.423,0.4235,0.424,0.4245,0.4251,0.426,0.4474,0.4538,0.4629,0.4772,0.489,0.4908,0.4912,0.4916,0.4921,0.4925,0.4921,0.4895,0.4869,0.4844,0.4819,0.4795,0.477,0.4746,0.4722,0.4698,0.4675,0.4652,0.4629,0.4605,0.4597,0.4592,0.4588,0.4583,0.4578,0.4573,0.4568,0.4563,0.4558,0.4553,0.4548,0.4544,0.4539,0.4534,0.4529,0.4524,0.452,0.4515,0.4523,0.4534,0.4592,0.4592,0.4593,0.4593,0.459,0.4587,0.4585,0.4585,0.4586,0.4586,0.4587,0.4589,0.459,0.4591,0.4592,0.4593,0.4594,0.4595,0.4596,0.4597,0.4598,0.46,0.4601,0.4602,0.4603,0.4604,0.4605,0.4606,0.4607,0.4608,0.4609,0.4611,0.4612,0.4613,0.4614,0.4615,0.4616,0.4617,0.4618
1.3470,1.3392,1.3315,1.3238,1.3163,1.3089,1.3015,1.2942,1.287,1.2799,1.2729,1.2659,1.2591,1.2522,1.2455,1.2389,1.2323,1.2257,1.2193,1.2129,1.2066,1.2003,1.1941,1.188,1.182,1.1759,1.17,1.1641,1.1583,1.1525,1.1468,1.1412,1.1242,0,0,0,0,0,0,0,0,0,0,0,0,0,0,0,0,0,0,0,0,0,0,0,0,0,0,0,0,0,0,0,0,0,0,0,0,0,0,0,0,0,0,0,0,0,0,0,0,0,0,0,0,0,0,0,0,0,0,0.4038,0.4033,0.4028,0.4022,0.4018,0.4017,0.4017,0.4019,0.402,0.402,0.402,0.4023,0.403,0.4037,0.4032,0.4041,0.405,0.4056,0.4059,0.4062,0.4064,0.4067,0.4069,0.4072,0.4074,0.4077,0.408,0.4082,0.4085,0.4087,0.409,0.4093,0.4095,0.4097,0.4099,0.4101,0.4103,0.4105,0.4107,0.4109,0.4111,0.4113,0.4115,0.4117,0.4119,0.4124,0.4144,0.4141,0.4138,0.4135,0.4132,0.4129,0.4126,0.4123,0.4123,0.4125,0.413,0.4134,0.4139,0.4144,0.4149,0.4154,0.4159,0.4164,0.4169,0.4173,0.4178,0.4183,0.4188,0.4193,0.4198,0.4203,0.4208,0.4213,0.4218,0.4223,0.4228,0.4233,0.4238,0.4243,0.4248,0.4256,0.4445,0.4513,0.4608,0.4749,0.4857,0.4901,0.4906,0.491,0.4915,0.4919,0.4926,0.4911,0.4886,0.4856,0.4831,0.4806,0.4782,0.4757,0.4733,0.471,0.4686,0.4663,0.464,0.4617,0.4602,0.4597,0.4592,0.4587,0.4582,0.4577,0.4572,0.4567,0.4562,0.4557,0.4553,0.4548,0.4543,0.4538,0.4533,0.4528,0.4524,0.4519,0.452,0.4531,0.4586,0.4587,0.4587,0.4588,0.4586,0.4585,0.4585,0.4586,0.4587,0.4589,0.459,0.4591,0.4592,0.4593,0.4594,0.4595,0.4596,0.4597,0.4598,0.46,0.4601,0.4602,0.4603,0.4604,0.4605,0.4606,0.4607,0.4608,0.4609,0.4611,0.4612,0.4613,0.4614,0.4615,0.4616,0.4617,0.4618,0.4619,0.4621
1.3276,1.32,1.3125,1.3051,1.2978,1.2906,1.2834,1.2764,1.2694,1.2624,1.2556,1.2488,1.2421,1.2355,1.2289,1.2224,1.216,1.2097,1.2034,1.1972,1.191,1.1849,1.1789,1.1729,1.167,1.1612,1.1554,1.1496,1.144,1.1383,1.1328,1.1273,0,0,0,0,0,0,0,0,0,0,0,0,0,0,0,0,0,0,0,0,0,0,0,0,0,0,0,0,0,0,0,0,0,0,0,0,0,0,0,0,0,0,0,0,0,0,0,0,0,0,0,0,0,0,0,0,0,0,0,0.4043,0.4037,0.4032,0.4027,0.4025,0.4024,0.4023,0.4024,0.4026,0.4027,0.4028,0.4028,0.4028,0.4028,0.4035,0.4044,0.4053,0.4059,0.4062,0.4064,0.4067,0.4069,0.4072,0.4075,0.4077,0.408,0.4082,0.4085,0.4088,0.409,0.4093,0.4095,0.4098,0.4101,0.4103,0.4105,0.4107,0.4109,0.4111,0.4113,0.4115,0.4117,0.4119,0.4121,0.4123,0.4133,0.4142,0.4139,0.4136,0.4133,0.413,0.4127,0.4124,0.4121,0.4119,0.4123,0.4128,0.4132,0.4137,0.4142,0.4147,0.4152,0.4157,0.4162,0.4166,0.4171,0.4176,0.4181,0.4187,0.4195,0.4203,0.4211,0.4219,0.4227,0.4235,0.4243,0.4252,0.426,0.4268,0.4276,0.4285,0.4293,0.4416,0.4494,0.4588,0.4725,0.4825,0.4893,0.49,0.4904,0.4908,0.4913,0.4922,0.4921,0.4901,0.4878,0.4854,0.483,0.4806,0.4769,0.4745,0.4721,0.4697,0.4674,0.4651,0.4628,0.4605,0.4601,0.4596,0.4591,0.4586,0.4581,0.4576,0.4571,0.4566,0.4561,0.4557,0.4552,0.4547,0.4542,0.4537,0.4532,0.4528,0.4523,0.4518,0.4528,0.4568,0.4581,0.4582,0.4582,0.4585,0.4586,0.4587,0.4588,0.4589,0.459,0.4591,0.4592,0.4594,0.4595,0.4596,0.4597,0.4598,0.4599,0.46,0.4601,0.4602,0.4603,0.4604,0.4606,0.4607,0.4608,0.4609,0.461,0.4611,0.4612,0.4613,0.4614,0.4615,0.4616,0.4618,0.4619,0.462,0.4621,0.4622
1.3087,1.3014,1.2941,1.2869,1.2798,1.2728,1.2658,1.2589,1.2521,1.2454,1.2387,1.2322,1.2256,1.2192,1.2128,1.2065,1.2002,1.194,1.1879,1.1819,1.1759,1.1699,1.164,1.1582,1.1525,1.1467,1.1411,1.1355,1.13,1.1245,1.119,0,0,0,0,0,0,0,0,0,0,0,0,0,0,0,0,0,0,0,0,0,0,0,0,0,0,0,0,0,0,0,0,0,0,0,0,0,0,0,0,0,0,0,0,0,0,0,0,0,0,0,0,0,0,0,0,0,0,0,0,0,0.4042,0.4036,0.4032,0.4031,0.403,0.403,0.4029,0.4031,0.4033,0.4034,0.4035,0.4035,0.4035,0.4037,0.4047,0.4056,0.4062,0.4064,0.4067,0.4069,0.4072,0.4075,0.4077,0.408,0.4082,0.4085,0.4088,0.409,0.4093,0.4095,0.4098,0.4101,0.4103,0.4106,0.4109,0.4111,0.4113,0.4115,0.4117,0.4119,0.4121,0.4123,0.4125,0.4127,0.4142,0.414,0.4137,0.4134,0.4131,0.4128,0.4125,0.4122,0.4119,0.4116,0.4121,0.4127,0.4135,0.4143,0.4151,0.4159,0.4167,0.4174,0.4182,0.419,0.4198,0.4206,0.4214,0.4223,0.4231,0.4239,0.4247,0.4255,0.4264,0.4272,0.428,0.4289,0.4297,0.4305,0.4314,0.4322,0.4331,0.4388,0.4475,0.4568,0.4703,0.4793,0.4861,0.4893,0.4898,0.4902,0.4907,0.4918,0.4931,0.4911,0.4891,0.487,0.4846,0.4822,0.4799,0.4775,0.4752,0.4729,0.4685,0.4662,0.4639,0.4616,0.4605,0.46,0.4595,0.459,0.4585,0.458,0.4575,0.457,0.4566,0.4561,0.4556,0.4551,0.4546,0.4541,0.4537,0.4532,0.4527,0.4522,0.4526,0.455,0.4575,0.4576,0.4577,0.4581,0.4587,0.4588,0.4589,0.459,0.4591,0.4592,0.4593,0.4594,0.4595,0.4596,0.4597,0.4599,0.46,0.4601,0.4602,0.4603,0.4604,0.4605,0.4606,0.4607,0.4608,0.4609,0.4611,0.4612,0.4613,0.4614,0.4615,0.4616,0.4617,0.4618,0.4619,0.462,0.4622,0.4623
1.2905,1.2833,1.2762,1.2692,1.2623,1.2555,1.2487,1.242,1.2354,1.2288,1.2223,1.2159,1.2096,1.2033,1.1971,1.1909,1.1848,1.1788,1.1728,1.1669,1.1611,1.1553,1.1495,1.1439,1.1382,1.1327,1.1272,1.1217,1.1163,1.1109,0,0,0,0,0,0,0,0,0,0,0,0,0,0,0,0,0,0,0,0,0,0,0,0,0,0,0,0,0,0,0,0,0,0,0,0,0,0,0,0,0,0,0,0,0,0,0,0,0,0,0,0,0,0,0,0,0,0,0,0,0,0,0.4046,0.4041,0.4038,0.4038,0.4037,0.4036,0.4036,0.4036,0.4038,0.404,0.4041,0.4043,0.4043,0.4043,0.4049,0.4059,0.4064,0.4067,0.407,0.4072,0.4075,0.4077,0.408,0.4082,0.4085,0.4088,0.409,0.4093,0.4095,0.4098,0.4101,0.4103,0.4106,0.4109,0.4111,0.4114,0.4116,0.4119,0.4121,0.4123,0.4125,0.4127,0.4129,0.4131,0.4141,0.4138,0.4135,0.4132,0.4129,0.4126,0.4123,0.4123,0.4125,0.4123,0.4122,0.4129,0.4137,0.4146,0.4155,0.4163,0.4172,0.418,0.4189,0.4198,0.4207,0.4216,0.4224,0.4233,0.4242,0.4251,0.426,0.4269,0.4278,0.4288,0.4297,0.4306,0.4315,0.4324,0.4334,0.4343,0.4353,0.4367,0.4456,0.4549,0.468,0.4762,0.4828,0.4887,0.4892,0.4896,0.49,0.4914,0.4927,0.492,0.49,0.4881,0.4861,0.4838,0.4815,0.4791,0.4768,0.4745,0.4722,0.4699,0.4686,0.4646,0.4609,0.4604,0.4599,0.4594,0.4589,0.4584,0.4579,0.4575,0.457,0.4565,0.456,0.4555,0.455,0.4545,0.4541,0.4536,0.4531,0.4526,0.4523,0.4534,0.457,0.457,0.4571,0.4577,0.4584,0.4588,0.4589,0.4591,0.4592,0.4593,0.4594,0.4595,0.4596,0.4597,0.4598,0.4599,0.46,0.4601,0.4602,0.4604,0.4605,0.4606,0.4607,0.4608,0.4609,0.461,0.4611,0.4612,0.4613,0.4615,0.4616,0.4617,0.4618,0.4619,0.462,0.4621,0.4622,0.4623
1.2727,1.2657,1.2588,1.252,1.2453,1.2386,1.232,1.2255,1.2191,1.2127,1.2064,1.2001,1.1939,1.1878,1.1818,1.1758,1.1698,1.1639,1.1581,1.1524,1.1466,1.141,1.1354,1.1299,1.1244,1.1189,1.1136,1.1082,1.103,1.087,0,0,0,0,0,0,0,0,0,0,0,0,0,0,0,0,0,0,0,0,0,0,0,0,0,0,0,0,0,0,0,0,0,0,0,0,0,0,0,0,0,0,0,0,0,0,0,0,0,0,0,0,0,0,0,0,0,0,0,0,0,0,0,0.4045,0.4045,0.4044,0.4043,0.4043,0.4042,0.4042,0.4043,0.4045,0.4047,0.4048,0.405,0.4051,0.4052,0.4061,0.4067,0.407,0.4072,0.4075,0.4077,0.408,0.4083,0.4085,0.4088,0.409,0.4093,0.4096,0.4098,0.4101,0.4103,0.4106,0.4109,0.4111,0.4114,0.4117,0.4119,0.4122,0.4124,0.4127,0.4129,0.4131,0.4133,0.4137,0.414,0.4137,0.4134,0.413,0.4131,0.4132,0.4134,0.4136,0.4137,0.4132,0.4126,0.4129,0.4133,0.4142,0.415,0.4159,0.4167,0.4176,0.4185,0.4194,0.4202,0.4211,0.422,0.4229,0.4238,0.4247,0.4256,0.4265,0.4274,0.4283,0.4292,0.4301,0.4311,0.432,0.4329,0.4338,0.4348,0.4363,0.4437,0.4529,0.4657,0.4731,0.4796,0.4864,0.4885,0.489,0.4897,0.491,0.4923,0.493,0.491,0.489,0.4871,0.4851,0.4831,0.4807,0.4783,0.476,0.4747,0.4736,0.4726,0.4715,0.4611,0.4605,0.4602,0.4598,0.4593,0.4588,0.4584,0.4579,0.4574,0.4569,0.4564,0.4559,0.4554,0.4549,0.4545,0.454,0.4535,0.453,0.4525,0.4532,0.4564,0.4565,0.4566,0.4573,0.458,0.4587,0.459,0.4591,0.4592,0.4593,0.4594,0.4596,0.4597,0.4598,0.4599,0.46,0.4601,0.4602,0.4603,0.4604,0.4605,0.4606,0.4608,0.4609,0.461,0.4611,0.4612,0.4613,0.4614,0.4615,0.4616,0.4617,0.4618,0.462,0.4621,0.4622,0.4863,0.4866
1.2554,1.2486,1.2419,1.2353,1.2287,1.2222,1.2158,1.2095,1.2032,1.197,1.1908,1.1847,1.1787,1.1727,1.1668,1.161,1.1552,1.1495,1.1438,1.1382,1.1326,1.1271,1.1216,1.1162,1.1109,1.1055,1.1003,1.0951,1.0899,0,0,0,0,0,0,0,0,0,0,0,0,0,0,0,0,0,0,0,0,0,0,0,0,0,0,0,0,0,0,0,0,0,0,0,0,0,0,0,0,0,0,0,0,0,0,0,0,0,0,0,0,0,0,0,0,0,0,0,0,0,0,0,0,0.4052,0.4051,0.4051,0.405,0.4049,0.4049,0.4048,0.4049,0.405,0.4052,0.4054,0.4055,0.4057,0.4058,0.4064,0.407,0.4072,0.4075,0.4077,0.408,0.4083,0.4085,0.4088,0.409,0.4093,0.4096,0.4098,0.4101,0.4103,0.4106,0.4109,0.4111,0.4114,0.4117,0.4119,0.4122,0.4125,0.4127,0.413,0.4133,0.4135,0.4138,0.4141,0.4138,0.4138,0.414,0.4141,0.4143,0.4145,0.4146,0.4148,0.4149,0.414,0.413,0.4133,0.4136,0.4139,0.4146,0.4155,0.4163,0.4172,0.418,0.4189,0.4198,0.4207,0.4216,0.4224,0.4233,0.4242,0.4251,0.426,0.4269,0.4278,0.4288,0.4297,0.4306,0.4315,0.4324,0.4334,0.4345,0.4362,0.4418,0.451,0.4635,0.47,0.4765,0.4832,0.4879,0.4884,0.4893,0.4906,0.4919,0.4933,0.4919,0.49,0.488,0.486,0.4841,0.4822,0.4809,0.4798,0.4788,0.4777,0.4766,0.4756,0.4621,0.4604,0.4601,0.4597,0.4594,0.4591,0.4587,0.4583,0.4578,0.4573,0.4568,0.4563,0.4558,0.4554,0.4549,0.4544,0.4539,0.4534,0.4529,0.4529,0.4559,0.4559,0.4562,0.4569,0.4576,0.4582,0.4589,0.4592,0.4593,0.4594,0.4595,0.4596,0.4597,0.4598,0.4599,0.4601,0.4602,0.4603,0.4604,0.4605,0.4606,0.4607,0.4608,0.4609,0.461,0.4611,0.4613,0.4614,0.4615,0.4616,0.4617,0.4618,0.4619,0.462,0.4878,0.488,0.4883,0.4886
1.2385,1.2319,1.2254,1.219,1.2126,1.2063,1.2,1.1938,1.1877,1.1817,1.1757,1.1697,1.1638,1.158,1.1523,1.1466,1.1409,1.1353,1.1298,1.1243,1.1189,1.1135,1.1082,1.1029,1.0977,1.0925,1.0873,1.0823,0,0,0,0,0,0,0,0,0,0,0,0,0,0,0,0,0,0,0,0,0,0,0,0,0,0,0,0,0,0,0,0,0,0,0,0,0,0,0,0,0,0,0,0,0,0,0,0,0,0,0,0,0,0,0,0,0,0,0,0,0,0,0,0,0,0,0.4054,0.4056,0.4057,0.4056,0.4055,0.4055,0.4054,0.4056,0.4057,0.4059,0.4061,0.4062,0.4064,0.4067,0.4072,0.4075,0.4077,0.408,0.4083,0.4085,0.4088,0.409,0.4093,0.4096,0.4098,0.4101,0.4104,0.4106,0.4109,0.4111,0.4114,0.4117,0.412,0.4125,0.413,0.4135,0.414,0.4145,0.415,0.4152,0.4148,0.4147,0.4149,0.415,0.4152,0.4154,0.4155,0.4157,0.4158,0.416,0.4161,0.4148,0.4135,0.4137,0.414,0.4143,0.4146,0.415,0.4159,0.4167,0.4176,0.4185,0.4194,0.4202,0.4211,0.422,0.4229,0.4238,0.4247,0.4256,0.4265,0.4274,0.4283,0.4292,0.4301,0.4311,0.432,0.4329,0.4344,0.436,0.4406,0.449,0.4608,0.467,0.4734,0.48,0.4867,0.4877,0.4889,0.4902,0.4915,0.4929,0.4929,0.4909,0.4889,0.487,0.485,0.4835,0.4818,0.4804,0.4817,0.4818,0.4808,0.4797,0.4633,0.4603,0.46,0.4596,0.4593,0.459,0.4586,0.4583,0.458,0.4576,0.4572,0.4567,0.4562,0.4558,0.4553,0.4548,0.4543,0.4538,0.4533,0.4529,0.4552,0.4553,0.4558,0.4565,0.4571,0.4578,0.4585,0.4592,0.4594,0.4595,0.4596,0.4597,0.4598,0.4599,0.46,0.4601,0.4602,0.4603,0.4604,0.4606,0.4607,0.4608,0.4609,0.461,0.4611,0.4612,0.4613,0.4614,0.4615,0.4617,0.4618,0.4619,0.4892,0.4895,0.4898,0.49,0.4903,0.4906
1.2221,1.2157,1.2094,1.2031,1.1969,1.1907,1.1846,1.1786,1.1726,1.1667,1.1609,1.1551,1.1494,1.1437,1.1381,1.1325,1.127,1.1215,1.1161,1.1108,1.1055,1.1002,1.095,1.0899,1.0848,1.0797,1.0747,0,0,0,0,0,0,0,0,0,0,0,0,0,0,0,0,0,0,0,0,0,0,0,0,0,0,0,0,0,0,0,0,0,0,0,0,0,0,0,0,0,0,0,0,0,0,0,0,0,0,0,0,0,0,0,0,0,0,0,0,0,0,0,0,0,0,0,0,0.4056,0.4057,0.4059,0.4061,0.4061,0.406,0.4061,0.4063,0.4064,0.4067,0.4069,0.4071,0.4073,0.408,0.4085,0.409,0.4095,0.41,0.4105,0.411,0.4115,0.412,0.4125,0.413,0.4135,0.414,0.4145,0.415,0.4155,0.416,0.4165,0.4171,0.4176,0.4181,0.4177,0.4174,0.4171,0.4167,0.4164,0.416,0.4159,0.4161,0.4163,0.4164,0.4166,0.4167,0.4169,0.4171,0.4172,0.4169,0.4156,0.4144,0.4141,0.4144,0.4147,0.415,0.4153,0.4156,0.4163,0.4172,0.418,0.4189,0.4198,0.4207,0.4216,0.4224,0.4233,0.4242,0.4251,0.426,0.4269,0.4278,0.4288,0.4297,0.4306,0.4315,0.4327,0.4343,0.4359,0.4393,0.4471,0.4579,0.464,0.4703,0.4768,0.4835,0.4872,0.4885,0.4898,0.4912,0.4925,0.4938,0.4918,0.4899,0.488,0.4865,0.4848,0.4832,0.4816,0.4781,0.4794,0.4807,0.482,0.4683,0.4607,0.4599,0.4595,0.4592,0.4589,0.4585,0.4582,0.4579,0.4575,0.4572,0.4569,0.4565,0.4562,0.4557,0.4552,0.4547,0.4542,0.4537,0.4533,0.4535,0.4548,0.4554,0.456,0.4567,0.4574,0.4581,0.4587,0.4594,0.4595,0.4596,0.4598,0.4599,0.46,0.4601,0.4602,0.4603,0.4604,0.4605,0.4606,0.4607,0.4608,0.461,0.4611,0.4612,0.4613,0.4614,0.4615,0.4616,0.4896,0.49,0.4904,0.4907,0.4911,0.4915,0.4919,0.4922,0.4926
1.2062,1.1999,1.1937,1.1876,1.1816,1.1756,1.1696,1.1637,1.1579,1.1522,1.1465,1.1408,1.1352,1.1297,1.1242,1.1188,1.1134,1.1081,1.1028,1.0976,1.0924,1.0873,1.0822,1.0771,1.0722,1.0672,1.0522,0,0,0,0,0,0,0,0,0,0,0,0,0,0,0,0,0,0,0,0,0,0,0,0,0,0,0,0,0,0,0,0,0,0,0,0,0,0,0,0,0,0,0,0,0,0,0,0,0,0,0,0,0,0,0,0,0,0,0,0,0,0,0,0,0,0,0,0,0,0.4057,0.4059,0.4061,0.4063,0.4065,0.4066,0.4067,0.4068,0.407,0.4071,0.4072,0.4073,0.4086,0.4102,0.4118,0.4134,0.415,0.4155,0.416,0.4165,0.417,0.4176,0.4181,0.4186,0.4191,0.4196,0.4201,0.4207,0.4207,0.4204,0.42,0.4197,0.4193,0.419,0.4186,0.4183,0.4179,0.4176,0.4172,0.4171,0.4173,0.4175,0.4177,0.4178,0.418,0.4182,0.4183,0.4185,0.4178,0.4165,0.4152,0.4145,0.4148,0.4151,0.4154,0.4157,0.416,0.4163,0.4167,0.4176,0.4185,0.4194,0.4202,0.4211,0.422,0.4229,0.4238,0.4247,0.4256,0.4265,0.4274,0.4283,0.4292,0.4301,0.4311,0.4326,0.4342,0.4358,0.4381,0.4457,0.455,0.4611,0.4673,0.4737,0.4803,0.4875,0.4884,0.4894,0.4908,0.4921,0.4935,0.4928,0.491,0.4896,0.4879,0.4862,0.4846,0.4829,0.4813,0.4758,0.4771,0.4784,0.4798,0.4614,0.4598,0.4594,0.4591,0.4587,0.4584,0.4581,0.4577,0.4574,0.4571,0.4568,0.4564,0.4561,0.4558,0.4554,0.4551,0.4546,0.4542,0.4537,0.4532,0.4543,0.455,0.4556,0.4563,0.457,0.4576,0.4583,0.459,0.4596,0.4597,0.4598,0.4599,0.46,0.4601,0.4603,0.4604,0.4605,0.4606,0.4607,0.4608,0.4609,0.461,0.4611,0.4612,0.4613,0.4615,0.49,0.4904,0.4908,0.4912,0.4915,0.4919,0.4923,0.4927,0.4931,0.4934,0.4938
1.1906,1.1845,1.1785,1.1725,1.1666,1.1608,1.155,1.1493,1.1436,1.138,1.1324,1.1269,1.1214,1.116,1.1107,1.1054,1.1001,1.0949,1.0898,1.0847,1.0796,1.0746,1.0696,1.0647,1.0599,1.0496,0,0,0,0,0,0,0,0,0,0,0,0,0,0,0,0,0,0,0,0,0,0,0,0,0,0,0,0,0,0,0,0,0,0,0,0,0,0,0,0,0,0,0,0,0,0,0,0,0,0,0,0,0,0,0,0,0,0,0,0,0,0,0,0,0,0,0,0,0,0,0,0.4059,0.4061,0.4063,0.4065,0.4066,0.4068,0.4069,0.407,0.4071,0.4072,0.4073,0.4088,0.4104,0.412,0.4136,0.4153,0.4169,0.4186,0.4203,0.422,0.4228,0.4233,0.4237,0.4234,0.423,0.4227,0.4223,0.4219,0.4216,0.4212,0.4209,0.4205,0.4202,0.4198,0.4195,0.4191,0.4188,0.4184,0.4183,0.4185,0.4187,0.4189,0.4191,0.4192,0.4194,0.4196,0.4197,0.4186,0.4173,0.416,0.4149,0.4152,0.4155,0.4158,0.4161,0.4164,0.4167,0.417,0.4173,0.418,0.4189,0.4198,0.4207,0.4216,0.4224,0.4233,0.4242,0.4251,0.426,0.4269,0.4278,0.4288,0.4297,0.4309,0.4325,0.4341,0.4357,0.4373,0.4445,0.4522,0.4581,0.4641,0.4704,0.4767,0.487,0.4909,0.4917,0.4926,0.4935,0.4943,0.4941,0.4926,0.491,0.4893,0.4876,0.4859,0.4843,0.4826,0.481,0.4736,0.4749,0.4762,0.4621,0.4596,0.4593,0.459,0.4586,0.4583,0.458,0.4576,0.4573,0.457,0.4566,0.4563,0.456,0.4557,0.4553,0.455,0.4547,0.4543,0.454,0.4536,0.4539,0.4545,0.4552,0.4559,0.4566,0.4572,0.4579,0.4586,0.4593,0.4598,0.4599,0.46,0.4601,0.4602,0.4603,0.4604,0.4605,0.4606,0.4608,0.4609,0.461,0.4611,0.4612,0.4613,0.4905,0.4909,0.4912,0.4916,0.492,0.4924,0.4927,0.4931,0.4935,0.4939,0.4943,0.4946,0.4943
1.1755,1.1695,1.1636,1.1578,1.1521,1.1464,1.1407,1.1351,1.1296,1.1241,1.1187,1.1133,1.108,1.1027,1.0975,1.0923,1.0872,1.0821,1.0771,1.0721,1.0671,1.0622,1.0574,1.0526,1.0478,0,0,0,0,0,0,0,0,0,0,0,0,0,0,0,0,0,0,0,0,0,0,0,0,0,0,0,0,0,0,0,0,0,0,0,0,0,0,0,0,0,0,0,0,0,0,0,0,0,0,0,0,0,0,0,0,0,0,0,0,0,0,0,0,0,0,0,0,0,0,0,0,0,0.4061,0.4063,0.4065,0.4066,0.4068,0.4069,0.407,0.4071,0.4072,0.4074,0.409,0.4106,0.4122,0.4139,0.4155,0.4172,0.4188,0.4205,0.4222,0.4239,0.4247,0.425,0.4246,0.4243,0.4239,0.4235,0.4232,0.4228,0.4225,0.4221,0.4218,0.4214,0.4211,0.4207,0.4204,0.42,0.4197,0.4194,0.4197,0.42,0.4202,0.4203,0.4205,0.4207,0.4208,0.4208,0.4195,0.4182,0.4169,0.4156,0.4156,0.4159,0.4162,0.4165,0.4168,0.4171,0.4174,0.4177,0.418,0.4185,0.4194,0.4202,0.4211,0.422,0.4229,0.4238,0.4247,0.4256,0.4265,0.4274,0.4283,0.4292,0.4308,0.4323,0.4339,0.4355,0.4372,0.4432,0.4502,0.4549,0.4608,0.467,0.4733,0.4853,0.4934,0.4943,0.4952,0.496,0.4969,0.4957,0.4941,0.4924,0.4907,0.489,0.4873,0.4857,0.484,0.4824,0.4807,0.4714,0.4727,0.4632,0.4603,0.4592,0.4589,0.4585,0.4582,0.4579,0.4575,0.4572,0.4569,0.4565,0.4562,0.4559,0.4555,0.4552,0.4549,0.4546,0.4542,0.454,0.4539,0.454,0.4543,0.4548,0.4555,0.4561,0.4568,0.4575,0.4582,0.4588,0.4595,0.46,0.4601,0.4602,0.4603,0.4604,0.4605,0.4606,0.4607,0.4608,0.4609,0.461,0.4902,0.4909,0.4913,0.4917,0.4921,0.4924,0.4928,0.4932,0.4936,0.4939,0.4943,0.4947,0.4948,0.4939,0.493,0.4921
1.1607,1.1549,1.1492,1.1435,1.1379,1.1323,1.1268,1.1213,1.1159,1.1106,1.1053,1.1,1.0948,1.0897,1.0846,1.0795,1.0745,1.0696,1.0646,1.0598,1.0549,1.0502,1.0454,1.0407,0,0,0,0,0,0,0,0,0,0,0,0,0,0,0,0,0,0,0,0,0,0,0,0,0,0,0,0,0,0,0,0,0,0,0,0,0,0,0,0,0,0,0,0,0,0,0,0,0,0,0,0,0,0,0,0,0,0,0,0,0,0,0,0,0,0,0,0,0,0,0,0,0,0,0,0.4063,0.4065,0.4066,0.4068,0.4069,0.407,0.4072,0.4073,0.4077,0.4093,0.4109,0.4125,0.4141,0.4158,0.4174,0.4191,0.4208,0.4225,0.4241,0.4246,0.425,0.4255,0.4255,0.4252,0.4248,0.4244,0.4241,0.4237,0.4234,0.423,0.4227,0.4223,0.422,0.4216,0.4213,0.4209,0.4206,0.4209,0.4212,0.4214,0.4216,0.4218,0.4219,0.4221,0.4217,0.4203,0.419,0.4177,0.4164,0.4161,0.4163,0.4166,0.4169,0.4172,0.4175,0.4178,0.4181,0.4184,0.4187,0.419,0.4198,0.4207,0.4216,0.4224,0.4233,0.4242,0.4251,0.426,0.4269,0.4278,0.4291,0.4306,0.4322,0.4338,0.4354,0.437,0.442,0.4494,0.4517,0.4576,0.4636,0.4698,0.4835,0.496,0.4968,0.4977,0.4986,0.4988,0.4973,0.4956,0.4938,0.4921,0.4904,0.4887,0.4871,0.4854,0.4837,0.4821,0.4804,0.4692,0.4704,0.461,0.4591,0.4588,0.4584,0.4581,0.4578,0.4574,0.4571,0.4568,0.4564,0.4561,0.4558,0.4554,0.4551,0.455,0.4548,0.4547,0.4546,0.4544,0.4547,0.455,0.4553,0.4556,0.456,0.4564,0.4571,0.4577,0.4584,0.4591,0.4598,0.4601,0.4602,0.4603,0.4605,0.4606,0.4607,0.4608,0.4609,0.4899,0.4907,0.4915,0.4921,0.4925,0.4929,0.4933,0.4936,0.494,0.4944,0.4948,0.4952,0.4944,0.4935,0.4926,0.4917,0.4908,0.4899
1.1463,1.1406,1.135,1.1295,1.124,1.1186,1.1132,1.1079,1.1026,1.0974,1.0922,1.0871,1.082,1.077,1.072,1.0671,1.0622,1.0573,1.0525,1.0477,1.043,1.0384,1.0337,1.0196,0,0,0,0,0,0,0,0,0,0,0,0,0,0,0,0,0,0,0,0,0,0,0,0,0,0,0,0,0,0,0,0,0,0,0,0,0,0,0,0,0,0,0,0,0,0,0,0,0,0,0,0,0,0,0,0,0,0,0,0,0,0,0,0,0,0,0,0,0,0,0,0,0,0,0,0,0.4065,0.4066,0.4068,0.407,0.4071,0.4072,0.4073,0.4079,0.4095,0.4111,0.4127,0.4144,0.416,0.4177,0.4193,0.421,0.4227,0.4239,0.4244,0.4249,0.4253,0.4258,0.4262,0.4261,0.4257,0.4253,0.425,0.4246,0.4243,0.4239,0.4236,0.4232,0.4228,0.4225,0.4221,0.4218,0.4221,0.4224,0.4227,0.4229,0.423,0.4232,0.4234,0.4225,0.4212,0.4199,0.4185,0.4172,0.4165,0.4168,0.4171,0.4173,0.4176,0.4179,0.4182,0.4185,0.4188,0.4191,0.4194,0.4197,0.4202,0.4211,0.422,0.4229,0.4238,0.4247,0.4256,0.4265,0.4274,0.4289,0.4305,0.4321,0.4337,0.4353,0.4369,0.4408,0.4486,0.4487,0.4544,0.4603,0.4664,0.4818,0.4944,0.4994,0.5003,0.5012,0.5004,0.4988,0.497,0.4953,0.4936,0.4918,0.4901,0.4884,0.4868,0.4851,0.4834,0.4818,0.4802,0.467,0.4617,0.4593,0.4586,0.4583,0.458,0.4576,0.4573,0.457,0.4566,0.4563,0.4561,0.4559,0.4558,0.4557,0.4555,0.4554,0.4553,0.4551,0.455,0.4553,0.4556,0.456,0.4563,0.4566,0.4569,0.4573,0.4576,0.458,0.4587,0.4594,0.46,0.4603,0.4604,0.4605,0.4606,0.4607,0.4896,0.4904,0.4912,0.492,0.4929,0.4933,0.4937,0.4941,0.4945,0.4948,0.4952,0.495,0.494,0.4931,0.4922,0.4913,0.4904,0.4895,0.4887,0.4878
1.1322,1.1267,1.1213,1.1159,1.1105,1.1052,1.1,1.0948,1.0896,1.0845,1.0795,1.0744,1.0695,1.0646,1.0597,1.0549,1.0501,1.0453,1.0406,1.036,1.0314,1.0268,1.0171,0,0,0,0,0,0,0,0,0,0,0,0,0,0,0,0,0,0,0,0,0,0,0,0,0,0,0,0,0,0,0,0,0,0,0,0,0,0,0,0,0,0,0,0,0,0,0,0,0,0,0,0,0,0,0,0,0,0,0,0,0,0,0,0,0,0,0,0,0,0,0,0,0,0,0,0,0,0.4065,0.4066,0.4068,0.407,0.4071,0.4072,0.4073,0.4081,0.4097,0.4113,0.413,0.4146,0.4162,0.4179,0.4196,0.4213,0.423,0.4237,0.4242,0.4247,0.4251,0.4256,0.4261,0.4265,0.427,0.4266,0.4262,0.4259,0.4255,0.4252,0.4248,0.4245,0.4241,0.4237,0.4234,0.4231,0.4233,0.4236,0.4239,0.4241,0.4243,0.4245,0.4246,0.4234,0.422,0.4207,0.4194,0.4181,0.4169,0.4172,0.4175,0.4178,0.4181,0.4183,0.4186,0.4189,0.4192,0.4195,0.4198,0.4201,0.4204,0.4207,0.4216,0.4224,0.4233,0.4242,0.4251,0.426,0.4273,0.4288,0.4304,0.432,0.4336,0.4352,0.4368,0.4395,0.4477,0.4479,0.4512,0.4571,0.4631,0.4693,0.4926,0.5021,0.503,0.5036,0.502,0.5002,0.4985,0.4967,0.495,0.4933,0.4915,0.4898,0.4882,0.4865,0.4848,0.4832,0.4815,0.4799,0.4624,0.46,0.4585,0.4582,0.4579,0.4575,0.4572,0.457,0.4569,0.4567,0.4566,0.4565,0.4564,0.4562,0.4561,0.456,0.4558,0.4557,0.4557,0.456,0.4563,0.4566,0.4569,0.4573,0.4576,0.4579,0.4582,0.4586,0.4589,0.4592,0.4596,0.4603,0.4605,0.4891,0.4898,0.4904,0.4911,0.4918,0.4926,0.4934,0.4941,0.4945,0.4949,0.4953,0.4955,0.4946,0.4937,0.4927,0.4918,0.4909,0.49,0.4892,0.4883,0.4874,0.4865,0.4856
1.1185,1.1131,1.1078,1.1025,1.0973,1.0921,1.087,1.0819,1.0769,1.0719,1.067,1.0621,1.0572,1.0524,1.0477,1.043,1.0383,1.0336,1.0291,1.0245,1.02,1.0155,0,0,0,0,0,0,0,0,0,0,0,0,0,0,0,0,0,0,0,0,0,0,0,0,0,0,0,0,0,0,0,0,0,0,0,0,0,0,0,0,0,0,0,0,0,0,0,0,0,0,0,0,0,0,0,0,0,0,0,0,0,0,0,0,0,0,0,0,0,0,0,0,0,0,0,0,0,0,0,0.4066,0.4068,0.407,0.4071,0.4072,0.4073,0.4084,0.41,0.4116,0.4132,0.4148,0.4165,0.4182,0.4199,0.4216,0.423,0.4236,0.4241,0.4245,0.425,0.4254,0.4259,0.4264,0.4268,0.4273,0.4275,0.4272,0.4268,0.4264,0.4261,0.4257,0.4254,0.425,0.4246,0.4243,0.4246,0.4248,0.4251,0.4254,0.4256,0.4258,0.4256,0.4243,0.4229,0.4216,0.4202,0.4189,0.4176,0.4176,0.4179,0.4182,0.4185,0.4188,0.4191,0.4194,0.4197,0.42,0.4202,0.4205,0.4208,0.4211,0.4214,0.422,0.4229,0.4238,0.4247,0.4256,0.4271,0.4287,0.4303,0.4318,0.4334,0.435,0.4367,0.4467,0.4469,0.4471,0.4481,0.4539,0.4598,0.4659,0.4909,0.5039,0.5056,0.5053,0.5035,0.5017,0.4999,0.4982,0.4964,0.4947,0.493,0.4913,0.4896,0.4879,0.4862,0.4845,0.4829,0.4812,0.4796,0.478,0.4584,0.4581,0.458,0.4578,0.4577,0.4576,0.4574,0.4573,0.4572,0.457,0.4569,0.4568,0.4566,0.4565,0.4564,0.4563,0.4563,0.4566,0.457,0.4573,0.4576,0.4579,0.4583,0.4586,0.4589,0.4592,0.4596,0.4599,0.4602,0.4893,0.49,0.4906,0.4913,0.492,0.4926,0.4933,0.494,0.4948,0.4954,0.4957,0.4951,0.4942,0.4933,0.4924,0.4915,0.4906,0.4897,0.4888,0.4879,0.487,0.4861,0.4852,0.4844,0.4835
1.1051,1.0999,1.0947,1.0895,1.0844,1.0794,1.0744,1.0694,1.0645,1.0596,1.0548,1.05,1.0453,1.0406,1.0359,1.0313,1.0267,1.0222,1.0177,1.0133,1.0088,0,0,0,0,0,0,0,0,0,0,0,0,0,0,0,0,0,0,0,0,0,0,0,0,0,0,0,0,0,0,0,0,0,0,0,0,0,0,0,0,0,0,0,0,0,0,0,0,0,0,0,0,0,0,0,0,0,0,0,0,0,0,0,0,0,0,0,0,0,0,0,0,0,0,0,0,0,0,0,0,0,0.4068,0.407,0.4072,0.4073,0.4074,0.4086,0.4102,0.4118,0.4134,0.4151,0.4167,0.4184,0.4201,0.4218,0.4228,0.4234,0.4239,0.4243,0.4248,0.4253,0.4257,0.4262,0.4266,0.4271,0.4276,0.428,0.4281,0.4277,0.4273,0.427,0.4266,0.4263,0.4259,0.4255,0.4258,0.4261,0.4264,0.4266,0.4269,0.4271,0.4265,0.4251,0.4238,0.4224,0.4211,0.4198,0.4185,0.418,0.4183,0.4186,0.4189,0.4192,0.4195,0.4198,0.4201,0.4204,0.4207,0.421,0.4213,0.4216,0.4219,0.4222,0.4225,0.4233,0.4242,0.4255,0.427,0.4286,0.4301,0.4313,0.4323,0.4333,0.4343,0.4459,0.446,0.4462,0.4464,0.4507,0.4566,0.4626,0.4891,0.502,0.5083,0.5068,0.505,0.5032,0.5014,0.4996,0.4979,0.4961,0.4944,0.4927,0.491,0.4893,0.4876,0.4859,0.4843,0.4826,0.481,0.4793,0.4777,0.4761,0.4585,0.4584,0.4583,0.4581,0.458,0.4579,0.4577,0.4576,0.4575,0.4573,0.4572,0.4571,0.4569,0.4568,0.457,0.4573,0.4576,0.4579,0.4583,0.4586,0.4589,0.4592,0.4596,0.4599,0.4602,0.4895,0.4901,0.4908,0.4915,0.4921,0.4928,0.4935,0.4941,0.4948,0.4954,0.4956,0.4947,0.4938,0.4929,0.492,0.4911,0.4902,0.4893,0.4884,0.4875,0.4867,0.4858,0.4849,0.484,0.4832,0.4823,0.4814
1.0921,1.0869,1.0818,1.0768,1.0718,1.0669,1.062,1.0572,1.0524,1.0476,1.0429,1.0382,1.0336,1.029,1.0244,1.0199,1.0154,1.011,1.0066,1.0023,0.9889,0,0,0,0,0,0,0,0,0,0,0,0,0,0,0,0,0,0,0,0,0,0,0,0,0,0,0,0,0,0,0,0,0,0,0,0,0,0,0,0,0,0,0,0,0,0,0,0,0,0,0,0,0,0,0,0,0,0,0,0,0,0,0,0,0,0,0,0,0,0,0,0,0,0,0,0,0,0,0,0,0,0,0.407,0.4072,0.4073,0.4074,0.4088,0.4104,0.4121,0.4137,0.4153,0.417,0.4187,0.4204,0.4221,0.4227,0.4233,0.4237,0.4242,0.4246,0.4251,0.4256,0.426,0.4265,0.4269,0.4274,0.4279,0.4283,0.4288,0.4286,0.4283,0.4279,0.4275,0.4272,0.4268,0.427,0.4273,0.4276,0.4279,0.4282,0.4284,0.4274,0.426,0.4246,0.4233,0.422,0.4206,0.4193,0.4184,0.4187,0.419,0.4193,0.4196,0.4199,0.4202,0.4205,0.4208,0.4211,0.4214,0.4217,0.422,0.4223,0.4226,0.4229,0.4232,0.4238,0.4251,0.4261,0.427,0.428,0.429,0.4299,0.4309,0.4319,0.445,0.4452,0.4454,0.4456,0.4476,0.4534,0.4593,0.4873,0.5002,0.5101,0.5083,0.5065,0.5047,0.5029,0.5011,0.4993,0.4976,0.4958,0.4941,0.4924,0.4907,0.489,0.4873,0.4856,0.484,0.4823,0.4807,0.4791,0.4774,0.4758,0.4742,0.4606,0.4587,0.4586,0.4584,0.4583,0.4582,0.458,0.4579,0.4578,0.4576,0.4575,0.4574,0.4576,0.458,0.4583,0.4586,0.4589,0.4593,0.4596,0.4599,0.4888,0.4894,0.49,0.4907,0.4913,0.4919,0.4926,0.4932,0.4939,0.4945,0.4952,0.4952,0.4944,0.4935,0.4926,0.4917,0.4908,0.4899,0.489,0.4881,0.4872,0.4863,0.4855,0.4846,0.4837,0.4828,0.482,0.4811,0.4803,0.4794
