# shape=256x256 max_depth=10.0 scene=5cdEh9F2hJL episode=7 step=70,Column1,_1,_2,_3,_4,_5,_6,_7,_8,_9,_10,_11,_12,_13,_14,_15,_16,_17,_18,_19,_20,_21,_22,_23,_24,_25,_26,_27,_28,_29,_30,_31,_32,_33,_34,_35,_36,_37,_38,_39,_40,_41,_42,_43,_44,_45,_46,_47,_48,_49,_50,_51,_52,_53,_54,_55,_56,_57,_58,_59,_60,_61,_62,_63,_64,_65,_66,_67,_68,_69,_70,_71,_72,_73,_74,_75,_76,_77,_78,_79,_80,_81,_82,_83,_84,_85,_86,_87,_88,_89,_90,_91,_92,_93,_94,_95,_96,_97,_98,_99,_100,_101,_102,_103,_104,_105,_106,_107,_108,_109,_110,_111,_112,_113,_114,_115,_116,_117,_118,_119,_120,_121,_122,_123,_124,_125,_126,_127,_128,_129,_130,_131,_132,_133,_134,_135,_136,_137,_138,_139,_140,_141,_142,_143,_144,_145,_146,_147,_148,_149,_150,_151,_152,_153,_154,_155,_156,_157,_158,_159,_160,_161,_162,_163,_164,_165,_166,_167,_168,_169,_170,_171,_172,_173,_174,_175,_176,_177,_178,_179,_180,_181,_182,_183,_184,_185,_186,_187,_188,_189,_190,_191,_192,_193,_194,_195,_196,_197,_198,_199,_200,_201,_202,_203,_204,_205,_206,_207,_208,_209,_210,_211,_212,_213,_214,_215,_216,_217,_218,_219,_220,_221,_222,_223,_224,_225,_226,_227,_228,_229,_230,_231,_232,_233,_234,_235,_236,_237,_238,_239,_240,_241,_242,_243,_244,_245,_246,_247,_248,_249,_250,_251,_252,_253,_254
0.1586,0.1588,0.159,0.1592,0.1593,0.1595,0.1597,0.1607,0.1619,0.1631,0.1643,0.1656,0.1668,0.1795,0.1795,0.1795,0.1794,0.1794,0.1794,0.1794,0.1794,0.1794,0.1794,0.1793,0.1793,0.1793,0.1793,0.1793,0.1793,0.1792,0.1792,0.1792,0.1792,0.1792,0.1792,0.1791,0.1791,0.1791,0.1791,0.1791,0.1791,0.179,0.179,0.179,0.179,0.179,0.179,0.179,0.1789,0.1789,0.1789,0.1789,0.1789,0.1789,0.1788,0.1788,0.1788,0.1788,0.1788,0.1788,0.1787,0.1787,0.1787,0.1787,0.1787,0.1787,0.1786,0.1786,0.1786,0.1786,0.1786,0.1786,0.1786,0.1786,0.1787,0.1787,0.1787,0.1787,0.1788,0.1788,0.1788,0.1789,0.1789,0.1789,0.179,0.179,0.179,0.1791,0.1791,0.1791,0.1791,0.1792,0.1792,0.1792,0.0489,0.0484,0.0479,0.0479,0.0478,0.0477,0.0477,0.0477,0.0476,0.0476,0.0476,0.0475,0.0475,0.0475,0.0474,0.0474,0.0474,0.0475,0.0475,0.0475,0.0475,0.0475,0.0475,0.0475,0.0475,0.0475,0.0476,0.0476,0.0476,0.0476,0.0476,0.0476,0.0476,0.0476,0.0476,0.0477,0.0477,0.0477,0.0477,0.0477,0.0477,0.0477,0.0477,0.0477,0.0477,0.0477,0.0477,0.0477,0.0477,0.0477,0.0477,0.0477,0.0478,0.0478,0.0478,0.0478,0.0478,0.0478,0.0478,0.0478,0.0478,0.0478,0.0478,0.0478,0.0479,0.0479,0.0483,0.1866,0.1867,0.1869,0.187,0.1871,0.1873,0.1874,0.1876,0.1877,0.1879,0.188,0.1881,0.1883,0.1884,0.1886,0.1887,0.1889,0.189,0.1892,0.1893,0.1894,0.1896,0.1897,0.1899,0.19,0.1902,0.1903,0.1905,0.1907,0.1909,0.1911,0.1913,0.1915,0.1917,0.1919,0.1921,0.1923,0.1925,0.1927,0.1929,0.1931,0.1933,0.1935,0.1937,0.1944,0.1954,0.1965,0.1975,0.1986,0.1997,0.2007,0.2018,0.203,0.2041,0.2052,0.2061,0.2069,0.2078,0.2086,0.2095,0.2104,0.2112,0.2112,0.2107,0.2102,0.2097,0.2093,0.2088,0.2083,0.2078,0.2074,0.2069,0.2065,0.206,0.2055,0.2051,0.2048,0.2044,0.2041,0.2038,0.2035,0.2032,0.2029,0.2026,0.2023,0.202,0.2017,0.2014,0.2011,0.2008,0.2005,0.2002,0.1999,0.1996,0.1993
0.1581,0.1583,0.1585,0.1586,0.1588,0.159,0.1592,0.1593,0.1595,0.1597,0.1599,0.16,0.1602,0.1611,0.1623,0.1635,0.1648,0.166,0.1673,0.1686,0.1801,0.1801,0.1801,0.1801,0.18,0.18,0.18,0.18,0.18,0.18,0.1799,0.1799,0.1799,0.1799,0.1799,0.1799,0.1799,0.1798,0.1798,0.1798,0.1798,0.1798,0.1798,0.1797,0.1797,0.1797,0.1797,0.1797,0.1797,0.1796,0.1796,0.1796,0.1796,0.1796,0.1796,0.1795,0.1795,0.1795,0.1795,0.1795,0.1795,0.1794,0.1794,0.1794,0.1794,0.1794,0.1794,0.1794,0.1793,0.1793,0.1793,0.1793,0.1793,0.1793,0.1792,0.1792,0.1792,0.1793,0.1793,0.1793,0.1794,0.1794,0.1794,0.1795,0.1795,0.1795,0.1796,0.1796,0.1796,0.1796,0.1797,0.1797,0.1797,0.1798,0.1798,0.0489,0.0484,0.0482,0.0482,0.0481,0.0481,0.0481,0.048,0.048,0.0479,0.0479,0.0479,0.0478,0.0478,0.0478,0.0478,0.0478,0.0478,0.0479,0.0479,0.0479,0.0479,0.0479,0.0479,0.0479,0.0479,0.0479,0.048,0.048,0.048,0.048,0.048,0.048,0.048,0.048,0.048,0.0481,0.0481,0.0481,0.0481,0.0481,0.0481,0.0481,0.0481,0.0481,0.0481,0.0481,0.0481,0.0481,0.0481,0.0481,0.0481,0.0481,0.0481,0.0481,0.0481,0.0481,0.0481,0.0481,0.0481,0.0481,0.0482,0.0482,0.0482,0.0483,0.0489,0.1869,0.187,0.1872,0.1873,0.1874,0.1876,0.1877,0.1879,0.188,0.1882,0.1883,0.1885,0.1886,0.1887,0.1889,0.189,0.1892,0.1893,0.1895,0.1896,0.1898,0.1899,0.1901,0.1902,0.1903,0.1905,0.1906,0.1908,0.191,0.1912,0.1914,0.1916,0.1918,0.192,0.1922,0.1924,0.1926,0.1928,0.193,0.1932,0.1934,0.1936,0.1938,0.194,0.1949,0.196,0.197,0.1981,0.1991,0.2002,0.2013,0.2024,0.2035,0.2047,0.2058,0.2067,0.2075,0.2084,0.2092,0.2101,0.211,0.2119,0.2114,0.2109,0.2105,0.21,0.2095,0.209,0.2086,0.2081,0.2076,0.2072,0.2067,0.2062,0.2058,0.2054,0.2051,0.2048,0.2045,0.2042,0.2039,0.2036,0.2033,0.203,0.2027,0.2023,0.202,0.2017,0.2014,0.2011,0.2008,0.2005,0.2003,0.2,0.1997
0.1576,0.1578,0.1579,0.1581,0.1583,0.1585,0.1586,0.1588,0.159,0.1592,0.1593,0.1595,0.1597,0.1599,0.16,0.1602,0.1604,0.1606,0.1607,0.1615,0.1627,0.164,0.1652,0.1664,0.1677,0.169,0.1807,0.1807,0.1807,0.1807,0.1807,0.1807,0.1806,0.1806,0.1806,0.1806,0.1806,0.1806,0.1805,0.1805,0.1805,0.1805,0.1805,0.1805,0.1805,0.1804,0.1804,0.1804,0.1804,0.1804,0.1804,0.1803,0.1803,0.1803,0.1803,0.1803,0.1803,0.1802,0.1802,0.1802,0.1802,0.1802,0.1802,0.1801,0.1801,0.1801,0.1801,0.1801,0.1801,0.18,0.18,0.18,0.18,0.18,0.18,0.18,0.1799,0.1799,0.1799,0.1799,0.1799,0.1799,0.18,0.18,0.18,0.1801,0.1801,0.1801,0.1801,0.1802,0.1802,0.1802,0.1803,0.1803,0.1803,0.0495,0.0489,0.0486,0.0486,0.0485,0.0485,0.0484,0.0484,0.0484,0.0483,0.0483,0.0483,0.0482,0.0482,0.0482,0.0482,0.0482,0.0482,0.0482,0.0482,0.0483,0.0483,0.0483,0.0483,0.0483,0.0483,0.0483,0.0483,0.0483,0.0484,0.0484,0.0484,0.0484,0.0484,0.0484,0.0484,0.0484,0.0485,0.0485,0.0485,0.0485,0.0485,0.0485,0.0485,0.0485,0.0485,0.0485,0.0485,0.0485,0.0485,0.0485,0.0485,0.0485,0.0485,0.0485,0.0485,0.0485,0.0485,0.0485,0.0485,0.0485,0.0486,0.0486,0.0486,0.0488,0.0495,0.1872,0.1873,0.1875,0.1876,0.1878,0.1879,0.188,0.1882,0.1883,0.1885,0.1886,0.1888,0.1889,0.1891,0.1892,0.1893,0.1895,0.1896,0.1898,0.1899,0.1901,0.1902,0.1904,0.1905,0.1907,0.1908,0.191,0.1912,0.1914,0.1916,0.1918,0.192,0.1922,0.1924,0.1926,0.1928,0.193,0.1932,0.1934,0.1936,0.1938,0.194,0.1942,0.1944,0.1955,0.1965,0.1976,0.1986,0.1997,0.2008,0.2019,0.203,0.2041,0.2052,0.2064,0.2073,0.2081,0.209,0.2098,0.2107,0.2116,0.2122,0.2117,0.2112,0.2107,0.2103,0.2098,0.2093,0.2088,0.2084,0.2079,0.2074,0.207,0.2065,0.2061,0.2058,0.2055,0.2052,0.2048,0.2045,0.2042,0.2039,0.2036,0.2033,0.203,0.2027,0.2024,0.2021,0.2018,0.2015,0.2012,0.2009,0.2006,0.2003,0.2
0.1571,0.1573,0.1574,0.1576,0.1578,0.1579,0.1581,0.1583,0.1585,0.1586,0.1588,0.159,0.1592,0.1593,0.1595,0.1597,0.1599,0.16,0.1602,0.1604,0.1606,0.1607,0.1609,0.1611,0.1613,0.162,0.1632,0.1644,0.1656,0.1669,0.1682,0.1695,0.1708,0.1814,0.1813,0.1813,0.1813,0.1813,0.1813,0.1813,0.1813,0.1812,0.1812,0.1812,0.1812,0.1812,0.1812,0.1811,0.1811,0.1811,0.1811,0.1811,0.1811,0.181,0.181,0.181,0.181,0.181,0.181,0.1809,0.1809,0.1809,0.1809,0.1809,0.1809,0.1808,0.1808,0.1808,0.1808,0.1808,0.1808,0.1807,0.1807,0.1807,0.1807,0.1807,0.1807,0.1806,0.1806,0.1806,0.1806,0.1806,0.1806,0.1806,0.1806,0.1806,0.1806,0.1807,0.1807,0.1807,0.1807,0.1808,0.1808,0.1808,0.1809,0.05,0.0495,0.049,0.049,0.0489,0.0489,0.0488,0.0488,0.0488,0.0487,0.0487,0.0486,0.0486,0.0486,0.0486,0.0486,0.0486,0.0486,0.0486,0.0486,0.0486,0.0487,0.0487,0.0487,0.0487,0.0487,0.0487,0.0487,0.0487,0.0488,0.0488,0.0488,0.0488,0.0488,0.0488,0.0488,0.0488,0.0488,0.0489,0.0489,0.0489,0.0489,0.0489,0.0489,0.0489,0.0489,0.0489,0.0489,0.0489,0.0489,0.0489,0.0489,0.0489,0.0489,0.0489,0.0489,0.0489,0.0489,0.0489,0.0489,0.0489,0.049,0.049,0.049,0.0494,0.0501,0.1875,0.1876,0.1878,0.1879,0.1881,0.1882,0.1883,0.1885,0.1886,0.1888,0.1889,0.1891,0.1892,0.1894,0.1895,0.1897,0.1898,0.1899,0.1901,0.1902,0.1904,0.1905,0.1907,0.1908,0.191,0.1911,0.1913,0.1915,0.1917,0.1919,0.1921,0.1923,0.1925,0.1927,0.1929,0.1931,0.1933,0.1935,0.1937,0.1939,0.1941,0.1943,0.1945,0.195,0.196,0.197,0.1981,0.1992,0.2002,0.2013,0.2024,0.2035,0.2047,0.2058,0.207,0.2079,0.2087,0.2096,0.2104,0.2113,0.2122,0.2124,0.212,0.2115,0.211,0.2105,0.21,0.2096,0.2091,0.2086,0.2082,0.2077,0.2072,0.2068,0.2065,0.2061,0.2058,0.2055,0.2052,0.2049,0.2046,0.2043,0.204,0.2037,0.2034,0.203,0.2027,0.2024,0.2021,0.2018,0.2015,0.2012,0.2009,0.2006,0.2003
0.1554,0.1568,0.1569,0.1571,0.1573,0.1574,0.1576,0.1578,0.1579,0.1581,0.1583,0.1585,0.1586,0.1588,0.159,0.1592,0.1593,0.1595,0.1597,0.1599,0.16,0.1602,0.1604,0.1606,0.1607,0.1609,0.1611,0.1613,0.1614,0.1616,0.1618,0.1624,0.1636,0.1648,0.1661,0.1673,0.1686,0.1699,0.1712,0.182,0.182,0.182,0.182,0.1819,0.1819,0.1819,0.1819,0.1819,0.1819,0.1818,0.1818,0.1818,0.1818,0.1818,0.1818,0.1817,0.1817,0.1817,0.1817,0.1817,0.1817,0.1816,0.1816,0.1816,0.1816,0.1816,0.1816,0.1815,0.1815,0.1815,0.1815,0.1815,0.1815,0.1815,0.1814,0.1814,0.1814,0.1814,0.1814,0.1814,0.1813,0.1813,0.1813,0.1813,0.1813,0.1813,0.1812,0.1812,0.1812,0.1813,0.1813,0.1813,0.1814,0.1814,0.1814,0.0506,0.05,0.0495,0.0494,0.0493,0.0493,0.0492,0.0492,0.0492,0.0491,0.0491,0.049,0.049,0.049,0.049,0.049,0.049,0.049,0.049,0.049,0.049,0.0491,0.0491,0.0491,0.0491,0.0491,0.0491,0.0491,0.0491,0.0491,0.0492,0.0492,0.0492,0.0492,0.0492,0.0492,0.0492,0.0492,0.0492,0.0492,0.0493,0.0493,0.0493,0.0493,0.0493,0.0493,0.0493,0.0493,0.0493,0.0493,0.0493,0.0493,0.0493,0.0493,0.0493,0.0493,0.0493,0.0493,0.0493,0.0493,0.0493,0.0494,0.0494,0.0495,0.0499,0.1877,0.1878,0.1879,0.1881,0.1882,0.1884,0.1885,0.1887,0.1888,0.1889,0.1891,0.1892,0.1894,0.1895,0.1897,0.1898,0.19,0.1901,0.1903,0.1904,0.1906,0.1907,0.1909,0.191,0.1912,0.1913,0.1915,0.1917,0.1919,0.1921,0.1923,0.1925,0.1927,0.1929,0.1931,0.1933,0.1935,0.1937,0.1939,0.1941,0.1943,0.1945,0.1947,0.1949,0.1955,0.1965,0.1976,0.1986,0.1997,0.2008,0.2019,0.203,0.2041,0.2053,0.2064,0.2076,0.2084,0.2093,0.2102,0.2111,0.2119,0.2128,0.2127,0.2122,0.2117,0.2113,0.2108,0.2103,0.2098,0.2094,0.2089,0.2084,0.2079,0.2075,0.2071,0.2068,0.2065,0.2062,0.2059,0.2056,0.2053,0.2049,0.2046,0.2043,0.204,0.2037,0.2034,0.2031,0.2028,0.2025,0.2022,0.2019,0.2016,0.2013,0.201,0.2007
0.1494,0.1495,0.151,0.1525,0.1541,0.1557,0.1571,0.1573,0.1574,0.1576,0.1578,0.1579,0.1581,0.1583,0.1585,0.1586,0.1588,0.159,0.1592,0.1593,0.1595,0.1597,0.1599,0.16,0.1602,0.1604,0.1606,0.1607,0.1609,0.1611,0.1613,0.1614,0.1616,0.1618,0.162,0.1622,0.1623,0.1628,0.164,0.1652,0.1665,0.1678,0.1691,0.1704,0.1717,0.1827,0.1826,0.1826,0.1826,0.1826,0.1826,0.1826,0.1825,0.1825,0.1825,0.1825,0.1825,0.1825,0.1824,0.1824,0.1824,0.1824,0.1824,0.1824,0.1823,0.1823,0.1823,0.1823,0.1823,0.1823,0.1822,0.1822,0.1822,0.1822,0.1822,0.1822,0.1821,0.1821,0.1821,0.1821,0.1821,0.1821,0.182,0.182,0.182,0.182,0.182,0.182,0.1819,0.1819,0.1819,0.1819,0.1819,0.1819,0.182,0.182,0.0506,0.05,0.0498,0.0498,0.0497,0.0496,0.0496,0.0496,0.0495,0.0495,0.0494,0.0494,0.0494,0.0494,0.0494,0.0494,0.0494,0.0494,0.0494,0.0494,0.0495,0.0495,0.0495,0.0495,0.0495,0.0495,0.0495,0.0495,0.0496,0.0496,0.0496,0.0496,0.0496,0.0496,0.0496,0.0496,0.0496,0.0496,0.0496,0.0496,0.0496,0.0497,0.0497,0.0497,0.0497,0.0497,0.0497,0.0497,0.0497,0.0497,0.0497,0.0497,0.0497,0.0497,0.0497,0.0497,0.0497,0.0497,0.0497,0.0497,0.0498,0.0498,0.0499,0.0506,0.188,0.1881,0.1882,0.1884,0.1885,0.1887,0.1888,0.189,0.1891,0.1893,0.1894,0.1895,0.1897,0.1898,0.19,0.1901,0.1903,0.1904,0.1906,0.1907,0.1909,0.191,0.1912,0.1913,0.1915,0.1916,0.1918,0.192,0.1922,0.1924,0.1926,0.1928,0.193,0.1932,0.1934,0.1936,0.1938,0.194,0.1942,0.1944,0.1946,0.1948,0.195,0.1952,0.196,0.1971,0.1981,0.1992,0.2003,0.2014,0.2025,0.2036,0.2047,0.2058,0.207,0.2082,0.2091,0.2099,0.2108,0.2117,0.2126,0.2135,0.213,0.2125,0.212,0.2115,0.211,0.2106,0.2101,0.2096,0.2091,0.2087,0.2082,0.2078,0.2075,0.2072,0.2069,0.2066,0.2062,0.2059,0.2056,0.2053,0.205,0.2047,0.2044,0.2041,0.2038,0.2034,0.2031,0.2028,0.2025,0.2022,0.2019,0.2016,0.2013,0.201
0.1495,0.1496,0.1497,0.1497,0.1498,0.1498,0.1499,0.1512,0.1528,0.1543,0.1559,0.1574,0.1576,0.1578,0.1579,0.1581,0.1583,0.1585,0.1586,0.1588,0.159,0.1592,0.1593,0.1595,0.1597,0.1599,0.16,0.1602,0.1604,0.1606,0.1607,0.1609,0.1611,0.1613,0.1614,0.1616,0.1618,0.162,0.1622,0.1623,0.1625,0.1627,0.1629,0.1632,0.1644,0.1657,0.1669,0.1682,0.1695,0.1708,0.1722,0.1735,0.1833,0.1833,0.1833,0.1832,0.1832,0.1832,0.1832,0.1832,0.1832,0.1831,0.1831,0.1831,0.1831,0.1831,0.1831,0.183,0.183,0.183,0.183,0.183,0.183,0.1829,0.1829,0.1829,0.1829,0.1829,0.1829,0.1828,0.1828,0.1828,0.1828,0.1828,0.1828,0.1827,0.1827,0.1827,0.1827,0.1827,0.1827,0.1826,0.1826,0.1826,0.1826,0.1826,0.0511,0.0506,0.0502,0.0502,0.0501,0.0501,0.05,0.05,0.0499,0.0499,0.0499,0.0498,0.0498,0.0498,0.0498,0.0498,0.0498,0.0498,0.0498,0.0498,0.0499,0.0499,0.0499,0.0499,0.0499,0.0499,0.0499,0.0499,0.05,0.05,0.05,0.05,0.05,0.05,0.05,0.05,0.05,0.05,0.05,0.05,0.0501,0.0501,0.0501,0.0501,0.0501,0.0501,0.0501,0.0501,0.0501,0.0501,0.0501,0.0501,0.0501,0.0501,0.0501,0.0501,0.0501,0.0501,0.0501,0.0501,0.0502,0.0502,0.0505,0.0512,0.1883,0.1884,0.1886,0.1887,0.1888,0.189,0.1891,0.1893,0.1894,0.1896,0.1897,0.1899,0.19,0.1902,0.1903,0.1904,0.1906,0.1907,0.1909,0.191,0.1912,0.1913,0.1915,0.1916,0.1918,0.1919,0.1921,0.1923,0.1925,0.1927,0.1929,0.1931,0.1934,0.1936,0.1938,0.194,0.1942,0.1944,0.1946,0.1948,0.195,0.1952,0.1954,0.1956,0.1965,0.1976,0.1987,0.1997,0.2008,0.2019,0.203,0.2041,0.2053,0.2064,0.2076,0.2088,0.2097,0.2105,0.2114,0.2123,0.2132,0.2138,0.2133,0.2128,0.2123,0.2118,0.2113,0.2108,0.2104,0.2099,0.2094,0.2089,0.2085,0.2082,0.2079,0.2076,0.2072,0.2069,0.2066,0.2063,0.206,0.2057,0.2053,0.205,0.2047,0.2044,0.2041,0.2038,0.2035,0.2032,0.2029,0.2026,0.2023,0.202,0.2017,0.2014
0.1497,0.1498,0.1498,0.1499,0.15,0.15,0.1501,0.1501,0.1502,0.1503,0.1503,0.1504,0.1515,0.153,0.1546,0.1562,0.1578,0.1579,0.1581,0.1583,0.1585,0.1586,0.1588,0.159,0.1592,0.1593,0.1595,0.1597,0.1599,0.16,0.1602,0.1604,0.1606,0.1607,0.1609,0.1611,0.1613,0.1614,0.1616,0.1618,0.162,0.1622,0.1623,0.1625,0.1627,0.1629,0.1631,0.1633,0.1634,0.1636,0.1649,0.1661,0.1674,0.1687,0.17,0.1713,0.1726,0.174,0.184,0.1839,0.1839,0.1839,0.1839,0.1839,0.1839,0.1838,0.1838,0.1838,0.1838,0.1838,0.1837,0.1837,0.1837,0.1837,0.1837,0.1837,0.1836,0.1836,0.1836,0.1836,0.1836,0.1836,0.1835,0.1835,0.1835,0.1835,0.1835,0.1835,0.1834,0.1834,0.1834,0.1834,0.1834,0.1834,0.1833,0.1833,0.0517,0.0511,0.0507,0.0506,0.0506,0.0505,0.0504,0.0504,0.0504,0.0503,0.0503,0.0502,0.0502,0.0502,0.0502,0.0502,0.0502,0.0502,0.0503,0.0503,0.0503,0.0503,0.0503,0.0503,0.0503,0.0503,0.0504,0.0504,0.0504,0.0504,0.0504,0.0504,0.0504,0.0504,0.0504,0.0504,0.0505,0.0505,0.0505,0.0505,0.0505,0.0505,0.0505,0.0505,0.0505,0.0505,0.0505,0.0505,0.0505,0.0505,0.0505,0.0505,0.0505,0.0505,0.0505,0.0505,0.0505,0.0505,0.0505,0.0506,0.0506,0.0507,0.0511,0.1885,0.1886,0.1888,0.1889,0.189,0.1891,0.1893,0.1894,0.1896,0.1897,0.1899,0.19,0.1902,0.1903,0.1905,0.1906,0.1908,0.1909,0.1911,0.1912,0.1914,0.1915,0.1917,0.1918,0.192,0.1921,0.1923,0.1925,0.1927,0.1929,0.1931,0.1933,0.1935,0.1937,0.1939,0.1941,0.1943,0.1945,0.1947,0.1949,0.1951,0.1953,0.1956,0.1958,0.196,0.1971,0.1981,0.1992,0.2003,0.2014,0.2025,0.2036,0.2047,0.2059,0.207,0.2082,0.2094,0.2103,0.2111,0.212,0.2129,0.2138,0.214,0.2135,0.213,0.2126,0.2121,0.2116,0.2111,0.2106,0.2101,0.2097,0.2092,0.2089,0.2086,0.2082,0.2079,0.2076,0.2073,0.207,0.2067,0.2063,0.206,0.2057,0.2054,0.2051,0.2048,0.2045,0.2042,0.2038,0.2035,0.2032,0.2029,0.2026,0.2023,0.202,0.2017
0.1499,0.15,0.15,0.1501,0.1501,0.1502,0.1503,0.1503,0.1504,0.1504,0.1505,0.1506,0.1506,0.1507,0.1507,0.1508,0.1509,0.1518,0.1533,0.1549,0.1565,0.1581,0.1583,0.1585,0.1586,0.1588,0.159,0.1592,0.1593,0.1595,0.1597,0.1598,0.16,0.1602,0.1604,0.1606,0.1607,0.1609,0.1611,0.1613,0.1614,0.1616,0.1618,0.162,0.1622,0.1623,0.1625,0.1627,0.1629,0.1631,0.1633,0.1634,0.1636,0.1638,0.164,0.1642,0.1653,0.1665,0.1678,0.1691,0.1704,0.1718,0.1731,0.1745,0.1759,0.1846,0.1846,0.1846,0.1845,0.1845,0.1845,0.1845,0.1845,0.1845,0.1844,0.1844,0.1844,0.1844,0.1844,0.1844,0.1843,0.1843,0.1843,0.1843,0.1843,0.1843,0.1842,0.1842,0.1842,0.1842,0.1842,0.1842,0.1841,0.1841,0.1841,0.1841,0.1841,0.0517,0.0511,0.0511,0.051,0.0509,0.0509,0.0508,0.0508,0.0507,0.0507,0.0507,0.0506,0.0506,0.0506,0.0506,0.0506,0.0507,0.0507,0.0507,0.0507,0.0507,0.0507,0.0507,0.0507,0.0508,0.0508,0.0508,0.0508,0.0508,0.0508,0.0508,0.0509,0.0509,0.0509,0.0509,0.0509,0.0509,0.0509,0.0509,0.0509,0.0509,0.0509,0.0509,0.0509,0.0509,0.0509,0.0509,0.0509,0.0509,0.0509,0.0509,0.0509,0.0509,0.0509,0.0509,0.0509,0.0509,0.051,0.051,0.0511,0.0511,0.0517,0.1889,0.189,0.1891,0.1892,0.1893,0.1895,0.1896,0.1898,0.1899,0.19,0.1902,0.1903,0.1905,0.1906,0.1908,0.1909,0.1911,0.1912,0.1914,0.1915,0.1917,0.1918,0.192,0.1921,0.1923,0.1924,0.1926,0.1928,0.193,0.1932,0.1934,0.1936,0.1939,0.1941,0.1943,0.1945,0.1947,0.1949,0.1951,0.1953,0.1955,0.1957,0.1959,0.1961,0.1966,0.1976,0.1987,0.1998,0.2008,0.2019,0.203,0.2042,0.2053,0.2064,0.2076,0.2088,0.21,0.2109,0.2118,0.2126,0.2135,0.2145,0.2143,0.2138,0.2133,0.2128,0.2123,0.2118,0.2114,0.2109,0.2104,0.2099,0.2096,0.2093,0.2089,0.2086,0.2083,0.208,0.2077,0.2073,0.207,0.2067,0.2064,0.2061,0.2058,0.2054,0.2051,0.2048,0.2045,0.2042,0.2039,0.2036,0.2033,0.203,0.2027,0.2024,0.2021
0.1501,0.1501,0.1502,0.1503,0.1503,0.1504,0.1504,0.1505,0.1506,0.1506,0.1507,0.1507,0.1508,0.1509,0.1509,0.151,0.1511,0.1511,0.1512,0.1512,0.1513,0.1514,0.1521,0.1536,0.1552,0.1568,0.1585,0.1586,0.1588,0.159,0.1592,0.1593,0.1595,0.1597,0.1598,0.16,0.1602,0.1604,0.1606,0.1607,0.1609,0.1611,0.1613,0.1614,0.1616,0.1618,0.162,0.1622,0.1623,0.1625,0.1627,0.1629,0.1631,0.1633,0.1634,0.1636,0.1638,0.164,0.1642,0.1644,0.1645,0.1647,0.1657,0.167,0.1683,0.1696,0.1709,0.1722,0.1736,0.175,0.1764,0.1853,0.1852,0.1852,0.1852,0.1852,0.1852,0.1852,0.1851,0.1851,0.1851,0.1851,0.1851,0.1851,0.185,0.185,0.185,0.185,0.185,0.185,0.1849,0.1849,0.1849,0.1849,0.1849,0.1849,0.1848,0.0523,0.0517,0.0515,0.0514,0.0514,0.0513,0.0513,0.0512,0.0512,0.0511,0.0511,0.0511,0.051,0.051,0.0511,0.0511,0.0511,0.0511,0.0511,0.0511,0.0511,0.0512,0.0512,0.0512,0.0512,0.0512,0.0512,0.0512,0.0512,0.0513,0.0513,0.0513,0.0513,0.0513,0.0513,0.0513,0.0513,0.0513,0.0513,0.0513,0.0513,0.0513,0.0513,0.0513,0.0513,0.0513,0.0513,0.0513,0.0513,0.0513,0.0513,0.0513,0.0513,0.0513,0.0513,0.0513,0.0514,0.0514,0.0515,0.0515,0.0517,0.0524,0.1892,0.1893,0.1894,0.1895,0.1897,0.1898,0.1899,0.1901,0.1902,0.1904,0.1905,0.1907,0.1908,0.191,0.1911,0.1913,0.1914,0.1915,0.1917,0.1918,0.192,0.1921,0.1923,0.1924,0.1926,0.1928,0.193,0.1932,0.1934,0.1936,0.1938,0.194,0.1942,0.1944,0.1946,0.1948,0.195,0.1952,0.1954,0.1956,0.1959,0.1961,0.1963,0.1965,0.1971,0.1982,0.1992,0.2003,0.2014,0.2025,0.2036,0.2047,0.2059,0.207,0.2082,0.2094,0.2106,0.2115,0.2124,0.2133,0.2142,0.2151,0.2146,0.2141,0.2136,0.2131,0.2126,0.2121,0.2116,0.2112,0.2107,0.2103,0.21,0.2096,0.2093,0.209,0.2087,0.2083,0.208,0.2077,0.2074,0.2071,0.2067,0.2064,0.2061,0.2058,0.2055,0.2052,0.2049,0.2046,0.2043,0.2039,0.2036,0.2033,0.203,0.2027,0.2024
0.1503,0.1503,0.1504,0.1504,0.1505,0.1506,0.1506,0.1507,0.1507,0.1508,0.1509,0.1509,0.151,0.1511,0.1511,0.1512,0.1512,0.1513,0.1514,0.1514,0.1515,0.1515,0.1516,0.1517,0.1517,0.1518,0.1519,0.1523,0.1539,0.1555,0.1571,0.1588,0.159,0.1592,0.1593,0.1595,0.1597,0.1598,0.16,0.1602,0.1604,0.1606,0.1607,0.1609,0.1611,0.1613,0.1614,0.1616,0.1618,0.162,0.1622,0.1623,0.1625,0.1627,0.1629,0.1631,0.1633,0.1634,0.1636,0.1638,0.164,0.1642,0.1644,0.1645,0.1647,0.1649,0.1651,0.1653,0.1661,0.1674,0.1687,0.17,0.1713,0.1727,0.1741,0.1754,0.1769,0.1859,0.1859,0.1859,0.1859,0.1859,0.1858,0.1858,0.1858,0.1858,0.1858,0.1858,0.1857,0.1857,0.1857,0.1857,0.1857,0.1857,0.1856,0.1856,0.1856,0.0529,0.0523,0.0519,0.0519,0.0518,0.0518,0.0517,0.0517,0.0516,0.0516,0.0515,0.0515,0.0515,0.0515,0.0515,0.0515,0.0515,0.0515,0.0516,0.0516,0.0516,0.0516,0.0516,0.0516,0.0516,0.0516,0.0517,0.0517,0.0517,0.0517,0.0517,0.0517,0.0517,0.0517,0.0517,0.0517,0.0517,0.0517,0.0517,0.0517,0.0517,0.0517,0.0517,0.0517,0.0517,0.0517,0.0517,0.0518,0.0518,0.0518,0.0518,0.0518,0.0518,0.0518,0.0518,0.0518,0.0518,0.0519,0.0519,0.052,0.0523,0.1894,0.1895,0.1896,0.1898,0.1899,0.19,0.1901,0.1902,0.1904,0.1905,0.1907,0.1908,0.191,0.1911,0.1913,0.1914,0.1916,0.1917,0.1919,0.192,0.1922,0.1923,0.1925,0.1926,0.1928,0.1929,0.1931,0.1933,0.1935,0.1937,0.1939,0.1942,0.1944,0.1946,0.1948,0.195,0.1952,0.1954,0.1956,0.1958,0.196,0.1962,0.1964,0.1966,0.1968,0.1976,0.1987,0.1998,0.2009,0.202,0.2031,0.2042,0.2053,0.2065,0.2076,0.2088,0.21,0.2112,0.2121,0.213,0.2139,0.2148,0.2153,0.2148,0.2144,0.2139,0.2134,0.2129,0.2124,0.2119,0.2114,0.211,0.2107,0.2103,0.21,0.2097,0.2094,0.209,0.2087,0.2084,0.2081,0.2077,0.2074,0.2071,0.2068,0.2065,0.2062,0.2059,0.2055,0.2052,0.2049,0.2046,0.2043,0.204,0.2037,0.2034,0.2031,0.2028
0.1504,0.1505,0.1506,0.1506,0.1507,0.1507,0.1508,0.1509,0.1509,0.151,0.1511,0.1511,0.1512,0.1512,0.1513,0.1514,0.1514,0.1515,0.1515,0.1516,0.1517,0.1517,0.1518,0.1519,0.1519,0.152,0.152,0.1521,0.1522,0.1522,0.1523,0.1524,0.1526,0.1542,0.1558,0.1574,0.1591,0.1593,0.1595,0.1597,0.1598,0.16,0.1602,0.1604,0.1606,0.1607,0.1609,0.1611,0.1613,0.1614,0.1616,0.1618,0.162,0.1622,0.1623,0.1625,0.1627,0.1629,0.1631,0.1633,0.1634,0.1636,0.1638,0.164,0.1642,0.1644,0.1645,0.1647,0.1649,0.1651,0.1653,0.1655,0.1657,0.1659,0.1666,0.1679,0.1692,0.1705,0.1718,0.1732,0.1745,0.1759,0.1774,0.1788,0.1866,0.1866,0.1866,0.1865,0.1865,0.1865,0.1865,0.1865,0.1865,0.1864,0.1864,0.1864,0.1864,0.0536,0.0529,0.0524,0.0523,0.0523,0.0522,0.0522,0.0521,0.0521,0.052,0.052,0.0519,0.0519,0.0519,0.0519,0.052,0.052,0.052,0.052,0.052,0.052,0.052,0.052,0.0521,0.0521,0.0521,0.0521,0.0521,0.0521,0.0521,0.0521,0.0521,0.0521,0.0521,0.0522,0.0522,0.0522,0.0522,0.0522,0.0522,0.0522,0.0522,0.0522,0.0522,0.0522,0.0522,0.0522,0.0522,0.0522,0.0522,0.0522,0.0522,0.0522,0.0522,0.0522,0.0522,0.0523,0.0523,0.0524,0.0524,0.0529,0.1897,0.1899,0.19,0.1901,0.1902,0.1903,0.1904,0.1906,0.1907,0.1908,0.191,0.1911,0.1913,0.1914,0.1916,0.1917,0.1919,0.192,0.1922,0.1923,0.1925,0.1926,0.1928,0.1929,0.1931,0.1933,0.1935,0.1937,0.1939,0.1941,0.1943,0.1945,0.1947,0.1949,0.1951,0.1953,0.1955,0.1957,0.196,0.1962,0.1964,0.1966,0.1968,0.197,0.1972,0.1982,0.1992,0.2003,0.2014,0.2025,0.2036,0.2048,0.2059,0.2071,0.2082,0.2094,0.2106,0.2118,0.2127,0.2136,0.2145,0.2155,0.2156,0.2151,0.2146,0.2141,0.2136,0.2131,0.2127,0.2122,0.2117,0.2114,0.211,0.2107,0.2104,0.2101,0.2097,0.2094,0.2091,0.2088,0.2084,0.2081,0.2078,0.2075,0.2072,0.2068,0.2065,0.2062,0.2059,0.2056,0.2053,0.205,0.2047,0.2043,0.204,0.2037,0.2034,0.2031
0.1506,0.1507,0.1508,0.1508,0.1509,0.1509,0.151,0.1511,0.1511,0.1512,0.1512,0.1513,0.1514,0.1514,0.1515,0.1515,0.1516,0.1517,0.1517,0.1518,0.1519,0.1519,0.152,0.152,0.1521,0.1522,0.1522,0.1523,0.1524,0.1524,0.1525,0.1525,0.1526,0.1527,0.1527,0.1528,0.1529,0.1529,0.1545,0.1561,0.1577,0.1594,0.1597,0.1598,0.16,0.1602,0.1604,0.1606,0.1607,0.1609,0.1611,0.1613,0.1614,0.1616,0.1618,0.162,0.1622,0.1623,0.1625,0.1627,0.1629,0.1631,0.1633,0.1634,0.1636,0.1638,0.164,0.1642,0.1644,0.1645,0.1647,0.1649,0.1651,0.1653,0.1655,0.1657,0.1659,0.166,0.1662,0.1664,0.167,0.1683,0.1696,0.1709,0.1723,0.1736,0.175,0.1764,0.1779,0.1793,0.1873,0.1873,0.1872,0.1872,0.1872,0.1872,0.1872,0.1872,0.0536,0.0529,0.0528,0.0528,0.0527,0.0526,0.0526,0.0525,0.0525,0.0524,0.0524,0.0524,0.0524,0.0524,0.0524,0.0524,0.0524,0.0524,0.0525,0.0525,0.0525,0.0525,0.0525,0.0525,0.0525,0.0526,0.0526,0.0526,0.0526,0.0526,0.0526,0.0526,0.0526,0.0526,0.0526,0.0526,0.0526,0.0526,0.0526,0.0526,0.0526,0.0526,0.0526,0.0526,0.0526,0.0526,0.0526,0.0526,0.0526,0.0526,0.0526,0.0526,0.0526,0.0527,0.0527,0.0527,0.0528,0.0528,0.0529,0.0536,0.1901,0.1902,0.1903,0.1904,0.1905,0.1907,0.1908,0.1909,0.191,0.1912,0.1913,0.1915,0.1916,0.1918,0.1919,0.1921,0.1922,0.1924,0.1925,0.1927,0.1928,0.193,0.1931,0.1933,0.1934,0.1936,0.1938,0.194,0.1942,0.1945,0.1947,0.1949,0.1951,0.1953,0.1955,0.1957,0.1959,0.1961,0.1963,0.1965,0.1967,0.1969,0.1972,0.1974,0.1977,0.1987,0.1998,0.2009,0.202,0.2031,0.2042,0.2053,0.2065,0.2077,0.2088,0.21,0.2112,0.2124,0.2134,0.2143,0.2152,0.2161,0.2159,0.2154,0.2149,0.2144,0.2139,0.2134,0.2129,0.2124,0.2121,0.2117,0.2114,0.2111,0.2108,0.2104,0.2101,0.2098,0.2095,0.2091,0.2088,0.2085,0.2082,0.2078,0.2075,0.2072,0.2069,0.2066,0.2063,0.2059,0.2056,0.2053,0.205,0.2047,0.2044,0.2041,0.2038,0.2035
0.1508,0.1509,0.1509,0.151,0.1511,0.1511,0.1512,0.1512,0.1513,0.1514,0.1514,0.1515,0.1516,0.1516,0.1517,0.1517,0.1518,0.1519,0.1519,0.152,0.152,0.1521,0.1522,0.1522,0.1523,0.1524,0.1524,0.1525,0.1525,0.1526,0.1527,0.1527,0.1528,0.1529,0.1529,0.153,0.153,0.1531,0.1532,0.1532,0.1533,0.1534,0.1534,0.1548,0.1564,0.158,0.1597,0.16,0.1602,0.1604,0.1606,0.1607,0.1609,0.1611,0.1613,0.1614,0.1616,0.1618,0.162,0.1622,0.1623,0.1625,0.1627,0.1629,0.1631,0.1633,0.1634,0.1636,0.1638,0.164,0.1642,0.1644,0.1645,0.1647,0.1649,0.1651,0.1653,0.1655,0.1657,0.1659,0.166,0.1662,0.1664,0.1666,0.1668,0.167,0.1675,0.1687,0.1701,0.1714,0.1727,0.1741,0.1755,0.1769,0.1783,0.1798,0.1813,0.1879,0.0542,0.0536,0.0533,0.0532,0.0532,0.0531,0.053,0.053,0.0529,0.0529,0.0529,0.0528,0.0528,0.0528,0.0529,0.0529,0.0529,0.0529,0.0529,0.0529,0.0529,0.053,0.053,0.053,0.053,0.053,0.053,0.053,0.053,0.053,0.053,0.053,0.053,0.053,0.0531,0.0531,0.0531,0.0531,0.0531,0.0531,0.0531,0.0531,0.0531,0.0531,0.0531,0.0531,0.0531,0.0531,0.0531,0.0531,0.0531,0.0531,0.0531,0.0531,0.0531,0.0532,0.0533,0.0533,0.0536,0.0544,0.1904,0.1905,0.1906,0.1908,0.1909,0.191,0.1911,0.1912,0.1914,0.1915,0.1916,0.1918,0.1919,0.1921,0.1922,0.1924,0.1925,0.1927,0.1928,0.193,0.1931,0.1933,0.1934,0.1936,0.1938,0.194,0.1942,0.1944,0.1946,0.1948,0.195,0.1952,0.1954,0.1956,0.1958,0.196,0.1963,0.1965,0.1967,0.1969,0.1971,0.1973,0.1975,0.1977,0.1982,0.1993,0.2003,0.2014,0.2025,0.2037,0.2048,0.2059,0.2071,0.2083,0.2094,0.2106,0.2118,0.2131,0.214,0.2149,0.2158,0.2167,0.2162,0.2157,0.2152,0.2147,0.2142,0.2137,0.2132,0.2128,0.2125,0.2121,0.2118,0.2115,0.2111,0.2108,0.2105,0.2102,0.2098,0.2095,0.2092,0.2089,0.2085,0.2082,0.2079,0.2076,0.2073,0.2069,0.2066,0.2063,0.206,0.2057,0.2054,0.2051,0.2048,0.2044,0.2041,0.2038
0.1510,0.1511,0.1511,0.1512,0.1512,0.1513,0.1514,0.1514,0.1515,0.1516,0.1516,0.1517,0.1517,0.1518,0.1519,0.1519,0.152,0.152,0.1521,0.1522,0.1522,0.1523,0.1524,0.1524,0.1525,0.1525,0.1526,0.1527,0.1527,0.1528,0.1529,0.1529,0.153,0.153,0.1531,0.1532,0.1532,0.1533,0.1534,0.1534,0.1535,0.1536,0.1536,0.1537,0.1537,0.1538,0.1539,0.1539,0.155,0.1567,0.1583,0.16,0.1604,0.1606,0.1607,0.1609,0.1611,0.1613,0.1614,0.1616,0.1618,0.162,0.1622,0.1623,0.1625,0.1627,0.1629,0.1631,0.1632,0.1634,0.1636,0.1638,0.164,0.1642,0.1644,0.1645,0.1647,0.1649,0.1651,0.1653,0.1655,0.1657,0.1659,0.166,0.1662,0.1664,0.1666,0.1668,0.167,0.1672,0.1674,0.1676,0.1679,0.1692,0.1705,0.1718,0.1732,0.1746,0.0549,0.0542,0.0538,0.0537,0.0536,0.0536,0.0535,0.0535,0.0534,0.0534,0.0533,0.0533,0.0533,0.0533,0.0533,0.0533,0.0534,0.0534,0.0534,0.0534,0.0534,0.0534,0.0534,0.0535,0.0535,0.0535,0.0535,0.0535,0.0535,0.0535,0.0535,0.0535,0.0535,0.0535,0.0535,0.0535,0.0535,0.0535,0.0535,0.0535,0.0535,0.0535,0.0535,0.0535,0.0535,0.0535,0.0535,0.0535,0.0536,0.0536,0.0536,0.0536,0.0536,0.0536,0.0536,0.0537,0.0537,0.0538,0.0542,0.1906,0.1907,0.1909,0.191,0.1911,0.1912,0.1913,0.1915,0.1916,0.1917,0.1918,0.1919,0.1921,0.1923,0.1924,0.1926,0.1927,0.1929,0.193,0.1932,0.1933,0.1935,0.1936,0.1938,0.1939,0.1941,0.1943,0.1945,0.1948,0.195,0.1952,0.1954,0.1956,0.1958,0.196,0.1962,0.1964,0.1966,0.1968,0.197,0.1972,0.1975,0.1977,0.1979,0.1981,0.1987,0.1998,0.2009,0.202,0.2031,0.2042,0.2054,0.2065,0.2077,0.2089,0.21,0.2112,0.2125,0.2137,0.2146,0.2155,0.2165,0.217,0.2165,0.216,0.2155,0.215,0.2145,0.214,0.2135,0.2132,0.2129,0.2125,0.2122,0.2119,0.2115,0.2112,0.2109,0.2105,0.2102,0.2099,0.2096,0.2092,0.2089,0.2086,0.2083,0.2079,0.2076,0.2073,0.207,0.2067,0.2064,0.206,0.2057,0.2054,0.2051,0.2048,0.2045,0.2042
0.1512,0.1512,0.1513,0.1514,0.1514,0.1515,0.1516,0.1516,0.1517,0.1517,0.1518,0.1519,0.1519,0.152,0.152,0.1521,0.1522,0.1522,0.1523,0.1524,0.1524,0.1525,0.1525,0.1526,0.1527,0.1527,0.1528,0.1529,0.1529,0.153,0.153,0.1531,0.1532,0.1532,0.1533,0.1534,0.1534,0.1535,0.1536,0.1536,0.1537,0.1537,0.1538,0.1539,0.1539,0.154,0.1541,0.1541,0.1542,0.1543,0.1543,0.1544,0.1544,0.1553,0.1569,0.1586,0.1603,0.1607,0.1609,0.1611,0.1613,0.1614,0.1616,0.1618,0.162,0.1622,0.1623,0.1625,0.1627,0.1629,0.1631,0.1632,0.1634,0.1636,0.1638,0.164,0.1642,0.1644,0.1645,0.1647,0.1649,0.1651,0.1653,0.1655,0.1657,0.1659,0.166,0.1662,0.1664,0.1666,0.1668,0.167,0.1672,0.1674,0.1676,0.1678,0.168,0.1681,0.0555,0.0549,0.0543,0.0542,0.0541,0.0541,0.054,0.0539,0.0539,0.0538,0.0538,0.0538,0.0538,0.0538,0.0538,0.0538,0.0538,0.0538,0.0539,0.0539,0.0539,0.0539,0.0539,0.0539,0.054,0.054,0.054,0.054,0.054,0.054,0.054,0.054,0.054,0.054,0.054,0.054,0.054,0.054,0.054,0.054,0.054,0.054,0.054,0.054,0.054,0.054,0.054,0.054,0.054,0.054,0.054,0.054,0.054,0.0541,0.0541,0.0542,0.0542,0.0543,0.0549,0.191,0.1911,0.1912,0.1913,0.1914,0.1916,0.1917,0.1918,0.1919,0.192,0.1922,0.1923,0.1924,0.1926,0.1927,0.1929,0.193,0.1932,0.1933,0.1935,0.1936,0.1938,0.1939,0.1941,0.1943,0.1945,0.1947,0.1949,0.1951,0.1953,0.1955,0.1957,0.1959,0.1961,0.1964,0.1966,0.1968,0.197,0.1972,0.1974,0.1976,0.1978,0.198,0.1983,0.1985,0.1993,0.2004,0.2015,0.2026,0.2037,0.2048,0.206,0.2071,0.2083,0.2095,0.2106,0.2119,0.2131,0.2143,0.2153,0.2162,0.2171,0.2172,0.2167,0.2162,0.2157,0.2152,0.2147,0.2143,0.2139,0.2136,0.2132,0.2129,0.2126,0.2122,0.2119,0.2116,0.2112,0.2109,0.2106,0.2103,0.2099,0.2096,0.2093,0.209,0.2086,0.2083,0.208,0.2077,0.2074,0.207,0.2067,0.2064,0.2061,0.2058,0.2055,0.2052,0.2048,0.2045
0.1514,0.1514,0.1515,0.1516,0.1516,0.1517,0.1517,0.1518,0.1519,0.1519,0.152,0.152,0.1521,0.1522,0.1522,0.1523,0.1524,0.1524,0.1525,0.1525,0.1526,0.1527,0.1527,0.1528,0.1529,0.1529,0.153,0.153,0.1531,0.1532,0.1532,0.1533,0.1534,0.1534,0.1535,0.1536,0.1536,0.1537,0.1537,0.1538,0.1539,0.1539,0.154,0.1541,0.1541,0.1542,0.1543,0.1543,0.1544,0.1544,0.1545,0.1546,0.1546,0.1547,0.1548,0.1548,0.1549,0.155,0.1556,0.1572,0.1589,0.1606,0.1611,0.1613,0.1614,0.1616,0.1618,0.162,0.1622,0.1623,0.1625,0.1627,0.1629,0.1631,0.1632,0.1634,0.1636,0.1638,0.164,0.1642,0.1644,0.1645,0.1647,0.1649,0.1651,0.1653,0.1655,0.1657,0.1659,0.166,0.1662,0.1664,0.1666,0.1668,0.167,0.1672,0.1674,0.1676,0.1678,0.0555,0.0548,0.0547,0.0546,0.0546,0.0545,0.0544,0.0544,0.0543,0.0543,0.0542,0.0543,0.0543,0.0543,0.0543,0.0543,0.0543,0.0543,0.0544,0.0544,0.0544,0.0544,0.0544,0.0544,0.0544,0.0544,0.0544,0.0544,0.0544,0.0544,0.0544,0.0544,0.0545,0.0545,0.0545,0.0545,0.0545,0.0545,0.0545,0.0545,0.0545,0.0545,0.0545,0.0545,0.0545,0.0545,0.0545,0.0545,0.0545,0.0545,0.0545,0.0545,0.0546,0.0546,0.0547,0.0547,0.0549,0.0557,0.1913,0.1914,0.1915,0.1917,0.1918,0.1919,0.192,0.1921,0.1923,0.1924,0.1925,0.1926,0.1927,0.1929,0.193,0.1932,0.1934,0.1935,0.1937,0.1938,0.194,0.1941,0.1943,0.1944,0.1946,0.1948,0.1951,0.1953,0.1955,0.1957,0.1959,0.1961,0.1963,0.1965,0.1967,0.1969,0.1971,0.1973,0.1976,0.1978,0.198,0.1982,0.1984,0.1986,0.1988,0.1998,0.2009,0.202,0.2031,0.2043,0.2054,0.2065,0.2077,0.2089,0.2101,0.2113,0.2125,0.2137,0.2149,0.2159,0.2168,0.2178,0.2175,0.217,0.2165,0.216,0.2155,0.215,0.2146,0.2143,0.214,0.2136,0.2133,0.213,0.2126,0.2123,0.212,0.2116,0.2113,0.211,0.2106,0.2103,0.21,0.2097,0.2093,0.209,0.2087,0.2084,0.208,0.2077,0.2074,0.2071,0.2068,0.2065,0.2061,0.2058,0.2055,0.2052,0.2049
0.1516,0.1516,0.1517,0.1517,0.1518,0.1519,0.1519,0.152,0.1521,0.1521,0.1522,0.1522,0.1523,0.1524,0.1524,0.1525,0.1525,0.1526,0.1527,0.1527,0.1528,0.1529,0.1529,0.153,0.1531,0.1531,0.1532,0.1532,0.1533,0.1534,0.1534,0.1535,0.1536,0.1536,0.1537,0.1537,0.1538,0.1539,0.1539,0.154,0.1541,0.1541,0.1542,0.1543,0.1543,0.1544,0.1544,0.1545,0.1546,0.1546,0.1547,0.1548,0.1548,0.1549,0.155,0.155,0.1551,0.1552,0.1552,0.1553,0.1554,0.1554,0.1555,0.1559,0.1575,0.1592,0.1609,0.1614,0.1616,0.1618,0.162,0.1622,0.1623,0.1625,0.1627,0.1629,0.1631,0.1632,0.1634,0.1636,0.1638,0.164,0.1642,0.1644,0.1645,0.1647,0.1649,0.1651,0.1653,0.1655,0.1657,0.1658,0.166,0.1662,0.1664,0.1666,0.1668,0.167,0.1672,0.0562,0.0555,0.0552,0.0551,0.0551,0.055,0.0549,0.0549,0.0548,0.0548,0.0547,0.0548,0.0548,0.0548,0.0548,0.0548,0.0548,0.0548,0.0549,0.0549,0.0549,0.0549,0.0549,0.0549,0.0549,0.0549,0.0549,0.0549,0.0549,0.0549,0.0549,0.0549,0.0549,0.0549,0.0549,0.0549,0.0549,0.055,0.055,0.055,0.055,0.055,0.055,0.055,0.055,0.055,0.055,0.055,0.055,0.055,0.055,0.055,0.0551,0.0551,0.0552,0.0552,0.0556,0.1915,0.1916,0.1918,0.1919,0.192,0.1921,0.1922,0.1924,0.1925,0.1926,0.1927,0.1928,0.193,0.1931,0.1932,0.1934,0.1935,0.1937,0.1938,0.194,0.1941,0.1943,0.1944,0.1946,0.1948,0.195,0.1952,0.1954,0.1956,0.1958,0.196,0.1962,0.1965,0.1967,0.1969,0.1971,0.1973,0.1975,0.1977,0.1979,0.1981,0.1984,0.1986,0.1988,0.199,0.1993,0.2004,0.2015,0.2026,0.2037,0.2048,0.206,0.2071,0.2083,0.2095,0.2107,0.2119,0.2131,0.2143,0.2156,0.2165,0.2175,0.2183,0.2178,0.2173,0.2168,0.2163,0.2158,0.2154,0.215,0.2147,0.2144,0.214,0.2137,0.2133,0.213,0.2127,0.2123,0.212,0.2117,0.2113,0.211,0.2107,0.2104,0.21,0.2097,0.2094,0.2091,0.2087,0.2084,0.2081,0.2078,0.2075,0.2071,0.2068,0.2065,0.2062,0.2059,0.2056,0.2053
0.1517,0.1518,0.1519,0.1519,0.152,0.1521,0.1521,0.1522,0.1522,0.1523,0.1524,0.1524,0.1525,0.1526,0.1526,0.1527,0.1527,0.1528,0.1529,0.1529,0.153,0.1531,0.1531,0.1532,0.1532,0.1533,0.1534,0.1534,0.1535,0.1536,0.1536,0.1537,0.1537,0.1538,0.1539,0.1539,0.154,0.1541,0.1541,0.1542,0.1543,0.1543,0.1544,0.1544,0.1545,0.1546,0.1546,0.1547,0.1548,0.1548,0.1549,0.155,0.155,0.1551,0.1552,0.1552,0.1553,0.1554,0.1554,0.1555,0.1555,0.1556,0.1557,0.1557,0.1558,0.1559,0.1559,0.156,0.1562,0.1578,0.1595,0.1612,0.1618,0.162,0.1622,0.1623,0.1625,0.1627,0.1629,0.1631,0.1632,0.1634,0.1636,0.1638,0.164,0.1642,0.1644,0.1645,0.1647,0.1649,0.1651,0.1653,0.1655,0.1657,0.1658,0.166,0.1662,0.1664,0.1666,0.0569,0.0562,0.0557,0.0557,0.0556,0.0555,0.0555,0.0554,0.0553,0.0553,0.0552,0.0553,0.0553,0.0553,0.0553,0.0553,0.0553,0.0553,0.0554,0.0554,0.0554,0.0554,0.0554,0.0554,0.0554,0.0554,0.0554,0.0554,0.0554,0.0554,0.0554,0.0554,0.0554,0.0554,0.0554,0.0554,0.0554,0.0554,0.0554,0.0555,0.0555,0.0555,0.0555,0.0555,0.0555,0.0555,0.0555,0.0555,0.0555,0.0555,0.0555,0.0555,0.0556,0.0556,0.0557,0.0558,0.0563,0.1918,0.192,0.1921,0.1922,0.1923,0.1925,0.1926,0.1927,0.1928,0.1929,0.1931,0.1932,0.1933,0.1934,0.1935,0.1937,0.1938,0.194,0.1942,0.1943,0.1945,0.1946,0.1948,0.1949,0.1951,0.1954,0.1956,0.1958,0.196,0.1962,0.1964,0.1966,0.1968,0.197,0.1972,0.1974,0.1977,0.1979,0.1981,0.1983,0.1985,0.1987,0.1989,0.1991,0.1994,0.1999,0.2009,0.202,0.2032,0.2043,0.2054,0.2066,0.2077,0.2089,0.2101,0.2113,0.2125,0.2137,0.215,0.2162,0.2172,0.2181,0.2186,0.2181,0.2176,0.2171,0.2166,0.2161,0.2158,0.2154,0.2151,0.2147,0.2144,0.2141,0.2137,0.2134,0.2131,0.2127,0.2124,0.2121,0.2117,0.2114,0.2111,0.2107,0.2104,0.2101,0.2098,0.2094,0.2091,0.2088,0.2085,0.2081,0.2078,0.2075,0.2072,0.2069,0.2066,0.2062,0.2059,0.2056
0.1519,0.152,0.1521,0.1521,0.1522,0.1522,0.1523,0.1524,0.1524,0.1525,0.1526,0.1526,0.1527,0.1527,0.1528,0.1529,0.1529,0.153,0.1531,0.1531,0.1532,0.1532,0.1533,0.1534,0.1534,0.1535,0.1536,0.1536,0.1537,0.1537,0.1538,0.1539,0.1539,0.154,0.1541,0.1541,0.1542,0.1543,0.1543,0.1544,0.1545,0.1545,0.1546,0.1546,0.1547,0.1548,0.1548,0.1549,0.155,0.155,0.1551,0.1552,0.1552,0.1553,0.1554,0.1554,0.1555,0.1555,0.1556,0.1557,0.1557,0.1558,0.1559,0.1559,0.156,0.1561,0.1561,0.1562,0.1563,0.1563,0.1564,0.1565,0.1565,0.1566,0.1581,0.1598,0.1615,0.1622,0.1623,0.1625,0.1627,0.1629,0.1631,0.1632,0.1634,0.1636,0.1638,0.164,0.1642,0.1644,0.1645,0.1647,0.1649,0.1651,0.1653,0.1655,0.1657,0.1658,0.166,0.1662,0.0569,0.0563,0.0562,0.0561,0.0561,0.056,0.0559,0.0559,0.0558,0.0558,0.0558,0.0558,0.0558,0.0558,0.0558,0.0558,0.0559,0.0559,0.0559,0.0559,0.0559,0.0559,0.0559,0.0559,0.0559,0.0559,0.0559,0.0559,0.0559,0.0559,0.0559,0.0559,0.0559,0.0559,0.0559,0.0559,0.0559,0.056,0.056,0.056,0.056,0.056,0.056,0.056,0.056,0.056,0.056,0.056,0.056,0.056,0.056,0.0561,0.0562,0.0562,0.0563,0.0571,0.1922,0.1923,0.1924,0.1926,0.1927,0.1928,0.1929,0.193,0.1932,0.1933,0.1934,0.1935,0.1936,0.1938,0.1939,0.194,0.1942,0.1943,0.1945,0.1946,0.1948,0.1949,0.1951,0.1953,0.1955,0.1957,0.1959,0.1961,0.1963,0.1965,0.1968,0.197,0.1972,0.1974,0.1976,0.1978,0.198,0.1982,0.1984,0.1987,0.1989,0.1991,0.1993,0.1995,0.1997,0.2004,0.2015,0.2026,0.2037,0.2049,0.206,0.2072,0.2083,0.2095,0.2107,0.2119,0.2131,0.2144,0.2156,0.2169,0.2178,0.2188,0.2189,0.2184,0.2179,0.2174,0.2169,0.2165,0.2162,0.2158,0.2155,0.2151,0.2148,0.2145,0.2141,0.2138,0.2134,0.2131,0.2128,0.2124,0.2121,0.2118,0.2114,0.2111,0.2108,0.2105,0.2101,0.2098,0.2095,0.2092,0.2088,0.2085,0.2082,0.2079,0.2076,0.2072,0.2069,0.2066,0.2063,0.206
0.1521,0.1522,0.1522,0.1523,0.1524,0.1524,0.1525,0.1526,0.1526,0.1527,0.1527,0.1528,0.1529,0.1529,0.153,0.1531,0.1531,0.1532,0.1532,0.1533,0.1534,0.1534,0.1535,0.1536,0.1536,0.1537,0.1538,0.1538,0.1539,0.1539,0.154,0.1541,0.1541,0.1542,0.1543,0.1543,0.1544,0.1545,0.1545,0.1546,0.1546,0.1547,0.1548,0.1548,0.1549,0.155,0.155,0.1551,0.1552,0.1552,0.1553,0.1554,0.1554,0.1555,0.1555,0.1556,0.1557,0.1557,0.1558,0.1559,0.1559,0.156,0.1561,0.1561,0.1562,0.1563,0.1563,0.1564,0.1565,0.1565,0.1566,0.1567,0.1567,0.1568,0.1569,0.1569,0.157,0.1571,0.1571,0.1584,0.1601,0.1619,0.1625,0.1627,0.1629,0.1631,0.1632,0.1634,0.1636,0.1638,0.164,0.1642,0.1644,0.1645,0.1647,0.1649,0.1651,0.1653,0.1655,0.1657,0.0576,0.0569,0.0567,0.0567,0.0566,0.0565,0.0564,0.0564,0.0563,0.0563,0.0563,0.0563,0.0563,0.0563,0.0563,0.0564,0.0564,0.0564,0.0564,0.0564,0.0564,0.0564,0.0564,0.0564,0.0564,0.0564,0.0564,0.0564,0.0564,0.0564,0.0564,0.0564,0.0564,0.0565,0.0565,0.0565,0.0565,0.0565,0.0565,0.0565,0.0565,0.0565,0.0565,0.0565,0.0565,0.0565,0.0565,0.0565,0.0565,0.0565,0.0566,0.0566,0.0567,0.0568,0.057,0.1927,0.1927,0.1928,0.1928,0.1929,0.193,0.1931,0.1933,0.1934,0.1935,0.1936,0.1937,0.1939,0.194,0.1941,0.1942,0.1944,0.1945,0.1947,0.1948,0.195,0.1951,0.1953,0.1955,0.1957,0.1959,0.1961,0.1963,0.1965,0.1967,0.1969,0.1971,0.1973,0.1975,0.1978,0.198,0.1982,0.1984,0.1986,0.1988,0.199,0.1992,0.1995,0.1997,0.1999,0.2001,0.201,0.2021,0.2032,0.2043,0.2054,0.2066,0.2077,0.2089,0.2101,0.2113,0.2125,0.2138,0.215,0.2163,0.2175,0.2185,0.2195,0.2192,0.2187,0.2182,0.2176,0.2173,0.2169,0.2166,0.2162,0.2159,0.2155,0.2152,0.2149,0.2145,0.2142,0.2138,0.2135,0.2132,0.2128,0.2125,0.2122,0.2118,0.2115,0.2112,0.2108,0.2105,0.2102,0.2099,0.2095,0.2092,0.2089,0.2086,0.2082,0.2079,0.2076,0.2073,0.207,0.2067,0.2063
0.1523,0.1524,0.1524,0.1525,0.1526,0.1526,0.1527,0.1527,0.1528,0.1529,0.1529,0.153,0.1531,0.1531,0.1532,0.1532,0.1533,0.1534,0.1534,0.1535,0.1536,0.1536,0.1537,0.1538,0.1538,0.1539,0.1539,0.154,0.1541,0.1541,0.1542,0.1543,0.1543,0.1544,0.1545,0.1545,0.1546,0.1546,0.1547,0.1548,0.1548,0.1549,0.155,0.155,0.1551,0.1552,0.1552,0.1553,0.1554,0.1554,0.1555,0.1556,0.1556,0.1557,0.1557,0.1558,0.1559,0.1559,0.156,0.1561,0.1561,0.1562,0.1563,0.1563,0.1564,0.1565,0.1565,0.1566,0.1567,0.1567,0.1568,0.1569,0.1569,0.157,0.1571,0.1571,0.1572,0.1573,0.1573,0.1574,0.1575,0.1575,0.1576,0.1577,0.1587,0.1604,0.1622,0.1629,0.1631,0.1632,0.1634,0.1636,0.1638,0.164,0.1642,0.1644,0.1645,0.1647,0.1649,0.1651,0.0584,0.0577,0.0573,0.0572,0.0571,0.0571,0.057,0.0569,0.0569,0.0568,0.0568,0.0568,0.0568,0.0569,0.0569,0.0569,0.0569,0.0569,0.0569,0.0569,0.0569,0.0569,0.0569,0.0569,0.0569,0.0569,0.0569,0.057,0.057,0.057,0.057,0.057,0.057,0.057,0.057,0.057,0.057,0.057,0.057,0.057,0.057,0.057,0.057,0.057,0.057,0.057,0.057,0.057,0.057,0.0571,0.0571,0.0572,0.0572,0.0573,0.0578,0.1934,0.1934,0.1934,0.1934,0.1934,0.1935,0.1935,0.1936,0.1937,0.1939,0.194,0.1941,0.1942,0.1943,0.1945,0.1946,0.1947,0.1948,0.195,0.1951,0.1953,0.1955,0.1956,0.1958,0.196,0.1962,0.1964,0.1966,0.1969,0.1971,0.1973,0.1975,0.1977,0.1979,0.1981,0.1983,0.1985,0.1988,0.199,0.1992,0.1994,0.1996,0.1998,0.2001,0.2003,0.2005,0.2015,0.2026,0.2038,0.2049,0.206,0.2072,0.2083,0.2095,0.2107,0.2119,0.2132,0.2144,0.2156,0.2169,0.2182,0.2192,0.22,0.2195,0.219,0.2184,0.218,0.2177,0.2173,0.217,0.2166,0.2163,0.2159,0.2156,0.2152,0.2149,0.2146,0.2142,0.2139,0.2135,0.2132,0.2129,0.2125,0.2122,0.2119,0.2115,0.2112,0.2109,0.2106,0.2102,0.2099,0.2096,0.2093,0.2089,0.2086,0.2083,0.208,0.2077,0.2073,0.207,0.2067
0.1525,0.1526,0.1526,0.1527,0.1527,0.1528,0.1529,0.1529,0.153,0.1531,0.1531,0.1532,0.1532,0.1533,0.1534,0.1534,0.1535,0.1536,0.1536,0.1537,0.1538,0.1538,0.1539,0.1539,0.154,0.1541,0.1541,0.1542,0.1543,0.1543,0.1544,0.1545,0.1545,0.1546,0.1546,0.1547,0.1548,0.1548,0.1549,0.155,0.155,0.1551,0.1552,0.1552,0.1553,0.1554,0.1554,0.1555,0.1556,0.1556,0.1557,0.1557,0.1558,0.1559,0.1559,0.156,0.1561,0.1561,0.1562,0.1563,0.1563,0.1564,0.1565,0.1565,0.1566,0.1567,0.1567,0.1568,0.1569,0.1569,0.157,0.1571,0.1571,0.1572,0.1573,0.1573,0.1574,0.1575,0.1575,0.1576,0.1577,0.1577,0.1578,0.1579,0.1579,0.158,0.1581,0.1581,0.1582,0.159,0.1607,0.1625,0.1632,0.1634,0.1636,0.1638,0.164,0.1642,0.1644,0.1645,0.1647,0.0584,0.0579,0.0578,0.0577,0.0576,0.0575,0.0575,0.0574,0.0574,0.0573,0.0574,0.0574,0.0574,0.0574,0.0574,0.0574,0.0574,0.0575,0.0575,0.0575,0.0575,0.0575,0.0575,0.0575,0.0575,0.0575,0.0575,0.0575,0.0575,0.0575,0.0575,0.0575,0.0575,0.0575,0.0575,0.0575,0.0575,0.0575,0.0575,0.0575,0.0575,0.0575,0.0575,0.0575,0.0575,0.0575,0.0575,0.0576,0.0576,0.0577,0.0577,0.0578,0.0579,0.0586,0.1943,0.1943,0.1942,0.1942,0.1942,0.1942,0.1942,0.1942,0.1942,0.1942,0.1943,0.1944,0.1946,0.1947,0.1948,0.1949,0.1951,0.1952,0.1953,0.1955,0.1956,0.1958,0.196,0.1962,0.1964,0.1966,0.1968,0.197,0.1972,0.1974,0.1976,0.1979,0.1981,0.1983,0.1985,0.1987,0.1989,0.1991,0.1993,0.1996,0.1998,0.2,0.2002,0.2004,0.2006,0.201,0.2021,0.2032,0.2043,0.2055,0.2066,0.2078,0.2089,0.2101,0.2113,0.2126,0.2138,0.215,0.2163,0.2176,0.2188,0.2198,0.2203,0.2198,0.2192,0.2188,0.2184,0.2181,0.2177,0.2174,0.217,0.2167,0.2163,0.216,0.2156,0.2153,0.215,0.2146,0.2143,0.2139,0.2136,0.2133,0.2129,0.2126,0.2123,0.2119,0.2116,0.2113,0.2109,0.2106,0.2103,0.21,0.2096,0.2093,0.209,0.2087,0.2083,0.208,0.2077,0.2074,0.2071
0.1527,0.1527,0.1528,0.1529,0.1529,0.153,0.1531,0.1531,0.1532,0.1532,0.1533,0.1534,0.1534,0.1535,0.1536,0.1536,0.1537,0.1538,0.1538,0.1539,0.1539,0.154,0.1541,0.1541,0.1542,0.1543,0.1543,0.1544,0.1545,0.1545,0.1546,0.1546,0.1547,0.1548,0.1548,0.1549,0.155,0.155,0.1551,0.1552,0.1552,0.1553,0.1554,0.1554,0.1555,0.1556,0.1556,0.1557,0.1557,0.1558,0.1559,0.1559,0.156,0.1561,0.1561,0.1562,0.1563,0.1563,0.1564,0.1565,0.1565,0.1566,0.1567,0.1567,0.1568,0.1569,0.1569,0.157,0.1571,0.1571,0.1572,0.1573,0.1573,0.1574,0.1575,0.1575,0.1576,0.1577,0.1577,0.1578,0.1579,0.1579,0.158,0.1581,0.1581,0.1582,0.1583,0.1583,0.1584,0.1585,0.1585,0.1586,0.1587,0.1587,0.1593,0.1611,0.1628,0.1636,0.1638,0.164,0.1642,0.0592,0.0584,0.0583,0.0583,0.0582,0.0581,0.058,0.058,0.0579,0.0579,0.0579,0.0579,0.0579,0.058,0.058,0.058,0.058,0.058,0.058,0.058,0.058,0.058,0.058,0.058,0.058,0.058,0.058,0.058,0.058,0.058,0.058,0.058,0.058,0.058,0.058,0.0581,0.0581,0.0581,0.0581,0.0581,0.0581,0.0581,0.0581,0.0581,0.0581,0.0581,0.0581,0.0581,0.0582,0.0582,0.0583,0.0584,0.0586,0.0594,0.185,0.1866,0.1882,0.1898,0.1915,0.1932,0.195,0.195,0.195,0.195,0.1949,0.1949,0.195,0.195,0.1952,0.1953,0.1954,0.1955,0.1957,0.1958,0.196,0.1961,0.1963,0.1965,0.1967,0.197,0.1972,0.1974,0.1976,0.1978,0.198,0.1982,0.1984,0.1986,0.1989,0.1991,0.1993,0.1995,0.1997,0.1999,0.2002,0.2004,0.2006,0.2008,0.201,0.2016,0.2027,0.2038,0.2049,0.206,0.2072,0.2084,0.2096,0.2107,0.212,0.2132,0.2144,0.2157,0.2169,0.2182,0.2195,0.2205,0.2206,0.22,0.2195,0.2192,0.2188,0.2185,0.2181,0.2178,0.2174,0.2171,0.2167,0.2164,0.216,0.2157,0.2154,0.215,0.2147,0.2143,0.214,0.2137,0.2133,0.213,0.2126,0.2123,0.212,0.2116,0.2113,0.211,0.2107,0.2103,0.21,0.2097,0.2094,0.209,0.2087,0.2084,0.2081,0.2077,0.2074
0.1529,0.1529,0.153,0.1531,0.1531,0.1532,0.1533,0.1533,0.1534,0.1534,0.1535,0.1536,0.1536,0.1537,0.1538,0.1538,0.1539,0.1539,0.154,0.1541,0.1541,0.1542,0.1543,0.1543,0.1544,0.1545,0.1545,0.1546,0.1547,0.1547,0.1548,0.1548,0.1549,0.155,0.155,0.1551,0.1552,0.1552,0.1553,0.1554,0.1554,0.1555,0.1556,0.1556,0.1557,0.1558,0.1558,0.1559,0.1559,0.156,0.1561,0.1561,0.1562,0.1563,0.1563,0.1564,0.1565,0.1565,0.1566,0.1567,0.1567,0.1568,0.1569,0.1569,0.157,0.1571,0.1571,0.1572,0.1573,0.1573,0.1574,0.1575,0.1575,0.1576,0.1577,0.1577,0.1578,0.1579,0.1579,0.158,0.1581,0.1581,0.1582,0.1583,0.1583,0.1584,0.1585,0.1585,0.1586,0.1587,0.1587,0.1588,0.1589,0.1589,0.159,0.1591,0.1591,0.1592,0.1593,0.1596,0.1614,0.1631,0.0592,0.0589,0.0588,0.0588,0.0587,0.0586,0.0585,0.0585,0.0585,0.0585,0.0585,0.0585,0.0585,0.0585,0.0585,0.0585,0.0585,0.0585,0.0585,0.0586,0.0586,0.0586,0.0586,0.0586,0.0586,0.0586,0.0586,0.0586,0.0586,0.0586,0.0586,0.0586,0.0586,0.0586,0.0586,0.0586,0.0586,0.0586,0.0586,0.0586,0.0586,0.0586,0.0586,0.0586,0.0586,0.0586,0.0587,0.0588,0.0588,0.0589,0.059,0.0594,0.1752,0.1766,0.1781,0.1795,0.181,0.1825,0.184,0.1856,0.1872,0.1888,0.1904,0.1921,0.1938,0.1958,0.1957,0.1957,0.1957,0.1958,0.1959,0.196,0.1961,0.1963,0.1965,0.1967,0.1969,0.1971,0.1973,0.1975,0.1977,0.198,0.1982,0.1984,0.1986,0.1988,0.199,0.1992,0.1994,0.1997,0.1999,0.2001,0.2003,0.2005,0.2008,0.201,0.2012,0.2014,0.2021,0.2032,0.2043,0.2055,0.2066,0.2078,0.209,0.2102,0.2114,0.2126,0.2138,0.215,0.2163,0.2176,0.2189,0.2202,0.2212,0.2209,0.2203,0.22,0.2196,0.2192,0.2189,0.2185,0.2182,0.2178,0.2175,0.2171,0.2168,0.2164,0.2161,0.2157,0.2154,0.2151,0.2147,0.2144,0.214,0.2137,0.2134,0.213,0.2127,0.2124,0.212,0.2117,0.2114,0.211,0.2107,0.2104,0.2101,0.2097,0.2094,0.2091,0.2088,0.2084,0.2081,0.2078
0.1531,0.1531,0.1532,0.1533,0.1533,0.1534,0.1534,0.1535,0.1536,0.1536,0.1537,0.1538,0.1538,0.1539,0.1539,0.154,0.1541,0.1541,0.1542,0.1543,0.1543,0.1544,0.1545,0.1545,0.1546,0.1547,0.1547,0.1548,0.1548,0.1549,0.155,0.155,0.1551,0.1552,0.1552,0.1553,0.1554,0.1554,0.1555,0.1556,0.1556,0.1557,0.1558,0.1558,0.1559,0.1559,0.156,0.1561,0.1561,0.1562,0.1563,0.1563,0.1564,0.1565,0.1565,0.1566,0.1567,0.1567,0.1568,0.1569,0.1569,0.157,0.1571,0.1571,0.1572,0.1573,0.1573,0.1574,0.1575,0.1575,0.1576,0.1577,0.1577,0.1578,0.1579,0.1579,0.158,0.1581,0.1581,0.1582,0.1583,0.1583,0.1584,0.1585,0.1585,0.1586,0.1587,0.1587,0.1588,0.1589,0.1589,0.159,0.1591,0.1591,0.1592,0.1593,0.1594,0.1594,0.1595,0.1596,0.1596,0.1597,0.1598,0.0595,0.0594,0.0594,0.0593,0.0592,0.0591,0.0591,0.059,0.059,0.0591,0.0591,0.0591,0.0591,0.0591,0.0591,0.0591,0.0591,0.0591,0.0591,0.0591,0.0591,0.0591,0.0591,0.0591,0.0591,0.0591,0.0591,0.0591,0.0591,0.0592,0.0592,0.0592,0.0592,0.0592,0.0592,0.0592,0.0592,0.0592,0.0592,0.0592,0.0592,0.0592,0.0592,0.0592,0.0592,0.0593,0.0593,0.0594,0.0595,0.0595,0.1733,0.1735,0.1738,0.174,0.1742,0.1744,0.1746,0.1757,0.1771,0.1786,0.18,0.1815,0.183,0.1846,0.1861,0.1877,0.1893,0.191,0.1927,0.1944,0.1961,0.1965,0.1966,0.1968,0.197,0.1973,0.1975,0.1977,0.1979,0.1981,0.1983,0.1985,0.1987,0.199,0.1992,0.1994,0.1996,0.1998,0.2,0.2003,0.2005,0.2007,0.2009,0.2011,0.2013,0.2016,0.2018,0.2027,0.2038,0.2049,0.2061,0.2072,0.2084,0.2096,0.2108,0.212,0.2132,0.2144,0.2157,0.217,0.2182,0.2195,0.2208,0.2217,0.2212,0.2207,0.2204,0.22,0.2197,0.2193,0.2189,0.2186,0.2182,0.2179,0.2175,0.2172,0.2168,0.2165,0.2161,0.2158,0.2155,0.2151,0.2148,0.2144,0.2141,0.2138,0.2134,0.2131,0.2127,0.2124,0.2121,0.2117,0.2114,0.2111,0.2108,0.2104,0.2101,0.2098,0.2095,0.2091,0.2088,0.2085,0.2082
0.1533,0.1533,0.1534,0.1534,0.1535,0.1536,0.1536,0.1537,0.1538,0.1538,0.1539,0.154,0.154,0.1541,0.1541,0.1542,0.1543,0.1543,0.1544,0.1545,0.1545,0.1546,0.1547,0.1547,0.1548,0.1548,0.1549,0.155,0.155,0.1551,0.1552,0.1552,0.1553,0.1554,0.1554,0.1555,0.1556,0.1556,0.1557,0.1558,0.1558,0.1559,0.1559,0.156,0.1561,0.1561,0.1562,0.1563,0.1563,0.1564,0.1565,0.1565,0.1566,0.1567,0.1567,0.1568,0.1569,0.1569,0.157,0.1571,0.1571,0.1572,0.1573,0.1573,0.1574,0.1575,0.1575,0.1576,0.1577,0.1577,0.1578,0.1579,0.1579,0.158,0.1581,0.1581,0.1582,0.1583,0.1583,0.1584,0.1585,0.1585,0.1586,0.1587,0.1587,0.1588,0.1589,0.1589,0.159,0.1591,0.1591,0.1592,0.1593,0.1594,0.1594,0.1595,0.1596,0.1596,0.1597,0.1598,0.1598,0.1599,0.16,0.16,0.0602,0.06,0.0599,0.0598,0.0597,0.0596,0.0596,0.0596,0.0596,0.0597,0.0597,0.0597,0.0597,0.0597,0.0597,0.0597,0.0597,0.0597,0.0597,0.0597,0.0597,0.0597,0.0597,0.0597,0.0597,0.0597,0.0597,0.0597,0.0597,0.0597,0.0597,0.0597,0.0597,0.0597,0.0597,0.0597,0.0598,0.0598,0.0598,0.0598,0.0598,0.0598,0.0598,0.0598,0.0599,0.0599,0.06,0.0601,0.1725,0.1727,0.1729,0.1731,0.1733,0.1735,0.1738,0.174,0.1742,0.1744,0.1746,0.1748,0.175,0.1752,0.1762,0.1776,0.1791,0.1805,0.182,0.1835,0.1851,0.1867,0.1883,0.1899,0.1916,0.1932,0.195,0.1978,0.198,0.1983,0.1985,0.1987,0.1989,0.1991,0.1993,0.1995,0.1998,0.2,0.2002,0.2004,0.2006,0.2009,0.2011,0.2013,0.2015,0.2017,0.202,0.2022,0.2032,0.2044,0.2055,0.2067,0.2078,0.209,0.2102,0.2114,0.2126,0.2138,0.2151,0.2163,0.2176,0.2189,0.2202,0.2215,0.222,0.2215,0.2211,0.2208,0.2204,0.2201,0.2197,0.2194,0.219,0.2186,0.2183,0.2179,0.2176,0.2172,0.2169,0.2165,0.2162,0.2159,0.2155,0.2152,0.2148,0.2145,0.2141,0.2138,0.2135,0.2131,0.2128,0.2125,0.2121,0.2118,0.2115,0.2111,0.2108,0.2105,0.2102,0.2098,0.2095,0.2092,0.2089,0.2085
0.1534,0.1535,0.1536,0.1536,0.1537,0.1538,0.1538,0.1539,0.154,0.154,0.1541,0.1541,0.1542,0.1543,0.1543,0.1544,0.1545,0.1545,0.1546,0.1547,0.1547,0.1548,0.1548,0.1549,0.155,0.155,0.1551,0.1552,0.1552,0.1553,0.1554,0.1554,0.1555,0.1556,0.1556,0.1557,0.1558,0.1558,0.1559,0.156,0.156,0.1561,0.1561,0.1562,0.1563,0.1563,0.1564,0.1565,0.1565,0.1566,0.1567,0.1567,0.1568,0.1569,0.1569,0.157,0.1571,0.1571,0.1572,0.1573,0.1573,0.1574,0.1575,0.1575,0.1576,0.1577,0.1577,0.1578,0.1579,0.1579,0.158,0.1581,0.1581,0.1582,0.1583,0.1583,0.1584,0.1585,0.1585,0.1586,0.1587,0.1587,0.1588,0.1589,0.1589,0.159,0.1591,0.1592,0.1592,0.1593,0.1594,0.1594,0.1595,0.1596,0.1596,0.1597,0.1598,0.1598,0.1599,0.16,0.16,0.1601,0.1602,0.1602,0.1603,0.0609,0.0606,0.0604,0.0603,0.0602,0.0602,0.0602,0.0602,0.0602,0.0602,0.0602,0.0602,0.0603,0.0603,0.0603,0.0603,0.0603,0.0603,0.0603,0.0603,0.0603,0.0603,0.0603,0.0603,0.0603,0.0603,0.0603,0.0603,0.0603,0.0603,0.0603,0.0603,0.0603,0.0603,0.0603,0.0603,0.0603,0.0603,0.0603,0.0604,0.0604,0.0604,0.0604,0.0605,0.0606,0.0608,0.1717,0.1719,0.1721,0.1723,0.1725,0.1727,0.1729,0.1731,0.1733,0.1735,0.1738,0.174,0.1742,0.1744,0.1746,0.1748,0.175,0.1752,0.1754,0.1756,0.1759,0.1767,0.1781,0.1796,0.181,0.1825,0.1841,0.1856,0.1872,0.1888,0.1905,0.1921,0.1938,0.1956,0.1995,0.1997,0.1999,0.2001,0.2004,0.2006,0.2008,0.201,0.2012,0.2015,0.2017,0.2019,0.2021,0.2023,0.2027,0.2038,0.205,0.2061,0.2072,0.2084,0.2096,0.2108,0.212,0.2132,0.2145,0.2157,0.217,0.2183,0.2196,0.2209,0.2222,0.2223,0.2219,0.2216,0.2212,0.2208,0.2205,0.2201,0.2198,0.2194,0.2191,0.2187,0.2183,0.218,0.2176,0.2173,0.2169,0.2166,0.2163,0.2159,0.2156,0.2152,0.2149,0.2145,0.2142,0.2139,0.2135,0.2132,0.2129,0.2125,0.2122,0.2119,0.2115,0.2112,0.2109,0.2105,0.2102,0.2099,0.2096,0.2092,0.2089
0.1536,0.1537,0.1538,0.1538,0.1539,0.154,0.154,0.1541,0.1541,0.1542,0.1543,0.1543,0.1544,0.1545,0.1545,0.1546,0.1547,0.1547,0.1548,0.1548,0.1549,0.155,0.155,0.1551,0.1552,0.1552,0.1553,0.1554,0.1554,0.1555,0.1556,0.1556,0.1557,0.1558,0.1558,0.1559,0.156,0.156,0.1561,0.1561,0.1562,0.1563,0.1563,0.1564,0.1565,0.1565,0.1566,0.1567,0.1567,0.1568,0.1569,0.1569,0.157,0.1571,0.1571,0.1572,0.1573,0.1573,0.1574,0.1575,0.1575,0.1576,0.1577,0.1577,0.1578,0.1579,0.1579,0.158,0.1581,0.1581,0.1582,0.1583,0.1583,0.1584,0.1585,0.1585,0.1586,0.1587,0.1587,0.1588,0.1589,0.1589,0.159,0.1591,0.1592,0.1592,0.1593,0.1594,0.1594,0.1595,0.1596,0.1596,0.1597,0.1598,0.1598,0.1599,0.16,0.16,0.1601,0.1602,0.1602,0.1603,0.1604,0.1605,0.1605,0.1606,0.0616,0.0613,0.061,0.0609,0.0608,0.0608,0.0608,0.0608,0.0608,0.0608,0.0608,0.0608,0.0609,0.0609,0.0609,0.0609,0.0609,0.0609,0.0609,0.0609,0.0609,0.0609,0.0609,0.0609,0.0609,0.0609,0.0609,0.0609,0.0609,0.0609,0.0609,0.0609,0.0609,0.0609,0.0609,0.0609,0.0609,0.0609,0.0609,0.0609,0.061,0.061,0.0611,0.0615,0.1709,0.1711,0.1713,0.1715,0.1717,0.1719,0.1721,0.1723,0.1725,0.1727,0.1729,0.1731,0.1733,0.1735,0.1738,0.174,0.1742,0.1744,0.1746,0.1748,0.175,0.1752,0.1754,0.1756,0.1759,0.1761,0.1763,0.1765,0.1772,0.1786,0.1801,0.1816,0.1831,0.1846,0.1862,0.1878,0.1894,0.191,0.1927,0.1944,0.201,0.2012,0.2014,0.2016,0.2018,0.2021,0.2023,0.2025,0.2027,0.2033,0.2044,0.2055,0.2067,0.2078,0.209,0.2102,0.2114,0.2126,0.2139,0.2151,0.2164,0.2176,0.2189,0.2202,0.2215,0.2229,0.2227,0.2223,0.222,0.2216,0.2213,0.2209,0.2205,0.2202,0.2198,0.2195,0.2191,0.2188,0.2184,0.218,0.2177,0.2173,0.217,0.2167,0.2163,0.216,0.2156,0.2153,0.2149,0.2146,0.2143,0.2139,0.2136,0.2132,0.2129,0.2126,0.2122,0.2119,0.2116,0.2112,0.2109,0.2106,0.2103,0.2099,0.2096,0.2093
0.1538,0.1539,0.154,0.154,0.1541,0.1541,0.1542,0.1543,0.1543,0.1544,0.1545,0.1545,0.1546,0.1547,0.1547,0.1548,0.1549,0.1549,0.155,0.155,0.1551,0.1552,0.1552,0.1553,0.1554,0.1554,0.1555,0.1556,0.1556,0.1557,0.1558,0.1558,0.1559,0.156,0.156,0.1561,0.1562,0.1562,0.1563,0.1563,0.1564,0.1565,0.1565,0.1566,0.1567,0.1567,0.1568,0.1569,0.1569,0.157,0.1571,0.1571,0.1572,0.1573,0.1573,0.1574,0.1575,0.1575,0.1576,0.1577,0.1577,0.1578,0.1579,0.1579,0.158,0.1581,0.1581,0.1582,0.1583,0.1583,0.1584,0.1585,0.1585,0.1586,0.1587,0.1587,0.1588,0.1589,0.1589,0.159,0.1591,0.1592,0.1592,0.1593,0.1594,0.1594,0.1595,0.1596,0.1596,0.1597,0.1598,0.1598,0.1599,0.16,0.16,0.1601,0.1602,0.1602,0.1603,0.1604,0.1605,0.1605,0.1606,0.1607,0.1607,0.1608,0.1609,0.1609,0.0621,0.0618,0.0615,0.0615,0.0615,0.0615,0.0614,0.0614,0.0614,0.0615,0.0615,0.0615,0.0615,0.0615,0.0615,0.0615,0.0615,0.0615,0.0615,0.0615,0.0615,0.0615,0.0615,0.0615,0.0615,0.0615,0.0615,0.0615,0.0615,0.0615,0.0615,0.0615,0.0615,0.0615,0.0615,0.0615,0.0616,0.0616,0.0616,0.0617,0.1699,0.1701,0.1703,0.1705,0.1707,0.1709,0.1711,0.1713,0.1715,0.1717,0.1719,0.1721,0.1723,0.1725,0.1727,0.1729,0.1731,0.1733,0.1735,0.1738,0.174,0.1742,0.1744,0.1746,0.1748,0.175,0.1752,0.1754,0.1756,0.1759,0.1761,0.1763,0.1765,0.1767,0.1769,0.1771,0.1777,0.1791,0.1806,0.1821,0.1836,0.1852,0.1867,0.1883,0.19,0.1916,0.1933,0.2024,0.2027,0.2029,0.2031,0.2038,0.205,0.2061,0.2073,0.2084,0.2096,0.2108,0.212,0.2133,0.2145,0.2158,0.2173,0.2188,0.2204,0.222,0.2235,0.2234,0.2233,0.2229,0.2224,0.222,0.2217,0.2213,0.2209,0.2206,0.2202,0.2199,0.2195,0.2192,0.2188,0.2185,0.2181,0.2178,0.2174,0.2171,0.2167,0.2164,0.216,0.2157,0.2153,0.215,0.2146,0.2143,0.214,0.2136,0.2133,0.213,0.2126,0.2123,0.212,0.2116,0.2113,0.211,0.2106,0.2103,0.21,0.2097
0.1540,0.1541,0.1541,0.1542,0.1543,0.1543,0.1544,0.1545,0.1545,0.1546,0.1547,0.1547,0.1548,0.1549,0.1549,0.155,0.155,0.1551,0.1552,0.1552,0.1553,0.1554,0.1554,0.1555,0.1556,0.1556,0.1557,0.1558,0.1558,0.1559,0.156,0.156,0.1561,0.1562,0.1562,0.1563,0.1563,0.1564,0.1565,0.1565,0.1566,0.1567,0.1567,0.1568,0.1569,0.1569,0.157,0.1571,0.1571,0.1572,0.1573,0.1573,0.1574,0.1575,0.1575,0.1576,0.1577,0.1577,0.1578,0.1579,0.1579,0.158,0.1581,0.1581,0.1582,0.1583,0.1583,0.1584,0.1585,0.1585,0.1586,0.1587,0.1587,0.1588,0.1589,0.159,0.159,0.1591,0.1592,0.1592,0.1593,0.1594,0.1594,0.1595,0.1596,0.1596,0.1597,0.1598,0.1598,0.1599,0.16,0.16,0.1601,0.1602,0.1603,0.1603,0.1604,0.1605,0.1605,0.1606,0.1607,0.1607,0.1608,0.1609,0.1609,0.161,0.1611,0.1612,0.1612,0.1613,0.0626,0.0624,0.0624,0.0624,0.0624,0.0624,0.0624,0.0624,0.0624,0.0624,0.0623,0.0623,0.0623,0.0623,0.0623,0.0623,0.0623,0.0623,0.0623,0.0623,0.0622,0.0622,0.0622,0.0622,0.0622,0.0622,0.0622,0.0622,0.0622,0.0622,0.0622,0.0622,0.0622,0.0622,0.0622,0.0622,0.1689,0.1691,0.1693,0.1695,0.1697,0.1699,0.1701,0.1703,0.1705,0.1707,0.1709,0.1711,0.1713,0.1715,0.1717,0.1719,0.1721,0.1723,0.1725,0.1727,0.1729,0.1731,0.1733,0.1735,0.1738,0.174,0.1742,0.1744,0.1746,0.1748,0.175,0.1752,0.1754,0.1756,0.1759,0.1761,0.1763,0.1765,0.1767,0.1769,0.1771,0.1773,0.1776,0.1778,0.1782,0.1796,0.1811,0.1826,0.1841,0.1857,0.1873,0.1889,0.1905,0.1922,0.1939,0.2067,0.2079,0.2093,0.2107,0.2122,0.2136,0.2151,0.2166,0.2181,0.2196,0.2212,0.2228,0.2241,0.2239,0.2237,0.2236,0.2234,0.2232,0.2227,0.2223,0.2218,0.2214,0.221,0.2206,0.2203,0.2199,0.2196,0.2192,0.2189,0.2185,0.2182,0.2178,0.2175,0.2171,0.2168,0.2164,0.2161,0.2157,0.2154,0.215,0.2147,0.2144,0.214,0.2137,0.2133,0.213,0.2127,0.2123,0.212,0.2117,0.2113,0.211,0.2107,0.2104,0.21
0.1542,0.1543,0.1543,0.1544,0.1545,0.1545,0.1546,0.1547,0.1547,0.1548,0.1549,0.1549,0.155,0.155,0.1551,0.1552,0.1552,0.1553,0.1554,0.1554,0.1555,0.1556,0.1556,0.1557,0.1558,0.1558,0.1559,0.156,0.156,0.1561,0.1562,0.1562,0.1563,0.1563,0.1564,0.1565,0.1565,0.1566,0.1567,0.1567,0.1568,0.1569,0.1569,0.157,0.1571,0.1571,0.1572,0.1573,0.1573,0.1574,0.1575,0.1575,0.1576,0.1577,0.1577,0.1578,0.1579,0.1579,0.158,0.1581,0.1581,0.1582,0.1583,0.1583,0.1584,0.1585,0.1585,0.1586,0.1587,0.1587,0.1588,0.1589,0.159,0.159,0.1591,0.1592,0.1592,0.1593,0.1594,0.1594,0.1595,0.1596,0.1596,0.1597,0.1598,0.1598,0.1599,0.16,0.16,0.1601,0.1602,0.1603,0.1603,0.1604,0.1605,0.1605,0.1606,0.1607,0.1607,0.1608,0.1609,0.1609,0.161,0.1611,0.1612,0.1612,0.1613,0.1614,0.1614,0.1615,0.1616,0.1616,0.1617,0.1618,0.1619,0.1619,0.162,0.1621,0.1621,0.1622,0.1623,0.1623,0.1624,0.1625,0.1626,0.1626,0.1627,0.1628,0.1628,0.1629,0.163,0.1631,0.1631,0.1632,0.1633,0.1636,0.1654,0.1666,0.1668,0.167,0.1672,0.1674,0.1676,0.1678,0.1679,0.1681,0.1683,0.1685,0.1687,0.1689,0.1691,0.1693,0.1695,0.1697,0.1699,0.1701,0.1703,0.1705,0.1707,0.1709,0.1711,0.1713,0.1715,0.1717,0.1719,0.1721,0.1723,0.1725,0.1727,0.1729,0.1731,0.1733,0.1735,0.1738,0.174,0.1742,0.1744,0.1746,0.1748,0.175,0.1752,0.1754,0.1756,0.1759,0.1761,0.1763,0.1765,0.1767,0.1769,0.1771,0.1773,0.1776,0.1778,0.178,0.1782,0.1784,0.1787,0.1801,0.1816,0.1831,0.1847,0.1862,0.1878,0.1895,0.1911,0.1928,0.2158,0.2173,0.2189,0.2204,0.222,0.2236,0.2246,0.2244,0.2242,0.2241,0.2239,0.2238,0.2236,0.2235,0.2231,0.2226,0.2221,0.2216,0.2211,0.2207,0.2203,0.22,0.2196,0.2193,0.2189,0.2186,0.2182,0.2179,0.2175,0.2172,0.2168,0.2165,0.2161,0.2158,0.2154,0.2151,0.2147,0.2144,0.2141,0.2137,0.2134,0.2131,0.2127,0.2124,0.2121,0.2117,0.2114,0.2111,0.2107,0.2104
0.1544,0.1545,0.1545,0.1546,0.1547,0.1547,0.1548,0.1549,0.1549,0.155,0.155,0.1551,0.1552,0.1552,0.1553,0.1554,0.1554,0.1555,0.1556,0.1556,0.1557,0.1558,0.1558,0.1559,0.156,0.156,0.1561,0.1562,0.1562,0.1563,0.1564,0.1564,0.1565,0.1565,0.1566,0.1567,0.1567,0.1568,0.1569,0.1569,0.157,0.1571,0.1571,0.1572,0.1573,0.1573,0.1574,0.1575,0.1575,0.1576,0.1577,0.1577,0.1578,0.1579,0.1579,0.158,0.1581,0.1581,0.1582,0.1583,0.1583,0.1584,0.1585,0.1585,0.1586,0.1587,0.1588,0.1588,0.1589,0.159,0.159,0.1591,0.1592,0.1592,0.1593,0.1594,0.1594,0.1595,0.1596,0.1596,0.1597,0.1598,0.1598,0.1599,0.16,0.16,0.1601,0.1602,0.1603,0.1603,0.1604,0.1605,0.1605,0.1606,0.1607,0.1607,0.1608,0.1609,0.1609,0.161,0.1611,0.1612,0.1612,0.1613,0.1614,0.1614,0.1615,0.1616,0.1616,0.1617,0.1618,0.1619,0.1619,0.162,0.1621,0.1621,0.1622,0.1623,0.1624,0.1624,0.1625,0.1626,0.1626,0.1627,0.1628,0.1628,0.1629,0.163,0.1631,0.1631,0.1632,0.1633,0.1633,0.1634,0.1635,0.1636,0.1636,0.1637,0.1638,0.1639,0.1639,0.1657,0.167,0.1672,0.1674,0.1676,0.1678,0.1679,0.1681,0.1683,0.1685,0.1687,0.1689,0.1691,0.1693,0.1695,0.1697,0.1699,0.1701,0.1703,0.1705,0.1707,0.1709,0.1711,0.1713,0.1715,0.1717,0.1719,0.1721,0.1723,0.1725,0.1727,0.1729,0.1731,0.1733,0.1735,0.1738,0.174,0.1742,0.1744,0.1746,0.1748,0.175,0.1752,0.1754,0.1756,0.1758,0.1761,0.1763,0.1765,0.1767,0.1769,0.1771,0.1773,0.1776,0.1778,0.178,0.1782,0.1784,0.1787,0.1789,0.1791,0.1793,0.1806,0.1821,0.1837,0.1852,0.1868,0.1884,0.19,0.1917,0.2251,0.2249,0.2248,0.2246,0.2244,0.2243,0.2241,0.224,0.2238,0.2237,0.2234,0.2229,0.2224,0.2219,0.2215,0.221,0.2205,0.22,0.2197,0.2193,0.219,0.2186,0.2183,0.2179,0.2176,0.2172,0.2169,0.2165,0.2162,0.2158,0.2155,0.2151,0.2148,0.2145,0.2141,0.2138,0.2134,0.2131,0.2128,0.2124,0.2121,0.2118,0.2114,0.2111,0.2108
0.1546,0.1547,0.1547,0.1548,0.1549,0.1549,0.155,0.1551,0.1551,0.1552,0.1552,0.1553,0.1554,0.1554,0.1555,0.1556,0.1556,0.1557,0.1558,0.1558,0.1559,0.156,0.156,0.1561,0.1562,0.1562,0.1563,0.1564,0.1564,0.1565,0.1566,0.1566,0.1567,0.1567,0.1568,0.1569,0.1569,0.157,0.1571,0.1571,0.1572,0.1573,0.1573,0.1574,0.1575,0.1575,0.1576,0.1577,0.1577,0.1578,0.1579,0.1579,0.158,0.1581,0.1581,0.1582,0.1583,0.1583,0.1584,0.1585,0.1586,0.1586,0.1587,0.1588,0.1588,0.1589,0.159,0.159,0.1591,0.1592,0.1592,0.1593,0.1594,0.1594,0.1595,0.1596,0.1596,0.1597,0.1598,0.1598,0.1599,0.16,0.16,0.1601,0.1602,0.1603,0.1603,0.1604,0.1605,0.1605,0.1606,0.1607,0.1607,0.1608,0.1609,0.1609,0.161,0.1611,0.1612,0.1612,0.1613,0.1614,0.1614,0.1615,0.1616,0.1616,0.1617,0.1618,0.1619,0.1619,0.162,0.1621,0.1621,0.1622,0.1623,0.1624,0.1624,0.1625,0.1626,0.1626,0.1627,0.1628,0.1628,0.1629,0.163,0.1631,0.1631,0.1632,0.1633,0.1633,0.1634,0.1635,0.1636,0.1636,0.1637,0.1638,0.1639,0.1639,0.164,0.1641,0.1641,0.1642,0.1643,0.1644,0.1644,0.1645,0.166,0.1674,0.1676,0.1678,0.1679,0.1681,0.1683,0.1685,0.1687,0.1689,0.1691,0.1693,0.1695,0.1697,0.1699,0.1701,0.1703,0.1705,0.1707,0.1709,0.1711,0.1713,0.1715,0.1717,0.1719,0.1721,0.1723,0.1725,0.1727,0.1729,0.1731,0.1733,0.1735,0.1738,0.174,0.1742,0.1744,0.1746,0.1748,0.175,0.1752,0.1754,0.1756,0.1758,0.1761,0.1763,0.1765,0.1767,0.1769,0.1771,0.1773,0.1776,0.1778,0.178,0.1782,0.1784,0.1787,0.1789,0.1791,0.1793,0.1795,0.1798,0.18,0.1811,0.1827,0.1842,0.1857,0.1873,0.1889,0.1906,0.1923,0.2245,0.2243,0.2242,0.224,0.2239,0.2237,0.2232,0.2227,0.2223,0.2218,0.2213,0.2208,0.2204,0.2199,0.2194,0.219,0.2187,0.2183,0.218,0.2176,0.2173,0.2169,0.2166,0.2162,0.2159,0.2155,0.2152,0.2149,0.2145,0.2142,0.2138,0.2135,0.2132,0.2128,0.2125,0.2122,0.2118,0.2115,0.2112
0.1548,0.1549,0.1549,0.155,0.1551,0.1551,0.1552,0.1552,0.1553,0.1554,0.1554,0.1555,0.1556,0.1556,0.1557,0.1558,0.1558,0.1559,0.156,0.156,0.1561,0.1562,0.1562,0.1563,0.1564,0.1564,0.1565,0.1566,0.1566,0.1567,0.1567,0.1568,0.1569,0.1569,0.157,0.1571,0.1571,0.1572,0.1573,0.1573,0.1574,0.1575,0.1575,0.1576,0.1577,0.1577,0.1578,0.1579,0.1579,0.158,0.1581,0.1581,0.1582,0.1583,0.1583,0.1584,0.1585,0.1586,0.1586,0.1587,0.1588,0.1588,0.1589,0.159,0.159,0.1591,0.1592,0.1592,0.1593,0.1594,0.1594,0.1595,0.1596,0.1596,0.1597,0.1598,0.1598,0.1599,0.16,0.1601,0.1601,0.1602,0.1603,0.1603,0.1604,0.1605,0.1605,0.1606,0.1607,0.1607,0.1608,0.1609,0.161,0.161,0.1611,0.1612,0.1612,0.1613,0.1614,0.1614,0.1615,0.1616,0.1616,0.1617,0.1618,0.1619,0.1619,0.162,0.1621,0.1621,0.1622,0.1623,0.1624,0.1624,0.1625,0.1626,0.1626,0.1627,0.1628,0.1629,0.1629,0.163,0.1631,0.1631,0.1632,0.1633,0.1634,0.1634,0.1635,0.1636,0.1636,0.1637,0.1638,0.1639,0.1639,0.164,0.1641,0.1641,0.1642,0.1643,0.1644,0.1644,0.1645,0.1646,0.1647,0.1647,0.1648,0.1649,0.1649,0.165,0.1651,0.1664,0.1678,0.1679,0.1681,0.1683,0.1685,0.1687,0.1689,0.1691,0.1693,0.1695,0.1697,0.1699,0.1701,0.1703,0.1705,0.1707,0.1709,0.1711,0.1713,0.1715,0.1717,0.1719,0.1721,0.1723,0.1725,0.1727,0.1729,0.1731,0.1733,0.1735,0.1738,0.174,0.1742,0.1744,0.1746,0.1748,0.175,0.1752,0.1754,0.1756,0.1758,0.1761,0.1763,0.1765,0.1767,0.1769,0.1771,0.1773,0.1776,0.1778,0.178,0.1782,0.1784,0.1787,0.1789,0.1791,0.1793,0.1795,0.1798,0.18,0.1802,0.1804,0.1806,0.1817,0.1832,0.1847,0.1863,0.1879,0.1895,0.1912,0.2241,0.2239,0.2235,0.2231,0.2226,0.2221,0.2216,0.2211,0.2207,0.2202,0.2197,0.2193,0.2188,0.2184,0.218,0.2177,0.2173,0.217,0.2166,0.2163,0.2159,0.2156,0.2152,0.2149,0.2146,0.2142,0.2139,0.2135,0.2132,0.2129,0.2125,0.2122,0.2119,0.2115
0.1550,0.1551,0.1551,0.1552,0.1552,0.1553,0.1554,0.1554,0.1555,0.1556,0.1556,0.1557,0.1558,0.1558,0.1559,0.156,0.156,0.1561,0.1562,0.1562,0.1563,0.1564,0.1564,0.1565,0.1566,0.1566,0.1567,0.1568,0.1568,0.1569,0.1569,0.157,0.1571,0.1571,0.1572,0.1573,0.1573,0.1574,0.1575,0.1575,0.1576,0.1577,0.1577,0.1578,0.1579,0.1579,0.158,0.1581,0.1581,0.1582,0.1583,0.1584,0.1584,0.1585,0.1586,0.1586,0.1587,0.1588,0.1588,0.1589,0.159,0.159,0.1591,0.1592,0.1592,0.1593,0.1594,0.1594,0.1595,0.1596,0.1596,0.1597,0.1598,0.1598,0.1599,0.16,0.1601,0.1601,0.1602,0.1603,0.1603,0.1604,0.1605,0.1605,0.1606,0.1607,0.1607,0.1608,0.1609,0.161,0.161,0.1611,0.1612,0.1612,0.1613,0.1614,0.1614,0.1615,0.1616,0.1617,0.1617,0.1618,0.1619,0.1619,0.162,0.1621,0.1621,0.1622,0.1623,0.1624,0.1624,0.1625,0.1626,0.1626,0.1627,0.1628,0.1629,0.1629,0.163,0.1631,0.1631,0.1632,0.1633,0.1634,0.1634,0.1635,0.1636,0.1636,0.1637,0.1638,0.1639,0.1639,0.164,0.1641,0.1641,0.1642,0.1643,0.1644,0.1644,0.1645,0.1646,0.1647,0.1647,0.1648,0.1649,0.1649,0.165,0.1651,0.1652,0.1652,0.1653,0.1654,0.1655,0.1655,0.1656,0.1657,0.1667,0.1681,0.1683,0.1685,0.1687,0.1689,0.1691,0.1693,0.1695,0.1697,0.1699,0.1701,0.1703,0.1705,0.1707,0.1709,0.1711,0.1713,0.1715,0.1717,0.1719,0.1721,0.1723,0.1725,0.1727,0.1729,0.1731,0.1733,0.1735,0.1738,0.174,0.1742,0.1744,0.1746,0.1748,0.175,0.1752,0.1754,0.1756,0.1758,0.1761,0.1763,0.1765,0.1767,0.1769,0.1771,0.1773,0.1776,0.1778,0.178,0.1782,0.1784,0.1787,0.1789,0.1791,0.1793,0.1795,0.1798,0.18,0.1802,0.1804,0.1806,0.1809,0.1811,0.1813,0.1822,0.1837,0.1853,0.1868,0.1884,0.1901,0.2229,0.2224,0.2219,0.2215,0.221,0.2205,0.22,0.2196,0.2191,0.2186,0.2182,0.2177,0.2174,0.217,0.2167,0.2163,0.216,0.2156,0.2153,0.215,0.2146,0.2143,0.2139,0.2136,0.2133,0.2129,0.2126,0.2123,0.212
0.1552,0.1552,0.1553,0.1554,0.1554,0.1555,0.1556,0.1556,0.1557,0.1558,0.1558,0.1559,0.156,0.156,0.1561,0.1562,0.1562,0.1563,0.1564,0.1564,0.1565,0.1566,0.1566,0.1567,0.1568,0.1568,0.1569,0.157,0.157,0.1571,0.1571,0.1572,0.1573,0.1573,0.1574,0.1575,0.1575,0.1576,0.1577,0.1577,0.1578,0.1579,0.1579,0.158,0.1581,0.1582,0.1582,0.1583,0.1584,0.1584,0.1585,0.1586,0.1586,0.1587,0.1588,0.1588,0.1589,0.159,0.159,0.1591,0.1592,0.1592,0.1593,0.1594,0.1594,0.1595,0.1596,0.1596,0.1597,0.1598,0.1598,0.1599,0.16,0.1601,0.1601,0.1602,0.1603,0.1603,0.1604,0.1605,0.1605,0.1606,0.1607,0.1607,0.1608,0.1609,0.161,0.161,0.1611,0.1612,0.1612,0.1613,0.1614,0.1614,0.1615,0.1616,0.1617,0.1617,0.1618,0.1619,0.1619,0.162,0.1621,0.1621,0.1622,0.1623,0.1624,0.1624,0.1625,0.1626,0.1626,0.1627,0.1628,0.1629,0.1629,0.163,0.1631,0.1631,0.1632,0.1633,0.1634,0.1634,0.1635,0.1636,0.1636,0.1637,0.1638,0.1639,0.1639,0.164,0.1641,0.1641,0.1642,0.1643,0.1644,0.1644,0.1645,0.1646,0.1647,0.1647,0.1648,0.1649,0.1649,0.165,0.1651,0.1652,0.1652,0.1653,0.1654,0.1655,0.1655,0.1656,0.1657,0.1658,0.1658,0.1659,0.166,0.166,0.1661,0.1662,0.1663,0.167,0.1685,0.1687,0.1689,0.1691,0.1693,0.1695,0.1697,0.1699,0.1701,0.1703,0.1705,0.1707,0.1709,0.1711,0.1713,0.1715,0.1717,0.1719,0.1721,0.1723,0.1725,0.1727,0.1729,0.1731,0.1733,0.1735,0.1738,0.174,0.1742,0.1744,0.1746,0.1748,0.175,0.1752,0.1754,0.1756,0.1758,0.1761,0.1763,0.1765,0.1767,0.1769,0.1771,0.1773,0.1776,0.1778,0.178,0.1782,0.1784,0.1787,0.1789,0.1791,0.1793,0.1795,0.1798,0.18,0.1802,0.1804,0.1806,0.1809,0.1811,0.1813,0.1815,0.1818,0.182,0.1827,0.1842,0.1858,0.1874,0.189,0.1906,0.2208,0.2204,0.2199,0.2194,0.2189,0.2185,0.218,0.2176,0.2171,0.2167,0.2164,0.216,0.2157,0.2154,0.215,0.2147,0.2143,0.214,0.2137,0.2133,0.213,0.2126,0.2124
0.1554,0.1554,0.1555,0.1556,0.1556,0.1557,0.1558,0.1558,0.1559,0.156,0.156,0.1561,0.1562,0.1562,0.1563,0.1564,0.1564,0.1565,0.1566,0.1566,0.1567,0.1568,0.1568,0.1569,0.157,0.157,0.1571,0.1572,0.1572,0.1573,0.1574,0.1574,0.1575,0.1576,0.1576,0.1577,0.1578,0.1578,0.1579,0.158,0.158,0.1581,0.1582,0.1582,0.1583,0.1584,0.1584,0.1585,0.1586,0.1586,0.1587,0.1588,0.1588,0.1589,0.159,0.159,0.1591,0.1592,0.1592,0.1593,0.1594,0.1594,0.1595,0.1596,0.1596,0.1597,0.1598,0.1598,0.1599,0.16,0.1601,0.1601,0.1602,0.1603,0.1603,0.1604,0.1605,0.1605,0.1606,0.1607,0.1607,0.1608,0.1609,0.161,0.161,0.1611,0.1612,0.1612,0.1613,0.1614,0.1614,0.1615,0.1616,0.1617,0.1617,0.1618,0.1619,0.1619,0.162,0.1621,0.1621,0.1622,0.1623,0.1624,0.1624,0.1625,0.1626,0.1626,0.1627,0.1628,0.1629,0.1629,0.163,0.1631,0.1631,0.1632,0.1633,0.1634,0.1634,0.1635,0.1636,0.1636,0.1637,0.1638,0.1639,0.1639,0.164,0.1641,0.1641,0.1642,0.1643,0.1644,0.1644,0.1645,0.1646,0.1647,0.1647,0.1648,0.1649,0.1649,0.165,0.1651,0.1652,0.1652,0.1653,0.1654,0.1655,0.1655,0.1656,0.1657,0.1658,0.1658,0.1659,0.166,0.1661,0.1661,0.1662,0.1663,0.1663,0.1664,0.1665,0.1666,0.1666,0.1667,0.1668,0.1669,0.1674,0.1689,0.1691,0.1693,0.1695,0.1697,0.1699,0.1701,0.1703,0.1705,0.1707,0.1709,0.1711,0.1713,0.1715,0.1717,0.1719,0.1721,0.1723,0.1725,0.1727,0.1729,0.1731,0.1733,0.1735,0.1738,0.174,0.1742,0.1744,0.1746,0.1748,0.175,0.1752,0.1754,0.1756,0.1758,0.1761,0.1763,0.1765,0.1767,0.1769,0.1771,0.1773,0.1776,0.1778,0.178,0.1782,0.1784,0.1787,0.1789,0.1791,0.1793,0.1795,0.1798,0.18,0.1802,0.1804,0.1806,0.1809,0.1811,0.1813,0.1815,0.1818,0.182,0.1822,0.1825,0.1827,0.1832,0.1848,0.1863,0.1879,0.1896,0.2193,0.2188,0.2183,0.2179,0.2174,0.217,0.2165,0.2161,0.2157,0.2154,0.2151,0.2147,0.2144,0.214,0.2137,0.2134,0.213,0.2128
0.1556,0.1556,0.1557,0.1558,0.1558,0.1559,0.156,0.156,0.1561,0.1562,0.1562,0.1563,0.1564,0.1564,0.1565,0.1566,0.1566,0.1567,0.1568,0.1568,0.1569,0.157,0.157,0.1571,0.1572,0.1572,0.1573,0.1574,0.1574,0.1575,0.1576,0.1576,0.1577,0.1578,0.1578,0.1579,0.158,0.158,0.1581,0.1582,0.1582,0.1583,0.1584,0.1584,0.1585,0.1586,0.1586,0.1587,0.1588,0.1588,0.1589,0.159,0.159,0.1591,0.1592,0.1592,0.1593,0.1594,0.1594,0.1595,0.1596,0.1596,0.1597,0.1598,0.1599,0.1599,0.16,0.1601,0.1601,0.1602,0.1603,0.1603,0.1604,0.1605,0.1605,0.1606,0.1607,0.1607,0.1608,0.1609,0.161,0.161,0.1611,0.1612,0.1612,0.1613,0.1614,0.1614,0.1615,0.1616,0.1617,0.1617,0.1618,0.1619,0.1619,0.162,0.1621,0.1621,0.1622,0.1623,0.1624,0.1624,0.1625,0.1626,0.1626,0.1627,0.1628,0.1629,0.1629,0.163,0.1631,0.1631,0.1632,0.1633,0.1634,0.1634,0.1635,0.1636,0.1636,0.1637,0.1638,0.1639,0.1639,0.164,0.1641,0.1642,0.1642,0.1643,0.1644,0.1644,0.1645,0.1646,0.1647,0.1647,0.1648,0.1649,0.1649,0.165,0.1651,0.1652,0.1652,0.1653,0.1654,0.1655,0.1655,0.1656,0.1657,0.1658,0.1658,0.1659,0.166,0.1661,0.1661,0.1662,0.1663,0.1664,0.1664,0.1665,0.1666,0.1666,0.1667,0.1668,0.1669,0.1669,0.167,0.1671,0.1672,0.1672,0.1673,0.1674,0.1675,0.1677,0.1693,0.1695,0.1697,0.1699,0.1701,0.1703,0.1705,0.1707,0.1709,0.1711,0.1713,0.1715,0.1717,0.1719,0.1721,0.1723,0.1725,0.1727,0.1729,0.1731,0.1733,0.1735,0.1737,0.174,0.1742,0.1744,0.1746,0.1748,0.175,0.1752,0.1754,0.1756,0.1758,0.1761,0.1763,0.1765,0.1767,0.1769,0.1771,0.1773,0.1776,0.1778,0.178,0.1782,0.1784,0.1786,0.1789,0.1791,0.1793,0.1795,0.1798,0.18,0.1802,0.1804,0.1806,0.1809,0.1811,0.1813,0.1815,0.1818,0.182,0.1822,0.1825,0.1827,0.1829,0.1831,0.1834,0.1838,0.1853,0.1869,0.1885,0.1901,0.2173,0.2168,0.2163,0.2159,0.2155,0.2151,0.2148,0.2144,0.2141,0.2138,0.2134,0.2132
0.1558,0.1558,0.1559,0.156,0.156,0.1561,0.1562,0.1562,0.1563,0.1564,0.1564,0.1565,0.1566,0.1566,0.1567,0.1568,0.1568,0.1569,0.157,0.157,0.1571,0.1572,0.1572,0.1573,0.1574,0.1574,0.1575,0.1576,0.1576,0.1577,0.1578,0.1578,0.1579,0.158,0.158,0.1581,0.1582,0.1582,0.1583,0.1584,0.1584,0.1585,0.1586,0.1586,0.1587,0.1588,0.1588,0.1589,0.159,0.159,0.1591,0.1592,0.1592,0.1593,0.1594,0.1594,0.1595,0.1596,0.1596,0.1597,0.1598,0.1599,0.1599,0.16,0.1601,0.1601,0.1602,0.1603,0.1603,0.1604,0.1605,0.1605,0.1606,0.1607,0.1608,0.1608,0.1609,0.161,0.161,0.1611,0.1612,0.1612,0.1613,0.1614,0.1614,0.1615,0.1616,0.1617,0.1617,0.1618,0.1619,0.1619,0.162,0.1621,0.1622,0.1622,0.1623,0.1624,0.1624,0.1625,0.1626,0.1626,0.1627,0.1628,0.1629,0.1629,0.163,0.1631,0.1631,0.1632,0.1633,0.1634,0.1634,0.1635,0.1636,0.1636,0.1637,0.1638,0.1639,0.1639,0.164,0.1641,0.1642,0.1642,0.1643,0.1644,0.1644,0.1645,0.1646,0.1647,0.1647,0.1648,0.1649,0.165,0.165,0.1651,0.1652,0.1652,0.1653,0.1654,0.1655,0.1655,0.1656,0.1657,0.1658,0.1658,0.1659,0.166,0.1661,0.1661,0.1662,0.1663,0.1664,0.1664,0.1665,0.1666,0.1666,0.1667,0.1668,0.1669,0.1669,0.167,0.1671,0.1672,0.1672,0.1673,0.1674,0.1675,0.1675,0.1676,0.1677,0.1678,0.1679,0.1679,0.168,0.1681,0.1682,0.1697,0.1699,0.1701,0.1703,0.1705,0.1707,0.1709,0.1711,0.1713,0.1715,0.1717,0.1719,0.1721,0.1723,0.1725,0.1727,0.1729,0.1731,0.1733,0.1735,0.1737,0.174,0.1742,0.1744,0.1746,0.1748,0.175,0.1752,0.1754,0.1756,0.1758,0.1761,0.1763,0.1765,0.1767,0.1769,0.1771,0.1773,0.1776,0.1778,0.178,0.1782,0.1784,0.1786,0.1789,0.1791,0.1793,0.1795,0.1798,0.18,0.1802,0.1804,0.1806,0.1809,0.1811,0.1813,0.1815,0.1818,0.182,0.1822,0.1825,0.1827,0.1829,0.1831,0.1834,0.1836,0.1838,0.1841,0.1843,0.1859,0.1874,0.1891,0.2157,0.2153,0.2148,0.2145,0.2141,0.2138,0.2137
0.1560,0.156,0.1561,0.1562,0.1562,0.1563,0.1564,0.1564,0.1565,0.1566,0.1566,0.1567,0.1568,0.1568,0.1569,0.157,0.157,0.1571,0.1572,0.1572,0.1573,0.1574,0.1574,0.1575,0.1576,0.1576,0.1577,0.1578,0.1578,0.1579,0.158,0.158,0.1581,0.1582,0.1582,0.1583,0.1584,0.1584,0.1585,0.1586,0.1586,0.1587,0.1588,0.1588,0.1589,0.159,0.159,0.1591,0.1592,0.1592,0.1593,0.1594,0.1594,0.1595,0.1596,0.1596,0.1597,0.1598,0.1599,0.1599,0.16,0.1601,0.1601,0.1602,0.1603,0.1603,0.1604,0.1605,0.1605,0.1606,0.1607,0.1608,0.1608,0.1609,0.161,0.161,0.1611,0.1612,0.1612,0.1613,0.1614,0.1614,0.1615,0.1616,0.1617,0.1617,0.1618,0.1619,0.1619,0.162,0.1621,0.1622,0.1622,0.1623,0.1624,0.1624,0.1625,0.1626,0.1626,0.1627,0.1628,0.1629,0.1629,0.163,0.1631,0.1631,0.1632,0.1633,0.1634,0.1634,0.1635,0.1636,0.1636,0.1637,0.1638,0.1639,0.1639,0.164,0.1641,0.1642,0.1642,0.1643,0.1644,0.1644,0.1645,0.1646,0.1647,0.1647,0.1648,0.1649,0.165,0.165,0.1651,0.1652,0.1652,0.1653,0.1654,0.1655,0.1655,0.1656,0.1657,0.1658,0.1658,0.1659,0.166,0.1661,0.1661,0.1662,0.1663,0.1664,0.1664,0.1665,0.1666,0.1667,0.1667,0.1668,0.1669,0.167,0.167,0.1671,0.1672,0.1673,0.1673,0.1674,0.1675,0.1676,0.1676,0.1677,0.1678,0.1679,0.1679,0.168,0.1681,0.1682,0.1682,0.1683,0.1684,0.1685,0.1685,0.1686,0.1687,0.1688,0.1701,0.1703,0.1705,0.1707,0.1709,0.1711,0.1713,0.1715,0.1717,0.1719,0.1721,0.1723,0.1725,0.1727,0.1729,0.1731,0.1733,0.1735,0.1737,0.174,0.1742,0.1744,0.1746,0.1748,0.175,0.1752,0.1754,0.1756,0.1758,0.1761,0.1763,0.1765,0.1767,0.1769,0.1771,0.1773,0.1776,0.1778,0.178,0.1782,0.1784,0.1786,0.1789,0.1791,0.1793,0.1795,0.1798,0.18,0.1802,0.1804,0.1806,0.1809,0.1811,0.1813,0.1815,0.1818,0.182,0.1822,0.1825,0.1827,0.1829,0.1831,0.1834,0.1836,0.1838,0.1841,0.1843,0.1845,0.1848,0.185,0.1864,0.188,0.214,0.214
0.1562,0.1562,0.1563,0.1564,0.1564,0.1565,0.1566,0.1566,0.1567,0.1568,0.1568,0.1569,0.157,0.157,0.1571,0.1572,0.1572,0.1573,0.1574,0.1574,0.1575,0.1576,0.1576,0.1577,0.1578,0.1578,0.1579,0.158,0.158,0.1581,0.1582,0.1582,0.1583,0.1584,0.1584,0.1585,0.1586,0.1586,0.1587,0.1588,0.1588,0.1589,0.159,0.159,0.1591,0.1592,0.1592,0.1593,0.1594,0.1594,0.1595,0.1596,0.1597,0.1597,0.1598,0.1599,0.1599,0.16,0.1601,0.1601,0.1602,0.1603,0.1603,0.1604,0.1605,0.1605,0.1606,0.1607,0.1608,0.1608,0.1609,0.161,0.161,0.1611,0.1612,0.1612,0.1613,0.1614,0.1615,0.1615,0.1616,0.1617,0.1617,0.1618,0.1619,0.1619,0.162,0.1621,0.1622,0.1622,0.1623,0.1624,0.1624,0.1625,0.1626,0.1626,0.1627,0.1628,0.1629,0.1629,0.163,0.1631,0.1631,0.1632,0.1633,0.1634,0.1634,0.1635,0.1636,0.1637,0.1637,0.1638,0.1639,0.1639,0.164,0.1641,0.1642,0.1642,0.1643,0.1644,0.1644,0.1645,0.1646,0.1647,0.1647,0.1648,0.1649,0.165,0.165,0.1651,0.1652,0.1652,0.1653,0.1654,0.1655,0.1655,0.1656,0.1657,0.1658,0.1658,0.1659,0.166,0.1661,0.1661,0.1662,0.1663,0.1664,0.1664,0.1665,0.1666,0.1667,0.1667,0.1668,0.1669,0.167,0.167,0.1671,0.1672,0.1673,0.1673,0.1674,0.1675,0.1676,0.1676,0.1677,0.1678,0.1679,0.1679,0.168,0.1681,0.1682,0.1682,0.1683,0.1684,0.1685,0.1685,0.1686,0.1687,0.1688,0.1688,0.1689,0.169,0.1691,0.1692,0.1692,0.1693,0.1694,0.1705,0.1707,0.1709,0.1711,0.1713,0.1715,0.1717,0.1719,0.1721,0.1723,0.1725,0.1727,0.1729,0.1731,0.1733,0.1735,0.1737,0.174,0.1742,0.1744,0.1746,0.1748,0.175,0.1752,0.1754,0.1756,0.1758,0.1761,0.1763,0.1765,0.1767,0.1769,0.1771,0.1773,0.1776,0.1778,0.178,0.1782,0.1784,0.1786,0.1789,0.1791,0.1793,0.1795,0.1797,0.18,0.1802,0.1804,0.1806,0.1809,0.1811,0.1813,0.1815,0.1818,0.182,0.1822,0.1825,0.1827,0.1829,0.1831,0.1834,0.1836,0.1838,0.1841,0.1843,0.1845,0.1848,0.185,0.1852
0.1564,0.1564,0.1565,0.1566,0.1566,0.1567,0.1568,0.1568,0.1569,0.157,0.157,0.1571,0.1572,0.1572,0.1573,0.1574,0.1574,0.1575,0.1576,0.1576,0.1577,0.1578,0.1578,0.1579,0.158,0.158,0.1581,0.1582,0.1582,0.1583,0.1584,0.1584,0.1585,0.1586,0.1586,0.1587,0.1588,0.1588,0.1589,0.159,0.159,0.1591,0.1592,0.1592,0.1593,0.1594,0.1594,0.1595,0.1596,0.1597,0.1597,0.1598,0.1599,0.1599,0.16,0.1601,0.1601,0.1602,0.1603,0.1603,0.1604,0.1605,0.1605,0.1606,0.1607,0.1608,0.1608,0.1609,0.161,0.161,0.1611,0.1612,0.1612,0.1613,0.1614,0.1615,0.1615,0.1616,0.1617,0.1617,0.1618,0.1619,0.1619,0.162,0.1621,0.1622,0.1622,0.1623,0.1624,0.1624,0.1625,0.1626,0.1627,0.1627,0.1628,0.1629,0.1629,0.163,0.1631,0.1631,0.1632,0.1633,0.1634,0.1634,0.1635,0.1636,0.1637,0.1637,0.1638,0.1639,0.1639,0.164,0.1641,0.1642,0.1642,0.1643,0.1644,0.1644,0.1645,0.1646,0.1647,0.1647,0.1648,0.1649,0.165,0.165,0.1651,0.1652,0.1652,0.1653,0.1654,0.1655,0.1655,0.1656,0.1657,0.1658,0.1658,0.1659,0.166,0.1661,0.1661,0.1662,0.1663,0.1664,0.1664,0.1665,0.1666,0.1667,0.1667,0.1668,0.1669,0.167,0.167,0.1671,0.1672,0.1673,0.1673,0.1674,0.1675,0.1676,0.1676,0.1677,0.1678,0.1679,0.1679,0.168,0.1681,0.1682,0.1682,0.1683,0.1684,0.1685,0.1685,0.1686,0.1687,0.1688,0.1688,0.1689,0.169,0.1691,0.1692,0.1692,0.1693,0.1694,0.1695,0.1695,0.1696,0.1697,0.1698,0.1698,0.1699,0.17,0.1709,0.1711,0.1713,0.1715,0.1717,0.1719,0.1721,0.1723,0.1725,0.1727,0.1729,0.1731,0.1733,0.1735,0.1737,0.174,0.1742,0.1744,0.1746,0.1748,0.175,0.1752,0.1754,0.1756,0.1758,0.1761,0.1763,0.1765,0.1767,0.1769,0.1771,0.1773,0.1776,0.1778,0.178,0.1782,0.1784,0.1786,0.1789,0.1791,0.1793,0.1795,0.1797,0.18,0.1802,0.1804,0.1806,0.1809,0.1811,0.1813,0.1815,0.1818,0.182,0.1822,0.1824,0.1827,0.1829,0.1831,0.1834,0.1836,0.1838,0.1841,0.1843,0.1845
0.1566,0.1566,0.1567,0.1568,0.1568,0.1569,0.157,0.157,0.1571,0.1572,0.1572,0.1573,0.1574,0.1574,0.1575,0.1576,0.1576,0.1577,0.1578,0.1578,0.1579,0.158,0.158,0.1581,0.1582,0.1582,0.1583,0.1584,0.1584,0.1585,0.1586,0.1586,0.1587,0.1588,0.1588,0.1589,0.159,0.159,0.1591,0.1592,0.1592,0.1593,0.1594,0.1594,0.1595,0.1596,0.1597,0.1597,0.1598,0.1599,0.1599,0.16,0.1601,0.1601,0.1602,0.1603,0.1603,0.1604,0.1605,0.1605,0.1606,0.1607,0.1608,0.1608,0.1609,0.161,0.161,0.1611,0.1612,0.1612,0.1613,0.1614,0.1615,0.1615,0.1616,0.1617,0.1617,0.1618,0.1619,0.1619,0.162,0.1621,0.1622,0.1622,0.1623,0.1624,0.1624,0.1625,0.1626,0.1627,0.1627,0.1628,0.1629,0.1629,0.163,0.1631,0.1632,0.1632,0.1633,0.1634,0.1634,0.1635,0.1636,0.1637,0.1637,0.1638,0.1639,0.1639,0.164,0.1641,0.1642,0.1642,0.1643,0.1644,0.1644,0.1645,0.1646,0.1647,0.1647,0.1648,0.1649,0.165,0.165,0.1651,0.1652,0.1653,0.1653,0.1654,0.1655,0.1655,0.1656,0.1657,0.1658,0.1658,0.1659,0.166,0.1661,0.1661,0.1662,0.1663,0.1664,0.1664,0.1665,0.1666,0.1667,0.1667,0.1668,0.1669,0.167,0.167,0.1671,0.1672,0.1673,0.1673,0.1674,0.1675,0.1676,0.1676,0.1677,0.1678,0.1679,0.1679,0.168,0.1681,0.1682,0.1682,0.1683,0.1684,0.1685,0.1685,0.1686,0.1687,0.1688,0.1688,0.1689,0.169,0.1691,0.1692,0.1692,0.1693,0.1694,0.1695,0.1695,0.1696,0.1697,0.1698,0.1698,0.1699,0.17,0.1701,0.1702,0.1702,0.1703,0.1704,0.1705,0.1705,0.1706,0.1713,0.1715,0.1717,0.1719,0.1721,0.1723,0.1725,0.1727,0.1729,0.1731,0.1733,0.1735,0.1737,0.174,0.1742,0.1744,0.1746,0.1748,0.175,0.1752,0.1754,0.1756,0.1758,0.1761,0.1763,0.1765,0.1767,0.1769,0.1771,0.1773,0.1776,0.1778,0.178,0.1782,0.1784,0.1786,0.1789,0.1791,0.1793,0.1795,0.1797,0.18,0.1802,0.1804,0.1806,0.1809,0.1811,0.1813,0.1815,0.1818,0.182,0.1822,0.1824,0.1827,0.1829,0.1831,0.1834,0.1836,0.1838
0.1568,0.1568,0.1569,0.157,0.157,0.1571,0.1572,0.1572,0.1573,0.1574,0.1574,0.1575,0.1576,0.1576,0.1577,0.1578,0.1578,0.1579,0.158,0.158,0.1581,0.1582,0.1582,0.1583,0.1584,0.1584,0.1585,0.1586,0.1586,0.1587,0.1588,0.1588,0.1589,0.159,0.159,0.1591,0.1592,0.1592,0.1593,0.1594,0.1595,0.1595,0.1596,0.1597,0.1597,0.1598,0.1599,0.1599,0.16,0.1601,0.1601,0.1602,0.1603,0.1603,0.1604,0.1605,0.1606,0.1606,0.1607,0.1608,0.1608,0.1609,0.161,0.161,0.1611,0.1612,0.1612,0.1613,0.1614,0.1615,0.1615,0.1616,0.1617,0.1617,0.1618,0.1619,0.1619,0.162,0.1621,0.1622,0.1622,0.1623,0.1624,0.1624,0.1625,0.1626,0.1627,0.1627,0.1628,0.1629,0.1629,0.163,0.1631,0.1632,0.1632,0.1633,0.1634,0.1634,0.1635,0.1636,0.1637,0.1637,0.1638,0.1639,0.1639,0.164,0.1641,0.1642,0.1642,0.1643,0.1644,0.1645,0.1645,0.1646,0.1647,0.1647,0.1648,0.1649,0.165,0.165,0.1651,0.1652,0.1653,0.1653,0.1654,0.1655,0.1655,0.1656,0.1657,0.1658,0.1658,0.1659,0.166,0.1661,0.1661,0.1662,0.1663,0.1664,0.1664,0.1665,0.1666,0.1667,0.1667,0.1668,0.1669,0.167,0.167,0.1671,0.1672,0.1673,0.1673,0.1674,0.1675,0.1676,0.1676,0.1677,0.1678,0.1679,0.1679,0.168,0.1681,0.1682,0.1682,0.1683,0.1684,0.1685,0.1685,0.1686,0.1687,0.1688,0.1689,0.1689,0.169,0.1691,0.1692,0.1692,0.1693,0.1694,0.1695,0.1695,0.1696,0.1697,0.1698,0.1699,0.1699,0.17,0.1701,0.1702,0.1702,0.1703,0.1704,0.1705,0.1706,0.1706,0.1707,0.1708,0.1709,0.1709,0.171,0.1711,0.1712,0.1713,0.1717,0.1719,0.1721,0.1723,0.1725,0.1727,0.1729,0.1731,0.1733,0.1735,0.1737,0.174,0.1742,0.1744,0.1746,0.1748,0.175,0.1752,0.1754,0.1756,0.1758,0.1761,0.1763,0.1765,0.1767,0.1769,0.1771,0.1773,0.1776,0.1778,0.178,0.1782,0.1784,0.1786,0.1789,0.1791,0.1793,0.1795,0.1797,0.18,0.1802,0.1804,0.1806,0.1809,0.1811,0.1813,0.1815,0.1818,0.182,0.1822,0.1824,0.1827,0.1829,0.1831
0.1570,0.157,0.1571,0.1572,0.1572,0.1573,0.1574,0.1574,0.1575,0.1576,0.1576,0.1577,0.1578,0.1578,0.1579,0.158,0.158,0.1581,0.1582,0.1582,0.1583,0.1584,0.1584,0.1585,0.1586,0.1586,0.1587,0.1588,0.1588,0.1589,0.159,0.159,0.1591,0.1592,0.1592,0.1593,0.1594,0.1595,0.1595,0.1596,0.1597,0.1597,0.1598,0.1599,0.1599,0.16,0.1601,0.1601,0.1602,0.1603,0.1603,0.1604,0.1605,0.1606,0.1606,0.1607,0.1608,0.1608,0.1609,0.161,0.161,0.1611,0.1612,0.1612,0.1613,0.1614,0.1615,0.1615,0.1616,0.1617,0.1617,0.1618,0.1619,0.1619,0.162,0.1621,0.1622,0.1622,0.1623,0.1624,0.1624,0.1625,0.1626,0.1627,0.1627,0.1628,0.1629,0.1629,0.163,0.1631,0.1632,0.1632,0.1633,0.1634,0.1634,0.1635,0.1636,0.1637,0.1637,0.1638,0.1639,0.1639,0.164,0.1641,0.1642,0.1642,0.1643,0.1644,0.1645,0.1645,0.1646,0.1647,0.1647,0.1648,0.1649,0.165,0.165,0.1651,0.1652,0.1653,0.1653,0.1654,0.1655,0.1655,0.1656,0.1657,0.1658,0.1658,0.1659,0.166,0.1661,0.1661,0.1662,0.1663,0.1664,0.1664,0.1665,0.1666,0.1667,0.1667,0.1668,0.1669,0.167,0.167,0.1671,0.1672,0.1673,0.1673,0.1674,0.1675,0.1676,0.1676,0.1677,0.1678,0.1679,0.1679,0.168,0.1681,0.1682,0.1682,0.1683,0.1684,0.1685,0.1685,0.1686,0.1687,0.1688,0.1689,0.1689,0.169,0.1691,0.1692,0.1692,0.1693,0.1694,0.1695,0.1695,0.1696,0.1697,0.1698,0.1699,0.1699,0.17,0.1701,0.1702,0.1702,0.1703,0.1704,0.1705,0.1706,0.1706,0.1707,0.1708,0.1709,0.1709,0.171,0.1711,0.1712,0.1713,0.1713,0.1714,0.1715,0.1716,0.1717,0.1717,0.1718,0.1719,0.172,0.1723,0.1725,0.1727,0.1729,0.1731,0.1733,0.1735,0.1737,0.174,0.1742,0.1744,0.1746,0.1748,0.175,0.1752,0.1754,0.1756,0.1758,0.1761,0.1763,0.1765,0.1768,0.177,0.1773,0.1775,0.1778,0.178,0.1783,0.1786,0.1788,0.1791,0.1793,0.1796,0.1799,0.1801,0.1804,0.1807,0.1809,0.1812,0.1815,0.1817,0.182,0.1823,0.1825,0.1828,0.1831,0.1834,0.1836
0.1572,0.1572,0.1573,0.1574,0.1574,0.1575,0.1576,0.1576,0.1577,0.1578,0.1578,0.1579,0.158,0.158,0.1581,0.1582,0.1582,0.1583,0.1584,0.1584,0.1585,0.1586,0.1586,0.1587,0.1588,0.1588,0.1589,0.159,0.159,0.1591,0.1592,0.1592,0.1593,0.1594,0.1595,0.1595,0.1596,0.1597,0.1597,0.1598,0.1599,0.1599,0.16,0.1601,0.1601,0.1602,0.1603,0.1603,0.1604,0.1605,0.1606,0.1606,0.1607,0.1608,0.1608,0.1609,0.161,0.161,0.1611,0.1612,0.1612,0.1613,0.1614,0.1615,0.1615,0.1616,0.1617,0.1617,0.1618,0.1619,0.162,0.162,0.1621,0.1622,0.1622,0.1623,0.1624,0.1624,0.1625,0.1626,0.1627,0.1627,0.1628,0.1629,0.1629,0.163,0.1631,0.1632,0.1632,0.1633,0.1634,0.1634,0.1635,0.1636,0.1637,0.1637,0.1638,0.1639,0.1639,0.164,0.1641,0.1642,0.1642,0.1643,0.1644,0.1645,0.1645,0.1646,0.1647,0.1647,0.1648,0.1649,0.165,0.165,0.1651,0.1652,0.1653,0.1653,0.1654,0.1655,0.1656,0.1656,0.1657,0.1658,0.1658,0.1659,0.166,0.1661,0.1661,0.1662,0.1663,0.1664,0.1664,0.1665,0.1666,0.1667,0.1667,0.1668,0.1669,0.167,0.167,0.1671,0.1672,0.1673,0.1673,0.1674,0.1675,0.1676,0.1676,0.1677,0.1678,0.1679,0.1679,0.168,0.1681,0.1682,0.1682,0.1683,0.1684,0.1685,0.1685,0.1686,0.1687,0.1688,0.1689,0.1689,0.169,0.1691,0.1692,0.1692,0.1693,0.1694,0.1695,0.1695,0.1696,0.1697,0.1698,0.1699,0.1699,0.17,0.1701,0.1702,0.1702,0.1703,0.1704,0.1705,0.1706,0.1706,0.1707,0.1708,0.1709,0.1709,0.171,0.1711,0.1712,0.1713,0.1713,0.1714,0.1715,0.1716,0.1717,0.1717,0.1718,0.1719,0.172,0.1721,0.1721,0.1722,0.1723,0.1724,0.1725,0.1727,0.173,0.1732,0.1735,0.1737,0.174,0.1742,0.1745,0.1747,0.175,0.1752,0.1755,0.1757,0.176,0.1762,0.1765,0.1767,0.177,0.1772,0.1775,0.1778,0.178,0.1783,0.1785,0.1788,0.179,0.1793,0.1796,0.1798,0.1801,0.1804,0.1806,0.1809,0.1812,0.1814,0.1817,0.182,0.1822,0.1825,0.1828,0.183,0.1833,0.1836,0.1839,0.1841
0.1574,0.1574,0.1575,0.1576,0.1576,0.1577,0.1578,0.1578,0.1579,0.158,0.158,0.1581,0.1582,0.1582,0.1583,0.1584,0.1584,0.1585,0.1586,0.1586,0.1587,0.1588,0.1588,0.1589,0.159,0.159,0.1591,0.1592,0.1593,0.1593,0.1594,0.1595,0.1595,0.1596,0.1597,0.1597,0.1598,0.1599,0.1599,0.16,0.1601,0.1601,0.1602,0.1603,0.1603,0.1604,0.1605,0.1606,0.1606,0.1607,0.1608,0.1608,0.1609,0.161,0.161,0.1611,0.1612,0.1613,0.1613,0.1614,0.1615,0.1615,0.1616,0.1617,0.1617,0.1618,0.1619,0.162,0.162,0.1621,0.1622,0.1622,0.1623,0.1624,0.1624,0.1625,0.1626,0.1627,0.1627,0.1628,0.1629,0.1629,0.163,0.1631,0.1632,0.1632,0.1633,0.1634,0.1634,0.1635,0.1636,0.1637,0.1637,0.1638,0.1639,0.1639,0.164,0.1641,0.1642,0.1642,0.1643,0.1644,0.1645,0.1645,0.1646,0.1647,0.1647,0.1648,0.1649,0.165,0.165,0.1651,0.1652,0.1653,0.1653,0.1654,0.1655,0.1656,0.1656,0.1657,0.1658,0.1658,0.1659,0.166,0.1661,0.1661,0.1662,0.1663,0.1664,0.1664,0.1665,0.1666,0.1667,0.1667,0.1668,0.1669,0.167,0.167,0.1671,0.1672,0.1673,0.1673,0.1674,0.1675,0.1676,0.1676,0.1677,0.1678,0.1679,0.1679,0.168,0.1681,0.1682,0.1682,0.1683,0.1684,0.1685,0.1685,0.1686,0.1687,0.1688,0.1689,0.1689,0.169,0.1691,0.1692,0.1692,0.1693,0.1694,0.1695,0.1695,0.1696,0.1697,0.1698,0.1699,0.1699,0.17,0.1701,0.1702,0.1702,0.1703,0.1704,0.1705,0.1706,0.1706,0.1707,0.1708,0.1709,0.1709,0.171,0.1711,0.1712,0.1713,0.1713,0.1714,0.1715,0.1716,0.1717,0.1717,0.1718,0.1719,0.172,0.1721,0.1721,0.1722,0.1723,0.1724,0.1725,0.1726,0.1727,0.1728,0.1731,0.1734,0.1736,0.1739,0.1742,0.1744,0.1747,0.1749,0.1752,0.1754,0.1757,0.1759,0.1762,0.1764,0.1767,0.1769,0.1772,0.1775,0.1777,0.178,0.1782,0.1785,0.1787,0.179,0.1793,0.1795,0.1798,0.1801,0.1803,0.1806,0.1808,0.1811,0.1814,0.1816,0.1819,0.1822,0.1825,0.1827,0.183,0.1833,0.1835,0.1838,0.1841,0.1844,0.1846
0.1576,0.1576,0.1577,0.1578,0.1578,0.1579,0.158,0.158,0.1581,0.1582,0.1582,0.1583,0.1584,0.1584,0.1585,0.1586,0.1586,0.1587,0.1588,0.1588,0.1589,0.159,0.159,0.1591,0.1592,0.1593,0.1593,0.1594,0.1595,0.1595,0.1596,0.1597,0.1597,0.1598,0.1599,0.1599,0.16,0.1601,0.1601,0.1602,0.1603,0.1603,0.1604,0.1605,0.1606,0.1606,0.1607,0.1608,0.1608,0.1609,0.161,0.161,0.1611,0.1612,0.1613,0.1613,0.1614,0.1615,0.1615,0.1616,0.1617,0.1617,0.1618,0.1619,0.162,0.162,0.1621,0.1622,0.1622,0.1623,0.1624,0.1624,0.1625,0.1626,0.1627,0.1627,0.1628,0.1629,0.1629,0.163,0.1631,0.1632,0.1632,0.1633,0.1634,0.1634,0.1635,0.1636,0.1637,0.1637,0.1638,0.1639,0.164,0.164,0.1641,0.1642,0.1642,0.1643,0.1644,0.1645,0.1645,0.1646,0.1647,0.1647,0.1648,0.1649,0.165,0.165,0.1651,0.1652,0.1653,0.1653,0.1654,0.1655,0.1656,0.1656,0.1657,0.1658,0.1658,0.1659,0.166,0.1661,0.1661,0.1662,0.1663,0.1664,0.1664,0.1665,0.1666,0.1667,0.1667,0.1668,0.1669,0.167,0.167,0.1671,0.1672,0.1673,0.1673,0.1674,0.1675,0.1676,0.1676,0.1677,0.1678,0.1679,0.1679,0.168,0.1681,0.1682,0.1682,0.1683,0.1684,0.1685,0.1686,0.1686,0.1687,0.1688,0.1689,0.1689,0.169,0.1691,0.1692,0.1692,0.1693,0.1694,0.1695,0.1695,0.1696,0.1697,0.1698,0.1699,0.1699,0.17,0.1701,0.1702,0.1702,0.1703,0.1704,0.1705,0.1706,0.1706,0.1707,0.1708,0.1709,0.171,0.171,0.1711,0.1712,0.1713,0.1713,0.1714,0.1715,0.1716,0.1717,0.1717,0.1718,0.1719,0.172,0.1721,0.1721,0.1722,0.1723,0.1724,0.1725,0.1725,0.1726,0.1727,0.1728,0.1729,0.1731,0.1734,0.1737,0.174,0.1742,0.1745,0.1748,0.1751,0.1753,0.1756,0.1759,0.1761,0.1764,0.1767,0.1769,0.1772,0.1774,0.1777,0.1779,0.1782,0.1784,0.1787,0.179,0.1792,0.1795,0.1797,0.18,0.1803,0.1805,0.1808,0.1811,0.1813,0.1816,0.1819,0.1821,0.1824,0.1827,0.183,0.1832,0.1835,0.1838,0.184,0.1842,0.1843,0.1845,0.1846
0.1578,0.1578,0.1579,0.158,0.158,0.1581,0.1582,0.1582,0.1583,0.1584,0.1584,0.1585,0.1586,0.1586,0.1587,0.1588,0.1588,0.1589,0.159,0.159,0.1591,0.1592,0.1593,0.1593,0.1594,0.1595,0.1595,0.1596,0.1597,0.1597,0.1598,0.1599,0.1599,0.16,0.1601,0.1601,0.1602,0.1603,0.1604,0.1604,0.1605,0.1606,0.1606,0.1607,0.1608,0.1608,0.1609,0.161,0.161,0.1611,0.1612,0.1613,0.1613,0.1614,0.1615,0.1615,0.1616,0.1617,0.1617,0.1618,0.1619,0.162,0.162,0.1621,0.1622,0.1622,0.1623,0.1624,0.1624,0.1625,0.1626,0.1627,0.1627,0.1628,0.1629,0.1629,0.163,0.1631,0.1632,0.1632,0.1633,0.1634,0.1634,0.1635,0.1636,0.1637,0.1637,0.1638,0.1639,0.164,0.164,0.1641,0.1642,0.1642,0.1643,0.1644,0.1645,0.1645,0.1646,0.1647,0.1647,0.1648,0.1649,0.165,0.165,0.1651,0.1652,0.1653,0.1653,0.1654,0.1655,0.1656,0.1656,0.1657,0.1658,0.1659,0.1659,0.166,0.1661,0.1661,0.1662,0.1663,0.1664,0.1664,0.1665,0.1666,0.1667,0.1667,0.1668,0.1669,0.167,0.167,0.1671,0.1672,0.1673,0.1673,0.1674,0.1675,0.1676,0.1676,0.1677,0.1678,0.1679,0.1679,0.168,0.1681,0.1682,0.1682,0.1683,0.1684,0.1685,0.1686,0.1686,0.1687,0.1688,0.1689,0.1689,0.169,0.1691,0.1692,0.1692,0.1693,0.1694,0.1695,0.1696,0.1696,0.1697,0.1698,0.1699,0.1699,0.17,0.1701,0.1702,0.1702,0.1703,0.1704,0.1705,0.1706,0.1706,0.1707,0.1708,0.1709,0.171,0.171,0.1711,0.1712,0.1713,0.1713,0.1714,0.1715,0.1716,0.1717,0.1717,0.1718,0.1719,0.172,0.1721,0.1721,0.1722,0.1723,0.1724,0.1725,0.1725,0.1726,0.1727,0.1728,0.1729,0.173,0.1731,0.1732,0.1735,0.1738,0.174,0.1743,0.1746,0.1749,0.1751,0.1754,0.1757,0.176,0.1763,0.1765,0.1768,0.1771,0.1774,0.1776,0.1779,0.1781,0.1784,0.1787,0.1789,0.1792,0.1794,0.1797,0.18,0.1802,0.1805,0.1808,0.181,0.1813,0.1816,0.1818,0.1821,0.1824,0.1826,0.1829,0.1832,0.1833,0.1835,0.1837,0.1838,0.184,0.1841,0.1843,0.1844,0.1846
0.1580,0.158,0.1581,0.1582,0.1582,0.1583,0.1584,0.1584,0.1585,0.1586,0.1586,0.1587,0.1588,0.1588,0.1589,0.159,0.1591,0.1591,0.1592,0.1593,0.1593,0.1594,0.1595,0.1595,0.1596,0.1597,0.1597,0.1598,0.1599,0.1599,0.16,0.1601,0.1601,0.1602,0.1603,0.1604,0.1604,0.1605,0.1606,0.1606,0.1607,0.1608,0.1608,0.1609,0.161,0.161,0.1611,0.1612,0.1613,0.1613,0.1614,0.1615,0.1615,0.1616,0.1617,0.1617,0.1618,0.1619,0.162,0.162,0.1621,0.1622,0.1622,0.1623,0.1624,0.1625,0.1625,0.1626,0.1627,0.1627,0.1628,0.1629,0.1629,0.163,0.1631,0.1632,0.1632,0.1633,0.1634,0.1634,0.1635,0.1636,0.1637,0.1637,0.1638,0.1639,0.164,0.164,0.1641,0.1642,0.1642,0.1643,0.1644,0.1645,0.1645,0.1646,0.1647,0.1648,0.1648,0.1649,0.165,0.165,0.1651,0.1652,0.1653,0.1653,0.1654,0.1655,0.1656,0.1656,0.1657,0.1658,0.1659,0.1659,0.166,0.1661,0.1661,0.1662,0.1663,0.1664,0.1664,0.1665,0.1666,0.1667,0.1667,0.1668,0.1669,0.167,0.167,0.1671,0.1672,0.1673,0.1673,0.1674,0.1675,0.1676,0.1676,0.1677,0.1678,0.1679,0.1679,0.168,0.1681,0.1682,0.1683,0.1683,0.1684,0.1685,0.1686,0.1686,0.1687,0.1688,0.1689,0.1689,0.169,0.1691,0.1692,0.1692,0.1693,0.1694,0.1695,0.1696,0.1696,0.1697,0.1698,0.1699,0.1699,0.17,0.1701,0.1702,0.1703,0.1703,0.1704,0.1705,0.1706,0.1706,0.1707,0.1708,0.1709,0.171,0.171,0.1711,0.1712,0.1713,0.1713,0.1714,0.1715,0.1716,0.1717,0.1717,0.1718,0.1719,0.172,0.1721,0.1721,0.1722,0.1723,0.1724,0.1725,0.1725,0.1726,0.1727,0.1728,0.1729,0.173,0.1731,0.1732,0.1733,0.1734,0.1735,0.1738,0.1741,0.1744,0.1746,0.1749,0.1752,0.1755,0.1758,0.176,0.1763,0.1766,0.1769,0.1772,0.1775,0.1777,0.178,0.1783,0.1786,0.1789,0.1791,0.1794,0.1797,0.1799,0.1802,0.1805,0.1807,0.181,0.1813,0.1815,0.1818,0.1821,0.1823,0.1825,0.1827,0.1828,0.183,0.1831,0.1833,0.1835,0.1836,0.1838,0.1839,0.1841,0.1842,0.1844,0.1846
0.1582,0.1582,0.1583,0.1584,0.1584,0.1585,0.1586,0.1586,0.1587,0.1588,0.1588,0.1589,0.159,0.1591,0.1591,0.1592,0.1593,0.1593,0.1594,0.1595,0.1595,0.1596,0.1597,0.1597,0.1598,0.1599,0.1599,0.16,0.1601,0.1601,0.1602,0.1603,0.1604,0.1604,0.1605,0.1606,0.1606,0.1607,0.1608,0.1608,0.1609,0.161,0.161,0.1611,0.1612,0.1613,0.1613,0.1614,0.1615,0.1615,0.1616,0.1617,0.1617,0.1618,0.1619,0.162,0.162,0.1621,0.1622,0.1622,0.1623,0.1624,0.1625,0.1625,0.1626,0.1627,0.1627,0.1628,0.1629,0.163,0.163,0.1631,0.1632,0.1632,0.1633,0.1634,0.1635,0.1635,0.1636,0.1637,0.1637,0.1638,0.1639,0.164,0.164,0.1641,0.1642,0.1642,0.1643,0.1644,0.1645,0.1645,0.1646,0.1647,0.1648,0.1648,0.1649,0.165,0.165,0.1651,0.1652,0.1653,0.1653,0.1654,0.1655,0.1656,0.1656,0.1657,0.1658,0.1659,0.1659,0.166,0.1661,0.1662,0.1662,0.1663,0.1664,0.1664,0.1665,0.1666,0.1667,0.1667,0.1668,0.1669,0.167,0.167,0.1671,0.1672,0.1673,0.1673,0.1674,0.1675,0.1676,0.1676,0.1677,0.1678,0.1679,0.1679,0.168,0.1681,0.1682,0.1683,0.1683,0.1684,0.1685,0.1686,0.1686,0.1687,0.1688,0.1689,0.1689,0.169,0.1691,0.1692,0.1692,0.1693,0.1694,0.1695,0.1696,0.1696,0.1697,0.1698,0.1699,0.1699,0.17,0.1701,0.1702,0.1703,0.1703,0.1704,0.1705,0.1706,0.1706,0.1707,0.1708,0.1709,0.171,0.171,0.1711,0.1712,0.1713,0.1713,0.1714,0.1715,0.1716,0.1717,0.1717,0.1718,0.1719,0.172,0.1721,0.1721,0.1722,0.1723,0.1724,0.1725,0.1725,0.1726,0.1727,0.1728,0.1729,0.173,0.1731,0.1732,0.1733,0.1734,0.1735,0.1736,0.1737,0.1739,0.1742,0.1744,0.1747,0.175,0.1753,0.1756,0.1758,0.1761,0.1764,0.1767,0.177,0.1772,0.1775,0.1778,0.1781,0.1784,0.1787,0.179,0.1793,0.1796,0.1798,0.1801,0.1804,0.1807,0.1809,0.1812,0.1815,0.1817,0.1819,0.182,0.1822,0.1823,0.1825,0.1826,0.1828,0.1829,0.1831,0.1832,0.1834,0.1835,0.1837,0.1838,0.184,0.1841,0.1843,0.1844
0.1584,0.1584,0.1585,0.1586,0.1586,0.1587,0.1588,0.1589,0.1589,0.159,0.1591,0.1591,0.1592,0.1593,0.1593,0.1594,0.1595,0.1595,0.1596,0.1597,0.1597,0.1598,0.1599,0.1599,0.16,0.1601,0.1601,0.1602,0.1603,0.1604,0.1604,0.1605,0.1606,0.1606,0.1607,0.1608,0.1608,0.1609,0.161,0.161,0.1611,0.1612,0.1613,0.1613,0.1614,0.1615,0.1615,0.1616,0.1617,0.1617,0.1618,0.1619,0.162,0.162,0.1621,0.1622,0.1622,0.1623,0.1624,0.1625,0.1625,0.1626,0.1627,0.1627,0.1628,0.1629,0.163,0.163,0.1631,0.1632,0.1632,0.1633,0.1634,0.1635,0.1635,0.1636,0.1637,0.1637,0.1638,0.1639,0.164,0.164,0.1641,0.1642,0.1642,0.1643,0.1644,0.1645,0.1645,0.1646,0.1647,0.1648,0.1648,0.1649,0.165,0.165,0.1651,0.1652,0.1653,0.1653,0.1654,0.1655,0.1656,0.1656,0.1657,0.1658,0.1659,0.1659,0.166,0.1661,0.1662,0.1662,0.1663,0.1664,0.1664,0.1665,0.1666,0.1667,0.1667,0.1668,0.1669,0.167,0.167,0.1671,0.1672,0.1673,0.1673,0.1674,0.1675,0.1676,0.1676,0.1677,0.1678,0.1679,0.168,0.168,0.1681,0.1682,0.1683,0.1683,0.1684,0.1685,0.1686,0.1686,0.1687,0.1688,0.1689,0.1689,0.169,0.1691,0.1692,0.1692,0.1693,0.1694,0.1695,0.1696,0.1696,0.1697,0.1698,0.1699,0.1699,0.17,0.1701,0.1702,0.1703,0.1703,0.1704,0.1705,0.1706,0.1706,0.1707,0.1708,0.1709,0.171,0.171,0.1711,0.1712,0.1713,0.1714,0.1714,0.1715,0.1716,0.1717,0.1717,0.1718,0.1719,0.172,0.1721,0.1721,0.1722,0.1723,0.1724,0.1725,0.1725,0.1726,0.1727,0.1728,0.1729,0.173,0.1731,0.1732,0.1733,0.1734,0.1735,0.1736,0.1737,0.1738,0.1739,0.174,0.1742,0.1745,0.1748,0.1751,0.1753,0.1756,0.1759,0.1762,0.1765,0.1767,0.177,0.1773,0.1776,0.1779,0.1782,0.1785,0.1788,0.179,0.1793,0.1796,0.1799,0.1802,0.1805,0.1808,0.1811,0.1813,0.1814,0.1815,0.1816,0.1818,0.1819,0.1821,0.1822,0.1824,0.1825,0.1827,0.1828,0.183,0.1831,0.1833,0.1834,0.1836,0.1837,0.1839,0.184,0.1842,0.1843
0.1586,0.1586,0.1587,0.1588,0.1589,0.1589,0.159,0.1591,0.1591,0.1592,0.1593,0.1593,0.1594,0.1595,0.1595,0.1596,0.1597,0.1597,0.1598,0.1599,0.1599,0.16,0.1601,0.1602,0.1602,0.1603,0.1604,0.1604,0.1605,0.1606,0.1606,0.1607,0.1608,0.1608,0.1609,0.161,0.1611,0.1611,0.1612,0.1613,0.1613,0.1614,0.1615,0.1615,0.1616,0.1617,0.1618,0.1618,0.1619,0.162,0.162,0.1621,0.1622,0.1622,0.1623,0.1624,0.1625,0.1625,0.1626,0.1627,0.1627,0.1628,0.1629,0.163,0.163,0.1631,0.1632,0.1632,0.1633,0.1634,0.1635,0.1635,0.1636,0.1637,0.1637,0.1638,0.1639,0.164,0.164,0.1641,0.1642,0.1642,0.1643,0.1644,0.1645,0.1645,0.1646,0.1647,0.1648,0.1648,0.1649,0.165,0.165,0.1651,0.1652,0.1653,0.1653,0.1654,0.1655,0.1656,0.1656,0.1657,0.1658,0.1659,0.1659,0.166,0.1661,0.1662,0.1662,0.1663,0.1664,0.1665,0.1665,0.1666,0.1667,0.1667,0.1668,0.1669,0.167,0.167,0.1671,0.1672,0.1673,0.1673,0.1674,0.1675,0.1676,0.1676,0.1677,0.1678,0.1679,0.168,0.168,0.1681,0.1682,0.1683,0.1683,0.1684,0.1685,0.1686,0.1686,0.1687,0.1688,0.1689,0.1689,0.169,0.1691,0.1692,0.1693,0.1693,0.1694,0.1695,0.1696,0.1696,0.1697,0.1698,0.1699,0.1699,0.17,0.1701,0.1702,0.1703,0.1703,0.1704,0.1705,0.1706,0.1706,0.1707,0.1708,0.1709,0.171,0.171,0.1711,0.1712,0.1713,0.1714,0.1714,0.1715,0.1716,0.1717,0.1717,0.1718,0.1719,0.172,0.1721,0.1721,0.1722,0.1723,0.1724,0.1725,0.1725,0.1726,0.1727,0.1728,0.1729,0.173,0.1731,0.1732,0.1733,0.1734,0.1735,0.1736,0.1737,0.1738,0.1739,0.174,0.1741,0.1742,0.1743,0.1746,0.1748,0.1751,0.1754,0.1757,0.176,0.1762,0.1765,0.1768,0.1771,0.1774,0.1777,0.178,0.1782,0.1785,0.1788,0.1791,0.1794,0.1797,0.18,0.1803,0.1806,0.1809,0.1812,0.1815,0.1817,0.1817,0.1818,0.1819,0.182,0.182,0.1821,0.1822,0.1823,0.1824,0.1826,0.1827,0.1828,0.183,0.1831,0.1833,0.1834,0.1836,0.1837,0.1839,0.184,0.1842
0.1588,0.1589,0.1589,0.159,0.1591,0.1591,0.1592,0.1593,0.1593,0.1594,0.1595,0.1595,0.1596,0.1597,0.1597,0.1598,0.1599,0.1599,0.16,0.1601,0.1602,0.1602,0.1603,0.1604,0.1604,0.1605,0.1606,0.1606,0.1607,0.1608,0.1608,0.1609,0.161,0.1611,0.1611,0.1612,0.1613,0.1613,0.1614,0.1615,0.1615,0.1616,0.1617,0.1618,0.1618,0.1619,0.162,0.162,0.1621,0.1622,0.1622,0.1623,0.1624,0.1625,0.1625,0.1626,0.1627,0.1627,0.1628,0.1629,0.163,0.163,0.1631,0.1632,0.1632,0.1633,0.1634,0.1635,0.1635,0.1636,0.1637,0.1637,0.1638,0.1639,0.164,0.164,0.1641,0.1642,0.1642,0.1643,0.1644,0.1645,0.1645,0.1646,0.1647,0.1648,0.1648,0.1649,0.165,0.1651,0.1651,0.1652,0.1653,0.1653,0.1654,0.1655,0.1656,0.1656,0.1657,0.1658,0.1659,0.1659,0.166,0.1661,0.1662,0.1662,0.1663,0.1664,0.1665,0.1665,0.1666,0.1667,0.1668,0.1668,0.1669,0.167,0.167,0.1671,0.1672,0.1673,0.1674,0.1674,0.1675,0.1676,0.1677,0.1677,0.1678,0.1679,0.168,0.168,0.1681,0.1682,0.1683,0.1683,0.1684,0.1685,0.1686,0.1686,0.1687,0.1688,0.1689,0.1689,0.169,0.1691,0.1692,0.1693,0.1693,0.1694,0.1695,0.1696,0.1696,0.1697,0.1698,0.1699,0.1699,0.17,0.1701,0.1702,0.1703,0.1703,0.1704,0.1705,0.1706,0.1706,0.1707,0.1708,0.1709,0.171,0.171,0.1711,0.1712,0.1713,0.1714,0.1714,0.1715,0.1716,0.1717,0.1718,0.1718,0.1719,0.172,0.1721,0.1721,0.1722,0.1723,0.1724,0.1725,0.1725,0.1726,0.1727,0.1728,0.1729,0.173,0.1731,0.1732,0.1733,0.1734,0.1735,0.1736,0.1737,0.1738,0.1739,0.174,0.1741,0.1742,0.1743,0.1744,0.1745,0.1746,0.1749,0.1752,0.1755,0.1758,0.176,0.1763,0.1766,0.1769,0.1772,0.1775,0.1777,0.178,0.1783,0.1786,0.1789,0.1792,0.1795,0.1798,0.1801,0.1804,0.1807,0.1809,0.1812,0.1815,0.1819,0.182,0.1821,0.1822,0.1822,0.1823,0.1824,0.1824,0.1825,0.1826,0.1826,0.1827,0.1828,0.1828,0.1829,0.183,0.1832,0.1833,0.1835,0.1836,0.1838,0.1839,0.1841
0.1590,0.1591,0.1591,0.1592,0.1593,0.1593,0.1594,0.1595,0.1595,0.1596,0.1597,0.1597,0.1598,0.1599,0.1599,0.16,0.1601,0.1602,0.1602,0.1603,0.1604,0.1604,0.1605,0.1606,0.1606,0.1607,0.1608,0.1608,0.1609,0.161,0.1611,0.1611,0.1612,0.1613,0.1613,0.1614,0.1615,0.1615,0.1616,0.1617,0.1618,0.1618,0.1619,0.162,0.162,0.1621,0.1622,0.1622,0.1623,0.1624,0.1625,0.1625,0.1626,0.1627,0.1627,0.1628,0.1629,0.163,0.163,0.1631,0.1632,0.1632,0.1633,0.1634,0.1635,0.1635,0.1636,0.1637,0.1637,0.1638,0.1639,0.164,0.164,0.1641,0.1642,0.1643,0.1643,0.1644,0.1645,0.1645,0.1646,0.1647,0.1648,0.1648,0.1649,0.165,0.1651,0.1651,0.1652,0.1653,0.1653,0.1654,0.1655,0.1656,0.1656,0.1657,0.1658,0.1659,0.1659,0.166,0.1661,0.1662,0.1662,0.1663,0.1664,0.1665,0.1665,0.1666,0.1667,0.1668,0.1668,0.1669,0.167,0.1671,0.1671,0.1672,0.1673,0.1674,0.1674,0.1675,0.1676,0.1677,0.1677,0.1678,0.1679,0.168,0.168,0.1681,0.1682,0.1683,0.1683,0.1684,0.1685,0.1686,0.1686,0.1687,0.1688,0.1689,0.1689,0.169,0.1691,0.1692,0.1693,0.1693,0.1694,0.1695,0.1696,0.1696,0.1697,0.1698,0.1699,0.1699,0.17,0.1701,0.1702,0.1703,0.1703,0.1704,0.1705,0.1706,0.1706,0.1707,0.1708,0.1709,0.171,0.171,0.1711,0.1712,0.1713,0.1714,0.1714,0.1715,0.1716,0.1717,0.1718,0.1718,0.1719,0.172,0.1721,0.1721,0.1722,0.1723,0.1724,0.1725,0.1725,0.1726,0.1727,0.1728,0.1729,0.173,0.1731,0.1732,0.1733,0.1734,0.1735,0.1736,0.1737,0.1738,0.1739,0.174,0.1741,0.1742,0.1743,0.1744,0.1745,0.1746,0.1747,0.1748,0.175,0.1753,0.1755,0.1758,0.1761,0.1764,0.1767,0.1769,0.1772,0.1775,0.1778,0.1781,0.1784,0.1787,0.179,0.1793,0.1795,0.1798,0.1801,0.1804,0.1807,0.181,0.1813,0.1816,0.1819,0.1822,0.1823,0.1824,0.1825,0.1826,0.1826,0.1827,0.1828,0.1828,0.1829,0.183,0.183,0.1831,0.1832,0.1833,0.1833,0.1834,0.1835,0.1835,0.1836,0.1837,0.1838,0.184
0.1592,0.1593,0.1593,0.1594,0.1595,0.1595,0.1596,0.1597,0.1597,0.1598,0.1599,0.1599,0.16,0.1601,0.1602,0.1602,0.1603,0.1604,0.1604,0.1605,0.1606,0.1606,0.1607,0.1608,0.1608,0.1609,0.161,0.1611,0.1611,0.1612,0.1613,0.1613,0.1614,0.1615,0.1615,0.1616,0.1617,0.1618,0.1618,0.1619,0.162,0.162,0.1621,0.1622,0.1622,0.1623,0.1624,0.1625,0.1625,0.1626,0.1627,0.1627,0.1628,0.1629,0.163,0.163,0.1631,0.1632,0.1632,0.1633,0.1634,0.1635,0.1635,0.1636,0.1637,0.1637,0.1638,0.1639,0.164,0.164,0.1641,0.1642,0.1643,0.1643,0.1644,0.1645,0.1645,0.1646,0.1647,0.1648,0.1648,0.1649,0.165,0.1651,0.1651,0.1652,0.1653,0.1653,0.1654,0.1655,0.1656,0.1656,0.1657,0.1658,0.1659,0.1659,0.166,0.1661,0.1662,0.1662,0.1663,0.1664,0.1665,0.1665,0.1666,0.1667,0.1668,0.1668,0.1669,0.167,0.1671,0.1671,0.1672,0.1673,0.1674,0.1674,0.1675,0.1676,0.1677,0.1677,0.1678,0.1679,0.168,0.168,0.1681,0.1682,0.1683,0.1683,0.1684,0.1685,0.1686,0.1686,0.1687,0.1688,0.1689,0.1689,0.169,0.1691,0.1692,0.1693,0.1693,0.1694,0.1695,0.1696,0.1696,0.1697,0.1698,0.1699,0.17,0.17,0.1701,0.1702,0.1703,0.1703,0.1704,0.1705,0.1706,0.1707,0.1707,0.1708,0.1709,0.171,0.171,0.1711,0.1712,0.1713,0.1714,0.1714,0.1715,0.1716,0.1717,0.1718,0.1718,0.1719,0.172,0.1721,0.1722,0.1722,0.1723,0.1724,0.1725,0.1725,0.1726,0.1727,0.1728,0.1729,0.173,0.173,0.1731,0.1732,0.1733,0.1734,0.1735,0.1736,0.1737,0.1738,0.1739,0.174,0.1741,0.1742,0.1743,0.1744,0.1745,0.1746,0.1748,0.1749,0.175,0.1751,0.1753,0.1756,0.1759,0.1762,0.1764,0.1767,0.177,0.1773,0.1776,0.1779,0.1782,0.1785,0.1787,0.179,0.1793,0.1796,0.1799,0.1802,0.1805,0.1808,0.1811,0.1814,0.1817,0.182,0.1823,0.1826,0.1826,0.1827,0.1828,0.1829,0.183,0.183,0.1831,0.1832,0.1832,0.1833,0.1834,0.1835,0.1835,0.1836,0.1837,0.1837,0.1838,0.1839,0.184,0.184,0.1841,0.1842
0.1594,0.1595,0.1595,0.1596,0.1597,0.1597,0.1598,0.1599,0.16,0.16,0.1601,0.1602,0.1602,0.1603,0.1604,0.1604,0.1605,0.1606,0.1606,0.1607,0.1608,0.1608,0.1609,0.161,0.1611,0.1611,0.1612,0.1613,0.1613,0.1614,0.1615,0.1615,0.1616,0.1617,0.1618,0.1618,0.1619,0.162,0.162,0.1621,0.1622,0.1623,0.1623,0.1624,0.1625,0.1625,0.1626,0.1627,0.1627,0.1628,0.1629,0.163,0.163,0.1631,0.1632,0.1632,0.1633,0.1634,0.1635,0.1635,0.1636,0.1637,0.1637,0.1638,0.1639,0.164,0.164,0.1641,0.1642,0.1643,0.1643,0.1644,0.1645,0.1645,0.1646,0.1647,0.1648,0.1648,0.1649,0.165,0.1651,0.1651,0.1652,0.1653,0.1653,0.1654,0.1655,0.1656,0.1656,0.1657,0.1658,0.1659,0.1659,0.166,0.1661,0.1662,0.1662,0.1663,0.1664,0.1665,0.1665,0.1666,0.1667,0.1668,0.1668,0.1669,0.167,0.1671,0.1671,0.1672,0.1673,0.1674,0.1674,0.1675,0.1676,0.1677,0.1677,0.1678,0.1679,0.168,0.168,0.1681,0.1682,0.1683,0.1683,0.1684,0.1685,0.1686,0.1686,0.1687,0.1688,0.1689,0.169,0.169,0.1691,0.1692,0.1693,0.1693,0.1694,0.1695,0.1696,0.1696,0.1697,0.1698,0.1699,0.17,0.17,0.1701,0.1702,0.1703,0.1703,0.1704,0.1705,0.1706,0.1707,0.1707,0.1708,0.1709,0.171,0.171,0.1711,0.1712,0.1713,0.1714,0.1714,0.1715,0.1716,0.1717,0.1718,0.1718,0.1719,0.172,0.1721,0.1722,0.1722,0.1723,0.1724,0.1725,0.1726,0.1726,0.1727,0.1728,0.1729,0.173,0.173,0.1731,0.1732,0.1733,0.1734,0.1735,0.1736,0.1737,0.1738,0.1739,0.174,0.1741,0.1742,0.1743,0.1744,0.1745,0.1746,0.1747,0.1748,0.1749,0.175,0.1751,0.1752,0.1754,0.1757,0.176,0.1762,0.1765,0.1768,0.1771,0.1774,0.1777,0.1779,0.1782,0.1785,0.1788,0.1791,0.1794,0.1797,0.18,0.1803,0.1806,0.1809,0.1812,0.1815,0.1818,0.1821,0.1824,0.1827,0.1829,0.183,0.183,0.1831,0.1832,0.1833,0.1834,0.1834,0.1835,0.1836,0.1837,0.1837,0.1838,0.1839,0.1839,0.184,0.1841,0.1842,0.1842,0.1843,0.1844,0.1844,0.1845
0.1596,0.1597,0.1597,0.1598,0.1599,0.16,0.16,0.1601,0.1602,0.1602,0.1603,0.1604,0.1604,0.1605,0.1606,0.1606,0.1607,0.1608,0.1609,0.1609,0.161,0.1611,0.1611,0.1612,0.1613,0.1613,0.1614,0.1615,0.1615,0.1616,0.1617,0.1618,0.1618,0.1619,0.162,0.162,0.1621,0.1622,0.1623,0.1623,0.1624,0.1625,0.1625,0.1626,0.1627,0.1627,0.1628,0.1629,0.163,0.163,0.1631,0.1632,0.1632,0.1633,0.1634,0.1635,0.1635,0.1636,0.1637,0.1638,0.1638,0.1639,0.164,0.164,0.1641,0.1642,0.1643,0.1643,0.1644,0.1645,0.1645,0.1646,0.1647,0.1648,0.1648,0.1649,0.165,0.1651,0.1651,0.1652,0.1653,0.1654,0.1654,0.1655,0.1656,0.1656,0.1657,0.1658,0.1659,0.1659,0.166,0.1661,0.1662,0.1662,0.1663,0.1664,0.1665,0.1665,0.1666,0.1667,0.1668,0.1668,0.1669,0.167,0.1671,0.1671,0.1672,0.1673,0.1674,0.1674,0.1675,0.1676,0.1677,0.1677,0.1678,0.1679,0.168,0.168,0.1681,0.1682,0.1683,0.1683,0.1684,0.1685,0.1686,0.1686,0.1687,0.1688,0.1689,0.169,0.169,0.1691,0.1692,0.1693,0.1693,0.1694,0.1695,0.1696,0.1696,0.1697,0.1698,0.1699,0.17,0.17,0.1701,0.1702,0.1703,0.1703,0.1704,0.1705,0.1706,0.1707,0.1707,0.1708,0.1709,0.171,0.171,0.1711,0.1712,0.1713,0.1714,0.1714,0.1715,0.1716,0.1717,0.1718,0.1718,0.1719,0.172,0.1721,0.1722,0.1722,0.1723,0.1724,0.1725,0.1726,0.1726,0.1727,0.1728,0.1729,0.173,0.173,0.1731,0.1732,0.1733,0.1734,0.1735,0.1736,0.1737,0.1738,0.1739,0.174,0.1741,0.1742,0.1743,0.1744,0.1745,0.1746,0.1747,0.1748,0.1749,0.175,0.1751,0.1752,0.1753,0.1754,0.1755,0.1757,0.176,0.1763,0.1766,0.1769,0.1772,0.1774,0.1777,0.178,0.1783,0.1786,0.1789,0.1792,0.1795,0.1798,0.18,0.1803,0.1806,0.1809,0.1812,0.1815,0.1818,0.1821,0.1824,0.1827,0.1831,0.1832,0.1833,0.1834,0.1834,0.1835,0.1836,0.1837,0.1838,0.1839,0.1839,0.184,0.1841,0.1841,0.1842,0.1843,0.1844,0.1844,0.1845,0.1846,0.1846,0.1847,0.1848,0.1849
0.1598,0.1599,0.16,0.16,0.1601,0.1602,0.1602,0.1603,0.1604,0.1604,0.1605,0.1606,0.1606,0.1607,0.1608,0.1609,0.1609,0.161,0.1611,0.1611,0.1612,0.1613,0.1613,0.1614,0.1615,0.1615,0.1616,0.1617,0.1618,0.1618,0.1619,0.162,0.162,0.1621,0.1622,0.1623,0.1623,0.1624,0.1625,0.1625,0.1626,0.1627,0.1628,0.1628,0.1629,0.163,0.163,0.1631,0.1632,0.1632,0.1633,0.1634,0.1635,0.1635,0.1636,0.1637,0.1638,0.1638,0.1639,0.164,0.164,0.1641,0.1642,0.1643,0.1643,0.1644,0.1645,0.1645,0.1646,0.1647,0.1648,0.1648,0.1649,0.165,0.1651,0.1651,0.1652,0.1653,0.1654,0.1654,0.1655,0.1656,0.1656,0.1657,0.1658,0.1659,0.1659,0.166,0.1661,0.1662,0.1662,0.1663,0.1664,0.1665,0.1665,0.1666,0.1667,0.1668,0.1668,0.1669,0.167,0.1671,0.1671,0.1672,0.1673,0.1674,0.1674,0.1675,0.1676,0.1677,0.1677,0.1678,0.1679,0.168,0.168,0.1681,0.1682,0.1683,0.1683,0.1684,0.1685,0.1686,0.1686,0.1687,0.1688,0.1689,0.169,0.169,0.1691,0.1692,0.1693,0.1693,0.1694,0.1695,0.1696,0.1696,0.1697,0.1698,0.1699,0.17,0.17,0.1701,0.1702,0.1703,0.1703,0.1704,0.1705,0.1706,0.1707,0.1707,0.1708,0.1709,0.171,0.171,0.1711,0.1712,0.1713,0.1714,0.1714,0.1715,0.1716,0.1717,0.1718,0.1718,0.1719,0.172,0.1721,0.1722,0.1722,0.1723,0.1724,0.1725,0.1726,0.1726,0.1727,0.1728,0.1729,0.173,0.173,0.1731,0.1732,0.1733,0.1734,0.1735,0.1736,0.1737,0.1738,0.1739,0.174,0.1741,0.1742,0.1743,0.1744,0.1745,0.1746,0.1747,0.1748,0.1749,0.175,0.1751,0.1752,0.1753,0.1754,0.1755,0.1756,0.1757,0.1758,0.1761,0.1764,0.1767,0.1769,0.1772,0.1775,0.1778,0.1781,0.1784,0.1787,0.1789,0.1792,0.1795,0.1798,0.1801,0.1804,0.1807,0.181,0.1813,0.1816,0.1819,0.1822,0.1825,0.1828,0.1831,0.1835,0.1835,0.1836,0.1837,0.1838,0.1839,0.1839,0.184,0.1841,0.1842,0.1843,0.1843,0.1844,0.1845,0.1846,0.1846,0.1847,0.1848,0.1848,0.1849,0.185,0.1851,0.1851,0.1852
0.1600,0.1601,0.1602,0.1602,0.1603,0.1604,0.1604,0.1605,0.1606,0.1606,0.1607,0.1608,0.1609,0.1609,0.161,0.1611,0.1611,0.1612,0.1613,0.1613,0.1614,0.1615,0.1616,0.1616,0.1617,0.1618,0.1618,0.1619,0.162,0.162,0.1621,0.1622,0.1623,0.1623,0.1624,0.1625,0.1625,0.1626,0.1627,0.1628,0.1628,0.1629,0.163,0.163,0.1631,0.1632,0.1633,0.1633,0.1634,0.1635,0.1635,0.1636,0.1637,0.1638,0.1638,0.1639,0.164,0.164,0.1641,0.1642,0.1643,0.1643,0.1644,0.1645,0.1646,0.1646,0.1647,0.1648,0.1648,0.1649,0.165,0.1651,0.1651,0.1652,0.1653,0.1654,0.1654,0.1655,0.1656,0.1656,0.1657,0.1658,0.1659,0.1659,0.166,0.1661,0.1662,0.1662,0.1663,0.1664,0.1665,0.1665,0.1666,0.1667,0.1668,0.1668,0.1669,0.167,0.1671,0.1671,0.1672,0.1673,0.1674,0.1674,0.1675,0.1676,0.1677,0.1677,0.1678,0.1679,0.168,0.168,0.1681,0.1682,0.1683,0.1683,0.1684,0.1685,0.1686,0.1686,0.1687,0.1688,0.1689,0.169,0.169,0.1691,0.1692,0.1693,0.1693,0.1694,0.1695,0.1696,0.1696,0.1697,0.1698,0.1699,0.17,0.17,0.1701,0.1702,0.1703,0.1703,0.1704,0.1705,0.1706,0.1707,0.1707,0.1708,0.1709,0.171,0.1711,0.1711,0.1712,0.1713,0.1714,0.1714,0.1715,0.1716,0.1717,0.1718,0.1718,0.1719,0.172,0.1721,0.1722,0.1722,0.1723,0.1724,0.1725,0.1726,0.1726,0.1727,0.1728,0.1729,0.173,0.173,0.1731,0.1732,0.1733,0.1734,0.1735,0.1736,0.1737,0.1738,0.1739,0.174,0.1741,0.1742,0.1743,0.1744,0.1745,0.1746,0.1747,0.1748,0.1749,0.175,0.1751,0.1752,0.1753,0.1754,0.1755,0.1756,0.1757,0.1758,0.1759,0.176,0.1762,0.1764,0.1767,0.177,0.1773,0.1776,0.1779,0.1781,0.1784,0.1787,0.179,0.1793,0.1796,0.1799,0.1802,0.1805,0.1808,0.1811,0.1814,0.1817,0.182,0.1823,0.1826,0.1829,0.1832,0.1835,0.1838,0.1838,0.1839,0.184,0.1841,0.1842,0.1843,0.1844,0.1844,0.1845,0.1846,0.1847,0.1848,0.1848,0.1849,0.185,0.185,0.1851,0.1852,0.1853,0.1853,0.1854,0.1855,0.1855
0.1602,0.1603,0.1604,0.1604,0.1605,0.1606,0.1606,0.1607,0.1608,0.1609,0.1609,0.161,0.1611,0.1611,0.1612,0.1613,0.1613,0.1614,0.1615,0.1616,0.1616,0.1617,0.1618,0.1618,0.1619,0.162,0.162,0.1621,0.1622,0.1623,0.1623,0.1624,0.1625,0.1625,0.1626,0.1627,0.1628,0.1628,0.1629,0.163,0.163,0.1631,0.1632,0.1633,0.1633,0.1634,0.1635,0.1635,0.1636,0.1637,0.1638,0.1638,0.1639,0.164,0.164,0.1641,0.1642,0.1643,0.1643,0.1644,0.1645,0.1646,0.1646,0.1647,0.1648,0.1648,0.1649,0.165,0.1651,0.1651,0.1652,0.1653,0.1654,0.1654,0.1655,0.1656,0.1656,0.1657,0.1658,0.1659,0.1659,0.166,0.1661,0.1662,0.1662,0.1663,0.1664,0.1665,0.1665,0.1666,0.1667,0.1668,0.1668,0.1669,0.167,0.1671,0.1671,0.1672,0.1673,0.1674,0.1674,0.1675,0.1676,0.1677,0.1677,0.1678,0.1679,0.168,0.168,0.1681,0.1682,0.1683,0.1683,0.1684,0.1685,0.1686,0.1687,0.1687,0.1688,0.1689,0.169,0.169,0.1691,0.1692,0.1693,0.1693,0.1694,0.1695,0.1696,0.1697,0.1697,0.1698,0.1699,0.17,0.17,0.1701,0.1702,0.1703,0.1703,0.1704,0.1705,0.1706,0.1707,0.1707,0.1708,0.1709,0.171,0.1711,0.1711,0.1712,0.1713,0.1714,0.1714,0.1715,0.1716,0.1717,0.1718,0.1718,0.1719,0.172,0.1721,0.1722,0.1722,0.1723,0.1724,0.1725,0.1726,0.1726,0.1727,0.1728,0.1729,0.173,0.173,0.1731,0.1732,0.1733,0.1734,0.1735,0.1736,0.1737,0.1738,0.1739,0.174,0.1741,0.1742,0.1743,0.1744,0.1745,0.1746,0.1747,0.1748,0.1749,0.175,0.1751,0.1752,0.1753,0.1754,0.1755,0.1756,0.1757,0.1758,0.1759,0.176,0.1761,0.1762,0.1763,0.1765,0.1768,0.1771,0.1774,0.1776,0.1779,0.1782,0.1785,0.1788,0.1791,0.1794,0.1797,0.18,0.1803,0.1806,0.1809,0.1811,0.1814,0.1817,0.182,0.1823,0.1827,0.183,0.1833,0.1836,0.184,0.1841,0.1842,0.1843,0.1843,0.1844,0.1845,0.1846,0.1847,0.1848,0.1848,0.1849,0.185,0.1851,0.1852,0.1852,0.1853,0.1854,0.1855,0.1855,0.1856,0.1857,0.1857,0.1858,0.1859
0.1604,0.1605,0.1606,0.1606,0.1607,0.1608,0.1609,0.1609,0.161,0.1611,0.1611,0.1612,0.1613,0.1613,0.1614,0.1615,0.1616,0.1616,0.1617,0.1618,0.1618,0.1619,0.162,0.162,0.1621,0.1622,0.1623,0.1623,0.1624,0.1625,0.1625,0.1626,0.1627,0.1628,0.1628,0.1629,0.163,0.163,0.1631,0.1632,0.1633,0.1633,0.1634,0.1635,0.1635,0.1636,0.1637,0.1638,0.1638,0.1639,0.164,0.164,0.1641,0.1642,0.1643,0.1643,0.1644,0.1645,0.1646,0.1646,0.1647,0.1648,0.1648,0.1649,0.165,0.1651,0.1651,0.1652,0.1653,0.1654,0.1654,0.1655,0.1656,0.1657,0.1657,0.1658,0.1659,0.1659,0.166,0.1661,0.1662,0.1662,0.1663,0.1664,0.1665,0.1665,0.1666,0.1667,0.1668,0.1668,0.1669,0.167,0.1671,0.1671,0.1672,0.1673,0.1674,0.1674,0.1675,0.1676,0.1677,0.1677,0.1678,0.1679,0.168,0.168,0.1681,0.1682,0.1683,0.1683,0.1684,0.1685,0.1686,0.1687,0.1687,0.1688,0.1689,0.169,0.169,0.1691,0.1692,0.1693,0.1693,0.1694,0.1695,0.1696,0.1697,0.1697,0.1698,0.1699,0.17,0.17,0.1701,0.1702,0.1703,0.1704,0.1704,0.1705,0.1706,0.1707,0.1707,0.1708,0.1709,0.171,0.1711,0.1711,0.1712,0.1713,0.1714,0.1714,0.1715,0.1716,0.1717,0.1718,0.1718,0.1719,0.172,0.1721,0.1722,0.1722,0.1723,0.1724,0.1725,0.1726,0.1726,0.1727,0.1728,0.1729,0.173,0.173,0.1731,0.1732,0.1733,0.1734,0.1735,0.1736,0.1737,0.1738,0.1739,0.174,0.1741,0.1742,0.1743,0.1744,0.1745,0.1746,0.1747,0.1748,0.1749,0.175,0.1751,0.1752,0.1753,0.1754,0.1755,0.1756,0.1757,0.1758,0.1759,0.176,0.1761,0.1762,0.1763,0.1764,0.1765,0.1766,0.1769,0.1771,0.1774,0.1777,0.178,0.1783,0.1786,0.1789,0.1792,0.1794,0.1797,0.18,0.1803,0.1806,0.1809,0.1812,0.1815,0.1818,0.1821,0.1824,0.1827,0.183,0.1833,0.1836,0.184,0.1844,0.1844,0.1845,0.1846,0.1847,0.1848,0.1848,0.1849,0.185,0.1851,0.1852,0.1853,0.1854,0.1854,0.1855,0.1856,0.1857,0.1857,0.1858,0.1859,0.186,0.186,0.1861,0.1862,0.1862
0.1607,0.1607,0.1608,0.1609,0.1609,0.161,0.1611,0.1611,0.1612,0.1613,0.1613,0.1614,0.1615,0.1616,0.1616,0.1617,0.1618,0.1618,0.1619,0.162,0.162,0.1621,0.1622,0.1623,0.1623,0.1624,0.1625,0.1625,0.1626,0.1627,0.1628,0.1628,0.1629,0.163,0.163,0.1631,0.1632,0.1633,0.1633,0.1634,0.1635,0.1635,0.1636,0.1637,0.1638,0.1638,0.1639,0.164,0.164,0.1641,0.1642,0.1643,0.1643,0.1644,0.1645,0.1646,0.1646,0.1647,0.1648,0.1648,0.1649,0.165,0.1651,0.1651,0.1652,0.1653,0.1654,0.1654,0.1655,0.1656,0.1657,0.1657,0.1658,0.1659,0.1659,0.166,0.1661,0.1662,0.1662,0.1663,0.1664,0.1665,0.1665,0.1666,0.1667,0.1668,0.1668,0.1669,0.167,0.1671,0.1671,0.1672,0.1673,0.1674,0.1674,0.1675,0.1676,0.1677,0.1677,0.1678,0.1679,0.168,0.168,0.1681,0.1682,0.1683,0.1683,0.1684,0.1685,0.1686,0.1687,0.1687,0.1688,0.1689,0.169,0.169,0.1691,0.1692,0.1693,0.1693,0.1694,0.1695,0.1696,0.1697,0.1697,0.1698,0.1699,0.17,0.17,0.1701,0.1702,0.1703,0.1704,0.1704,0.1705,0.1706,0.1707,0.1707,0.1708,0.1709,0.171,0.1711,0.1711,0.1712,0.1713,0.1714,0.1715,0.1715,0.1716,0.1717,0.1718,0.1718,0.1719,0.172,0.1721,0.1722,0.1722,0.1723,0.1724,0.1725,0.1726,0.1726,0.1727,0.1728,0.1729,0.173,0.173,0.1731,0.1732,0.1733,0.1734,0.1735,0.1736,0.1737,0.1738,0.1739,0.174,0.1741,0.1742,0.1743,0.1744,0.1745,0.1746,0.1747,0.1748,0.1749,0.175,0.1751,0.1752,0.1753,0.1754,0.1755,0.1756,0.1757,0.1758,0.1759,0.176,0.1761,0.1762,0.1763,0.1764,0.1765,0.1766,0.1767,0.1768,0.1769,0.1772,0.1775,0.1778,0.1781,0.1784,0.1786,0.1789,0.1792,0.1795,0.1798,0.1801,0.1804,0.1807,0.181,0.1813,0.1816,0.1819,0.1822,0.1825,0.1828,0.1831,0.1834,0.1837,0.184,0.1844,0.1847,0.1848,0.1848,0.1849,0.185,0.1851,0.1852,0.1853,0.1853,0.1854,0.1855,0.1856,0.1857,0.1858,0.1859,0.1859,0.186,0.1861,0.1862,0.1862,0.1863,0.1864,0.1865,0.1865,0.1866
0.1609,0.1609,0.161,0.1611,0.1611,0.1612,0.1613,0.1613,0.1614,0.1615,0.1616,0.1616,0.1617,0.1618,0.1618,0.1619,0.162,0.1621,0.1621,0.1622,0.1623,0.1623,0.1624,0.1625,0.1625,0.1626,0.1627,0.1628,0.1628,0.1629,0.163,0.163,0.1631,0.1632,0.1633,0.1633,0.1634,0.1635,0.1635,0.1636,0.1637,0.1638,0.1638,0.1639,0.164,0.164,0.1641,0.1642,0.1643,0.1643,0.1644,0.1645,0.1646,0.1646,0.1647,0.1648,0.1648,0.1649,0.165,0.1651,0.1651,0.1652,0.1653,0.1654,0.1654,0.1655,0.1656,0.1657,0.1657,0.1658,0.1659,0.166,0.166,0.1661,0.1662,0.1662,0.1663,0.1664,0.1665,0.1665,0.1666,0.1667,0.1668,0.1668,0.1669,0.167,0.1671,0.1671,0.1672,0.1673,0.1674,0.1674,0.1675,0.1676,0.1677,0.1677,0.1678,0.1679,0.168,0.168,0.1681,0.1682,0.1683,0.1684,0.1684,0.1685,0.1686,0.1687,0.1687,0.1688,0.1689,0.169,0.169,0.1691,0.1692,0.1693,0.1693,0.1694,0.1695,0.1696,0.1697,0.1697,0.1698,0.1699,0.17,0.17,0.1701,0.1702,0.1703,0.1704,0.1704,0.1705,0.1706,0.1707,0.1707,0.1708,0.1709,0.171,0.1711,0.1711,0.1712,0.1713,0.1714,0.1715,0.1715,0.1716,0.1717,0.1718,0.1718,0.1719,0.172,0.1721,0.1722,0.1722,0.1723,0.1724,0.1725,0.1726,0.1726,0.1727,0.1728,0.1729,0.173,0.173,0.1731,0.1732,0.1733,0.1734,0.1734,0.1735,0.1736,0.1737,0.1738,0.1739,0.174,0.1741,0.1742,0.1743,0.1744,0.1745,0.1746,0.1748,0.1749,0.175,0.1751,0.1752,0.1753,0.1754,0.1755,0.1756,0.1757,0.1758,0.1759,0.176,0.1761,0.1762,0.1763,0.1764,0.1765,0.1766,0.1767,0.1768,0.1769,0.177,0.1771,0.1773,0.1776,0.1779,0.1781,0.1784,0.1787,0.179,0.1793,0.1796,0.1799,0.1802,0.1805,0.1808,0.1811,0.1814,0.1817,0.182,0.1823,0.1826,0.1829,0.1832,0.1835,0.1838,0.1841,0.1845,0.1848,0.185,0.1851,0.1852,0.1852,0.1853,0.1854,0.1855,0.1856,0.1857,0.1858,0.1858,0.1859,0.186,0.1861,0.1862,0.1863,0.1864,0.1864,0.1865,0.1866,0.1867,0.1867,0.1868,0.1869,0.1869
0.1611,0.1611,0.1612,0.1613,0.1613,0.1614,0.1615,0.1616,0.1616,0.1617,0.1618,0.1618,0.1619,0.162,0.1621,0.1621,0.1622,0.1623,0.1623,0.1624,0.1625,0.1625,0.1626,0.1627,0.1628,0.1628,0.1629,0.163,0.163,0.1631,0.1632,0.1633,0.1633,0.1634,0.1635,0.1635,0.1636,0.1637,0.1638,0.1638,0.1639,0.164,0.1641,0.1641,0.1642,0.1643,0.1643,0.1644,0.1645,0.1646,0.1646,0.1647,0.1648,0.1649,0.1649,0.165,0.1651,0.1651,0.1652,0.1653,0.1654,0.1654,0.1655,0.1656,0.1657,0.1657,0.1658,0.1659,0.166,0.166,0.1661,0.1662,0.1662,0.1663,0.1664,0.1665,0.1665,0.1666,0.1667,0.1668,0.1668,0.1669,0.167,0.1671,0.1671,0.1672,0.1673,0.1674,0.1674,0.1675,0.1676,0.1677,0.1677,0.1678,0.1679,0.168,0.168,0.1681,0.1682,0.1683,0.1684,0.1684,0.1685,0.1686,0.1687,0.1687,0.1688,0.1689,0.169,0.169,0.1691,0.1692,0.1693,0.1693,0.1694,0.1695,0.1696,0.1697,0.1697,0.1698,0.1699,0.17,0.17,0.1701,0.1702,0.1703,0.1704,0.1704,0.1705,0.1706,0.1707,0.1707,0.1708,0.1709,0.171,0.1711,0.1711,0.1712,0.1713,0.1714,0.1715,0.1715,0.1716,0.1717,0.1718,0.1718,0.1719,0.172,0.1721,0.1722,0.1722,0.1723,0.1724,0.1725,0.1726,0.1726,0.1727,0.1728,0.1729,0.173,0.173,0.1731,0.1732,0.1733,0.1734,0.1735,0.1735,0.1736,0.1737,0.1738,0.1739,0.174,0.1741,0.1742,0.1743,0.1744,0.1745,0.1746,0.1747,0.1748,0.1749,0.175,0.1751,0.1752,0.1754,0.1755,0.1756,0.1757,0.1758,0.1759,0.176,0.1761,0.1762,0.1763,0.1764,0.1765,0.1766,0.1767,0.1768,0.1769,0.177,0.1771,0.1772,0.1773,0.1774,0.1776,0.1779,0.1782,0.1785,0.1788,0.1791,0.1794,0.1797,0.18,0.1802,0.1805,0.1808,0.1811,0.1814,0.1817,0.182,0.1823,0.1826,0.1829,0.1832,0.1836,0.1839,0.1842,0.1845,0.1849,0.1852,0.1854,0.1854,0.1855,0.1856,0.1857,0.1858,0.1858,0.1859,0.186,0.1861,0.1862,0.1863,0.1864,0.1864,0.1865,0.1866,0.1867,0.1868,0.1869,0.1869,0.187,0.1871,0.1872,0.1872,0.1873
0.1613,0.1614,0.1614,0.1615,0.1616,0.1616,0.1617,0.1618,0.1618,0.1619,0.162,0.1621,0.1621,0.1622,0.1623,0.1623,0.1624,0.1625,0.1625,0.1626,0.1627,0.1628,0.1628,0.1629,0.163,0.163,0.1631,0.1632,0.1633,0.1633,0.1634,0.1635,0.1635,0.1636,0.1637,0.1638,0.1638,0.1639,0.164,0.1641,0.1641,0.1642,0.1643,0.1643,0.1644,0.1645,0.1646,0.1646,0.1647,0.1648,0.1649,0.1649,0.165,0.1651,0.1651,0.1652,0.1653,0.1654,0.1654,0.1655,0.1656,0.1657,0.1657,0.1658,0.1659,0.166,0.166,0.1661,0.1662,0.1663,0.1663,0.1664,0.1665,0.1665,0.1666,0.1667,0.1668,0.1668,0.1669,0.167,0.1671,0.1671,0.1672,0.1673,0.1674,0.1674,0.1675,0.1676,0.1677,0.1677,0.1678,0.1679,0.168,0.1681,0.1681,0.1682,0.1683,0.1684,0.1684,0.1685,0.1686,0.1687,0.1687,0.1688,0.1689,0.169,0.169,0.1691,0.1692,0.1693,0.1694,0.1694,0.1695,0.1696,0.1697,0.1697,0.1698,0.1699,0.17,0.17,0.1701,0.1702,0.1703,0.1704,0.1704,0.1705,0.1706,0.1707,0.1707,0.1708,0.1709,0.171,0.1711,0.1711,0.1712,0.1713,0.1714,0.1715,0.1715,0.1716,0.1717,0.1718,0.1719,0.1719,0.172,0.1721,0.1722,0.1722,0.1723,0.1724,0.1725,0.1726,0.1726,0.1727,0.1728,0.1729,0.173,0.173,0.1731,0.1732,0.1733,0.1734,0.1735,0.1735,0.1736,0.1737,0.1738,0.1739,0.174,0.1741,0.1742,0.1743,0.1744,0.1745,0.1746,0.1747,0.1748,0.1749,0.175,0.1751,0.1752,0.1753,0.1754,0.1755,0.1756,0.1757,0.1759,0.176,0.1761,0.1762,0.1763,0.1764,0.1765,0.1766,0.1767,0.1768,0.1769,0.177,0.1771,0.1772,0.1773,0.1774,0.1775,0.1776,0.1777,0.178,0.1783,0.1786,0.1789,0.1791,0.1794,0.1797,0.18,0.1803,0.1806,0.1809,0.1812,0.1815,0.1818,0.1821,0.1824,0.1827,0.183,0.1833,0.1836,0.1839,0.1842,0.1845,0.1849,0.1853,0.1856,0.1857,0.1858,0.1858,0.1859,0.186,0.1861,0.1862,0.1863,0.1863,0.1864,0.1865,0.1866,0.1867,0.1868,0.1869,0.187,0.187,0.1871,0.1872,0.1873,0.1874,0.1874,0.1875,0.1876,0.1877
0.1615,0.1616,0.1616,0.1617,0.1618,0.1618,0.1619,0.162,0.1621,0.1621,0.1622,0.1623,0.1623,0.1624,0.1625,0.1626,0.1626,0.1627,0.1628,0.1628,0.1629,0.163,0.163,0.1631,0.1632,0.1633,0.1633,0.1634,0.1635,0.1635,0.1636,0.1637,0.1638,0.1638,0.1639,0.164,0.1641,0.1641,0.1642,0.1643,0.1643,0.1644,0.1645,0.1646,0.1646,0.1647,0.1648,0.1649,0.1649,0.165,0.1651,0.1651,0.1652,0.1653,0.1654,0.1654,0.1655,0.1656,0.1657,0.1657,0.1658,0.1659,0.166,0.166,0.1661,0.1662,0.1663,0.1663,0.1664,0.1665,0.1665,0.1666,0.1667,0.1668,0.1668,0.1669,0.167,0.1671,0.1671,0.1672,0.1673,0.1674,0.1674,0.1675,0.1676,0.1677,0.1678,0.1678,0.1679,0.168,0.1681,0.1681,0.1682,0.1683,0.1684,0.1684,0.1685,0.1686,0.1687,0.1687,0.1688,0.1689,0.169,0.169,0.1691,0.1692,0.1693,0.1694,0.1694,0.1695,0.1696,0.1697,0.1697,0.1698,0.1699,0.17,0.17,0.1701,0.1702,0.1703,0.1704,0.1704,0.1705,0.1706,0.1707,0.1708,0.1708,0.1709,0.171,0.1711,0.1711,0.1712,0.1713,0.1714,0.1715,0.1715,0.1716,0.1717,0.1718,0.1719,0.1719,0.172,0.1721,0.1722,0.1723,0.1723,0.1724,0.1725,0.1726,0.1727,0.1727,0.1728,0.1729,0.173,0.1731,0.1731,0.1732,0.1733,0.1734,0.1735,0.1735,0.1736,0.1737,0.1738,0.1739,0.174,0.1741,0.1742,0.1743,0.1744,0.1745,0.1746,0.1747,0.1748,0.1749,0.175,0.1751,0.1752,0.1753,0.1754,0.1755,0.1756,0.1757,0.1758,0.1759,0.176,0.1761,0.1763,0.1764,0.1765,0.1766,0.1767,0.1768,0.1769,0.177,0.1771,0.1772,0.1773,0.1774,0.1775,0.1776,0.1777,0.1778,0.1779,0.1781,0.1783,0.1786,0.1789,0.1792,0.1795,0.1798,0.1801,0.1804,0.1807,0.181,0.1813,0.1816,0.1819,0.1822,0.1825,0.1828,0.1831,0.1834,0.1837,0.184,0.1843,0.1846,0.185,0.1853,0.1857,0.186,0.186,0.1861,0.1862,0.1863,0.1863,0.1864,0.1865,0.1866,0.1867,0.1868,0.1869,0.1869,0.187,0.1871,0.1872,0.1873,0.1874,0.1875,0.1876,0.1876,0.1877,0.1878,0.1879,0.1879,0.188
0.1617,0.1618,0.1618,0.1619,0.162,0.1621,0.1621,0.1622,0.1623,0.1623,0.1624,0.1625,0.1626,0.1626,0.1627,0.1628,0.1628,0.1629,0.163,0.1631,0.1631,0.1632,0.1633,0.1633,0.1634,0.1635,0.1636,0.1636,0.1637,0.1638,0.1638,0.1639,0.164,0.1641,0.1641,0.1642,0.1643,0.1643,0.1644,0.1645,0.1646,0.1646,0.1647,0.1648,0.1649,0.1649,0.165,0.1651,0.1651,0.1652,0.1653,0.1654,0.1654,0.1655,0.1656,0.1657,0.1657,0.1658,0.1659,0.166,0.166,0.1661,0.1662,0.1663,0.1663,0.1664,0.1665,0.1666,0.1666,0.1667,0.1668,0.1668,0.1669,0.167,0.1671,0.1671,0.1672,0.1673,0.1674,0.1674,0.1675,0.1676,0.1677,0.1678,0.1678,0.1679,0.168,0.1681,0.1681,0.1682,0.1683,0.1684,0.1684,0.1685,0.1686,0.1687,0.1687,0.1688,0.1689,0.169,0.169,0.1691,0.1692,0.1693,0.1694,0.1694,0.1695,0.1696,0.1697,0.1697,0.1698,0.1699,0.17,0.1701,0.1701,0.1702,0.1703,0.1704,0.1704,0.1705,0.1706,0.1707,0.1708,0.1708,0.1709,0.171,0.1711,0.1711,0.1712,0.1713,0.1714,0.1715,0.1715,0.1716,0.1717,0.1718,0.1719,0.1719,0.172,0.1721,0.1722,0.1723,0.1723,0.1724,0.1725,0.1726,0.1727,0.1727,0.1728,0.1729,0.173,0.1731,0.1731,0.1732,0.1733,0.1734,0.1735,0.1735,0.1736,0.1737,0.1738,0.1739,0.174,0.1741,0.1742,0.1743,0.1744,0.1745,0.1746,0.1747,0.1748,0.1749,0.175,0.1751,0.1752,0.1753,0.1754,0.1755,0.1756,0.1757,0.1758,0.1759,0.176,0.1761,0.1762,0.1763,0.1764,0.1765,0.1767,0.1768,0.1769,0.177,0.1771,0.1772,0.1773,0.1774,0.1775,0.1776,0.1777,0.1778,0.1779,0.178,0.1781,0.1782,0.1784,0.1787,0.179,0.1793,0.1796,0.1799,0.1802,0.1805,0.1808,0.1811,0.1814,0.1817,0.182,0.1823,0.1826,0.1829,0.1832,0.1835,0.1838,0.1841,0.1844,0.1847,0.185,0.1854,0.1857,0.1861,0.1863,0.1864,0.1864,0.1865,0.1866,0.1867,0.1868,0.1868,0.1869,0.187,0.1871,0.1872,0.1873,0.1874,0.1875,0.1875,0.1876,0.1877,0.1878,0.1879,0.188,0.1881,0.1882,0.1882,0.1883,0.1884
0.1619,0.162,0.1621,0.1621,0.1622,0.1623,0.1623,0.1624,0.1625,0.1626,0.1626,0.1627,0.1628,0.1628,0.1629,0.163,0.1631,0.1631,0.1632,0.1633,0.1633,0.1634,0.1635,0.1636,0.1636,0.1637,0.1638,0.1638,0.1639,0.164,0.1641,0.1641,0.1642,0.1643,0.1643,0.1644,0.1645,0.1646,0.1646,0.1647,0.1648,0.1649,0.1649,0.165,0.1651,0.1651,0.1652,0.1653,0.1654,0.1654,0.1655,0.1656,0.1657,0.1657,0.1658,0.1659,0.166,0.166,0.1661,0.1662,0.1663,0.1663,0.1664,0.1665,0.1666,0.1666,0.1667,0.1668,0.1669,0.1669,0.167,0.1671,0.1672,0.1672,0.1673,0.1674,0.1675,0.1675,0.1676,0.1677,0.1678,0.1678,0.1679,0.168,0.1681,0.1681,0.1682,0.1683,0.1684,0.1684,0.1685,0.1686,0.1687,0.1687,0.1688,0.1689,0.169,0.169,0.1691,0.1692,0.1693,0.1694,0.1694,0.1695,0.1696,0.1697,0.1697,0.1698,0.1699,0.17,0.1701,0.1701,0.1702,0.1703,0.1704,0.1704,0.1705,0.1706,0.1707,0.1708,0.1708,0.1709,0.171,0.1711,0.1711,0.1712,0.1713,0.1714,0.1715,0.1715,0.1716,0.1717,0.1718,0.1719,0.1719,0.172,0.1721,0.1722,0.1723,0.1723,0.1724,0.1725,0.1726,0.1727,0.1727,0.1728,0.1729,0.173,0.1731,0.1731,0.1732,0.1733,0.1734,0.1735,0.1735,0.1736,0.1737,0.1738,0.1739,0.174,0.1741,0.1742,0.1743,0.1744,0.1745,0.1746,0.1747,0.1748,0.1749,0.175,0.1751,0.1752,0.1753,0.1754,0.1755,0.1756,0.1757,0.1758,0.1759,0.176,0.1761,0.1762,0.1763,0.1764,0.1765,0.1766,0.1767,0.1768,0.177,0.1771,0.1772,0.1773,0.1774,0.1775,0.1776,0.1777,0.1778,0.1779,0.178,0.1781,0.1782,0.1783,0.1784,0.1785,0.1788,0.1791,0.1794,0.1796,0.1799,0.1802,0.1805,0.1808,0.1811,0.1814,0.1817,0.182,0.1823,0.1826,0.1829,0.1832,0.1835,0.1838,0.1842,0.1845,0.1848,0.1851,0.1854,0.1858,0.1861,0.1865,0.1866,0.1867,0.1868,0.1868,0.1869,0.187,0.1871,0.1872,0.1873,0.1874,0.1874,0.1875,0.1876,0.1877,0.1878,0.1879,0.188,0.1881,0.1881,0.1882,0.1883,0.1884,0.1885,0.1886,0.1887,0.1887
0.1621,0.1622,0.1623,0.1623,0.1624,0.1625,0.1626,0.1626,0.1627,0.1628,0.1628,0.1629,0.163,0.1631,0.1631,0.1632,0.1633,0.1633,0.1634,0.1635,0.1636,0.1636,0.1637,0.1638,0.1638,0.1639,0.164,0.1641,0.1641,0.1642,0.1643,0.1643,0.1644,0.1645,0.1646,0.1646,0.1647,0.1648,0.1649,0.1649,0.165,0.1651,0.1652,0.1652,0.1653,0.1654,0.1654,0.1655,0.1656,0.1657,0.1657,0.1658,0.1659,0.166,0.166,0.1661,0.1662,0.1663,0.1663,0.1664,0.1665,0.1666,0.1666,0.1667,0.1668,0.1669,0.1669,0.167,0.1671,0.1672,0.1672,0.1673,0.1674,0.1675,0.1675,0.1676,0.1677,0.1678,0.1678,0.1679,0.168,0.1681,0.1681,0.1682,0.1683,0.1684,0.1684,0.1685,0.1686,0.1687,0.1687,0.1688,0.1689,0.169,0.1691,0.1691,0.1692,0.1693,0.1694,0.1694,0.1695,0.1696,0.1697,0.1697,0.1698,0.1699,0.17,0.1701,0.1701,0.1702,0.1703,0.1704,0.1704,0.1705,0.1706,0.1707,0.1708,0.1708,0.1709,0.171,0.1711,0.1711,0.1712,0.1713,0.1714,0.1715,0.1715,0.1716,0.1717,0.1718,0.1719,0.1719,0.172,0.1721,0.1722,0.1723,0.1723,0.1724,0.1725,0.1726,0.1727,0.1727,0.1728,0.1729,0.173,0.1731,0.1731,0.1732,0.1733,0.1734,0.1735,0.1735,0.1736,0.1737,0.1738,0.1739,0.174,0.1741,0.1742,0.1743,0.1744,0.1745,0.1746,0.1747,0.1748,0.1749,0.175,0.1751,0.1752,0.1753,0.1754,0.1755,0.1756,0.1757,0.1758,0.1759,0.176,0.1761,0.1762,0.1763,0.1764,0.1765,0.1766,0.1767,0.1768,0.1769,0.177,0.1771,0.1773,0.1774,0.1775,0.1776,0.1777,0.1778,0.1779,0.178,0.1781,0.1782,0.1783,0.1784,0.1785,0.1786,0.1787,0.1788,0.1791,0.1794,0.1797,0.18,0.1803,0.1806,0.1809,0.1812,0.1815,0.1818,0.1821,0.1824,0.1827,0.183,0.1833,0.1836,0.1839,0.1842,0.1845,0.1848,0.1852,0.1855,0.1858,0.1862,0.1866,0.1869,0.187,0.187,0.1871,0.1872,0.1873,0.1874,0.1874,0.1875,0.1876,0.1877,0.1878,0.1879,0.188,0.188,0.1881,0.1882,0.1883,0.1884,0.1885,0.1886,0.1887,0.1888,0.1888,0.1889,0.189,0.1891
0.1623,0.1624,0.1625,0.1626,0.1626,0.1627,0.1628,0.1628,0.1629,0.163,0.1631,0.1631,0.1632,0.1633,0.1633,0.1634,0.1635,0.1636,0.1636,0.1637,0.1638,0.1638,0.1639,0.164,0.1641,0.1641,0.1642,0.1643,0.1644,0.1644,0.1645,0.1646,0.1646,0.1647,0.1648,0.1649,0.1649,0.165,0.1651,0.1652,0.1652,0.1653,0.1654,0.1654,0.1655,0.1656,0.1657,0.1657,0.1658,0.1659,0.166,0.166,0.1661,0.1662,0.1663,0.1663,0.1664,0.1665,0.1666,0.1666,0.1667,0.1668,0.1669,0.1669,0.167,0.1671,0.1672,0.1672,0.1673,0.1674,0.1675,0.1675,0.1676,0.1677,0.1678,0.1678,0.1679,0.168,0.1681,0.1681,0.1682,0.1683,0.1684,0.1684,0.1685,0.1686,0.1687,0.1687,0.1688,0.1689,0.169,0.1691,0.1691,0.1692,0.1693,0.1694,0.1694,0.1695,0.1696,0.1697,0.1697,0.1698,0.1699,0.17,0.1701,0.1701,0.1702,0.1703,0.1704,0.1704,0.1705,0.1706,0.1707,0.1708,0.1708,0.1709,0.171,0.1711,0.1711,0.1712,0.1713,0.1714,0.1715,0.1715,0.1716,0.1717,0.1718,0.1719,0.1719,0.172,0.1721,0.1722,0.1723,0.1723,0.1724,0.1725,0.1726,0.1727,0.1727,0.1728,0.1729,0.173,0.1731,0.1731,0.1732,0.1733,0.1734,0.1735,0.1735,0.1736,0.1737,0.1738,0.1739,0.174,0.1741,0.1742,0.1743,0.1744,0.1745,0.1746,0.1747,0.1748,0.1749,0.175,0.1751,0.1752,0.1753,0.1754,0.1755,0.1756,0.1757,0.1758,0.1759,0.176,0.1761,0.1762,0.1763,0.1764,0.1765,0.1766,0.1767,0.1768,0.1769,0.177,0.1771,0.1772,0.1773,0.1774,0.1776,0.1777,0.1778,0.1779,0.178,0.1781,0.1782,0.1783,0.1784,0.1785,0.1786,0.1787,0.1788,0.1789,0.179,0.1792,0.1795,0.1798,0.1801,0.1804,0.1807,0.181,0.1813,0.1816,0.1819,0.1822,0.1825,0.1828,0.1831,0.1834,0.1837,0.184,0.1843,0.1846,0.1849,0.1852,0.1855,0.1859,0.1862,0.1866,0.187,0.1873,0.1873,0.1874,0.1874,0.1875,0.1876,0.1877,0.1878,0.1879,0.188,0.188,0.1881,0.1882,0.1883,0.1884,0.1885,0.1886,0.1887,0.1887,0.1888,0.1889,0.189,0.1891,0.1892,0.1893,0.1894,0.1895
0.1626,0.1626,0.1627,0.1628,0.1628,0.1629,0.163,0.1631,0.1631,0.1632,0.1633,0.1633,0.1634,0.1635,0.1636,0.1636,0.1637,0.1638,0.1638,0.1639,0.164,0.1641,0.1641,0.1642,0.1643,0.1644,0.1644,0.1645,0.1646,0.1646,0.1647,0.1648,0.1649,0.1649,0.165,0.1651,0.1652,0.1652,0.1653,0.1654,0.1654,0.1655,0.1656,0.1657,0.1657,0.1658,0.1659,0.166,0.166,0.1661,0.1662,0.1663,0.1663,0.1664,0.1665,0.1666,0.1666,0.1667,0.1668,0.1669,0.1669,0.167,0.1671,0.1672,0.1672,0.1673,0.1674,0.1675,0.1675,0.1676,0.1677,0.1678,0.1678,0.1679,0.168,0.1681,0.1681,0.1682,0.1683,0.1684,0.1684,0.1685,0.1686,0.1687,0.1687,0.1688,0.1689,0.169,0.1691,0.1691,0.1692,0.1693,0.1694,0.1694,0.1695,0.1696,0.1697,0.1697,0.1698,0.1699,0.17,0.1701,0.1701,0.1702,0.1703,0.1704,0.1704,0.1705,0.1706,0.1707,0.1708,0.1708,0.1709,0.171,0.1711,0.1712,0.1712,0.1713,0.1714,0.1715,0.1715,0.1716,0.1717,0.1718,0.1719,0.1719,0.172,0.1721,0.1722,0.1723,0.1723,0.1724,0.1725,0.1726,0.1727,0.1727,0.1728,0.1729,0.173,0.1731,0.1731,0.1732,0.1733,0.1734,0.1735,0.1735,0.1736,0.1737,0.1738,0.1739,0.174,0.174,0.1741,0.1742,0.1743,0.1744,0.1745,0.1747,0.1748,0.1749,0.175,0.1751,0.1752,0.1753,0.1754,0.1755,0.1756,0.1757,0.1758,0.1759,0.176,0.1761,0.1762,0.1763,0.1764,0.1765,0.1766,0.1767,0.1768,0.1769,0.177,0.1771,0.1772,0.1773,0.1774,0.1775,0.1776,0.1778,0.1779,0.178,0.1781,0.1782,0.1783,0.1784,0.1785,0.1786,0.1787,0.1788,0.1789,0.179,0.1791,0.1792,0.1793,0.1796,0.1799,0.1802,0.1804,0.1807,0.181,0.1813,0.1816,0.1819,0.1822,0.1825,0.1828,0.1831,0.1835,0.1838,0.1841,0.1844,0.1847,0.185,0.1853,0.1856,0.1859,0.1863,0.1867,0.187,0.1874,0.1876,0.1877,0.1877,0.1878,0.1879,0.1879,0.188,0.1881,0.1882,0.1883,0.1884,0.1885,0.1886,0.1886,0.1887,0.1888,0.1889,0.189,0.1891,0.1892,0.1893,0.1894,0.1894,0.1895,0.1896,0.1897,0.1898
0.1628,0.1628,0.1629,0.163,0.1631,0.1631,0.1632,0.1633,0.1633,0.1634,0.1635,0.1636,0.1636,0.1637,0.1638,0.1638,0.1639,0.164,0.1641,0.1641,0.1642,0.1643,0.1644,0.1644,0.1645,0.1646,0.1646,0.1647,0.1648,0.1649,0.1649,0.165,0.1651,0.1652,0.1652,0.1653,0.1654,0.1654,0.1655,0.1656,0.1657,0.1657,0.1658,0.1659,0.166,0.166,0.1661,0.1662,0.1663,0.1663,0.1664,0.1665,0.1666,0.1666,0.1667,0.1668,0.1669,0.1669,0.167,0.1671,0.1672,0.1672,0.1673,0.1674,0.1675,0.1675,0.1676,0.1677,0.1678,0.1678,0.1679,0.168,0.1681,0.1681,0.1682,0.1683,0.1684,0.1684,0.1685,0.1686,0.1687,0.1687,0.1688,0.1689,0.169,0.1691,0.1691,0.1692,0.1693,0.1694,0.1694,0.1695,0.1696,0.1697,0.1697,0.1698,0.1699,0.17,0.1701,0.1701,0.1702,0.1703,0.1704,0.1704,0.1705,0.1706,0.1707,0.1708,0.1708,0.1709,0.171,0.1711,0.1712,0.1712,0.1713,0.1714,0.1715,0.1715,0.1716,0.1717,0.1718,0.1719,0.1719,0.172,0.1721,0.1722,0.1723,0.1723,0.1724,0.1725,0.1726,0.1727,0.1727,0.1728,0.1729,0.173,0.1731,0.1731,0.1732,0.1733,0.1734,0.1735,0.1735,0.1736,0.1737,0.1738,0.1739,0.174,0.174,0.1741,0.1742,0.1743,0.1744,0.1745,0.1746,0.1747,0.1748,0.1749,0.175,0.1751,0.1752,0.1754,0.1755,0.1756,0.1757,0.1758,0.1759,0.176,0.1761,0.1762,0.1763,0.1764,0.1765,0.1766,0.1767,0.1768,0.1769,0.177,0.1771,0.1772,0.1773,0.1774,0.1775,0.1776,0.1777,0.1778,0.1779,0.1781,0.1782,0.1783,0.1784,0.1785,0.1786,0.1787,0.1788,0.1789,0.179,0.1791,0.1792,0.1793,0.1794,0.1795,0.1797,0.1799,0.1802,0.1805,0.1808,0.1811,0.1814,0.1817,0.182,0.1823,0.1826,0.1829,0.1832,0.1835,0.1838,0.1841,0.1844,0.1848,0.1851,0.1854,0.1857,0.186,0.1863,0.1867,0.1871,0.1874,0.1878,0.1879,0.188,0.1881,0.1881,0.1882,0.1883,0.1884,0.1885,0.1886,0.1886,0.1887,0.1888,0.1889,0.189,0.1891,0.1892,0.1893,0.1893,0.1894,0.1895,0.1896,0.1897,0.1898,0.1899,0.19,0.1901,0.1902
0.1630,0.1631,0.1631,0.1632,0.1633,0.1633,0.1634,0.1635,0.1636,0.1636,0.1637,0.1638,0.1638,0.1639,0.164,0.1641,0.1641,0.1642,0.1643,0.1644,0.1644,0.1645,0.1646,0.1646,0.1647,0.1648,0.1649,0.1649,0.165,0.1651,0.1652,0.1652,0.1653,0.1654,0.1655,0.1655,0.1656,0.1657,0.1657,0.1658,0.1659,0.166,0.166,0.1661,0.1662,0.1663,0.1663,0.1664,0.1665,0.1666,0.1666,0.1667,0.1668,0.1669,0.1669,0.167,0.1671,0.1672,0.1672,0.1673,0.1674,0.1675,0.1675,0.1676,0.1677,0.1678,0.1678,0.1679,0.168,0.1681,0.1681,0.1682,0.1683,0.1684,0.1684,0.1685,0.1686,0.1687,0.1688,0.1688,0.1689,0.169,0.1691,0.1691,0.1692,0.1693,0.1694,0.1694,0.1695,0.1696,0.1697,0.1698,0.1698,0.1699,0.17,0.1701,0.1701,0.1702,0.1703,0.1704,0.1705,0.1705,0.1706,0.1707,0.1708,0.1708,0.1709,0.171,0.1711,0.1712,0.1712,0.1713,0.1714,0.1715,0.1715,0.1716,0.1717,0.1718,0.1719,0.1719,0.172,0.1721,0.1722,0.1723,0.1723,0.1724,0.1725,0.1726,0.1727,0.1727,0.1728,0.1729,0.173,0.1731,0.1731,0.1732,0.1733,0.1734,0.1735,0.1735,0.1736,0.1737,0.1738,0.1739,0.174,0.174,0.1741,0.1742,0.1743,0.1744,0.1745,0.1746,0.1747,0.1748,0.1749,0.175,0.1751,0.1752,0.1753,0.1754,0.1755,0.1756,0.1757,0.1759,0.176,0.1761,0.1762,0.1763,0.1764,0.1765,0.1766,0.1767,0.1768,0.1769,0.177,0.1771,0.1772,0.1773,0.1774,0.1775,0.1776,0.1777,0.1778,0.1779,0.178,0.1781,0.1783,0.1784,0.1785,0.1786,0.1787,0.1788,0.1789,0.179,0.1791,0.1792,0.1793,0.1794,0.1795,0.1796,0.1797,0.1799,0.18,0.1803,0.1806,0.1809,0.1812,0.1815,0.1818,0.1821,0.1824,0.1827,0.183,0.1833,0.1836,0.1839,0.1842,0.1845,0.1848,0.1851,0.1855,0.1858,0.1861,0.1864,0.1868,0.1871,0.1875,0.1879,0.1882,0.1883,0.1883,0.1884,0.1885,0.1885,0.1886,0.1887,0.1888,0.1889,0.189,0.1891,0.1892,0.1893,0.1893,0.1894,0.1895,0.1896,0.1897,0.1898,0.1899,0.19,0.1901,0.1901,0.1902,0.1903,0.1904,0.1905
0.1632,0.1633,0.1633,0.1634,0.1635,0.1636,0.1636,0.1637,0.1638,0.1639,0.1639,0.164,0.1641,0.1641,0.1642,0.1643,0.1644,0.1644,0.1645,0.1646,0.1646,0.1647,0.1648,0.1649,0.1649,0.165,0.1651,0.1652,0.1652,0.1653,0.1654,0.1655,0.1655,0.1656,0.1657,0.1657,0.1658,0.1659,0.166,0.166,0.1661,0.1662,0.1663,0.1663,0.1664,0.1665,0.1666,0.1666,0.1667,0.1668,0.1669,0.1669,0.167,0.1671,0.1672,0.1672,0.1673,0.1674,0.1675,0.1675,0.1676,0.1677,0.1678,0.1678,0.1679,0.168,0.1681,0.1681,0.1682,0.1683,0.1684,0.1684,0.1685,0.1686,0.1687,0.1688,0.1688,0.1689,0.169,0.1691,0.1691,0.1692,0.1693,0.1694,0.1694,0.1695,0.1696,0.1697,0.1698,0.1698,0.1699,0.17,0.1701,0.1701,0.1702,0.1703,0.1704,0.1705,0.1705,0.1706,0.1707,0.1708,0.1708,0.1709,0.171,0.1711,0.1712,0.1712,0.1713,0.1714,0.1715,0.1716,0.1716,0.1717,0.1718,0.1719,0.1719,0.172,0.1721,0.1722,0.1723,0.1723,0.1724,0.1725,0.1726,0.1727,0.1727,0.1728,0.1729,0.173,0.1731,0.1731,0.1732,0.1733,0.1734,0.1735,0.1736,0.1736,0.1737,0.1738,0.1739,0.174,0.174,0.1741,0.1742,0.1743,0.1744,0.1745,0.1746,0.1747,0.1748,0.1749,0.175,0.1751,0.1752,0.1753,0.1754,0.1755,0.1756,0.1757,0.1758,0.1759,0.176,0.1761,0.1763,0.1764,0.1765,0.1766,0.1767,0.1768,0.1769,0.177,0.1771,0.1772,0.1773,0.1774,0.1775,0.1776,0.1777,0.1778,0.1779,0.178,0.1781,0.1782,0.1783,0.1785,0.1786,0.1787,0.1788,0.1789,0.179,0.1791,0.1792,0.1793,0.1794,0.1795,0.1796,0.1797,0.1798,0.1799,0.1801,0.1802,0.1804,0.1807,0.181,0.1813,0.1816,0.1819,0.1822,0.1825,0.1828,0.1831,0.1834,0.1837,0.184,0.1843,0.1846,0.1849,0.1852,0.1855,0.1858,0.1862,0.1865,0.1868,0.1872,0.1875,0.1879,0.1883,0.1886,0.1886,0.1887,0.1887,0.1888,0.1889,0.189,0.1891,0.1892,0.1892,0.1893,0.1894,0.1895,0.1896,0.1897,0.1898,0.1899,0.19,0.19,0.1901,0.1902,0.1903,0.1904,0.1905,0.1906,0.1907,0.1908,0.1909
0.1634,0.1635,0.1636,0.1636,0.1637,0.1638,0.1639,0.1639,0.164,0.1641,0.1641,0.1642,0.1643,0.1644,0.1644,0.1645,0.1646,0.1647,0.1647,0.1648,0.1649,0.1649,0.165,0.1651,0.1652,0.1652,0.1653,0.1654,0.1655,0.1655,0.1656,0.1657,0.1657,0.1658,0.1659,0.166,0.166,0.1661,0.1662,0.1663,0.1663,0.1664,0.1665,0.1666,0.1666,0.1667,0.1668,0.1669,0.1669,0.167,0.1671,0.1672,0.1672,0.1673,0.1674,0.1675,0.1675,0.1676,0.1677,0.1678,0.1678,0.1679,0.168,0.1681,0.1681,0.1682,0.1683,0.1684,0.1684,0.1685,0.1686,0.1687,0.1688,0.1688,0.1689,0.169,0.1691,0.1691,0.1692,0.1693,0.1694,0.1694,0.1695,0.1696,0.1697,0.1698,0.1698,0.1699,0.17,0.1701,0.1701,0.1702,0.1703,0.1704,0.1705,0.1705,0.1706,0.1707,0.1708,0.1708,0.1709,0.171,0.1711,0.1712,0.1712,0.1713,0.1714,0.1715,0.1716,0.1716,0.1717,0.1718,0.1719,0.1719,0.172,0.1721,0.1722,0.1723,0.1723,0.1724,0.1725,0.1726,0.1727,0.1727,0.1728,0.1729,0.173,0.1731,0.1731,0.1732,0.1733,0.1734,0.1735,0.1736,0.1736,0.1737,0.1738,0.1739,0.174,0.174,0.1741,0.1742,0.1743,0.1744,0.1745,0.1746,0.1747,0.1748,0.1749,0.175,0.1751,0.1752,0.1753,0.1754,0.1755,0.1756,0.1757,0.1758,0.1759,0.176,0.1761,0.1762,0.1763,0.1764,0.1765,0.1767,0.1768,0.1769,0.177,0.1771,0.1772,0.1773,0.1774,0.1775,0.1776,0.1777,0.1778,0.1779,0.178,0.1781,0.1782,0.1783,0.1784,0.1785,0.1787,0.1788,0.1789,0.179,0.1791,0.1792,0.1793,0.1794,0.1795,0.1796,0.1797,0.1798,0.1799,0.18,0.1802,0.1803,0.1804,0.1805,0.1807,0.181,0.1813,0.1816,0.1819,0.1822,0.1825,0.1828,0.1831,0.1834,0.1837,0.1841,0.1844,0.1847,0.185,0.1853,0.1856,0.1859,0.1862,0.1865,0.1869,0.1872,0.1876,0.188,0.1883,0.1887,0.1889,0.189,0.189,0.1891,0.1891,0.1892,0.1893,0.1894,0.1895,0.1896,0.1897,0.1898,0.1899,0.1899,0.19,0.1901,0.1902,0.1903,0.1904,0.1905,0.1906,0.1907,0.1908,0.1908,0.1909,0.191,0.1911,0.1912
0.1636,0.1637,0.1638,0.1639,0.1639,0.164,0.1641,0.1641,0.1642,0.1643,0.1644,0.1644,0.1645,0.1646,0.1647,0.1647,0.1648,0.1649,0.1649,0.165,0.1651,0.1652,0.1652,0.1653,0.1654,0.1655,0.1655,0.1656,0.1657,0.1658,0.1658,0.1659,0.166,0.166,0.1661,0.1662,0.1663,0.1663,0.1664,0.1665,0.1666,0.1666,0.1667,0.1668,0.1669,0.1669,0.167,0.1671,0.1672,0.1672,0.1673,0.1674,0.1675,0.1675,0.1676,0.1677,0.1678,0.1678,0.1679,0.168,0.1681,0.1681,0.1682,0.1683,0.1684,0.1685,0.1685,0.1686,0.1687,0.1688,0.1688,0.1689,0.169,0.1691,0.1691,0.1692,0.1693,0.1694,0.1694,0.1695,0.1696,0.1697,0.1698,0.1698,0.1699,0.17,0.1701,0.1701,0.1702,0.1703,0.1704,0.1705,0.1705,0.1706,0.1707,0.1708,0.1708,0.1709,0.171,0.1711,0.1712,0.1712,0.1713,0.1714,0.1715,0.1716,0.1716,0.1717,0.1718,0.1719,0.172,0.172,0.1721,0.1722,0.1723,0.1723,0.1724,0.1725,0.1726,0.1727,0.1727,0.1728,0.1729,0.173,0.1731,0.1732,0.1732,0.1733,0.1734,0.1735,0.1736,0.1736,0.1737,0.1738,0.1739,0.174,0.174,0.1741,0.1742,0.1743,0.1744,0.1745,0.1746,0.1747,0.1748,0.1749,0.175,0.1751,0.1752,0.1753,0.1754,0.1755,0.1756,0.1757,0.1758,0.1759,0.176,0.1761,0.1762,0.1763,0.1764,0.1765,0.1766,0.1767,0.1768,0.177,0.1771,0.1772,0.1773,0.1774,0.1775,0.1776,0.1777,0.1778,0.1779,0.178,0.1781,0.1782,0.1783,0.1784,0.1785,0.1786,0.1787,0.1789,0.179,0.1791,0.1792,0.1793,0.1794,0.1795,0.1796,0.1797,0.1798,0.1799,0.18,0.1801,0.1802,0.1804,0.1805,0.1806,0.1807,0.1808,0.1811,0.1814,0.1817,0.182,0.1823,0.1826,0.1829,0.1832,0.1835,0.1838,0.1841,0.1844,0.1847,0.1851,0.1854,0.1857,0.186,0.1863,0.1866,0.1869,0.1873,0.1876,0.188,0.1884,0.1888,0.1891,0.1892,0.1893,0.1894,0.1894,0.1895,0.1896,0.1897,0.1898,0.1898,0.1899,0.19,0.1901,0.1902,0.1903,0.1904,0.1905,0.1906,0.1907,0.1907,0.1908,0.1909,0.191,0.1911,0.1912,0.1913,0.1914,0.1915,0.1916
0.1639,0.1639,0.164,0.1641,0.1641,0.1642,0.1643,0.1644,0.1644,0.1645,0.1646,0.1647,0.1647,0.1648,0.1649,0.1649,0.165,0.1651,0.1652,0.1652,0.1653,0.1654,0.1655,0.1655,0.1656,0.1657,0.1658,0.1658,0.1659,0.166,0.166,0.1661,0.1662,0.1663,0.1663,0.1664,0.1665,0.1666,0.1666,0.1667,0.1668,0.1669,0.1669,0.167,0.1671,0.1672,0.1672,0.1673,0.1674,0.1675,0.1675,0.1676,0.1677,0.1678,0.1678,0.1679,0.168,0.1681,0.1681,0.1682,0.1683,0.1684,0.1685,0.1685,0.1686,0.1687,0.1688,0.1688,0.1689,0.169,0.1691,0.1691,0.1692,0.1693,0.1694,0.1694,0.1695,0.1696,0.1697,0.1698,0.1698,0.1699,0.17,0.1701,0.1701,0.1702,0.1703,0.1704,0.1705,0.1705,0.1706,0.1707,0.1708,0.1708,0.1709,0.171,0.1711,0.1712,0.1712,0.1713,0.1714,0.1715,0.1716,0.1716,0.1717,0.1718,0.1719,0.172,0.172,0.1721,0.1722,0.1723,0.1724,0.1724,0.1725,0.1726,0.1727,0.1728,0.1728,0.1729,0.173,0.1731,0.1732,0.1732,0.1733,0.1734,0.1735,0.1736,0.1736,0.1737,0.1738,0.1739,0.174,0.174,0.1741,0.1742,0.1743,0.1744,0.1745,0.1746,0.1747,0.1748,0.1749,0.175,0.1751,0.1752,0.1753,0.1754,0.1755,0.1756,0.1757,0.1758,0.1759,0.176,0.1761,0.1762,0.1763,0.1764,0.1765,0.1766,0.1767,0.1768,0.1769,0.177,0.1771,0.1773,0.1774,0.1775,0.1776,0.1777,0.1778,0.1779,0.178,0.1781,0.1782,0.1783,0.1784,0.1785,0.1786,0.1787,0.1788,0.1789,0.1791,0.1792,0.1793,0.1794,0.1795,0.1796,0.1797,0.1798,0.1799,0.18,0.1801,0.1802,0.1803,0.1804,0.1806,0.1807,0.1808,0.1809,0.181,0.1812,0.1815,0.1818,0.1821,0.1824,0.1827,0.183,0.1833,0.1836,0.1839,0.1842,0.1845,0.1848,0.1851,0.1854,0.1858,0.1861,0.1864,0.1867,0.187,0.1873,0.1877,0.1881,0.1884,0.1888,0.1892,0.1895,0.1896,0.1896,0.1897,0.1898,0.1898,0.1899,0.19,0.1901,0.1902,0.1903,0.1904,0.1905,0.1906,0.1906,0.1907,0.1908,0.1909,0.191,0.1911,0.1912,0.1913,0.1914,0.1915,0.1916,0.1916,0.1917,0.1918,0.1919
0.1641,0.1641,0.1642,0.1643,0.1644,0.1644,0.1645,0.1646,0.1647,0.1647,0.1648,0.1649,0.1649,0.165,0.1651,0.1652,0.1652,0.1653,0.1654,0.1655,0.1655,0.1656,0.1657,0.1658,0.1658,0.1659,0.166,0.1661,0.1661,0.1662,0.1663,0.1663,0.1664,0.1665,0.1666,0.1666,0.1667,0.1668,0.1669,0.1669,0.167,0.1671,0.1672,0.1672,0.1673,0.1674,0.1675,0.1675,0.1676,0.1677,0.1678,0.1678,0.1679,0.168,0.1681,0.1681,0.1682,0.1683,0.1684,0.1685,0.1685,0.1686,0.1687,0.1688,0.1688,0.1689,0.169,0.1691,0.1691,0.1692,0.1693,0.1694,0.1695,0.1695,0.1696,0.1697,0.1698,0.1698,0.1699,0.17,0.1701,0.1701,0.1702,0.1703,0.1704,0.1705,0.1705,0.1706,0.1707,0.1708,0.1709,0.1709,0.171,0.1711,0.1712,0.1712,0.1713,0.1714,0.1715,0.1716,0.1716,0.1717,0.1718,0.1719,0.172,0.172,0.1721,0.1722,0.1723,0.1724,0.1724,0.1725,0.1726,0.1727,0.1728,0.1728,0.1729,0.173,0.1731,0.1732,0.1732,0.1733,0.1734,0.1735,0.1736,0.1736,0.1737,0.1738,0.1739,0.174,0.174,0.1741,0.1742,0.1743,0.1744,0.1745,0.1746,0.1747,0.1748,0.1749,0.175,0.1751,0.1752,0.1753,0.1754,0.1755,0.1756,0.1757,0.1758,0.1759,0.176,0.1761,0.1762,0.1763,0.1764,0.1765,0.1766,0.1767,0.1768,0.1769,0.177,0.1771,0.1772,0.1773,0.1775,0.1776,0.1777,0.1778,0.1779,0.178,0.1781,0.1782,0.1783,0.1784,0.1785,0.1786,0.1787,0.1788,0.1789,0.179,0.1791,0.1793,0.1794,0.1795,0.1796,0.1797,0.1798,0.1799,0.18,0.1801,0.1802,0.1803,0.1804,0.1805,0.1807,0.1808,0.1809,0.181,0.1811,0.1812,0.1813,0.1815,0.1818,0.1821,0.1824,0.1827,0.1831,0.1834,0.1837,0.184,0.1843,0.1846,0.1849,0.1852,0.1855,0.1858,0.1861,0.1865,0.1868,0.1871,0.1874,0.1877,0.1881,0.1885,0.1889,0.1892,0.1896,0.1899,0.1899,0.19,0.1901,0.1901,0.1902,0.1903,0.1904,0.1905,0.1905,0.1906,0.1907,0.1908,0.1909,0.191,0.1911,0.1912,0.1913,0.1914,0.1915,0.1915,0.1916,0.1917,0.1918,0.1919,0.192,0.1921,0.1922,0.1923
0.1643,0.1644,0.1644,0.1645,0.1646,0.1647,0.1647,0.1648,0.1649,0.1649,0.165,0.1651,0.1652,0.1652,0.1653,0.1654,0.1655,0.1655,0.1656,0.1657,0.1658,0.1658,0.1659,0.166,0.1661,0.1661,0.1662,0.1663,0.1663,0.1664,0.1665,0.1666,0.1666,0.1667,0.1668,0.1669,0.1669,0.167,0.1671,0.1672,0.1672,0.1673,0.1674,0.1675,0.1675,0.1676,0.1677,0.1678,0.1678,0.1679,0.168,0.1681,0.1682,0.1682,0.1683,0.1684,0.1685,0.1685,0.1686,0.1687,0.1688,0.1688,0.1689,0.169,0.1691,0.1691,0.1692,0.1693,0.1694,0.1695,0.1695,0.1696,0.1697,0.1698,0.1698,0.1699,0.17,0.1701,0.1701,0.1702,0.1703,0.1704,0.1705,0.1705,0.1706,0.1707,0.1708,0.1709,0.1709,0.171,0.1711,0.1712,0.1712,0.1713,0.1714,0.1715,0.1716,0.1716,0.1717,0.1718,0.1719,0.172,0.172,0.1721,0.1722,0.1723,0.1724,0.1724,0.1725,0.1726,0.1727,0.1728,0.1728,0.1729,0.173,0.1731,0.1732,0.1732,0.1733,0.1734,0.1735,0.1736,0.1736,0.1737,0.1738,0.1739,0.174,0.174,0.1741,0.1742,0.1743,0.1744,0.1745,0.1745,0.1747,0.1748,0.1749,0.175,0.1751,0.1752,0.1753,0.1754,0.1755,0.1756,0.1757,0.1758,0.1759,0.176,0.1761,0.1762,0.1763,0.1764,0.1765,0.1766,0.1767,0.1768,0.1769,0.177,0.1771,0.1772,0.1773,0.1774,0.1775,0.1776,0.1778,0.1779,0.178,0.1781,0.1782,0.1783,0.1784,0.1785,0.1786,0.1787,0.1788,0.1789,0.179,0.1791,0.1792,0.1793,0.1795,0.1796,0.1797,0.1798,0.1799,0.18,0.1801,0.1802,0.1803,0.1804,0.1805,0.1806,0.1807,0.1809,0.181,0.1811,0.1812,0.1813,0.1814,0.1815,0.1816,0.1819,0.1822,0.1825,0.1828,0.1831,0.1834,0.1837,0.184,0.1843,0.1847,0.185,0.1853,0.1856,0.1859,0.1862,0.1865,0.1869,0.1872,0.1875,0.1878,0.1882,0.1885,0.1889,0.1893,0.1897,0.19,0.1902,0.1903,0.1903,0.1904,0.1905,0.1905,0.1906,0.1907,0.1908,0.1909,0.191,0.1911,0.1912,0.1913,0.1914,0.1914,0.1915,0.1916,0.1917,0.1918,0.1919,0.192,0.1921,0.1922,0.1923,0.1924,0.1925,0.1925,0.1926
0.1645,0.1646,0.1647,0.1647,0.1648,0.1649,0.165,0.165,0.1651,0.1652,0.1652,0.1653,0.1654,0.1655,0.1655,0.1656,0.1657,0.1658,0.1658,0.1659,0.166,0.1661,0.1661,0.1662,0.1663,0.1664,0.1664,0.1665,0.1666,0.1666,0.1667,0.1668,0.1669,0.1669,0.167,0.1671,0.1672,0.1672,0.1673,0.1674,0.1675,0.1675,0.1676,0.1677,0.1678,0.1679,0.1679,0.168,0.1681,0.1682,0.1682,0.1683,0.1684,0.1685,0.1685,0.1686,0.1687,0.1688,0.1688,0.1689,0.169,0.1691,0.1691,0.1692,0.1693,0.1694,0.1695,0.1695,0.1696,0.1697,0.1698,0.1698,0.1699,0.17,0.1701,0.1702,0.1702,0.1703,0.1704,0.1705,0.1705,0.1706,0.1707,0.1708,0.1709,0.1709,0.171,0.1711,0.1712,0.1712,0.1713,0.1714,0.1715,0.1716,0.1716,0.1717,0.1718,0.1719,0.172,0.172,0.1721,0.1722,0.1723,0.1724,0.1724,0.1725,0.1726,0.1727,0.1728,0.1728,0.1729,0.173,0.1731,0.1732,0.1732,0.1733,0.1734,0.1735,0.1736,0.1736,0.1737,0.1738,0.1739,0.174,0.174,0.1741,0.1742,0.1743,0.1744,0.1745,0.1745,0.1746,0.1747,0.1748,0.1749,0.175,0.1751,0.1752,0.1754,0.1755,0.1756,0.1757,0.1758,0.1759,0.176,0.1761,0.1762,0.1763,0.1764,0.1765,0.1766,0.1767,0.1768,0.1769,0.177,0.1771,0.1772,0.1773,0.1774,0.1775,0.1776,0.1777,0.1778,0.1779,0.1781,0.1782,0.1783,0.1784,0.1785,0.1786,0.1787,0.1788,0.1789,0.179,0.1791,0.1792,0.1793,0.1794,0.1795,0.1797,0.1798,0.1799,0.18,0.1801,0.1802,0.1803,0.1804,0.1805,0.1806,0.1807,0.1808,0.181,0.1811,0.1812,0.1813,0.1814,0.1815,0.1816,0.1817,0.1818,0.182,0.1823,0.1826,0.1829,0.1832,0.1835,0.1838,0.1841,0.1844,0.1847,0.185,0.1854,0.1857,0.186,0.1863,0.1866,0.1869,0.1872,0.1876,0.1879,0.1882,0.1886,0.189,0.1893,0.1897,0.1901,0.1905,0.1906,0.1906,0.1907,0.1908,0.1908,0.1909,0.191,0.1911,0.1912,0.1913,0.1913,0.1914,0.1915,0.1916,0.1917,0.1918,0.1919,0.192,0.1921,0.1922,0.1923,0.1924,0.1924,0.1925,0.1926,0.1927,0.1928,0.1929,0.193
0.1647,0.1648,0.1649,0.165,0.165,0.1651,0.1652,0.1652,0.1653,0.1654,0.1655,0.1655,0.1656,0.1657,0.1658,0.1658,0.1659,0.166,0.1661,0.1661,0.1662,0.1663,0.1664,0.1664,0.1665,0.1666,0.1667,0.1667,0.1668,0.1669,0.1669,0.167,0.1671,0.1672,0.1672,0.1673,0.1674,0.1675,0.1675,0.1676,0.1677,0.1678,0.1679,0.1679,0.168,0.1681,0.1682,0.1682,0.1683,0.1684,0.1685,0.1685,0.1686,0.1687,0.1688,0.1688,0.1689,0.169,0.1691,0.1691,0.1692,0.1693,0.1694,0.1695,0.1695,0.1696,0.1697,0.1698,0.1698,0.1699,0.17,0.1701,0.1702,0.1702,0.1703,0.1704,0.1705,0.1705,0.1706,0.1707,0.1708,0.1709,0.1709,0.171,0.1711,0.1712,0.1712,0.1713,0.1714,0.1715,0.1716,0.1716,0.1717,0.1718,0.1719,0.172,0.172,0.1721,0.1722,0.1723,0.1724,0.1724,0.1725,0.1726,0.1727,0.1728,0.1728,0.1729,0.173,0.1731,0.1732,0.1732,0.1733,0.1734,0.1735,0.1736,0.1736,0.1737,0.1738,0.1739,0.174,0.1741,0.1741,0.1742,0.1743,0.1744,0.1745,0.1745,0.1746,0.1747,0.1748,0.1749,0.175,0.1751,0.1752,0.1753,0.1754,0.1755,0.1756,0.1757,0.1759,0.176,0.1761,0.1762,0.1763,0.1764,0.1765,0.1766,0.1767,0.1768,0.1769,0.177,0.1771,0.1772,0.1773,0.1774,0.1775,0.1776,0.1777,0.1778,0.1779,0.178,0.1781,0.1783,0.1784,0.1785,0.1786,0.1787,0.1788,0.1789,0.179,0.1791,0.1792,0.1793,0.1794,0.1795,0.1796,0.1797,0.1799,0.18,0.1801,0.1802,0.1803,0.1804,0.1805,0.1806,0.1807,0.1808,0.1809,0.181,0.1812,0.1813,0.1814,0.1815,0.1816,0.1817,0.1818,0.1819,0.182,0.1821,0.1824,0.1827,0.183,0.1833,0.1836,0.1839,0.1842,0.1845,0.1848,0.1851,0.1854,0.1857,0.1861,0.1864,0.1867,0.187,0.1873,0.1876,0.188,0.1883,0.1886,0.189,0.1894,0.1898,0.1901,0.1905,0.1908,0.1909,0.191,0.191,0.1911,0.1912,0.1912,0.1913,0.1914,0.1915,0.1916,0.1917,0.1918,0.1919,0.192,0.1921,0.1922,0.1922,0.1923,0.1924,0.1925,0.1926,0.1927,0.1928,0.1929,0.193,0.1931,0.1932,0.1933,0.1934
0.1650,0.165,0.1651,0.1652,0.1652,0.1653,0.1654,0.1655,0.1655,0.1656,0.1657,0.1658,0.1658,0.1659,0.166,0.1661,0.1661,0.1662,0.1663,0.1664,0.1664,0.1665,0.1666,0.1667,0.1667,0.1668,0.1669,0.167,0.167,0.1671,0.1672,0.1673,0.1673,0.1674,0.1675,0.1676,0.1676,0.1677,0.1678,0.1679,0.1679,0.168,0.1681,0.1682,0.1682,0.1683,0.1684,0.1685,0.1685,0.1686,0.1687,0.1688,0.1688,0.1689,0.169,0.1691,0.1692,0.1692,0.1693,0.1694,0.1695,0.1695,0.1696,0.1697,0.1698,0.1698,0.1699,0.17,0.1701,0.1702,0.1702,0.1703,0.1704,0.1705,0.1705,0.1706,0.1707,0.1708,0.1709,0.1709,0.171,0.1711,0.1712,0.1713,0.1713,0.1714,0.1715,0.1716,0.1716,0.1717,0.1718,0.1719,0.172,0.172,0.1721,0.1722,0.1723,0.1724,0.1724,0.1725,0.1726,0.1727,0.1728,0.1728,0.1729,0.173,0.1731,0.1732,0.1732,0.1733,0.1734,0.1735,0.1736,0.1736,0.1737,0.1738,0.1739,0.174,0.1741,0.1741,0.1742,0.1743,0.1744,0.1745,0.1745,0.1746,0.1747,0.1748,0.1749,0.175,0.1751,0.1752,0.1753,0.1754,0.1755,0.1756,0.1757,0.1758,0.1759,0.176,0.1761,0.1763,0.1764,0.1765,0.1766,0.1767,0.1768,0.1769,0.177,0.1771,0.1772,0.1773,0.1774,0.1775,0.1776,0.1777,0.1778,0.1779,0.178,0.1781,0.1782,0.1783,0.1785,0.1786,0.1787,0.1788,0.1789,0.179,0.1791,0.1792,0.1793,0.1794,0.1795,0.1796,0.1797,0.1798,0.1799,0.1801,0.1802,0.1803,0.1804,0.1805,0.1806,0.1807,0.1808,0.1809,0.181,0.1811,0.1813,0.1814,0.1815,0.1816,0.1817,0.1818,0.1819,0.182,0.1821,0.1822,0.1824,0.1825,0.1827,0.183,0.1833,0.1836,0.184,0.1843,0.1846,0.1849,0.1852,0.1855,0.1858,0.1861,0.1864,0.1868,0.1871,0.1874,0.1877,0.188,0.1884,0.1887,0.1891,0.1894,0.1898,0.1902,0.1906,0.191,0.1912,0.1913,0.1913,0.1914,0.1915,0.1915,0.1916,0.1917,0.1918,0.1919,0.192,0.1921,0.1921,0.1922,0.1923,0.1924,0.1925,0.1926,0.1927,0.1928,0.1929,0.193,0.1931,0.1932,0.1933,0.1933,0.1934,0.1935,0.1936,0.1937
0.1652,0.1652,0.1653,0.1654,0.1655,0.1655,0.1656,0.1657,0.1658,0.1658,0.1659,0.166,0.1661,0.1661,0.1662,0.1663,0.1664,0.1664,0.1665,0.1666,0.1667,0.1667,0.1668,0.1669,0.167,0.167,0.1671,0.1672,0.1673,0.1673,0.1674,0.1675,0.1676,0.1676,0.1677,0.1678,0.1679,0.1679,0.168,0.1681,0.1682,0.1682,0.1683,0.1684,0.1685,0.1685,0.1686,0.1687,0.1688,0.1688,0.1689,0.169,0.1691,0.1692,0.1692,0.1693,0.1694,0.1695,0.1695,0.1696,0.1697,0.1698,0.1698,0.1699,0.17,0.1701,0.1702,0.1702,0.1703,0.1704,0.1705,0.1705,0.1706,0.1707,0.1708,0.1709,0.1709,0.171,0.1711,0.1712,0.1713,0.1713,0.1714,0.1715,0.1716,0.1716,0.1717,0.1718,0.1719,0.172,0.172,0.1721,0.1722,0.1723,0.1724,0.1724,0.1725,0.1726,0.1727,0.1728,0.1728,0.1729,0.173,0.1731,0.1732,0.1732,0.1733,0.1734,0.1735,0.1736,0.1736,0.1737,0.1738,0.1739,0.174,0.1741,0.1741,0.1742,0.1743,0.1744,0.1745,0.1745,0.1746,0.1747,0.1748,0.1749,0.175,0.1751,0.1752,0.1753,0.1754,0.1755,0.1756,0.1757,0.1758,0.1759,0.176,0.1761,0.1762,0.1763,0.1764,0.1766,0.1767,0.1768,0.1769,0.177,0.1771,0.1772,0.1773,0.1774,0.1775,0.1776,0.1777,0.1778,0.1779,0.178,0.1781,0.1782,0.1783,0.1784,0.1785,0.1787,0.1788,0.1789,0.179,0.1791,0.1792,0.1793,0.1794,0.1795,0.1796,0.1797,0.1798,0.1799,0.18,0.1802,0.1803,0.1804,0.1805,0.1806,0.1807,0.1808,0.1809,0.181,0.1811,0.1812,0.1813,0.1815,0.1816,0.1817,0.1818,0.1819,0.182,0.1821,0.1822,0.1823,0.1825,0.1826,0.1827,0.1828,0.1831,0.1834,0.1837,0.184,0.1843,0.1846,0.185,0.1853,0.1856,0.1859,0.1862,0.1865,0.1868,0.1872,0.1875,0.1878,0.1881,0.1884,0.1888,0.1891,0.1895,0.1899,0.1903,0.1906,0.191,0.1914,0.1916,0.1916,0.1917,0.1917,0.1918,0.1919,0.192,0.192,0.1921,0.1922,0.1923,0.1924,0.1925,0.1926,0.1927,0.1928,0.1929,0.193,0.1931,0.1932,0.1932,0.1933,0.1934,0.1935,0.1936,0.1937,0.1938,0.1939,0.194,0.1941
0.1654,0.1655,0.1655,0.1656,0.1657,0.1658,0.1658,0.1659,0.166,0.1661,0.1661,0.1662,0.1663,0.1664,0.1664,0.1665,0.1666,0.1667,0.1667,0.1668,0.1669,0.167,0.167,0.1671,0.1672,0.1673,0.1673,0.1674,0.1675,0.1676,0.1676,0.1677,0.1678,0.1679,0.1679,0.168,0.1681,0.1682,0.1682,0.1683,0.1684,0.1685,0.1685,0.1686,0.1687,0.1688,0.1688,0.1689,0.169,0.1691,0.1692,0.1692,0.1693,0.1694,0.1695,0.1695,0.1696,0.1697,0.1698,0.1698,0.1699,0.17,0.1701,0.1702,0.1702,0.1703,0.1704,0.1705,0.1705,0.1706,0.1707,0.1708,0.1709,0.1709,0.171,0.1711,0.1712,0.1713,0.1713,0.1714,0.1715,0.1716,0.1716,0.1717,0.1718,0.1719,0.172,0.172,0.1721,0.1722,0.1723,0.1724,0.1724,0.1725,0.1726,0.1727,0.1728,0.1728,0.1729,0.173,0.1731,0.1732,0.1732,0.1733,0.1734,0.1735,0.1736,0.1737,0.1737,0.1738,0.1739,0.174,0.1741,0.1741,0.1742,0.1743,0.1744,0.1745,0.1745,0.1746,0.1747,0.1748,0.1749,0.175,0.1751,0.1752,0.1753,0.1754,0.1755,0.1756,0.1757,0.1758,0.1759,0.176,0.1761,0.1762,0.1763,0.1764,0.1765,0.1766,0.1767,0.1768,0.177,0.1771,0.1772,0.1773,0.1774,0.1775,0.1776,0.1777,0.1778,0.1779,0.178,0.1781,0.1782,0.1783,0.1784,0.1785,0.1786,0.1787,0.1789,0.179,0.1791,0.1792,0.1793,0.1794,0.1795,0.1796,0.1797,0.1798,0.1799,0.18,0.1801,0.1802,0.1804,0.1805,0.1806,0.1807,0.1808,0.1809,0.181,0.1811,0.1812,0.1813,0.1814,0.1816,0.1817,0.1818,0.1819,0.182,0.1821,0.1822,0.1823,0.1824,0.1825,0.1827,0.1828,0.1829,0.183,0.1832,0.1835,0.1838,0.1841,0.1844,0.1847,0.185,0.1853,0.1857,0.186,0.1863,0.1866,0.1869,0.1872,0.1875,0.1879,0.1882,0.1885,0.1888,0.1892,0.1895,0.1899,0.1903,0.1907,0.1911,0.1915,0.1918,0.1919,0.192,0.192,0.1921,0.1922,0.1922,0.1923,0.1924,0.1925,0.1926,0.1927,0.1928,0.1929,0.193,0.1931,0.1931,0.1932,0.1933,0.1934,0.1935,0.1936,0.1937,0.1938,0.1939,0.194,0.1941,0.1942,0.1943,0.1944,0.1944
0.1656,0.1657,0.1658,0.1658,0.1659,0.166,0.1661,0.1661,0.1662,0.1663,0.1664,0.1664,0.1665,0.1666,0.1667,0.1667,0.1668,0.1669,0.167,0.167,0.1671,0.1672,0.1673,0.1673,0.1674,0.1675,0.1676,0.1676,0.1677,0.1678,0.1679,0.1679,0.168,0.1681,0.1682,0.1682,0.1683,0.1684,0.1685,0.1685,0.1686,0.1687,0.1688,0.1688,0.1689,0.169,0.1691,0.1692,0.1692,0.1693,0.1694,0.1695,0.1695,0.1696,0.1697,0.1698,0.1699,0.1699,0.17,0.1701,0.1702,0.1702,0.1703,0.1704,0.1705,0.1706,0.1706,0.1707,0.1708,0.1709,0.1709,0.171,0.1711,0.1712,0.1713,0.1713,0.1714,0.1715,0.1716,0.1717,0.1717,0.1718,0.1719,0.172,0.172,0.1721,0.1722,0.1723,0.1724,0.1724,0.1725,0.1726,0.1727,0.1728,0.1728,0.1729,0.173,0.1731,0.1732,0.1732,0.1733,0.1734,0.1735,0.1736,0.1737,0.1737,0.1738,0.1739,0.174,0.1741,0.1741,0.1742,0.1743,0.1744,0.1745,0.1745,0.1746,0.1747,0.1748,0.1749,0.175,0.1751,0.1752,0.1753,0.1754,0.1755,0.1756,0.1757,0.1758,0.1759,0.176,0.1761,0.1762,0.1763,0.1764,0.1765,0.1766,0.1767,0.1768,0.1769,0.177,0.1771,0.1773,0.1774,0.1775,0.1776,0.1777,0.1778,0.1779,0.178,0.1781,0.1782,0.1783,0.1784,0.1785,0.1786,0.1787,0.1788,0.1789,0.1791,0.1792,0.1793,0.1794,0.1795,0.1796,0.1797,0.1798,0.1799,0.18,0.1801,0.1802,0.1803,0.1804,0.1806,0.1807,0.1808,0.1809,0.181,0.1811,0.1812,0.1813,0.1814,0.1815,0.1817,0.1818,0.1819,0.182,0.1821,0.1822,0.1823,0.1824,0.1825,0.1826,0.1828,0.1829,0.183,0.1831,0.1832,0.1833,0.1836,0.1839,0.1842,0.1845,0.1848,0.1851,0.1854,0.1857,0.186,0.1864,0.1867,0.187,0.1873,0.1876,0.1879,0.1883,0.1886,0.1889,0.1892,0.1896,0.19,0.1904,0.1907,0.1911,0.1915,0.1919,0.1922,0.1923,0.1923,0.1924,0.1925,0.1925,0.1926,0.1927,0.1928,0.1929,0.1929,0.193,0.1931,0.1932,0.1933,0.1934,0.1935,0.1936,0.1937,0.1938,0.1939,0.194,0.1941,0.1942,0.1943,0.1943,0.1944,0.1945,0.1946,0.1947,0.1948
0.1658,0.1659,0.166,0.1661,0.1661,0.1662,0.1663,0.1664,0.1664,0.1665,0.1666,0.1667,0.1667,0.1668,0.1669,0.167,0.167,0.1671,0.1672,0.1673,0.1673,0.1674,0.1675,0.1676,0.1676,0.1677,0.1678,0.1679,0.1679,0.168,0.1681,0.1682,0.1682,0.1683,0.1684,0.1685,0.1685,0.1686,0.1687,0.1688,0.1689,0.1689,0.169,0.1691,0.1692,0.1692,0.1693,0.1694,0.1695,0.1695,0.1696,0.1697,0.1698,0.1699,0.1699,0.17,0.1701,0.1702,0.1702,0.1703,0.1704,0.1705,0.1706,0.1706,0.1707,0.1708,0.1709,0.1709,0.171,0.1711,0.1712,0.1713,0.1713,0.1714,0.1715,0.1716,0.1717,0.1717,0.1718,0.1719,0.172,0.172,0.1721,0.1722,0.1723,0.1724,0.1724,0.1725,0.1726,0.1727,0.1728,0.1728,0.1729,0.173,0.1731,0.1732,0.1733,0.1733,0.1734,0.1735,0.1736,0.1737,0.1737,0.1738,0.1739,0.174,0.1741,0.1741,0.1742,0.1743,0.1744,0.1745,0.1745,0.1746,0.1747,0.1748,0.1749,0.175,0.1751,0.1752,0.1753,0.1754,0.1755,0.1756,0.1757,0.1758,0.1759,0.176,0.1761,0.1762,0.1763,0.1764,0.1765,0.1766,0.1767,0.1768,0.1769,0.177,0.1771,0.1772,0.1773,0.1775,0.1776,0.1777,0.1778,0.1779,0.178,0.1781,0.1782,0.1783,0.1784,0.1785,0.1786,0.1787,0.1788,0.1789,0.179,0.1791,0.1793,0.1794,0.1795,0.1796,0.1797,0.1798,0.1799,0.18,0.1801,0.1802,0.1803,0.1804,0.1805,0.1807,0.1808,0.1809,0.181,0.1811,0.1812,0.1813,0.1814,0.1815,0.1816,0.1817,0.1819,0.182,0.1821,0.1822,0.1823,0.1824,0.1825,0.1826,0.1827,0.1829,0.183,0.1831,0.1832,0.1833,0.1834,0.1835,0.1836,0.1839,0.1842,0.1846,0.1849,0.1852,0.1855,0.1858,0.1861,0.1864,0.1867,0.1871,0.1874,0.1877,0.188,0.1883,0.1887,0.189,0.1893,0.1896,0.19,0.1904,0.1908,0.1912,0.1916,0.1919,0.1923,0.1926,0.1926,0.1927,0.1927,0.1928,0.1929,0.1929,0.193,0.1931,0.1932,0.1933,0.1934,0.1935,0.1936,0.1937,0.1938,0.1939,0.194,0.1941,0.1941,0.1942,0.1943,0.1944,0.1945,0.1946,0.1947,0.1948,0.1949,0.195,0.1951,0.1952
0.1661,0.1661,0.1662,0.1663,0.1664,0.1664,0.1665,0.1666,0.1667,0.1667,0.1668,0.1669,0.167,0.167,0.1671,0.1672,0.1673,0.1673,0.1674,0.1675,0.1676,0.1676,0.1677,0.1678,0.1679,0.1679,0.168,0.1681,0.1682,0.1682,0.1683,0.1684,0.1685,0.1685,0.1686,0.1687,0.1688,0.1689,0.1689,0.169,0.1691,0.1692,0.1692,0.1693,0.1694,0.1695,0.1695,0.1696,0.1697,0.1698,0.1699,0.1699,0.17,0.1701,0.1702,0.1702,0.1703,0.1704,0.1705,0.1706,0.1706,0.1707,0.1708,0.1709,0.1709,0.171,0.1711,0.1712,0.1713,0.1713,0.1714,0.1715,0.1716,0.1717,0.1717,0.1718,0.1719,0.172,0.1721,0.1721,0.1722,0.1723,0.1724,0.1724,0.1725,0.1726,0.1727,0.1728,0.1728,0.1729,0.173,0.1731,0.1732,0.1733,0.1733,0.1734,0.1735,0.1736,0.1737,0.1737,0.1738,0.1739,0.174,0.1741,0.1741,0.1742,0.1743,0.1744,0.1745,0.1746,0.1746,0.1747,0.1748,0.1749,0.175,0.1751,0.1752,0.1753,0.1754,0.1755,0.1756,0.1757,0.1758,0.1759,0.176,0.1761,0.1762,0.1763,0.1764,0.1765,0.1766,0.1767,0.1768,0.1769,0.177,0.1771,0.1772,0.1773,0.1774,0.1775,0.1776,0.1778,0.1779,0.178,0.1781,0.1782,0.1783,0.1784,0.1785,0.1786,0.1787,0.1788,0.1789,0.179,0.1791,0.1792,0.1793,0.1795,0.1796,0.1797,0.1798,0.1799,0.18,0.1801,0.1802,0.1803,0.1804,0.1805,0.1806,0.1807,0.1809,0.181,0.1811,0.1812,0.1813,0.1814,0.1815,0.1816,0.1817,0.1818,0.182,0.1821,0.1822,0.1823,0.1824,0.1825,0.1826,0.1827,0.1828,0.183,0.1831,0.1832,0.1833,0.1834,0.1835,0.1836,0.1837,0.1838,0.184,0.1843,0.1846,0.1849,0.1853,0.1856,0.1859,0.1862,0.1865,0.1868,0.1871,0.1875,0.1878,0.1881,0.1884,0.1887,0.1891,0.1894,0.1897,0.1901,0.1905,0.1908,0.1912,0.1916,0.192,0.1924,0.1928,0.1929,0.193,0.193,0.1931,0.1932,0.1932,0.1933,0.1934,0.1935,0.1936,0.1937,0.1938,0.1939,0.194,0.194,0.1941,0.1942,0.1943,0.1944,0.1945,0.1946,0.1947,0.1948,0.1949,0.195,0.1951,0.1952,0.1953,0.1954,0.1955,0.1956
0.1663,0.1664,0.1664,0.1665,0.1666,0.1667,0.1667,0.1668,0.1669,0.167,0.167,0.1671,0.1672,0.1673,0.1673,0.1674,0.1675,0.1676,0.1676,0.1677,0.1678,0.1679,0.1679,0.168,0.1681,0.1682,0.1682,0.1683,0.1684,0.1685,0.1685,0.1686,0.1687,0.1688,0.1689,0.1689,0.169,0.1691,0.1692,0.1692,0.1693,0.1694,0.1695,0.1695,0.1696,0.1697,0.1698,0.1699,0.1699,0.17,0.1701,0.1702,0.1702,0.1703,0.1704,0.1705,0.1706,0.1706,0.1707,0.1708,0.1709,0.1709,0.171,0.1711,0.1712,0.1713,0.1713,0.1714,0.1715,0.1716,0.1717,0.1717,0.1718,0.1719,0.172,0.1721,0.1721,0.1722,0.1723,0.1724,0.1725,0.1725,0.1726,0.1727,0.1728,0.1729,0.1729,0.173,0.1731,0.1732,0.1733,0.1733,0.1734,0.1735,0.1736,0.1737,0.1737,0.1738,0.1739,0.174,0.1741,0.1741,0.1742,0.1743,0.1744,0.1745,0.1746,0.1746,0.1747,0.1748,0.1749,0.175,0.175,0.1751,0.1753,0.1754,0.1755,0.1756,0.1757,0.1758,0.1759,0.176,0.1761,0.1762,0.1763,0.1764,0.1765,0.1766,0.1767,0.1768,0.1769,0.177,0.1771,0.1772,0.1773,0.1774,0.1775,0.1776,0.1777,0.1778,0.178,0.1781,0.1782,0.1783,0.1784,0.1785,0.1786,0.1787,0.1788,0.1789,0.179,0.1791,0.1792,0.1793,0.1794,0.1795,0.1797,0.1798,0.1799,0.18,0.1801,0.1802,0.1803,0.1804,0.1805,0.1806,0.1807,0.1808,0.181,0.1811,0.1812,0.1813,0.1814,0.1815,0.1816,0.1817,0.1818,0.1819,0.182,0.1822,0.1823,0.1824,0.1825,0.1826,0.1827,0.1828,0.1829,0.183,0.1832,0.1833,0.1834,0.1835,0.1836,0.1837,0.1838,0.1839,0.1841,0.1842,0.1844,0.1847,0.185,0.1853,0.1856,0.186,0.1863,0.1866,0.1869,0.1872,0.1875,0.1879,0.1882,0.1885,0.1888,0.1891,0.1895,0.1898,0.1901,0.1905,0.1909,0.1913,0.1917,0.192,0.1924,0.1928,0.1932,0.1933,0.1933,0.1934,0.1935,0.1935,0.1936,0.1937,0.1938,0.1939,0.1939,0.194,0.1941,0.1942,0.1943,0.1944,0.1945,0.1946,0.1947,0.1948,0.1949,0.195,0.1951,0.1952,0.1953,0.1954,0.1954,0.1955,0.1956,0.1957,0.1958,0.1959
0.1665,0.1666,0.1667,0.1667,0.1668,0.1669,0.167,0.167,0.1671,0.1672,0.1673,0.1673,0.1674,0.1675,0.1676,0.1676,0.1677,0.1678,0.1679,0.1679,0.168,0.1681,0.1682,0.1682,0.1683,0.1684,0.1685,0.1686,0.1686,0.1687,0.1688,0.1689,0.1689,0.169,0.1691,0.1692,0.1692,0.1693,0.1694,0.1695,0.1695,0.1696,0.1697,0.1698,0.1699,0.1699,0.17,0.1701,0.1702,0.1702,0.1703,0.1704,0.1705,0.1706,0.1706,0.1707,0.1708,0.1709,0.1709,0.171,0.1711,0.1712,0.1713,0.1713,0.1714,0.1715,0.1716,0.1717,0.1717,0.1718,0.1719,0.172,0.1721,0.1721,0.1722,0.1723,0.1724,0.1725,0.1725,0.1726,0.1727,0.1728,0.1729,0.1729,0.173,0.1731,0.1732,0.1733,0.1733,0.1734,0.1735,0.1736,0.1737,0.1737,0.1738,0.1739,0.174,0.1741,0.1741,0.1742,0.1743,0.1744,0.1745,0.1746,0.1746,0.1747,0.1748,0.1749,0.175,0.175,0.1751,0.1752,0.1753,0.1754,0.1755,0.1756,0.1758,0.1759,0.176,0.1761,0.1762,0.1763,0.1764,0.1765,0.1766,0.1767,0.1768,0.1769,0.177,0.1771,0.1772,0.1773,0.1774,0.1775,0.1776,0.1777,0.1778,0.1779,0.178,0.1781,0.1783,0.1784,0.1785,0.1786,0.1787,0.1788,0.1789,0.179,0.1791,0.1792,0.1793,0.1794,0.1795,0.1796,0.1797,0.1799,0.18,0.1801,0.1802,0.1803,0.1804,0.1805,0.1806,0.1807,0.1808,0.1809,0.181,0.1812,0.1813,0.1814,0.1815,0.1816,0.1817,0.1818,0.1819,0.182,0.1821,0.1823,0.1824,0.1825,0.1826,0.1827,0.1828,0.1829,0.183,0.1831,0.1833,0.1834,0.1835,0.1836,0.1837,0.1838,0.1839,0.184,0.1842,0.1843,0.1844,0.1845,0.1848,0.1851,0.1854,0.1857,0.186,0.1863,0.1867,0.187,0.1873,0.1876,0.1879,0.1883,0.1886,0.1889,0.1892,0.1896,0.1899,0.1902,0.1906,0.1909,0.1913,0.1917,0.1921,0.1925,0.1929,0.1933,0.1936,0.1936,0.1937,0.1938,0.1938,0.1939,0.194,0.194,0.1941,0.1942,0.1943,0.1944,0.1945,0.1946,0.1947,0.1948,0.1949,0.195,0.1951,0.1952,0.1952,0.1953,0.1954,0.1955,0.1956,0.1957,0.1958,0.1959,0.196,0.1961,0.1962,0.1963
0.1667,0.1668,0.1669,0.167,0.167,0.1671,0.1672,0.1673,0.1673,0.1674,0.1675,0.1676,0.1676,0.1677,0.1678,0.1679,0.1679,0.168,0.1681,0.1682,0.1682,0.1683,0.1684,0.1685,0.1686,0.1686,0.1687,0.1688,0.1689,0.1689,0.169,0.1691,0.1692,0.1692,0.1693,0.1694,0.1695,0.1695,0.1696,0.1697,0.1698,0.1699,0.1699,0.17,0.1701,0.1702,0.1702,0.1703,0.1704,0.1705,0.1706,0.1706,0.1707,0.1708,0.1709,0.171,0.171,0.1711,0.1712,0.1713,0.1713,0.1714,0.1715,0.1716,0.1717,0.1717,0.1718,0.1719,0.172,0.1721,0.1721,0.1722,0.1723,0.1724,0.1725,0.1725,0.1726,0.1727,0.1728,0.1729,0.1729,0.173,0.1731,0.1732,0.1733,0.1733,0.1734,0.1735,0.1736,0.1737,0.1737,0.1738,0.1739,0.174,0.1741,0.1741,0.1742,0.1743,0.1744,0.1745,0.1746,0.1746,0.1747,0.1748,0.1749,0.175,0.175,0.1751,0.1752,0.1753,0.1754,0.1755,0.1756,0.1757,0.1758,0.1759,0.176,0.1761,0.1763,0.1764,0.1765,0.1766,0.1767,0.1768,0.1769,0.177,0.1771,0.1772,0.1773,0.1774,0.1775,0.1776,0.1777,0.1778,0.1779,0.178,0.1781,0.1782,0.1783,0.1785,0.1786,0.1787,0.1788,0.1789,0.179,0.1791,0.1792,0.1793,0.1794,0.1795,0.1796,0.1797,0.1798,0.1799,0.1801,0.1802,0.1803,0.1804,0.1805,0.1806,0.1807,0.1808,0.1809,0.181,0.1811,0.1813,0.1814,0.1815,0.1816,0.1817,0.1818,0.1819,0.182,0.1821,0.1822,0.1824,0.1825,0.1826,0.1827,0.1828,0.1829,0.183,0.1831,0.1832,0.1834,0.1835,0.1836,0.1837,0.1838,0.1839,0.184,0.1841,0.1843,0.1844,0.1845,0.1846,0.1847,0.1849,0.1852,0.1855,0.1858,0.1861,0.1864,0.1867,0.1871,0.1874,0.1877,0.188,0.1883,0.1887,0.189,0.1893,0.1896,0.19,0.1903,0.1906,0.191,0.1914,0.1918,0.1922,0.1925,0.1929,0.1933,0.1937,0.1939,0.194,0.1941,0.1941,0.1942,0.1943,0.1943,0.1944,0.1945,0.1946,0.1947,0.1948,0.1949,0.195,0.1951,0.1951,0.1952,0.1953,0.1954,0.1955,0.1956,0.1957,0.1958,0.1959,0.196,0.1961,0.1962,0.1963,0.1964,0.1965,0.1966,0.1967
0.1670,0.167,0.1671,0.1672,0.1673,0.1673,0.1674,0.1675,0.1676,0.1676,0.1677,0.1678,0.1679,0.1679,0.168,0.1681,0.1682,0.1682,0.1683,0.1684,0.1685,0.1686,0.1686,0.1687,0.1688,0.1689,0.1689,0.169,0.1691,0.1692,0.1692,0.1693,0.1694,0.1695,0.1696,0.1696,0.1697,0.1698,0.1699,0.1699,0.17,0.1701,0.1702,0.1702,0.1703,0.1704,0.1705,0.1706,0.1706,0.1707,0.1708,0.1709,0.171,0.171,0.1711,0.1712,0.1713,0.1713,0.1714,0.1715,0.1716,0.1717,0.1717,0.1718,0.1719,0.172,0.1721,0.1721,0.1722,0.1723,0.1724,0.1725,0.1725,0.1726,0.1727,0.1728,0.1729,0.1729,0.173,0.1731,0.1732,0.1733,0.1733,0.1734,0.1735,0.1736,0.1737,0.1737,0.1738,0.1739,0.174,0.1741,0.1742,0.1742,0.1743,0.1744,0.1745,0.1746,0.1746,0.1747,0.1748,0.1749,0.175,0.1751,0.1751,0.1752,0.1753,0.1754,0.1755,0.1756,0.1757,0.1758,0.1759,0.176,0.1761,0.1762,0.1763,0.1764,0.1766,0.1767,0.1768,0.1769,0.177,0.1771,0.1772,0.1773,0.1774,0.1775,0.1776,0.1777,0.1778,0.1779,0.178,0.1781,0.1782,0.1783,0.1784,0.1785,0.1787,0.1788,0.1789,0.179,0.1791,0.1792,0.1793,0.1794,0.1795,0.1796,0.1797,0.1798,0.1799,0.18,0.1802,0.1803,0.1804,0.1805,0.1806,0.1807,0.1808,0.1809,0.181,0.1811,0.1812,0.1813,0.1815,0.1816,0.1817,0.1818,0.1819,0.182,0.1821,0.1822,0.1823,0.1825,0.1826,0.1827,0.1828,0.1829,0.183,0.1831,0.1832,0.1833,0.1835,0.1836,0.1837,0.1838,0.1839,0.184,0.1841,0.1842,0.1844,0.1845,0.1846,0.1847,0.1848,0.1849,0.185,0.1852,0.1856,0.1859,0.1862,0.1865,0.1868,0.1871,0.1874,0.1878,0.1881,0.1884,0.1887,0.1891,0.1894,0.1897,0.19,0.1904,0.1907,0.191,0.1914,0.1918,0.1922,0.1926,0.193,0.1934,0.1938,0.1942,0.1943,0.1944,0.1944,0.1945,0.1945,0.1946,0.1947,0.1948,0.1949,0.1949,0.195,0.1951,0.1952,0.1953,0.1954,0.1955,0.1956,0.1957,0.1958,0.1959,0.196,0.1961,0.1962,0.1963,0.1964,0.1965,0.1966,0.1967,0.1968,0.1969,0.1969,0.197
0.1672,0.1673,0.1673,0.1674,0.1675,0.1676,0.1676,0.1677,0.1678,0.1679,0.1679,0.168,0.1681,0.1682,0.1683,0.1683,0.1684,0.1685,0.1686,0.1686,0.1687,0.1688,0.1689,0.1689,0.169,0.1691,0.1692,0.1692,0.1693,0.1694,0.1695,0.1696,0.1696,0.1697,0.1698,0.1699,0.1699,0.17,0.1701,0.1702,0.1703,0.1703,0.1704,0.1705,0.1706,0.1706,0.1707,0.1708,0.1709,0.171,0.171,0.1711,0.1712,0.1713,0.1713,0.1714,0.1715,0.1716,0.1717,0.1717,0.1718,0.1719,0.172,0.1721,0.1721,0.1722,0.1723,0.1724,0.1725,0.1725,0.1726,0.1727,0.1728,0.1729,0.1729,0.173,0.1731,0.1732,0.1733,0.1733,0.1734,0.1735,0.1736,0.1737,0.1737,0.1738,0.1739,0.174,0.1741,0.1742,0.1742,0.1743,0.1744,0.1745,0.1746,0.1746,0.1747,0.1748,0.1749,0.175,0.1751,0.1751,0.1752,0.1753,0.1754,0.1755,0.1756,0.1757,0.1758,0.1759,0.176,0.1761,0.1762,0.1763,0.1764,0.1765,0.1766,0.1767,0.1769,0.177,0.1771,0.1772,0.1773,0.1774,0.1775,0.1776,0.1777,0.1778,0.1779,0.178,0.1781,0.1782,0.1783,0.1784,0.1785,0.1786,0.1787,0.1789,0.179,0.1791,0.1792,0.1793,0.1794,0.1795,0.1796,0.1797,0.1798,0.1799,0.18,0.1801,0.1802,0.1804,0.1805,0.1806,0.1807,0.1808,0.1809,0.181,0.1811,0.1812,0.1813,0.1814,0.1816,0.1817,0.1818,0.1819,0.182,0.1821,0.1822,0.1823,0.1824,0.1825,0.1827,0.1828,0.1829,0.183,0.1831,0.1832,0.1833,0.1834,0.1836,0.1837,0.1838,0.1839,0.184,0.1841,0.1842,0.1843,0.1845,0.1846,0.1847,0.1848,0.1849,0.185,0.1851,0.1853,0.1854,0.1856,0.1859,0.1863,0.1866,0.1869,0.1872,0.1875,0.1878,0.1882,0.1885,0.1888,0.1891,0.1895,0.1898,0.1901,0.1904,0.1908,0.1911,0.1915,0.1919,0.1923,0.1926,0.193,0.1934,0.1938,0.1942,0.1946,0.1947,0.1947,0.1948,0.1948,0.1949,0.195,0.195,0.1951,0.1952,0.1953,0.1954,0.1955,0.1956,0.1957,0.1958,0.1959,0.196,0.1961,0.1962,0.1963,0.1964,0.1965,0.1966,0.1967,0.1967,0.1968,0.1969,0.197,0.1971,0.1972,0.1973,0.1974
0.1674,0.1675,0.1676,0.1676,0.1677,0.1678,0.1679,0.1679,0.168,0.1681,0.1682,0.1683,0.1683,0.1684,0.1685,0.1686,0.1686,0.1687,0.1688,0.1689,0.1689,0.169,0.1691,0.1692,0.1692,0.1693,0.1694,0.1695,0.1696,0.1696,0.1697,0.1698,0.1699,0.1699,0.17,0.1701,0.1702,0.1703,0.1703,0.1704,0.1705,0.1706,0.1706,0.1707,0.1708,0.1709,0.171,0.171,0.1711,0.1712,0.1713,0.1713,0.1714,0.1715,0.1716,0.1717,0.1717,0.1718,0.1719,0.172,0.1721,0.1721,0.1722,0.1723,0.1724,0.1725,0.1725,0.1726,0.1727,0.1728,0.1729,0.1729,0.173,0.1731,0.1732,0.1733,0.1733,0.1734,0.1735,0.1736,0.1737,0.1737,0.1738,0.1739,0.174,0.1741,0.1742,0.1742,0.1743,0.1744,0.1745,0.1746,0.1746,0.1747,0.1748,0.1749,0.175,0.1751,0.1751,0.1752,0.1753,0.1754,0.1755,0.1756,0.1757,0.1758,0.1759,0.176,0.1761,0.1762,0.1763,0.1764,0.1765,0.1766,0.1767,0.1768,0.1769,0.177,0.1772,0.1773,0.1774,0.1775,0.1776,0.1777,0.1778,0.1779,0.178,0.1781,0.1782,0.1783,0.1784,0.1785,0.1786,0.1787,0.1788,0.1789,0.1791,0.1792,0.1793,0.1794,0.1795,0.1796,0.1797,0.1798,0.1799,0.18,0.1801,0.1802,0.1803,0.1805,0.1806,0.1807,0.1808,0.1809,0.181,0.1811,0.1812,0.1813,0.1814,0.1815,0.1817,0.1818,0.1819,0.182,0.1821,0.1822,0.1823,0.1824,0.1825,0.1826,0.1828,0.1829,0.183,0.1831,0.1832,0.1833,0.1834,0.1835,0.1837,0.1838,0.1839,0.184,0.1841,0.1842,0.1843,0.1844,0.1846,0.1847,0.1848,0.1849,0.185,0.1851,0.1852,0.1854,0.1855,0.1856,0.1857,0.186,0.1863,0.1866,0.187,0.1873,0.1876,0.1879,0.1882,0.1886,0.1889,0.1892,0.1895,0.1899,0.1902,0.1905,0.1909,0.1912,0.1915,0.1919,0.1923,0.1927,0.1931,0.1935,0.1939,0.1943,0.1947,0.1949,0.195,0.1951,0.1951,0.1952,0.1953,0.1953,0.1954,0.1955,0.1956,0.1957,0.1958,0.1959,0.196,0.1961,0.1962,0.1963,0.1964,0.1964,0.1965,0.1966,0.1967,0.1968,0.1969,0.197,0.1971,0.1972,0.1973,0.1974,0.1975,0.1976,0.1977,0.1978
0.1676,0.1677,0.1678,0.1679,0.168,0.168,0.1681,0.1682,0.1683,0.1683,0.1684,0.1685,0.1686,0.1686,0.1687,0.1688,0.1689,0.1689,0.169,0.1691,0.1692,0.1692,0.1693,0.1694,0.1695,0.1696,0.1696,0.1697,0.1698,0.1699,0.1699,0.17,0.1701,0.1702,0.1703,0.1703,0.1704,0.1705,0.1706,0.1706,0.1707,0.1708,0.1709,0.171,0.171,0.1711,0.1712,0.1713,0.1714,0.1714,0.1715,0.1716,0.1717,0.1717,0.1718,0.1719,0.172,0.1721,0.1721,0.1722,0.1723,0.1724,0.1725,0.1725,0.1726,0.1727,0.1728,0.1729,0.1729,0.173,0.1731,0.1732,0.1733,0.1733,0.1734,0.1735,0.1736,0.1737,0.1738,0.1738,0.1739,0.174,0.1741,0.1742,0.1742,0.1743,0.1744,0.1745,0.1746,0.1746,0.1747,0.1748,0.1749,0.175,0.1751,0.1751,0.1752,0.1753,0.1754,0.1755,0.1756,0.1757,0.1758,0.1759,0.176,0.1761,0.1762,0.1763,0.1764,0.1765,0.1766,0.1767,0.1768,0.1769,0.177,0.1771,0.1772,0.1773,0.1775,0.1776,0.1777,0.1778,0.1779,0.178,0.1781,0.1782,0.1783,0.1784,0.1785,0.1786,0.1787,0.1788,0.1789,0.179,0.1791,0.1793,0.1794,0.1795,0.1796,0.1797,0.1798,0.1799,0.18,0.1801,0.1802,0.1803,0.1804,0.1805,0.1807,0.1808,0.1809,0.181,0.1811,0.1812,0.1813,0.1814,0.1815,0.1816,0.1817,0.1819,0.182,0.1821,0.1822,0.1823,0.1824,0.1825,0.1826,0.1827,0.1829,0.183,0.1831,0.1832,0.1833,0.1834,0.1835,0.1836,0.1837,0.1839,0.184,0.1841,0.1842,0.1843,0.1844,0.1845,0.1847,0.1848,0.1849,0.185,0.1851,0.1852,0.1853,0.1855,0.1856,0.1857,0.1858,0.1859,0.1861,0.1864,0.1867,0.187,0.1874,0.1877,0.188,0.1883,0.1886,0.189,0.1893,0.1896,0.1899,0.1903,0.1906,0.1909,0.1913,0.1916,0.192,0.1924,0.1928,0.1931,0.1935,0.1939,0.1943,0.1947,0.1951,0.1953,0.1954,0.1954,0.1955,0.1956,0.1956,0.1957,0.1958,0.1959,0.196,0.1961,0.1962,0.1962,0.1963,0.1964,0.1965,0.1966,0.1967,0.1968,0.1969,0.197,0.1971,0.1972,0.1973,0.1974,0.1975,0.1976,0.1977,0.1978,0.1979,0.198,0.1981,0.1982
0.1679,0.168,0.168,0.1681,0.1682,0.1683,0.1683,0.1684,0.1685,0.1686,0.1686,0.1687,0.1688,0.1689,0.1689,0.169,0.1691,0.1692,0.1693,0.1693,0.1694,0.1695,0.1696,0.1696,0.1697,0.1698,0.1699,0.1699,0.17,0.1701,0.1702,0.1703,0.1703,0.1704,0.1705,0.1706,0.1706,0.1707,0.1708,0.1709,0.171,0.171,0.1711,0.1712,0.1713,0.1714,0.1714,0.1715,0.1716,0.1717,0.1717,0.1718,0.1719,0.172,0.1721,0.1721,0.1722,0.1723,0.1724,0.1725,0.1725,0.1726,0.1727,0.1728,0.1729,0.1729,0.173,0.1731,0.1732,0.1733,0.1733,0.1734,0.1735,0.1736,0.1737,0.1738,0.1738,0.1739,0.174,0.1741,0.1742,0.1742,0.1743,0.1744,0.1745,0.1746,0.1746,0.1747,0.1748,0.1749,0.175,0.1751,0.1751,0.1752,0.1753,0.1754,0.1755,0.1756,0.1757,0.1758,0.1759,0.176,0.1761,0.1762,0.1763,0.1764,0.1765,0.1766,0.1767,0.1768,0.1769,0.177,0.1771,0.1772,0.1773,0.1774,0.1775,0.1776,0.1778,0.1779,0.178,0.1781,0.1782,0.1783,0.1784,0.1785,0.1786,0.1787,0.1788,0.1789,0.179,0.1791,0.1792,0.1793,0.1795,0.1796,0.1797,0.1798,0.1799,0.18,0.1801,0.1802,0.1803,0.1804,0.1805,0.1806,0.1807,0.1809,0.181,0.1811,0.1812,0.1813,0.1814,0.1815,0.1816,0.1817,0.1818,0.182,0.1821,0.1822,0.1823,0.1824,0.1825,0.1826,0.1827,0.1828,0.183,0.1831,0.1832,0.1833,0.1834,0.1835,0.1836,0.1837,0.1838,0.184,0.1841,0.1842,0.1843,0.1844,0.1845,0.1846,0.1848,0.1849,0.185,0.1851,0.1852,0.1853,0.1854,0.1856,0.1857,0.1858,0.1859,0.186,0.1861,0.1862,0.1865,0.1868,0.1871,0.1874,0.1878,0.1881,0.1884,0.1887,0.189,0.1894,0.1897,0.19,0.1903,0.1907,0.191,0.1913,0.1917,0.192,0.1924,0.1928,0.1932,0.1936,0.194,0.1944,0.1948,0.1952,0.1956,0.1957,0.1958,0.1958,0.1959,0.196,0.196,0.1961,0.1962,0.1962,0.1963,0.1964,0.1965,0.1966,0.1967,0.1968,0.1969,0.197,0.1971,0.1972,0.1973,0.1974,0.1975,0.1976,0.1977,0.1978,0.1979,0.198,0.1981,0.1982,0.1983,0.1984,0.1985,0.1986
0.1681,0.1682,0.1683,0.1683,0.1684,0.1685,0.1686,0.1686,0.1687,0.1688,0.1689,0.1689,0.169,0.1691,0.1692,0.1693,0.1693,0.1694,0.1695,0.1696,0.1696,0.1697,0.1698,0.1699,0.1699,0.17,0.1701,0.1702,0.1703,0.1703,0.1704,0.1705,0.1706,0.1706,0.1707,0.1708,0.1709,0.171,0.171,0.1711,0.1712,0.1713,0.1714,0.1714,0.1715,0.1716,0.1717,0.1718,0.1718,0.1719,0.172,0.1721,0.1721,0.1722,0.1723,0.1724,0.1725,0.1725,0.1726,0.1727,0.1728,0.1729,0.1729,0.173,0.1731,0.1732,0.1733,0.1733,0.1734,0.1735,0.1736,0.1737,0.1738,0.1738,0.1739,0.174,0.1741,0.1742,0.1742,0.1743,0.1744,0.1745,0.1746,0.1747,0.1747,0.1748,0.1749,0.175,0.1751,0.1751,0.1752,0.1753,0.1754,0.1755,0.1756,0.1757,0.1758,0.1759,0.176,0.1761,0.1762,0.1763,0.1764,0.1765,0.1766,0.1767,0.1768,0.1769,0.177,0.1771,0.1772,0.1773,0.1774,0.1775,0.1776,0.1777,0.1778,0.178,0.1781,0.1782,0.1783,0.1784,0.1785,0.1786,0.1787,0.1788,0.1789,0.179,0.1791,0.1792,0.1793,0.1794,0.1795,0.1797,0.1798,0.1799,0.18,0.1801,0.1802,0.1803,0.1804,0.1805,0.1806,0.1807,0.1808,0.181,0.1811,0.1812,0.1813,0.1814,0.1815,0.1816,0.1817,0.1818,0.1819,0.1821,0.1822,0.1823,0.1824,0.1825,0.1826,0.1827,0.1828,0.1829,0.183,0.1832,0.1833,0.1834,0.1835,0.1836,0.1837,0.1838,0.1839,0.1841,0.1842,0.1843,0.1844,0.1845,0.1846,0.1847,0.1849,0.185,0.1851,0.1852,0.1853,0.1854,0.1855,0.1857,0.1858,0.1859,0.186,0.1861,0.1862,0.1863,0.1865,0.1866,0.1869,0.1872,0.1875,0.1878,0.1882,0.1885,0.1888,0.1891,0.1894,0.1898,0.1901,0.1904,0.1908,0.1911,0.1914,0.1918,0.1921,0.1925,0.1929,0.1933,0.1936,0.194,0.1944,0.1948,0.1952,0.1956,0.196,0.1961,0.1961,0.1962,0.1963,0.1963,0.1964,0.1965,0.1965,0.1966,0.1967,0.1968,0.1969,0.197,0.1971,0.1972,0.1973,0.1974,0.1975,0.1976,0.1977,0.1978,0.1979,0.198,0.1981,0.1982,0.1983,0.1984,0.1985,0.1985,0.1986,0.1987,0.1988,0.1989
0.1683,0.1684,0.1685,0.1686,0.1686,0.1687,0.1688,0.1689,0.1689,0.169,0.1691,0.1692,0.1693,0.1693,0.1694,0.1695,0.1696,0.1696,0.1697,0.1698,0.1699,0.1699,0.17,0.1701,0.1702,0.1703,0.1703,0.1704,0.1705,0.1706,0.1707,0.1707,0.1708,0.1709,0.171,0.171,0.1711,0.1712,0.1713,0.1714,0.1714,0.1715,0.1716,0.1717,0.1718,0.1718,0.1719,0.172,0.1721,0.1721,0.1722,0.1723,0.1724,0.1725,0.1725,0.1726,0.1727,0.1728,0.1729,0.1729,0.173,0.1731,0.1732,0.1733,0.1734,0.1734,0.1735,0.1736,0.1737,0.1738,0.1738,0.1739,0.174,0.1741,0.1742,0.1742,0.1743,0.1744,0.1745,0.1746,0.1747,0.1747,0.1748,0.1749,0.175,0.1751,0.1751,0.1752,0.1753,0.1754,0.1755,0.1756,0.1756,0.1758,0.1759,0.176,0.1761,0.1762,0.1763,0.1764,0.1765,0.1766,0.1767,0.1768,0.1769,0.177,0.1771,0.1772,0.1773,0.1774,0.1775,0.1776,0.1777,0.1778,0.1779,0.178,0.1781,0.1783,0.1784,0.1785,0.1786,0.1787,0.1788,0.1789,0.179,0.1791,0.1792,0.1793,0.1794,0.1795,0.1796,0.1797,0.1799,0.18,0.1801,0.1802,0.1803,0.1804,0.1805,0.1806,0.1807,0.1808,0.1809,0.181,0.1812,0.1813,0.1814,0.1815,0.1816,0.1817,0.1818,0.1819,0.182,0.1821,0.1823,0.1824,0.1825,0.1826,0.1827,0.1828,0.1829,0.183,0.1831,0.1833,0.1834,0.1835,0.1836,0.1837,0.1838,0.1839,0.184,0.1842,0.1843,0.1844,0.1845,0.1846,0.1847,0.1848,0.185,0.1851,0.1852,0.1853,0.1854,0.1855,0.1856,0.1858,0.1859,0.186,0.1861,0.1862,0.1863,0.1864,0.1866,0.1867,0.1868,0.187,0.1873,0.1876,0.1879,0.1882,0.1886,0.1889,0.1892,0.1895,0.1899,0.1902,0.1905,0.1908,0.1912,0.1915,0.1918,0.1922,0.1925,0.1929,0.1933,0.1937,0.1941,0.1945,0.1949,0.1953,0.1957,0.1961,0.1964,0.1964,0.1965,0.1966,0.1966,0.1967,0.1968,0.1968,0.1969,0.197,0.1971,0.1972,0.1973,0.1974,0.1975,0.1976,0.1977,0.1978,0.1979,0.198,0.1981,0.1981,0.1982,0.1983,0.1984,0.1985,0.1986,0.1987,0.1988,0.1989,0.199,0.1991,0.1992,0.1993
0.1686,0.1686,0.1687,0.1688,0.1689,0.1689,0.169,0.1691,0.1692,0.1693,0.1693,0.1694,0.1695,0.1696,0.1696,0.1697,0.1698,0.1699,0.17,0.17,0.1701,0.1702,0.1703,0.1703,0.1704,0.1705,0.1706,0.1707,0.1707,0.1708,0.1709,0.171,0.171,0.1711,0.1712,0.1713,0.1714,0.1714,0.1715,0.1716,0.1717,0.1718,0.1718,0.1719,0.172,0.1721,0.1722,0.1722,0.1723,0.1724,0.1725,0.1726,0.1726,0.1727,0.1728,0.1729,0.173,0.173,0.1731,0.1732,0.1733,0.1734,0.1734,0.1735,0.1736,0.1737,0.1738,0.1738,0.1739,0.174,0.1741,0.1742,0.1742,0.1743,0.1744,0.1745,0.1746,0.1747,0.1747,0.1748,0.1749,0.175,0.1751,0.1751,0.1752,0.1753,0.1754,0.1755,0.1756,0.1756,0.1757,0.1758,0.1759,0.176,0.1762,0.1763,0.1764,0.1765,0.1766,0.1767,0.1768,0.1769,0.177,0.1771,0.1772,0.1773,0.1774,0.1775,0.1776,0.1777,0.1778,0.1779,0.178,0.1781,0.1782,0.1783,0.1785,0.1786,0.1787,0.1788,0.1789,0.179,0.1791,0.1792,0.1793,0.1794,0.1795,0.1796,0.1797,0.1798,0.18,0.1801,0.1802,0.1803,0.1804,0.1805,0.1806,0.1807,0.1808,0.1809,0.181,0.1811,0.1813,0.1814,0.1815,0.1816,0.1817,0.1818,0.1819,0.182,0.1821,0.1822,0.1824,0.1825,0.1826,0.1827,0.1828,0.1829,0.183,0.1831,0.1832,0.1834,0.1835,0.1836,0.1837,0.1838,0.1839,0.184,0.1841,0.1843,0.1844,0.1845,0.1846,0.1847,0.1848,0.1849,0.1851,0.1852,0.1853,0.1854,0.1855,0.1856,0.1857,0.1859,0.186,0.1861,0.1862,0.1863,0.1864,0.1865,0.1867,0.1868,0.1869,0.187,0.1871,0.1873,0.1877,0.188,0.1883,0.1886,0.189,0.1893,0.1896,0.1899,0.1903,0.1906,0.1909,0.1912,0.1916,0.1919,0.1922,0.1926,0.193,0.1934,0.1938,0.1941,0.1945,0.1949,0.1953,0.1957,0.1961,0.1966,0.1967,0.1968,0.1969,0.1969,0.197,0.1971,0.1971,0.1972,0.1973,0.1974,0.1975,0.1976,0.1977,0.1978,0.1978,0.1979,0.198,0.1981,0.1982,0.1983,0.1984,0.1985,0.1986,0.1987,0.1988,0.1989,0.199,0.1991,0.1992,0.1993,0.1994,0.1995,0.1996,0.1997
0.1688,0.1689,0.169,0.169,0.1691,0.1692,0.1693,0.1693,0.1694,0.1695,0.1696,0.1696,0.1697,0.1698,0.1699,0.17,0.17,0.1701,0.1702,0.1703,0.1703,0.1704,0.1705,0.1706,0.1707,0.1707,0.1708,0.1709,0.171,0.171,0.1711,0.1712,0.1713,0.1714,0.1714,0.1715,0.1716,0.1717,0.1718,0.1718,0.1719,0.172,0.1721,0.1722,0.1722,0.1723,0.1724,0.1725,0.1726,0.1726,0.1727,0.1728,0.1729,0.173,0.173,0.1731,0.1732,0.1733,0.1734,0.1734,0.1735,0.1736,0.1737,0.1738,0.1738,0.1739,0.174,0.1741,0.1742,0.1742,0.1743,0.1744,0.1745,0.1746,0.1747,0.1747,0.1748,0.1749,0.175,0.1751,0.1751,0.1752,0.1753,0.1754,0.1755,0.1756,0.1756,0.1757,0.1758,0.1759,0.176,0.1761,0.1762,0.1763,0.1764,0.1766,0.1767,0.1768,0.1769,0.177,0.1771,0.1772,0.1773,0.1774,0.1775,0.1776,0.1777,0.1778,0.1779,0.178,0.1781,0.1782,0.1783,0.1784,0.1785,0.1787,0.1788,0.1789,0.179,0.1791,0.1792,0.1793,0.1794,0.1795,0.1796,0.1797,0.1798,0.1799,0.18,0.1802,0.1803,0.1804,0.1805,0.1806,0.1807,0.1808,0.1809,0.181,0.1811,0.1812,0.1813,0.1815,0.1816,0.1817,0.1818,0.1819,0.182,0.1821,0.1822,0.1823,0.1825,0.1826,0.1827,0.1828,0.1829,0.183,0.1831,0.1832,0.1833,0.1835,0.1836,0.1837,0.1838,0.1839,0.184,0.1841,0.1842,0.1844,0.1845,0.1846,0.1847,0.1848,0.1849,0.185,0.1852,0.1853,0.1854,0.1855,0.1856,0.1857,0.1858,0.186,0.1861,0.1862,0.1863,0.1864,0.1865,0.1866,0.1868,0.1869,0.187,0.1871,0.1872,0.1873,0.1875,0.1877,0.1881,0.1884,0.1887,0.189,0.1894,0.1897,0.19,0.1903,0.1907,0.191,0.1913,0.1917,0.192,0.1923,0.1927,0.193,0.1934,0.1938,0.1942,0.1946,0.195,0.1954,0.1958,0.1962,0.1966,0.197,0.1971,0.1972,0.1972,0.1973,0.1974,0.1974,0.1975,0.1976,0.1976,0.1977,0.1978,0.1979,0.198,0.1981,0.1982,0.1983,0.1984,0.1985,0.1986,0.1987,0.1988,0.1989,0.199,0.1991,0.1992,0.1993,0.1994,0.1995,0.1996,0.1997,0.1998,0.1999,0.2,0.2001
0.1690,0.1691,0.1692,0.1693,0.1693,0.1694,0.1695,0.1696,0.1696,0.1697,0.1698,0.1699,0.17,0.17,0.1701,0.1702,0.1703,0.1703,0.1704,0.1705,0.1706,0.1707,0.1707,0.1708,0.1709,0.171,0.171,0.1711,0.1712,0.1713,0.1714,0.1714,0.1715,0.1716,0.1717,0.1718,0.1718,0.1719,0.172,0.1721,0.1722,0.1722,0.1723,0.1724,0.1725,0.1726,0.1726,0.1727,0.1728,0.1729,0.173,0.173,0.1731,0.1732,0.1733,0.1734,0.1734,0.1735,0.1736,0.1737,0.1738,0.1738,0.1739,0.174,0.1741,0.1742,0.1742,0.1743,0.1744,0.1745,0.1746,0.1747,0.1747,0.1748,0.1749,0.175,0.1751,0.1752,0.1752,0.1753,0.1754,0.1755,0.1756,0.1756,0.1757,0.1758,0.1759,0.176,0.1761,0.1762,0.1763,0.1764,0.1765,0.1766,0.1767,0.1769,0.177,0.1771,0.1772,0.1773,0.1774,0.1775,0.1776,0.1777,0.1778,0.1779,0.178,0.1781,0.1782,0.1783,0.1784,0.1785,0.1786,0.1787,0.1789,0.179,0.1791,0.1792,0.1793,0.1794,0.1795,0.1796,0.1797,0.1798,0.1799,0.18,0.1801,0.1802,0.1804,0.1805,0.1806,0.1807,0.1808,0.1809,0.181,0.1811,0.1812,0.1813,0.1814,0.1816,0.1817,0.1818,0.1819,0.182,0.1821,0.1822,0.1823,0.1824,0.1825,0.1827,0.1828,0.1829,0.183,0.1831,0.1832,0.1833,0.1834,0.1836,0.1837,0.1838,0.1839,0.184,0.1841,0.1842,0.1843,0.1845,0.1846,0.1847,0.1848,0.1849,0.185,0.1851,0.1853,0.1854,0.1855,0.1856,0.1857,0.1858,0.1859,0.1861,0.1862,0.1863,0.1864,0.1865,0.1866,0.1867,0.1869,0.187,0.1871,0.1872,0.1873,0.1874,0.1876,0.1877,0.1878,0.1881,0.1885,0.1888,0.1891,0.1894,0.1898,0.1901,0.1904,0.1907,0.1911,0.1914,0.1917,0.1921,0.1924,0.1927,0.1931,0.1935,0.1939,0.1943,0.1947,0.1951,0.1955,0.1959,0.1963,0.1967,0.1971,0.1974,0.1975,0.1975,0.1976,0.1977,0.1977,0.1978,0.1979,0.198,0.198,0.1981,0.1982,0.1983,0.1984,0.1985,0.1986,0.1987,0.1988,0.1989,0.199,0.1991,0.1992,0.1993,0.1994,0.1995,0.1996,0.1997,0.1998,0.1999,0.2,0.2001,0.2002,0.2003,0.2004,0.2005
0.1693,0.1693,0.1694,0.1695,0.1696,0.1696,0.1697,0.1698,0.1699,0.17,0.17,0.1701,0.1702,0.1703,0.1703,0.1704,0.1705,0.1706,0.1707,0.1707,0.1708,0.1709,0.171,0.171,0.1711,0.1712,0.1713,0.1714,0.1714,0.1715,0.1716,0.1717,0.1718,0.1718,0.1719,0.172,0.1721,0.1722,0.1722,0.1723,0.1724,0.1725,0.1726,0.1726,0.1727,0.1728,0.1729,0.173,0.173,0.1731,0.1732,0.1733,0.1734,0.1734,0.1735,0.1736,0.1737,0.1738,0.1738,0.1739,0.174,0.1741,0.1742,0.1743,0.1743,0.1744,0.1745,0.1746,0.1747,0.1747,0.1748,0.1749,0.175,0.1751,0.1752,0.1752,0.1753,0.1754,0.1755,0.1756,0.1756,0.1757,0.1758,0.1759,0.176,0.1761,0.1762,0.1763,0.1764,0.1765,0.1766,0.1767,0.1768,0.1769,0.177,0.1772,0.1773,0.1774,0.1775,0.1776,0.1777,0.1778,0.1779,0.178,0.1781,0.1782,0.1783,0.1784,0.1785,0.1786,0.1787,0.1788,0.1789,0.1791,0.1792,0.1793,0.1794,0.1795,0.1796,0.1797,0.1798,0.1799,0.18,0.1801,0.1802,0.1803,0.1805,0.1806,0.1807,0.1808,0.1809,0.181,0.1811,0.1812,0.1813,0.1814,0.1815,0.1817,0.1818,0.1819,0.182,0.1821,0.1822,0.1823,0.1824,0.1825,0.1826,0.1828,0.1829,0.183,0.1831,0.1832,0.1833,0.1834,0.1835,0.1837,0.1838,0.1839,0.184,0.1841,0.1842,0.1843,0.1844,0.1846,0.1847,0.1848,0.1849,0.185,0.1851,0.1852,0.1854,0.1855,0.1856,0.1857,0.1858,0.1859,0.186,0.1862,0.1863,0.1864,0.1865,0.1866,0.1867,0.1869,0.187,0.1871,0.1872,0.1873,0.1874,0.1876,0.1877,0.1878,0.1879,0.188,0.1882,0.1885,0.1889,0.1892,0.1895,0.1898,0.1902,0.1905,0.1908,0.1912,0.1915,0.1918,0.1922,0.1925,0.1928,0.1932,0.1935,0.1939,0.1943,0.1947,0.1951,0.1955,0.1959,0.1963,0.1967,0.1971,0.1975,0.1978,0.1979,0.1979,0.198,0.1981,0.1981,0.1982,0.1983,0.1983,0.1984,0.1985,0.1986,0.1987,0.1988,0.1989,0.199,0.1991,0.1992,0.1993,0.1994,0.1995,0.1996,0.1997,0.1998,0.1999,0.2,0.2001,0.2002,0.2003,0.2004,0.2005,0.2006,0.2007,0.2008,0.2009
0.1695,0.1696,0.1696,0.1697,0.1698,0.1699,0.17,0.17,0.1701,0.1702,0.1703,0.1703,0.1704,0.1705,0.1706,0.1707,0.1707,0.1708,0.1709,0.171,0.1711,0.1711,0.1712,0.1713,0.1714,0.1714,0.1715,0.1716,0.1717,0.1718,0.1718,0.1719,0.172,0.1721,0.1722,0.1722,0.1723,0.1724,0.1725,0.1726,0.1726,0.1727,0.1728,0.1729,0.173,0.173,0.1731,0.1732,0.1733,0.1734,0.1734,0.1735,0.1736,0.1737,0.1738,0.1738,0.1739,0.174,0.1741,0.1742,0.1743,0.1743,0.1744,0.1745,0.1746,0.1747,0.1747,0.1748,0.1749,0.175,0.1751,0.1752,0.1752,0.1753,0.1754,0.1755,0.1756,0.1757,0.1757,0.1758,0.1759,0.176,0.1761,0.1762,0.1763,0.1764,0.1765,0.1766,0.1767,0.1768,0.1769,0.177,0.1771,0.1772,0.1773,0.1775,0.1776,0.1777,0.1778,0.1779,0.178,0.1781,0.1782,0.1783,0.1784,0.1785,0.1786,0.1787,0.1788,0.1789,0.179,0.1791,0.1793,0.1794,0.1795,0.1796,0.1797,0.1798,0.1799,0.18,0.1801,0.1802,0.1803,0.1804,0.1805,0.1807,0.1808,0.1809,0.181,0.1811,0.1812,0.1813,0.1814,0.1815,0.1816,0.1817,0.1819,0.182,0.1821,0.1822,0.1823,0.1824,0.1825,0.1826,0.1827,0.1829,0.183,0.1831,0.1832,0.1833,0.1834,0.1835,0.1836,0.1837,0.1839,0.184,0.1841,0.1842,0.1843,0.1844,0.1845,0.1847,0.1848,0.1849,0.185,0.1851,0.1852,0.1853,0.1855,0.1856,0.1857,0.1858,0.1859,0.186,0.1861,0.1863,0.1864,0.1865,0.1866,0.1867,0.1868,0.187,0.1871,0.1872,0.1873,0.1874,0.1875,0.1877,0.1878,0.1879,0.188,0.1881,0.1882,0.1884,0.1886,0.1889,0.1893,0.1896,0.1899,0.1902,0.1906,0.1909,0.1912,0.1916,0.1919,0.1922,0.1926,0.1929,0.1932,0.1936,0.194,0.1944,0.1948,0.1952,0.1956,0.196,0.1964,0.1968,0.1972,0.1976,0.198,0.1982,0.1982,0.1983,0.1984,0.1984,0.1985,0.1986,0.1986,0.1987,0.1988,0.1989,0.199,0.1991,0.1992,0.1993,0.1994,0.1995,0.1996,0.1997,0.1998,0.1999,0.2,0.2001,0.2002,0.2003,0.2004,0.2005,0.2006,0.2007,0.2008,0.2009,0.201,0.2011,0.2012,0.2013
0.1697,0.1698,0.1699,0.17,0.17,0.1701,0.1702,0.1703,0.1703,0.1704,0.1705,0.1706,0.1707,0.1707,0.1708,0.1709,0.171,0.1711,0.1711,0.1712,0.1713,0.1714,0.1714,0.1715,0.1716,0.1717,0.1718,0.1718,0.1719,0.172,0.1721,0.1722,0.1722,0.1723,0.1724,0.1725,0.1726,0.1726,0.1727,0.1728,0.1729,0.173,0.173,0.1731,0.1732,0.1733,0.1734,0.1734,0.1735,0.1736,0.1737,0.1738,0.1738,0.1739,0.174,0.1741,0.1742,0.1743,0.1743,0.1744,0.1745,0.1746,0.1747,0.1747,0.1748,0.1749,0.175,0.1751,0.1752,0.1752,0.1753,0.1754,0.1755,0.1756,0.1757,0.1757,0.1758,0.1759,0.176,0.1761,0.1762,0.1763,0.1764,0.1765,0.1766,0.1767,0.1768,0.1769,0.177,0.1771,0.1772,0.1773,0.1774,0.1775,0.1776,0.1778,0.1779,0.178,0.1781,0.1782,0.1783,0.1784,0.1785,0.1786,0.1787,0.1788,0.1789,0.179,0.1791,0.1792,0.1793,0.1795,0.1796,0.1797,0.1798,0.1799,0.18,0.1801,0.1802,0.1803,0.1804,0.1805,0.1806,0.1807,0.1809,0.181,0.1811,0.1812,0.1813,0.1814,0.1815,0.1816,0.1817,0.1818,0.182,0.1821,0.1822,0.1823,0.1824,0.1825,0.1826,0.1827,0.1828,0.183,0.1831,0.1832,0.1833,0.1834,0.1835,0.1836,0.1837,0.1838,0.184,0.1841,0.1842,0.1843,0.1844,0.1845,0.1846,0.1848,0.1849,0.185,0.1851,0.1852,0.1853,0.1854,0.1856,0.1857,0.1858,0.1859,0.186,0.1861,0.1862,0.1864,0.1865,0.1866,0.1867,0.1868,0.1869,0.1871,0.1872,0.1873,0.1874,0.1875,0.1876,0.1878,0.1879,0.188,0.1881,0.1882,0.1883,0.1885,0.1886,0.1887,0.189,0.1893,0.1897,0.19,0.1903,0.1907,0.191,0.1913,0.1916,0.192,0.1923,0.1927,0.193,0.1933,0.1937,0.194,0.1944,0.1948,0.1952,0.1956,0.196,0.1964,0.1968,0.1972,0.1976,0.1981,0.1985,0.1985,0.1986,0.1987,0.1987,0.1988,0.1989,0.199,0.199,0.1991,0.1992,0.1993,0.1994,0.1995,0.1996,0.1997,0.1998,0.1999,0.2,0.2001,0.2002,0.2003,0.2004,0.2005,0.2006,0.2007,0.2008,0.2009,0.201,0.2011,0.2012,0.2013,0.2014,0.2015,0.2016,0.2017
0.1700,0.17,0.1701,0.1702,0.1703,0.1704,0.1704,0.1705,0.1706,0.1707,0.1707,0.1708,0.1709,0.171,0.1711,0.1711,0.1712,0.1713,0.1714,0.1714,0.1715,0.1716,0.1717,0.1718,0.1718,0.1719,0.172,0.1721,0.1722,0.1722,0.1723,0.1724,0.1725,0.1726,0.1726,0.1727,0.1728,0.1729,0.173,0.173,0.1731,0.1732,0.1733,0.1734,0.1734,0.1735,0.1736,0.1737,0.1738,0.1739,0.1739,0.174,0.1741,0.1742,0.1743,0.1743,0.1744,0.1745,0.1746,0.1747,0.1747,0.1748,0.1749,0.175,0.1751,0.1752,0.1752,0.1753,0.1754,0.1755,0.1756,0.1757,0.1757,0.1758,0.1759,0.176,0.1761,0.1762,0.1763,0.1764,0.1765,0.1766,0.1767,0.1768,0.1769,0.177,0.1771,0.1772,0.1773,0.1774,0.1775,0.1776,0.1777,0.1778,0.178,0.1781,0.1782,0.1783,0.1784,0.1785,0.1786,0.1787,0.1788,0.1789,0.179,0.1791,0.1792,0.1793,0.1794,0.1795,0.1797,0.1798,0.1799,0.18,0.1801,0.1802,0.1803,0.1804,0.1805,0.1806,0.1807,0.1808,0.181,0.1811,0.1812,0.1813,0.1814,0.1815,0.1816,0.1817,0.1818,0.1819,0.1821,0.1822,0.1823,0.1824,0.1825,0.1826,0.1827,0.1828,0.1829,0.183,0.1832,0.1833,0.1834,0.1835,0.1836,0.1837,0.1838,0.1839,0.1841,0.1842,0.1843,0.1844,0.1845,0.1846,0.1847,0.1849,0.185,0.1851,0.1852,0.1853,0.1854,0.1855,0.1857,0.1858,0.1859,0.186,0.1861,0.1862,0.1863,0.1865,0.1866,0.1867,0.1868,0.1869,0.187,0.1872,0.1873,0.1874,0.1875,0.1876,0.1877,0.1879,0.188,0.1881,0.1882,0.1883,0.1884,0.1886,0.1887,0.1888,0.1889,0.1891,0.1894,0.1897,0.1901,0.1904,0.1907,0.1911,0.1914,0.1917,0.1921,0.1924,0.1927,0.1931,0.1934,0.1937,0.1941,0.1945,0.1949,0.1953,0.1957,0.1961,0.1965,0.1969,0.1973,0.1977,0.1981,0.1985,0.1988,0.1989,0.199,0.1991,0.1991,0.1992,0.1993,0.1993,0.1994,0.1995,0.1996,0.1997,0.1998,0.1999,0.2,0.2,0.2001,0.2002,0.2003,0.2004,0.2005,0.2006,0.2007,0.2008,0.2009,0.201,0.2011,0.2012,0.2013,0.2014,0.2015,0.2017,0.2018,0.2019,0.202,0.2021
0.1702,0.1703,0.1704,0.1704,0.1705,0.1706,0.1707,0.1707,0.1708,0.1709,0.171,0.1711,0.1711,0.1712,0.1713,0.1714,0.1715,0.1715,0.1716,0.1717,0.1718,0.1718,0.1719,0.172,0.1721,0.1722,0.1722,0.1723,0.1724,0.1725,0.1726,0.1726,0.1727,0.1728,0.1729,0.173,0.173,0.1731,0.1732,0.1733,0.1734,0.1734,0.1735,0.1736,0.1737,0.1738,0.1739,0.1739,0.174,0.1741,0.1742,0.1743,0.1743,0.1744,0.1745,0.1746,0.1747,0.1747,0.1748,0.1749,0.175,0.1751,0.1752,0.1752,0.1753,0.1754,0.1755,0.1756,0.1757,0.1757,0.1758,0.1759,0.176,0.1761,0.1762,0.1763,0.1764,0.1765,0.1766,0.1767,0.1768,0.1769,0.177,0.1771,0.1772,0.1773,0.1774,0.1775,0.1776,0.1777,0.1778,0.1779,0.178,0.1781,0.1783,0.1784,0.1785,0.1786,0.1787,0.1788,0.1789,0.179,0.1791,0.1792,0.1793,0.1794,0.1795,0.1796,0.1797,0.1799,0.18,0.1801,0.1802,0.1803,0.1804,0.1805,0.1806,0.1807,0.1808,0.1809,0.181,0.1812,0.1813,0.1814,0.1815,0.1816,0.1817,0.1818,0.1819,0.182,0.1821,0.1823,0.1824,0.1825,0.1826,0.1827,0.1828,0.1829,0.183,0.1831,0.1833,0.1834,0.1835,0.1836,0.1837,0.1838,0.1839,0.184,0.1842,0.1843,0.1844,0.1845,0.1846,0.1847,0.1848,0.185,0.1851,0.1852,0.1853,0.1854,0.1855,0.1856,0.1858,0.1859,0.186,0.1861,0.1862,0.1863,0.1864,0.1866,0.1867,0.1868,0.1869,0.187,0.1871,0.1873,0.1874,0.1875,0.1876,0.1877,0.1878,0.188,0.1881,0.1882,0.1883,0.1884,0.1886,0.1887,0.1888,0.1889,0.189,0.1891,0.1893,0.1895,0.1898,0.1902,0.1905,0.1908,0.1911,0.1915,0.1918,0.1921,0.1925,0.1928,0.1932,0.1935,0.1938,0.1942,0.1945,0.1949,0.1953,0.1957,0.1961,0.1965,0.1969,0.1974,0.1978,0.1982,0.1986,0.199,0.1992,0.1993,0.1994,0.1994,0.1995,0.1996,0.1996,0.1997,0.1998,0.1999,0.1999,0.2,0.2001,0.2002,0.2003,0.2004,0.2005,0.2006,0.2007,0.2008,0.2009,0.201,0.2011,0.2012,0.2013,0.2014,0.2015,0.2016,0.2017,0.2018,0.2019,0.202,0.2021,0.2022,0.2023,0.2025
0.1704,0.1705,0.1706,0.1707,0.1707,0.1708,0.1709,0.171,0.1711,0.1711,0.1712,0.1713,0.1714,0.1715,0.1715,0.1716,0.1717,0.1718,0.1718,0.1719,0.172,0.1721,0.1722,0.1722,0.1723,0.1724,0.1725,0.1726,0.1726,0.1727,0.1728,0.1729,0.173,0.173,0.1731,0.1732,0.1733,0.1734,0.1734,0.1735,0.1736,0.1737,0.1738,0.1739,0.1739,0.174,0.1741,0.1742,0.1743,0.1743,0.1744,0.1745,0.1746,0.1747,0.1748,0.1748,0.1749,0.175,0.1751,0.1752,0.1752,0.1753,0.1754,0.1755,0.1756,0.1757,0.1757,0.1758,0.1759,0.176,0.1761,0.1762,0.1763,0.1764,0.1765,0.1766,0.1767,0.1768,0.1769,0.177,0.1771,0.1772,0.1773,0.1774,0.1775,0.1776,0.1777,0.1778,0.1779,0.178,0.1781,0.1782,0.1783,0.1785,0.1786,0.1787,0.1788,0.1789,0.179,0.1791,0.1792,0.1793,0.1794,0.1795,0.1796,0.1797,0.1798,0.18,0.1801,0.1802,0.1803,0.1804,0.1805,0.1806,0.1807,0.1808,0.1809,0.181,0.1811,0.1813,0.1814,0.1815,0.1816,0.1817,0.1818,0.1819,0.182,0.1821,0.1822,0.1824,0.1825,0.1826,0.1827,0.1828,0.1829,0.183,0.1831,0.1832,0.1834,0.1835,0.1836,0.1837,0.1838,0.1839,0.184,0.1841,0.1843,0.1844,0.1845,0.1846,0.1847,0.1848,0.1849,0.1851,0.1852,0.1853,0.1854,0.1855,0.1856,0.1857,0.1859,0.186,0.1861,0.1862,0.1863,0.1864,0.1865,0.1867,0.1868,0.1869,0.187,0.1871,0.1872,0.1874,0.1875,0.1876,0.1877,0.1878,0.1879,0.1881,0.1882,0.1883,0.1884,0.1885,0.1887,0.1888,0.1889,0.189,0.1891,0.1893,0.1894,0.1895,0.1896,0.1899,0.1902,0.1906,0.1909,0.1912,0.1916,0.1919,0.1922,0.1926,0.1929,0.1932,0.1936,0.1939,0.1943,0.1946,0.195,0.1954,0.1958,0.1962,0.1966,0.197,0.1974,0.1978,0.1982,0.1986,0.1991,0.1995,0.1996,0.1997,0.1998,0.1998,0.1999,0.2,0.2,0.2001,0.2002,0.2002,0.2003,0.2004,0.2005,0.2006,0.2007,0.2008,0.2009,0.201,0.2011,0.2012,0.2013,0.2014,0.2015,0.2016,0.2017,0.2018,0.2019,0.202,0.2021,0.2022,0.2023,0.2024,0.2025,0.2026,0.2027,0.2028
0.1707,0.1707,0.1708,0.1709,0.171,0.1711,0.1711,0.1712,0.1713,0.1714,0.1715,0.1715,0.1716,0.1717,0.1718,0.1719,0.1719,0.172,0.1721,0.1722,0.1722,0.1723,0.1724,0.1725,0.1726,0.1726,0.1727,0.1728,0.1729,0.173,0.173,0.1731,0.1732,0.1733,0.1734,0.1735,0.1735,0.1736,0.1737,0.1738,0.1739,0.1739,0.174,0.1741,0.1742,0.1743,0.1743,0.1744,0.1745,0.1746,0.1747,0.1748,0.1748,0.1749,0.175,0.1751,0.1752,0.1752,0.1753,0.1754,0.1755,0.1756,0.1757,0.1757,0.1758,0.1759,0.176,0.1761,0.1762,0.1762,0.1763,0.1764,0.1766,0.1767,0.1768,0.1769,0.177,0.1771,0.1772,0.1773,0.1774,0.1775,0.1776,0.1777,0.1778,0.1779,0.178,0.1781,0.1782,0.1783,0.1784,0.1785,0.1787,0.1788,0.1789,0.179,0.1791,0.1792,0.1793,0.1794,0.1795,0.1796,0.1797,0.1798,0.1799,0.18,0.1802,0.1803,0.1804,0.1805,0.1806,0.1807,0.1808,0.1809,0.181,0.1811,0.1812,0.1814,0.1815,0.1816,0.1817,0.1818,0.1819,0.182,0.1821,0.1822,0.1823,0.1825,0.1826,0.1827,0.1828,0.1829,0.183,0.1831,0.1832,0.1833,0.1835,0.1836,0.1837,0.1838,0.1839,0.184,0.1841,0.1842,0.1844,0.1845,0.1846,0.1847,0.1848,0.1849,0.185,0.1852,0.1853,0.1854,0.1855,0.1856,0.1857,0.1858,0.186,0.1861,0.1862,0.1863,0.1864,0.1865,0.1866,0.1868,0.1869,0.187,0.1871,0.1872,0.1873,0.1875,0.1876,0.1877,0.1878,0.1879,0.1881,0.1882,0.1883,0.1884,0.1885,0.1886,0.1888,0.1889,0.189,0.1891,0.1892,0.1894,0.1895,0.1896,0.1897,0.1898,0.19,0.1903,0.1906,0.191,0.1913,0.1916,0.192,0.1923,0.1926,0.193,0.1933,0.1937,0.194,0.1943,0.1947,0.195,0.1954,0.1958,0.1962,0.1966,0.1971,0.1975,0.1979,0.1983,0.1987,0.1991,0.1995,0.1999,0.2,0.2001,0.2001,0.2002,0.2003,0.2003,0.2004,0.2005,0.2006,0.2006,0.2007,0.2008,0.2009,0.201,0.2011,0.2012,0.2013,0.2014,0.2015,0.2016,0.2017,0.2018,0.2019,0.202,0.2021,0.2022,0.2023,0.2024,0.2025,0.2026,0.2027,0.2028,0.2029,0.203,0.2031,0.2032
0.1709,0.171,0.1711,0.1711,0.1712,0.1713,0.1714,0.1715,0.1715,0.1716,0.1717,0.1718,0.1719,0.1719,0.172,0.1721,0.1722,0.1722,0.1723,0.1724,0.1725,0.1726,0.1726,0.1727,0.1728,0.1729,0.173,0.173,0.1731,0.1732,0.1733,0.1734,0.1735,0.1735,0.1736,0.1737,0.1738,0.1739,0.1739,0.174,0.1741,0.1742,0.1743,0.1743,0.1744,0.1745,0.1746,0.1747,0.1748,0.1748,0.1749,0.175,0.1751,0.1752,0.1752,0.1753,0.1754,0.1755,0.1756,0.1757,0.1757,0.1758,0.1759,0.176,0.1761,0.1762,0.1762,0.1763,0.1764,0.1765,0.1766,0.1767,0.1769,0.177,0.1771,0.1772,0.1773,0.1774,0.1775,0.1776,0.1777,0.1778,0.1779,0.178,0.1781,0.1782,0.1783,0.1784,0.1785,0.1786,0.1787,0.1789,0.179,0.1791,0.1792,0.1793,0.1794,0.1795,0.1796,0.1797,0.1798,0.1799,0.18,0.1801,0.1802,0.1804,0.1805,0.1806,0.1807,0.1808,0.1809,0.181,0.1811,0.1812,0.1813,0.1814,0.1816,0.1817,0.1818,0.1819,0.182,0.1821,0.1822,0.1823,0.1824,0.1825,0.1827,0.1828,0.1829,0.183,0.1831,0.1832,0.1833,0.1834,0.1836,0.1837,0.1838,0.1839,0.184,0.1841,0.1842,0.1843,0.1845,0.1846,0.1847,0.1848,0.1849,0.185,0.1851,0.1853,0.1854,0.1855,0.1856,0.1857,0.1858,0.1859,0.1861,0.1862,0.1863,0.1864,0.1865,0.1866,0.1867,0.1869,0.187,0.1871,0.1872,0.1873,0.1874,0.1876,0.1877,0.1878,0.1879,0.188,0.1882,0.1883,0.1884,0.1885,0.1886,0.1887,0.1889,0.189,0.1891,0.1892,0.1893,0.1895,0.1896,0.1897,0.1898,0.1899,0.1901,0.1902,0.1904,0.1907,0.191,0.1914,0.1917,0.192,0.1924,0.1927,0.1931,0.1934,0.1937,0.1941,0.1944,0.1948,0.1951,0.1955,0.1959,0.1963,0.1967,0.1971,0.1975,0.1979,0.1983,0.1988,0.1992,0.1996,0.2,0.2003,0.2004,0.2005,0.2005,0.2006,0.2007,0.2007,0.2008,0.2009,0.2009,0.201,0.2011,0.2012,0.2013,0.2014,0.2015,0.2016,0.2017,0.2018,0.2019,0.202,0.2021,0.2022,0.2023,0.2024,0.2025,0.2026,0.2027,0.2028,0.2029,0.203,0.2031,0.2032,0.2033,0.2034,0.2035,0.2036
0.1711,0.1712,0.1713,0.1714,0.1715,0.1715,0.1716,0.1717,0.1718,0.1719,0.1719,0.172,0.1721,0.1722,0.1723,0.1723,0.1724,0.1725,0.1726,0.1727,0.1727,0.1728,0.1729,0.173,0.1731,0.1731,0.1732,0.1733,0.1734,0.1735,0.1735,0.1736,0.1737,0.1738,0.1739,0.1739,0.174,0.1741,0.1742,0.1743,0.1743,0.1744,0.1745,0.1746,0.1747,0.1748,0.1748,0.1749,0.175,0.1751,0.1752,0.1753,0.1753,0.1754,0.1755,0.1756,0.1757,0.1757,0.1758,0.1759,0.176,0.1761,0.1762,0.1762,0.1763,0.1764,0.1765,0.1766,0.1767,0.1768,0.1769,0.177,0.1772,0.1773,0.1774,0.1775,0.1776,0.1777,0.1778,0.1779,0.178,0.1781,0.1782,0.1783,0.1784,0.1785,0.1786,0.1787,0.1788,0.1789,0.1791,0.1792,0.1793,0.1794,0.1795,0.1796,0.1797,0.1798,0.1799,0.18,0.1801,0.1802,0.1803,0.1805,0.1806,0.1807,0.1808,0.1809,0.181,0.1811,0.1812,0.1813,0.1814,0.1815,0.1817,0.1818,0.1819,0.182,0.1821,0.1822,0.1823,0.1824,0.1825,0.1826,0.1828,0.1829,0.183,0.1831,0.1832,0.1833,0.1834,0.1835,0.1837,0.1838,0.1839,0.184,0.1841,0.1842,0.1843,0.1844,0.1846,0.1847,0.1848,0.1849,0.185,0.1851,0.1852,0.1854,0.1855,0.1856,0.1857,0.1858,0.1859,0.186,0.1862,0.1863,0.1864,0.1865,0.1866,0.1867,0.1869,0.187,0.1871,0.1872,0.1873,0.1874,0.1876,0.1877,0.1878,0.1879,0.188,0.1881,0.1883,0.1884,0.1885,0.1886,0.1887,0.1888,0.189,0.1891,0.1892,0.1893,0.1894,0.1896,0.1897,0.1898,0.1899,0.19,0.1902,0.1903,0.1904,0.1905,0.1908,0.1911,0.1915,0.1918,0.1921,0.1925,0.1928,0.1931,0.1935,0.1938,0.1942,0.1945,0.1948,0.1952,0.1955,0.1959,0.1964,0.1968,0.1972,0.1976,0.198,0.1984,0.1988,0.1992,0.1996,0.2001,0.2005,0.2007,0.2008,0.2008,0.2009,0.201,0.2011,0.2011,0.2012,0.2013,0.2013,0.2014,0.2015,0.2016,0.2017,0.2018,0.2019,0.202,0.2021,0.2022,0.2023,0.2024,0.2025,0.2026,0.2027,0.2028,0.2029,0.203,0.2031,0.2032,0.2033,0.2034,0.2035,0.2036,0.2037,0.2038,0.2039,0.204
0.1714,0.1715,0.1715,0.1716,0.1717,0.1718,0.1719,0.1719,0.172,0.1721,0.1722,0.1723,0.1723,0.1724,0.1725,0.1726,0.1727,0.1727,0.1728,0.1729,0.173,0.1731,0.1731,0.1732,0.1733,0.1734,0.1735,0.1735,0.1736,0.1737,0.1738,0.1739,0.1739,0.174,0.1741,0.1742,0.1743,0.1744,0.1744,0.1745,0.1746,0.1747,0.1748,0.1748,0.1749,0.175,0.1751,0.1752,0.1753,0.1753,0.1754,0.1755,0.1756,0.1757,0.1757,0.1758,0.1759,0.176,0.1761,0.1762,0.1762,0.1763,0.1764,0.1765,0.1766,0.1767,0.1768,0.1769,0.177,0.1771,0.1772,0.1773,0.1775,0.1776,0.1777,0.1778,0.1779,0.178,0.1781,0.1782,0.1783,0.1784,0.1785,0.1786,0.1787,0.1788,0.1789,0.179,0.1791,0.1793,0.1794,0.1795,0.1796,0.1797,0.1798,0.1799,0.18,0.1801,0.1802,0.1803,0.1804,0.1805,0.1807,0.1808,0.1809,0.181,0.1811,0.1812,0.1813,0.1814,0.1815,0.1816,0.1817,0.1819,0.182,0.1821,0.1822,0.1823,0.1824,0.1825,0.1826,0.1827,0.1829,0.183,0.1831,0.1832,0.1833,0.1834,0.1835,0.1836,0.1838,0.1839,0.184,0.1841,0.1842,0.1843,0.1844,0.1845,0.1847,0.1848,0.1849,0.185,0.1851,0.1852,0.1853,0.1855,0.1856,0.1857,0.1858,0.1859,0.186,0.1861,0.1863,0.1864,0.1865,0.1866,0.1867,0.1868,0.187,0.1871,0.1872,0.1873,0.1874,0.1875,0.1877,0.1878,0.1879,0.188,0.1881,0.1882,0.1884,0.1885,0.1886,0.1887,0.1888,0.189,0.1891,0.1892,0.1893,0.1894,0.1895,0.1897,0.1898,0.1899,0.19,0.1901,0.1903,0.1904,0.1905,0.1906,0.1908,0.1909,0.1912,0.1915,0.1919,0.1922,0.1925,0.1929,0.1932,0.1936,0.1939,0.1942,0.1946,0.1949,0.1953,0.1956,0.196,0.1964,0.1968,0.1972,0.1976,0.198,0.1985,0.1989,0.1993,0.1997,0.2001,0.2005,0.201,0.2011,0.2012,0.2012,0.2013,0.2014,0.2014,0.2015,0.2016,0.2017,0.2017,0.2018,0.2019,0.202,0.2021,0.2022,0.2023,0.2024,0.2025,0.2026,0.2027,0.2028,0.2029,0.203,0.2031,0.2032,0.2033,0.2034,0.2035,0.2036,0.2037,0.2038,0.2039,0.204,0.2041,0.2042,0.2044,0.2045
0.1716,0.1717,0.1718,0.1719,0.1719,0.172,0.1721,0.1722,0.1723,0.1723,0.1724,0.1725,0.1726,0.1727,0.1727,0.1728,0.1729,0.173,0.1731,0.1731,0.1732,0.1733,0.1734,0.1735,0.1735,0.1736,0.1737,0.1738,0.1739,0.1739,0.174,0.1741,0.1742,0.1743,0.1744,0.1744,0.1745,0.1746,0.1747,0.1748,0.1748,0.1749,0.175,0.1751,0.1752,0.1753,0.1753,0.1754,0.1755,0.1756,0.1757,0.1758,0.1758,0.1759,0.176,0.1761,0.1762,0.1763,0.1763,0.1764,0.1765,0.1766,0.1767,0.1768,0.1769,0.177,0.1771,0.1772,0.1773,0.1774,0.1775,0.1776,0.1778,0.1779,0.178,0.1781,0.1782,0.1783,0.1784,0.1785,0.1786,0.1787,0.1788,0.1789,0.179,0.1791,0.1792,0.1793,0.1795,0.1796,0.1797,0.1798,0.1799,0.18,0.1801,0.1802,0.1803,0.1804,0.1805,0.1806,0.1808,0.1809,0.181,0.1811,0.1812,0.1813,0.1814,0.1815,0.1816,0.1817,0.1818,0.182,0.1821,0.1822,0.1823,0.1824,0.1825,0.1826,0.1827,0.1828,0.183,0.1831,0.1832,0.1833,0.1834,0.1835,0.1836,0.1837,0.1838,0.184,0.1841,0.1842,0.1843,0.1844,0.1845,0.1846,0.1848,0.1849,0.185,0.1851,0.1852,0.1853,0.1854,0.1856,0.1857,0.1858,0.1859,0.186,0.1861,0.1862,0.1864,0.1865,0.1866,0.1867,0.1868,0.1869,0.1871,0.1872,0.1873,0.1874,0.1875,0.1876,0.1878,0.1879,0.188,0.1881,0.1882,0.1883,0.1885,0.1886,0.1887,0.1888,0.1889,0.1891,0.1892,0.1893,0.1894,0.1895,0.1897,0.1898,0.1899,0.19,0.1901,0.1903,0.1904,0.1905,0.1906,0.1907,0.1909,0.191,0.1911,0.1913,0.1916,0.192,0.1923,0.1926,0.193,0.1933,0.1936,0.194,0.1943,0.1947,0.195,0.1954,0.1957,0.1961,0.1965,0.1969,0.1973,0.1977,0.1981,0.1985,0.1989,0.1993,0.1998,0.2002,0.2006,0.201,0.2014,0.2015,0.2015,0.2016,0.2017,0.2018,0.2018,0.2019,0.202,0.202,0.2021,0.2022,0.2023,0.2024,0.2025,0.2026,0.2027,0.2028,0.2029,0.203,0.2031,0.2032,0.2033,0.2034,0.2035,0.2036,0.2037,0.2038,0.2039,0.204,0.2041,0.2042,0.2043,0.2044,0.2045,0.2047,0.2048,0.2049
0.1719,0.1719,0.172,0.1721,0.1722,0.1723,0.1723,0.1724,0.1725,0.1726,0.1727,0.1727,0.1728,0.1729,0.173,0.1731,0.1731,0.1732,0.1733,0.1734,0.1735,0.1735,0.1736,0.1737,0.1738,0.1739,0.1739,0.174,0.1741,0.1742,0.1743,0.1744,0.1744,0.1745,0.1746,0.1747,0.1748,0.1748,0.1749,0.175,0.1751,0.1752,0.1753,0.1753,0.1754,0.1755,0.1756,0.1757,0.1758,0.1758,0.1759,0.176,0.1761,0.1762,0.1763,0.1763,0.1764,0.1765,0.1766,0.1767,0.1768,0.1769,0.177,0.1771,0.1772,0.1773,0.1774,0.1775,0.1776,0.1777,0.1778,0.178,0.1781,0.1782,0.1783,0.1784,0.1785,0.1786,0.1787,0.1788,0.1789,0.179,0.1791,0.1792,0.1793,0.1794,0.1795,0.1797,0.1798,0.1799,0.18,0.1801,0.1802,0.1803,0.1804,0.1805,0.1806,0.1807,0.1808,0.181,0.1811,0.1812,0.1813,0.1814,0.1815,0.1816,0.1817,0.1818,0.1819,0.1821,0.1822,0.1823,0.1824,0.1825,0.1826,0.1827,0.1828,0.1829,0.1831,0.1832,0.1833,0.1834,0.1835,0.1836,0.1837,0.1838,0.1839,0.1841,0.1842,0.1843,0.1844,0.1845,0.1846,0.1847,0.1849,0.185,0.1851,0.1852,0.1853,0.1854,0.1855,0.1857,0.1858,0.1859,0.186,0.1861,0.1862,0.1863,0.1865,0.1866,0.1867,0.1868,0.1869,0.187,0.1872,0.1873,0.1874,0.1875,0.1876,0.1877,0.1879,0.188,0.1881,0.1882,0.1883,0.1884,0.1886,0.1887,0.1888,0.1889,0.189,0.1892,0.1893,0.1894,0.1895,0.1896,0.1898,0.1899,0.19,0.1901,0.1902,0.1904,0.1905,0.1906,0.1907,0.1908,0.191,0.1911,0.1912,0.1913,0.1915,0.1917,0.192,0.1924,0.1927,0.193,0.1934,0.1937,0.1941,0.1944,0.1947,0.1951,0.1954,0.1958,0.1961,0.1965,0.1969,0.1973,0.1977,0.1982,0.1986,0.199,0.1994,0.1998,0.2002,0.2007,0.2011,0.2015,0.2018,0.2019,0.2019,0.202,0.2021,0.2022,0.2022,0.2023,0.2024,0.2024,0.2025,0.2026,0.2027,0.2028,0.2029,0.203,0.2031,0.2032,0.2033,0.2034,0.2035,0.2036,0.2037,0.2038,0.2039,0.204,0.2041,0.2042,0.2043,0.2044,0.2045,0.2046,0.2047,0.2048,0.205,0.2051,0.2052,0.2053
0.1721,0.1722,0.1723,0.1723,0.1724,0.1725,0.1726,0.1727,0.1727,0.1728,0.1729,0.173,0.1731,0.1731,0.1732,0.1733,0.1734,0.1735,0.1735,0.1736,0.1737,0.1738,0.1739,0.1739,0.174,0.1741,0.1742,0.1743,0.1744,0.1744,0.1745,0.1746,0.1747,0.1748,0.1748,0.1749,0.175,0.1751,0.1752,0.1753,0.1753,0.1754,0.1755,0.1756,0.1757,0.1758,0.1758,0.1759,0.176,0.1761,0.1762,0.1763,0.1763,0.1764,0.1765,0.1766,0.1767,0.1768,0.1769,0.177,0.1771,0.1772,0.1773,0.1774,0.1775,0.1776,0.1777,0.1778,0.1779,0.178,0.1782,0.1783,0.1784,0.1785,0.1786,0.1787,0.1788,0.1789,0.179,0.1791,0.1792,0.1793,0.1794,0.1795,0.1796,0.1797,0.1799,0.18,0.1801,0.1802,0.1803,0.1804,0.1805,0.1806,0.1807,0.1808,0.1809,0.1811,0.1812,0.1813,0.1814,0.1815,0.1816,0.1817,0.1818,0.1819,0.182,0.1821,0.1823,0.1824,0.1825,0.1826,0.1827,0.1828,0.1829,0.183,0.1831,0.1833,0.1834,0.1835,0.1836,0.1837,0.1838,0.1839,0.184,0.1842,0.1843,0.1844,0.1845,0.1846,0.1847,0.1848,0.185,0.1851,0.1852,0.1853,0.1854,0.1855,0.1856,0.1858,0.1859,0.186,0.1861,0.1862,0.1863,0.1864,0.1866,0.1867,0.1868,0.1869,0.187,0.1871,0.1873,0.1874,0.1875,0.1876,0.1877,0.1878,0.188,0.1881,0.1882,0.1883,0.1884,0.1886,0.1887,0.1888,0.1889,0.189,0.1891,0.1893,0.1894,0.1895,0.1896,0.1897,0.1899,0.19,0.1901,0.1902,0.1903,0.1905,0.1906,0.1907,0.1908,0.191,0.1911,0.1912,0.1913,0.1914,0.1916,0.1917,0.1918,0.1921,0.1924,0.1928,0.1931,0.1935,0.1938,0.1941,0.1945,0.1948,0.1952,0.1955,0.1959,0.1962,0.1966,0.197,0.1974,0.1978,0.1982,0.1986,0.199,0.1995,0.1999,0.2003,0.2007,0.2011,0.2016,0.202,0.2022,0.2023,0.2023,0.2024,0.2025,0.2025,0.2026,0.2027,0.2028,0.2028,0.2029,0.203,0.2031,0.2032,0.2033,0.2034,0.2035,0.2036,0.2037,0.2038,0.2039,0.204,0.2041,0.2042,0.2043,0.2044,0.2045,0.2046,0.2047,0.2048,0.2049,0.205,0.2052,0.2053,0.2054,0.2055,0.2056,0.2057
0.1723,0.1724,0.1725,0.1726,0.1727,0.1727,0.1728,0.1729,0.173,0.1731,0.1731,0.1732,0.1733,0.1734,0.1735,0.1735,0.1736,0.1737,0.1738,0.1739,0.174,0.174,0.1741,0.1742,0.1743,0.1744,0.1744,0.1745,0.1746,0.1747,0.1748,0.1748,0.1749,0.175,0.1751,0.1752,0.1753,0.1753,0.1754,0.1755,0.1756,0.1757,0.1758,0.1758,0.1759,0.176,0.1761,0.1762,0.1763,0.1763,0.1764,0.1765,0.1766,0.1767,0.1768,0.1769,0.177,0.1771,0.1772,0.1773,0.1774,0.1775,0.1776,0.1777,0.1778,0.1779,0.178,0.1781,0.1782,0.1783,0.1785,0.1786,0.1787,0.1788,0.1789,0.179,0.1791,0.1792,0.1793,0.1794,0.1795,0.1796,0.1797,0.1798,0.18,0.1801,0.1802,0.1803,0.1804,0.1805,0.1806,0.1807,0.1808,0.1809,0.181,0.1811,0.1813,0.1814,0.1815,0.1816,0.1817,0.1818,0.1819,0.182,0.1821,0.1822,0.1824,0.1825,0.1826,0.1827,0.1828,0.1829,0.183,0.1831,0.1832,0.1834,0.1835,0.1836,0.1837,0.1838,0.1839,0.184,0.1841,0.1843,0.1844,0.1845,0.1846,0.1847,0.1848,0.1849,0.1851,0.1852,0.1853,0.1854,0.1855,0.1856,0.1857,0.1859,0.186,0.1861,0.1862,0.1863,0.1864,0.1865,0.1867,0.1868,0.1869,0.187,0.1871,0.1872,0.1874,0.1875,0.1876,0.1877,0.1878,0.1879,0.1881,0.1882,0.1883,0.1884,0.1885,0.1887,0.1888,0.1889,0.189,0.1891,0.1893,0.1894,0.1895,0.1896,0.1897,0.1898,0.19,0.1901,0.1902,0.1903,0.1905,0.1906,0.1907,0.1908,0.1909,0.1911,0.1912,0.1913,0.1914,0.1915,0.1917,0.1918,0.1919,0.192,0.1922,0.1925,0.1929,0.1932,0.1935,0.1939,0.1942,0.1946,0.1949,0.1953,0.1956,0.196,0.1963,0.1967,0.197,0.1974,0.1979,0.1983,0.1987,0.1991,0.1995,0.1999,0.2004,0.2008,0.2012,0.2016,0.2021,0.2025,0.2026,0.2027,0.2027,0.2028,0.2029,0.2029,0.203,0.2031,0.2032,0.2032,0.2033,0.2034,0.2035,0.2036,0.2037,0.2038,0.2039,0.204,0.2041,0.2042,0.2043,0.2044,0.2045,0.2046,0.2047,0.2048,0.2049,0.205,0.2051,0.2052,0.2054,0.2055,0.2056,0.2057,0.2058,0.2059,0.206,0.2061
0.1726,0.1727,0.1727,0.1728,0.1729,0.173,0.1731,0.1731,0.1732,0.1733,0.1734,0.1735,0.1735,0.1736,0.1737,0.1738,0.1739,0.174,0.174,0.1741,0.1742,0.1743,0.1744,0.1744,0.1745,0.1746,0.1747,0.1748,0.1749,0.1749,0.175,0.1751,0.1752,0.1753,0.1753,0.1754,0.1755,0.1756,0.1757,0.1758,0.1758,0.1759,0.176,0.1761,0.1762,0.1763,0.1763,0.1764,0.1765,0.1766,0.1767,0.1768,0.1769,0.177,0.1771,0.1772,0.1773,0.1774,0.1775,0.1776,0.1777,0.1778,0.1779,0.178,0.1781,0.1782,0.1783,0.1784,0.1785,0.1787,0.1788,0.1789,0.179,0.1791,0.1792,0.1793,0.1794,0.1795,0.1796,0.1797,0.1798,0.1799,0.18,0.1802,0.1803,0.1804,0.1805,0.1806,0.1807,0.1808,0.1809,0.181,0.1811,0.1812,0.1814,0.1815,0.1816,0.1817,0.1818,0.1819,0.182,0.1821,0.1822,0.1823,0.1825,0.1826,0.1827,0.1828,0.1829,0.183,0.1831,0.1832,0.1833,0.1835,0.1836,0.1837,0.1838,0.1839,0.184,0.1841,0.1842,0.1844,0.1845,0.1846,0.1847,0.1848,0.1849,0.185,0.1852,0.1853,0.1854,0.1855,0.1856,0.1857,0.1858,0.186,0.1861,0.1862,0.1863,0.1864,0.1865,0.1866,0.1868,0.1869,0.187,0.1871,0.1872,0.1873,0.1875,0.1876,0.1877,0.1878,0.1879,0.1881,0.1882,0.1883,0.1884,0.1885,0.1886,0.1888,0.1889,0.189,0.1891,0.1892,0.1894,0.1895,0.1896,0.1897,0.1898,0.19,0.1901,0.1902,0.1903,0.1904,0.1906,0.1907,0.1908,0.1909,0.191,0.1912,0.1913,0.1914,0.1915,0.1917,0.1918,0.1919,0.192,0.1921,0.1923,0.1924,0.1926,0.1929,0.1933,0.1936,0.194,0.1943,0.1947,0.195,0.1953,0.1957,0.196,0.1964,0.1967,0.1971,0.1975,0.1979,0.1983,0.1987,0.1992,0.1996,0.2,0.2004,0.2008,0.2013,0.2017,0.2021,0.2025,0.2029,0.203,0.2031,0.2031,0.2032,0.2033,0.2033,0.2034,0.2035,0.2036,0.2036,0.2037,0.2038,0.2039,0.204,0.2041,0.2042,0.2043,0.2044,0.2045,0.2046,0.2047,0.2048,0.2049,0.205,0.2051,0.2052,0.2053,0.2054,0.2055,0.2057,0.2058,0.2059,0.206,0.2061,0.2062,0.2063,0.2064,0.2065
0.1728,0.1729,0.173,0.1731,0.1731,0.1732,0.1733,0.1734,0.1735,0.1735,0.1736,0.1737,0.1738,0.1739,0.174,0.174,0.1741,0.1742,0.1743,0.1744,0.1744,0.1745,0.1746,0.1747,0.1748,0.1749,0.1749,0.175,0.1751,0.1752,0.1753,0.1753,0.1754,0.1755,0.1756,0.1757,0.1758,0.1758,0.1759,0.176,0.1761,0.1762,0.1763,0.1763,0.1764,0.1765,0.1766,0.1767,0.1768,0.1769,0.177,0.1771,0.1772,0.1773,0.1774,0.1775,0.1776,0.1777,0.1778,0.1779,0.178,0.1781,0.1782,0.1783,0.1784,0.1785,0.1786,0.1787,0.1789,0.179,0.1791,0.1792,0.1793,0.1794,0.1795,0.1796,0.1797,0.1798,0.1799,0.18,0.1801,0.1802,0.1804,0.1805,0.1806,0.1807,0.1808,0.1809,0.181,0.1811,0.1812,0.1813,0.1814,0.1816,0.1817,0.1818,0.1819,0.182,0.1821,0.1822,0.1823,0.1824,0.1825,0.1827,0.1828,0.1829,0.183,0.1831,0.1832,0.1833,0.1834,0.1836,0.1837,0.1838,0.1839,0.184,0.1841,0.1842,0.1843,0.1845,0.1846,0.1847,0.1848,0.1849,0.185,0.1851,0.1853,0.1854,0.1855,0.1856,0.1857,0.1858,0.1859,0.1861,0.1862,0.1863,0.1864,0.1865,0.1866,0.1868,0.1869,0.187,0.1871,0.1872,0.1873,0.1874,0.1876,0.1877,0.1878,0.1879,0.188,0.1882,0.1883,0.1884,0.1885,0.1886,0.1887,0.1889,0.189,0.1891,0.1892,0.1893,0.1895,0.1896,0.1897,0.1898,0.1899,0.1901,0.1902,0.1903,0.1904,0.1905,0.1907,0.1908,0.1909,0.191,0.1911,0.1913,0.1914,0.1915,0.1916,0.1918,0.1919,0.192,0.1921,0.1922,0.1924,0.1925,0.1926,0.1927,0.193,0.1934,0.1937,0.194,0.1944,0.1947,0.1951,0.1954,0.1958,0.1961,0.1965,0.1968,0.1972,0.1976,0.198,0.1984,0.1988,0.1992,0.1996,0.2,0.2005,0.2009,0.2013,0.2017,0.2022,0.2026,0.203,0.2033,0.2034,0.2034,0.2035,0.2036,0.2037,0.2037,0.2038,0.2039,0.204,0.204,0.2041,0.2042,0.2043,0.2044,0.2045,0.2046,0.2047,0.2048,0.2049,0.205,0.2051,0.2052,0.2053,0.2054,0.2055,0.2056,0.2057,0.2059,0.206,0.2061,0.2062,0.2063,0.2064,0.2065,0.2066,0.2067,0.2068,0.2069
0.1731,0.1731,0.1732,0.1733,0.1734,0.1735,0.1736,0.1736,0.1737,0.1738,0.1739,0.174,0.174,0.1741,0.1742,0.1743,0.1744,0.1744,0.1745,0.1746,0.1747,0.1748,0.1749,0.1749,0.175,0.1751,0.1752,0.1753,0.1753,0.1754,0.1755,0.1756,0.1757,0.1758,0.1758,0.1759,0.176,0.1761,0.1762,0.1763,0.1763,0.1764,0.1765,0.1766,0.1767,0.1768,0.1768,0.1769,0.177,0.1772,0.1773,0.1774,0.1775,0.1776,0.1777,0.1778,0.1779,0.178,0.1781,0.1782,0.1783,0.1784,0.1785,0.1786,0.1787,0.1788,0.1789,0.1791,0.1792,0.1793,0.1794,0.1795,0.1796,0.1797,0.1798,0.1799,0.18,0.1801,0.1802,0.1803,0.1805,0.1806,0.1807,0.1808,0.1809,0.181,0.1811,0.1812,0.1813,0.1814,0.1815,0.1817,0.1818,0.1819,0.182,0.1821,0.1822,0.1823,0.1824,0.1825,0.1826,0.1828,0.1829,0.183,0.1831,0.1832,0.1833,0.1834,0.1835,0.1837,0.1838,0.1839,0.184,0.1841,0.1842,0.1843,0.1844,0.1846,0.1847,0.1848,0.1849,0.185,0.1851,0.1852,0.1854,0.1855,0.1856,0.1857,0.1858,0.1859,0.186,0.1862,0.1863,0.1864,0.1865,0.1866,0.1867,0.1869,0.187,0.1871,0.1872,0.1873,0.1874,0.1876,0.1877,0.1878,0.1879,0.188,0.1881,0.1883,0.1884,0.1885,0.1886,0.1887,0.1888,0.189,0.1891,0.1892,0.1893,0.1894,0.1896,0.1897,0.1898,0.1899,0.19,0.1902,0.1903,0.1904,0.1905,0.1906,0.1908,0.1909,0.191,0.1911,0.1913,0.1914,0.1915,0.1916,0.1917,0.1919,0.192,0.1921,0.1922,0.1924,0.1925,0.1926,0.1927,0.1929,0.193,0.1931,0.1934,0.1938,0.1941,0.1945,0.1948,0.1952,0.1955,0.1959,0.1962,0.1966,0.1969,0.1973,0.1976,0.198,0.1984,0.1988,0.1993,0.1997,0.2001,0.2005,0.2009,0.2014,0.2018,0.2022,0.2027,0.2031,0.2035,0.2037,0.2038,0.2038,0.2039,0.204,0.2041,0.2041,0.2042,0.2043,0.2044,0.2044,0.2045,0.2046,0.2047,0.2048,0.2049,0.205,0.2051,0.2052,0.2053,0.2054,0.2055,0.2056,0.2057,0.2058,0.2059,0.2061,0.2062,0.2063,0.2064,0.2065,0.2066,0.2067,0.2068,0.2069,0.207,0.2071,0.2072,0.2073
0.1733,0.1734,0.1735,0.1736,0.1736,0.1737,0.1738,0.1739,0.174,0.174,0.1741,0.1742,0.1743,0.1744,0.1744,0.1745,0.1746,0.1747,0.1748,0.1749,0.1749,0.175,0.1751,0.1752,0.1753,0.1754,0.1754,0.1755,0.1756,0.1757,0.1758,0.1758,0.1759,0.176,0.1761,0.1762,0.1763,0.1763,0.1764,0.1765,0.1766,0.1767,0.1768,0.1769,0.1769,0.177,0.1771,0.1772,0.1773,0.1775,0.1776,0.1777,0.1778,0.1779,0.178,0.1781,0.1782,0.1783,0.1784,0.1785,0.1786,0.1787,0.1788,0.1789,0.179,0.1791,0.1793,0.1794,0.1795,0.1796,0.1797,0.1798,0.1799,0.18,0.1801,0.1802,0.1803,0.1804,0.1805,0.1807,0.1808,0.1809,0.181,0.1811,0.1812,0.1813,0.1814,0.1815,0.1816,0.1817,0.1819,0.182,0.1821,0.1822,0.1823,0.1824,0.1825,0.1826,0.1827,0.1829,0.183,0.1831,0.1832,0.1833,0.1834,0.1835,0.1836,0.1838,0.1839,0.184,0.1841,0.1842,0.1843,0.1844,0.1845,0.1847,0.1848,0.1849,0.185,0.1851,0.1852,0.1853,0.1855,0.1856,0.1857,0.1858,0.1859,0.186,0.1861,0.1863,0.1864,0.1865,0.1866,0.1867,0.1868,0.187,0.1871,0.1872,0.1873,0.1874,0.1875,0.1877,0.1878,0.1879,0.188,0.1881,0.1882,0.1884,0.1885,0.1886,0.1887,0.1888,0.189,0.1891,0.1892,0.1893,0.1894,0.1895,0.1897,0.1898,0.1899,0.19,0.1902,0.1903,0.1904,0.1905,0.1906,0.1908,0.1909,0.191,0.1911,0.1912,0.1914,0.1915,0.1916,0.1917,0.1919,0.192,0.1921,0.1922,0.1923,0.1925,0.1926,0.1927,0.1928,0.193,0.1931,0.1932,0.1933,0.1935,0.1939,0.1942,0.1946,0.1949,0.1952,0.1956,0.1959,0.1963,0.1966,0.197,0.1973,0.1977,0.1981,0.1985,0.1989,0.1993,0.1997,0.2002,0.2006,0.201,0.2014,0.2019,0.2023,0.2027,0.2032,0.2036,0.204,0.2041,0.2042,0.2042,0.2043,0.2044,0.2045,0.2045,0.2046,0.2047,0.2048,0.2048,0.2049,0.205,0.2051,0.2052,0.2053,0.2054,0.2055,0.2056,0.2057,0.2058,0.2059,0.206,0.2061,0.2063,0.2064,0.2065,0.2066,0.2067,0.2068,0.2069,0.207,0.2071,0.2072,0.2073,0.2074,0.2075,0.2076,0.2077
0.1736,0.1736,0.1737,0.1738,0.1739,0.174,0.174,0.1741,0.1742,0.1743,0.1744,0.1744,0.1745,0.1746,0.1747,0.1748,0.1749,0.1749,0.175,0.1751,0.1752,0.1753,0.1754,0.1754,0.1755,0.1756,0.1757,0.1758,0.1758,0.1759,0.176,0.1761,0.1762,0.1763,0.1763,0.1764,0.1765,0.1766,0.1767,0.1768,0.1769,0.1769,0.177,0.1771,0.1772,0.1773,0.1774,0.1775,0.1777,0.1778,0.1779,0.178,0.1781,0.1782,0.1783,0.1784,0.1785,0.1786,0.1787,0.1788,0.1789,0.179,0.1791,0.1792,0.1793,0.1795,0.1796,0.1797,0.1798,0.1799,0.18,0.1801,0.1802,0.1803,0.1804,0.1805,0.1806,0.1808,0.1809,0.181,0.1811,0.1812,0.1813,0.1814,0.1815,0.1816,0.1817,0.1818,0.182,0.1821,0.1822,0.1823,0.1824,0.1825,0.1826,0.1827,0.1828,0.183,0.1831,0.1832,0.1833,0.1834,0.1835,0.1836,0.1837,0.1838,0.184,0.1841,0.1842,0.1843,0.1844,0.1845,0.1846,0.1848,0.1849,0.185,0.1851,0.1852,0.1853,0.1854,0.1856,0.1857,0.1858,0.1859,0.186,0.1861,0.1862,0.1864,0.1865,0.1866,0.1867,0.1868,0.1869,0.1871,0.1872,0.1873,0.1874,0.1875,0.1876,0.1878,0.1879,0.188,0.1881,0.1882,0.1883,0.1885,0.1886,0.1887,0.1888,0.1889,0.1891,0.1892,0.1893,0.1894,0.1895,0.1897,0.1898,0.1899,0.19,0.1901,0.1903,0.1904,0.1905,0.1906,0.1907,0.1909,0.191,0.1911,0.1912,0.1913,0.1915,0.1916,0.1917,0.1918,0.192,0.1921,0.1922,0.1923,0.1925,0.1926,0.1927,0.1928,0.1929,0.1931,0.1932,0.1933,0.1934,0.1936,0.1937,0.194,0.1943,0.1946,0.195,0.1953,0.1957,0.196,0.1964,0.1967,0.1971,0.1974,0.1978,0.1981,0.1985,0.199,0.1994,0.1998,0.2002,0.2006,0.2011,0.2015,0.2019,0.2023,0.2028,0.2032,0.2036,0.2041,0.2044,0.2045,0.2046,0.2047,0.2047,0.2048,0.2049,0.2049,0.205,0.2051,0.2052,0.2052,0.2053,0.2054,0.2055,0.2056,0.2057,0.2058,0.2059,0.206,0.2061,0.2062,0.2064,0.2065,0.2066,0.2067,0.2068,0.2069,0.207,0.2071,0.2072,0.2073,0.2074,0.2075,0.2076,0.2077,0.2078,0.2079,0.2081,0.2082
0.1738,0.1739,0.174,0.174,0.1741,0.1742,0.1743,0.1744,0.1745,0.1745,0.1746,0.1747,0.1748,0.1749,0.1749,0.175,0.1751,0.1752,0.1753,0.1754,0.1754,0.1755,0.1756,0.1757,0.1758,0.1759,0.1759,0.176,0.1761,0.1762,0.1763,0.1764,0.1764,0.1765,0.1766,0.1767,0.1768,0.1769,0.1769,0.177,0.1771,0.1772,0.1773,0.1774,0.1775,0.1776,0.1777,0.1778,0.178,0.1781,0.1782,0.1783,0.1784,0.1785,0.1786,0.1787,0.1788,0.1789,0.179,0.1791,0.1792,0.1793,0.1794,0.1795,0.1797,0.1798,0.1799,0.18,0.1801,0.1802,0.1803,0.1804,0.1805,0.1806,0.1807,0.1808,0.181,0.1811,0.1812,0.1813,0.1814,0.1815,0.1816,0.1817,0.1818,0.1819,0.1821,0.1822,0.1823,0.1824,0.1825,0.1826,0.1827,0.1828,0.1829,0.1831,0.1832,0.1833,0.1834,0.1835,0.1836,0.1837,0.1838,0.1839,0.1841,0.1842,0.1843,0.1844,0.1845,0.1846,0.1847,0.1849,0.185,0.1851,0.1852,0.1853,0.1854,0.1855,0.1857,0.1858,0.1859,0.186,0.1861,0.1862,0.1863,0.1865,0.1866,0.1867,0.1868,0.1869,0.187,0.1872,0.1873,0.1874,0.1875,0.1876,0.1877,0.1879,0.188,0.1881,0.1882,0.1883,0.1884,0.1886,0.1887,0.1888,0.1889,0.189,0.1892,0.1893,0.1894,0.1895,0.1896,0.1898,0.1899,0.19,0.1901,0.1902,0.1904,0.1905,0.1906,0.1907,0.1908,0.191,0.1911,0.1912,0.1913,0.1915,0.1916,0.1917,0.1918,0.1919,0.1921,0.1922,0.1923,0.1924,0.1926,0.1927,0.1928,0.1929,0.1931,0.1932,0.1933,0.1934,0.1936,0.1937,0.1938,0.1939,0.1941,0.1944,0.1947,0.1951,0.1954,0.1958,0.1961,0.1965,0.1968,0.1972,0.1975,0.1979,0.1982,0.1986,0.199,0.1994,0.1999,0.2003,0.2007,0.2011,0.2015,0.202,0.2024,0.2028,0.2033,0.2037,0.2041,0.2046,0.2048,0.2049,0.205,0.2051,0.2051,0.2052,0.2053,0.2053,0.2054,0.2055,0.2056,0.2056,0.2057,0.2058,0.2059,0.206,0.2061,0.2062,0.2063,0.2064,0.2066,0.2067,0.2068,0.2069,0.207,0.2071,0.2072,0.2073,0.2074,0.2075,0.2076,0.2077,0.2078,0.2079,0.208,0.2082,0.2083,0.2084,0.2085,0.2086
0.1740,0.1741,0.1742,0.1743,0.1744,0.1745,0.1745,0.1746,0.1747,0.1748,0.1749,0.1749,0.175,0.1751,0.1752,0.1753,0.1754,0.1754,0.1755,0.1756,0.1757,0.1758,0.1759,0.1759,0.176,0.1761,0.1762,0.1763,0.1764,0.1764,0.1765,0.1766,0.1767,0.1768,0.1769,0.1769,0.177,0.1771,0.1772,0.1773,0.1774,0.1775,0.1776,0.1777,0.1778,0.1779,0.178,0.1782,0.1783,0.1784,0.1785,0.1786,0.1787,0.1788,0.1789,0.179,0.1791,0.1792,0.1793,0.1794,0.1795,0.1796,0.1798,0.1799,0.18,0.1801,0.1802,0.1803,0.1804,0.1805,0.1806,0.1807,0.1808,0.1809,0.1811,0.1812,0.1813,0.1814,0.1815,0.1816,0.1817,0.1818,0.1819,0.182,0.1821,0.1823,0.1824,0.1825,0.1826,0.1827,0.1828,0.1829,0.183,0.1831,0.1833,0.1834,0.1835,0.1836,0.1837,0.1838,0.1839,0.184,0.1842,0.1843,0.1844,0.1845,0.1846,0.1847,0.1848,0.185,0.1851,0.1852,0.1853,0.1854,0.1855,0.1856,0.1858,0.1859,0.186,0.1861,0.1862,0.1863,0.1864,0.1866,0.1867,0.1868,0.1869,0.187,0.1871,0.1873,0.1874,0.1875,0.1876,0.1877,0.1878,0.188,0.1881,0.1882,0.1883,0.1884,0.1886,0.1887,0.1888,0.1889,0.189,0.1891,0.1893,0.1894,0.1895,0.1896,0.1897,0.1899,0.19,0.1901,0.1902,0.1903,0.1905,0.1906,0.1907,0.1908,0.191,0.1911,0.1912,0.1913,0.1914,0.1916,0.1917,0.1918,0.1919,0.1921,0.1922,0.1923,0.1924,0.1925,0.1927,0.1928,0.1929,0.193,0.1932,0.1933,0.1934,0.1935,0.1937,0.1938,0.1939,0.194,0.1942,0.1943,0.1945,0.1948,0.1951,0.1955,0.1958,0.1962,0.1965,0.1969,0.1972,0.1976,0.198,0.1983,0.1987,0.1991,0.1995,0.1999,0.2003,0.2008,0.2012,0.2016,0.202,0.2025,0.2029,0.2033,0.2038,0.2042,0.2046,0.2051,0.2052,0.2053,0.2054,0.2055,0.2055,0.2056,0.2057,0.2058,0.2058,0.2059,0.206,0.206,0.2061,0.2062,0.2063,0.2064,0.2065,0.2066,0.2068,0.2069,0.207,0.2071,0.2072,0.2073,0.2074,0.2075,0.2076,0.2077,0.2078,0.2079,0.208,0.2081,0.2082,0.2084,0.2085,0.2086,0.2087,0.2088,0.2089,0.209
0.1743,0.1744,0.1745,0.1745,0.1746,0.1747,0.1748,0.1749,0.1749,0.175,0.1751,0.1752,0.1753,0.1754,0.1754,0.1755,0.1756,0.1757,0.1758,0.1759,0.1759,0.176,0.1761,0.1762,0.1763,0.1764,0.1764,0.1765,0.1766,0.1767,0.1768,0.1769,0.1769,0.177,0.1771,0.1772,0.1773,0.1774,0.1775,0.1776,0.1777,0.1778,0.1779,0.178,0.1781,0.1782,0.1783,0.1785,0.1786,0.1787,0.1788,0.1789,0.179,0.1791,0.1792,0.1793,0.1794,0.1795,0.1796,0.1797,0.1798,0.18,0.1801,0.1802,0.1803,0.1804,0.1805,0.1806,0.1807,0.1808,0.1809,0.181,0.1811,0.1813,0.1814,0.1815,0.1816,0.1817,0.1818,0.1819,0.182,0.1821,0.1822,0.1824,0.1825,0.1826,0.1827,0.1828,0.1829,0.183,0.1831,0.1832,0.1834,0.1835,0.1836,0.1837,0.1838,0.1839,0.184,0.1841,0.1843,0.1844,0.1845,0.1846,0.1847,0.1848,0.1849,0.1851,0.1852,0.1853,0.1854,0.1855,0.1856,0.1857,0.1859,0.186,0.1861,0.1862,0.1863,0.1864,0.1865,0.1867,0.1868,0.1869,0.187,0.1871,0.1872,0.1874,0.1875,0.1876,0.1877,0.1878,0.1879,0.1881,0.1882,0.1883,0.1884,0.1885,0.1887,0.1888,0.1889,0.189,0.1891,0.1893,0.1894,0.1895,0.1896,0.1897,0.1899,0.19,0.1901,0.1902,0.1903,0.1905,0.1906,0.1907,0.1908,0.1909,0.1911,0.1912,0.1913,0.1914,0.1915,0.1917,0.1918,0.1919,0.192,0.1922,0.1923,0.1924,0.1925,0.1927,0.1928,0.1929,0.193,0.1931,0.1933,0.1934,0.1935,0.1936,0.1938,0.1939,0.194,0.1941,0.1943,0.1944,0.1945,0.1946,0.1949,0.1952,0.1956,0.1959,0.1963,0.1966,0.197,0.1973,0.1977,0.198,0.1984,0.1988,0.1991,0.1996,0.2,0.2004,0.2008,0.2012,0.2017,0.2021,0.2025,0.203,0.2034,0.2038,0.2043,0.2047,0.2051,0.2056,0.2056,0.2057,0.2058,0.2059,0.2059,0.206,0.2061,0.2062,0.2062,0.2063,0.2064,0.2065,0.2065,0.2066,0.2067,0.2068,0.207,0.2071,0.2072,0.2073,0.2074,0.2075,0.2076,0.2077,0.2078,0.2079,0.208,0.2081,0.2082,0.2083,0.2085,0.2086,0.2087,0.2088,0.2089,0.209,0.2091,0.2092,0.2093,0.2094
0.1745,0.1746,0.1747,0.1748,0.1749,0.1749,0.175,0.1751,0.1752,0.1753,0.1754,0.1754,0.1755,0.1756,0.1757,0.1758,0.1759,0.1759,0.176,0.1761,0.1762,0.1763,0.1764,0.1764,0.1765,0.1766,0.1767,0.1768,0.1769,0.1769,0.177,0.1771,0.1772,0.1773,0.1774,0.1775,0.1776,0.1777,0.1778,0.1779,0.178,0.1781,0.1782,0.1783,0.1784,0.1785,0.1787,0.1788,0.1789,0.179,0.1791,0.1792,0.1793,0.1794,0.1795,0.1796,0.1797,0.1798,0.1799,0.18,0.1802,0.1803,0.1804,0.1805,0.1806,0.1807,0.1808,0.1809,0.181,0.1811,0.1812,0.1814,0.1815,0.1816,0.1817,0.1818,0.1819,0.182,0.1821,0.1822,0.1823,0.1825,0.1826,0.1827,0.1828,0.1829,0.183,0.1831,0.1832,0.1833,0.1835,0.1836,0.1837,0.1838,0.1839,0.184,0.1841,0.1842,0.1844,0.1845,0.1846,0.1847,0.1848,0.1849,0.185,0.1852,0.1853,0.1854,0.1855,0.1856,0.1857,0.1858,0.186,0.1861,0.1862,0.1863,0.1864,0.1865,0.1866,0.1868,0.1869,0.187,0.1871,0.1872,0.1873,0.1875,0.1876,0.1877,0.1878,0.1879,0.1881,0.1882,0.1883,0.1884,0.1885,0.1886,0.1888,0.1889,0.189,0.1891,0.1892,0.1894,0.1895,0.1896,0.1897,0.1898,0.19,0.1901,0.1902,0.1903,0.1904,0.1906,0.1907,0.1908,0.1909,0.191,0.1912,0.1913,0.1914,0.1915,0.1917,0.1918,0.1919,0.192,0.1921,0.1923,0.1924,0.1925,0.1926,0.1928,0.1929,0.193,0.1931,0.1933,0.1934,0.1935,0.1936,0.1938,0.1939,0.194,0.1941,0.1943,0.1944,0.1945,0.1946,0.1948,0.1949,0.195,0.1953,0.1957,0.196,0.1964,0.1967,0.1971,0.1974,0.1978,0.1981,0.1985,0.1988,0.1992,0.1996,0.2,0.2004,0.2009,0.2013,0.2017,0.2022,0.2026,0.203,0.2034,0.2039,0.2043,0.2048,0.2052,0.2056,0.206,0.2061,0.2061,0.2062,0.2063,0.2063,0.2064,0.2065,0.2066,0.2066,0.2067,0.2068,0.2069,0.2069,0.2071,0.2072,0.2073,0.2074,0.2075,0.2076,0.2077,0.2078,0.2079,0.208,0.2081,0.2082,0.2083,0.2084,0.2086,0.2087,0.2088,0.2089,0.209,0.2091,0.2092,0.2093,0.2094,0.2095,0.2096,0.2097,0.2099
0.1748,0.1749,0.175,0.175,0.1751,0.1752,0.1753,0.1754,0.1754,0.1755,0.1756,0.1757,0.1758,0.1759,0.1759,0.176,0.1761,0.1762,0.1763,0.1764,0.1764,0.1765,0.1766,0.1767,0.1768,0.1769,0.1769,0.177,0.1771,0.1772,0.1773,0.1774,0.1775,0.1776,0.1777,0.1778,0.1779,0.178,0.1781,0.1782,0.1783,0.1784,0.1785,0.1786,0.1787,0.1789,0.179,0.1791,0.1792,0.1793,0.1794,0.1795,0.1796,0.1797,0.1798,0.1799,0.18,0.1801,0.1802,0.1804,0.1805,0.1806,0.1807,0.1808,0.1809,0.181,0.1811,0.1812,0.1813,0.1814,0.1816,0.1817,0.1818,0.1819,0.182,0.1821,0.1822,0.1823,0.1824,0.1826,0.1827,0.1828,0.1829,0.183,0.1831,0.1832,0.1833,0.1834,0.1836,0.1837,0.1838,0.1839,0.184,0.1841,0.1842,0.1843,0.1845,0.1846,0.1847,0.1848,0.1849,0.185,0.1851,0.1853,0.1854,0.1855,0.1856,0.1857,0.1858,0.1859,0.1861,0.1862,0.1863,0.1864,0.1865,0.1866,0.1868,0.1869,0.187,0.1871,0.1872,0.1873,0.1875,0.1876,0.1877,0.1878,0.1879,0.188,0.1882,0.1883,0.1884,0.1885,0.1886,0.1887,0.1889,0.189,0.1891,0.1892,0.1893,0.1895,0.1896,0.1897,0.1898,0.1899,0.1901,0.1902,0.1903,0.1904,0.1905,0.1907,0.1908,0.1909,0.191,0.1911,0.1913,0.1914,0.1915,0.1916,0.1918,0.1919,0.192,0.1921,0.1923,0.1924,0.1925,0.1926,0.1927,0.1929,0.193,0.1931,0.1932,0.1934,0.1935,0.1936,0.1937,0.1939,0.194,0.1941,0.1942,0.1944,0.1945,0.1946,0.1947,0.1949,0.195,0.1951,0.1953,0.1954,0.1957,0.1961,0.1964,0.1968,0.1971,0.1975,0.1979,0.1982,0.1986,0.1989,0.1993,0.1997,0.2001,0.2005,0.2009,0.2014,0.2018,0.2022,0.2026,0.2031,0.2035,0.2039,0.2044,0.2048,0.2053,0.2057,0.2062,0.2064,0.2065,0.2065,0.2066,0.2067,0.2068,0.2068,0.2069,0.207,0.2071,0.2071,0.2072,0.2073,0.2074,0.2075,0.2076,0.2077,0.2078,0.2079,0.208,0.2081,0.2082,0.2083,0.2084,0.2085,0.2086,0.2088,0.2089,0.209,0.2091,0.2092,0.2093,0.2094,0.2095,0.2096,0.2097,0.2098,0.21,0.2101,0.2102,0.2103
0.1750,0.1751,0.1752,0.1753,0.1754,0.1754,0.1755,0.1756,0.1757,0.1758,0.1759,0.1759,0.176,0.1761,0.1762,0.1763,0.1764,0.1764,0.1765,0.1766,0.1767,0.1768,0.1769,0.1769,0.177,0.1771,0.1772,0.1773,0.1774,0.1775,0.1776,0.1777,0.1778,0.1779,0.178,0.1781,0.1782,0.1783,0.1784,0.1785,0.1786,0.1787,0.1788,0.1789,0.1791,0.1792,0.1793,0.1794,0.1795,0.1796,0.1797,0.1798,0.1799,0.18,0.1801,0.1802,0.1803,0.1805,0.1806,0.1807,0.1808,0.1809,0.181,0.1811,0.1812,0.1813,0.1814,0.1815,0.1817,0.1818,0.1819,0.182,0.1821,0.1822,0.1823,0.1824,0.1825,0.1826,0.1828,0.1829,0.183,0.1831,0.1832,0.1833,0.1834,0.1835,0.1837,0.1838,0.1839,0.184,0.1841,0.1842,0.1843,0.1844,0.1846,0.1847,0.1848,0.1849,0.185,0.1851,0.1852,0.1854,0.1855,0.1856,0.1857,0.1858,0.1859,0.186,0.1862,0.1863,0.1864,0.1865,0.1866,0.1867,0.1869,0.187,0.1871,0.1872,0.1873,0.1874,0.1876,0.1877,0.1878,0.1879,0.188,0.1881,0.1883,0.1884,0.1885,0.1886,0.1887,0.1889,0.189,0.1891,0.1892,0.1893,0.1894,0.1896,0.1897,0.1898,0.1899,0.19,0.1902,0.1903,0.1904,0.1905,0.1906,0.1908,0.1909,0.191,0.1911,0.1913,0.1914,0.1915,0.1916,0.1917,0.1919,0.192,0.1921,0.1922,0.1924,0.1925,0.1926,0.1927,0.1929,0.193,0.1931,0.1932,0.1933,0.1935,0.1936,0.1937,0.1938,0.194,0.1941,0.1942,0.1944,0.1945,0.1946,0.1947,0.1949,0.195,0.1951,0.1952,0.1954,0.1955,0.1956,0.1958,0.1962,0.1965,0.1969,0.1972,0.1976,0.1979,0.1983,0.1987,0.199,0.1994,0.1997,0.2001,0.2006,0.201,0.2014,0.2018,0.2023,0.2027,0.2031,0.2036,0.204,0.2044,0.2049,0.2053,0.2058,0.2062,0.2067,0.2068,0.2069,0.2069,0.207,0.2071,0.2072,0.2072,0.2073,0.2074,0.2075,0.2075,0.2076,0.2077,0.2078,0.2079,0.208,0.2081,0.2082,0.2083,0.2084,0.2085,0.2086,0.2087,0.2089,0.209,0.2091,0.2092,0.2093,0.2094,0.2095,0.2096,0.2097,0.2098,0.2099,0.2101,0.2102,0.2103,0.2104,0.2105,0.2106,0.2107
0.1753,0.1754,0.1754,0.1755,0.1756,0.1757,0.1758,0.1759,0.1759,0.176,0.1761,0.1762,0.1763,0.1764,0.1764,0.1765,0.1766,0.1767,0.1768,0.1769,0.1769,0.177,0.1771,0.1772,0.1773,0.1774,0.1775,0.1776,0.1777,0.1778,0.1779,0.178,0.1781,0.1782,0.1783,0.1784,0.1785,0.1786,0.1787,0.1788,0.1789,0.179,0.1791,0.1793,0.1794,0.1795,0.1796,0.1797,0.1798,0.1799,0.18,0.1801,0.1802,0.1803,0.1804,0.1805,0.1807,0.1808,0.1809,0.181,0.1811,0.1812,0.1813,0.1814,0.1815,0.1816,0.1817,0.1819,0.182,0.1821,0.1822,0.1823,0.1824,0.1825,0.1826,0.1827,0.1829,0.183,0.1831,0.1832,0.1833,0.1834,0.1835,0.1836,0.1838,0.1839,0.184,0.1841,0.1842,0.1843,0.1844,0.1845,0.1847,0.1848,0.1849,0.185,0.1851,0.1852,0.1853,0.1855,0.1856,0.1857,0.1858,0.1859,0.186,0.1861,0.1863,0.1864,0.1865,0.1866,0.1867,0.1868,0.187,0.1871,0.1872,0.1873,0.1874,0.1875,0.1877,0.1878,0.1879,0.188,0.1881,0.1882,0.1884,0.1885,0.1886,0.1887,0.1888,0.189,0.1891,0.1892,0.1893,0.1894,0.1896,0.1897,0.1898,0.1899,0.19,0.1902,0.1903,0.1904,0.1905,0.1906,0.1908,0.1909,0.191,0.1911,0.1912,0.1914,0.1915,0.1916,0.1917,0.1919,0.192,0.1921,0.1922,0.1923,0.1925,0.1926,0.1927,0.1928,0.193,0.1931,0.1932,0.1933,0.1935,0.1936,0.1937,0.1938,0.194,0.1941,0.1942,0.1943,0.1945,0.1946,0.1947,0.1948,0.195,0.1951,0.1952,0.1953,0.1955,0.1956,0.1957,0.1959,0.196,0.1963,0.1966,0.197,0.1973,0.1977,0.198,0.1984,0.1987,0.1991,0.1995,0.1998,0.2002,0.2006,0.201,0.2015,0.2019,0.2023,0.2028,0.2032,0.2036,0.2041,0.2045,0.2049,0.2054,0.2058,0.2063,0.2067,0.2071,0.2072,0.2073,0.2074,0.2074,0.2075,0.2076,0.2077,0.2077,0.2078,0.2079,0.208,0.208,0.2081,0.2082,0.2083,0.2084,0.2085,0.2086,0.2087,0.2088,0.209,0.2091,0.2092,0.2093,0.2094,0.2095,0.2096,0.2097,0.2098,0.2099,0.21,0.2101,0.2103,0.2104,0.2105,0.2106,0.2107,0.2108,0.2109,0.211,0.2111
0.1755,0.1756,0.1757,0.1758,0.1759,0.1759,0.176,0.1761,0.1762,0.1763,0.1764,0.1764,0.1765,0.1766,0.1767,0.1768,0.1769,0.177,0.177,0.1771,0.1772,0.1773,0.1774,0.1775,0.1775,0.1777,0.1778,0.1779,0.178,0.1781,0.1782,0.1783,0.1784,0.1785,0.1786,0.1787,0.1788,0.1789,0.179,0.1791,0.1792,0.1793,0.1795,0.1796,0.1797,0.1798,0.1799,0.18,0.1801,0.1802,0.1803,0.1804,0.1805,0.1806,0.1808,0.1809,0.181,0.1811,0.1812,0.1813,0.1814,0.1815,0.1816,0.1817,0.1818,0.182,0.1821,0.1822,0.1823,0.1824,0.1825,0.1826,0.1827,0.1828,0.183,0.1831,0.1832,0.1833,0.1834,0.1835,0.1836,0.1837,0.1839,0.184,0.1841,0.1842,0.1843,0.1844,0.1845,0.1846,0.1848,0.1849,0.185,0.1851,0.1852,0.1853,0.1854,0.1856,0.1857,0.1858,0.1859,0.186,0.1861,0.1862,0.1864,0.1865,0.1866,0.1867,0.1868,0.1869,0.1871,0.1872,0.1873,0.1874,0.1875,0.1876,0.1878,0.1879,0.188,0.1881,0.1882,0.1883,0.1885,0.1886,0.1887,0.1888,0.1889,0.1891,0.1892,0.1893,0.1894,0.1895,0.1897,0.1898,0.1899,0.19,0.1901,0.1903,0.1904,0.1905,0.1906,0.1907,0.1909,0.191,0.1911,0.1912,0.1913,0.1915,0.1916,0.1917,0.1918,0.192,0.1921,0.1922,0.1923,0.1925,0.1926,0.1927,0.1928,0.1929,0.1931,0.1932,0.1933,0.1934,0.1936,0.1937,0.1938,0.1939,0.1941,0.1942,0.1943,0.1944,0.1946,0.1947,0.1948,0.1949,0.1951,0.1952,0.1953,0.1955,0.1956,0.1957,0.1958,0.196,0.1961,0.1962,0.1964,0.1967,0.197,0.1974,0.1978,0.1981,0.1985,0.1988,0.1992,0.1995,0.1999,0.2003,0.2007,0.2011,0.2015,0.202,0.2024,0.2028,0.2033,0.2037,0.2041,0.2046,0.205,0.2054,0.2059,0.2063,0.2068,0.2072,0.2076,0.2076,0.2077,0.2078,0.2079,0.2079,0.208,0.2081,0.2082,0.2082,0.2083,0.2084,0.2085,0.2085,0.2086,0.2087,0.2088,0.2089,0.209,0.2092,0.2093,0.2094,0.2095,0.2096,0.2097,0.2098,0.2099,0.21,0.2101,0.2102,0.2104,0.2105,0.2106,0.2107,0.2108,0.2109,0.211,0.2111,0.2112,0.2114,0.2115,0.2116
0.1758,0.1759,0.176,0.176,0.1761,0.1762,0.1763,0.1764,0.1765,0.1765,0.1766,0.1767,0.1768,0.1769,0.177,0.177,0.1771,0.1772,0.1773,0.1774,0.1775,0.1775,0.1776,0.1777,0.1778,0.178,0.1781,0.1782,0.1783,0.1784,0.1785,0.1786,0.1787,0.1788,0.1789,0.179,0.1791,0.1792,0.1793,0.1794,0.1795,0.1797,0.1798,0.1799,0.18,0.1801,0.1802,0.1803,0.1804,0.1805,0.1806,0.1807,0.1808,0.181,0.1811,0.1812,0.1813,0.1814,0.1815,0.1816,0.1817,0.1818,0.1819,0.1821,0.1822,0.1823,0.1824,0.1825,0.1826,0.1827,0.1828,0.1829,0.1831,0.1832,0.1833,0.1834,0.1835,0.1836,0.1837,0.1838,0.1839,0.1841,0.1842,0.1843,0.1844,0.1845,0.1846,0.1847,0.1849,0.185,0.1851,0.1852,0.1853,0.1854,0.1855,0.1857,0.1858,0.1859,0.186,0.1861,0.1862,0.1863,0.1865,0.1866,0.1867,0.1868,0.1869,0.187,0.1872,0.1873,0.1874,0.1875,0.1876,0.1877,0.1879,0.188,0.1881,0.1882,0.1883,0.1885,0.1886,0.1887,0.1888,0.1889,0.189,0.1892,0.1893,0.1894,0.1895,0.1896,0.1898,0.1899,0.19,0.1901,0.1902,0.1904,0.1905,0.1906,0.1907,0.1908,0.191,0.1911,0.1912,0.1913,0.1915,0.1916,0.1917,0.1918,0.1919,0.1921,0.1922,0.1923,0.1924,0.1926,0.1927,0.1928,0.1929,0.1931,0.1932,0.1933,0.1934,0.1936,0.1937,0.1938,0.1939,0.1941,0.1942,0.1943,0.1944,0.1946,0.1947,0.1948,0.1949,0.1951,0.1952,0.1953,0.1954,0.1956,0.1957,0.1958,0.196,0.1961,0.1962,0.1963,0.1965,0.1966,0.1968,0.1971,0.1975,0.1978,0.1982,0.1986,0.1989,0.1993,0.1996,0.2,0.2004,0.2007,0.2012,0.2016,0.202,0.2024,0.2029,0.2033,0.2037,0.2042,0.2046,0.2051,0.2055,0.2059,0.2064,0.2068,0.2073,0.2077,0.208,0.208,0.2081,0.2082,0.2083,0.2083,0.2084,0.2085,0.2086,0.2086,0.2087,0.2088,0.2089,0.2089,0.209,0.2091,0.2093,0.2094,0.2095,0.2096,0.2097,0.2098,0.2099,0.21,0.2101,0.2102,0.2103,0.2105,0.2106,0.2107,0.2108,0.2109,0.211,0.2111,0.2112,0.2113,0.2115,0.2116,0.2117,0.2118,0.2119,0.212
0.1760,0.1761,0.1762,0.1763,0.1764,0.1765,0.1765,0.1766,0.1767,0.1768,0.1769,0.177,0.177,0.1771,0.1772,0.1773,0.1774,0.1775,0.1775,0.1776,0.1777,0.1778,0.1779,0.178,0.1782,0.1783,0.1784,0.1785,0.1786,0.1787,0.1788,0.1789,0.179,0.1791,0.1792,0.1793,0.1794,0.1795,0.1796,0.1798,0.1799,0.18,0.1801,0.1802,0.1803,0.1804,0.1805,0.1806,0.1807,0.1808,0.1809,0.1811,0.1812,0.1813,0.1814,0.1815,0.1816,0.1817,0.1818,0.1819,0.182,0.1821,0.1823,0.1824,0.1825,0.1826,0.1827,0.1828,0.1829,0.183,0.1831,0.1833,0.1834,0.1835,0.1836,0.1837,0.1838,0.1839,0.184,0.1842,0.1843,0.1844,0.1845,0.1846,0.1847,0.1848,0.185,0.1851,0.1852,0.1853,0.1854,0.1855,0.1856,0.1858,0.1859,0.186,0.1861,0.1862,0.1863,0.1864,0.1866,0.1867,0.1868,0.1869,0.187,0.1871,0.1873,0.1874,0.1875,0.1876,0.1877,0.1878,0.188,0.1881,0.1882,0.1883,0.1884,0.1886,0.1887,0.1888,0.1889,0.189,0.1891,0.1893,0.1894,0.1895,0.1896,0.1897,0.1899,0.19,0.1901,0.1902,0.1903,0.1905,0.1906,0.1907,0.1908,0.191,0.1911,0.1912,0.1913,0.1914,0.1916,0.1917,0.1918,0.1919,0.1921,0.1922,0.1923,0.1924,0.1925,0.1927,0.1928,0.1929,0.193,0.1932,0.1933,0.1934,0.1935,0.1937,0.1938,0.1939,0.194,0.1942,0.1943,0.1944,0.1945,0.1947,0.1948,0.1949,0.195,0.1952,0.1953,0.1954,0.1956,0.1957,0.1958,0.1959,0.1961,0.1962,0.1963,0.1964,0.1966,0.1967,0.1968,0.197,0.1972,0.1976,0.1979,0.1983,0.1986,0.199,0.1994,0.1997,0.2001,0.2004,0.2008,0.2012,0.2016,0.2021,0.2025,0.2029,0.2034,0.2038,0.2042,0.2047,0.2051,0.2056,0.206,0.2065,0.2069,0.2074,0.2078,0.2083,0.2084,0.2085,0.2085,0.2086,0.2087,0.2088,0.2088,0.2089,0.209,0.2091,0.2091,0.2092,0.2093,0.2094,0.2095,0.2096,0.2097,0.2098,0.2099,0.21,0.2101,0.2102,0.2103,0.2104,0.2106,0.2107,0.2108,0.2109,0.211,0.2111,0.2112,0.2113,0.2114,0.2116,0.2117,0.2118,0.2119,0.212,0.2121,0.2122,0.2123,0.2124
0.1763,0.1764,0.1765,0.1765,0.1766,0.1767,0.1768,0.1769,0.177,0.177,0.1771,0.1772,0.1773,0.1774,0.1775,0.1775,0.1776,0.1777,0.1778,0.1779,0.178,0.1781,0.1782,0.1783,0.1785,0.1786,0.1787,0.1788,0.1789,0.179,0.1791,0.1792,0.1793,0.1794,0.1795,0.1796,0.1797,0.1798,0.18,0.1801,0.1802,0.1803,0.1804,0.1805,0.1806,0.1807,0.1808,0.1809,0.181,0.1811,0.1813,0.1814,0.1815,0.1816,0.1817,0.1818,0.1819,0.182,0.1821,0.1822,0.1824,0.1825,0.1826,0.1827,0.1828,0.1829,0.183,0.1831,0.1832,0.1834,0.1835,0.1836,0.1837,0.1838,0.1839,0.184,0.1841,0.1843,0.1844,0.1845,0.1846,0.1847,0.1848,0.1849,0.1851,0.1852,0.1853,0.1854,0.1855,0.1856,0.1857,0.1859,0.186,0.1861,0.1862,0.1863,0.1864,0.1865,0.1867,0.1868,0.1869,0.187,0.1871,0.1872,0.1874,0.1875,0.1876,0.1877,0.1878,0.1879,0.1881,0.1882,0.1883,0.1884,0.1885,0.1887,0.1888,0.1889,0.189,0.1891,0.1893,0.1894,0.1895,0.1896,0.1897,0.1899,0.19,0.1901,0.1902,0.1903,0.1905,0.1906,0.1907,0.1908,0.1909,0.1911,0.1912,0.1913,0.1914,0.1915,0.1917,0.1918,0.1919,0.192,0.1922,0.1923,0.1924,0.1925,0.1927,0.1928,0.1929,0.193,0.1931,0.1933,0.1934,0.1935,0.1936,0.1938,0.1939,0.194,0.1941,0.1943,0.1944,0.1945,0.1946,0.1948,0.1949,0.195,0.1952,0.1953,0.1954,0.1955,0.1957,0.1958,0.1959,0.196,0.1962,0.1963,0.1964,0.1966,0.1967,0.1968,0.1969,0.1971,0.1972,0.1973,0.1977,0.198,0.1984,0.1987,0.1991,0.1994,0.1998,0.2002,0.2005,0.2009,0.2013,0.2017,0.2021,0.2026,0.203,0.2034,0.2039,0.2043,0.2047,0.2052,0.2056,0.2061,0.2065,0.207,0.2074,0.2079,0.2083,0.2087,0.2088,0.2089,0.209,0.209,0.2091,0.2092,0.2093,0.2093,0.2094,0.2095,0.2096,0.2096,0.2097,0.2098,0.2099,0.21,0.2101,0.2102,0.2103,0.2104,0.2105,0.2107,0.2108,0.2109,0.211,0.2111,0.2112,0.2113,0.2114,0.2115,0.2117,0.2118,0.2119,0.212,0.2121,0.2122,0.2123,0.2124,0.2125,0.2127,0.2128,0.2129
0.1765,0.1766,0.1767,0.1768,0.1769,0.177,0.177,0.1771,0.1772,0.1773,0.1774,0.1775,0.1776,0.1776,0.1777,0.1778,0.1779,0.178,0.1781,0.1782,0.1783,0.1784,0.1785,0.1787,0.1788,0.1789,0.179,0.1791,0.1792,0.1793,0.1794,0.1795,0.1796,0.1797,0.1798,0.1799,0.18,0.1802,0.1803,0.1804,0.1805,0.1806,0.1807,0.1808,0.1809,0.181,0.1811,0.1812,0.1814,0.1815,0.1816,0.1817,0.1818,0.1819,0.182,0.1821,0.1822,0.1823,0.1825,0.1826,0.1827,0.1828,0.1829,0.183,0.1831,0.1832,0.1833,0.1835,0.1836,0.1837,0.1838,0.1839,0.184,0.1841,0.1842,0.1844,0.1845,0.1846,0.1847,0.1848,0.1849,0.185,0.1852,0.1853,0.1854,0.1855,0.1856,0.1857,0.1858,0.186,0.1861,0.1862,0.1863,0.1864,0.1865,0.1866,0.1868,0.1869,0.187,0.1871,0.1872,0.1873,0.1875,0.1876,0.1877,0.1878,0.1879,0.1881,0.1882,0.1883,0.1884,0.1885,0.1886,0.1888,0.1889,0.189,0.1891,0.1892,0.1894,0.1895,0.1896,0.1897,0.1898,0.19,0.1901,0.1902,0.1903,0.1904,0.1906,0.1907,0.1908,0.1909,0.191,0.1912,0.1913,0.1914,0.1915,0.1917,0.1918,0.1919,0.192,0.1921,0.1923,0.1924,0.1925,0.1926,0.1928,0.1929,0.193,0.1931,0.1933,0.1934,0.1935,0.1936,0.1938,0.1939,0.194,0.1941,0.1943,0.1944,0.1945,0.1946,0.1948,0.1949,0.195,0.1951,0.1953,0.1954,0.1955,0.1956,0.1958,0.1959,0.196,0.1962,0.1963,0.1964,0.1965,0.1967,0.1968,0.1969,0.1971,0.1972,0.1973,0.1974,0.1976,0.1977,0.1981,0.1985,0.1988,0.1992,0.1995,0.1999,0.2003,0.2006,0.201,0.2014,0.2018,0.2022,0.2026,0.2031,0.2035,0.2039,0.2044,0.2048,0.2052,0.2057,0.2061,0.2066,0.207,0.2075,0.2079,0.2084,0.2088,0.2091,0.2092,0.2093,0.2094,0.2094,0.2095,0.2096,0.2097,0.2098,0.2098,0.2099,0.21,0.2101,0.2101,0.2102,0.2103,0.2104,0.2105,0.2106,0.2108,0.2109,0.211,0.2111,0.2112,0.2113,0.2114,0.2115,0.2116,0.2118,0.2119,0.212,0.2121,0.2122,0.2123,0.2124,0.2125,0.2126,0.2128,0.2129,0.213,0.2131,0.2132,0.2133
0.1768,0.1769,0.177,0.177,0.1771,0.1772,0.1773,0.1774,0.1775,0.1776,0.1776,0.1777,0.1778,0.1779,0.178,0.1781,0.1782,0.1783,0.1784,0.1785,0.1786,0.1787,0.1789,0.179,0.1791,0.1792,0.1793,0.1794,0.1795,0.1796,0.1797,0.1798,0.1799,0.18,0.1801,0.1803,0.1804,0.1805,0.1806,0.1807,0.1808,0.1809,0.181,0.1811,0.1812,0.1813,0.1814,0.1816,0.1817,0.1818,0.1819,0.182,0.1821,0.1822,0.1823,0.1824,0.1826,0.1827,0.1828,0.1829,0.183,0.1831,0.1832,0.1833,0.1834,0.1836,0.1837,0.1838,0.1839,0.184,0.1841,0.1842,0.1843,0.1845,0.1846,0.1847,0.1848,0.1849,0.185,0.1851,0.1853,0.1854,0.1855,0.1856,0.1857,0.1858,0.1859,0.1861,0.1862,0.1863,0.1864,0.1865,0.1866,0.1868,0.1869,0.187,0.1871,0.1872,0.1873,0.1875,0.1876,0.1877,0.1878,0.1879,0.188,0.1882,0.1883,0.1884,0.1885,0.1886,0.1887,0.1889,0.189,0.1891,0.1892,0.1893,0.1895,0.1896,0.1897,0.1898,0.1899,0.1901,0.1902,0.1903,0.1904,0.1905,0.1907,0.1908,0.1909,0.191,0.1911,0.1913,0.1914,0.1915,0.1916,0.1918,0.1919,0.192,0.1921,0.1923,0.1924,0.1925,0.1926,0.1927,0.1929,0.193,0.1931,0.1932,0.1934,0.1935,0.1936,0.1937,0.1939,0.194,0.1941,0.1942,0.1944,0.1945,0.1946,0.1947,0.1949,0.195,0.1951,0.1953,0.1954,0.1955,0.1956,0.1958,0.1959,0.196,0.1961,0.1963,0.1964,0.1965,0.1967,0.1968,0.1969,0.197,0.1972,0.1973,0.1974,0.1976,0.1977,0.1978,0.198,0.1982,0.1985,0.1989,0.1993,0.1996,0.2,0.2003,0.2007,0.2011,0.2014,0.2018,0.2022,0.2027,0.2031,0.2035,0.204,0.2044,0.2049,0.2053,0.2057,0.2062,0.2066,0.2071,0.2075,0.208,0.2085,0.2089,0.2094,0.2096,0.2096,0.2097,0.2098,0.2099,0.2099,0.21,0.2101,0.2102,0.2103,0.2103,0.2104,0.2105,0.2106,0.2106,0.2107,0.2109,0.211,0.2111,0.2112,0.2113,0.2114,0.2115,0.2116,0.2117,0.2119,0.212,0.2121,0.2122,0.2123,0.2124,0.2125,0.2126,0.2127,0.2129,0.213,0.2131,0.2132,0.2133,0.2134,0.2135,0.2136,0.2138
0.1770,0.1771,0.1772,0.1773,0.1774,0.1775,0.1776,0.1776,0.1777,0.1778,0.1779,0.178,0.1781,0.1782,0.1783,0.1784,0.1785,0.1786,0.1787,0.1788,0.1789,0.1791,0.1792,0.1793,0.1794,0.1795,0.1796,0.1797,0.1798,0.1799,0.18,0.1801,0.1802,0.1803,0.1805,0.1806,0.1807,0.1808,0.1809,0.181,0.1811,0.1812,0.1813,0.1814,0.1815,0.1817,0.1818,0.1819,0.182,0.1821,0.1822,0.1823,0.1824,0.1825,0.1826,0.1828,0.1829,0.183,0.1831,0.1832,0.1833,0.1834,0.1835,0.1837,0.1838,0.1839,0.184,0.1841,0.1842,0.1843,0.1844,0.1846,0.1847,0.1848,0.1849,0.185,0.1851,0.1852,0.1854,0.1855,0.1856,0.1857,0.1858,0.1859,0.186,0.1862,0.1863,0.1864,0.1865,0.1866,0.1867,0.1869,0.187,0.1871,0.1872,0.1873,0.1874,0.1876,0.1877,0.1878,0.1879,0.188,0.1881,0.1883,0.1884,0.1885,0.1886,0.1887,0.1889,0.189,0.1891,0.1892,0.1893,0.1894,0.1896,0.1897,0.1898,0.1899,0.19,0.1902,0.1903,0.1904,0.1905,0.1906,0.1908,0.1909,0.191,0.1911,0.1913,0.1914,0.1915,0.1916,0.1917,0.1919,0.192,0.1921,0.1922,0.1924,0.1925,0.1926,0.1927,0.1929,0.193,0.1931,0.1932,0.1933,0.1935,0.1936,0.1937,0.1938,0.194,0.1941,0.1942,0.1944,0.1945,0.1946,0.1947,0.1949,0.195,0.1951,0.1952,0.1954,0.1955,0.1956,0.1957,0.1959,0.196,0.1961,0.1963,0.1964,0.1965,0.1966,0.1968,0.1969,0.197,0.1972,0.1973,0.1974,0.1975,0.1977,0.1978,0.1979,0.1981,0.1982,0.1983,0.1986,0.199,0.1993,0.1997,0.2001,0.2004,0.2008,0.2012,0.2015,0.2019,0.2023,0.2027,0.2032,0.2036,0.204,0.2045,0.2049,0.2054,0.2058,0.2063,0.2067,0.2072,0.2076,0.2081,0.2085,0.209,0.2094,0.2099,0.21,0.2101,0.2101,0.2102,0.2103,0.2104,0.2105,0.2105,0.2106,0.2107,0.2108,0.2108,0.2109,0.211,0.2111,0.2112,0.2113,0.2114,0.2115,0.2116,0.2117,0.2118,0.212,0.2121,0.2122,0.2123,0.2124,0.2125,0.2126,0.2127,0.2128,0.213,0.2131,0.2132,0.2133,0.2134,0.2135,0.2136,0.2138,0.2139,0.214,0.2141,0.2142
0.1773,0.1774,0.1775,0.1776,0.1776,0.1777,0.1778,0.1779,0.178,0.1781,0.1782,0.1783,0.1784,0.1785,0.1786,0.1787,0.1788,0.1789,0.179,0.1791,0.1793,0.1794,0.1795,0.1796,0.1797,0.1798,0.1799,0.18,0.1801,0.1802,0.1803,0.1804,0.1805,0.1807,0.1808,0.1809,0.181,0.1811,0.1812,0.1813,0.1814,0.1815,0.1816,0.1818,0.1819,0.182,0.1821,0.1822,0.1823,0.1824,0.1825,0.1826,0.1827,0.1829,0.183,0.1831,0.1832,0.1833,0.1834,0.1835,0.1836,0.1838,0.1839,0.184,0.1841,0.1842,0.1843,0.1844,0.1845,0.1847,0.1848,0.1849,0.185,0.1851,0.1852,0.1853,0.1855,0.1856,0.1857,0.1858,0.1859,0.186,0.1861,0.1863,0.1864,0.1865,0.1866,0.1867,0.1868,0.187,0.1871,0.1872,0.1873,0.1874,0.1875,0.1877,0.1878,0.1879,0.188,0.1881,0.1882,0.1884,0.1885,0.1886,0.1887,0.1888,0.189,0.1891,0.1892,0.1893,0.1894,0.1896,0.1897,0.1898,0.1899,0.19,0.1902,0.1903,0.1904,0.1905,0.1906,0.1908,0.1909,0.191,0.1911,0.1912,0.1914,0.1915,0.1916,0.1917,0.1919,0.192,0.1921,0.1922,0.1923,0.1925,0.1926,0.1927,0.1928,0.193,0.1931,0.1932,0.1933,0.1935,0.1936,0.1937,0.1938,0.194,0.1941,0.1942,0.1943,0.1945,0.1946,0.1947,0.1948,0.195,0.1951,0.1952,0.1953,0.1955,0.1956,0.1957,0.1959,0.196,0.1961,0.1962,0.1964,0.1965,0.1966,0.1968,0.1969,0.197,0.1971,0.1973,0.1974,0.1975,0.1977,0.1978,0.1979,0.1981,0.1982,0.1983,0.1984,0.1986,0.1987,0.1991,0.1994,0.1998,0.2002,0.2005,0.2009,0.2013,0.2016,0.202,0.2024,0.2028,0.2032,0.2037,0.2041,0.2045,0.205,0.2054,0.2059,0.2063,0.2068,0.2072,0.2077,0.2081,0.2086,0.209,0.2095,0.21,0.2103,0.2104,0.2105,0.2106,0.2106,0.2107,0.2108,0.2109,0.211,0.211,0.2111,0.2112,0.2113,0.2113,0.2114,0.2115,0.2116,0.2117,0.2118,0.2119,0.2121,0.2122,0.2123,0.2124,0.2125,0.2126,0.2127,0.2128,0.2129,0.2131,0.2132,0.2133,0.2134,0.2135,0.2136,0.2137,0.2139,0.214,0.2141,0.2142,0.2143,0.2144,0.2145,0.2146
0.1776,0.1776,0.1777,0.1778,0.1779,0.178,0.1781,0.1782,0.1783,0.1784,0.1785,0.1786,0.1787,0.1788,0.1789,0.179,0.1791,0.1792,0.1793,0.1795,0.1796,0.1797,0.1798,0.1799,0.18,0.1801,0.1802,0.1803,0.1804,0.1805,0.1806,0.1808,0.1809,0.181,0.1811,0.1812,0.1813,0.1814,0.1815,0.1816,0.1817,0.1818,0.182,0.1821,0.1822,0.1823,0.1824,0.1825,0.1826,0.1827,0.1828,0.183,0.1831,0.1832,0.1833,0.1834,0.1835,0.1836,0.1837,0.1839,0.184,0.1841,0.1842,0.1843,0.1844,0.1845,0.1846,0.1848,0.1849,0.185,0.1851,0.1852,0.1853,0.1854,0.1856,0.1857,0.1858,0.1859,0.186,0.1861,0.1862,0.1864,0.1865,0.1866,0.1867,0.1868,0.1869,0.1871,0.1872,0.1873,0.1874,0.1875,0.1876,0.1878,0.1879,0.188,0.1881,0.1882,0.1883,0.1885,0.1886,0.1887,0.1888,0.1889,0.1891,0.1892,0.1893,0.1894,0.1895,0.1897,0.1898,0.1899,0.19,0.1901,0.1903,0.1904,0.1905,0.1906,0.1907,0.1909,0.191,0.1911,0.1912,0.1913,0.1915,0.1916,0.1917,0.1918,0.192,0.1921,0.1922,0.1923,0.1925,0.1926,0.1927,0.1928,0.1929,0.1931,0.1932,0.1933,0.1934,0.1936,0.1937,0.1938,0.1939,0.1941,0.1942,0.1943,0.1944,0.1946,0.1947,0.1948,0.195,0.1951,0.1952,0.1953,0.1955,0.1956,0.1957,0.1958,0.196,0.1961,0.1962,0.1964,0.1965,0.1966,0.1967,0.1969,0.197,0.1971,0.1973,0.1974,0.1975,0.1976,0.1978,0.1979,0.198,0.1982,0.1983,0.1984,0.1986,0.1987,0.1988,0.199,0.1992,0.1995,0.1999,0.2002,0.2006,0.201,0.2013,0.2017,0.2021,0.2024,0.2029,0.2033,0.2037,0.2042,0.2046,0.205,0.2055,0.2059,0.2064,0.2068,0.2073,0.2077,0.2082,0.2086,0.2091,0.2096,0.21,0.2105,0.2108,0.2108,0.2109,0.211,0.2111,0.2112,0.2112,0.2113,0.2114,0.2115,0.2115,0.2116,0.2117,0.2118,0.2119,0.2119,0.212,0.2122,0.2123,0.2124,0.2125,0.2126,0.2127,0.2128,0.2129,0.2131,0.2132,0.2133,0.2134,0.2135,0.2136,0.2137,0.2138,0.214,0.2141,0.2142,0.2143,0.2144,0.2145,0.2146,0.2148,0.2149,0.215,0.2151
0.1778,0.1779,0.178,0.1781,0.1782,0.1783,0.1784,0.1785,0.1786,0.1787,0.1788,0.1789,0.179,0.1791,0.1792,0.1793,0.1794,0.1795,0.1797,0.1798,0.1799,0.18,0.1801,0.1802,0.1803,0.1804,0.1805,0.1806,0.1807,0.1808,0.181,0.1811,0.1812,0.1813,0.1814,0.1815,0.1816,0.1817,0.1818,0.1819,0.1821,0.1822,0.1823,0.1824,0.1825,0.1826,0.1827,0.1828,0.1829,0.1831,0.1832,0.1833,0.1834,0.1835,0.1836,0.1837,0.1838,0.1839,0.1841,0.1842,0.1843,0.1844,0.1845,0.1846,0.1847,0.1849,0.185,0.1851,0.1852,0.1853,0.1854,0.1855,0.1857,0.1858,0.1859,0.186,0.1861,0.1862,0.1863,0.1865,0.1866,0.1867,0.1868,0.1869,0.187,0.1872,0.1873,0.1874,0.1875,0.1876,0.1877,0.1879,0.188,0.1881,0.1882,0.1883,0.1885,0.1886,0.1887,0.1888,0.1889,0.189,0.1892,0.1893,0.1894,0.1895,0.1896,0.1898,0.1899,0.19,0.1901,0.1902,0.1904,0.1905,0.1906,0.1907,0.1908,0.191,0.1911,0.1912,0.1913,0.1915,0.1916,0.1917,0.1918,0.1919,0.1921,0.1922,0.1923,0.1924,0.1926,0.1927,0.1928,0.1929,0.1931,0.1932,0.1933,0.1934,0.1936,0.1937,0.1938,0.1939,0.1941,0.1942,0.1943,0.1944,0.1946,0.1947,0.1948,0.1949,0.1951,0.1952,0.1953,0.1954,0.1956,0.1957,0.1958,0.196,0.1961,0.1962,0.1963,0.1965,0.1966,0.1967,0.1969,0.197,0.1971,0.1972,0.1974,0.1975,0.1976,0.1978,0.1979,0.198,0.1982,0.1983,0.1984,0.1985,0.1987,0.1988,0.1989,0.1991,0.1992,0.1993,0.1996,0.2,0.2003,0.2007,0.2011,0.2014,0.2018,0.2022,0.2025,0.2029,0.2033,0.2038,0.2042,0.2047,0.2051,0.2055,0.206,0.2064,0.2069,0.2073,0.2078,0.2082,0.2087,0.2092,0.2096,0.2101,0.2105,0.211,0.2112,0.2113,0.2113,0.2114,0.2115,0.2116,0.2117,0.2117,0.2118,0.2119,0.212,0.212,0.2121,0.2122,0.2123,0.2124,0.2125,0.2126,0.2127,0.2128,0.2129,0.213,0.2132,0.2133,0.2134,0.2135,0.2136,0.2137,0.2138,0.2139,0.2141,0.2142,0.2143,0.2144,0.2145,0.2146,0.2147,0.2149,0.215,0.2151,0.2152,0.2153,0.2154,0.2155
0.1781,0.1782,0.1783,0.1784,0.1785,0.1786,0.1787,0.1788,0.1789,0.179,0.1791,0.1792,0.1793,0.1794,0.1795,0.1796,0.1798,0.1799,0.18,0.1801,0.1802,0.1803,0.1804,0.1805,0.1806,0.1807,0.1808,0.1809,0.1811,0.1812,0.1813,0.1814,0.1815,0.1816,0.1817,0.1818,0.1819,0.182,0.1822,0.1823,0.1824,0.1825,0.1826,0.1827,0.1828,0.1829,0.183,0.1832,0.1833,0.1834,0.1835,0.1836,0.1837,0.1838,0.1839,0.184,0.1842,0.1843,0.1844,0.1845,0.1846,0.1847,0.1848,0.185,0.1851,0.1852,0.1853,0.1854,0.1855,0.1856,0.1858,0.1859,0.186,0.1861,0.1862,0.1863,0.1864,0.1866,0.1867,0.1868,0.1869,0.187,0.1871,0.1873,0.1874,0.1875,0.1876,0.1877,0.1878,0.188,0.1881,0.1882,0.1883,0.1884,0.1886,0.1887,0.1888,0.1889,0.189,0.1891,0.1893,0.1894,0.1895,0.1896,0.1897,0.1899,0.19,0.1901,0.1902,0.1903,0.1905,0.1906,0.1907,0.1908,0.191,0.1911,0.1912,0.1913,0.1914,0.1916,0.1917,0.1918,0.1919,0.1921,0.1922,0.1923,0.1924,0.1925,0.1927,0.1928,0.1929,0.193,0.1932,0.1933,0.1934,0.1935,0.1937,0.1938,0.1939,0.194,0.1942,0.1943,0.1944,0.1945,0.1947,0.1948,0.1949,0.195,0.1952,0.1953,0.1954,0.1956,0.1957,0.1958,0.1959,0.1961,0.1962,0.1963,0.1964,0.1966,0.1967,0.1968,0.197,0.1971,0.1972,0.1974,0.1975,0.1976,0.1977,0.1979,0.198,0.1981,0.1983,0.1984,0.1985,0.1987,0.1988,0.1989,0.1991,0.1992,0.1993,0.1994,0.1996,0.1997,0.2001,0.2004,0.2008,0.2011,0.2015,0.2019,0.2023,0.2026,0.203,0.2034,0.2038,0.2043,0.2047,0.2052,0.2056,0.2061,0.2065,0.2069,0.2074,0.2079,0.2083,0.2088,0.2092,0.2097,0.2101,0.2106,0.2111,0.2115,0.2116,0.2117,0.2118,0.2119,0.2119,0.212,0.2121,0.2122,0.2122,0.2123,0.2124,0.2125,0.2126,0.2126,0.2127,0.2128,0.2129,0.213,0.2131,0.2133,0.2134,0.2135,0.2136,0.2137,0.2138,0.2139,0.214,0.2142,0.2143,0.2144,0.2145,0.2146,0.2147,0.2148,0.215,0.2151,0.2152,0.2153,0.2154,0.2155,0.2156,0.2158,0.2159,0.216
0.1784,0.1785,0.1786,0.1787,0.1788,0.1789,0.179,0.1791,0.1792,0.1793,0.1794,0.1795,0.1796,0.1797,0.1798,0.18,0.1801,0.1802,0.1803,0.1804,0.1805,0.1806,0.1807,0.1808,0.1809,0.181,0.1811,0.1813,0.1814,0.1815,0.1816,0.1817,0.1818,0.1819,0.182,0.1821,0.1822,0.1824,0.1825,0.1826,0.1827,0.1828,0.1829,0.183,0.1831,0.1832,0.1834,0.1835,0.1836,0.1837,0.1838,0.1839,0.184,0.1841,0.1843,0.1844,0.1845,0.1846,0.1847,0.1848,0.1849,0.1851,0.1852,0.1853,0.1854,0.1855,0.1856,0.1857,0.1859,0.186,0.1861,0.1862,0.1863,0.1864,0.1865,0.1867,0.1868,0.1869,0.187,0.1871,0.1872,0.1874,0.1875,0.1876,0.1877,0.1878,0.188,0.1881,0.1882,0.1883,0.1884,0.1885,0.1887,0.1888,0.1889,0.189,0.1891,0.1893,0.1894,0.1895,0.1896,0.1897,0.1899,0.19,0.1901,0.1902,0.1903,0.1905,0.1906,0.1907,0.1908,0.1909,0.1911,0.1912,0.1913,0.1914,0.1915,0.1917,0.1918,0.1919,0.192,0.1922,0.1923,0.1924,0.1925,0.1927,0.1928,0.1929,0.193,0.1931,0.1933,0.1934,0.1935,0.1936,0.1938,0.1939,0.194,0.1941,0.1943,0.1944,0.1945,0.1947,0.1948,0.1949,0.195,0.1952,0.1953,0.1954,0.1955,0.1957,0.1958,0.1959,0.196,0.1962,0.1963,0.1964,0.1966,0.1967,0.1968,0.1969,0.1971,0.1972,0.1973,0.1975,0.1976,0.1977,0.1979,0.198,0.1981,0.1982,0.1984,0.1985,0.1986,0.1988,0.1989,0.199,0.1992,0.1993,0.1994,0.1996,0.1997,0.1998,0.2,0.2001,0.2005,0.2009,0.2012,0.2016,0.202,0.2023,0.2027,0.2031,0.2035,0.2039,0.2043,0.2048,0.2052,0.2057,0.2061,0.2066,0.207,0.2075,0.2079,0.2084,0.2088,0.2093,0.2097,0.2102,0.2107,0.2111,0.2116,0.212,0.2121,0.2121,0.2122,0.2123,0.2124,0.2124,0.2125,0.2126,0.2127,0.2128,0.2128,0.2129,0.213,0.2131,0.2132,0.2132,0.2134,0.2135,0.2136,0.2137,0.2138,0.2139,0.214,0.2141,0.2143,0.2144,0.2145,0.2146,0.2147,0.2148,0.2149,0.2151,0.2152,0.2153,0.2154,0.2155,0.2156,0.2158,0.2159,0.216,0.2161,0.2162,0.2163,0.2164
0.1787,0.1788,0.1789,0.179,0.1791,0.1792,0.1793,0.1794,0.1795,0.1796,0.1797,0.1798,0.1799,0.18,0.1802,0.1803,0.1804,0.1805,0.1806,0.1807,0.1808,0.1809,0.181,0.1811,0.1812,0.1814,0.1815,0.1816,0.1817,0.1818,0.1819,0.182,0.1821,0.1822,0.1823,0.1825,0.1826,0.1827,0.1828,0.1829,0.183,0.1831,0.1832,0.1833,0.1835,0.1836,0.1837,0.1838,0.1839,0.184,0.1841,0.1842,0.1844,0.1845,0.1846,0.1847,0.1848,0.1849,0.185,0.1852,0.1853,0.1854,0.1855,0.1856,0.1857,0.1858,0.186,0.1861,0.1862,0.1863,0.1864,0.1865,0.1867,0.1868,0.1869,0.187,0.1871,0.1872,0.1873,0.1875,0.1876,0.1877,0.1878,0.1879,0.1881,0.1882,0.1883,0.1884,0.1885,0.1886,0.1888,0.1889,0.189,0.1891,0.1892,0.1894,0.1895,0.1896,0.1897,0.1898,0.19,0.1901,0.1902,0.1903,0.1904,0.1906,0.1907,0.1908,0.1909,0.191,0.1912,0.1913,0.1914,0.1915,0.1917,0.1918,0.1919,0.192,0.1921,0.1923,0.1924,0.1925,0.1926,0.1928,0.1929,0.193,0.1931,0.1933,0.1934,0.1935,0.1936,0.1938,0.1939,0.194,0.1941,0.1943,0.1944,0.1945,0.1946,0.1948,0.1949,0.195,0.1951,0.1953,0.1954,0.1955,0.1956,0.1958,0.1959,0.196,0.1962,0.1963,0.1964,0.1965,0.1967,0.1968,0.1969,0.1971,0.1972,0.1973,0.1975,0.1976,0.1977,0.1978,0.198,0.1981,0.1982,0.1984,0.1985,0.1986,0.1988,0.1989,0.199,0.1992,0.1993,0.1994,0.1995,0.1997,0.1998,0.1999,0.2001,0.2002,0.2003,0.2006,0.201,0.2013,0.2017,0.2021,0.2024,0.2028,0.2032,0.2036,0.204,0.2044,0.2048,0.2053,0.2057,0.2062,0.2066,0.2071,0.2075,0.208,0.2084,0.2089,0.2093,0.2098,0.2103,0.2107,0.2112,0.2117,0.2121,0.2124,0.2125,0.2126,0.2126,0.2127,0.2128,0.2129,0.213,0.213,0.2131,0.2132,0.2133,0.2134,0.2134,0.2135,0.2136,0.2137,0.2138,0.2139,0.214,0.2141,0.2143,0.2144,0.2145,0.2146,0.2147,0.2148,0.2149,0.2151,0.2152,0.2153,0.2154,0.2155,0.2156,0.2157,0.2159,0.216,0.2161,0.2162,0.2163,0.2164,0.2166,0.2167,0.2168,0.2169
0.1790,0.1791,0.1792,0.1793,0.1794,0.1795,0.1796,0.1797,0.1798,0.1799,0.18,0.1801,0.1803,0.1804,0.1805,0.1806,0.1807,0.1808,0.1809,0.181,0.1811,0.1812,0.1813,0.1814,0.1816,0.1817,0.1818,0.1819,0.182,0.1821,0.1822,0.1823,0.1824,0.1826,0.1827,0.1828,0.1829,0.183,0.1831,0.1832,0.1833,0.1834,0.1836,0.1837,0.1838,0.1839,0.184,0.1841,0.1842,0.1843,0.1845,0.1846,0.1847,0.1848,0.1849,0.185,0.1851,0.1853,0.1854,0.1855,0.1856,0.1857,0.1858,0.1859,0.1861,0.1862,0.1863,0.1864,0.1865,0.1866,0.1868,0.1869,0.187,0.1871,0.1872,0.1873,0.1875,0.1876,0.1877,0.1878,0.1879,0.188,0.1882,0.1883,0.1884,0.1885,0.1886,0.1887,0.1889,0.189,0.1891,0.1892,0.1893,0.1895,0.1896,0.1897,0.1898,0.1899,0.1901,0.1902,0.1903,0.1904,0.1905,0.1907,0.1908,0.1909,0.191,0.1912,0.1913,0.1914,0.1915,0.1916,0.1918,0.1919,0.192,0.1921,0.1923,0.1924,0.1925,0.1926,0.1927,0.1929,0.193,0.1931,0.1932,0.1934,0.1935,0.1936,0.1937,0.1939,0.194,0.1941,0.1942,0.1944,0.1945,0.1946,0.1947,0.1949,0.195,0.1951,0.1953,0.1954,0.1955,0.1956,0.1958,0.1959,0.196,0.1961,0.1963,0.1964,0.1965,0.1967,0.1968,0.1969,0.197,0.1972,0.1973,0.1974,0.1976,0.1977,0.1978,0.198,0.1981,0.1982,0.1983,0.1985,0.1986,0.1987,0.1989,0.199,0.1991,0.1993,0.1994,0.1995,0.1997,0.1998,0.1999,0.2001,0.2002,0.2003,0.2005,0.2006,0.2007,0.201,0.2014,0.2018,0.2022,0.2025,0.2029,0.2033,0.2036,0.204,0.2045,0.2049,0.2053,0.2058,0.2062,0.2067,0.2071,0.2076,0.208,0.2085,0.2089,0.2094,0.2099,0.2103,0.2108,0.2113,0.2117,0.2122,0.2127,0.2128,0.2129,0.213,0.2131,0.2132,0.2132,0.2133,0.2134,0.2135,0.2136,0.2136,0.2137,0.2138,0.2139,0.214,0.214,0.2141,0.2142,0.2144,0.2145,0.2146,0.2147,0.2148,0.2149,0.215,0.2152,0.2153,0.2154,0.2155,0.2156,0.2157,0.2158,0.216,0.2161,0.2162,0.2163,0.2164,0.2165,0.2167,0.2168,0.2169,0.217,0.2171,0.2172,0.2174
0.1793,0.1794,0.1795,0.1796,0.1797,0.1798,0.1799,0.18,0.1801,0.1802,0.1803,0.1805,0.1806,0.1807,0.1808,0.1809,0.181,0.1811,0.1812,0.1813,0.1814,0.1815,0.1817,0.1818,0.1819,0.182,0.1821,0.1822,0.1823,0.1824,0.1825,0.1826,0.1828,0.1829,0.183,0.1831,0.1832,0.1833,0.1834,0.1835,0.1837,0.1838,0.1839,0.184,0.1841,0.1842,0.1843,0.1844,0.1846,0.1847,0.1848,0.1849,0.185,0.1851,0.1852,0.1854,0.1855,0.1856,0.1857,0.1858,0.1859,0.186,0.1862,0.1863,0.1864,0.1865,0.1866,0.1867,0.1869,0.187,0.1871,0.1872,0.1873,0.1874,0.1876,0.1877,0.1878,0.1879,0.188,0.1881,0.1883,0.1884,0.1885,0.1886,0.1887,0.1889,0.189,0.1891,0.1892,0.1893,0.1894,0.1896,0.1897,0.1898,0.1899,0.19,0.1902,0.1903,0.1904,0.1905,0.1907,0.1908,0.1909,0.191,0.1911,0.1913,0.1914,0.1915,0.1916,0.1917,0.1919,0.192,0.1921,0.1922,0.1924,0.1925,0.1926,0.1927,0.1929,0.193,0.1931,0.1932,0.1934,0.1935,0.1936,0.1937,0.1938,0.194,0.1941,0.1942,0.1944,0.1945,0.1946,0.1947,0.1949,0.195,0.1951,0.1952,0.1954,0.1955,0.1956,0.1957,0.1959,0.196,0.1961,0.1963,0.1964,0.1965,0.1966,0.1968,0.1969,0.197,0.1972,0.1973,0.1974,0.1975,0.1977,0.1978,0.1979,0.1981,0.1982,0.1983,0.1985,0.1986,0.1987,0.1989,0.199,0.1991,0.1993,0.1994,0.1995,0.1996,0.1998,0.1999,0.2,0.2002,0.2003,0.2004,0.2006,0.2007,0.2009,0.201,0.2011,0.2015,0.2019,0.2022,0.2026,0.203,0.2034,0.2037,0.2041,0.2045,0.205,0.2054,0.2058,0.2063,0.2067,0.2072,0.2076,0.2081,0.2086,0.209,0.2095,0.2099,0.2104,0.2109,0.2113,0.2118,0.2123,0.2128,0.2132,0.2133,0.2134,0.2134,0.2135,0.2136,0.2137,0.2138,0.2138,0.2139,0.214,0.2141,0.2142,0.2142,0.2143,0.2144,0.2145,0.2146,0.2147,0.2148,0.2149,0.215,0.2151,0.2153,0.2154,0.2155,0.2156,0.2157,0.2158,0.216,0.2161,0.2162,0.2163,0.2164,0.2165,0.2166,0.2168,0.2169,0.217,0.2171,0.2172,0.2173,0.2175,0.2176,0.2177,0.2178
0.1796,0.1797,0.1798,0.1799,0.18,0.1801,0.1802,0.1803,0.1804,0.1805,0.1807,0.1808,0.1809,0.181,0.1811,0.1812,0.1813,0.1814,0.1815,0.1816,0.1818,0.1819,0.182,0.1821,0.1822,0.1823,0.1824,0.1825,0.1826,0.1827,0.1829,0.183,0.1831,0.1832,0.1833,0.1834,0.1835,0.1836,0.1838,0.1839,0.184,0.1841,0.1842,0.1843,0.1844,0.1845,0.1847,0.1848,0.1849,0.185,0.1851,0.1852,0.1853,0.1855,0.1856,0.1857,0.1858,0.1859,0.186,0.1861,0.1863,0.1864,0.1865,0.1866,0.1867,0.1868,0.187,0.1871,0.1872,0.1873,0.1874,0.1875,0.1877,0.1878,0.1879,0.188,0.1881,0.1882,0.1884,0.1885,0.1886,0.1887,0.1888,0.189,0.1891,0.1892,0.1893,0.1894,0.1896,0.1897,0.1898,0.1899,0.19,0.1902,0.1903,0.1904,0.1905,0.1906,0.1908,0.1909,0.191,0.1911,0.1912,0.1914,0.1915,0.1916,0.1917,0.1919,0.192,0.1921,0.1922,0.1923,0.1925,0.1926,0.1927,0.1928,0.193,0.1931,0.1932,0.1933,0.1935,0.1936,0.1937,0.1938,0.194,0.1941,0.1942,0.1943,0.1945,0.1946,0.1947,0.1948,0.195,0.1951,0.1952,0.1953,0.1955,0.1956,0.1957,0.1959,0.196,0.1961,0.1962,0.1964,0.1965,0.1966,0.1968,0.1969,0.197,0.1971,0.1973,0.1974,0.1975,0.1977,0.1978,0.1979,0.1981,0.1982,0.1983,0.1984,0.1986,0.1987,0.1988,0.199,0.1991,0.1992,0.1994,0.1995,0.1996,0.1998,0.1999,0.2,0.2002,0.2003,0.2004,0.2006,0.2007,0.2008,0.201,0.2011,0.2012,0.2014,0.2016,0.202,0.2023,0.2027,0.2031,0.2034,0.2038,0.2042,0.2046,0.205,0.2055,0.2059,0.2064,0.2068,0.2073,0.2077,0.2082,0.2086,0.2091,0.2095,0.21,0.2105,0.2109,0.2114,0.2119,0.2123,0.2128,0.2133,0.2136,0.2137,0.2138,0.2139,0.214,0.214,0.2141,0.2142,0.2143,0.2144,0.2144,0.2145,0.2146,0.2147,0.2148,0.2148,0.2149,0.215,0.2151,0.2152,0.2154,0.2155,0.2156,0.2157,0.2158,0.2159,0.2161,0.2162,0.2163,0.2164,0.2165,0.2166,0.2168,0.2169,0.217,0.2171,0.2172,0.2173,0.2175,0.2176,0.2177,0.2178,0.2179,0.218,0.2182,0.2183
0.1799,0.18,0.1801,0.1802,0.1803,0.1804,0.1805,0.1806,0.1808,0.1809,0.181,0.1811,0.1812,0.1813,0.1814,0.1815,0.1816,0.1817,0.1818,0.182,0.1821,0.1822,0.1823,0.1824,0.1825,0.1826,0.1827,0.1828,0.183,0.1831,0.1832,0.1833,0.1834,0.1835,0.1836,0.1837,0.1839,0.184,0.1841,0.1842,0.1843,0.1844,0.1845,0.1846,0.1848,0.1849,0.185,0.1851,0.1852,0.1853,0.1854,0.1856,0.1857,0.1858,0.1859,0.186,0.1861,0.1862,0.1864,0.1865,0.1866,0.1867,0.1868,0.1869,0.1871,0.1872,0.1873,0.1874,0.1875,0.1876,0.1878,0.1879,0.188,0.1881,0.1882,0.1883,0.1885,0.1886,0.1887,0.1888,0.1889,0.1891,0.1892,0.1893,0.1894,0.1895,0.1897,0.1898,0.1899,0.19,0.1901,0.1903,0.1904,0.1905,0.1906,0.1907,0.1909,0.191,0.1911,0.1912,0.1913,0.1915,0.1916,0.1917,0.1918,0.192,0.1921,0.1922,0.1923,0.1925,0.1926,0.1927,0.1928,0.1929,0.1931,0.1932,0.1933,0.1934,0.1936,0.1937,0.1938,0.1939,0.1941,0.1942,0.1943,0.1944,0.1946,0.1947,0.1948,0.195,0.1951,0.1952,0.1953,0.1955,0.1956,0.1957,0.1958,0.196,0.1961,0.1962,0.1964,0.1965,0.1966,0.1967,0.1969,0.197,0.1971,0.1973,0.1974,0.1975,0.1976,0.1978,0.1979,0.198,0.1982,0.1983,0.1984,0.1986,0.1987,0.1988,0.199,0.1991,0.1992,0.1994,0.1995,0.1996,0.1997,0.1999,0.2,0.2001,0.2003,0.2004,0.2005,0.2007,0.2008,0.201,0.2011,0.2012,0.2014,0.2015,0.2016,0.2018,0.202,0.2024,0.2028,0.2032,0.2035,0.2039,0.2043,0.2047,0.2051,0.2055,0.206,0.2064,0.2069,0.2073,0.2078,0.2082,0.2087,0.2091,0.2096,0.2101,0.2105,0.211,0.2115,0.2119,0.2124,0.2129,0.2134,0.2138,0.2141,0.2142,0.2142,0.2143,0.2144,0.2145,0.2146,0.2146,0.2147,0.2148,0.2149,0.215,0.215,0.2151,0.2152,0.2153,0.2154,0.2155,0.2156,0.2157,0.2158,0.2159,0.216,0.2162,0.2163,0.2164,0.2165,0.2166,0.2167,0.2169,0.217,0.2171,0.2172,0.2173,0.2174,0.2176,0.2177,0.2178,0.2179,0.218,0.2181,0.2183,0.2184,0.2185,0.2186,0.2187
0.1802,0.1803,0.1804,0.1805,0.1806,0.1807,0.1808,0.181,0.1811,0.1812,0.1813,0.1814,0.1815,0.1816,0.1817,0.1818,0.1819,0.1821,0.1822,0.1823,0.1824,0.1825,0.1826,0.1827,0.1828,0.1829,0.1831,0.1832,0.1833,0.1834,0.1835,0.1836,0.1837,0.1838,0.184,0.1841,0.1842,0.1843,0.1844,0.1845,0.1846,0.1847,0.1849,0.185,0.1851,0.1852,0.1853,0.1854,0.1855,0.1857,0.1858,0.1859,0.186,0.1861,0.1862,0.1863,0.1865,0.1866,0.1867,0.1868,0.1869,0.187,0.1872,0.1873,0.1874,0.1875,0.1876,0.1877,0.1879,0.188,0.1881,0.1882,0.1883,0.1885,0.1886,0.1887,0.1888,0.1889,0.189,0.1892,0.1893,0.1894,0.1895,0.1896,0.1898,0.1899,0.19,0.1901,0.1902,0.1904,0.1905,0.1906,0.1907,0.1908,0.191,0.1911,0.1912,0.1913,0.1915,0.1916,0.1917,0.1918,0.1919,0.1921,0.1922,0.1923,0.1924,0.1926,0.1927,0.1928,0.1929,0.1931,0.1932,0.1933,0.1934,0.1936,0.1937,0.1938,0.1939,0.1941,0.1942,0.1943,0.1944,0.1946,0.1947,0.1948,0.1949,0.1951,0.1952,0.1953,0.1954,0.1956,0.1957,0.1958,0.196,0.1961,0.1962,0.1963,0.1965,0.1966,0.1967,0.1969,0.197,0.1971,0.1972,0.1974,0.1975,0.1976,0.1978,0.1979,0.198,0.1982,0.1983,0.1984,0.1985,0.1987,0.1988,0.1989,0.1991,0.1992,0.1993,0.1995,0.1996,0.1997,0.1999,0.2,0.2001,0.2003,0.2004,0.2005,0.2007,0.2008,0.2009,0.2011,0.2012,0.2013,0.2015,0.2016,0.2017,0.2019,0.202,0.2022,0.2025,0.2029,0.2033,0.2036,0.204,0.2044,0.2048,0.2051,0.2056,0.206,0.2065,0.2069,0.2074,0.2078,0.2083,0.2087,0.2092,0.2097,0.2101,0.2106,0.2111,0.2115,0.212,0.2125,0.2129,0.2134,0.2139,0.2144,0.2145,0.2146,0.2147,0.2148,0.2148,0.2149,0.215,0.2151,0.2152,0.2152,0.2153,0.2154,0.2155,0.2156,0.2156,0.2157,0.2158,0.2159,0.216,0.2161,0.2163,0.2164,0.2165,0.2166,0.2167,0.2168,0.217,0.2171,0.2172,0.2173,0.2174,0.2175,0.2177,0.2178,0.2179,0.218,0.2181,0.2183,0.2184,0.2185,0.2186,0.2187,0.2188,0.219,0.2191,0.2192
0.1805,0.1806,0.1807,0.1808,0.1809,0.1811,0.1812,0.1813,0.1814,0.1815,0.1816,0.1817,0.1818,0.1819,0.182,0.1822,0.1823,0.1824,0.1825,0.1826,0.1827,0.1828,0.1829,0.183,0.1832,0.1833,0.1834,0.1835,0.1836,0.1837,0.1838,0.1839,0.184,0.1842,0.1843,0.1844,0.1845,0.1846,0.1847,0.1848,0.185,0.1851,0.1852,0.1853,0.1854,0.1855,0.1856,0.1858,0.1859,0.186,0.1861,0.1862,0.1863,0.1864,0.1866,0.1867,0.1868,0.1869,0.187,0.1871,0.1873,0.1874,0.1875,0.1876,0.1877,0.1878,0.188,0.1881,0.1882,0.1883,0.1884,0.1886,0.1887,0.1888,0.1889,0.189,0.1891,0.1893,0.1894,0.1895,0.1896,0.1897,0.1899,0.19,0.1901,0.1902,0.1903,0.1905,0.1906,0.1907,0.1908,0.191,0.1911,0.1912,0.1913,0.1914,0.1916,0.1917,0.1918,0.1919,0.1921,0.1922,0.1923,0.1924,0.1925,0.1927,0.1928,0.1929,0.193,0.1932,0.1933,0.1934,0.1935,0.1937,0.1938,0.1939,0.194,0.1942,0.1943,0.1944,0.1945,0.1947,0.1948,0.1949,0.195,0.1952,0.1953,0.1954,0.1956,0.1957,0.1958,0.1959,0.1961,0.1962,0.1963,0.1964,0.1966,0.1967,0.1968,0.197,0.1971,0.1972,0.1974,0.1975,0.1976,0.1977,0.1979,0.198,0.1981,0.1983,0.1984,0.1985,0.1987,0.1988,0.1989,0.1991,0.1992,0.1993,0.1995,0.1996,0.1997,0.1998,0.2,0.2001,0.2002,0.2004,0.2005,0.2007,0.2008,0.2009,0.2011,0.2012,0.2013,0.2015,0.2016,0.2017,0.2019,0.202,0.2021,0.2023,0.2024,0.2026,0.203,0.2033,0.2037,0.2041,0.2045,0.2049,0.2052,0.2056,0.2061,0.2065,0.207,0.2074,0.2079,0.2083,0.2088,0.2093,0.2097,0.2102,0.2107,0.2111,0.2116,0.2121,0.2125,0.213,0.2135,0.214,0.2144,0.2149,0.215,0.215,0.2151,0.2152,0.2153,0.2154,0.2154,0.2155,0.2156,0.2157,0.2158,0.2159,0.2159,0.216,0.2161,0.2162,0.2163,0.2164,0.2165,0.2166,0.2167,0.2168,0.217,0.2171,0.2172,0.2173,0.2174,0.2175,0.2177,0.2178,0.2179,0.218,0.2181,0.2182,0.2184,0.2185,0.2186,0.2187,0.2188,0.219,0.2191,0.2192,0.2193,0.2194,0.2196,0.2197
0.1808,0.1809,0.181,0.1811,0.1813,0.1814,0.1815,0.1816,0.1817,0.1818,0.1819,0.182,0.1821,0.1822,0.1824,0.1825,0.1826,0.1827,0.1828,0.1829,0.183,0.1831,0.1832,0.1834,0.1835,0.1836,0.1837,0.1838,0.1839,0.184,0.1841,0.1843,0.1844,0.1845,0.1846,0.1847,0.1848,0.1849,0.1851,0.1852,0.1853,0.1854,0.1855,0.1856,0.1857,0.1859,0.186,0.1861,0.1862,0.1863,0.1864,0.1865,0.1867,0.1868,0.1869,0.187,0.1871,0.1872,0.1874,0.1875,0.1876,0.1877,0.1878,0.188,0.1881,0.1882,0.1883,0.1884,0.1885,0.1887,0.1888,0.1889,0.189,0.1891,0.1893,0.1894,0.1895,0.1896,0.1897,0.1899,0.19,0.1901,0.1902,0.1903,0.1905,0.1906,0.1907,0.1908,0.1909,0.1911,0.1912,0.1913,0.1914,0.1915,0.1917,0.1918,0.1919,0.192,0.1922,0.1923,0.1924,0.1925,0.1927,0.1928,0.1929,0.193,0.1931,0.1933,0.1934,0.1935,0.1936,0.1938,0.1939,0.194,0.1941,0.1943,0.1944,0.1945,0.1947,0.1948,0.1949,0.195,0.1952,0.1953,0.1954,0.1955,0.1957,0.1958,0.1959,0.196,0.1962,0.1963,0.1964,0.1966,0.1967,0.1968,0.1969,0.1971,0.1972,0.1973,0.1975,0.1976,0.1977,0.1979,0.198,0.1981,0.1982,0.1984,0.1985,0.1986,0.1988,0.1989,0.199,0.1992,0.1993,0.1994,0.1996,0.1997,0.1998,0.2,0.2001,0.2002,0.2004,0.2005,0.2006,0.2008,0.2009,0.201,0.2012,0.2013,0.2014,0.2016,0.2017,0.2018,0.202,0.2021,0.2023,0.2024,0.2025,0.2027,0.2028,0.2031,0.2034,0.2038,0.2042,0.2046,0.2049,0.2053,0.2057,0.2062,0.2066,0.207,0.2075,0.208,0.2084,0.2089,0.2093,0.2098,0.2103,0.2107,0.2112,0.2117,0.2121,0.2126,0.2131,0.2136,0.214,0.2145,0.215,0.2153,0.2154,0.2155,0.2156,0.2157,0.2157,0.2158,0.2159,0.216,0.2161,0.2161,0.2162,0.2163,0.2164,0.2165,0.2165,0.2166,0.2167,0.2168,0.2169,0.2171,0.2172,0.2173,0.2174,0.2175,0.2176,0.2178,0.2179,0.218,0.2181,0.2182,0.2184,0.2185,0.2186,0.2187,0.2188,0.2189,0.2191,0.2192,0.2193,0.2194,0.2195,0.2197,0.2198,0.2199,0.22,0.2201
0.1811,0.1812,0.1814,0.1815,0.1816,0.1817,0.1818,0.1819,0.182,0.1821,0.1822,0.1823,0.1825,0.1826,0.1827,0.1828,0.1829,0.183,0.1831,0.1832,0.1833,0.1835,0.1836,0.1837,0.1838,0.1839,0.184,0.1841,0.1842,0.1844,0.1845,0.1846,0.1847,0.1848,0.1849,0.185,0.1852,0.1853,0.1854,0.1855,0.1856,0.1857,0.1858,0.186,0.1861,0.1862,0.1863,0.1864,0.1865,0.1867,0.1868,0.1869,0.187,0.1871,0.1872,0.1874,0.1875,0.1876,0.1877,0.1878,0.1879,0.1881,0.1882,0.1883,0.1884,0.1885,0.1886,0.1888,0.1889,0.189,0.1891,0.1892,0.1894,0.1895,0.1896,0.1897,0.1898,0.19,0.1901,0.1902,0.1903,0.1904,0.1906,0.1907,0.1908,0.1909,0.191,0.1912,0.1913,0.1914,0.1915,0.1917,0.1918,0.1919,0.192,0.1921,0.1923,0.1924,0.1925,0.1926,0.1928,0.1929,0.193,0.1931,0.1933,0.1934,0.1935,0.1936,0.1938,0.1939,0.194,0.1941,0.1943,0.1944,0.1945,0.1946,0.1948,0.1949,0.195,0.1951,0.1953,0.1954,0.1955,0.1957,0.1958,0.1959,0.196,0.1962,0.1963,0.1964,0.1965,0.1967,0.1968,0.1969,0.1971,0.1972,0.1973,0.1975,0.1976,0.1977,0.1978,0.198,0.1981,0.1982,0.1984,0.1985,0.1986,0.1988,0.1989,0.199,0.1992,0.1993,0.1994,0.1996,0.1997,0.1998,0.1999,0.2001,0.2002,0.2003,0.2005,0.2006,0.2008,0.2009,0.201,0.2012,0.2013,0.2014,0.2016,0.2017,0.2018,0.202,0.2021,0.2022,0.2024,0.2025,0.2026,0.2028,0.2029,0.2031,0.2032,0.2035,0.2039,0.2043,0.2047,0.205,0.2054,0.2058,0.2062,0.2067,0.2071,0.2076,0.208,0.2085,0.2089,0.2094,0.2098,0.2103,0.2108,0.2112,0.2117,0.2122,0.2127,0.2131,0.2136,0.2141,0.2146,0.2151,0.2156,0.2158,0.2159,0.2159,0.216,0.2161,0.2162,0.2163,0.2163,0.2164,0.2165,0.2166,0.2167,0.2168,0.2168,0.2169,0.217,0.2171,0.2172,0.2173,0.2174,0.2175,0.2176,0.2177,0.2179,0.218,0.2181,0.2182,0.2183,0.2185,0.2186,0.2187,0.2188,0.2189,0.2191,0.2192,0.2193,0.2194,0.2195,0.2196,0.2198,0.2199,0.22,0.2201,0.2202,0.2204,0.2205,0.2206
0.1814,0.1816,0.1817,0.1818,0.1819,0.182,0.1821,0.1822,0.1823,0.1824,0.1826,0.1827,0.1828,0.1829,0.183,0.1831,0.1832,0.1833,0.1834,0.1836,0.1837,0.1838,0.1839,0.184,0.1841,0.1842,0.1843,0.1845,0.1846,0.1847,0.1848,0.1849,0.185,0.1851,0.1853,0.1854,0.1855,0.1856,0.1857,0.1858,0.1859,0.1861,0.1862,0.1863,0.1864,0.1865,0.1866,0.1868,0.1869,0.187,0.1871,0.1872,0.1873,0.1875,0.1876,0.1877,0.1878,0.1879,0.188,0.1882,0.1883,0.1884,0.1885,0.1886,0.1887,0.1889,0.189,0.1891,0.1892,0.1893,0.1895,0.1896,0.1897,0.1898,0.1899,0.1901,0.1902,0.1903,0.1904,0.1905,0.1907,0.1908,0.1909,0.191,0.1912,0.1913,0.1914,0.1915,0.1916,0.1918,0.1919,0.192,0.1921,0.1923,0.1924,0.1925,0.1926,0.1927,0.1929,0.193,0.1931,0.1932,0.1934,0.1935,0.1936,0.1937,0.1939,0.194,0.1941,0.1942,0.1944,0.1945,0.1946,0.1947,0.1949,0.195,0.1951,0.1953,0.1954,0.1955,0.1956,0.1958,0.1959,0.196,0.1961,0.1963,0.1964,0.1965,0.1967,0.1968,0.1969,0.197,0.1972,0.1973,0.1974,0.1976,0.1977,0.1978,0.198,0.1981,0.1982,0.1983,0.1985,0.1986,0.1987,0.1989,0.199,0.1991,0.1993,0.1994,0.1995,0.1997,0.1998,0.1999,0.2001,0.2002,0.2003,0.2005,0.2006,0.2007,0.2009,0.201,0.2011,0.2013,0.2014,0.2015,0.2017,0.2018,0.2019,0.2021,0.2022,0.2024,0.2025,0.2026,0.2028,0.2029,0.203,0.2032,0.2033,0.2035,0.2036,0.204,0.2044,0.2047,0.2051,0.2055,0.2059,0.2063,0.2067,0.2072,0.2076,0.2081,0.2085,0.209,0.2095,0.2099,0.2104,0.2108,0.2113,0.2118,0.2123,0.2127,0.2132,0.2137,0.2142,0.2146,0.2151,0.2156,0.2161,0.2162,0.2163,0.2164,0.2165,0.2166,0.2166,0.2167,0.2168,0.2169,0.217,0.217,0.2171,0.2172,0.2173,0.2174,0.2175,0.2175,0.2176,0.2177,0.2179,0.218,0.2181,0.2182,0.2183,0.2184,0.2186,0.2187,0.2188,0.2189,0.219,0.2192,0.2193,0.2194,0.2195,0.2196,0.2198,0.2199,0.22,0.2201,0.2202,0.2204,0.2205,0.2206,0.2207,0.2208,0.221,0.2211
0.1818,0.1819,0.182,0.1821,0.1822,0.1823,0.1824,0.1825,0.1826,0.1828,0.1829,0.183,0.1831,0.1832,0.1833,0.1834,0.1835,0.1837,0.1838,0.1839,0.184,0.1841,0.1842,0.1843,0.1844,0.1846,0.1847,0.1848,0.1849,0.185,0.1851,0.1852,0.1854,0.1855,0.1856,0.1857,0.1858,0.1859,0.186,0.1862,0.1863,0.1864,0.1865,0.1866,0.1867,0.1869,0.187,0.1871,0.1872,0.1873,0.1874,0.1876,0.1877,0.1878,0.1879,0.188,0.1881,0.1883,0.1884,0.1885,0.1886,0.1887,0.1889,0.189,0.1891,0.1892,0.1893,0.1894,0.1896,0.1897,0.1898,0.1899,0.19,0.1902,0.1903,0.1904,0.1905,0.1907,0.1908,0.1909,0.191,0.1911,0.1913,0.1914,0.1915,0.1916,0.1917,0.1919,0.192,0.1921,0.1922,0.1924,0.1925,0.1926,0.1927,0.1929,0.193,0.1931,0.1932,0.1934,0.1935,0.1936,0.1937,0.1939,0.194,0.1941,0.1942,0.1944,0.1945,0.1946,0.1947,0.1949,0.195,0.1951,0.1952,0.1954,0.1955,0.1956,0.1957,0.1959,0.196,0.1961,0.1963,0.1964,0.1965,0.1966,0.1968,0.1969,0.197,0.1972,0.1973,0.1974,0.1975,0.1977,0.1978,0.1979,0.1981,0.1982,0.1983,0.1985,0.1986,0.1987,0.1989,0.199,0.1991,0.1993,0.1994,0.1995,0.1996,0.1998,0.1999,0.2,0.2002,0.2003,0.2004,0.2006,0.2007,0.2009,0.201,0.2011,0.2013,0.2014,0.2015,0.2017,0.2018,0.2019,0.2021,0.2022,0.2023,0.2025,0.2026,0.2028,0.2029,0.203,0.2032,0.2033,0.2034,0.2036,0.2037,0.2039,0.2041,0.2045,0.2048,0.2052,0.2056,0.206,0.2064,0.2068,0.2072,0.2077,0.2081,0.2086,0.2091,0.2095,0.21,0.2104,0.2109,0.2114,0.2118,0.2123,0.2128,0.2133,0.2137,0.2142,0.2147,0.2152,0.2157,0.2162,0.2166,0.2167,0.2168,0.2168,0.2169,0.217,0.2171,0.2172,0.2172,0.2173,0.2174,0.2175,0.2176,0.2177,0.2177,0.2178,0.2179,0.218,0.2181,0.2182,0.2183,0.2184,0.2186,0.2187,0.2188,0.2189,0.219,0.2191,0.2193,0.2194,0.2195,0.2196,0.2197,0.2199,0.22,0.2201,0.2202,0.2203,0.2205,0.2206,0.2207,0.2208,0.2209,0.2211,0.2212,0.2213,0.2214,0.2216
0.1821,0.1822,0.1823,0.1824,0.1825,0.1826,0.1827,0.1829,0.183,0.1831,0.1832,0.1833,0.1834,0.1835,0.1836,0.1838,0.1839,0.184,0.1841,0.1842,0.1843,0.1844,0.1845,0.1847,0.1848,0.1849,0.185,0.1851,0.1852,0.1853,0.1855,0.1856,0.1857,0.1858,0.1859,0.186,0.1861,0.1863,0.1864,0.1865,0.1866,0.1867,0.1868,0.187,0.1871,0.1872,0.1873,0.1874,0.1875,0.1877,0.1878,0.1879,0.188,0.1881,0.1882,0.1884,0.1885,0.1886,0.1887,0.1888,0.189,0.1891,0.1892,0.1893,0.1894,0.1896,0.1897,0.1898,0.1899,0.19,0.1902,0.1903,0.1904,0.1905,0.1906,0.1908,0.1909,0.191,0.1911,0.1912,0.1914,0.1915,0.1916,0.1917,0.1919,0.192,0.1921,0.1922,0.1923,0.1925,0.1926,0.1927,0.1928,0.193,0.1931,0.1932,0.1933,0.1935,0.1936,0.1937,0.1938,0.194,0.1941,0.1942,0.1943,0.1945,0.1946,0.1947,0.1948,0.195,0.1951,0.1952,0.1953,0.1955,0.1956,0.1957,0.1959,0.196,0.1961,0.1962,0.1964,0.1965,0.1966,0.1968,0.1969,0.197,0.1971,0.1973,0.1974,0.1975,0.1977,0.1978,0.1979,0.1981,0.1982,0.1983,0.1984,0.1986,0.1987,0.1988,0.199,0.1991,0.1992,0.1994,0.1995,0.1996,0.1998,0.1999,0.2,0.2002,0.2003,0.2004,0.2006,0.2007,0.2008,0.201,0.2011,0.2012,0.2014,0.2015,0.2016,0.2018,0.2019,0.2021,0.2022,0.2023,0.2025,0.2026,0.2027,0.2029,0.203,0.2031,0.2033,0.2034,0.2036,0.2037,0.2038,0.204,0.2041,0.2043,0.2046,0.2049,0.2053,0.2057,0.2061,0.2065,0.2069,0.2073,0.2077,0.2082,0.2087,0.2091,0.2096,0.21,0.2105,0.211,0.2114,0.2119,0.2124,0.2129,0.2133,0.2138,0.2143,0.2148,0.2153,0.2158,0.2162,0.2167,0.217,0.2171,0.2172,0.2173,0.2174,0.2175,0.2175,0.2176,0.2177,0.2178,0.2179,0.218,0.218,0.2181,0.2182,0.2183,0.2184,0.2184,0.2185,0.2187,0.2188,0.2189,0.219,0.2191,0.2193,0.2194,0.2195,0.2196,0.2197,0.2199,0.22,0.2201,0.2202,0.2203,0.2205,0.2206,0.2207,0.2208,0.2209,0.2211,0.2212,0.2213,0.2214,0.2215,0.2217,0.2218,0.2219,0.222
0.1824,0.1825,0.1826,0.1827,0.1828,0.183,0.1831,0.1832,0.1833,0.1834,0.1835,0.1836,0.1837,0.1839,0.184,0.1841,0.1842,0.1843,0.1844,0.1845,0.1846,0.1848,0.1849,0.185,0.1851,0.1852,0.1853,0.1854,0.1856,0.1857,0.1858,0.1859,0.186,0.1861,0.1862,0.1864,0.1865,0.1866,0.1867,0.1868,0.1869,0.1871,0.1872,0.1873,0.1874,0.1875,0.1876,0.1878,0.1879,0.188,0.1881,0.1882,0.1883,0.1885,0.1886,0.1887,0.1888,0.1889,0.1891,0.1892,0.1893,0.1894,0.1895,0.1897,0.1898,0.1899,0.19,0.1901,0.1903,0.1904,0.1905,0.1906,0.1907,0.1909,0.191,0.1911,0.1912,0.1913,0.1915,0.1916,0.1917,0.1918,0.192,0.1921,0.1922,0.1923,0.1925,0.1926,0.1927,0.1928,0.1929,0.1931,0.1932,0.1933,0.1934,0.1936,0.1937,0.1938,0.1939,0.1941,0.1942,0.1943,0.1944,0.1946,0.1947,0.1948,0.195,0.1951,0.1952,0.1953,0.1955,0.1956,0.1957,0.1958,0.196,0.1961,0.1962,0.1964,0.1965,0.1966,0.1967,0.1969,0.197,0.1971,0.1973,0.1974,0.1975,0.1976,0.1978,0.1979,0.198,0.1982,0.1983,0.1984,0.1986,0.1987,0.1988,0.199,0.1991,0.1992,0.1994,0.1995,0.1996,0.1997,0.1999,0.2,0.2001,0.2003,0.2004,0.2006,0.2007,0.2008,0.201,0.2011,0.2012,0.2014,0.2015,0.2016,0.2018,0.2019,0.202,0.2022,0.2023,0.2024,0.2026,0.2027,0.2029,0.203,0.2031,0.2033,0.2034,0.2035,0.2037,0.2038,0.204,0.2041,0.2042,0.2044,0.2045,0.2047,0.205,0.2054,0.2058,0.2062,0.2066,0.2069,0.2074,0.2078,0.2083,0.2087,0.2092,0.2096,0.2101,0.2106,0.211,0.2115,0.212,0.2124,0.2129,0.2134,0.2139,0.2144,0.2148,0.2153,0.2158,0.2163,0.2168,0.2173,0.2175,0.2176,0.2177,0.2177,0.2178,0.2179,0.218,0.2181,0.2182,0.2182,0.2183,0.2184,0.2185,0.2186,0.2187,0.2187,0.2188,0.2189,0.219,0.2191,0.2192,0.2194,0.2195,0.2196,0.2197,0.2198,0.22,0.2201,0.2202,0.2203,0.2204,0.2206,0.2207,0.2208,0.2209,0.221,0.2212,0.2213,0.2214,0.2215,0.2217,0.2218,0.2219,0.222,0.2221,0.2223,0.2224,0.2225
0.1827,0.1828,0.1829,0.1831,0.1832,0.1833,0.1834,0.1835,0.1836,0.1837,0.1838,0.184,0.1841,0.1842,0.1843,0.1844,0.1845,0.1846,0.1847,0.1849,0.185,0.1851,0.1852,0.1853,0.1854,0.1855,0.1857,0.1858,0.1859,0.186,0.1861,0.1862,0.1863,0.1865,0.1866,0.1867,0.1868,0.1869,0.187,0.1872,0.1873,0.1874,0.1875,0.1876,0.1877,0.1879,0.188,0.1881,0.1882,0.1883,0.1885,0.1886,0.1887,0.1888,0.1889,0.189,0.1892,0.1893,0.1894,0.1895,0.1896,0.1898,0.1899,0.19,0.1901,0.1902,0.1904,0.1905,0.1906,0.1907,0.1908,0.191,0.1911,0.1912,0.1913,0.1915,0.1916,0.1917,0.1918,0.1919,0.1921,0.1922,0.1923,0.1924,0.1926,0.1927,0.1928,0.1929,0.1931,0.1932,0.1933,0.1934,0.1936,0.1937,0.1938,0.1939,0.1941,0.1942,0.1943,0.1944,0.1946,0.1947,0.1948,0.1949,0.1951,0.1952,0.1953,0.1954,0.1956,0.1957,0.1958,0.196,0.1961,0.1962,0.1963,0.1965,0.1966,0.1967,0.1969,0.197,0.1971,0.1972,0.1974,0.1975,0.1976,0.1978,0.1979,0.198,0.1982,0.1983,0.1984,0.1985,0.1987,0.1988,0.1989,0.1991,0.1992,0.1993,0.1995,0.1996,0.1997,0.1999,0.2,0.2001,0.2003,0.2004,0.2005,0.2007,0.2008,0.2009,0.2011,0.2012,0.2013,0.2015,0.2016,0.2017,0.2019,0.202,0.2022,0.2023,0.2024,0.2026,0.2027,0.2028,0.203,0.2031,0.2032,0.2034,0.2035,0.2037,0.2038,0.2039,0.2041,0.2042,0.2044,0.2045,0.2046,0.2048,0.2049,0.2051,0.2055,0.2059,0.2063,0.2067,0.207,0.2074,0.2079,0.2083,0.2088,0.2092,0.2097,0.2102,0.2106,0.2111,0.2116,0.212,0.2125,0.213,0.2135,0.2139,0.2144,0.2149,0.2154,0.2159,0.2164,0.2169,0.2174,0.2179,0.218,0.218,0.2181,0.2182,0.2183,0.2184,0.2185,0.2185,0.2186,0.2187,0.2188,0.2189,0.219,0.219,0.2191,0.2192,0.2193,0.2194,0.2195,0.2196,0.2197,0.2198,0.2199,0.2201,0.2202,0.2203,0.2204,0.2206,0.2207,0.2208,0.2209,0.221,0.2212,0.2213,0.2214,0.2215,0.2216,0.2218,0.2219,0.222,0.2221,0.2223,0.2224,0.2225,0.2226,0.2227,0.2229,0.223
0.1830,0.1832,0.1833,0.1834,0.1835,0.1836,0.1837,0.1838,0.1839,0.184,0.1842,0.1843,0.1844,0.1845,0.1846,0.1847,0.1848,0.185,0.1851,0.1852,0.1853,0.1854,0.1855,0.1856,0.1858,0.1859,0.186,0.1861,0.1862,0.1863,0.1864,0.1866,0.1867,0.1868,0.1869,0.187,0.1871,0.1873,0.1874,0.1875,0.1876,0.1877,0.1878,0.188,0.1881,0.1882,0.1883,0.1884,0.1886,0.1887,0.1888,0.1889,0.189,0.1892,0.1893,0.1894,0.1895,0.1896,0.1897,0.1899,0.19,0.1901,0.1902,0.1903,0.1905,0.1906,0.1907,0.1908,0.191,0.1911,0.1912,0.1913,0.1914,0.1916,0.1917,0.1918,0.1919,0.1921,0.1922,0.1923,0.1924,0.1925,0.1927,0.1928,0.1929,0.193,0.1932,0.1933,0.1934,0.1935,0.1937,0.1938,0.1939,0.194,0.1942,0.1943,0.1944,0.1945,0.1947,0.1948,0.1949,0.195,0.1952,0.1953,0.1954,0.1956,0.1957,0.1958,0.1959,0.1961,0.1962,0.1963,0.1965,0.1966,0.1967,0.1968,0.197,0.1971,0.1972,0.1974,0.1975,0.1976,0.1977,0.1979,0.198,0.1981,0.1983,0.1984,0.1985,0.1987,0.1988,0.1989,0.1991,0.1992,0.1993,0.1995,0.1996,0.1997,0.1998,0.2,0.2001,0.2002,0.2004,0.2005,0.2007,0.2008,0.2009,0.2011,0.2012,0.2013,0.2015,0.2016,0.2017,0.2019,0.202,0.2021,0.2023,0.2024,0.2025,0.2027,0.2028,0.203,0.2031,0.2032,0.2034,0.2035,0.2036,0.2038,0.2039,0.2041,0.2042,0.2043,0.2045,0.2046,0.2048,0.2049,0.205,0.2052,0.2053,0.2056,0.206,0.2064,0.2067,0.2071,0.2075,0.2079,0.2084,0.2088,0.2093,0.2098,0.2102,0.2107,0.2112,0.2116,0.2121,0.2126,0.2131,0.2135,0.214,0.2145,0.215,0.2155,0.216,0.2164,0.2169,0.2174,0.2179,0.2183,0.2184,0.2185,0.2186,0.2187,0.2187,0.2188,0.2189,0.219,0.2191,0.2192,0.2192,0.2193,0.2194,0.2195,0.2196,0.2197,0.2198,0.2198,0.2199,0.2201,0.2202,0.2203,0.2204,0.2205,0.2207,0.2208,0.2209,0.221,0.2211,0.2213,0.2214,0.2215,0.2216,0.2218,0.2219,0.222,0.2221,0.2222,0.2224,0.2225,0.2226,0.2227,0.2229,0.223,0.2231,0.2232,0.2233,0.2235
0.1834,0.1835,0.1836,0.1837,0.1838,0.1839,0.184,0.1841,0.1843,0.1844,0.1845,0.1846,0.1847,0.1848,0.1849,0.1851,0.1852,0.1853,0.1854,0.1855,0.1856,0.1857,0.1859,0.186,0.1861,0.1862,0.1863,0.1864,0.1866,0.1867,0.1868,0.1869,0.187,0.1871,0.1872,0.1874,0.1875,0.1876,0.1877,0.1878,0.188,0.1881,0.1882,0.1883,0.1884,0.1885,0.1887,0.1888,0.1889,0.189,0.1891,0.1893,0.1894,0.1895,0.1896,0.1897,0.1899,0.19,0.1901,0.1902,0.1903,0.1905,0.1906,0.1907,0.1908,0.1909,0.1911,0.1912,0.1913,0.1914,0.1915,0.1917,0.1918,0.1919,0.192,0.1922,0.1923,0.1924,0.1925,0.1927,0.1928,0.1929,0.193,0.1931,0.1933,0.1934,0.1935,0.1936,0.1938,0.1939,0.194,0.1941,0.1943,0.1944,0.1945,0.1947,0.1948,0.1949,0.195,0.1952,0.1953,0.1954,0.1955,0.1957,0.1958,0.1959,0.196,0.1962,0.1963,0.1964,0.1966,0.1967,0.1968,0.197,0.1971,0.1972,0.1973,0.1975,0.1976,0.1977,0.1979,0.198,0.1981,0.1983,0.1984,0.1985,0.1986,0.1988,0.1989,0.199,0.1992,0.1993,0.1994,0.1996,0.1997,0.1998,0.2,0.2001,0.2002,0.2004,0.2005,0.2006,0.2008,0.2009,0.201,0.2012,0.2013,0.2014,0.2016,0.2017,0.2018,0.202,0.2021,0.2023,0.2024,0.2025,0.2027,0.2028,0.2029,0.2031,0.2032,0.2034,0.2035,0.2036,0.2038,0.2039,0.204,0.2042,0.2043,0.2045,0.2046,0.2047,0.2049,0.205,0.2052,0.2053,0.2054,0.2056,0.2057,0.2061,0.2065,0.2068,0.2072,0.2076,0.208,0.2084,0.2089,0.2094,0.2098,0.2103,0.2108,0.2112,0.2117,0.2122,0.2126,0.2131,0.2136,0.2141,0.2146,0.215,0.2155,0.216,0.2165,0.217,0.2175,0.218,0.2185,0.2188,0.2189,0.219,0.219,0.2191,0.2192,0.2193,0.2194,0.2195,0.2195,0.2196,0.2197,0.2198,0.2199,0.22,0.22,0.2201,0.2202,0.2203,0.2204,0.2205,0.2206,0.2208,0.2209,0.221,0.2211,0.2213,0.2214,0.2215,0.2216,0.2217,0.2219,0.222,0.2221,0.2222,0.2224,0.2225,0.2226,0.2227,0.2228,0.223,0.2231,0.2232,0.2233,0.2235,0.2236,0.2237,0.2238,0.224
0.1837,0.1838,0.1839,0.184,0.1841,0.1842,0.1844,0.1845,0.1846,0.1847,0.1848,0.1849,0.185,0.1852,0.1853,0.1854,0.1855,0.1856,0.1857,0.1858,0.186,0.1861,0.1862,0.1863,0.1864,0.1865,0.1867,0.1868,0.1869,0.187,0.1871,0.1872,0.1874,0.1875,0.1876,0.1877,0.1878,0.1879,0.1881,0.1882,0.1883,0.1884,0.1885,0.1886,0.1888,0.1889,0.189,0.1891,0.1892,0.1894,0.1895,0.1896,0.1897,0.1898,0.19,0.1901,0.1902,0.1903,0.1904,0.1906,0.1907,0.1908,0.1909,0.191,0.1912,0.1913,0.1914,0.1915,0.1917,0.1918,0.1919,0.192,0.1921,0.1923,0.1924,0.1925,0.1926,0.1928,0.1929,0.193,0.1931,0.1933,0.1934,0.1935,0.1936,0.1938,0.1939,0.194,0.1941,0.1943,0.1944,0.1945,0.1946,0.1948,0.1949,0.195,0.1951,0.1953,0.1954,0.1955,0.1957,0.1958,0.1959,0.196,0.1962,0.1963,0.1964,0.1965,0.1967,0.1968,0.1969,0.1971,0.1972,0.1973,0.1975,0.1976,0.1977,0.1978,0.198,0.1981,0.1982,0.1984,0.1985,0.1986,0.1988,0.1989,0.199,0.1992,0.1993,0.1994,0.1996,0.1997,0.1998,0.1999,0.2001,0.2002,0.2003,0.2005,0.2006,0.2008,0.2009,0.201,0.2012,0.2013,0.2014,0.2016,0.2017,0.2018,0.202,0.2021,0.2022,0.2024,0.2025,0.2026,0.2028,0.2029,0.2031,0.2032,0.2033,0.2035,0.2036,0.2037,0.2039,0.204,0.2042,0.2043,0.2044,0.2046,0.2047,0.2049,0.205,0.2051,0.2053,0.2054,0.2056,0.2057,0.2058,0.206,0.2062,0.2065,0.2069,0.2073,0.2077,0.2081,0.2085,0.209,0.2094,0.2099,0.2104,0.2108,0.2113,0.2118,0.2122,0.2127,0.2132,0.2137,0.2141,0.2146,0.2151,0.2156,0.2161,0.2166,0.2171,0.2176,0.2181,0.2186,0.2191,0.2193,0.2193,0.2194,0.2195,0.2196,0.2197,0.2198,0.2198,0.2199,0.22,0.2201,0.2202,0.2203,0.2203,0.2204,0.2205,0.2206,0.2207,0.2208,0.2209,0.221,0.2211,0.2212,0.2214,0.2215,0.2216,0.2217,0.2219,0.222,0.2221,0.2222,0.2223,0.2225,0.2226,0.2227,0.2228,0.223,0.2231,0.2232,0.2233,0.2234,0.2236,0.2237,0.2238,0.2239,0.2241,0.2242,0.2243,0.2244
0.1840,0.1841,0.1842,0.1843,0.1845,0.1846,0.1847,0.1848,0.1849,0.185,0.1851,0.1853,0.1854,0.1855,0.1856,0.1857,0.1858,0.1859,0.1861,0.1862,0.1863,0.1864,0.1865,0.1866,0.1868,0.1869,0.187,0.1871,0.1872,0.1873,0.1875,0.1876,0.1877,0.1878,0.1879,0.188,0.1882,0.1883,0.1884,0.1885,0.1886,0.1887,0.1889,0.189,0.1891,0.1892,0.1893,0.1895,0.1896,0.1897,0.1898,0.1899,0.1901,0.1902,0.1903,0.1904,0.1905,0.1907,0.1908,0.1909,0.191,0.1912,0.1913,0.1914,0.1915,0.1916,0.1918,0.1919,0.192,0.1921,0.1923,0.1924,0.1925,0.1926,0.1927,0.1929,0.193,0.1931,0.1932,0.1934,0.1935,0.1936,0.1937,0.1939,0.194,0.1941,0.1942,0.1944,0.1945,0.1946,0.1947,0.1949,0.195,0.1951,0.1953,0.1954,0.1955,0.1956,0.1958,0.1959,0.196,0.1961,0.1963,0.1964,0.1965,0.1967,0.1968,0.1969,0.197,0.1972,0.1973,0.1974,0.1976,0.1977,0.1978,0.198,0.1981,0.1982,0.1983,0.1985,0.1986,0.1987,0.1989,0.199,0.1991,0.1993,0.1994,0.1995,0.1997,0.1998,0.1999,0.2001,0.2002,0.2003,0.2005,0.2006,0.2007,0.2009,0.201,0.2011,0.2013,0.2014,0.2015,0.2017,0.2018,0.202,0.2021,0.2022,0.2024,0.2025,0.2026,0.2028,0.2029,0.203,0.2032,0.2033,0.2035,0.2036,0.2037,0.2039,0.204,0.2041,0.2043,0.2044,0.2046,0.2047,0.2048,0.205,0.2051,0.2053,0.2054,0.2055,0.2057,0.2058,0.206,0.2061,0.2062,0.2064,0.2066,0.207,0.2074,0.2078,0.2082,0.2086,0.209,0.2095,0.21,0.2104,0.2109,0.2114,0.2118,0.2123,0.2128,0.2132,0.2137,0.2142,0.2147,0.2152,0.2157,0.2162,0.2166,0.2171,0.2176,0.2181,0.2186,0.2191,0.2196,0.2197,0.2198,0.2199,0.22,0.2201,0.2201,0.2202,0.2203,0.2204,0.2205,0.2206,0.2206,0.2207,0.2208,0.2209,0.221,0.2211,0.2212,0.2212,0.2214,0.2215,0.2216,0.2217,0.2218,0.222,0.2221,0.2222,0.2223,0.2225,0.2226,0.2227,0.2228,0.2229,0.2231,0.2232,0.2233,0.2234,0.2236,0.2237,0.2238,0.2239,0.2241,0.2242,0.2243,0.2244,0.2246,0.2247,0.2248,0.2249
0.1843,0.1844,0.1846,0.1847,0.1848,0.1849,0.185,0.1851,0.1852,0.1854,0.1855,0.1856,0.1857,0.1858,0.1859,0.186,0.1862,0.1863,0.1864,0.1865,0.1866,0.1867,0.1869,0.187,0.1871,0.1872,0.1873,0.1874,0.1876,0.1877,0.1878,0.1879,0.188,0.1881,0.1883,0.1884,0.1885,0.1886,0.1887,0.1889,0.189,0.1891,0.1892,0.1893,0.1894,0.1896,0.1897,0.1898,0.1899,0.19,0.1902,0.1903,0.1904,0.1905,0.1907,0.1908,0.1909,0.191,0.1911,0.1913,0.1914,0.1915,0.1916,0.1917,0.1919,0.192,0.1921,0.1922,0.1924,0.1925,0.1926,0.1927,0.1929,0.193,0.1931,0.1932,0.1934,0.1935,0.1936,0.1937,0.1939,0.194,0.1941,0.1942,0.1944,0.1945,0.1946,0.1947,0.1949,0.195,0.1951,0.1952,0.1954,0.1955,0.1956,0.1957,0.1959,0.196,0.1961,0.1963,0.1964,0.1965,0.1966,0.1968,0.1969,0.197,0.1972,0.1973,0.1974,0.1975,0.1977,0.1978,0.1979,0.1981,0.1982,0.1983,0.1985,0.1986,0.1987,0.1989,0.199,0.1991,0.1993,0.1994,0.1995,0.1997,0.1998,0.1999,0.2,0.2002,0.2003,0.2005,0.2006,0.2007,0.2009,0.201,0.2011,0.2013,0.2014,0.2015,0.2017,0.2018,0.2019,0.2021,0.2022,0.2023,0.2025,0.2026,0.2028,0.2029,0.203,0.2032,0.2033,0.2034,0.2036,0.2037,0.2039,0.204,0.2041,0.2043,0.2044,0.2045,0.2047,0.2048,0.205,0.2051,0.2052,0.2054,0.2055,0.2057,0.2058,0.2059,0.2061,0.2062,0.2064,0.2065,0.2067,0.2068,0.2071,0.2075,0.2079,0.2083,0.2087,0.2091,0.2096,0.21,0.2105,0.2109,0.2114,0.2119,0.2124,0.2128,0.2133,0.2138,0.2143,0.2148,0.2152,0.2157,0.2162,0.2167,0.2172,0.2177,0.2182,0.2187,0.2192,0.2197,0.2201,0.2202,0.2203,0.2204,0.2204,0.2205,0.2206,0.2207,0.2208,0.2209,0.2209,0.221,0.2211,0.2212,0.2213,0.2214,0.2215,0.2215,0.2216,0.2217,0.2218,0.2219,0.2221,0.2222,0.2223,0.2224,0.2226,0.2227,0.2228,0.2229,0.2231,0.2232,0.2233,0.2234,0.2235,0.2237,0.2238,0.2239,0.224,0.2242,0.2243,0.2244,0.2245,0.2247,0.2248,0.2249,0.225,0.2252,0.2253,0.2254
0.1847,0.1848,0.1849,0.185,0.1851,0.1852,0.1853,0.1855,0.1856,0.1857,0.1858,0.1859,0.186,0.1861,0.1863,0.1864,0.1865,0.1866,0.1867,0.1868,0.187,0.1871,0.1872,0.1873,0.1874,0.1875,0.1877,0.1878,0.1879,0.188,0.1881,0.1882,0.1884,0.1885,0.1886,0.1887,0.1888,0.189,0.1891,0.1892,0.1893,0.1894,0.1896,0.1897,0.1898,0.1899,0.19,0.1902,0.1903,0.1904,0.1905,0.1906,0.1908,0.1909,0.191,0.1911,0.1912,0.1914,0.1915,0.1916,0.1917,0.1919,0.192,0.1921,0.1922,0.1923,0.1925,0.1926,0.1927,0.1928,0.193,0.1931,0.1932,0.1933,0.1935,0.1936,0.1937,0.1938,0.194,0.1941,0.1942,0.1943,0.1945,0.1946,0.1947,0.1948,0.195,0.1951,0.1952,0.1953,0.1955,0.1956,0.1957,0.1959,0.196,0.1961,0.1962,0.1964,0.1965,0.1966,0.1968,0.1969,0.197,0.1971,0.1973,0.1974,0.1975,0.1977,0.1978,0.1979,0.1981,0.1982,0.1983,0.1984,0.1986,0.1987,0.1988,0.199,0.1991,0.1992,0.1994,0.1995,0.1996,0.1998,0.1999,0.2,0.2002,0.2003,0.2004,0.2006,0.2007,0.2008,0.201,0.2011,0.2012,0.2014,0.2015,0.2016,0.2018,0.2019,0.2021,0.2022,0.2023,0.2025,0.2026,0.2027,0.2029,0.203,0.2031,0.2033,0.2034,0.2036,0.2037,0.2038,0.204,0.2041,0.2043,0.2044,0.2045,0.2047,0.2048,0.2049,0.2051,0.2052,0.2054,0.2055,0.2056,0.2058,0.2059,0.2061,0.2062,0.2064,0.2065,0.2066,0.2068,0.2069,0.2071,0.2072,0.2076,0.208,0.2084,0.2088,0.2092,0.2096,0.2101,0.2105,0.211,0.2115,0.212,0.2124,0.2129,0.2134,0.2139,0.2143,0.2148,0.2153,0.2158,0.2163,0.2168,0.2173,0.2178,0.2183,0.2188,0.2193,0.2198,0.2203,0.2206,0.2206,0.2207,0.2208,0.2209,0.221,0.2211,0.2212,0.2212,0.2213,0.2214,0.2215,0.2216,0.2217,0.2218,0.2218,0.2219,0.222,0.2221,0.2222,0.2223,0.2224,0.2225,0.2227,0.2228,0.2229,0.223,0.2232,0.2233,0.2234,0.2235,0.2237,0.2238,0.2239,0.224,0.2242,0.2243,0.2244,0.2245,0.2247,0.2248,0.2249,0.225,0.2252,0.2253,0.2254,0.2255,0.2257,0.2258,0.2259
0.1850,0.1851,0.1852,0.1853,0.1854,0.1856,0.1857,0.1858,0.1859,0.186,0.1861,0.1862,0.1864,0.1865,0.1866,0.1867,0.1868,0.1869,0.1871,0.1872,0.1873,0.1874,0.1875,0.1876,0.1878,0.1879,0.188,0.1881,0.1882,0.1883,0.1885,0.1886,0.1887,0.1888,0.1889,0.1891,0.1892,0.1893,0.1894,0.1895,0.1897,0.1898,0.1899,0.19,0.1901,0.1903,0.1904,0.1905,0.1906,0.1907,0.1909,0.191,0.1911,0.1912,0.1914,0.1915,0.1916,0.1917,0.1918,0.192,0.1921,0.1922,0.1923,0.1925,0.1926,0.1927,0.1928,0.1929,0.1931,0.1932,0.1933,0.1934,0.1936,0.1937,0.1938,0.1939,0.1941,0.1942,0.1943,0.1944,0.1946,0.1947,0.1948,0.195,0.1951,0.1952,0.1953,0.1955,0.1956,0.1957,0.1958,0.196,0.1961,0.1962,0.1964,0.1965,0.1966,0.1967,0.1969,0.197,0.1971,0.1973,0.1974,0.1975,0.1976,0.1978,0.1979,0.198,0.1982,0.1983,0.1984,0.1986,0.1987,0.1988,0.199,0.1991,0.1992,0.1994,0.1995,0.1996,0.1998,0.1999,0.2,0.2002,0.2003,0.2004,0.2006,0.2007,0.2008,0.201,0.2011,0.2012,0.2014,0.2015,0.2016,0.2018,0.2019,0.202,0.2022,0.2023,0.2024,0.2026,0.2027,0.2029,0.203,0.2031,0.2033,0.2034,0.2035,0.2037,0.2038,0.204,0.2041,0.2042,0.2044,0.2045,0.2047,0.2048,0.2049,0.2051,0.2052,0.2054,0.2055,0.2056,0.2058,0.2059,0.2061,0.2062,0.2063,0.2065,0.2066,0.2068,0.2069,0.207,0.2072,0.2073,0.2075,0.2077,0.2081,0.2085,0.2089,0.2093,0.2097,0.2101,0.2106,0.2111,0.2115,0.212,0.2125,0.213,0.2134,0.2139,0.2144,0.2149,0.2154,0.2159,0.2164,0.2168,0.2173,0.2178,0.2183,0.2188,0.2193,0.2199,0.2204,0.2209,0.221,0.2211,0.2212,0.2213,0.2214,0.2215,0.2215,0.2216,0.2217,0.2218,0.2219,0.222,0.2221,0.2221,0.2222,0.2223,0.2224,0.2225,0.2226,0.2227,0.2228,0.2229,0.223,0.2232,0.2233,0.2234,0.2235,0.2236,0.2238,0.2239,0.224,0.2241,0.2243,0.2244,0.2245,0.2246,0.2248,0.2249,0.225,0.2251,0.2253,0.2254,0.2255,0.2257,0.2258,0.2259,0.226,0.2262,0.2263,0.2264
0.1853,0.1854,0.1855,0.1857,0.1858,0.1859,0.186,0.1861,0.1862,0.1863,0.1865,0.1866,0.1867,0.1868,0.1869,0.187,0.1872,0.1873,0.1874,0.1875,0.1876,0.1877,0.1879,0.188,0.1881,0.1882,0.1883,0.1885,0.1886,0.1887,0.1888,0.1889,0.189,0.1892,0.1893,0.1894,0.1895,0.1896,0.1898,0.1899,0.19,0.1901,0.1902,0.1904,0.1905,0.1906,0.1907,0.1908,0.191,0.1911,0.1912,0.1913,0.1915,0.1916,0.1917,0.1918,0.1919,0.1921,0.1922,0.1923,0.1924,0.1926,0.1927,0.1928,0.1929,0.1931,0.1932,0.1933,0.1934,0.1936,0.1937,0.1938,0.1939,0.1941,0.1942,0.1943,0.1944,0.1946,0.1947,0.1948,0.1949,0.1951,0.1952,0.1953,0.1954,0.1956,0.1957,0.1958,0.196,0.1961,0.1962,0.1963,0.1965,0.1966,0.1967,0.1969,0.197,0.1971,0.1972,0.1974,0.1975,0.1976,0.1978,0.1979,0.198,0.1982,0.1983,0.1984,0.1985,0.1987,0.1988,0.1989,0.1991,0.1992,0.1993,0.1995,0.1996,0.1997,0.1999,0.2,0.2001,0.2003,0.2004,0.2005,0.2007,0.2008,0.2009,0.2011,0.2012,0.2013,0.2015,0.2016,0.2017,0.2019,0.202,0.2022,0.2023,0.2024,0.2026,0.2027,0.2028,0.203,0.2031,0.2032,0.2034,0.2035,0.2037,0.2038,0.2039,0.2041,0.2042,0.2044,0.2045,0.2046,0.2048,0.2049,0.2051,0.2052,0.2053,0.2055,0.2056,0.2058,0.2059,0.206,0.2062,0.2063,0.2065,0.2066,0.2067,0.2069,0.207,0.2072,0.2073,0.2075,0.2076,0.2077,0.2079,0.2082,0.2086,0.209,0.2094,0.2098,0.2102,0.2107,0.2111,0.2116,0.2121,0.2126,0.213,0.2135,0.214,0.2145,0.215,0.2154,0.2159,0.2164,0.2169,0.2174,0.2179,0.2184,0.2189,0.2194,0.2199,0.2204,0.2209,0.2214,0.2215,0.2216,0.2217,0.2218,0.2218,0.2219,0.222,0.2221,0.2222,0.2223,0.2224,0.2224,0.2225,0.2226,0.2227,0.2228,0.2229,0.223,0.2231,0.2231,0.2233,0.2234,0.2235,0.2236,0.2238,0.2239,0.224,0.2241,0.2243,0.2244,0.2245,0.2246,0.2248,0.2249,0.225,0.2251,0.2253,0.2254,0.2255,0.2256,0.2258,0.2259,0.226,0.2261,0.2263,0.2264,0.2265,0.2267,0.2268,0.2269
0.1856,0.1858,0.1859,0.186,0.1861,0.1862,0.1863,0.1864,0.1866,0.1867,0.1868,0.1869,0.187,0.1871,0.1873,0.1874,0.1875,0.1876,0.1877,0.1878,0.188,0.1881,0.1882,0.1883,0.1884,0.1886,0.1887,0.1888,0.1889,0.189,0.1892,0.1893,0.1894,0.1895,0.1896,0.1897,0.1899,0.19,0.1901,0.1902,0.1903,0.1905,0.1906,0.1907,0.1908,0.191,0.1911,0.1912,0.1913,0.1914,0.1916,0.1917,0.1918,0.1919,0.1921,0.1922,0.1923,0.1924,0.1925,0.1927,0.1928,0.1929,0.193,0.1932,0.1933,0.1934,0.1935,0.1937,0.1938,0.1939,0.194,0.1942,0.1943,0.1944,0.1945,0.1947,0.1948,0.1949,0.195,0.1952,0.1953,0.1954,0.1956,0.1957,0.1958,0.1959,0.1961,0.1962,0.1963,0.1965,0.1966,0.1967,0.1968,0.197,0.1971,0.1972,0.1974,0.1975,0.1976,0.1977,0.1979,0.198,0.1981,0.1983,0.1984,0.1985,0.1987,0.1988,0.1989,0.1991,0.1992,0.1993,0.1995,0.1996,0.1997,0.1999,0.2,0.2001,0.2003,0.2004,0.2005,0.2007,0.2008,0.2009,0.2011,0.2012,0.2013,0.2015,0.2016,0.2017,0.2019,0.202,0.2021,0.2023,0.2024,0.2025,0.2027,0.2028,0.203,0.2031,0.2032,0.2034,0.2035,0.2036,0.2038,0.2039,0.2041,0.2042,0.2043,0.2045,0.2046,0.2048,0.2049,0.205,0.2052,0.2053,0.2055,0.2056,0.2057,0.2059,0.206,0.2062,0.2063,0.2064,0.2066,0.2067,0.2069,0.207,0.2072,0.2073,0.2074,0.2076,0.2077,0.2079,0.208,0.2082,0.2083,0.2087,0.2091,0.2095,0.2099,0.2103,0.2107,0.2112,0.2117,0.2121,0.2126,0.2131,0.2136,0.2141,0.2145,0.215,0.2155,0.216,0.2165,0.217,0.2175,0.218,0.2185,0.219,0.2195,0.22,0.2205,0.221,0.2215,0.2219,0.222,0.2221,0.2221,0.2222,0.2223,0.2224,0.2225,0.2226,0.2227,0.2228,0.2228,0.2229,0.223,0.2231,0.2232,0.2233,0.2234,0.2234,0.2235,0.2236,0.2237,0.2239,0.224,0.2241,0.2242,0.2244,0.2245,0.2246,0.2247,0.2249,0.225,0.2251,0.2252,0.2254,0.2255,0.2256,0.2258,0.2259,0.226,0.2261,0.2263,0.2264,0.2265,0.2266,0.2268,0.2269,0.227,0.2272,0.2273,0.2274
0.1860,0.1861,0.1862,0.1863,0.1864,0.1866,0.1867,0.1868,0.1869,0.187,0.1871,0.1872,0.1874,0.1875,0.1876,0.1877,0.1878,0.188,0.1881,0.1882,0.1883,0.1884,0.1885,0.1887,0.1888,0.1889,0.189,0.1891,0.1893,0.1894,0.1895,0.1896,0.1897,0.1899,0.19,0.1901,0.1902,0.1903,0.1905,0.1906,0.1907,0.1908,0.1909,0.1911,0.1912,0.1913,0.1914,0.1915,0.1917,0.1918,0.1919,0.192,0.1922,0.1923,0.1924,0.1925,0.1927,0.1928,0.1929,0.193,0.1932,0.1933,0.1934,0.1935,0.1936,0.1938,0.1939,0.194,0.1941,0.1943,0.1944,0.1945,0.1947,0.1948,0.1949,0.195,0.1952,0.1953,0.1954,0.1955,0.1957,0.1958,0.1959,0.1961,0.1962,0.1963,0.1964,0.1966,0.1967,0.1968,0.197,0.1971,0.1972,0.1973,0.1975,0.1976,0.1977,0.1979,0.198,0.1981,0.1983,0.1984,0.1985,0.1986,0.1988,0.1989,0.199,0.1992,0.1993,0.1994,0.1996,0.1997,0.1998,0.2,0.2001,0.2002,0.2004,0.2005,0.2006,0.2008,0.2009,0.201,0.2012,0.2013,0.2014,0.2016,0.2017,0.2018,0.202,0.2021,0.2023,0.2024,0.2025,0.2027,0.2028,0.2029,0.2031,0.2032,0.2034,0.2035,0.2036,0.2038,0.2039,0.204,0.2042,0.2043,0.2045,0.2046,0.2047,0.2049,0.205,0.2052,0.2053,0.2054,0.2056,0.2057,0.2059,0.206,0.2061,0.2063,0.2064,0.2066,0.2067,0.2069,0.207,0.2071,0.2073,0.2074,0.2076,0.2077,0.2079,0.208,0.2081,0.2083,0.2084,0.2086,0.2088,0.2092,0.2096,0.21,0.2104,0.2108,0.2113,0.2117,0.2122,0.2127,0.2132,0.2136,0.2141,0.2146,0.2151,0.2156,0.2161,0.2166,0.217,0.2175,0.218,0.2185,0.219,0.2196,0.2201,0.2206,0.2211,0.2216,0.2221,0.2224,0.2225,0.2225,0.2226,0.2227,0.2228,0.2229,0.223,0.2231,0.2231,0.2232,0.2233,0.2234,0.2235,0.2236,0.2237,0.2238,0.2238,0.2239,0.224,0.2241,0.2242,0.2244,0.2245,0.2246,0.2247,0.2249,0.225,0.2251,0.2252,0.2254,0.2255,0.2256,0.2257,0.2259,0.226,0.2261,0.2262,0.2264,0.2265,0.2266,0.2268,0.2269,0.227,0.2271,0.2273,0.2274,0.2275,0.2277,0.2278,0.2279
0.1863,0.1864,0.1865,0.1867,0.1868,0.1869,0.187,0.1871,0.1872,0.1874,0.1875,0.1876,0.1877,0.1878,0.1879,0.1881,0.1882,0.1883,0.1884,0.1885,0.1886,0.1888,0.1889,0.189,0.1891,0.1892,0.1894,0.1895,0.1896,0.1897,0.1898,0.19,0.1901,0.1902,0.1903,0.1904,0.1906,0.1907,0.1908,0.1909,0.191,0.1912,0.1913,0.1914,0.1915,0.1917,0.1918,0.1919,0.192,0.1921,0.1923,0.1924,0.1925,0.1926,0.1928,0.1929,0.193,0.1931,0.1933,0.1934,0.1935,0.1936,0.1938,0.1939,0.194,0.1941,0.1943,0.1944,0.1945,0.1946,0.1948,0.1949,0.195,0.1951,0.1953,0.1954,0.1955,0.1957,0.1958,0.1959,0.196,0.1962,0.1963,0.1964,0.1965,0.1967,0.1968,0.1969,0.1971,0.1972,0.1973,0.1975,0.1976,0.1977,0.1978,0.198,0.1981,0.1982,0.1984,0.1985,0.1986,0.1988,0.1989,0.199,0.1992,0.1993,0.1994,0.1996,0.1997,0.1998,0.2,0.2001,0.2002,0.2004,0.2005,0.2006,0.2008,0.2009,0.201,0.2012,0.2013,0.2014,0.2016,0.2017,0.2018,0.202,0.2021,0.2022,0.2024,0.2025,0.2026,0.2028,0.2029,0.2031,0.2032,0.2033,0.2035,0.2036,0.2037,0.2039,0.204,0.2042,0.2043,0.2044,0.2046,0.2047,0.2049,0.205,0.2051,0.2053,0.2054,0.2056,0.2057,0.2058,0.206,0.2061,0.2063,0.2064,0.2066,0.2067,0.2068,0.207,0.2071,0.2073,0.2074,0.2076,0.2077,0.2078,0.208,0.2081,0.2083,0.2084,0.2086,0.2087,0.2089,0.209,0.2093,0.2097,0.2101,0.2105,0.2109,0.2113,0.2118,0.2123,0.2127,0.2132,0.2137,0.2142,0.2147,0.2152,0.2156,0.2161,0.2166,0.2171,0.2176,0.2181,0.2186,0.2191,0.2196,0.2201,0.2206,0.2212,0.2217,0.2222,0.2227,0.2228,0.2229,0.223,0.2231,0.2232,0.2233,0.2234,0.2234,0.2235,0.2236,0.2237,0.2238,0.2239,0.224,0.2241,0.2241,0.2242,0.2243,0.2244,0.2245,0.2246,0.2247,0.2248,0.225,0.2251,0.2252,0.2253,0.2255,0.2256,0.2257,0.2259,0.226,0.2261,0.2262,0.2264,0.2265,0.2266,0.2267,0.2269,0.227,0.2271,0.2273,0.2274,0.2275,0.2276,0.2278,0.2279,0.228,0.2282,0.2283,0.2284
0.1866,0.1868,0.1869,0.187,0.1871,0.1872,0.1873,0.1875,0.1876,0.1877,0.1878,0.1879,0.188,0.1882,0.1883,0.1884,0.1885,0.1886,0.1887,0.1889,0.189,0.1891,0.1892,0.1893,0.1895,0.1896,0.1897,0.1898,0.1899,0.1901,0.1902,0.1903,0.1904,0.1905,0.1907,0.1908,0.1909,0.191,0.1912,0.1913,0.1914,0.1915,0.1916,0.1918,0.1919,0.192,0.1921,0.1923,0.1924,0.1925,0.1926,0.1927,0.1929,0.193,0.1931,0.1932,0.1934,0.1935,0.1936,0.1937,0.1939,0.194,0.1941,0.1942,0.1944,0.1945,0.1946,0.1947,0.1949,0.195,0.1951,0.1953,0.1954,0.1955,0.1956,0.1958,0.1959,0.196,0.1961,0.1963,0.1964,0.1965,0.1967,0.1968,0.1969,0.197,0.1972,0.1973,0.1974,0.1976,0.1977,0.1978,0.198,0.1981,0.1982,0.1983,0.1985,0.1986,0.1987,0.1989,0.199,0.1991,0.1993,0.1994,0.1995,0.1997,0.1998,0.1999,0.2001,0.2002,0.2003,0.2005,0.2006,0.2007,0.2009,0.201,0.2011,0.2013,0.2014,0.2015,0.2017,0.2018,0.202,0.2021,0.2022,0.2024,0.2025,0.2026,0.2028,0.2029,0.203,0.2032,0.2033,0.2035,0.2036,0.2037,0.2039,0.204,0.2041,0.2043,0.2044,0.2046,0.2047,0.2048,0.205,0.2051,0.2053,0.2054,0.2055,0.2057,0.2058,0.206,0.2061,0.2063,0.2064,0.2065,0.2067,0.2068,0.207,0.2071,0.2072,0.2074,0.2075,0.2077,0.2078,0.208,0.2081,0.2083,0.2084,0.2085,0.2087,0.2088,0.209,0.2091,0.2093,0.2094,0.2098,0.2102,0.2106,0.211,0.2114,0.2119,0.2123,0.2128,0.2133,0.2138,0.2143,0.2147,0.2152,0.2157,0.2162,0.2167,0.2172,0.2177,0.2182,0.2187,0.2192,0.2197,0.2202,0.2207,0.2212,0.2217,0.2223,0.2228,0.2232,0.2233,0.2234,0.2235,0.2236,0.2237,0.2238,0.2238,0.2239,0.224,0.2241,0.2242,0.2243,0.2244,0.2245,0.2245,0.2246,0.2247,0.2248,0.2249,0.225,0.2251,0.2252,0.2253,0.2255,0.2256,0.2257,0.2258,0.226,0.2261,0.2262,0.2263,0.2265,0.2266,0.2267,0.2269,0.227,0.2271,0.2272,0.2274,0.2275,0.2276,0.2278,0.2279,0.228,0.2281,0.2283,0.2284,0.2285,0.2287,0.2288,0.2289
0.1870,0.1871,0.1872,0.1873,0.1874,0.1876,0.1877,0.1878,0.1879,0.188,0.1881,0.1883,0.1884,0.1885,0.1886,0.1887,0.1889,0.189,0.1891,0.1892,0.1893,0.1894,0.1896,0.1897,0.1898,0.1899,0.19,0.1902,0.1903,0.1904,0.1905,0.1907,0.1908,0.1909,0.191,0.1911,0.1913,0.1914,0.1915,0.1916,0.1917,0.1919,0.192,0.1921,0.1922,0.1924,0.1925,0.1926,0.1927,0.1929,0.193,0.1931,0.1932,0.1934,0.1935,0.1936,0.1937,0.1939,0.194,0.1941,0.1942,0.1944,0.1945,0.1946,0.1947,0.1949,0.195,0.1951,0.1952,0.1954,0.1955,0.1956,0.1957,0.1959,0.196,0.1961,0.1963,0.1964,0.1965,0.1966,0.1968,0.1969,0.197,0.1972,0.1973,0.1974,0.1976,0.1977,0.1978,0.1979,0.1981,0.1982,0.1983,0.1985,0.1986,0.1987,0.1989,0.199,0.1991,0.1993,0.1994,0.1995,0.1997,0.1998,0.1999,0.2001,0.2002,0.2003,0.2005,0.2006,0.2007,0.2009,0.201,0.2011,0.2013,0.2014,0.2015,0.2017,0.2018,0.2019,0.2021,0.2022,0.2023,0.2025,0.2026,0.2028,0.2029,0.203,0.2032,0.2033,0.2034,0.2036,0.2037,0.2039,0.204,0.2041,0.2043,0.2044,0.2045,0.2047,0.2048,0.205,0.2051,0.2052,0.2054,0.2055,0.2057,0.2058,0.2059,0.2061,0.2062,0.2064,0.2065,0.2067,0.2068,0.2069,0.2071,0.2072,0.2074,0.2075,0.2077,0.2078,0.2079,0.2081,0.2082,0.2084,0.2085,0.2087,0.2088,0.209,0.2091,0.2093,0.2094,0.2095,0.2097,0.2098,0.2103,0.2107,0.2111,0.2115,0.2119,0.2124,0.2129,0.2134,0.2138,0.2143,0.2148,0.2153,0.2158,0.2163,0.2168,0.2173,0.2177,0.2182,0.2187,0.2193,0.2198,0.2203,0.2208,0.2213,0.2218,0.2223,0.2228,0.2234,0.2237,0.2238,0.2239,0.224,0.2241,0.2242,0.2242,0.2243,0.2244,0.2245,0.2246,0.2247,0.2248,0.2249,0.2249,0.225,0.2251,0.2252,0.2253,0.2254,0.2255,0.2256,0.2257,0.2258,0.226,0.2261,0.2262,0.2263,0.2265,0.2266,0.2267,0.2268,0.227,0.2271,0.2272,0.2274,0.2275,0.2276,0.2277,0.2279,0.228,0.2281,0.2283,0.2284,0.2285,0.2286,0.2288,0.2289,0.229,0.2292,0.2293,0.2294
0.1873,0.1874,0.1875,0.1877,0.1878,0.1879,0.188,0.1881,0.1882,0.1884,0.1885,0.1886,0.1887,0.1888,0.189,0.1891,0.1892,0.1893,0.1894,0.1896,0.1897,0.1898,0.1899,0.19,0.1902,0.1903,0.1904,0.1905,0.1906,0.1908,0.1909,0.191,0.1911,0.1912,0.1914,0.1915,0.1916,0.1917,0.1919,0.192,0.1921,0.1922,0.1923,0.1925,0.1926,0.1927,0.1928,0.193,0.1931,0.1932,0.1933,0.1935,0.1936,0.1937,0.1938,0.194,0.1941,0.1942,0.1943,0.1945,0.1946,0.1947,0.1948,0.195,0.1951,0.1952,0.1953,0.1955,0.1956,0.1957,0.1959,0.196,0.1961,0.1962,0.1964,0.1965,0.1966,0.1968,0.1969,0.197,0.1971,0.1973,0.1974,0.1975,0.1977,0.1978,0.1979,0.1981,0.1982,0.1983,0.1984,0.1986,0.1987,0.1988,0.199,0.1991,0.1992,0.1994,0.1995,0.1996,0.1998,0.1999,0.2,0.2002,0.2003,0.2004,0.2006,0.2007,0.2008,0.201,0.2011,0.2012,0.2014,0.2015,0.2016,0.2018,0.2019,0.2021,0.2022,0.2023,0.2025,0.2026,0.2027,0.2029,0.203,0.2031,0.2033,0.2034,0.2036,0.2037,0.2038,0.204,0.2041,0.2043,0.2044,0.2045,0.2047,0.2048,0.2049,0.2051,0.2052,0.2054,0.2055,0.2057,0.2058,0.2059,0.2061,0.2062,0.2064,0.2065,0.2066,0.2068,0.2069,0.2071,0.2072,0.2074,0.2075,0.2076,0.2078,0.2079,0.2081,0.2082,0.2084,0.2085,0.2087,0.2088,0.2089,0.2091,0.2092,0.2094,0.2095,0.2097,0.2098,0.21,0.2101,0.2103,0.2107,0.2112,0.2116,0.212,0.2125,0.2129,0.2134,0.2139,0.2144,0.2149,0.2154,0.2158,0.2163,0.2168,0.2173,0.2178,0.2183,0.2188,0.2193,0.2198,0.2203,0.2208,0.2214,0.2219,0.2224,0.2229,0.2234,0.224,0.2242,0.2243,0.2244,0.2245,0.2245,0.2246,0.2247,0.2248,0.2249,0.225,0.2251,0.2252,0.2253,0.2253,0.2254,0.2255,0.2256,0.2257,0.2258,0.2259,0.226,0.2261,0.2262,0.2263,0.2265,0.2266,0.2267,0.2268,0.227,0.2271,0.2272,0.2273,0.2275,0.2276,0.2277,0.2279,0.228,0.2281,0.2282,0.2284,0.2285,0.2286,0.2288,0.2289,0.229,0.2292,0.2293,0.2294,0.2295,0.2297,0.2298,0.2299
0.1876,0.1878,0.1879,0.188,0.1881,0.1882,0.1884,0.1885,0.1886,0.1887,0.1888,0.1889,0.1891,0.1892,0.1893,0.1894,0.1895,0.1897,0.1898,0.1899,0.19,0.1901,0.1903,0.1904,0.1905,0.1906,0.1907,0.1909,0.191,0.1911,0.1912,0.1914,0.1915,0.1916,0.1917,0.1918,0.192,0.1921,0.1922,0.1923,0.1925,0.1926,0.1927,0.1928,0.1929,0.1931,0.1932,0.1933,0.1934,0.1936,0.1937,0.1938,0.1939,0.1941,0.1942,0.1943,0.1944,0.1946,0.1947,0.1948,0.195,0.1951,0.1952,0.1953,0.1955,0.1956,0.1957,0.1958,0.196,0.1961,0.1962,0.1964,0.1965,0.1966,0.1967,0.1969,0.197,0.1971,0.1973,0.1974,0.1975,0.1976,0.1978,0.1979,0.198,0.1982,0.1983,0.1984,0.1986,0.1987,0.1988,0.199,0.1991,0.1992,0.1994,0.1995,0.1996,0.1998,0.1999,0.2,0.2002,0.2003,0.2004,0.2006,0.2007,0.2008,0.201,0.2011,0.2012,0.2014,0.2015,0.2016,0.2018,0.2019,0.202,0.2022,0.2023,0.2024,0.2026,0.2027,0.2029,0.203,0.2031,0.2033,0.2034,0.2035,0.2037,0.2038,0.204,0.2041,0.2042,0.2044,0.2045,0.2047,0.2048,0.2049,0.2051,0.2052,0.2054,0.2055,0.2056,0.2058,0.2059,0.2061,0.2062,0.2063,0.2065,0.2066,0.2068,0.2069,0.2071,0.2072,0.2073,0.2075,0.2076,0.2078,0.2079,0.2081,0.2082,0.2083,0.2085,0.2086,0.2088,0.2089,0.2091,0.2092,0.2094,0.2095,0.2097,0.2098,0.2099,0.2101,0.2102,0.2104,0.2105,0.2108,0.2112,0.2117,0.2121,0.2125,0.213,0.2135,0.214,0.2144,0.2149,0.2154,0.2159,0.2164,0.2169,0.2174,0.2179,0.2184,0.2189,0.2194,0.2199,0.2204,0.2209,0.2214,0.2219,0.2225,0.223,0.2235,0.224,0.2246,0.2247,0.2248,0.2249,0.2249,0.225,0.2251,0.2252,0.2253,0.2254,0.2255,0.2256,0.2257,0.2257,0.2258,0.2259,0.226,0.2261,0.2262,0.2263,0.2264,0.2265,0.2266,0.2267,0.2268,0.2269,0.2271,0.2272,0.2273,0.2275,0.2276,0.2277,0.2278,0.228,0.2281,0.2282,0.2284,0.2285,0.2286,0.2288,0.2289,0.229,0.2291,0.2293,0.2294,0.2295,0.2297,0.2298,0.2299,0.2301,0.2302,0.2303,0.2305
0.1880,0.1881,0.1882,0.1883,0.1885,0.1886,0.1887,0.1888,0.1889,0.189,0.1892,0.1893,0.1894,0.1895,0.1896,0.1898,0.1899,0.19,0.1901,0.1902,0.1904,0.1905,0.1906,0.1907,0.1908,0.191,0.1911,0.1912,0.1913,0.1915,0.1916,0.1917,0.1918,0.1919,0.1921,0.1922,0.1923,0.1924,0.1926,0.1927,0.1928,0.1929,0.1931,0.1932,0.1933,0.1934,0.1936,0.1937,0.1938,0.1939,0.1941,0.1942,0.1943,0.1944,0.1946,0.1947,0.1948,0.1949,0.1951,0.1952,0.1953,0.1954,0.1956,0.1957,0.1958,0.196,0.1961,0.1962,0.1963,0.1965,0.1966,0.1967,0.1969,0.197,0.1971,0.1972,0.1974,0.1975,0.1976,0.1978,0.1979,0.198,0.1982,0.1983,0.1984,0.1985,0.1987,0.1988,0.1989,0.1991,0.1992,0.1993,0.1995,0.1996,0.1997,0.1999,0.2,0.2001,0.2003,0.2004,0.2005,0.2007,0.2008,0.2009,0.2011,0.2012,0.2013,0.2015,0.2016,0.2017,0.2019,0.202,0.2022,0.2023,0.2024,0.2026,0.2027,0.2028,0.203,0.2031,0.2032,0.2034,0.2035,0.2037,0.2038,0.2039,0.2041,0.2042,0.2044,0.2045,0.2046,0.2048,0.2049,0.2051,0.2052,0.2053,0.2055,0.2056,0.2058,0.2059,0.206,0.2062,0.2063,0.2065,0.2066,0.2067,0.2069,0.207,0.2072,0.2073,0.2075,0.2076,0.2077,0.2079,0.208,0.2082,0.2083,0.2085,0.2086,0.2088,0.2089,0.2091,0.2092,0.2093,0.2095,0.2096,0.2098,0.2099,0.2101,0.2102,0.2104,0.2105,0.2107,0.2108,0.211,0.2113,0.2118,0.2122,0.2126,0.2131,0.2136,0.214,0.2145,0.215,0.2155,0.216,0.2165,0.217,0.2175,0.218,0.2185,0.219,0.2195,0.22,0.2205,0.221,0.2215,0.222,0.2225,0.2231,0.2236,0.2241,0.2246,0.2251,0.2252,0.2253,0.2253,0.2254,0.2255,0.2256,0.2257,0.2258,0.2259,0.226,0.2261,0.2261,0.2262,0.2263,0.2264,0.2265,0.2266,0.2267,0.2268,0.2269,0.2269,0.2271,0.2272,0.2273,0.2274,0.2276,0.2277,0.2278,0.228,0.2281,0.2282,0.2284,0.2285,0.2286,0.2287,0.2289,0.229,0.2291,0.2293,0.2294,0.2295,0.2297,0.2298,0.2299,0.23,0.2302,0.2303,0.2304,0.2306,0.2307,0.2308,0.231
0.1883,0.1884,0.1886,0.1887,0.1888,0.1889,0.189,0.1892,0.1893,0.1894,0.1895,0.1896,0.1897,0.1899,0.19,0.1901,0.1902,0.1904,0.1905,0.1906,0.1907,0.1908,0.191,0.1911,0.1912,0.1913,0.1914,0.1916,0.1917,0.1918,0.1919,0.1921,0.1922,0.1923,0.1924,0.1925,0.1927,0.1928,0.1929,0.193,0.1932,0.1933,0.1934,0.1935,0.1937,0.1938,0.1939,0.194,0.1942,0.1943,0.1944,0.1945,0.1947,0.1948,0.1949,0.195,0.1952,0.1953,0.1954,0.1956,0.1957,0.1958,0.1959,0.1961,0.1962,0.1963,0.1965,0.1966,0.1967,0.1968,0.197,0.1971,0.1972,0.1974,0.1975,0.1976,0.1977,0.1979,0.198,0.1981,0.1983,0.1984,0.1985,0.1987,0.1988,0.1989,0.1991,0.1992,0.1993,0.1995,0.1996,0.1997,0.1999,0.2,0.2001,0.2003,0.2004,0.2005,0.2007,0.2008,0.2009,0.2011,0.2012,0.2013,0.2015,0.2016,0.2017,0.2019,0.202,0.2021,0.2023,0.2024,0.2025,0.2027,0.2028,0.203,0.2031,0.2032,0.2034,0.2035,0.2036,0.2038,0.2039,0.2041,0.2042,0.2043,0.2045,0.2046,0.2048,0.2049,0.205,0.2052,0.2053,0.2055,0.2056,0.2057,0.2059,0.206,0.2062,0.2063,0.2064,0.2066,0.2067,0.2069,0.207,0.2072,0.2073,0.2074,0.2076,0.2077,0.2079,0.208,0.2082,0.2083,0.2085,0.2086,0.2087,0.2089,0.209,0.2092,0.2093,0.2095,0.2096,0.2098,0.2099,0.2101,0.2102,0.2104,0.2105,0.2106,0.2108,0.2109,0.2111,0.2112,0.2114,0.2119,0.2123,0.2127,0.2131,0.2136,0.2141,0.2146,0.2151,0.2156,0.216,0.2165,0.217,0.2175,0.218,0.2185,0.219,0.2195,0.22,0.2205,0.2211,0.2216,0.2221,0.2226,0.2231,0.2237,0.2242,0.2247,0.2252,0.2256,0.2257,0.2257,0.2258,0.2259,0.226,0.2261,0.2262,0.2263,0.2264,0.2265,0.2265,0.2266,0.2267,0.2268,0.2269,0.227,0.2271,0.2272,0.2273,0.2274,0.2274,0.2276,0.2277,0.2278,0.228,0.2281,0.2282,0.2283,0.2285,0.2286,0.2287,0.2289,0.229,0.2291,0.2292,0.2294,0.2295,0.2296,0.2298,0.2299,0.23,0.2302,0.2303,0.2304,0.2306,0.2307,0.2308,0.231,0.2311,0.2312,0.2314,0.2315
0.1887,0.1888,0.1889,0.189,0.1891,0.1893,0.1894,0.1895,0.1896,0.1897,0.1899,0.19,0.1901,0.1902,0.1903,0.1905,0.1906,0.1907,0.1908,0.1909,0.1911,0.1912,0.1913,0.1914,0.1915,0.1917,0.1918,0.1919,0.192,0.1922,0.1923,0.1924,0.1925,0.1927,0.1928,0.1929,0.193,0.1932,0.1933,0.1934,0.1935,0.1936,0.1938,0.1939,0.194,0.1942,0.1943,0.1944,0.1945,0.1947,0.1948,0.1949,0.195,0.1952,0.1953,0.1954,0.1955,0.1957,0.1958,0.1959,0.1961,0.1962,0.1963,0.1964,0.1966,0.1967,0.1968,0.197,0.1971,0.1972,0.1973,0.1975,0.1976,0.1977,0.1979,0.198,0.1981,0.1983,0.1984,0.1985,0.1986,0.1988,0.1989,0.199,0.1992,0.1993,0.1994,0.1996,0.1997,0.1998,0.2,0.2001,0.2002,0.2004,0.2005,0.2006,0.2008,0.2009,0.201,0.2012,0.2013,0.2014,0.2016,0.2017,0.2018,0.202,0.2021,0.2023,0.2024,0.2025,0.2027,0.2028,0.2029,0.2031,0.2032,0.2034,0.2035,0.2036,0.2038,0.2039,0.204,0.2042,0.2043,0.2045,0.2046,0.2047,0.2049,0.205,0.2052,0.2053,0.2054,0.2056,0.2057,0.2059,0.206,0.2061,0.2063,0.2064,0.2066,0.2067,0.2069,0.207,0.2071,0.2073,0.2074,0.2076,0.2077,0.2079,0.208,0.2081,0.2083,0.2084,0.2086,0.2087,0.2089,0.209,0.2092,0.2093,0.2095,0.2096,0.2097,0.2099,0.21,0.2102,0.2103,0.2105,0.2106,0.2108,0.2109,0.2111,0.2112,0.2114,0.2115,0.2117,0.2119,0.2124,0.2128,0.2132,0.2137,0.2142,0.2146,0.2151,0.2156,0.2161,0.2166,0.2171,0.2176,0.2181,0.2186,0.2191,0.2196,0.2201,0.2206,0.2211,0.2216,0.2222,0.2227,0.2232,0.2237,0.2243,0.2248,0.2253,0.2259,0.2261,0.2261,0.2262,0.2263,0.2264,0.2265,0.2266,0.2267,0.2268,0.2269,0.227,0.227,0.2271,0.2272,0.2273,0.2274,0.2275,0.2276,0.2277,0.2278,0.2279,0.2279,0.2281,0.2282,0.2283,0.2285,0.2286,0.2287,0.2288,0.229,0.2291,0.2292,0.2294,0.2295,0.2296,0.2298,0.2299,0.23,0.2302,0.2303,0.2304,0.2305,0.2307,0.2308,0.2309,0.2311,0.2312,0.2313,0.2315,0.2316,0.2317,0.2319,0.232
0.1890,0.1891,0.1893,0.1894,0.1895,0.1896,0.1897,0.1898,0.19,0.1901,0.1902,0.1903,0.1904,0.1906,0.1907,0.1908,0.1909,0.191,0.1912,0.1913,0.1914,0.1915,0.1917,0.1918,0.1919,0.192,0.1921,0.1923,0.1924,0.1925,0.1926,0.1928,0.1929,0.193,0.1931,0.1933,0.1934,0.1935,0.1936,0.1938,0.1939,0.194,0.1941,0.1943,0.1944,0.1945,0.1946,0.1948,0.1949,0.195,0.1951,0.1953,0.1954,0.1955,0.1957,0.1958,0.1959,0.196,0.1962,0.1963,0.1964,0.1965,0.1967,0.1968,0.1969,0.1971,0.1972,0.1973,0.1975,0.1976,0.1977,0.1978,0.198,0.1981,0.1982,0.1984,0.1985,0.1986,0.1988,0.1989,0.199,0.1992,0.1993,0.1994,0.1996,0.1997,0.1998,0.2,0.2001,0.2002,0.2004,0.2005,0.2006,0.2008,0.2009,0.201,0.2012,0.2013,0.2014,0.2016,0.2017,0.2018,0.202,0.2021,0.2022,0.2024,0.2025,0.2026,0.2028,0.2029,0.2031,0.2032,0.2033,0.2035,0.2036,0.2037,0.2039,0.204,0.2042,0.2043,0.2044,0.2046,0.2047,0.2049,0.205,0.2051,0.2053,0.2054,0.2056,0.2057,0.2058,0.206,0.2061,0.2063,0.2064,0.2066,0.2067,0.2068,0.207,0.2071,0.2073,0.2074,0.2076,0.2077,0.2078,0.208,0.2081,0.2083,0.2084,0.2086,0.2087,0.2089,0.209,0.2091,0.2093,0.2094,0.2096,0.2097,0.2099,0.21,0.2102,0.2103,0.2105,0.2106,0.2108,0.2109,0.2111,0.2112,0.2113,0.2115,0.2116,0.2118,0.2119,0.2121,0.2125,0.2129,0.2133,0.2137,0.2142,0.2147,0.2152,0.2157,0.2162,0.2167,0.2172,0.2177,0.2182,0.2187,0.2192,0.2197,0.2202,0.2207,0.2212,0.2217,0.2222,0.2228,0.2233,0.2238,0.2243,0.2249,0.2254,0.2259,0.2265,0.2266,0.2266,0.2267,0.2268,0.2269,0.227,0.2271,0.2272,0.2273,0.2274,0.2274,0.2275,0.2276,0.2277,0.2278,0.2279,0.228,0.2281,0.2282,0.2283,0.2284,0.2284,0.2286,0.2287,0.2288,0.229,0.2291,0.2292,0.2294,0.2295,0.2296,0.2297,0.2299,0.23,0.2301,0.2303,0.2304,0.2305,0.2307,0.2308,0.2309,0.2311,0.2312,0.2313,0.2315,0.2316,0.2317,0.2319,0.232,0.2321,0.2323,0.2324,0.2325
0.1894,0.1895,0.1896,0.1897,0.1899,0.19,0.1901,0.1902,0.1903,0.1905,0.1906,0.1907,0.1908,0.1909,0.191,0.1912,0.1913,0.1914,0.1915,0.1916,0.1918,0.1919,0.192,0.1921,0.1923,0.1924,0.1925,0.1926,0.1927,0.1929,0.193,0.1931,0.1932,0.1934,0.1935,0.1936,0.1937,0.1939,0.194,0.1941,0.1942,0.1944,0.1945,0.1946,0.1947,0.1949,0.195,0.1951,0.1953,0.1954,0.1955,0.1956,0.1958,0.1959,0.196,0.1961,0.1963,0.1964,0.1965,0.1967,0.1968,0.1969,0.197,0.1972,0.1973,0.1974,0.1976,0.1977,0.1978,0.198,0.1981,0.1982,0.1984,0.1985,0.1986,0.1987,0.1989,0.199,0.1991,0.1993,0.1994,0.1995,0.1997,0.1998,0.1999,0.2001,0.2002,0.2003,0.2005,0.2006,0.2007,0.2009,0.201,0.2011,0.2013,0.2014,0.2015,0.2017,0.2018,0.202,0.2021,0.2022,0.2024,0.2025,0.2026,0.2028,0.2029,0.203,0.2032,0.2033,0.2035,0.2036,0.2037,0.2039,0.204,0.2041,0.2043,0.2044,0.2046,0.2047,0.2048,0.205,0.2051,0.2053,0.2054,0.2055,0.2057,0.2058,0.206,0.2061,0.2063,0.2064,0.2065,0.2067,0.2068,0.207,0.2071,0.2072,0.2074,0.2075,0.2077,0.2078,0.208,0.2081,0.2083,0.2084,0.2085,0.2087,0.2088,0.209,0.2091,0.2093,0.2094,0.2096,0.2097,0.2099,0.21,0.2101,0.2103,0.2104,0.2106,0.2107,0.2109,0.211,0.2112,0.2113,0.2115,0.2116,0.2118,0.2119,0.2121,0.2122,0.2124,0.2126,0.213,0.2134,0.2138,0.2143,0.2148,0.2153,0.2158,0.2162,0.2167,0.2172,0.2177,0.2182,0.2187,0.2192,0.2197,0.2202,0.2208,0.2213,0.2218,0.2223,0.2228,0.2233,0.2239,0.2244,0.2249,0.2255,0.226,0.2265,0.227,0.227,0.2271,0.2272,0.2273,0.2274,0.2275,0.2276,0.2277,0.2278,0.2279,0.2279,0.228,0.2281,0.2282,0.2283,0.2284,0.2285,0.2286,0.2287,0.2288,0.2289,0.2289,0.2291,0.2292,0.2293,0.2295,0.2296,0.2297,0.2299,0.23,0.2301,0.2303,0.2304,0.2305,0.2307,0.2308,0.2309,0.231,0.2312,0.2313,0.2314,0.2316,0.2317,0.2318,0.232,0.2321,0.2322,0.2324,0.2325,0.2326,0.2328,0.2329,0.2331
0.1898,0.1899,0.19,0.1901,0.1902,0.1904,0.1905,0.1906,0.1907,0.1908,0.191,0.1911,0.1912,0.1913,0.1914,0.1915,0.1917,0.1918,0.1919,0.192,0.1921,0.1923,0.1924,0.1925,0.1926,0.1927,0.1929,0.193,0.1931,0.1932,0.1934,0.1935,0.1936,0.1937,0.1939,0.194,0.1941,0.1942,0.1944,0.1945,0.1946,0.1947,0.1949,0.195,0.1951,0.1952,0.1954,0.1955,0.1956,0.1957,0.1959,0.196,0.1961,0.1963,0.1964,0.1965,0.1966,0.1968,0.1969,0.197,0.1972,0.1973,0.1974,0.1976,0.1977,0.1978,0.1979,0.1981,0.1982,0.1983,0.1985,0.1986,0.1987,0.1989,0.199,0.1991,0.1993,0.1994,0.1995,0.1997,0.1998,0.1999,0.2001,0.2002,0.2003,0.2005,0.2006,0.2007,0.2009,0.201,0.2011,0.2013,0.2014,0.2015,0.2017,0.2018,0.2019,0.2021,0.2022,0.2023,0.2025,0.2026,0.2028,0.2029,0.203,0.2032,0.2033,0.2034,0.2036,0.2037,0.2039,0.204,0.2041,0.2043,0.2044,0.2045,0.2047,0.2048,0.205,0.2051,0.2052,0.2054,0.2055,0.2057,0.2058,0.206,0.2061,0.2062,0.2064,0.2065,0.2067,0.2068,0.2069,0.2071,0.2072,0.2074,0.2075,0.2077,0.2078,0.2079,0.2081,0.2082,0.2084,0.2085,0.2087,0.2088,0.209,0.2091,0.2093,0.2094,0.2095,0.2097,0.2098,0.21,0.2101,0.2103,0.2104,0.2106,0.2107,0.2109,0.211,0.2112,0.2113,0.2115,0.2116,0.2118,0.2119,0.2121,0.2122,0.2124,0.2125,0.2127,0.2128,0.2131,0.2135,0.2139,0.2144,0.2148,0.2153,0.2158,0.2163,0.2168,0.2173,0.2178,0.2183,0.2188,0.2193,0.2198,0.2203,0.2208,0.2213,0.2219,0.2224,0.2229,0.2234,0.2239,0.2245,0.225,0.2255,0.2261,0.2266,0.2272,0.2275,0.2275,0.2276,0.2277,0.2278,0.2279,0.228,0.2281,0.2282,0.2283,0.2284,0.2284,0.2285,0.2286,0.2287,0.2288,0.2289,0.229,0.2291,0.2292,0.2293,0.2294,0.2295,0.2296,0.2297,0.2299,0.23,0.2301,0.2302,0.2304,0.2305,0.2306,0.2308,0.2309,0.231,0.2312,0.2313,0.2314,0.2316,0.2317,0.2318,0.232,0.2321,0.2322,0.2324,0.2325,0.2326,0.2328,0.2329,0.233,0.2332,0.2333,0.2334,0.2336
0.1902,0.1903,0.1904,0.1905,0.1906,0.1907,0.1909,0.191,0.1911,0.1912,0.1913,0.1915,0.1916,0.1917,0.1918,0.1919,0.1921,0.1922,0.1923,0.1924,0.1925,0.1926,0.1928,0.1929,0.193,0.1931,0.1933,0.1934,0.1935,0.1936,0.1937,0.1939,0.194,0.1941,0.1942,0.1943,0.1945,0.1946,0.1947,0.1948,0.195,0.1951,0.1952,0.1954,0.1955,0.1956,0.1957,0.1959,0.196,0.1961,0.1962,0.1964,0.1965,0.1966,0.1968,0.1969,0.197,0.1971,0.1973,0.1974,0.1975,0.1977,0.1978,0.1979,0.1981,0.1982,0.1983,0.1984,0.1986,0.1987,0.1988,0.199,0.1991,0.1992,0.1994,0.1995,0.1996,0.1998,0.1999,0.2,0.2002,0.2003,0.2004,0.2006,0.2007,0.2008,0.201,0.2011,0.2012,0.2014,0.2015,0.2016,0.2018,0.2019,0.2021,0.2022,0.2023,0.2025,0.2026,0.2027,0.2029,0.203,0.2031,0.2033,0.2034,0.2036,0.2037,0.2038,0.204,0.2041,0.2043,0.2044,0.2045,0.2047,0.2048,0.2049,0.2051,0.2052,0.2054,0.2055,0.2057,0.2058,0.2059,0.2061,0.2062,0.2064,0.2065,0.2066,0.2068,0.2069,0.2071,0.2072,0.2074,0.2075,0.2076,0.2078,0.2079,0.2081,0.2082,0.2084,0.2085,0.2087,0.2088,0.2089,0.2091,0.2092,0.2094,0.2095,0.2097,0.2098,0.21,0.2101,0.2103,0.2104,0.2106,0.2107,0.2108,0.211,0.2111,0.2113,0.2114,0.2116,0.2117,0.2119,0.212,0.2122,0.2123,0.2125,0.2126,0.2128,0.2129,0.2131,0.2132,0.2136,0.214,0.2144,0.2149,0.2154,0.2159,0.2164,0.2169,0.2174,0.2179,0.2184,0.2189,0.2194,0.2199,0.2204,0.2209,0.2214,0.2219,0.2224,0.223,0.2235,0.224,0.2245,0.2251,0.2256,0.2261,0.2267,0.2272,0.2278,0.228,0.228,0.2281,0.2282,0.2283,0.2284,0.2285,0.2286,0.2287,0.2288,0.2289,0.229,0.229,0.2291,0.2292,0.2293,0.2294,0.2295,0.2296,0.2297,0.2298,0.2299,0.23,0.2301,0.2302,0.2304,0.2305,0.2306,0.2308,0.2309,0.231,0.2312,0.2313,0.2314,0.2316,0.2317,0.2318,0.232,0.2321,0.2322,0.2324,0.2325,0.2326,0.2328,0.2329,0.233,0.2332,0.2333,0.2334,0.2336,0.2337,0.2338,0.234,0.2341
0.1905,0.1907,0.1908,0.1909,0.191,0.1911,0.1913,0.1914,0.1915,0.1916,0.1917,0.1918,0.192,0.1921,0.1922,0.1923,0.1924,0.1926,0.1927,0.1928,0.1929,0.193,0.1932,0.1933,0.1934,0.1935,0.1936,0.1938,0.1939,0.194,0.1941,0.1943,0.1944,0.1945,0.1946,0.1947,0.1949,0.195,0.1951,0.1952,0.1954,0.1955,0.1956,0.1957,0.1959,0.196,0.1961,0.1962,0.1964,0.1965,0.1966,0.1967,0.1969,0.197,0.1971,0.1973,0.1974,0.1975,0.1976,0.1978,0.1979,0.198,0.1982,0.1983,0.1984,0.1986,0.1987,0.1988,0.199,0.1991,0.1992,0.1994,0.1995,0.1996,0.1998,0.1999,0.2,0.2002,0.2003,0.2004,0.2006,0.2007,0.2008,0.201,0.2011,0.2012,0.2014,0.2015,0.2016,0.2018,0.2019,0.202,0.2022,0.2023,0.2024,0.2026,0.2027,0.2029,0.203,0.2031,0.2033,0.2034,0.2035,0.2037,0.2038,0.204,0.2041,0.2042,0.2044,0.2045,0.2047,0.2048,0.2049,0.2051,0.2052,0.2054,0.2055,0.2056,0.2058,0.2059,0.2061,0.2062,0.2063,0.2065,0.2066,0.2068,0.2069,0.2071,0.2072,0.2073,0.2075,0.2076,0.2078,0.2079,0.2081,0.2082,0.2083,0.2085,0.2086,0.2088,0.2089,0.2091,0.2092,0.2094,0.2095,0.2097,0.2098,0.2099,0.2101,0.2102,0.2104,0.2105,0.2107,0.2108,0.211,0.2111,0.2113,0.2114,0.2116,0.2117,0.2119,0.212,0.2122,0.2123,0.2125,0.2126,0.2128,0.2129,0.2131,0.2132,0.2134,0.2135,0.2137,0.2141,0.2145,0.215,0.2155,0.216,0.2164,0.2169,0.2174,0.2179,0.2184,0.2189,0.2194,0.2199,0.2205,0.221,0.2215,0.222,0.2225,0.223,0.2236,0.2241,0.2246,0.2251,0.2257,0.2262,0.2268,0.2273,0.2278,0.2284,0.2285,0.2285,0.2286,0.2287,0.2288,0.2289,0.229,0.2291,0.2292,0.2293,0.2294,0.2295,0.2295,0.2296,0.2297,0.2298,0.2299,0.23,0.2301,0.2302,0.2303,0.2304,0.2305,0.2306,0.2307,0.2309,0.231,0.2311,0.2313,0.2314,0.2315,0.2317,0.2318,0.2319,0.2321,0.2322,0.2323,0.2325,0.2326,0.2327,0.2329,0.233,0.2331,0.2333,0.2334,0.2336,0.2337,0.2338,0.234,0.2341,0.2342,0.2344,0.2345,0.2346
0.1909,0.191,0.1912,0.1913,0.1914,0.1915,0.1916,0.1918,0.1919,0.192,0.1921,0.1922,0.1924,0.1925,0.1926,0.1927,0.1928,0.193,0.1931,0.1932,0.1933,0.1934,0.1936,0.1937,0.1938,0.1939,0.194,0.1942,0.1943,0.1944,0.1945,0.1947,0.1948,0.1949,0.195,0.1951,0.1953,0.1954,0.1955,0.1956,0.1958,0.1959,0.196,0.1961,0.1963,0.1964,0.1965,0.1966,0.1968,0.1969,0.197,0.1971,0.1973,0.1974,0.1975,0.1976,0.1978,0.1979,0.198,0.1982,0.1983,0.1984,0.1985,0.1987,0.1988,0.1989,0.1991,0.1992,0.1993,0.1995,0.1996,0.1997,0.1999,0.2,0.2001,0.2003,0.2004,0.2005,0.2007,0.2008,0.2009,0.2011,0.2012,0.2013,0.2015,0.2016,0.2017,0.2019,0.202,0.2022,0.2023,0.2024,0.2026,0.2027,0.2028,0.203,0.2031,0.2033,0.2034,0.2035,0.2037,0.2038,0.2039,0.2041,0.2042,0.2044,0.2045,0.2046,0.2048,0.2049,0.2051,0.2052,0.2053,0.2055,0.2056,0.2058,0.2059,0.206,0.2062,0.2063,0.2065,0.2066,0.2067,0.2069,0.207,0.2072,0.2073,0.2075,0.2076,0.2077,0.2079,0.208,0.2082,0.2083,0.2085,0.2086,0.2088,0.2089,0.2091,0.2092,0.2093,0.2095,0.2096,0.2098,0.2099,0.2101,0.2102,0.2104,0.2105,0.2107,0.2108,0.211,0.2111,0.2113,0.2114,0.2116,0.2117,0.2119,0.212,0.2122,0.2123,0.2125,0.2126,0.2128,0.2129,0.2131,0.2132,0.2134,0.2135,0.2137,0.2138,0.214,0.2142,0.2146,0.215,0.2155,0.216,0.2165,0.217,0.2175,0.218,0.2185,0.219,0.2195,0.22,0.2205,0.221,0.2215,0.2221,0.2226,0.2231,0.2236,0.2242,0.2247,0.2252,0.2258,0.2263,0.2268,0.2274,0.2279,0.2285,0.2289,0.229,0.229,0.2291,0.2292,0.2293,0.2294,0.2295,0.2296,0.2297,0.2298,0.2299,0.23,0.2301,0.2301,0.2302,0.2303,0.2304,0.2305,0.2306,0.2307,0.2308,0.2309,0.231,0.2311,0.2313,0.2314,0.2315,0.2317,0.2318,0.2319,0.2321,0.2322,0.2323,0.2325,0.2326,0.2327,0.2329,0.233,0.2331,0.2333,0.2334,0.2335,0.2337,0.2338,0.2339,0.2341,0.2342,0.2344,0.2345,0.2346,0.2348,0.2349,0.235,0.2352
0.1913,0.1914,0.1916,0.1917,0.1918,0.1919,0.192,0.1921,0.1923,0.1924,0.1925,0.1926,0.1927,0.1929,0.193,0.1931,0.1932,0.1933,0.1935,0.1936,0.1937,0.1938,0.194,0.1941,0.1942,0.1943,0.1944,0.1946,0.1947,0.1948,0.1949,0.1951,0.1952,0.1953,0.1954,0.1955,0.1957,0.1958,0.1959,0.196,0.1962,0.1963,0.1964,0.1965,0.1967,0.1968,0.1969,0.197,0.1972,0.1973,0.1974,0.1975,0.1977,0.1978,0.1979,0.1981,0.1982,0.1983,0.1984,0.1986,0.1987,0.1988,0.1989,0.1991,0.1992,0.1993,0.1995,0.1996,0.1997,0.1999,0.2,0.2001,0.2003,0.2004,0.2005,0.2007,0.2008,0.2009,0.2011,0.2012,0.2013,0.2015,0.2016,0.2017,0.2019,0.202,0.2021,0.2023,0.2024,0.2025,0.2027,0.2028,0.203,0.2031,0.2032,0.2034,0.2035,0.2036,0.2038,0.2039,0.2041,0.2042,0.2043,0.2045,0.2046,0.2048,0.2049,0.205,0.2052,0.2053,0.2055,0.2056,0.2057,0.2059,0.206,0.2062,0.2063,0.2064,0.2066,0.2067,0.2069,0.207,0.2072,0.2073,0.2074,0.2076,0.2077,0.2079,0.208,0.2082,0.2083,0.2085,0.2086,0.2087,0.2089,0.209,0.2092,0.2093,0.2095,0.2096,0.2098,0.2099,0.2101,0.2102,0.2104,0.2105,0.2106,0.2108,0.2109,0.2111,0.2112,0.2114,0.2115,0.2117,0.2118,0.212,0.2121,0.2123,0.2124,0.2126,0.2127,0.2129,0.213,0.2132,0.2133,0.2135,0.2136,0.2138,0.2139,0.2141,0.2143,0.2144,0.2147,0.2151,0.2156,0.2161,0.2166,0.2171,0.2176,0.2181,0.2186,0.2191,0.2196,0.2201,0.2206,0.2211,0.2216,0.2221,0.2227,0.2232,0.2237,0.2242,0.2248,0.2253,0.2258,0.2264,0.2269,0.2274,0.228,0.2285,0.2291,0.2294,0.2295,0.2296,0.2296,0.2297,0.2298,0.2299,0.23,0.2301,0.2302,0.2303,0.2304,0.2305,0.2306,0.2307,0.2308,0.2308,0.2309,0.231,0.2311,0.2312,0.2313,0.2314,0.2315,0.2316,0.2318,0.2319,0.232,0.2322,0.2323,0.2324,0.2326,0.2327,0.2329,0.233,0.2331,0.2333,0.2334,0.2335,0.2337,0.2338,0.2339,0.2341,0.2342,0.2343,0.2345,0.2346,0.2347,0.2349,0.235,0.2352,0.2353,0.2354,0.2356,0.2357
0.1917,0.1918,0.1919,0.1921,0.1922,0.1923,0.1924,0.1925,0.1927,0.1928,0.1929,0.193,0.1931,0.1933,0.1934,0.1935,0.1936,0.1937,0.1939,0.194,0.1941,0.1942,0.1944,0.1945,0.1946,0.1947,0.1948,0.195,0.1951,0.1952,0.1953,0.1955,0.1956,0.1957,0.1958,0.196,0.1961,0.1962,0.1963,0.1965,0.1966,0.1967,0.1968,0.197,0.1971,0.1972,0.1973,0.1975,0.1976,0.1977,0.1978,0.198,0.1981,0.1982,0.1983,0.1985,0.1986,0.1987,0.1989,0.199,0.1991,0.1992,0.1994,0.1995,0.1996,0.1998,0.1999,0.2,0.2001,0.2003,0.2004,0.2005,0.2007,0.2008,0.2009,0.201,0.2012,0.2013,0.2014,0.2016,0.2017,0.2019,0.202,0.2021,0.2023,0.2024,0.2025,0.2027,0.2028,0.2029,0.2031,0.2032,0.2034,0.2035,0.2036,0.2038,0.2039,0.204,0.2042,0.2043,0.2045,0.2046,0.2047,0.2049,0.205,0.2052,0.2053,0.2054,0.2056,0.2057,0.2059,0.206,0.2061,0.2063,0.2064,0.2066,0.2067,0.2069,0.207,0.2071,0.2073,0.2074,0.2076,0.2077,0.2079,0.208,0.2081,0.2083,0.2084,0.2086,0.2087,0.2089,0.209,0.2092,0.2093,0.2095,0.2096,0.2097,0.2099,0.21,0.2102,0.2103,0.2105,0.2106,0.2108,0.2109,0.2111,0.2112,0.2114,0.2115,0.2117,0.2118,0.212,0.2121,0.2123,0.2124,0.2126,0.2127,0.2129,0.213,0.2132,0.2133,0.2135,0.2136,0.2138,0.2139,0.2141,0.2142,0.2144,0.2145,0.2147,0.2148,0.2152,0.2157,0.2162,0.2166,0.2171,0.2176,0.2181,0.2186,0.2191,0.2196,0.2202,0.2207,0.2212,0.2217,0.2222,0.2227,0.2233,0.2238,0.2243,0.2248,0.2254,0.2259,0.2264,0.227,0.2275,0.2281,0.2286,0.2292,0.2297,0.2299,0.23,0.2301,0.2302,0.2302,0.2303,0.2304,0.2305,0.2306,0.2307,0.2308,0.2309,0.231,0.2311,0.2312,0.2313,0.2314,0.2315,0.2315,0.2316,0.2317,0.2318,0.2319,0.232,0.2322,0.2323,0.2324,0.2326,0.2327,0.2328,0.233,0.2331,0.2332,0.2334,0.2335,0.2336,0.2338,0.2339,0.2341,0.2342,0.2343,0.2345,0.2346,0.2347,0.2349,0.235,0.2351,0.2353,0.2354,0.2356,0.2357,0.2358,0.236,0.2361,0.2362
0.1921,0.1922,0.1923,0.1925,0.1926,0.1927,0.1928,0.1929,0.1931,0.1932,0.1933,0.1934,0.1935,0.1937,0.1938,0.1939,0.194,0.1941,0.1943,0.1944,0.1945,0.1946,0.1948,0.1949,0.195,0.1951,0.1952,0.1954,0.1955,0.1956,0.1957,0.1959,0.196,0.1961,0.1962,0.1964,0.1965,0.1966,0.1967,0.1969,0.197,0.1971,0.1972,0.1974,0.1975,0.1976,0.1977,0.1979,0.198,0.1981,0.1982,0.1984,0.1985,0.1986,0.1988,0.1989,0.199,0.1991,0.1993,0.1994,0.1995,0.1997,0.1998,0.1999,0.2,0.2002,0.2003,0.2004,0.2006,0.2007,0.2008,0.201,0.2011,0.2012,0.2013,0.2015,0.2016,0.2017,0.2019,0.202,0.2021,0.2023,0.2024,0.2025,0.2027,0.2028,0.2029,0.2031,0.2032,0.2033,0.2035,0.2036,0.2038,0.2039,0.204,0.2042,0.2043,0.2044,0.2046,0.2047,0.2049,0.205,0.2051,0.2053,0.2054,0.2056,0.2057,0.2058,0.206,0.2061,0.2063,0.2064,0.2066,0.2067,0.2068,0.207,0.2071,0.2073,0.2074,0.2076,0.2077,0.2078,0.208,0.2081,0.2083,0.2084,0.2086,0.2087,0.2089,0.209,0.2091,0.2093,0.2094,0.2096,0.2097,0.2099,0.21,0.2102,0.2103,0.2105,0.2106,0.2108,0.2109,0.2111,0.2112,0.2114,0.2115,0.2116,0.2118,0.2119,0.2121,0.2122,0.2124,0.2125,0.2127,0.2128,0.213,0.2132,0.2133,0.2135,0.2136,0.2138,0.2139,0.2141,0.2142,0.2144,0.2145,0.2147,0.2148,0.215,0.2151,0.2153,0.2157,0.2162,0.2167,0.2172,0.2177,0.2182,0.2187,0.2192,0.2197,0.2202,0.2207,0.2212,0.2218,0.2223,0.2228,0.2233,0.2238,0.2244,0.2249,0.2254,0.226,0.2265,0.2271,0.2276,0.2281,0.2287,0.2292,0.2298,0.2303,0.2304,0.2305,0.2306,0.2307,0.2308,0.2309,0.2309,0.231,0.2311,0.2312,0.2313,0.2314,0.2315,0.2316,0.2317,0.2318,0.2319,0.232,0.2321,0.2322,0.2323,0.2323,0.2324,0.2326,0.2327,0.2328,0.233,0.2331,0.2332,0.2334,0.2335,0.2336,0.2338,0.2339,0.234,0.2342,0.2343,0.2345,0.2346,0.2347,0.2349,0.235,0.2351,0.2353,0.2354,0.2355,0.2357,0.2358,0.236,0.2361,0.2362,0.2364,0.2365,0.2367,0.2368
0.1925,0.1926,0.1927,0.1928,0.193,0.1931,0.1932,0.1933,0.1934,0.1936,0.1937,0.1938,0.1939,0.1941,0.1942,0.1943,0.1944,0.1945,0.1947,0.1948,0.1949,0.195,0.1952,0.1953,0.1954,0.1955,0.1957,0.1958,0.1959,0.196,0.1961,0.1963,0.1964,0.1965,0.1966,0.1968,0.1969,0.197,0.1971,0.1973,0.1974,0.1975,0.1977,0.1978,0.1979,0.198,0.1982,0.1983,0.1984,0.1985,0.1987,0.1988,0.1989,0.199,0.1992,0.1993,0.1994,0.1996,0.1997,0.1998,0.2,0.2001,0.2002,0.2003,0.2005,0.2006,0.2007,0.2009,0.201,0.2011,0.2013,0.2014,0.2015,0.2016,0.2018,0.2019,0.202,0.2022,0.2023,0.2024,0.2026,0.2027,0.2028,0.203,0.2031,0.2032,0.2034,0.2035,0.2036,0.2038,0.2039,0.204,0.2042,0.2043,0.2044,0.2046,0.2047,0.2049,0.205,0.2051,0.2053,0.2054,0.2055,0.2057,0.2058,0.206,0.2061,0.2063,0.2064,0.2065,0.2067,0.2068,0.207,0.2071,0.2072,0.2074,0.2075,0.2077,0.2078,0.208,0.2081,0.2083,0.2084,0.2085,0.2087,0.2088,0.209,0.2091,0.2093,0.2094,0.2096,0.2097,0.2099,0.21,0.2101,0.2103,0.2104,0.2106,0.2107,0.2109,0.211,0.2112,0.2113,0.2115,0.2116,0.2118,0.2119,0.2121,0.2122,0.2124,0.2125,0.2127,0.2128,0.213,0.2131,0.2133,0.2134,0.2136,0.2137,0.2139,0.214,0.2142,0.2143,0.2145,0.2147,0.2148,0.215,0.2151,0.2153,0.2154,0.2156,0.2159,0.2163,0.2168,0.2173,0.2178,0.2183,0.2188,0.2193,0.2198,0.2203,0.2208,0.2213,0.2218,0.2223,0.2229,0.2234,0.2239,0.2244,0.225,0.2255,0.226,0.2266,0.2271,0.2277,0.2282,0.2288,0.2293,0.2299,0.2304,0.2308,0.2309,0.231,0.2311,0.2312,0.2313,0.2314,0.2315,0.2316,0.2316,0.2317,0.2318,0.2319,0.232,0.2321,0.2322,0.2323,0.2324,0.2325,0.2326,0.2327,0.2328,0.2329,0.233,0.2331,0.2332,0.2334,0.2335,0.2336,0.2338,0.2339,0.234,0.2342,0.2343,0.2344,0.2346,0.2347,0.2348,0.235,0.2351,0.2353,0.2354,0.2355,0.2357,0.2358,0.2359,0.2361,0.2362,0.2364,0.2365,0.2366,0.2368,0.2369,0.2371,0.2372,0.2373
0.1929,0.193,0.1931,0.1932,0.1934,0.1935,0.1936,0.1937,0.1938,0.194,0.1941,0.1942,0.1943,0.1945,0.1946,0.1947,0.1948,0.1949,0.1951,0.1952,0.1953,0.1954,0.1956,0.1957,0.1958,0.1959,0.1961,0.1962,0.1963,0.1964,0.1966,0.1967,0.1968,0.1969,0.1971,0.1972,0.1973,0.1974,0.1976,0.1977,0.1978,0.1979,0.1981,0.1982,0.1983,0.1984,0.1986,0.1987,0.1988,0.199,0.1991,0.1992,0.1993,0.1995,0.1996,0.1997,0.1999,0.2,0.2001,0.2002,0.2004,0.2005,0.2006,0.2008,0.2009,0.201,0.2012,0.2013,0.2014,0.2015,0.2017,0.2018,0.2019,0.2021,0.2022,0.2023,0.2025,0.2026,0.2027,0.2029,0.203,0.2031,0.2033,0.2034,0.2035,0.2037,0.2038,0.2039,0.2041,0.2042,0.2043,0.2045,0.2046,0.2048,0.2049,0.205,0.2052,0.2053,0.2054,0.2056,0.2057,0.2058,0.206,0.2061,0.2063,0.2064,0.2065,0.2067,0.2068,0.2069,0.2071,0.2072,0.2074,0.2075,0.2077,0.2078,0.2079,0.2081,0.2082,0.2084,0.2085,0.2087,0.2088,0.209,0.2091,0.2093,0.2094,0.2095,0.2097,0.2098,0.21,0.2101,0.2103,0.2104,0.2106,0.2107,0.2109,0.211,0.2112,0.2113,0.2115,0.2116,0.2118,0.2119,0.2121,0.2122,0.2124,0.2125,0.2127,0.2128,0.213,0.2131,0.2133,0.2134,0.2136,0.2137,0.2139,0.214,0.2142,0.2143,0.2145,0.2146,0.2148,0.2149,0.2151,0.2153,0.2154,0.2156,0.2157,0.2159,0.216,0.2164,0.2168,0.2173,0.2178,0.2183,0.2188,0.2193,0.2199,0.2204,0.2209,0.2214,0.2219,0.2224,0.2229,0.2235,0.224,0.2245,0.225,0.2256,0.2261,0.2267,0.2272,0.2277,0.2283,0.2288,0.2294,0.2299,0.2305,0.2311,0.2313,0.2314,0.2315,0.2316,0.2317,0.2318,0.2319,0.232,0.2321,0.2322,0.2323,0.2323,0.2324,0.2325,0.2326,0.2327,0.2328,0.2329,0.233,0.2331,0.2332,0.2333,0.2334,0.2335,0.2336,0.2337,0.2339,0.234,0.2342,0.2343,0.2344,0.2346,0.2347,0.2348,0.235,0.2351,0.2352,0.2354,0.2355,0.2357,0.2358,0.2359,0.2361,0.2362,0.2363,0.2365,0.2366,0.2368,0.2369,0.237,0.2372,0.2373,0.2375,0.2376,0.2377,0.2379
0.1933,0.1934,0.1935,0.1936,0.1938,0.1939,0.194,0.1941,0.1942,0.1944,0.1945,0.1946,0.1947,0.1949,0.195,0.1951,0.1952,0.1953,0.1955,0.1956,0.1957,0.1958,0.196,0.1961,0.1962,0.1963,0.1965,0.1966,0.1967,0.1968,0.197,0.1971,0.1972,0.1973,0.1975,0.1976,0.1977,0.1978,0.198,0.1981,0.1982,0.1984,0.1985,0.1986,0.1987,0.1989,0.199,0.1991,0.1992,0.1994,0.1995,0.1996,0.1998,0.1999,0.2,0.2001,0.2003,0.2004,0.2005,0.2007,0.2008,0.2009,0.2011,0.2012,0.2013,0.2015,0.2016,0.2017,0.2018,0.202,0.2021,0.2022,0.2024,0.2025,0.2026,0.2028,0.2029,0.203,0.2032,0.2033,0.2034,0.2036,0.2037,0.2038,0.204,0.2041,0.2042,0.2044,0.2045,0.2047,0.2048,0.2049,0.2051,0.2052,0.2053,0.2055,0.2056,0.2057,0.2059,0.206,0.2062,0.2063,0.2064,0.2066,0.2067,0.2068,0.207,0.2071,0.2073,0.2074,0.2075,0.2077,0.2078,0.208,0.2081,0.2082,0.2084,0.2085,0.2087,0.2088,0.2089,0.2091,0.2092,0.2094,0.2095,0.2097,0.2098,0.21,0.2101,0.2103,0.2104,0.2106,0.2107,0.2109,0.211,0.2111,0.2113,0.2114,0.2116,0.2117,0.2119,0.212,0.2122,0.2123,0.2125,0.2126,0.2128,0.2129,0.2131,0.2132,0.2134,0.2135,0.2137,0.2139,0.214,0.2142,0.2143,0.2145,0.2146,0.2148,0.2149,0.2151,0.2152,0.2154,0.2155,0.2157,0.2159,0.216,0.2162,0.2163,0.2165,0.2169,0.2174,0.2179,0.2184,0.2189,0.2194,0.2199,0.2204,0.2209,0.2215,0.222,0.2225,0.223,0.2235,0.2241,0.2246,0.2251,0.2257,0.2262,0.2267,0.2273,0.2278,0.2284,0.2289,0.2295,0.23,0.2306,0.2311,0.2317,0.2318,0.2319,0.232,0.2321,0.2322,0.2323,0.2324,0.2325,0.2326,0.2327,0.2328,0.2329,0.233,0.2331,0.2332,0.2332,0.2333,0.2334,0.2335,0.2336,0.2337,0.2338,0.2339,0.234,0.2341,0.2343,0.2344,0.2345,0.2347,0.2348,0.235,0.2351,0.2352,0.2354,0.2355,0.2356,0.2358,0.2359,0.2361,0.2362,0.2363,0.2365,0.2366,0.2368,0.2369,0.237,0.2372,0.2373,0.2374,0.2376,0.2377,0.2379,0.238,0.2381,0.2383,0.2384
0.1937,0.1938,0.1939,0.194,0.1942,0.1943,0.1944,0.1945,0.1946,0.1948,0.1949,0.195,0.1951,0.1953,0.1954,0.1955,0.1956,0.1958,0.1959,0.196,0.1961,0.1962,0.1964,0.1965,0.1966,0.1967,0.1969,0.197,0.1971,0.1972,0.1974,0.1975,0.1976,0.1978,0.1979,0.198,0.1981,0.1983,0.1984,0.1985,0.1986,0.1988,0.1989,0.199,0.1992,0.1993,0.1994,0.1995,0.1997,0.1998,0.1999,0.2001,0.2002,0.2003,0.2004,0.2006,0.2007,0.2008,0.201,0.2011,0.2012,0.2014,0.2015,0.2016,0.2018,0.2019,0.202,0.2021,0.2023,0.2024,0.2025,0.2027,0.2028,0.2029,0.2031,0.2032,0.2033,0.2035,0.2036,0.2037,0.2039,0.204,0.2041,0.2043,0.2044,0.2046,0.2047,0.2048,0.205,0.2051,0.2052,0.2054,0.2055,0.2056,0.2058,0.2059,0.2061,0.2062,0.2063,0.2065,0.2066,0.2067,0.2069,0.207,0.2072,0.2073,0.2074,0.2076,0.2077,0.2079,0.208,0.2081,0.2083,0.2084,0.2086,0.2087,0.2088,0.209,0.2091,0.2093,0.2094,0.2095,0.2097,0.2098,0.21,0.2101,0.2103,0.2104,0.2105,0.2107,0.2108,0.211,0.2111,0.2113,0.2114,0.2116,0.2117,0.2119,0.212,0.2122,0.2123,0.2125,0.2126,0.2128,0.2129,0.2131,0.2132,0.2134,0.2135,0.2137,0.2138,0.214,0.2141,0.2143,0.2144,0.2146,0.2148,0.2149,0.2151,0.2152,0.2154,0.2155,0.2157,0.2158,0.216,0.2161,0.2163,0.2165,0.2166,0.2168,0.217,0.2175,0.218,0.2185,0.219,0.2195,0.22,0.2205,0.221,0.2215,0.222,0.2226,0.2231,0.2236,0.2241,0.2247,0.2252,0.2257,0.2263,0.2268,0.2273,0.2279,0.2284,0.229,0.2295,0.2301,0.2307,0.2312,0.2318,0.2323,0.2324,0.2324,0.2325,0.2326,0.2327,0.2328,0.2329,0.233,0.2331,0.2332,0.2333,0.2334,0.2335,0.2336,0.2337,0.2338,0.2339,0.234,0.2341,0.2342,0.2342,0.2343,0.2344,0.2345,0.2347,0.2348,0.2349,0.2351,0.2352,0.2354,0.2355,0.2356,0.2358,0.2359,0.236,0.2362,0.2363,0.2365,0.2366,0.2367,0.2369,0.237,0.2372,0.2373,0.2374,0.2376,0.2377,0.2379,0.238,0.2381,0.2383,0.2384,0.2386,0.2387,0.2388,0.239
0.1941,0.1942,0.1943,0.1944,0.1946,0.1947,0.1948,0.1949,0.195,0.1952,0.1953,0.1954,0.1955,0.1957,0.1958,0.1959,0.196,0.1962,0.1963,0.1964,0.1965,0.1967,0.1968,0.1969,0.197,0.1972,0.1973,0.1974,0.1975,0.1977,0.1978,0.1979,0.198,0.1982,0.1983,0.1984,0.1985,0.1987,0.1988,0.1989,0.1991,0.1992,0.1993,0.1994,0.1996,0.1997,0.1998,0.2,0.2001,0.2002,0.2003,0.2005,0.2006,0.2007,0.2009,0.201,0.2011,0.2013,0.2014,0.2015,0.2017,0.2018,0.2019,0.2021,0.2022,0.2023,0.2024,0.2026,0.2027,0.2028,0.203,0.2031,0.2032,0.2034,0.2035,0.2036,0.2038,0.2039,0.2041,0.2042,0.2043,0.2045,0.2046,0.2047,0.2049,0.205,0.2051,0.2053,0.2054,0.2055,0.2057,0.2058,0.206,0.2061,0.2062,0.2064,0.2065,0.2066,0.2068,0.2069,0.2071,0.2072,0.2073,0.2075,0.2076,0.2078,0.2079,0.208,0.2082,0.2083,0.2085,0.2086,0.2087,0.2089,0.209,0.2092,0.2093,0.2094,0.2096,0.2097,0.2099,0.21,0.2102,0.2103,0.2104,0.2106,0.2107,0.2109,0.211,0.2112,0.2113,0.2114,0.2116,0.2117,0.2119,0.212,0.2122,0.2123,0.2125,0.2126,0.2128,0.2129,0.2131,0.2132,0.2134,0.2135,0.2137,0.2138,0.214,0.2141,0.2143,0.2144,0.2146,0.2147,0.2149,0.215,0.2152,0.2153,0.2155,0.2157,0.2158,0.216,0.2161,0.2163,0.2164,0.2166,0.2167,0.2169,0.2171,0.2172,0.2175,0.218,0.2185,0.219,0.2196,0.2201,0.2206,0.2211,0.2216,0.2221,0.2226,0.2232,0.2237,0.2242,0.2247,0.2253,0.2258,0.2263,0.2269,0.2274,0.228,0.2285,0.2291,0.2296,0.2302,0.2307,0.2313,0.2319,0.2324,0.2328,0.2329,0.233,0.2331,0.2332,0.2333,0.2333,0.2334,0.2335,0.2336,0.2337,0.2338,0.2339,0.234,0.2341,0.2342,0.2343,0.2344,0.2345,0.2346,0.2347,0.2348,0.2349,0.235,0.2351,0.2352,0.2353,0.2355,0.2356,0.2358,0.2359,0.236,0.2362,0.2363,0.2364,0.2366,0.2367,0.2369,0.237,0.2371,0.2373,0.2374,0.2376,0.2377,0.2378,0.238,0.2381,0.2383,0.2384,0.2385,0.2387,0.2388,0.239,0.2391,0.2393,0.2394,0.2395
0.1945,0.1946,0.1947,0.1948,0.195,0.1951,0.1952,0.1953,0.1954,0.1956,0.1957,0.1958,0.1959,0.1961,0.1962,0.1963,0.1964,0.1966,0.1967,0.1968,0.1969,0.1971,0.1972,0.1973,0.1974,0.1976,0.1977,0.1978,0.1979,0.1981,0.1982,0.1983,0.1985,0.1986,0.1987,0.1988,0.199,0.1991,0.1992,0.1994,0.1995,0.1996,0.1997,0.1999,0.2,0.2001,0.2003,0.2004,0.2005,0.2006,0.2008,0.2009,0.201,0.2012,0.2013,0.2014,0.2016,0.2017,0.2018,0.202,0.2021,0.2022,0.2024,0.2025,0.2026,0.2027,0.2029,0.203,0.2031,0.2033,0.2034,0.2035,0.2037,0.2038,0.204,0.2041,0.2042,0.2044,0.2045,0.2046,0.2048,0.2049,0.205,0.2052,0.2053,0.2054,0.2056,0.2057,0.2059,0.206,0.2061,0.2063,0.2064,0.2065,0.2067,0.2068,0.207,0.2071,0.2072,0.2074,0.2075,0.2076,0.2078,0.2079,0.2081,0.2082,0.2083,0.2085,0.2086,0.2088,0.2089,0.2091,0.2092,0.2093,0.2095,0.2096,0.2098,0.2099,0.21,0.2102,0.2103,0.2105,0.2106,0.2108,0.2109,0.211,0.2112,0.2113,0.2115,0.2116,0.2118,0.2119,0.2121,0.2122,0.2124,0.2125,0.2126,0.2128,0.2129,0.2131,0.2132,0.2134,0.2135,0.2137,0.2138,0.214,0.2141,0.2143,0.2144,0.2146,0.2147,0.2149,0.215,0.2152,0.2153,0.2155,0.2156,0.2158,0.2159,0.2161,0.2163,0.2164,0.2166,0.2167,0.2169,0.217,0.2172,0.2174,0.2175,0.2177,0.2181,0.2186,0.2191,0.2196,0.2201,0.2206,0.2212,0.2217,0.2222,0.2227,0.2232,0.2238,0.2243,0.2248,0.2253,0.2259,0.2264,0.227,0.2275,0.228,0.2286,0.2291,0.2297,0.2302,0.2308,0.2314,0.2319,0.2325,0.2331,0.2333,0.2334,0.2335,0.2336,0.2337,0.2338,0.2339,0.234,0.2341,0.2342,0.2343,0.2344,0.2344,0.2345,0.2346,0.2347,0.2348,0.2349,0.235,0.2351,0.2352,0.2353,0.2354,0.2355,0.2356,0.2357,0.2359,0.236,0.2362,0.2363,0.2364,0.2366,0.2367,0.2368,0.237,0.2371,0.2373,0.2374,0.2375,0.2377,0.2378,0.238,0.2381,0.2382,0.2384,0.2385,0.2387,0.2388,0.239,0.2391,0.2392,0.2394,0.2395,0.2397,0.2398,0.2399,0.2401
0.1949,0.195,0.1951,0.1952,0.1954,0.1955,0.1956,0.1957,0.1959,0.196,0.1961,0.1962,0.1963,0.1965,0.1966,0.1967,0.1968,0.197,0.1971,0.1972,0.1974,0.1975,0.1976,0.1977,0.1979,0.198,0.1981,0.1982,0.1984,0.1985,0.1986,0.1987,0.1989,0.199,0.1991,0.1993,0.1994,0.1995,0.1996,0.1998,0.1999,0.2,0.2002,0.2003,0.2004,0.2005,0.2007,0.2008,0.2009,0.2011,0.2012,0.2013,0.2015,0.2016,0.2017,0.2019,0.202,0.2021,0.2023,0.2024,0.2025,0.2027,0.2028,0.2029,0.2031,0.2032,0.2033,0.2035,0.2036,0.2037,0.2039,0.204,0.2041,0.2043,0.2044,0.2045,0.2047,0.2048,0.2049,0.2051,0.2052,0.2053,0.2055,0.2056,0.2058,0.2059,0.206,0.2062,0.2063,0.2064,0.2066,0.2067,0.2069,0.207,0.2071,0.2073,0.2074,0.2075,0.2077,0.2078,0.208,0.2081,0.2082,0.2084,0.2085,0.2087,0.2088,0.2089,0.2091,0.2092,0.2094,0.2095,0.2097,0.2098,0.2099,0.2101,0.2102,0.2104,0.2105,0.2107,0.2108,0.2109,0.2111,0.2112,0.2114,0.2115,0.2117,0.2118,0.212,0.2121,0.2122,0.2124,0.2125,0.2127,0.2128,0.213,0.2131,0.2133,0.2134,0.2136,0.2137,0.2139,0.214,0.2142,0.2143,0.2145,0.2146,0.2148,0.2149,0.2151,0.2152,0.2154,0.2155,0.2157,0.2158,0.216,0.2161,0.2163,0.2164,0.2166,0.2167,0.2169,0.217,0.2172,0.2173,0.2175,0.2177,0.2178,0.218,0.2182,0.2187,0.2192,0.2197,0.2202,0.2207,0.2212,0.2217,0.2223,0.2228,0.2233,0.2238,0.2243,0.2249,0.2254,0.2259,0.2265,0.227,0.2276,0.2281,0.2287,0.2292,0.2298,0.2303,0.2309,0.2314,0.232,0.2326,0.2331,0.2337,0.2338,0.2339,0.234,0.2341,0.2342,0.2343,0.2344,0.2345,0.2346,0.2347,0.2348,0.2349,0.235,0.2351,0.2352,0.2353,0.2354,0.2355,0.2356,0.2357,0.2357,0.2358,0.2359,0.236,0.2361,0.2363,0.2364,0.2366,0.2367,0.2368,0.237,0.2371,0.2373,0.2374,0.2375,0.2377,0.2378,0.238,0.2381,0.2382,0.2384,0.2385,0.2387,0.2388,0.2389,0.2391,0.2392,0.2394,0.2395,0.2397,0.2398,0.2399,0.2401,0.2402,0.2404,0.2405,0.2407
0.1953,0.1954,0.1955,0.1956,0.1958,0.1959,0.196,0.1961,0.1963,0.1964,0.1965,0.1966,0.1968,0.1969,0.197,0.1971,0.1973,0.1974,0.1975,0.1976,0.1978,0.1979,0.198,0.1981,0.1983,0.1984,0.1985,0.1987,0.1988,0.1989,0.199,0.1992,0.1993,0.1994,0.1995,0.1997,0.1998,0.1999,0.2001,0.2002,0.2003,0.2005,0.2006,0.2007,0.2008,0.201,0.2011,0.2012,0.2014,0.2015,0.2016,0.2018,0.2019,0.202,0.2022,0.2023,0.2024,0.2026,0.2027,0.2028,0.203,0.2031,0.2032,0.2034,0.2035,0.2036,0.2038,0.2039,0.204,0.2042,0.2043,0.2044,0.2046,0.2047,0.2048,0.205,0.2051,0.2052,0.2054,0.2055,0.2057,0.2058,0.2059,0.2061,0.2062,0.2063,0.2065,0.2066,0.2068,0.2069,0.207,0.2072,0.2073,0.2074,0.2076,0.2077,0.2079,0.208,0.2081,0.2083,0.2084,0.2086,0.2087,0.2088,0.209,0.2091,0.2093,0.2094,0.2096,0.2097,0.2098,0.21,0.2101,0.2103,0.2104,0.2106,0.2107,0.2108,0.211,0.2111,0.2113,0.2114,0.2116,0.2117,0.2119,0.212,0.2121,0.2123,0.2124,0.2126,0.2127,0.2129,0.213,0.2132,0.2133,0.2135,0.2136,0.2138,0.2139,0.214,0.2142,0.2143,0.2145,0.2146,0.2148,0.2149,0.2151,0.2152,0.2154,0.2155,0.2157,0.2158,0.216,0.2161,0.2163,0.2164,0.2166,0.2167,0.2169,0.2171,0.2172,0.2174,0.2175,0.2177,0.2178,0.218,0.2181,0.2183,0.2184,0.2187,0.2193,0.2198,0.2203,0.2208,0.2213,0.2218,0.2223,0.2228,0.2234,0.2239,0.2244,0.225,0.2255,0.226,0.2266,0.2271,0.2276,0.2282,0.2287,0.2293,0.2298,0.2304,0.231,0.2315,0.2321,0.2327,0.2332,0.2338,0.2343,0.2344,0.2345,0.2345,0.2346,0.2347,0.2348,0.2349,0.235,0.2351,0.2352,0.2353,0.2354,0.2355,0.2356,0.2357,0.2358,0.2359,0.236,0.2361,0.2362,0.2363,0.2364,0.2365,0.2366,0.2367,0.2368,0.237,0.2371,0.2372,0.2374,0.2375,0.2377,0.2378,0.2379,0.2381,0.2382,0.2384,0.2385,0.2386,0.2388,0.2389,0.2391,0.2392,0.2394,0.2395,0.2396,0.2398,0.2399,0.2401,0.2402,0.2404,0.2405,0.2406,0.2408,0.2409,0.2411,0.2412
0.1957,0.1958,0.1959,0.196,0.1962,0.1963,0.1964,0.1965,0.1967,0.1968,0.1969,0.197,0.1972,0.1973,0.1974,0.1975,0.1977,0.1978,0.1979,0.1981,0.1982,0.1983,0.1984,0.1986,0.1987,0.1988,0.1989,0.1991,0.1992,0.1993,0.1995,0.1996,0.1997,0.1998,0.2,0.2001,0.2002,0.2004,0.2005,0.2006,0.2008,0.2009,0.201,0.2011,0.2013,0.2014,0.2015,0.2017,0.2018,0.2019,0.2021,0.2022,0.2023,0.2025,0.2026,0.2027,0.2029,0.203,0.2031,0.2033,0.2034,0.2035,0.2037,0.2038,0.2039,0.2041,0.2042,0.2043,0.2045,0.2046,0.2047,0.2049,0.205,0.2051,0.2053,0.2054,0.2056,0.2057,0.2058,0.206,0.2061,0.2062,0.2064,0.2065,0.2067,0.2068,0.2069,0.2071,0.2072,0.2073,0.2075,0.2076,0.2078,0.2079,0.208,0.2082,0.2083,0.2085,0.2086,0.2087,0.2089,0.209,0.2092,0.2093,0.2095,0.2096,0.2097,0.2099,0.21,0.2102,0.2103,0.2104,0.2106,0.2107,0.2109,0.211,0.2112,0.2113,0.2115,0.2116,0.2117,0.2119,0.212,0.2122,0.2123,0.2125,0.2126,0.2128,0.2129,0.2131,0.2132,0.2134,0.2135,0.2136,0.2138,0.2139,0.2141,0.2142,0.2144,0.2145,0.2147,0.2148,0.215,0.2151,0.2153,0.2154,0.2156,0.2157,0.2159,0.216,0.2162,0.2163,0.2165,0.2166,0.2168,0.2169,0.2171,0.2172,0.2174,0.2176,0.2177,0.2179,0.218,0.2182,0.2183,0.2185,0.2187,0.2188,0.219,0.2193,0.2198,0.2203,0.2208,0.2214,0.2219,0.2224,0.2229,0.2234,0.224,0.2245,0.225,0.2256,0.2261,0.2266,0.2272,0.2277,0.2283,0.2288,0.2294,0.2299,0.2305,0.231,0.2316,0.2322,0.2327,0.2333,0.2339,0.2344,0.2348,0.2349,0.235,0.2351,0.2352,0.2353,0.2354,0.2355,0.2356,0.2357,0.2358,0.2358,0.2359,0.236,0.2361,0.2362,0.2363,0.2364,0.2365,0.2366,0.2367,0.2368,0.2369,0.237,0.2371,0.2372,0.2374,0.2375,0.2376,0.2378,0.2379,0.2381,0.2382,0.2383,0.2385,0.2386,0.2388,0.2389,0.2391,0.2392,0.2393,0.2395,0.2396,0.2398,0.2399,0.2401,0.2402,0.2403,0.2405,0.2406,0.2408,0.2409,0.2411,0.2412,0.2413,0.2415,0.2416,0.2418
0.1961,0.1962,0.1963,0.1964,0.1966,0.1967,0.1968,0.197,0.1971,0.1972,0.1973,0.1975,0.1976,0.1977,0.1978,0.198,0.1981,0.1982,0.1983,0.1985,0.1986,0.1987,0.1988,0.199,0.1991,0.1992,0.1994,0.1995,0.1996,0.1997,0.1999,0.2,0.2001,0.2003,0.2004,0.2005,0.2007,0.2008,0.2009,0.201,0.2012,0.2013,0.2014,0.2016,0.2017,0.2018,0.202,0.2021,0.2022,0.2024,0.2025,0.2026,0.2028,0.2029,0.203,0.2032,0.2033,0.2034,0.2036,0.2037,0.2038,0.204,0.2041,0.2042,0.2044,0.2045,0.2046,0.2048,0.2049,0.205,0.2052,0.2053,0.2055,0.2056,0.2057,0.2059,0.206,0.2061,0.2063,0.2064,0.2066,0.2067,0.2068,0.207,0.2071,0.2072,0.2074,0.2075,0.2077,0.2078,0.2079,0.2081,0.2082,0.2084,0.2085,0.2086,0.2088,0.2089,0.2091,0.2092,0.2093,0.2095,0.2096,0.2098,0.2099,0.2101,0.2102,0.2103,0.2105,0.2106,0.2108,0.2109,0.2111,0.2112,0.2113,0.2115,0.2116,0.2118,0.2119,0.2121,0.2122,0.2124,0.2125,0.2127,0.2128,0.213,0.2131,0.2132,0.2134,0.2135,0.2137,0.2138,0.214,0.2141,0.2143,0.2144,0.2146,0.2147,0.2149,0.215,0.2152,0.2153,0.2155,0.2156,0.2158,0.2159,0.2161,0.2162,0.2164,0.2165,0.2167,0.2168,0.217,0.2171,0.2173,0.2174,0.2176,0.2177,0.2179,0.2181,0.2182,0.2184,0.2186,0.2187,0.2189,0.2191,0.2192,0.2194,0.2196,0.2198,0.2204,0.2209,0.2214,0.2219,0.2225,0.223,0.2235,0.224,0.2246,0.2251,0.2256,0.2262,0.2267,0.2272,0.2278,0.2283,0.2289,0.2294,0.23,0.2306,0.2311,0.2317,0.2322,0.2328,0.2334,0.234,0.2345,0.2351,0.2353,0.2354,0.2355,0.2356,0.2357,0.2358,0.2359,0.236,0.2361,0.2362,0.2363,0.2364,0.2365,0.2366,0.2367,0.2368,0.2369,0.237,0.2371,0.2372,0.2373,0.2374,0.2375,0.2376,0.2377,0.2378,0.2379,0.2381,0.2382,0.2383,0.2385,0.2386,0.2388,0.2389,0.239,0.2392,0.2393,0.2395,0.2396,0.2398,0.2399,0.24,0.2402,0.2403,0.2405,0.2406,0.2408,0.2409,0.241,0.2412,0.2413,0.2415,0.2416,0.2418,0.2419,0.2421,0.2422,0.2423
0.1965,0.1966,0.1967,0.1969,0.197,0.1971,0.1972,0.1974,0.1975,0.1976,0.1977,0.1979,0.198,0.1981,0.1982,0.1984,0.1985,0.1986,0.1988,0.1989,0.199,0.1991,0.1993,0.1994,0.1995,0.1997,0.1998,0.1999,0.2,0.2002,0.2003,0.2004,0.2006,0.2007,0.2008,0.201,0.2011,0.2012,0.2013,0.2015,0.2016,0.2017,0.2019,0.202,0.2021,0.2023,0.2024,0.2025,0.2027,0.2028,0.2029,0.2031,0.2032,0.2033,0.2035,0.2036,0.2037,0.2039,0.204,0.2041,0.2043,0.2044,0.2045,0.2047,0.2048,0.2049,0.2051,0.2052,0.2054,0.2055,0.2056,0.2058,0.2059,0.206,0.2062,0.2063,0.2065,0.2066,0.2067,0.2069,0.207,0.2071,0.2073,0.2074,0.2076,0.2077,0.2078,0.208,0.2081,0.2083,0.2084,0.2085,0.2087,0.2088,0.209,0.2091,0.2092,0.2094,0.2095,0.2097,0.2098,0.21,0.2101,0.2102,0.2104,0.2105,0.2107,0.2108,0.211,0.2111,0.2112,0.2114,0.2115,0.2117,0.2118,0.212,0.2121,0.2123,0.2124,0.2126,0.2127,0.2128,0.213,0.2131,0.2133,0.2134,0.2136,0.2137,0.2139,0.214,0.2142,0.2143,0.2145,0.2146,0.2148,0.2149,0.2151,0.2152,0.2154,0.2155,0.2157,0.2158,0.216,0.2161,0.2163,0.2164,0.2166,0.2167,0.2169,0.217,0.2172,0.2173,0.2175,0.2176,0.2178,0.218,0.2181,0.2183,0.2185,0.2186,0.2188,0.219,0.2191,0.2193,0.2195,0.2196,0.2198,0.22,0.2201,0.2204,0.2209,0.2215,0.222,0.2225,0.2231,0.2236,0.2241,0.2246,0.2252,0.2257,0.2262,0.2268,0.2273,0.2279,0.2284,0.229,0.2295,0.2301,0.2306,0.2312,0.2318,0.2323,0.2329,0.2335,0.234,0.2346,0.2352,0.2358,0.2359,0.236,0.236,0.2361,0.2362,0.2363,0.2364,0.2365,0.2366,0.2367,0.2368,0.2369,0.237,0.2371,0.2372,0.2373,0.2374,0.2375,0.2376,0.2377,0.2378,0.2379,0.238,0.2381,0.2382,0.2383,0.2385,0.2386,0.2387,0.2389,0.239,0.2392,0.2393,0.2395,0.2396,0.2397,0.2399,0.24,0.2402,0.2403,0.2405,0.2406,0.2407,0.2409,0.241,0.2412,0.2413,0.2415,0.2416,0.2418,0.2419,0.242,0.2422,0.2423,0.2425,0.2426,0.2428,0.2429
0.1969,0.197,0.1971,0.1973,0.1974,0.1975,0.1976,0.1978,0.1979,0.198,0.1982,0.1983,0.1984,0.1985,0.1987,0.1988,0.1989,0.199,0.1992,0.1993,0.1994,0.1996,0.1997,0.1998,0.1999,0.2001,0.2002,0.2003,0.2005,0.2006,0.2007,0.2009,0.201,0.2011,0.2012,0.2014,0.2015,0.2016,0.2018,0.2019,0.202,0.2022,0.2023,0.2024,0.2026,0.2027,0.2028,0.203,0.2031,0.2032,0.2034,0.2035,0.2036,0.2038,0.2039,0.204,0.2042,0.2043,0.2044,0.2046,0.2047,0.2048,0.205,0.2051,0.2053,0.2054,0.2055,0.2057,0.2058,0.2059,0.2061,0.2062,0.2063,0.2065,0.2066,0.2068,0.2069,0.207,0.2072,0.2073,0.2075,0.2076,0.2077,0.2079,0.208,0.2082,0.2083,0.2084,0.2086,0.2087,0.2089,0.209,0.2091,0.2093,0.2094,0.2096,0.2097,0.2099,0.21,0.2101,0.2103,0.2104,0.2106,0.2107,0.2109,0.211,0.2111,0.2113,0.2114,0.2116,0.2117,0.2119,0.212,0.2122,0.2123,0.2124,0.2126,0.2127,0.2129,0.213,0.2132,0.2133,0.2135,0.2136,0.2138,0.2139,0.2141,0.2142,0.2144,0.2145,0.2147,0.2148,0.215,0.2151,0.2153,0.2154,0.2156,0.2157,0.2159,0.216,0.2162,0.2163,0.2165,0.2166,0.2168,0.2169,0.2171,0.2172,0.2174,0.2175,0.2177,0.2179,0.218,0.2182,0.2184,0.2185,0.2187,0.2189,0.219,0.2192,0.2194,0.2195,0.2197,0.2199,0.22,0.2202,0.2204,0.2206,0.2207,0.2209,0.2215,0.2221,0.2226,0.2231,0.2237,0.2242,0.2247,0.2252,0.2258,0.2263,0.2269,0.2274,0.2279,0.2285,0.229,0.2296,0.2301,0.2307,0.2313,0.2318,0.2324,0.233,0.2335,0.2341,0.2347,0.2353,0.2358,0.2363,0.2364,0.2365,0.2366,0.2367,0.2368,0.2369,0.237,0.2371,0.2372,0.2373,0.2374,0.2375,0.2376,0.2377,0.2378,0.2379,0.238,0.2381,0.2382,0.2383,0.2384,0.2385,0.2385,0.2386,0.2387,0.2389,0.239,0.2392,0.2393,0.2394,0.2396,0.2397,0.2399,0.24,0.2402,0.2403,0.2404,0.2406,0.2407,0.2409,0.241,0.2412,0.2413,0.2414,0.2416,0.2417,0.2419,0.242,0.2422,0.2423,0.2425,0.2426,0.2428,0.2429,0.243,0.2432,0.2433,0.2435
0.1973,0.1974,0.1976,0.1977,0.1978,0.1979,0.1981,0.1982,0.1983,0.1984,0.1986,0.1987,0.1988,0.199,0.1991,0.1992,0.1993,0.1995,0.1996,0.1997,0.1999,0.2,0.2001,0.2002,0.2004,0.2005,0.2006,0.2008,0.2009,0.201,0.2012,0.2013,0.2014,0.2015,0.2017,0.2018,0.2019,0.2021,0.2022,0.2023,0.2025,0.2026,0.2027,0.2029,0.203,0.2031,0.2033,0.2034,0.2035,0.2037,0.2038,0.2039,0.2041,0.2042,0.2043,0.2045,0.2046,0.2047,0.2049,0.205,0.2052,0.2053,0.2054,0.2056,0.2057,0.2058,0.206,0.2061,0.2062,0.2064,0.2065,0.2067,0.2068,0.2069,0.2071,0.2072,0.2074,0.2075,0.2076,0.2078,0.2079,0.2081,0.2082,0.2083,0.2085,0.2086,0.2088,0.2089,0.209,0.2092,0.2093,0.2095,0.2096,0.2097,0.2099,0.21,0.2102,0.2103,0.2105,0.2106,0.2107,0.2109,0.211,0.2112,0.2113,0.2115,0.2116,0.2118,0.2119,0.212,0.2122,0.2123,0.2125,0.2126,0.2128,0.2129,0.2131,0.2132,0.2134,0.2135,0.2137,0.2138,0.214,0.2141,0.2143,0.2144,0.2145,0.2147,0.2148,0.215,0.2151,0.2153,0.2154,0.2156,0.2157,0.2159,0.216,0.2162,0.2163,0.2165,0.2167,0.2168,0.217,0.2171,0.2173,0.2174,0.2176,0.2177,0.2179,0.2181,0.2182,0.2184,0.2186,0.2188,0.2189,0.2191,0.2193,0.2194,0.2196,0.2198,0.2199,0.2201,0.2203,0.2204,0.2206,0.2208,0.221,0.2211,0.2213,0.2215,0.222,0.2226,0.2232,0.2237,0.2243,0.2248,0.2253,0.2258,0.2264,0.2269,0.2275,0.228,0.2286,0.2291,0.2297,0.2302,0.2308,0.2313,0.2319,0.2325,0.233,0.2336,0.2342,0.2348,0.2353,0.2359,0.2365,0.2368,0.2369,0.237,0.2371,0.2372,0.2373,0.2374,0.2375,0.2376,0.2377,0.2378,0.2379,0.238,0.2381,0.2382,0.2383,0.2384,0.2385,0.2386,0.2387,0.2388,0.2389,0.239,0.2391,0.2392,0.2393,0.2394,0.2396,0.2397,0.2399,0.24,0.2401,0.2403,0.2404,0.2406,0.2407,0.2409,0.241,0.2411,0.2413,0.2414,0.2416,0.2417,0.2419,0.242,0.2422,0.2423,0.2424,0.2426,0.2427,0.2429,0.243,0.2432,0.2433,0.2435,0.2436,0.2438,0.2439,0.2441
0.1977,0.1978,0.198,0.1981,0.1982,0.1983,0.1985,0.1986,0.1987,0.1989,0.199,0.1991,0.1992,0.1994,0.1995,0.1996,0.1998,0.1999,0.2,0.2001,0.2003,0.2004,0.2005,0.2007,0.2008,0.2009,0.2011,0.2012,0.2013,0.2015,0.2016,0.2017,0.2018,0.202,0.2021,0.2022,0.2024,0.2025,0.2026,0.2028,0.2029,0.203,0.2032,0.2033,0.2034,0.2036,0.2037,0.2038,0.204,0.2041,0.2042,0.2044,0.2045,0.2046,0.2048,0.2049,0.2051,0.2052,0.2053,0.2055,0.2056,0.2057,0.2059,0.206,0.2061,0.2063,0.2064,0.2066,0.2067,0.2068,0.207,0.2071,0.2073,0.2074,0.2075,0.2077,0.2078,0.208,0.2081,0.2082,0.2084,0.2085,0.2087,0.2088,0.2089,0.2091,0.2092,0.2094,0.2095,0.2096,0.2098,0.2099,0.2101,0.2102,0.2104,0.2105,0.2106,0.2108,0.2109,0.2111,0.2112,0.2114,0.2115,0.2117,0.2118,0.2119,0.2121,0.2122,0.2124,0.2125,0.2127,0.2128,0.213,0.2131,0.2133,0.2134,0.2136,0.2137,0.2138,0.214,0.2141,0.2143,0.2144,0.2146,0.2147,0.2149,0.215,0.2152,0.2153,0.2155,0.2156,0.2158,0.2159,0.2161,0.2162,0.2164,0.2165,0.2167,0.2168,0.217,0.2171,0.2173,0.2175,0.2176,0.2178,0.218,0.2181,0.2183,0.2185,0.2186,0.2188,0.219,0.2192,0.2193,0.2195,0.2197,0.2198,0.22,0.2202,0.2203,0.2205,0.2207,0.2209,0.221,0.2212,0.2214,0.2215,0.2217,0.2219,0.2221,0.2226,0.2232,0.2238,0.2243,0.2249,0.2254,0.2259,0.2265,0.227,0.2275,0.2281,0.2286,0.2292,0.2297,0.2303,0.2309,0.2314,0.232,0.2325,0.2331,0.2337,0.2343,0.2348,0.2354,0.236,0.2366,0.2372,0.2374,0.2375,0.2376,0.2377,0.2378,0.2379,0.238,0.2381,0.2382,0.2383,0.2384,0.2385,0.2386,0.2387,0.2388,0.2389,0.239,0.2391,0.2392,0.2393,0.2394,0.2394,0.2395,0.2396,0.2397,0.2398,0.24,0.2401,0.2403,0.2404,0.2406,0.2407,0.2408,0.241,0.2411,0.2413,0.2414,0.2416,0.2417,0.2419,0.242,0.2421,0.2423,0.2424,0.2426,0.2427,0.2429,0.243,0.2432,0.2433,0.2435,0.2436,0.2438,0.2439,0.244,0.2442,0.2443,0.2445,0.2446
0.1981,0.1983,0.1984,0.1985,0.1986,0.1988,0.1989,0.199,0.1992,0.1993,0.1994,0.1995,0.1997,0.1998,0.1999,0.2001,0.2002,0.2003,0.2004,0.2006,0.2007,0.2008,0.201,0.2011,0.2012,0.2014,0.2015,0.2016,0.2017,0.2019,0.202,0.2021,0.2023,0.2024,0.2025,0.2027,0.2028,0.2029,0.2031,0.2032,0.2033,0.2035,0.2036,0.2037,0.2039,0.204,0.2041,0.2043,0.2044,0.2046,0.2047,0.2048,0.205,0.2051,0.2052,0.2054,0.2055,0.2056,0.2058,0.2059,0.206,0.2062,0.2063,0.2065,0.2066,0.2067,0.2069,0.207,0.2072,0.2073,0.2074,0.2076,0.2077,0.2078,0.208,0.2081,0.2083,0.2084,0.2085,0.2087,0.2088,0.209,0.2091,0.2093,0.2094,0.2095,0.2097,0.2098,0.21,0.2101,0.2103,0.2104,0.2105,0.2107,0.2108,0.211,0.2111,0.2113,0.2114,0.2115,0.2117,0.2118,0.212,0.2121,0.2123,0.2124,0.2126,0.2127,0.2129,0.213,0.2131,0.2133,0.2134,0.2136,0.2137,0.2139,0.214,0.2142,0.2143,0.2145,0.2146,0.2148,0.2149,0.2151,0.2152,0.2154,0.2155,0.2157,0.2158,0.216,0.2161,0.2163,0.2164,0.2166,0.2167,0.2169,0.217,0.2172,0.2174,0.2175,0.2177,0.2179,0.218,0.2182,0.2184,0.2185,0.2187,0.2189,0.219,0.2192,0.2194,0.2196,0.2197,0.2199,0.2201,0.2202,0.2204,0.2206,0.2207,0.2209,0.2211,0.2213,0.2214,0.2216,0.2218,0.222,0.2221,0.2223,0.2225,0.2226,0.2231,0.2237,0.2243,0.2249,0.2255,0.226,0.2265,0.2271,0.2276,0.2282,0.2287,0.2293,0.2298,0.2304,0.2309,0.2315,0.2321,0.2326,0.2332,0.2338,0.2343,0.2349,0.2355,0.2361,0.2367,0.2373,0.2378,0.2379,0.238,0.2381,0.2382,0.2383,0.2384,0.2385,0.2386,0.2387,0.2388,0.2389,0.239,0.2391,0.2392,0.2393,0.2394,0.2395,0.2396,0.2397,0.2398,0.2399,0.24,0.2401,0.2402,0.2403,0.2404,0.2405,0.2407,0.2408,0.241,0.2411,0.2413,0.2414,0.2415,0.2417,0.2418,0.242,0.2421,0.2423,0.2424,0.2426,0.2427,0.2429,0.243,0.2432,0.2433,0.2434,0.2436,0.2437,0.2439,0.244,0.2442,0.2443,0.2445,0.2446,0.2448,0.2449,0.2451,0.2452
0.1985,0.1987,0.1988,0.1989,0.1991,0.1992,0.1993,0.1994,0.1996,0.1997,0.1998,0.2,0.2001,0.2002,0.2003,0.2005,0.2006,0.2007,0.2009,0.201,0.2011,0.2013,0.2014,0.2015,0.2017,0.2018,0.2019,0.202,0.2022,0.2023,0.2024,0.2026,0.2027,0.2028,0.203,0.2031,0.2032,0.2034,0.2035,0.2036,0.2038,0.2039,0.204,0.2042,0.2043,0.2045,0.2046,0.2047,0.2049,0.205,0.2051,0.2053,0.2054,0.2055,0.2057,0.2058,0.2059,0.2061,0.2062,0.2064,0.2065,0.2066,0.2068,0.2069,0.2071,0.2072,0.2073,0.2075,0.2076,0.2077,0.2079,0.208,0.2082,0.2083,0.2084,0.2086,0.2087,0.2089,0.209,0.2092,0.2093,0.2094,0.2096,0.2097,0.2099,0.21,0.2101,0.2103,0.2104,0.2106,0.2107,0.2109,0.211,0.2112,0.2113,0.2114,0.2116,0.2117,0.2119,0.212,0.2122,0.2123,0.2125,0.2126,0.2127,0.2129,0.213,0.2132,0.2133,0.2135,0.2136,0.2138,0.2139,0.2141,0.2142,0.2144,0.2145,0.2147,0.2148,0.215,0.2151,0.2153,0.2154,0.2156,0.2157,0.2159,0.216,0.2162,0.2163,0.2165,0.2166,0.2168,0.2169,0.2171,0.2173,0.2174,0.2176,0.2178,0.2179,0.2181,0.2183,0.2184,0.2186,0.2188,0.2189,0.2191,0.2193,0.2194,0.2196,0.2198,0.22,0.2201,0.2203,0.2205,0.2206,0.2208,0.221,0.2212,0.2213,0.2215,0.2217,0.2218,0.222,0.2222,0.2224,0.2225,0.2227,0.2229,0.2231,0.2232,0.2237,0.2243,0.2249,0.2255,0.2261,0.2266,0.2271,0.2277,0.2282,0.2288,0.2293,0.2299,0.2304,0.231,0.2316,0.2321,0.2327,0.2333,0.2338,0.2344,0.235,0.2356,0.2362,0.2368,0.2373,0.2379,0.2384,0.2385,0.2386,0.2387,0.2388,0.2389,0.239,0.2391,0.2392,0.2393,0.2394,0.2395,0.2396,0.2397,0.2398,0.2399,0.24,0.2401,0.2402,0.2403,0.2404,0.2405,0.2406,0.2407,0.2408,0.2409,0.241,0.2411,0.2412,0.2414,0.2415,0.2417,0.2418,0.242,0.2421,0.2423,0.2424,0.2426,0.2427,0.2428,0.243,0.2431,0.2433,0.2434,0.2436,0.2437,0.2439,0.244,0.2442,0.2443,0.2445,0.2446,0.2448,0.2449,0.2451,0.2452,0.2454,0.2455,0.2457,0.2458
0.1990,0.1991,0.1992,0.1993,0.1995,0.1996,0.1997,0.1999,0.2,0.2001,0.2003,0.2004,0.2005,0.2006,0.2008,0.2009,0.201,0.2012,0.2013,0.2014,0.2016,0.2017,0.2018,0.202,0.2021,0.2022,0.2023,0.2025,0.2026,0.2027,0.2029,0.203,0.2031,0.2033,0.2034,0.2035,0.2037,0.2038,0.2039,0.2041,0.2042,0.2044,0.2045,0.2046,0.2048,0.2049,0.205,0.2052,0.2053,0.2054,0.2056,0.2057,0.2058,0.206,0.2061,0.2063,0.2064,0.2065,0.2067,0.2068,0.207,0.2071,0.2072,0.2074,0.2075,0.2076,0.2078,0.2079,0.2081,0.2082,0.2083,0.2085,0.2086,0.2088,0.2089,0.209,0.2092,0.2093,0.2095,0.2096,0.2098,0.2099,0.21,0.2102,0.2103,0.2105,0.2106,0.2108,0.2109,0.211,0.2112,0.2113,0.2115,0.2116,0.2118,0.2119,0.2121,0.2122,0.2123,0.2125,0.2126,0.2128,0.2129,0.2131,0.2132,0.2134,0.2135,0.2137,0.2138,0.214,0.2141,0.2143,0.2144,0.2146,0.2147,0.2149,0.215,0.2152,0.2153,0.2155,0.2156,0.2158,0.2159,0.2161,0.2162,0.2164,0.2165,0.2167,0.2168,0.217,0.2172,0.2173,0.2175,0.2177,0.2178,0.218,0.2182,0.2183,0.2185,0.2187,0.2188,0.219,0.2192,0.2193,0.2195,0.2197,0.2199,0.22,0.2202,0.2204,0.2205,0.2207,0.2209,0.221,0.2212,0.2214,0.2216,0.2217,0.2219,0.2221,0.2223,0.2224,0.2226,0.2228,0.223,0.2231,0.2233,0.2235,0.2237,0.2238,0.2242,0.2248,0.2254,0.226,0.2267,0.2272,0.2278,0.2283,0.2289,0.2294,0.23,0.2305,0.2311,0.2316,0.2322,0.2328,0.2334,0.2339,0.2345,0.2351,0.2357,0.2362,0.2368,0.2374,0.238,0.2386,0.2389,0.239,0.2391,0.2392,0.2393,0.2394,0.2395,0.2396,0.2397,0.2398,0.2399,0.24,0.2401,0.2402,0.2403,0.2404,0.2405,0.2406,0.2407,0.2408,0.2409,0.241,0.2411,0.2412,0.2413,0.2414,0.2415,0.2417,0.2418,0.242,0.2421,0.2422,0.2424,0.2425,0.2427,0.2428,0.243,0.2431,0.2433,0.2434,0.2436,0.2437,0.2439,0.244,0.2442,0.2443,0.2445,0.2446,0.2447,0.2449,0.245,0.2452,0.2453,0.2455,0.2456,0.2458,0.2459,0.2461,0.2462,0.2464
0.1994,0.1995,0.1996,0.1998,0.1999,0.2,0.2002,0.2003,0.2004,0.2005,0.2007,0.2008,0.2009,0.2011,0.2012,0.2013,0.2015,0.2016,0.2017,0.2019,0.202,0.2021,0.2023,0.2024,0.2025,0.2026,0.2028,0.2029,0.203,0.2032,0.2033,0.2034,0.2036,0.2037,0.2039,0.204,0.2041,0.2043,0.2044,0.2045,0.2047,0.2048,0.2049,0.2051,0.2052,0.2053,0.2055,0.2056,0.2057,0.2059,0.206,0.2062,0.2063,0.2064,0.2066,0.2067,0.2068,0.207,0.2071,0.2073,0.2074,0.2075,0.2077,0.2078,0.208,0.2081,0.2082,0.2084,0.2085,0.2087,0.2088,0.2089,0.2091,0.2092,0.2094,0.2095,0.2097,0.2098,0.2099,0.2101,0.2102,0.2104,0.2105,0.2107,0.2108,0.2109,0.2111,0.2112,0.2114,0.2115,0.2117,0.2118,0.212,0.2121,0.2122,0.2124,0.2125,0.2127,0.2128,0.213,0.2131,0.2133,0.2134,0.2136,0.2137,0.2139,0.214,0.2142,0.2143,0.2145,0.2146,0.2147,0.2149,0.215,0.2152,0.2153,0.2155,0.2156,0.2158,0.2159,0.2161,0.2163,0.2164,0.2166,0.2167,0.2169,0.2171,0.2172,0.2174,0.2176,0.2177,0.2179,0.2181,0.2182,0.2184,0.2186,0.2187,0.2189,0.2191,0.2192,0.2194,0.2196,0.2197,0.2199,0.2201,0.2203,0.2204,0.2206,0.2208,0.2209,0.2211,0.2213,0.2215,0.2216,0.2218,0.222,0.2221,0.2223,0.2225,0.2227,0.2228,0.223,0.2232,0.2234,0.2235,0.2237,0.2239,0.2241,0.2242,0.2244,0.2248,0.2254,0.226,0.2266,0.2272,0.2278,0.2284,0.2289,0.2295,0.23,0.2306,0.2312,0.2317,0.2323,0.2329,0.2334,0.234,0.2346,0.2352,0.2357,0.2363,0.2369,0.2375,0.2381,0.2387,0.2393,0.2395,0.2396,0.2397,0.2398,0.2399,0.24,0.2401,0.2402,0.2403,0.2404,0.2405,0.2406,0.2407,0.2408,0.2409,0.241,0.2411,0.2412,0.2413,0.2414,0.2415,0.2416,0.2417,0.2418,0.2419,0.242,0.2421,0.2422,0.2424,0.2425,0.2427,0.2428,0.243,0.2431,0.2433,0.2434,0.2436,0.2437,0.2438,0.244,0.2441,0.2443,0.2444,0.2446,0.2447,0.2449,0.245,0.2452,0.2453,0.2455,0.2456,0.2458,0.2459,0.2461,0.2462,0.2464,0.2465,0.2467,0.2468,0.247
0.1998,0.1999,0.2001,0.2002,0.2003,0.2005,0.2006,0.2007,0.2008,0.201,0.2011,0.2012,0.2014,0.2015,0.2016,0.2018,0.2019,0.202,0.2022,0.2023,0.2024,0.2026,0.2027,0.2028,0.203,0.2031,0.2032,0.2034,0.2035,0.2036,0.2038,0.2039,0.204,0.2042,0.2043,0.2044,0.2046,0.2047,0.2048,0.205,0.2051,0.2052,0.2054,0.2055,0.2056,0.2058,0.2059,0.2061,0.2062,0.2063,0.2065,0.2066,0.2067,0.2069,0.207,0.2072,0.2073,0.2074,0.2076,0.2077,0.2079,0.208,0.2081,0.2083,0.2084,0.2086,0.2087,0.2088,0.209,0.2091,0.2093,0.2094,0.2096,0.2097,0.2098,0.21,0.2101,0.2103,0.2104,0.2105,0.2107,0.2108,0.211,0.2111,0.2113,0.2114,0.2116,0.2117,0.2118,0.212,0.2121,0.2123,0.2124,0.2126,0.2127,0.2129,0.213,0.2132,0.2133,0.2135,0.2136,0.2137,0.2139,0.214,0.2142,0.2143,0.2145,0.2146,0.2148,0.2149,0.2151,0.2152,0.2154,0.2155,0.2157,0.2158,0.216,0.2161,0.2163,0.2165,0.2166,0.2168,0.217,0.2171,0.2173,0.2175,0.2176,0.2178,0.218,0.2181,0.2183,0.2185,0.2186,0.2188,0.219,0.2191,0.2193,0.2195,0.2196,0.2198,0.22,0.2201,0.2203,0.2205,0.2207,0.2208,0.221,0.2212,0.2213,0.2215,0.2217,0.2219,0.222,0.2222,0.2224,0.2226,0.2227,0.2229,0.2231,0.2233,0.2234,0.2236,0.2238,0.224,0.2241,0.2243,0.2245,0.2247,0.2248,0.225,0.2253,0.2259,0.2265,0.2272,0.2278,0.2284,0.229,0.2296,0.2301,0.2307,0.2312,0.2318,0.2324,0.2329,0.2335,0.2341,0.2347,0.2352,0.2358,0.2364,0.237,0.2376,0.2382,0.2388,0.2394,0.2399,0.24,0.2401,0.2402,0.2403,0.2404,0.2405,0.2406,0.2407,0.2408,0.2409,0.241,0.2411,0.2412,0.2413,0.2414,0.2415,0.2416,0.2417,0.2418,0.2419,0.242,0.2421,0.2422,0.2423,0.2424,0.2425,0.2427,0.2428,0.2429,0.2431,0.2432,0.2434,0.2435,0.2437,0.2438,0.244,0.2441,0.2443,0.2444,0.2446,0.2447,0.2449,0.245,0.2452,0.2453,0.2455,0.2456,0.2458,0.2459,0.2461,0.2462,0.2464,0.2465,0.2467,0.2468,0.247,0.2471,0.2473,0.2474,0.2476
0.2002,0.2004,0.2005,0.2006,0.2007,0.2009,0.201,0.2011,0.2013,0.2014,0.2015,0.2017,0.2018,0.2019,0.2021,0.2022,0.2023,0.2025,0.2026,0.2027,0.2029,0.203,0.2031,0.2033,0.2034,0.2035,0.2037,0.2038,0.2039,0.2041,0.2042,0.2043,0.2045,0.2046,0.2047,0.2049,0.205,0.2051,0.2053,0.2054,0.2055,0.2057,0.2058,0.206,0.2061,0.2062,0.2064,0.2065,0.2066,0.2068,0.2069,0.2071,0.2072,0.2073,0.2075,0.2076,0.2078,0.2079,0.208,0.2082,0.2083,0.2085,0.2086,0.2087,0.2089,0.209,0.2092,0.2093,0.2094,0.2096,0.2097,0.2099,0.21,0.2102,0.2103,0.2104,0.2106,0.2107,0.2109,0.211,0.2112,0.2113,0.2115,0.2116,0.2117,0.2119,0.212,0.2122,0.2123,0.2125,0.2126,0.2128,0.2129,0.2131,0.2132,0.2133,0.2135,0.2136,0.2138,0.2139,0.2141,0.2142,0.2144,0.2145,0.2147,0.2148,0.215,0.2151,0.2153,0.2154,0.2156,0.2157,0.2159,0.216,0.2162,0.2164,0.2165,0.2167,0.2169,0.217,0.2172,0.2174,0.2175,0.2177,0.2179,0.218,0.2182,0.2184,0.2185,0.2187,0.2189,0.219,0.2192,0.2194,0.2195,0.2197,0.2199,0.22,0.2202,0.2204,0.2206,0.2207,0.2209,0.2211,0.2212,0.2214,0.2216,0.2218,0.2219,0.2221,0.2223,0.2225,0.2226,0.2228,0.223,0.2231,0.2233,0.2235,0.2237,0.2239,0.224,0.2242,0.2244,0.2246,0.2247,0.2249,0.2251,0.2253,0.2254,0.2256,0.2259,0.2265,0.2271,0.2277,0.2284,0.229,0.2296,0.2302,0.2308,0.2313,0.2319,0.2324,0.233,0.2336,0.2342,0.2347,0.2353,0.2359,0.2365,0.2371,0.2377,0.2383,0.2389,0.2395,0.2401,0.2405,0.2406,0.2407,0.2408,0.2409,0.241,0.2411,0.2412,0.2413,0.2414,0.2415,0.2416,0.2417,0.2418,0.2419,0.242,0.2421,0.2422,0.2423,0.2424,0.2425,0.2426,0.2427,0.2428,0.2429,0.243,0.2431,0.2432,0.2434,0.2435,0.2437,0.2438,0.244,0.2441,0.2443,0.2444,0.2446,0.2447,0.2449,0.245,0.2452,0.2453,0.2454,0.2456,0.2457,0.2459,0.246,0.2462,0.2463,0.2465,0.2466,0.2468,0.247,0.2471,0.2473,0.2474,0.2476,0.2477,0.2479,0.248,0.2482
0.2007,0.2008,0.2009,0.201,0.2012,0.2013,0.2014,0.2016,0.2017,0.2018,0.202,0.2021,0.2022,0.2024,0.2025,0.2026,0.2028,0.2029,0.203,0.2032,0.2033,0.2034,0.2036,0.2037,0.2038,0.204,0.2041,0.2042,0.2044,0.2045,0.2046,0.2048,0.2049,0.205,0.2052,0.2053,0.2055,0.2056,0.2057,0.2059,0.206,0.2061,0.2063,0.2064,0.2065,0.2067,0.2068,0.207,0.2071,0.2072,0.2074,0.2075,0.2077,0.2078,0.2079,0.2081,0.2082,0.2084,0.2085,0.2086,0.2088,0.2089,0.2091,0.2092,0.2093,0.2095,0.2096,0.2098,0.2099,0.2101,0.2102,0.2103,0.2105,0.2106,0.2108,0.2109,0.2111,0.2112,0.2113,0.2115,0.2116,0.2118,0.2119,0.2121,0.2122,0.2124,0.2125,0.2127,0.2128,0.2129,0.2131,0.2132,0.2134,0.2135,0.2137,0.2138,0.214,0.2141,0.2143,0.2144,0.2146,0.2147,0.2149,0.215,0.2152,0.2153,0.2155,0.2156,0.2158,0.2159,0.2161,0.2163,0.2164,0.2166,0.2168,0.2169,0.2171,0.2173,0.2174,0.2176,0.2178,0.2179,0.2181,0.2183,0.2184,0.2186,0.2188,0.2189,0.2191,0.2193,0.2194,0.2196,0.2198,0.2199,0.2201,0.2203,0.2204,0.2206,0.2208,0.221,0.2211,0.2213,0.2215,0.2217,0.2218,0.222,0.2222,0.2223,0.2225,0.2227,0.2229,0.223,0.2232,0.2234,0.2236,0.2237,0.2239,0.2241,0.2243,0.2244,0.2246,0.2248,0.225,0.2252,0.2253,0.2255,0.2257,0.2259,0.2261,0.2262,0.2264,0.2271,0.2277,0.2283,0.2289,0.2296,0.2302,0.2308,0.2314,0.232,0.2325,0.2331,0.2337,0.2342,0.2348,0.2354,0.236,0.2366,0.2372,0.2377,0.2383,0.2389,0.2395,0.2401,0.2408,0.241,0.2411,0.2412,0.2413,0.2414,0.2415,0.2416,0.2417,0.2418,0.2419,0.242,0.2421,0.2422,0.2423,0.2425,0.2426,0.2427,0.2428,0.2429,0.243,0.2431,0.2432,0.2433,0.2434,0.2435,0.2436,0.2437,0.2438,0.2439,0.2441,0.2442,0.2444,0.2445,0.2447,0.2448,0.245,0.2451,0.2453,0.2454,0.2456,0.2457,0.2459,0.246,0.2462,0.2463,0.2465,0.2466,0.2468,0.2469,0.2471,0.2472,0.2474,0.2475,0.2477,0.2478,0.248,0.2482,0.2483,0.2485,0.2486,0.2488
0.2011,0.2012,0.2013,0.2015,0.2016,0.2017,0.2019,0.202,0.2021,0.2023,0.2024,0.2025,0.2027,0.2028,0.2029,0.2031,0.2032,0.2033,0.2035,0.2036,0.2037,0.2039,0.204,0.2041,0.2043,0.2044,0.2045,0.2047,0.2048,0.2049,0.2051,0.2052,0.2054,0.2055,0.2056,0.2058,0.2059,0.206,0.2062,0.2063,0.2064,0.2066,0.2067,0.2069,0.207,0.2071,0.2073,0.2074,0.2076,0.2077,0.2078,0.208,0.2081,0.2083,0.2084,0.2085,0.2087,0.2088,0.209,0.2091,0.2092,0.2094,0.2095,0.2097,0.2098,0.21,0.2101,0.2102,0.2104,0.2105,0.2107,0.2108,0.211,0.2111,0.2112,0.2114,0.2115,0.2117,0.2118,0.212,0.2121,0.2123,0.2124,0.2125,0.2127,0.2128,0.213,0.2131,0.2133,0.2134,0.2136,0.2137,0.2139,0.214,0.2142,0.2143,0.2145,0.2146,0.2148,0.2149,0.2151,0.2152,0.2154,0.2155,0.2157,0.2158,0.216,0.2162,0.2163,0.2165,0.2167,0.2168,0.217,0.2171,0.2173,0.2175,0.2176,0.2178,0.218,0.2181,0.2183,0.2185,0.2187,0.2188,0.219,0.2192,0.2193,0.2195,0.2197,0.2198,0.22,0.2202,0.2203,0.2205,0.2207,0.2209,0.221,0.2212,0.2214,0.2215,0.2217,0.2219,0.2221,0.2222,0.2224,0.2226,0.2228,0.2229,0.2231,0.2233,0.2235,0.2236,0.2238,0.224,0.2242,0.2243,0.2245,0.2247,0.2249,0.225,0.2252,0.2254,0.2256,0.2258,0.2259,0.2261,0.2263,0.2265,0.2267,0.2268,0.227,0.2276,0.2282,0.2289,0.2295,0.2302,0.2308,0.2314,0.232,0.2326,0.2332,0.2337,0.2343,0.2349,0.2355,0.2361,0.2366,0.2372,0.2378,0.2384,0.239,0.2396,0.2402,0.2408,0.2415,0.2416,0.2417,0.2418,0.2419,0.242,0.2421,0.2422,0.2423,0.2424,0.2425,0.2426,0.2427,0.2428,0.2429,0.243,0.2431,0.2432,0.2433,0.2434,0.2435,0.2436,0.2437,0.2438,0.2439,0.244,0.2442,0.2443,0.2444,0.2445,0.2447,0.2448,0.245,0.2451,0.2453,0.2454,0.2456,0.2457,0.2459,0.246,0.2462,0.2463,0.2465,0.2466,0.2468,0.2469,0.2471,0.2472,0.2474,0.2475,0.2477,0.2478,0.248,0.2481,0.2483,0.2484,0.2486,0.2488,0.2489,0.2491,0.2492,0.2494
0.2015,0.2016,0.2018,0.2019,0.202,0.2022,0.2023,0.2024,0.2026,0.2027,0.2028,0.203,0.2031,0.2032,0.2034,0.2035,0.2036,0.2038,0.2039,0.204,0.2042,0.2043,0.2044,0.2046,0.2047,0.2048,0.205,0.2051,0.2053,0.2054,0.2055,0.2057,0.2058,0.2059,0.2061,0.2062,0.2063,0.2065,0.2066,0.2068,0.2069,0.207,0.2072,0.2073,0.2075,0.2076,0.2077,0.2079,0.208,0.2082,0.2083,0.2084,0.2086,0.2087,0.2089,0.209,0.2091,0.2093,0.2094,0.2096,0.2097,0.2098,0.21,0.2101,0.2103,0.2104,0.2106,0.2107,0.2108,0.211,0.2111,0.2113,0.2114,0.2116,0.2117,0.2119,0.212,0.2121,0.2123,0.2124,0.2126,0.2127,0.2129,0.213,0.2132,0.2133,0.2135,0.2136,0.2138,0.2139,0.2141,0.2142,0.2144,0.2145,0.2147,0.2148,0.215,0.2151,0.2152,0.2154,0.2156,0.2157,0.2159,0.2161,0.2162,0.2164,0.2166,0.2167,0.2169,0.217,0.2172,0.2174,0.2175,0.2177,0.2179,0.218,0.2182,0.2184,0.2185,0.2187,0.2189,0.2191,0.2192,0.2194,0.2196,0.2197,0.2199,0.2201,0.2202,0.2204,0.2206,0.2207,0.2209,0.2211,0.2213,0.2214,0.2216,0.2218,0.222,0.2221,0.2223,0.2225,0.2226,0.2228,0.223,0.2232,0.2233,0.2235,0.2237,0.2239,0.2241,0.2242,0.2244,0.2246,0.2248,0.2249,0.2251,0.2253,0.2255,0.2256,0.2258,0.226,0.2262,0.2264,0.2265,0.2267,0.2269,0.2271,0.2273,0.2275,0.2276,0.2282,0.2288,0.2295,0.2301,0.2307,0.2314,0.232,0.2327,0.2332,0.2338,0.2344,0.235,0.2356,0.2361,0.2367,0.2373,0.2379,0.2385,0.2391,0.2397,0.2403,0.2409,0.2415,0.242,0.2422,0.2423,0.2424,0.2425,0.2426,0.2427,0.2428,0.2429,0.243,0.2431,0.2432,0.2433,0.2434,0.2435,0.2436,0.2437,0.2438,0.2439,0.244,0.2441,0.2442,0.2443,0.2444,0.2445,0.2446,0.2447,0.2448,0.245,0.2451,0.2453,0.2454,0.2456,0.2457,0.2459,0.246,0.2462,0.2463,0.2465,0.2466,0.2468,0.2469,0.2471,0.2472,0.2474,0.2475,0.2477,0.2478,0.248,0.2481,0.2483,0.2484,0.2486,0.2487,0.2489,0.249,0.2492,0.2494,0.2495,0.2497,0.2498,0.25
0.2019,0.2021,0.2022,0.2023,0.2025,0.2026,0.2027,0.2029,0.203,0.2031,0.2033,0.2034,0.2035,0.2037,0.2038,0.2039,0.2041,0.2042,0.2043,0.2045,0.2046,0.2047,0.2049,0.205,0.2052,0.2053,0.2054,0.2056,0.2057,0.2058,0.206,0.2061,0.2062,0.2064,0.2065,0.2067,0.2068,0.2069,0.2071,0.2072,0.2074,0.2075,0.2076,0.2078,0.2079,0.208,0.2082,0.2083,0.2085,0.2086,0.2088,0.2089,0.209,0.2092,0.2093,0.2095,0.2096,0.2097,0.2099,0.21,0.2102,0.2103,0.2105,0.2106,0.2107,0.2109,0.211,0.2112,0.2113,0.2115,0.2116,0.2118,0.2119,0.212,0.2122,0.2123,0.2125,0.2126,0.2128,0.2129,0.2131,0.2132,0.2134,0.2135,0.2137,0.2138,0.214,0.2141,0.2142,0.2144,0.2145,0.2147,0.2148,0.215,0.2151,0.2153,0.2155,0.2156,0.2158,0.216,0.2161,0.2163,0.2164,0.2166,0.2168,0.2169,0.2171,0.2173,0.2174,0.2176,0.2178,0.2179,0.2181,0.2183,0.2184,0.2186,0.2188,0.2189,0.2191,0.2193,0.2195,0.2196,0.2198,0.22,0.2201,0.2203,0.2205,0.2206,0.2208,0.221,0.2212,0.2213,0.2215,0.2217,0.2218,0.222,0.2222,0.2224,0.2225,0.2227,0.2229,0.2231,0.2232,0.2234,0.2236,0.2238,0.2239,0.2241,0.2243,0.2245,0.2246,0.2248,0.225,0.2252,0.2254,0.2255,0.2257,0.2259,0.2261,0.2263,0.2264,0.2266,0.2268,0.227,0.2272,0.2273,0.2275,0.2277,0.2279,0.2281,0.2283,0.2288,0.2294,0.23,0.2307,0.2313,0.232,0.2326,0.2333,0.2339,0.2345,0.2351,0.2356,0.2362,0.2368,0.2374,0.238,0.2386,0.2392,0.2398,0.2404,0.241,0.2416,0.2422,0.2426,0.2427,0.2428,0.2429,0.243,0.2431,0.2432,0.2433,0.2434,0.2435,0.2436,0.2437,0.2438,0.244,0.2441,0.2442,0.2443,0.2444,0.2445,0.2446,0.2447,0.2448,0.2449,0.245,0.2451,0.2452,0.2453,0.2454,0.2455,0.2457,0.2458,0.246,0.2461,0.2463,0.2464,0.2466,0.2467,0.2469,0.247,0.2472,0.2473,0.2475,0.2477,0.2478,0.248,0.2481,0.2483,0.2484,0.2486,0.2487,0.2489,0.249,0.2492,0.2493,0.2495,0.2496,0.2498,0.25,0.2501,0.2503,0.2504,0.2506
0.2024,0.2025,0.2026,0.2028,0.2029,0.203,0.2032,0.2033,0.2034,0.2036,0.2037,0.2038,0.204,0.2041,0.2042,0.2044,0.2045,0.2046,0.2048,0.2049,0.2051,0.2052,0.2053,0.2055,0.2056,0.2057,0.2059,0.206,0.2061,0.2063,0.2064,0.2066,0.2067,0.2068,0.207,0.2071,0.2073,0.2074,0.2075,0.2077,0.2078,0.2079,0.2081,0.2082,0.2084,0.2085,0.2086,0.2088,0.2089,0.2091,0.2092,0.2094,0.2095,0.2096,0.2098,0.2099,0.2101,0.2102,0.2104,0.2105,0.2106,0.2108,0.2109,0.2111,0.2112,0.2114,0.2115,0.2116,0.2118,0.2119,0.2121,0.2122,0.2124,0.2125,0.2127,0.2128,0.213,0.2131,0.2133,0.2134,0.2135,0.2137,0.2138,0.214,0.2141,0.2143,0.2144,0.2146,0.2147,0.2149,0.215,0.2152,0.2154,0.2155,0.2157,0.2159,0.216,0.2162,0.2163,0.2165,0.2167,0.2168,0.217,0.2172,0.2173,0.2175,0.2177,0.2178,0.218,0.2182,0.2183,0.2185,0.2187,0.2188,0.219,0.2192,0.2193,0.2195,0.2197,0.2199,0.22,0.2202,0.2204,0.2205,0.2207,0.2209,0.221,0.2212,0.2214,0.2216,0.2217,0.2219,0.2221,0.2223,0.2224,0.2226,0.2228,0.223,0.2231,0.2233,0.2235,0.2237,0.2238,0.224,0.2242,0.2244,0.2245,0.2247,0.2249,0.2251,0.2252,0.2254,0.2256,0.2258,0.226,0.2261,0.2263,0.2265,0.2267,0.2269,0.227,0.2272,0.2274,0.2276,0.2278,0.228,0.2281,0.2283,0.2285,0.2287,0.2289,0.2293,0.23,0.2306,0.2313,0.2319,0.2326,0.2332,0.2339,0.2345,0.2351,0.2357,0.2363,0.2369,0.2375,0.2381,0.2387,0.2393,0.2399,0.2405,0.2411,0.2417,0.2423,0.2429,0.2432,0.2433,0.2434,0.2435,0.2436,0.2437,0.2438,0.2439,0.244,0.2441,0.2442,0.2443,0.2444,0.2445,0.2446,0.2447,0.2448,0.2449,0.245,0.2452,0.2453,0.2454,0.2455,0.2456,0.2457,0.2458,0.2459,0.246,0.2461,0.2463,0.2464,0.2466,0.2467,0.2469,0.247,0.2472,0.2473,0.2475,0.2476,0.2478,0.2479,0.2481,0.2482,0.2484,0.2486,0.2487,0.2489,0.249,0.2492,0.2493,0.2495,0.2496,0.2498,0.2499,0.2501,0.2502,0.2504,0.2506,0.2507,0.2509,0.251,0.2512
0.2028,0.2029,0.2031,0.2032,0.2033,0.2035,0.2036,0.2037,0.2039,0.204,0.2041,0.2043,0.2044,0.2045,0.2047,0.2048,0.205,0.2051,0.2052,0.2054,0.2055,0.2056,0.2058,0.2059,0.206,0.2062,0.2063,0.2065,0.2066,0.2067,0.2069,0.207,0.2071,0.2073,0.2074,0.2076,0.2077,0.2078,0.208,0.2081,0.2083,0.2084,0.2085,0.2087,0.2088,0.209,0.2091,0.2093,0.2094,0.2095,0.2097,0.2098,0.21,0.2101,0.2102,0.2104,0.2105,0.2107,0.2108,0.211,0.2111,0.2113,0.2114,0.2115,0.2117,0.2118,0.212,0.2121,0.2123,0.2124,0.2126,0.2127,0.2129,0.213,0.2131,0.2133,0.2134,0.2136,0.2137,0.2139,0.214,0.2142,0.2143,0.2145,0.2146,0.2148,0.2149,0.2151,0.2153,0.2154,0.2156,0.2158,0.2159,0.2161,0.2162,0.2164,0.2166,0.2167,0.2169,0.2171,0.2172,0.2174,0.2176,0.2177,0.2179,0.2181,0.2182,0.2184,0.2186,0.2187,0.2189,0.2191,0.2192,0.2194,0.2196,0.2197,0.2199,0.2201,0.2203,0.2204,0.2206,0.2208,0.2209,0.2211,0.2213,0.2215,0.2216,0.2218,0.222,0.2221,0.2223,0.2225,0.2227,0.2228,0.223,0.2232,0.2234,0.2235,0.2237,0.2239,0.2241,0.2243,0.2244,0.2246,0.2248,0.225,0.2251,0.2253,0.2255,0.2257,0.2259,0.226,0.2262,0.2264,0.2266,0.2268,0.2269,0.2271,0.2273,0.2275,0.2277,0.2278,0.228,0.2282,0.2284,0.2286,0.2288,0.2289,0.2291,0.2293,0.2295,0.2299,0.2306,0.2312,0.2318,0.2325,0.2332,0.2338,0.2345,0.2351,0.2358,0.2364,0.237,0.2376,0.2382,0.2388,0.2394,0.24,0.2406,0.2412,0.2418,0.2424,0.243,0.2436,0.2438,0.2439,0.244,0.2441,0.2442,0.2443,0.2444,0.2445,0.2446,0.2447,0.2448,0.2449,0.245,0.2451,0.2452,0.2453,0.2454,0.2455,0.2456,0.2457,0.2458,0.2459,0.246,0.2462,0.2463,0.2464,0.2465,0.2466,0.2467,0.2469,0.247,0.2472,0.2473,0.2475,0.2476,0.2478,0.2479,0.2481,0.2482,0.2484,0.2485,0.2487,0.2488,0.249,0.2492,0.2493,0.2495,0.2496,0.2498,0.2499,0.2501,0.2502,0.2504,0.2505,0.2507,0.2509,0.251,0.2512,0.2513,0.2515,0.2516,0.2518
0.2032,0.2034,0.2035,0.2036,0.2038,0.2039,0.204,0.2042,0.2043,0.2044,0.2046,0.2047,0.2049,0.205,0.2051,0.2053,0.2054,0.2055,0.2057,0.2058,0.2059,0.2061,0.2062,0.2064,0.2065,0.2066,0.2068,0.2069,0.207,0.2072,0.2073,0.2075,0.2076,0.2077,0.2079,0.208,0.2082,0.2083,0.2084,0.2086,0.2087,0.2089,0.209,0.2091,0.2093,0.2094,0.2096,0.2097,0.2099,0.21,0.2101,0.2103,0.2104,0.2106,0.2107,0.2109,0.211,0.2111,0.2113,0.2114,0.2116,0.2117,0.2119,0.212,0.2122,0.2123,0.2125,0.2126,0.2127,0.2129,0.213,0.2132,0.2133,0.2135,0.2136,0.2138,0.2139,0.2141,0.2142,0.2144,0.2145,0.2147,0.2148,0.215,0.2152,0.2153,0.2155,0.2156,0.2158,0.216,0.2161,0.2163,0.2165,0.2166,0.2168,0.217,0.2171,0.2173,0.2175,0.2176,0.2178,0.218,0.2181,0.2183,0.2185,0.2186,0.2188,0.219,0.2191,0.2193,0.2195,0.2196,0.2198,0.22,0.2202,0.2203,0.2205,0.2207,0.2208,0.221,0.2212,0.2214,0.2215,0.2217,0.2219,0.222,0.2222,0.2224,0.2226,0.2227,0.2229,0.2231,0.2233,0.2234,0.2236,0.2238,0.224,0.2241,0.2243,0.2245,0.2247,0.2248,0.225,0.2252,0.2254,0.2256,0.2257,0.2259,0.2261,0.2263,0.2265,0.2266,0.2268,0.227,0.2272,0.2274,0.2275,0.2277,0.2279,0.2281,0.2283,0.2285,0.2286,0.2288,0.229,0.2292,0.2294,0.2296,0.2297,0.2299,0.2301,0.2305,0.2311,0.2318,0.2324,0.2331,0.2338,0.2344,0.2351,0.2358,0.2364,0.237,0.2376,0.2382,0.2388,0.2394,0.24,0.2406,0.2413,0.2419,0.2425,0.2431,0.2437,0.2442,0.2443,0.2444,0.2445,0.2446,0.2447,0.2448,0.2449,0.2451,0.2452,0.2453,0.2454,0.2455,0.2456,0.2457,0.2458,0.2459,0.246,0.2461,0.2462,0.2463,0.2464,0.2465,0.2466,0.2467,0.2468,0.2469,0.2471,0.2472,0.2473,0.2475,0.2476,0.2478,0.2479,0.2481,0.2482,0.2484,0.2485,0.2487,0.2488,0.249,0.2491,0.2493,0.2494,0.2496,0.2498,0.2499,0.2501,0.2502,0.2504,0.2505,0.2507,0.2508,0.251,0.2512,0.2513,0.2515,0.2516,0.2518,0.2519,0.2521,0.2523,0.2524
0.2037,0.2038,0.2039,0.2041,0.2042,0.2043,0.2045,0.2046,0.2048,0.2049,0.205,0.2052,0.2053,0.2054,0.2056,0.2057,0.2058,0.206,0.2061,0.2063,0.2064,0.2065,0.2067,0.2068,0.2069,0.2071,0.2072,0.2074,0.2075,0.2076,0.2078,0.2079,0.2081,0.2082,0.2083,0.2085,0.2086,0.2088,0.2089,0.209,0.2092,0.2093,0.2095,0.2096,0.2098,0.2099,0.21,0.2102,0.2103,0.2105,0.2106,0.2108,0.2109,0.211,0.2112,0.2113,0.2115,0.2116,0.2118,0.2119,0.2121,0.2122,0.2123,0.2125,0.2126,0.2128,0.2129,0.2131,0.2132,0.2134,0.2135,0.2137,0.2138,0.214,0.2141,0.2143,0.2144,0.2146,0.2147,0.2149,0.2151,0.2152,0.2154,0.2155,0.2157,0.2159,0.216,0.2162,0.2164,0.2165,0.2167,0.2169,0.217,0.2172,0.2174,0.2175,0.2177,0.2179,0.218,0.2182,0.2184,0.2185,0.2187,0.2189,0.219,0.2192,0.2194,0.2195,0.2197,0.2199,0.22,0.2202,0.2204,0.2206,0.2207,0.2209,0.2211,0.2212,0.2214,0.2216,0.2218,0.2219,0.2221,0.2223,0.2225,0.2226,0.2228,0.223,0.2232,0.2233,0.2235,0.2237,0.2239,0.224,0.2242,0.2244,0.2246,0.2247,0.2249,0.2251,0.2253,0.2255,0.2256,0.2258,0.226,0.2262,0.2263,0.2265,0.2267,0.2269,0.2271,0.2272,0.2274,0.2276,0.2278,0.228,0.2282,0.2283,0.2285,0.2287,0.2289,0.2291,0.2293,0.2294,0.2296,0.2298,0.23,0.2302,0.2304,0.2306,0.2308,0.2311,0.2317,0.2324,0.233,0.2337,0.2344,0.235,0.2357,0.2364,0.237,0.2377,0.2383,0.2389,0.2395,0.2401,0.2407,0.2413,0.242,0.2426,0.2432,0.2438,0.2444,0.2448,0.2449,0.245,0.2451,0.2452,0.2453,0.2454,0.2455,0.2456,0.2457,0.2458,0.2459,0.2461,0.2462,0.2463,0.2464,0.2465,0.2466,0.2467,0.2468,0.2469,0.247,0.2471,0.2472,0.2473,0.2474,0.2475,0.2476,0.2477,0.2479,0.248,0.2482,0.2484,0.2485,0.2487,0.2488,0.249,0.2491,0.2493,0.2494,0.2496,0.2497,0.2499,0.25,0.2502,0.2504,0.2505,0.2507,0.2508,0.251,0.2511,0.2513,0.2515,0.2516,0.2518,0.2519,0.2521,0.2522,0.2524,0.2526,0.2527,0.2529,0.253
0.2041,0.2043,0.2044,0.2045,0.2047,0.2048,0.2049,0.2051,0.2052,0.2053,0.2055,0.2056,0.2057,0.2059,0.206,0.2062,0.2063,0.2064,0.2066,0.2067,0.2068,0.207,0.2071,0.2073,0.2074,0.2075,0.2077,0.2078,0.208,0.2081,0.2082,0.2084,0.2085,0.2087,0.2088,0.2089,0.2091,0.2092,0.2094,0.2095,0.2097,0.2098,0.2099,0.2101,0.2102,0.2104,0.2105,0.2106,0.2108,0.2109,0.2111,0.2112,0.2114,0.2115,0.2117,0.2118,0.2119,0.2121,0.2122,0.2124,0.2125,0.2127,0.2128,0.213,0.2131,0.2133,0.2134,0.2136,0.2137,0.2139,0.214,0.2142,0.2143,0.2145,0.2146,0.2148,0.215,0.2151,0.2153,0.2154,0.2156,0.2158,0.2159,0.2161,0.2163,0.2164,0.2166,0.2168,0.2169,0.2171,0.2173,0.2174,0.2176,0.2178,0.2179,0.2181,0.2183,0.2184,0.2186,0.2188,0.2189,0.2191,0.2193,0.2194,0.2196,0.2198,0.2199,0.2201,0.2203,0.2205,0.2206,0.2208,0.221,0.2211,0.2213,0.2215,0.2217,0.2218,0.222,0.2222,0.2223,0.2225,0.2227,0.2229,0.223,0.2232,0.2234,0.2236,0.2237,0.2239,0.2241,0.2243,0.2245,0.2246,0.2248,0.225,0.2252,0.2253,0.2255,0.2257,0.2259,0.2261,0.2262,0.2264,0.2266,0.2268,0.227,0.2271,0.2273,0.2275,0.2277,0.2279,0.228,0.2282,0.2284,0.2286,0.2288,0.229,0.2291,0.2293,0.2295,0.2297,0.2299,0.2301,0.2303,0.2304,0.2306,0.2308,0.231,0.2312,0.2314,0.2317,0.2323,0.233,0.2336,0.2343,0.235,0.2356,0.2363,0.237,0.2377,0.2383,0.239,0.2396,0.2402,0.2408,0.2414,0.242,0.2427,0.2433,0.2439,0.2445,0.2452,0.2454,0.2455,0.2456,0.2457,0.2458,0.2459,0.246,0.2461,0.2462,0.2463,0.2464,0.2465,0.2466,0.2467,0.2468,0.247,0.2471,0.2472,0.2473,0.2474,0.2475,0.2476,0.2477,0.2478,0.2479,0.248,0.2481,0.2482,0.2483,0.2485,0.2486,0.2488,0.249,0.2491,0.2493,0.2494,0.2496,0.2497,0.2499,0.25,0.2502,0.2503,0.2505,0.2507,0.2508,0.251,0.2511,0.2513,0.2514,0.2516,0.2518,0.2519,0.2521,0.2522,0.2524,0.2525,0.2527,0.2529,0.253,0.2532,0.2533,0.2535,0.2537
0.2046,0.2047,0.2048,0.205,0.2051,0.2052,0.2054,0.2055,0.2056,0.2058,0.2059,0.2061,0.2062,0.2063,0.2065,0.2066,0.2067,0.2069,0.207,0.2072,0.2073,0.2074,0.2076,0.2077,0.2079,0.208,0.2081,0.2083,0.2084,0.2086,0.2087,0.2088,0.209,0.2091,0.2093,0.2094,0.2095,0.2097,0.2098,0.21,0.2101,0.2103,0.2104,0.2105,0.2107,0.2108,0.211,0.2111,0.2113,0.2114,0.2116,0.2117,0.2118,0.212,0.2121,0.2123,0.2124,0.2126,0.2127,0.2129,0.213,0.2132,0.2133,0.2135,0.2136,0.2137,0.2139,0.214,0.2142,0.2144,0.2145,0.2147,0.2149,0.215,0.2152,0.2153,0.2155,0.2157,0.2158,0.216,0.2162,0.2163,0.2165,0.2167,0.2168,0.217,0.2172,0.2173,0.2175,0.2176,0.2178,0.218,0.2182,0.2183,0.2185,0.2187,0.2188,0.219,0.2192,0.2193,0.2195,0.2197,0.2198,0.22,0.2202,0.2203,0.2205,0.2207,0.2209,0.221,0.2212,0.2214,0.2215,0.2217,0.2219,0.2221,0.2222,0.2224,0.2226,0.2228,0.2229,0.2231,0.2233,0.2235,0.2236,0.2238,0.224,0.2242,0.2243,0.2245,0.2247,0.2249,0.225,0.2252,0.2254,0.2256,0.2258,0.2259,0.2261,0.2263,0.2265,0.2267,0.2268,0.227,0.2272,0.2274,0.2276,0.2278,0.2279,0.2281,0.2283,0.2285,0.2287,0.2288,0.229,0.2292,0.2294,0.2296,0.2298,0.23,0.2301,0.2303,0.2305,0.2307,0.2309,0.2311,0.2313,0.2315,0.2316,0.2318,0.232,0.2323,0.2329,0.2336,0.2342,0.2349,0.2356,0.2362,0.2369,0.2376,0.2383,0.239,0.2397,0.2403,0.2409,0.2415,0.2421,0.2427,0.2434,0.244,0.2446,0.2452,0.2458,0.246,0.2461,0.2462,0.2463,0.2464,0.2465,0.2466,0.2467,0.2468,0.2469,0.247,0.2471,0.2472,0.2473,0.2474,0.2475,0.2476,0.2478,0.2479,0.248,0.2481,0.2482,0.2483,0.2484,0.2485,0.2486,0.2487,0.2488,0.2489,0.2491,0.2492,0.2494,0.2496,0.2497,0.2499,0.25,0.2502,0.2503,0.2505,0.2506,0.2508,0.251,0.2511,0.2513,0.2514,0.2516,0.2517,0.2519,0.2521,0.2522,0.2524,0.2525,0.2527,0.2528,0.253,0.2532,0.2533,0.2535,0.2536,0.2538,0.254,0.2541,0.2543
0.2050,0.2051,0.2053,0.2054,0.2055,0.2057,0.2058,0.206,0.2061,0.2062,0.2064,0.2065,0.2066,0.2068,0.2069,0.2071,0.2072,0.2073,0.2075,0.2076,0.2078,0.2079,0.208,0.2082,0.2083,0.2085,0.2086,0.2087,0.2089,0.209,0.2092,0.2093,0.2094,0.2096,0.2097,0.2099,0.21,0.2102,0.2103,0.2104,0.2106,0.2107,0.2109,0.211,0.2112,0.2113,0.2114,0.2116,0.2117,0.2119,0.212,0.2122,0.2123,0.2125,0.2126,0.2128,0.2129,0.2131,0.2132,0.2133,0.2135,0.2136,0.2138,0.2139,0.2141,0.2143,0.2144,0.2146,0.2148,0.2149,0.2151,0.2152,0.2154,0.2156,0.2157,0.2159,0.2161,0.2162,0.2164,0.2166,0.2167,0.2169,0.217,0.2172,0.2174,0.2175,0.2177,0.2179,0.218,0.2182,0.2184,0.2185,0.2187,0.2189,0.2191,0.2192,0.2194,0.2196,0.2197,0.2199,0.2201,0.2202,0.2204,0.2206,0.2208,0.2209,0.2211,0.2213,0.2214,0.2216,0.2218,0.222,0.2221,0.2223,0.2225,0.2227,0.2228,0.223,0.2232,0.2234,0.2235,0.2237,0.2239,0.2241,0.2242,0.2244,0.2246,0.2248,0.2249,0.2251,0.2253,0.2255,0.2257,0.2258,0.226,0.2262,0.2264,0.2266,0.2267,0.2269,0.2271,0.2273,0.2275,0.2276,0.2278,0.228,0.2282,0.2284,0.2286,0.2287,0.2289,0.2291,0.2293,0.2295,0.2297,0.2298,0.23,0.2302,0.2304,0.2306,0.2308,0.231,0.2311,0.2313,0.2315,0.2317,0.2319,0.2321,0.2323,0.2325,0.2327,0.2329,0.2335,0.2342,0.2348,0.2355,0.2362,0.2369,0.2375,0.2382,0.2389,0.2396,0.2403,0.241,0.2416,0.2422,0.2428,0.2434,0.2441,0.2447,0.2453,0.246,0.2464,0.2465,0.2466,0.2467,0.2469,0.247,0.2471,0.2472,0.2473,0.2474,0.2475,0.2476,0.2477,0.2478,0.2479,0.248,0.2481,0.2482,0.2483,0.2485,0.2486,0.2487,0.2488,0.2489,0.249,0.2491,0.2492,0.2493,0.2494,0.2495,0.2497,0.2498,0.25,0.2502,0.2503,0.2505,0.2506,0.2508,0.2509,0.2511,0.2513,0.2514,0.2516,0.2517,0.2519,0.252,0.2522,0.2524,0.2525,0.2527,0.2528,0.253,0.2531,0.2533,0.2535,0.2536,0.2538,0.2539,0.2541,0.2543,0.2544,0.2546,0.2547,0.2549
0.2054,0.2056,0.2057,0.2059,0.206,0.2061,0.2063,0.2064,0.2065,0.2067,0.2068,0.207,0.2071,0.2072,0.2074,0.2075,0.2077,0.2078,0.2079,0.2081,0.2082,0.2084,0.2085,0.2086,0.2088,0.2089,0.2091,0.2092,0.2093,0.2095,0.2096,0.2098,0.2099,0.2101,0.2102,0.2103,0.2105,0.2106,0.2108,0.2109,0.2111,0.2112,0.2113,0.2115,0.2116,0.2118,0.2119,0.2121,0.2122,0.2124,0.2125,0.2127,0.2128,0.2129,0.2131,0.2132,0.2134,0.2135,0.2137,0.2138,0.214,0.2142,0.2143,0.2145,0.2147,0.2148,0.215,0.2151,0.2153,0.2155,0.2156,0.2158,0.216,0.2161,0.2163,0.2165,0.2166,0.2168,0.2169,0.2171,0.2173,0.2174,0.2176,0.2178,0.2179,0.2181,0.2183,0.2184,0.2186,0.2188,0.2189,0.2191,0.2193,0.2195,0.2196,0.2198,0.22,0.2201,0.2203,0.2205,0.2206,0.2208,0.221,0.2212,0.2213,0.2215,0.2217,0.2218,0.222,0.2222,0.2224,0.2225,0.2227,0.2229,0.2231,0.2232,0.2234,0.2236,0.2238,0.2239,0.2241,0.2243,0.2245,0.2247,0.2248,0.225,0.2252,0.2254,0.2255,0.2257,0.2259,0.2261,0.2263,0.2264,0.2266,0.2268,0.227,0.2272,0.2273,0.2275,0.2277,0.2279,0.2281,0.2283,0.2284,0.2286,0.2288,0.229,0.2292,0.2294,0.2295,0.2297,0.2299,0.2301,0.2303,0.2305,0.2307,0.2308,0.231,0.2312,0.2314,0.2316,0.2318,0.232,0.2322,0.2324,0.2325,0.2327,0.2329,0.2331,0.2333,0.2335,0.2341,0.2348,0.2354,0.2361,0.2368,0.2375,0.2382,0.2388,0.2395,0.2402,0.2409,0.2416,0.2423,0.2429,0.2435,0.2442,0.2448,0.2454,0.246,0.2467,0.247,0.2471,0.2472,0.2473,0.2474,0.2475,0.2477,0.2478,0.2479,0.248,0.2481,0.2482,0.2483,0.2484,0.2485,0.2486,0.2487,0.2488,0.2489,0.2491,0.2492,0.2493,0.2494,0.2495,0.2496,0.2497,0.2498,0.2499,0.25,0.2501,0.2503,0.2505,0.2506,0.2508,0.2509,0.2511,0.2512,0.2514,0.2515,0.2517,0.2519,0.252,0.2522,0.2523,0.2525,0.2527,0.2528,0.253,0.2531,0.2533,0.2534,0.2536,0.2538,0.2539,0.2541,0.2542,0.2544,0.2546,0.2547,0.2549,0.255,0.2552,0.2554,0.2555
0.2059,0.206,0.2062,0.2063,0.2064,0.2066,0.2067,0.2069,0.207,0.2071,0.2073,0.2074,0.2076,0.2077,0.2078,0.208,0.2081,0.2083,0.2084,0.2085,0.2087,0.2088,0.209,0.2091,0.2092,0.2094,0.2095,0.2097,0.2098,0.2099,0.2101,0.2102,0.2104,0.2105,0.2107,0.2108,0.2109,0.2111,0.2112,0.2114,0.2115,0.2117,0.2118,0.212,0.2121,0.2123,0.2124,0.2125,0.2127,0.2128,0.213,0.2131,0.2133,0.2134,0.2136,0.2137,0.2139,0.2141,0.2142,0.2144,0.2146,0.2147,0.2149,0.215,0.2152,0.2154,0.2155,0.2157,0.2159,0.216,0.2162,0.2163,0.2165,0.2167,0.2168,0.217,0.2172,0.2173,0.2175,0.2177,0.2178,0.218,0.2182,0.2183,0.2185,0.2187,0.2188,0.219,0.2192,0.2193,0.2195,0.2197,0.2199,0.22,0.2202,0.2204,0.2205,0.2207,0.2209,0.2211,0.2212,0.2214,0.2216,0.2217,0.2219,0.2221,0.2223,0.2224,0.2226,0.2228,0.223,0.2231,0.2233,0.2235,0.2237,0.2238,0.224,0.2242,0.2244,0.2245,0.2247,0.2249,0.2251,0.2253,0.2254,0.2256,0.2258,0.226,0.2261,0.2263,0.2265,0.2267,0.2269,0.227,0.2272,0.2274,0.2276,0.2278,0.228,0.2281,0.2283,0.2285,0.2287,0.2289,0.2291,0.2292,0.2294,0.2296,0.2298,0.23,0.2302,0.2304,0.2305,0.2307,0.2309,0.2311,0.2313,0.2315,0.2317,0.2319,0.232,0.2322,0.2324,0.2326,0.2328,0.233,0.2332,0.2334,0.2336,0.2338,0.234,0.2341,0.2347,0.2354,0.236,0.2367,0.2374,0.2381,0.2388,0.2395,0.2402,0.2409,0.2416,0.2423,0.243,0.2436,0.2442,0.2449,0.2455,0.2461,0.2468,0.2474,0.2476,0.2477,0.2478,0.2479,0.248,0.2481,0.2482,0.2484,0.2485,0.2486,0.2487,0.2488,0.2489,0.249,0.2491,0.2492,0.2493,0.2494,0.2495,0.2496,0.2498,0.2499,0.25,0.2501,0.2502,0.2503,0.2504,0.2505,0.2506,0.2508,0.2509,0.2511,0.2512,0.2514,0.2515,0.2517,0.2518,0.252,0.2522,0.2523,0.2525,0.2526,0.2528,0.253,0.2531,0.2533,0.2534,0.2536,0.2537,0.2539,0.2541,0.2542,0.2544,0.2546,0.2547,0.2549,0.255,0.2552,0.2554,0.2555,0.2557,0.2558,0.256,0.2562
0.2063,0.2065,0.2066,0.2068,0.2069,0.207,0.2072,0.2073,0.2075,0.2076,0.2077,0.2079,0.208,0.2081,0.2083,0.2084,0.2086,0.2087,0.2089,0.209,0.2091,0.2093,0.2094,0.2096,0.2097,0.2098,0.21,0.2101,0.2103,0.2104,0.2106,0.2107,0.2108,0.211,0.2111,0.2113,0.2114,0.2116,0.2117,0.2119,0.212,0.2121,0.2123,0.2124,0.2126,0.2127,0.2129,0.213,0.2132,0.2133,0.2135,0.2136,0.2138,0.214,0.2141,0.2143,0.2145,0.2146,0.2148,0.2149,0.2151,0.2153,0.2154,0.2156,0.2158,0.2159,0.2161,0.2162,0.2164,0.2166,0.2167,0.2169,0.2171,0.2172,0.2174,0.2176,0.2177,0.2179,0.2181,0.2182,0.2184,0.2186,0.2187,0.2189,0.2191,0.2192,0.2194,0.2196,0.2198,0.2199,0.2201,0.2203,0.2204,0.2206,0.2208,0.2209,0.2211,0.2213,0.2215,0.2216,0.2218,0.222,0.2222,0.2223,0.2225,0.2227,0.2228,0.223,0.2232,0.2234,0.2235,0.2237,0.2239,0.2241,0.2243,0.2244,0.2246,0.2248,0.225,0.2251,0.2253,0.2255,0.2257,0.2259,0.226,0.2262,0.2264,0.2266,0.2268,0.2269,0.2271,0.2273,0.2275,0.2277,0.2278,0.228,0.2282,0.2284,0.2286,0.2288,0.2289,0.2291,0.2293,0.2295,0.2297,0.2299,0.2301,0.2302,0.2304,0.2306,0.2308,0.231,0.2312,0.2314,0.2316,0.2317,0.2319,0.2321,0.2323,0.2325,0.2327,0.2329,0.2331,0.2333,0.2334,0.2336,0.2338,0.234,0.2342,0.2344,0.2346,0.2348,0.2353,0.236,0.2367,0.2373,0.238,0.2387,0.2394,0.2401,0.2408,0.2415,0.2422,0.2429,0.2436,0.2443,0.245,0.2456,0.2462,0.2469,0.2475,0.2481,0.2482,0.2483,0.2484,0.2485,0.2486,0.2487,0.2488,0.2489,0.2491,0.2492,0.2493,0.2494,0.2495,0.2496,0.2497,0.2498,0.2499,0.25,0.2501,0.2502,0.2504,0.2505,0.2506,0.2507,0.2508,0.2509,0.251,0.2511,0.2512,0.2514,0.2515,0.2517,0.2518,0.252,0.2521,0.2523,0.2525,0.2526,0.2528,0.2529,0.2531,0.2533,0.2534,0.2536,0.2537,0.2539,0.2541,0.2542,0.2544,0.2545,0.2547,0.2549,0.255,0.2552,0.2553,0.2555,0.2557,0.2558,0.256,0.2562,0.2563,0.2565,0.2566,0.2568
0.2068,0.2069,0.2071,0.2072,0.2073,0.2075,0.2076,0.2078,0.2079,0.208,0.2082,0.2083,0.2085,0.2086,0.2087,0.2089,0.209,0.2092,0.2093,0.2095,0.2096,0.2097,0.2099,0.21,0.2102,0.2103,0.2105,0.2106,0.2107,0.2109,0.211,0.2112,0.2113,0.2115,0.2116,0.2117,0.2119,0.212,0.2122,0.2123,0.2125,0.2126,0.2128,0.2129,0.2131,0.2132,0.2134,0.2135,0.2137,0.2139,0.214,0.2142,0.2144,0.2145,0.2147,0.2148,0.215,0.2152,0.2153,0.2155,0.2157,0.2158,0.216,0.2161,0.2163,0.2165,0.2166,0.2168,0.217,0.2171,0.2173,0.2175,0.2176,0.2178,0.218,0.2181,0.2183,0.2185,0.2186,0.2188,0.219,0.2191,0.2193,0.2195,0.2196,0.2198,0.22,0.2202,0.2203,0.2205,0.2207,0.2208,0.221,0.2212,0.2214,0.2215,0.2217,0.2219,0.222,0.2222,0.2224,0.2226,0.2227,0.2229,0.2231,0.2233,0.2234,0.2236,0.2238,0.224,0.2241,0.2243,0.2245,0.2247,0.2249,0.225,0.2252,0.2254,0.2256,0.2257,0.2259,0.2261,0.2263,0.2265,0.2266,0.2268,0.227,0.2272,0.2274,0.2275,0.2277,0.2279,0.2281,0.2283,0.2285,0.2286,0.2288,0.229,0.2292,0.2294,0.2296,0.2298,0.2299,0.2301,0.2303,0.2305,0.2307,0.2309,0.2311,0.2312,0.2314,0.2316,0.2318,0.232,0.2322,0.2324,0.2326,0.2328,0.2329,0.2331,0.2333,0.2335,0.2337,0.2339,0.2341,0.2343,0.2345,0.2347,0.2349,0.2351,0.2353,0.2355,0.2359,0.2366,0.2373,0.238,0.2386,0.2393,0.24,0.2407,0.2414,0.2421,0.2429,0.2436,0.2443,0.245,0.2457,0.2463,0.2469,0.2476,0.2482,0.2487,0.2488,0.2489,0.249,0.2491,0.2492,0.2493,0.2494,0.2495,0.2497,0.2498,0.2499,0.25,0.2501,0.2502,0.2503,0.2504,0.2505,0.2506,0.2507,0.2509,0.251,0.2511,0.2512,0.2513,0.2514,0.2515,0.2515,0.2516,0.2516,0.2517,0.2519,0.252,0.2522,0.2524,0.2525,0.2527,0.2529,0.253,0.2532,0.2534,0.2535,0.2537,0.2539,0.254,0.2542,0.2544,0.2545,0.2547,0.2549,0.2551,0.2552,0.2554,0.2556,0.2557,0.2559,0.2561,0.2562,0.2564,0.2566,0.2568,0.2569,0.2571,0.2573,0.2574
0.2072,0.2074,0.2075,0.2077,0.2078,0.2079,0.2081,0.2082,0.2084,0.2085,0.2086,0.2088,0.2089,0.2091,0.2092,0.2094,0.2095,0.2096,0.2098,0.2099,0.2101,0.2102,0.2103,0.2105,0.2106,0.2108,0.2109,0.2111,0.2112,0.2114,0.2115,0.2116,0.2118,0.2119,0.2121,0.2122,0.2124,0.2125,0.2127,0.2128,0.213,0.2131,0.2133,0.2134,0.2136,0.2138,0.2139,0.2141,0.2143,0.2144,0.2146,0.2147,0.2149,0.2151,0.2152,0.2154,0.2156,0.2157,0.2159,0.216,0.2162,0.2164,0.2165,0.2167,0.2169,0.217,0.2172,0.2174,0.2175,0.2177,0.2179,0.218,0.2182,0.2184,0.2185,0.2187,0.2189,0.219,0.2192,0.2194,0.2195,0.2197,0.2199,0.2201,0.2202,0.2204,0.2206,0.2207,0.2209,0.2211,0.2212,0.2214,0.2216,0.2218,0.2219,0.2221,0.2223,0.2225,0.2226,0.2228,0.223,0.2232,0.2233,0.2235,0.2237,0.2239,0.224,0.2242,0.2244,0.2246,0.2247,0.2249,0.2251,0.2253,0.2255,0.2256,0.2258,0.226,0.2262,0.2263,0.2265,0.2267,0.2269,0.2271,0.2273,0.2274,0.2276,0.2278,0.228,0.2282,0.2283,0.2285,0.2287,0.2289,0.2291,0.2293,0.2295,0.2296,0.2298,0.23,0.2302,0.2304,0.2306,0.2308,0.2309,0.2311,0.2313,0.2315,0.2317,0.2319,0.2321,0.2323,0.2324,0.2326,0.2328,0.233,0.2332,0.2334,0.2336,0.2338,0.234,0.2342,0.2344,0.2346,0.2348,0.2349,0.2351,0.2353,0.2355,0.2357,0.2359,0.2361,0.2365,0.2372,0.2379,0.2386,0.2393,0.24,0.2407,0.2414,0.2421,0.2428,0.2435,0.2442,0.2449,0.2457,0.2464,0.247,0.2477,0.2483,0.249,0.2493,0.2494,0.2495,0.2496,0.2497,0.2498,0.2499,0.25,0.2501,0.2503,0.2504,0.2505,0.2506,0.2507,0.2508,0.2509,0.251,0.2511,0.2512,0.2513,0.2515,0.2516,0.2516,0.2517,0.2517,0.2518,0.2518,0.2519,0.2519,0.252,0.252,0.2522,0.2524,0.2525,0.2527,0.2529,0.253,0.2532,0.2534,0.2535,0.2537,0.2539,0.254,0.2542,0.2544,0.2545,0.2547,0.2549,0.2551,0.2552,0.2554,0.2556,0.2557,0.2559,0.2561,0.2562,0.2564,0.2566,0.2568,0.2569,0.2571,0.2573,0.2574,0.2576,0.2578
0.2077,0.2078,0.208,0.2081,0.2083,0.2084,0.2085,0.2087,0.2088,0.209,0.2091,0.2092,0.2094,0.2095,0.2097,0.2098,0.21,0.2101,0.2102,0.2104,0.2105,0.2107,0.2108,0.211,0.2111,0.2112,0.2114,0.2115,0.2117,0.2118,0.212,0.2121,0.2123,0.2124,0.2126,0.2127,0.2129,0.213,0.2132,0.2133,0.2135,0.2137,0.2138,0.214,0.2142,0.2143,0.2145,0.2146,0.2148,0.215,0.2151,0.2153,0.2154,0.2156,0.2158,0.2159,0.2161,0.2163,0.2164,0.2166,0.2168,0.2169,0.2171,0.2173,0.2174,0.2176,0.2178,0.2179,0.2181,0.2183,0.2184,0.2186,0.2188,0.2189,0.2191,0.2193,0.2194,0.2196,0.2198,0.2199,0.2201,0.2203,0.2205,0.2206,0.2208,0.221,0.2211,0.2213,0.2215,0.2217,0.2218,0.222,0.2222,0.2223,0.2225,0.2227,0.2229,0.223,0.2232,0.2234,0.2236,0.2237,0.2239,0.2241,0.2243,0.2245,0.2246,0.2248,0.225,0.2252,0.2253,0.2255,0.2257,0.2259,0.2261,0.2262,0.2264,0.2266,0.2268,0.227,0.2271,0.2273,0.2275,0.2277,0.2279,0.2281,0.2282,0.2284,0.2286,0.2288,0.229,0.2292,0.2293,0.2295,0.2297,0.2299,0.2301,0.2303,0.2305,0.2306,0.2308,0.231,0.2312,0.2314,0.2316,0.2318,0.232,0.2321,0.2323,0.2325,0.2327,0.2329,0.2331,0.2333,0.2335,0.2337,0.2339,0.2341,0.2342,0.2344,0.2346,0.2348,0.235,0.2352,0.2354,0.2356,0.2358,0.236,0.2362,0.2364,0.2366,0.2368,0.2371,0.2378,0.2385,0.2392,0.2399,0.2406,0.2413,0.242,0.2427,0.2434,0.2442,0.2449,0.2456,0.2463,0.2471,0.2478,0.2484,0.2491,0.2497,0.2499,0.25,0.2501,0.2502,0.2503,0.2504,0.2505,0.2506,0.2508,0.2509,0.251,0.2511,0.2512,0.2513,0.2514,0.2515,0.2516,0.2517,0.2518,0.2518,0.2519,0.2519,0.252,0.252,0.2521,0.2521,0.2522,0.2522,0.2522,0.2523,0.2523,0.2525,0.2527,0.2529,0.253,0.2532,0.2534,0.2535,0.2537,0.2539,0.254,0.2542,0.2544,0.2545,0.2547,0.2549,0.2551,0.2552,0.2554,0.2556,0.2557,0.2559,0.2561,0.2562,0.2564,0.2566,0.2568,0.2569,0.2571,0.2573,0.2574,0.2576,0.2578,0.258,0.2581
0.2082,0.2083,0.2084,0.2086,0.2087,0.2089,0.209,0.2091,0.2093,0.2094,0.2096,0.2097,0.2099,0.21,0.2101,0.2103,0.2104,0.2106,0.2107,0.2109,0.211,0.2111,0.2113,0.2114,0.2116,0.2117,0.2119,0.212,0.2122,0.2123,0.2125,0.2126,0.2128,0.2129,0.2131,0.2133,0.2134,0.2136,0.2137,0.2139,0.2141,0.2142,0.2144,0.2145,0.2147,0.2149,0.215,0.2152,0.2153,0.2155,0.2157,0.2158,0.216,0.2162,0.2163,0.2165,0.2167,0.2168,0.217,0.2172,0.2173,0.2175,0.2177,0.2178,0.218,0.2182,0.2183,0.2185,0.2187,0.2188,0.219,0.2192,0.2193,0.2195,0.2197,0.2198,0.22,0.2202,0.2203,0.2205,0.2207,0.2209,0.221,0.2212,0.2214,0.2215,0.2217,0.2219,0.2221,0.2222,0.2224,0.2226,0.2228,0.2229,0.2231,0.2233,0.2235,0.2236,0.2238,0.224,0.2242,0.2243,0.2245,0.2247,0.2249,0.2251,0.2252,0.2254,0.2256,0.2258,0.2259,0.2261,0.2263,0.2265,0.2267,0.2268,0.227,0.2272,0.2274,0.2276,0.2278,0.2279,0.2281,0.2283,0.2285,0.2287,0.2289,0.229,0.2292,0.2294,0.2296,0.2298,0.23,0.2301,0.2303,0.2305,0.2307,0.2309,0.2311,0.2313,0.2315,0.2316,0.2318,0.232,0.2322,0.2324,0.2326,0.2328,0.233,0.2332,0.2334,0.2335,0.2337,0.2339,0.2341,0.2343,0.2345,0.2347,0.2349,0.2351,0.2353,0.2355,0.2357,0.2359,0.2361,0.2363,0.2365,0.2367,0.2369,0.237,0.2372,0.2374,0.2378,0.2385,0.2391,0.2398,0.2405,0.2412,0.2419,0.2427,0.2434,0.2441,0.2448,0.2455,0.2463,0.247,0.2477,0.2485,0.2491,0.2498,0.2504,0.2505,0.2506,0.2507,0.2508,0.2509,0.251,0.2511,0.2512,0.2514,0.2515,0.2516,0.2517,0.2518,0.2518,0.2519,0.2519,0.252,0.252,0.2521,0.2521,0.2522,0.2522,0.2523,0.2523,0.2524,0.2524,0.2525,0.2525,0.2526,0.2526,0.2527,0.2528,0.253,0.2532,0.2533,0.2535,0.2537,0.2539,0.254,0.2542,0.2544,0.2545,0.2547,0.2549,0.2551,0.2552,0.2554,0.2556,0.2557,0.2559,0.2561,0.2562,0.2564,0.2566,0.2568,0.2569,0.2571,0.2573,0.2574,0.2576,0.2578,0.258,0.2581,0.2583,0.2585
0.2086,0.2088,0.2089,0.209,0.2092,0.2093,0.2095,0.2096,0.2098,0.2099,0.21,0.2102,0.2103,0.2105,0.2106,0.2108,0.2109,0.211,0.2112,0.2113,0.2115,0.2116,0.2118,0.2119,0.2121,0.2122,0.2124,0.2125,0.2127,0.2128,0.213,0.2132,0.2133,0.2135,0.2136,0.2138,0.214,0.2141,0.2143,0.2144,0.2146,0.2148,0.2149,0.2151,0.2152,0.2154,0.2156,0.2157,0.2159,0.2161,0.2162,0.2164,0.2166,0.2167,0.2169,0.2171,0.2172,0.2174,0.2175,0.2177,0.2179,0.218,0.2182,0.2184,0.2186,0.2187,0.2189,0.2191,0.2192,0.2194,0.2196,0.2197,0.2199,0.2201,0.2202,0.2204,0.2206,0.2208,0.2209,0.2211,0.2213,0.2214,0.2216,0.2218,0.222,0.2221,0.2223,0.2225,0.2227,0.2228,0.223,0.2232,0.2234,0.2235,0.2237,0.2239,0.2241,0.2242,0.2244,0.2246,0.2248,0.2249,0.2251,0.2253,0.2255,0.2257,0.2258,0.226,0.2262,0.2264,0.2266,0.2267,0.2269,0.2271,0.2273,0.2275,0.2276,0.2278,0.228,0.2282,0.2284,0.2286,0.2287,0.2289,0.2291,0.2293,0.2295,0.2297,0.2298,0.23,0.2302,0.2304,0.2306,0.2308,0.231,0.2312,0.2313,0.2315,0.2317,0.2319,0.2321,0.2323,0.2325,0.2327,0.2329,0.233,0.2332,0.2334,0.2336,0.2338,0.234,0.2342,0.2344,0.2346,0.2348,0.235,0.2352,0.2354,0.2356,0.2357,0.2359,0.2361,0.2363,0.2365,0.2367,0.2369,0.2371,0.2373,0.2375,0.2377,0.2379,0.2381,0.2384,0.2391,0.2398,0.2405,0.2412,0.2419,0.2426,0.2433,0.244,0.2447,0.2455,0.2462,0.2469,0.2477,0.2484,0.2492,0.2499,0.2506,0.251,0.2511,0.2512,0.2513,0.2514,0.2515,0.2516,0.2517,0.2519,0.2519,0.252,0.252,0.2521,0.2521,0.2522,0.2522,0.2523,0.2523,0.2524,0.2524,0.2525,0.2525,0.2526,0.2526,0.2527,0.2527,0.2528,0.2528,0.2529,0.2529,0.253,0.253,0.2532,0.2533,0.2535,0.2537,0.2538,0.254,0.2542,0.2544,0.2545,0.2547,0.2549,0.255,0.2552,0.2554,0.2556,0.2557,0.2559,0.2561,0.2562,0.2564,0.2566,0.2568,0.2569,0.2571,0.2573,0.2574,0.2576,0.2578,0.258,0.2581,0.2583,0.2585,0.2587,0.2588
0.2091,0.2092,0.2094,0.2095,0.2096,0.2098,0.2099,0.2101,0.2102,0.2104,0.2105,0.2106,0.2108,0.2109,0.2111,0.2112,0.2114,0.2115,0.2117,0.2118,0.2119,0.2121,0.2123,0.2124,0.2126,0.2127,0.2129,0.2131,0.2132,0.2134,0.2135,0.2137,0.2139,0.214,0.2142,0.2143,0.2145,0.2147,0.2148,0.215,0.2151,0.2153,0.2155,0.2156,0.2158,0.216,0.2161,0.2163,0.2165,0.2166,0.2168,0.2169,0.2171,0.2173,0.2174,0.2176,0.2178,0.2179,0.2181,0.2183,0.2184,0.2186,0.2188,0.219,0.2191,0.2193,0.2195,0.2196,0.2198,0.22,0.2201,0.2203,0.2205,0.2206,0.2208,0.221,0.2212,0.2213,0.2215,0.2217,0.2219,0.222,0.2222,0.2224,0.2225,0.2227,0.2229,0.2231,0.2232,0.2234,0.2236,0.2238,0.2239,0.2241,0.2243,0.2245,0.2247,0.2248,0.225,0.2252,0.2254,0.2255,0.2257,0.2259,0.2261,0.2263,0.2264,0.2266,0.2268,0.227,0.2272,0.2273,0.2275,0.2277,0.2279,0.2281,0.2283,0.2284,0.2286,0.2288,0.229,0.2292,0.2294,0.2295,0.2297,0.2299,0.2301,0.2303,0.2305,0.2307,0.2308,0.231,0.2312,0.2314,0.2316,0.2318,0.232,0.2322,0.2324,0.2325,0.2327,0.2329,0.2331,0.2333,0.2335,0.2337,0.2339,0.2341,0.2343,0.2345,0.2347,0.2348,0.235,0.2352,0.2354,0.2356,0.2358,0.236,0.2362,0.2364,0.2366,0.2368,0.237,0.2372,0.2374,0.2376,0.2378,0.238,0.2382,0.2384,0.2386,0.2388,0.239,0.2397,0.2404,0.2411,0.2418,0.2425,0.2432,0.244,0.2447,0.2454,0.2461,0.2469,0.2476,0.2484,0.2491,0.2499,0.2506,0.2513,0.2516,0.2517,0.2518,0.2519,0.252,0.2521,0.2521,0.2522,0.2522,0.2523,0.2523,0.2524,0.2524,0.2525,0.2525,0.2526,0.2526,0.2527,0.2527,0.2528,0.2528,0.2529,0.2529,0.253,0.253,0.2531,0.2531,0.2532,0.2532,0.2533,0.2533,0.2534,0.2535,0.2537,0.2538,0.254,0.2542,0.2543,0.2545,0.2547,0.2549,0.255,0.2552,0.2554,0.2555,0.2557,0.2559,0.2561,0.2562,0.2564,0.2566,0.2568,0.2569,0.2571,0.2573,0.2574,0.2576,0.2578,0.258,0.2581,0.2583,0.2585,0.2587,0.2588,0.259,0.2592
0.2095,0.2097,0.2098,0.21,0.2101,0.2103,0.2104,0.2105,0.2107,0.2108,0.211,0.2111,0.2113,0.2114,0.2116,0.2117,0.2118,0.212,0.2122,0.2123,0.2125,0.2126,0.2128,0.213,0.2131,0.2133,0.2134,0.2136,0.2138,0.2139,0.2141,0.2142,0.2144,0.2146,0.2147,0.2149,0.215,0.2152,0.2154,0.2155,0.2157,0.2159,0.216,0.2162,0.2164,0.2165,0.2167,0.2168,0.217,0.2172,0.2173,0.2175,0.2177,0.2178,0.218,0.2182,0.2183,0.2185,0.2187,0.2188,0.219,0.2192,0.2194,0.2195,0.2197,0.2199,0.22,0.2202,0.2204,0.2205,0.2207,0.2209,0.2211,0.2212,0.2214,0.2216,0.2217,0.2219,0.2221,0.2223,0.2224,0.2226,0.2228,0.223,0.2231,0.2233,0.2235,0.2237,0.2238,0.224,0.2242,0.2244,0.2245,0.2247,0.2249,0.2251,0.2253,0.2254,0.2256,0.2258,0.226,0.2261,0.2263,0.2265,0.2267,0.2269,0.2271,0.2272,0.2274,0.2276,0.2278,0.228,0.2281,0.2283,0.2285,0.2287,0.2289,0.2291,0.2292,0.2294,0.2296,0.2298,0.23,0.2302,0.2304,0.2305,0.2307,0.2309,0.2311,0.2313,0.2315,0.2317,0.2319,0.232,0.2322,0.2324,0.2326,0.2328,0.233,0.2332,0.2334,0.2336,0.2338,0.234,0.2341,0.2343,0.2345,0.2347,0.2349,0.2351,0.2353,0.2355,0.2357,0.2359,0.2361,0.2363,0.2365,0.2367,0.2369,0.2371,0.2373,0.2375,0.2377,0.2379,0.2381,0.2383,0.2385,0.2387,0.2389,0.2391,0.2393,0.2395,0.2397,0.2403,0.241,0.2417,0.2425,0.2432,0.2439,0.2446,0.2453,0.2461,0.2468,0.2475,0.2483,0.249,0.2498,0.2505,0.2513,0.2521,0.2522,0.2522,0.2523,0.2523,0.2524,0.2524,0.2525,0.2525,0.2526,0.2526,0.2527,0.2527,0.2528,0.2528,0.2529,0.2529,0.253,0.253,0.2531,0.2531,0.2532,0.2532,0.2533,0.2533,0.2534,0.2534,0.2535,0.2535,0.2536,0.2536,0.2537,0.2537,0.2538,0.254,0.2542,0.2543,0.2545,0.2547,0.2548,0.255,0.2552,0.2554,0.2555,0.2557,0.2559,0.2561,0.2562,0.2564,0.2566,0.2567,0.2569,0.2571,0.2573,0.2574,0.2576,0.2578,0.258,0.2581,0.2583,0.2585,0.2587,0.2588,0.259,0.2592,0.2594,0.2595
0.2100,0.2102,0.2103,0.2104,0.2106,0.2107,0.2109,0.211,0.2112,0.2113,0.2114,0.2116,0.2117,0.2119,0.2121,0.2122,0.2124,0.2125,0.2127,0.2129,0.213,0.2132,0.2133,0.2135,0.2137,0.2138,0.214,0.2141,0.2143,0.2145,0.2146,0.2148,0.2149,0.2151,0.2153,0.2154,0.2156,0.2158,0.2159,0.2161,0.2162,0.2164,0.2166,0.2167,0.2169,0.2171,0.2172,0.2174,0.2176,0.2177,0.2179,0.2181,0.2182,0.2184,0.2186,0.2187,0.2189,0.2191,0.2192,0.2194,0.2196,0.2198,0.2199,0.2201,0.2203,0.2204,0.2206,0.2208,0.2209,0.2211,0.2213,0.2215,0.2216,0.2218,0.222,0.2222,0.2223,0.2225,0.2227,0.2229,0.223,0.2232,0.2234,0.2236,0.2237,0.2239,0.2241,0.2243,0.2244,0.2246,0.2248,0.225,0.2251,0.2253,0.2255,0.2257,0.2259,0.226,0.2262,0.2264,0.2266,0.2268,0.2269,0.2271,0.2273,0.2275,0.2277,0.2278,0.228,0.2282,0.2284,0.2286,0.2288,0.2289,0.2291,0.2293,0.2295,0.2297,0.2299,0.2301,0.2302,0.2304,0.2306,0.2308,0.231,0.2312,0.2314,0.2316,0.2317,0.2319,0.2321,0.2323,0.2325,0.2327,0.2329,0.2331,0.2333,0.2335,0.2336,0.2338,0.234,0.2342,0.2344,0.2346,0.2348,0.235,0.2352,0.2354,0.2356,0.2358,0.236,0.2362,0.2364,0.2366,0.2368,0.237,0.2371,0.2373,0.2375,0.2377,0.2379,0.2381,0.2383,0.2385,0.2387,0.2389,0.2391,0.2393,0.2395,0.2397,0.2399,0.2402,0.2404,0.241,0.2417,0.2424,0.2431,0.2438,0.2445,0.2453,0.246,0.2467,0.2475,0.2482,0.249,0.2497,0.2505,0.2512,0.252,0.2524,0.2525,0.2526,0.2526,0.2527,0.2527,0.2528,0.2528,0.2529,0.2529,0.253,0.253,0.2531,0.2531,0.2532,0.2532,0.2533,0.2533,0.2534,0.2534,0.2535,0.2535,0.2536,0.2536,0.2537,0.2537,0.2538,0.2538,0.2539,0.2539,0.254,0.254,0.2541,0.2541,0.2543,0.2545,0.2547,0.2548,0.255,0.2552,0.2553,0.2555,0.2557,0.2559,0.256,0.2562,0.2564,0.2566,0.2567,0.2569,0.2571,0.2573,0.2574,0.2576,0.2578,0.258,0.2581,0.2583,0.2585,0.2587,0.2588,0.259,0.2592,0.2594,0.2595,0.2597,0.2599
0.2105,0.2106,0.2108,0.2109,0.2111,0.2112,0.2113,0.2115,0.2116,0.2118,0.212,0.2121,0.2123,0.2124,0.2126,0.2128,0.2129,0.2131,0.2132,0.2134,0.2136,0.2137,0.2139,0.214,0.2142,0.2144,0.2145,0.2147,0.2148,0.215,0.2152,0.2153,0.2155,0.2157,0.2158,0.216,0.2161,0.2163,0.2165,0.2166,0.2168,0.217,0.2171,0.2173,0.2175,0.2176,0.2178,0.218,0.2181,0.2183,0.2185,0.2186,0.2188,0.219,0.2191,0.2193,0.2195,0.2196,0.2198,0.22,0.2202,0.2203,0.2205,0.2207,0.2208,0.221,0.2212,0.2214,0.2215,0.2217,0.2219,0.222,0.2222,0.2224,0.2226,0.2227,0.2229,0.2231,0.2233,0.2234,0.2236,0.2238,0.224,0.2241,0.2243,0.2245,0.2247,0.2249,0.225,0.2252,0.2254,0.2256,0.2257,0.2259,0.2261,0.2263,0.2265,0.2266,0.2268,0.227,0.2272,0.2274,0.2276,0.2277,0.2279,0.2281,0.2283,0.2285,0.2286,0.2288,0.229,0.2292,0.2294,0.2296,0.2298,0.2299,0.2301,0.2303,0.2305,0.2307,0.2309,0.2311,0.2312,0.2314,0.2316,0.2318,0.232,0.2322,0.2324,0.2326,0.2328,0.233,0.2331,0.2333,0.2335,0.2337,0.2339,0.2341,0.2343,0.2345,0.2347,0.2349,0.2351,0.2353,0.2355,0.2357,0.2358,0.236,0.2362,0.2364,0.2366,0.2368,0.237,0.2372,0.2374,0.2376,0.2378,0.238,0.2382,0.2384,0.2386,0.2388,0.239,0.2392,0.2394,0.2396,0.2398,0.24,0.2402,0.2404,0.2406,0.2408,0.241,0.2416,0.2423,0.243,0.2437,0.2445,0.2452,0.2459,0.2467,0.2474,0.2481,0.2489,0.2496,0.2504,0.2512,0.2519,0.2527,0.2527,0.2528,0.2529,0.2529,0.253,0.253,0.2531,0.2531,0.2532,0.2532,0.2533,0.2533,0.2534,0.2534,0.2535,0.2535,0.2536,0.2536,0.2537,0.2537,0.2538,0.2538,0.2539,0.2539,0.254,0.254,0.2541,0.2541,0.2542,0.2542,0.2543,0.2543,0.2544,0.2545,0.2546,0.2548,0.255,0.2552,0.2553,0.2555,0.2557,0.2558,0.256,0.2562,0.2564,0.2565,0.2567,0.2569,0.2571,0.2572,0.2574,0.2576,0.2578,0.2579,0.2581,0.2583,0.2585,0.2587,0.2588,0.259,0.2592,0.2594,0.2595,0.2597,0.2599,0.2601,0.2602
0.2109,0.2111,0.2112,0.2114,0.2115,0.2117,0.2119,0.212,0.2122,0.2123,0.2125,0.2127,0.2128,0.213,0.2131,0.2133,0.2135,0.2136,0.2138,0.2139,0.2141,0.2143,0.2144,0.2146,0.2147,0.2149,0.2151,0.2152,0.2154,0.2156,0.2157,0.2159,0.216,0.2162,0.2164,0.2165,0.2167,0.2169,0.217,0.2172,0.2174,0.2175,0.2177,0.2179,0.218,0.2182,0.2184,0.2185,0.2187,0.2189,0.219,0.2192,0.2194,0.2195,0.2197,0.2199,0.2201,0.2202,0.2204,0.2206,0.2207,0.2209,0.2211,0.2213,0.2214,0.2216,0.2218,0.2219,0.2221,0.2223,0.2225,0.2226,0.2228,0.223,0.2232,0.2233,0.2235,0.2237,0.2239,0.224,0.2242,0.2244,0.2246,0.2247,0.2249,0.2251,0.2253,0.2255,0.2256,0.2258,0.226,0.2262,0.2264,0.2265,0.2267,0.2269,0.2271,0.2273,0.2274,0.2276,0.2278,0.228,0.2282,0.2284,0.2285,0.2287,0.2289,0.2291,0.2293,0.2295,0.2296,0.2298,0.23,0.2302,0.2304,0.2306,0.2308,0.2309,0.2311,0.2313,0.2315,0.2317,0.2319,0.2321,0.2323,0.2325,0.2326,0.2328,0.233,0.2332,0.2334,0.2336,0.2338,0.234,0.2342,0.2344,0.2346,0.2348,0.2349,0.2351,0.2353,0.2355,0.2357,0.2359,0.2361,0.2363,0.2365,0.2367,0.2369,0.2371,0.2373,0.2375,0.2377,0.2379,0.2381,0.2383,0.2385,0.2387,0.2389,0.2391,0.2393,0.2395,0.2397,0.2399,0.2401,0.2403,0.2405,0.2407,0.2409,0.2411,0.2413,0.2415,0.2417,0.2423,0.243,0.2437,0.2444,0.2451,0.2459,0.2466,0.2473,0.2481,0.2488,0.2496,0.2503,0.2511,0.2518,0.2526,0.253,0.2531,0.2531,0.2532,0.2533,0.2533,0.2534,0.2534,0.2535,0.2535,0.2536,0.2536,0.2537,0.2537,0.2538,0.2538,0.2539,0.2539,0.254,0.254,0.2541,0.2541,0.2542,0.2542,0.2543,0.2543,0.2544,0.2544,0.2545,0.2545,0.2546,0.2546,0.2547,0.2547,0.2548,0.255,0.2551,0.2553,0.2555,0.2557,0.2558,0.256,0.2562,0.2564,0.2565,0.2567,0.2569,0.2571,0.2572,0.2574,0.2576,0.2578,0.2579,0.2581,0.2583,0.2585,0.2586,0.2588,0.259,0.2592,0.2593,0.2595,0.2597,0.2599,0.2601,0.2602,0.2604,0.2606
0.2115,0.2116,0.2118,0.2119,0.2121,0.2122,0.2124,0.2126,0.2127,0.2129,0.213,0.2132,0.2134,0.2135,0.2137,0.2138,0.214,0.2142,0.2143,0.2145,0.2146,0.2148,0.215,0.2151,0.2153,0.2155,0.2156,0.2158,0.2159,0.2161,0.2163,0.2164,0.2166,0.2168,0.2169,0.2171,0.2173,0.2174,0.2176,0.2178,0.2179,0.2181,0.2183,0.2184,0.2186,0.2188,0.2189,0.2191,0.2193,0.2194,0.2196,0.2198,0.2199,0.2201,0.2203,0.2205,0.2206,0.2208,0.221,0.2211,0.2213,0.2215,0.2217,0.2218,0.222,0.2222,0.2224,0.2225,0.2227,0.2229,0.223,0.2232,0.2234,0.2236,0.2238,0.2239,0.2241,0.2243,0.2245,0.2246,0.2248,0.225,0.2252,0.2253,0.2255,0.2257,0.2259,0.2261,0.2262,0.2264,0.2266,0.2268,0.227,0.2271,0.2273,0.2275,0.2277,0.2279,0.2281,0.2282,0.2284,0.2286,0.2288,0.229,0.2292,0.2293,0.2295,0.2297,0.2299,0.2301,0.2303,0.2305,0.2306,0.2308,0.231,0.2312,0.2314,0.2316,0.2318,0.232,0.2321,0.2323,0.2325,0.2327,0.2329,0.2331,0.2333,0.2335,0.2337,0.2339,0.2341,0.2342,0.2344,0.2346,0.2348,0.235,0.2352,0.2354,0.2356,0.2358,0.236,0.2362,0.2364,0.2366,0.2368,0.237,0.2372,0.2374,0.2376,0.2378,0.238,0.2382,0.2384,0.2386,0.2388,0.239,0.2392,0.2394,0.2396,0.2398,0.24,0.2402,0.2404,0.2406,0.2408,0.241,0.2412,0.2414,0.2416,0.2418,0.242,0.2422,0.2424,0.2429,0.2436,0.2443,0.2451,0.2458,0.2465,0.2473,0.248,0.2487,0.2495,0.2503,0.251,0.2518,0.2525,0.2532,0.2533,0.2534,0.2534,0.2535,0.2536,0.2536,0.2537,0.2538,0.2538,0.2539,0.2539,0.254,0.254,0.2541,0.2541,0.2542,0.2542,0.2543,0.2543,0.2544,0.2544,0.2545,0.2545,0.2546,0.2546,0.2547,0.2547,0.2548,0.2548,0.2549,0.2549,0.255,0.255,0.2551,0.2551,0.2553,0.2555,0.2556,0.2558,0.256,0.2562,0.2563,0.2565,0.2567,0.2569,0.257,0.2572,0.2574,0.2576,0.2577,0.2579,0.2581,0.2583,0.2584,0.2586,0.2588,0.259,0.2592,0.2593,0.2595,0.2597,0.2599,0.26,0.2602,0.2604,0.2606,0.2608,0.2609
0.2120,0.2121,0.2123,0.2125,0.2126,0.2128,0.2129,0.2131,0.2133,0.2134,0.2136,0.2137,0.2139,0.2141,0.2142,0.2144,0.2145,0.2147,0.2149,0.215,0.2152,0.2154,0.2155,0.2157,0.2158,0.216,0.2162,0.2163,0.2165,0.2167,0.2168,0.217,0.2172,0.2173,0.2175,0.2177,0.2178,0.218,0.2182,0.2183,0.2185,0.2187,0.2188,0.219,0.2192,0.2193,0.2195,0.2197,0.2198,0.22,0.2202,0.2204,0.2205,0.2207,0.2209,0.221,0.2212,0.2214,0.2216,0.2217,0.2219,0.2221,0.2222,0.2224,0.2226,0.2228,0.2229,0.2231,0.2233,0.2235,0.2236,0.2238,0.224,0.2242,0.2243,0.2245,0.2247,0.2249,0.2251,0.2252,0.2254,0.2256,0.2258,0.2259,0.2261,0.2263,0.2265,0.2267,0.2268,0.227,0.2272,0.2274,0.2276,0.2278,0.2279,0.2281,0.2283,0.2285,0.2287,0.2289,0.229,0.2292,0.2294,0.2296,0.2298,0.23,0.2302,0.2303,0.2305,0.2307,0.2309,0.2311,0.2313,0.2315,0.2316,0.2318,0.232,0.2322,0.2324,0.2326,0.2328,0.233,0.2332,0.2334,0.2336,0.2337,0.2339,0.2341,0.2343,0.2345,0.2347,0.2349,0.2351,0.2353,0.2355,0.2357,0.2359,0.2361,0.2363,0.2365,0.2367,0.2369,0.2371,0.2372,0.2374,0.2376,0.2378,0.238,0.2382,0.2384,0.2386,0.2388,0.239,0.2392,0.2394,0.2396,0.2398,0.2401,0.2403,0.2405,0.2407,0.2409,0.2411,0.2413,0.2415,0.2417,0.2419,0.2421,0.2423,0.2425,0.2427,0.2429,0.2431,0.2435,0.2443,0.245,0.2457,0.2465,0.2472,0.2479,0.2487,0.2494,0.2502,0.2509,0.2517,0.2525,0.2532,0.2535,0.2536,0.2537,0.2537,0.2538,0.2539,0.2539,0.254,0.2541,0.2541,0.2542,0.2543,0.2543,0.2544,0.2544,0.2545,0.2545,0.2546,0.2546,0.2547,0.2547,0.2548,0.2548,0.2549,0.2549,0.255,0.255,0.2551,0.2551,0.2552,0.2552,0.2553,0.2553,0.2554,0.2554,0.2555,0.2556,0.2558,0.256,0.2562,0.2563,0.2565,0.2567,0.2568,0.257,0.2572,0.2574,0.2575,0.2577,0.2579,0.2581,0.2583,0.2584,0.2586,0.2588,0.259,0.2591,0.2593,0.2595,0.2597,0.2599,0.26,0.2602,0.2604,0.2606,0.2607,0.2609,0.2611,0.2613
0.2125,0.2127,0.2128,0.213,0.2132,0.2133,0.2135,0.2136,0.2138,0.214,0.2141,0.2143,0.2144,0.2146,0.2148,0.2149,0.2151,0.2152,0.2154,0.2156,0.2157,0.2159,0.2161,0.2162,0.2164,0.2166,0.2167,0.2169,0.2171,0.2172,0.2174,0.2176,0.2177,0.2179,0.2181,0.2182,0.2184,0.2186,0.2187,0.2189,0.2191,0.2192,0.2194,0.2196,0.2197,0.2199,0.2201,0.2202,0.2204,0.2206,0.2208,0.2209,0.2211,0.2213,0.2214,0.2216,0.2218,0.222,0.2221,0.2223,0.2225,0.2227,0.2228,0.223,0.2232,0.2234,0.2235,0.2237,0.2239,0.2241,0.2242,0.2244,0.2246,0.2248,0.2249,0.2251,0.2253,0.2255,0.2257,0.2258,0.226,0.2262,0.2264,0.2266,0.2267,0.2269,0.2271,0.2273,0.2275,0.2276,0.2278,0.228,0.2282,0.2284,0.2286,0.2287,0.2289,0.2291,0.2293,0.2295,0.2297,0.2298,0.23,0.2302,0.2304,0.2306,0.2308,0.231,0.2312,0.2313,0.2315,0.2317,0.2319,0.2321,0.2323,0.2325,0.2327,0.2329,0.233,0.2332,0.2334,0.2336,0.2338,0.234,0.2342,0.2344,0.2346,0.2348,0.235,0.2352,0.2354,0.2356,0.2358,0.2359,0.2361,0.2363,0.2365,0.2367,0.2369,0.2371,0.2373,0.2375,0.2377,0.2379,0.2381,0.2383,0.2385,0.2387,0.2389,0.2391,0.2393,0.2395,0.2397,0.2399,0.2401,0.2403,0.2405,0.2407,0.2409,0.2411,0.2413,0.2416,0.2418,0.242,0.2422,0.2424,0.2426,0.2428,0.243,0.2432,0.2434,0.2436,0.2438,0.2442,0.2449,0.2457,0.2464,0.2471,0.2479,0.2486,0.2494,0.2501,0.2509,0.2516,0.2524,0.2532,0.2538,0.2539,0.2539,0.254,0.2541,0.2541,0.2542,0.2543,0.2543,0.2544,0.2545,0.2545,0.2546,0.2547,0.2547,0.2548,0.2548,0.2549,0.2549,0.255,0.255,0.2551,0.2551,0.2552,0.2552,0.2553,0.2553,0.2554,0.2554,0.2555,0.2555,0.2556,0.2556,0.2557,0.2557,0.2558,0.2558,0.256,0.2561,0.2563,0.2565,0.2567,0.2568,0.257,0.2572,0.2574,0.2575,0.2577,0.2579,0.2581,0.2582,0.2584,0.2586,0.2588,0.2589,0.2591,0.2593,0.2595,0.2597,0.2598,0.26,0.2602,0.2604,0.2606,0.2607,0.2609,0.2611,0.2613,0.2615,0.2616
0.2131,0.2132,0.2134,0.2135,0.2137,0.2139,0.214,0.2142,0.2143,0.2145,0.2147,0.2148,0.215,0.2151,0.2153,0.2155,0.2156,0.2158,0.216,0.2161,0.2163,0.2165,0.2166,0.2168,0.217,0.2171,0.2173,0.2174,0.2176,0.2178,0.2179,0.2181,0.2183,0.2185,0.2186,0.2188,0.219,0.2191,0.2193,0.2195,0.2196,0.2198,0.22,0.2201,0.2203,0.2205,0.2207,0.2208,0.221,0.2212,0.2213,0.2215,0.2217,0.2219,0.222,0.2222,0.2224,0.2225,0.2227,0.2229,0.2231,0.2232,0.2234,0.2236,0.2238,0.224,0.2241,0.2243,0.2245,0.2247,0.2248,0.225,0.2252,0.2254,0.2255,0.2257,0.2259,0.2261,0.2263,0.2264,0.2266,0.2268,0.227,0.2272,0.2273,0.2275,0.2277,0.2279,0.2281,0.2283,0.2284,0.2286,0.2288,0.229,0.2292,0.2294,0.2295,0.2297,0.2299,0.2301,0.2303,0.2305,0.2307,0.2309,0.231,0.2312,0.2314,0.2316,0.2318,0.232,0.2322,0.2324,0.2325,0.2327,0.2329,0.2331,0.2333,0.2335,0.2337,0.2339,0.2341,0.2343,0.2345,0.2347,0.2349,0.235,0.2352,0.2354,0.2356,0.2358,0.236,0.2362,0.2364,0.2366,0.2368,0.237,0.2372,0.2374,0.2376,0.2378,0.238,0.2382,0.2384,0.2386,0.2388,0.239,0.2392,0.2394,0.2396,0.2398,0.24,0.2402,0.2404,0.2406,0.2408,0.241,0.2412,0.2414,0.2416,0.2418,0.242,0.2422,0.2425,0.2427,0.2429,0.2431,0.2433,0.2435,0.2437,0.2439,0.2441,0.2443,0.2445,0.2449,0.2456,0.2463,0.247,0.2478,0.2485,0.2493,0.25,0.2508,0.2516,0.2523,0.2531,0.2539,0.2541,0.2542,0.2542,0.2543,0.2544,0.2544,0.2545,0.2546,0.2546,0.2547,0.2548,0.2548,0.2549,0.255,0.255,0.2551,0.2552,0.2552,0.2553,0.2553,0.2554,0.2554,0.2555,0.2555,0.2556,0.2556,0.2557,0.2557,0.2558,0.2558,0.2559,0.2559,0.256,0.256,0.2561,0.2561,0.2562,0.2563,0.2565,0.2566,0.2568,0.257,0.2572,0.2573,0.2575,0.2577,0.2579,0.258,0.2582,0.2584,0.2586,0.2588,0.2589,0.2591,0.2593,0.2595,0.2596,0.2598,0.26,0.2602,0.2604,0.2605,0.2607,0.2609,0.2611,0.2613,0.2614,0.2616,0.2618,0.262
0.2136,0.2138,0.2139,0.2141,0.2142,0.2144,0.2146,0.2147,0.2149,0.215,0.2152,0.2154,0.2155,0.2157,0.2159,0.216,0.2162,0.2164,0.2165,0.2167,0.2168,0.217,0.2172,0.2173,0.2175,0.2177,0.2178,0.218,0.2182,0.2183,0.2185,0.2187,0.2188,0.219,0.2192,0.2194,0.2195,0.2197,0.2199,0.22,0.2202,0.2204,0.2205,0.2207,0.2209,0.2211,0.2212,0.2214,0.2216,0.2217,0.2219,0.2221,0.2223,0.2224,0.2226,0.2228,0.223,0.2231,0.2233,0.2235,0.2237,0.2238,0.224,0.2242,0.2244,0.2245,0.2247,0.2249,0.2251,0.2253,0.2254,0.2256,0.2258,0.226,0.2262,0.2263,0.2265,0.2267,0.2269,0.2271,0.2272,0.2274,0.2276,0.2278,0.228,0.2281,0.2283,0.2285,0.2287,0.2289,0.2291,0.2292,0.2294,0.2296,0.2298,0.23,0.2302,0.2304,0.2305,0.2307,0.2309,0.2311,0.2313,0.2315,0.2317,0.2319,0.2321,0.2322,0.2324,0.2326,0.2328,0.233,0.2332,0.2334,0.2336,0.2338,0.234,0.2342,0.2343,0.2345,0.2347,0.2349,0.2351,0.2353,0.2355,0.2357,0.2359,0.2361,0.2363,0.2365,0.2367,0.2369,0.2371,0.2373,0.2375,0.2377,0.2379,0.2381,0.2383,0.2385,0.2387,0.2389,0.2391,0.2393,0.2395,0.2397,0.2399,0.2401,0.2403,0.2405,0.2407,0.2409,0.2411,0.2413,0.2415,0.2417,0.2419,0.2421,0.2423,0.2425,0.2427,0.2429,0.2432,0.2434,0.2436,0.2438,0.244,0.2442,0.2444,0.2446,0.2448,0.245,0.2452,0.2455,0.2462,0.247,0.2477,0.2485,0.2492,0.25,0.2507,0.2515,0.2523,0.253,0.2538,0.2544,0.2544,0.2545,0.2546,0.2546,0.2547,0.2548,0.2548,0.2549,0.255,0.255,0.2551,0.2552,0.2552,0.2553,0.2554,0.2554,0.2555,0.2556,0.2556,0.2557,0.2557,0.2558,0.2558,0.2559,0.2559,0.256,0.256,0.2561,0.2561,0.2562,0.2562,0.2563,0.2563,0.2564,0.2564,0.2565,0.2565,0.2566,0.2568,0.257,0.2572,0.2573,0.2575,0.2577,0.2579,0.258,0.2582,0.2584,0.2586,0.2587,0.2589,0.2591,0.2593,0.2594,0.2596,0.2598,0.26,0.2602,0.2603,0.2605,0.2607,0.2609,0.2611,0.2612,0.2614,0.2616,0.2618,0.262,0.2621,0.2623
0.2141,0.2143,0.2145,0.2146,0.2148,0.2149,0.2151,0.2153,0.2154,0.2156,0.2158,0.2159,0.2161,0.2163,0.2164,0.2166,0.2167,0.2169,0.2171,0.2172,0.2174,0.2176,0.2177,0.2179,0.2181,0.2182,0.2184,0.2186,0.2187,0.2189,0.2191,0.2193,0.2194,0.2196,0.2198,0.2199,0.2201,0.2203,0.2204,0.2206,0.2208,0.221,0.2211,0.2213,0.2215,0.2216,0.2218,0.222,0.2222,0.2223,0.2225,0.2227,0.2229,0.223,0.2232,0.2234,0.2236,0.2237,0.2239,0.2241,0.2243,0.2244,0.2246,0.2248,0.225,0.2251,0.2253,0.2255,0.2257,0.2259,0.226,0.2262,0.2264,0.2266,0.2268,0.2269,0.2271,0.2273,0.2275,0.2277,0.2279,0.228,0.2282,0.2284,0.2286,0.2288,0.2289,0.2291,0.2293,0.2295,0.2297,0.2299,0.2301,0.2302,0.2304,0.2306,0.2308,0.231,0.2312,0.2314,0.2316,0.2317,0.2319,0.2321,0.2323,0.2325,0.2327,0.2329,0.2331,0.2333,0.2335,0.2336,0.2338,0.234,0.2342,0.2344,0.2346,0.2348,0.235,0.2352,0.2354,0.2356,0.2358,0.236,0.2362,0.2364,0.2366,0.2368,0.237,0.2372,0.2374,0.2375,0.2377,0.2379,0.2381,0.2383,0.2385,0.2387,0.2389,0.2391,0.2393,0.2395,0.2397,0.24,0.2402,0.2404,0.2406,0.2408,0.241,0.2412,0.2414,0.2416,0.2418,0.242,0.2422,0.2424,0.2426,0.2428,0.243,0.2432,0.2434,0.2436,0.2439,0.2441,0.2443,0.2445,0.2447,0.2449,0.2451,0.2453,0.2455,0.2458,0.246,0.2462,0.2469,0.2477,0.2484,0.2491,0.2499,0.2507,0.2514,0.2522,0.253,0.2537,0.2545,0.2547,0.2547,0.2548,0.2549,0.2549,0.255,0.2551,0.2551,0.2552,0.2553,0.2553,0.2554,0.2555,0.2555,0.2556,0.2557,0.2557,0.2558,0.2559,0.2559,0.256,0.2561,0.2561,0.2562,0.2562,0.2563,0.2563,0.2564,0.2564,0.2565,0.2565,0.2566,0.2566,0.2567,0.2567,0.2568,0.2568,0.2569,0.257,0.2571,0.2573,0.2575,0.2577,0.2578,0.258,0.2582,0.2584,0.2585,0.2587,0.2589,0.2591,0.2593,0.2594,0.2596,0.2598,0.26,0.2601,0.2603,0.2605,0.2607,0.2609,0.261,0.2612,0.2614,0.2616,0.2618,0.262,0.2621,0.2623,0.2625,0.2627
0.2147,0.2148,0.215,0.2152,0.2153,0.2155,0.2157,0.2158,0.216,0.2161,0.2163,0.2165,0.2166,0.2168,0.217,0.2171,0.2173,0.2175,0.2176,0.2178,0.218,0.2181,0.2183,0.2185,0.2186,0.2188,0.219,0.2191,0.2193,0.2195,0.2197,0.2198,0.22,0.2202,0.2203,0.2205,0.2207,0.2208,0.221,0.2212,0.2214,0.2215,0.2217,0.2219,0.2221,0.2222,0.2224,0.2226,0.2227,0.2229,0.2231,0.2233,0.2234,0.2236,0.2238,0.224,0.2241,0.2243,0.2245,0.2247,0.2249,0.225,0.2252,0.2254,0.2256,0.2257,0.2259,0.2261,0.2263,0.2265,0.2266,0.2268,0.227,0.2272,0.2274,0.2276,0.2277,0.2279,0.2281,0.2283,0.2285,0.2287,0.2288,0.229,0.2292,0.2294,0.2296,0.2298,0.2299,0.2301,0.2303,0.2305,0.2307,0.2309,0.2311,0.2313,0.2314,0.2316,0.2318,0.232,0.2322,0.2324,0.2326,0.2328,0.233,0.2331,0.2333,0.2335,0.2337,0.2339,0.2341,0.2343,0.2345,0.2347,0.2349,0.2351,0.2353,0.2355,0.2357,0.2359,0.236,0.2362,0.2364,0.2366,0.2368,0.237,0.2372,0.2374,0.2376,0.2378,0.238,0.2382,0.2384,0.2386,0.2388,0.239,0.2392,0.2394,0.2396,0.2398,0.24,0.2402,0.2404,0.2406,0.2408,0.241,0.2412,0.2415,0.2417,0.2419,0.2421,0.2423,0.2425,0.2427,0.2429,0.2431,0.2433,0.2435,0.2437,0.2439,0.2441,0.2444,0.2446,0.2448,0.245,0.2452,0.2454,0.2456,0.2458,0.246,0.2463,0.2465,0.2467,0.2469,0.2476,0.2483,0.2491,0.2498,0.2506,0.2513,0.2521,0.2529,0.2537,0.2544,0.2549,0.255,0.2551,0.2551,0.2552,0.2553,0.2553,0.2554,0.2555,0.2555,0.2556,0.2557,0.2557,0.2558,0.2559,0.2559,0.256,0.2561,0.2561,0.2562,0.2563,0.2563,0.2564,0.2565,0.2565,0.2566,0.2566,0.2567,0.2567,0.2568,0.2568,0.2569,0.2569,0.257,0.257,0.2571,0.2571,0.2572,0.2572,0.2573,0.2575,0.2576,0.2578,0.258,0.2582,0.2584,0.2585,0.2587,0.2589,0.2591,0.2592,0.2594,0.2596,0.2598,0.26,0.2601,0.2603,0.2605,0.2607,0.2609,0.261,0.2612,0.2614,0.2616,0.2618,0.2619,0.2621,0.2623,0.2625,0.2627,0.2628,0.263
0.2152,0.2154,0.2156,0.2157,0.2159,0.216,0.2162,0.2164,0.2165,0.2167,0.2169,0.217,0.2172,0.2174,0.2175,0.2177,0.2179,0.218,0.2182,0.2184,0.2185,0.2187,0.2189,0.219,0.2192,0.2194,0.2195,0.2197,0.2199,0.2201,0.2202,0.2204,0.2206,0.2207,0.2209,0.2211,0.2213,0.2214,0.2216,0.2218,0.2219,0.2221,0.2223,0.2225,0.2226,0.2228,0.223,0.2232,0.2233,0.2235,0.2237,0.2239,0.224,0.2242,0.2244,0.2246,0.2247,0.2249,0.2251,0.2253,0.2255,0.2256,0.2258,0.226,0.2262,0.2264,0.2265,0.2267,0.2269,0.2271,0.2273,0.2274,0.2276,0.2278,0.228,0.2282,0.2284,0.2285,0.2287,0.2289,0.2291,0.2293,0.2295,0.2296,0.2298,0.23,0.2302,0.2304,0.2306,0.2308,0.2309,0.2311,0.2313,0.2315,0.2317,0.2319,0.2321,0.2323,0.2325,0.2326,0.2328,0.233,0.2332,0.2334,0.2336,0.2338,0.234,0.2342,0.2344,0.2346,0.2348,0.235,0.2351,0.2353,0.2355,0.2357,0.2359,0.2361,0.2363,0.2365,0.2367,0.2369,0.2371,0.2373,0.2375,0.2377,0.2379,0.2381,0.2383,0.2385,0.2387,0.2389,0.2391,0.2393,0.2395,0.2397,0.2399,0.2401,0.2403,0.2405,0.2407,0.2409,0.2411,0.2413,0.2415,0.2417,0.2419,0.2421,0.2424,0.2426,0.2428,0.243,0.2432,0.2434,0.2436,0.2438,0.244,0.2442,0.2444,0.2446,0.2449,0.2451,0.2453,0.2455,0.2457,0.2459,0.2461,0.2463,0.2466,0.2468,0.247,0.2472,0.2474,0.2476,0.2483,0.249,0.2498,0.2505,0.2513,0.252,0.2528,0.2536,0.2544,0.2552,0.2552,0.2553,0.2554,0.2554,0.2555,0.2556,0.2556,0.2557,0.2558,0.2558,0.2559,0.256,0.256,0.2561,0.2562,0.2562,0.2563,0.2564,0.2565,0.2565,0.2566,0.2567,0.2567,0.2568,0.2569,0.2569,0.257,0.257,0.2571,0.2571,0.2572,0.2572,0.2573,0.2573,0.2574,0.2574,0.2575,0.2575,0.2576,0.2576,0.2578,0.258,0.2582,0.2583,0.2585,0.2587,0.2589,0.259,0.2592,0.2594,0.2596,0.2598,0.2599,0.2601,0.2603,0.2605,0.2607,0.2608,0.261,0.2612,0.2614,0.2616,0.2617,0.2619,0.2621,0.2623,0.2625,0.2626,0.2628,0.263,0.2632,0.2634
0.2158,0.2159,0.2161,0.2163,0.2164,0.2166,0.2168,0.2169,0.2171,0.2173,0.2174,0.2176,0.2178,0.2179,0.2181,0.2183,0.2184,0.2186,0.2188,0.2189,0.2191,0.2193,0.2194,0.2196,0.2198,0.22,0.2201,0.2203,0.2205,0.2206,0.2208,0.221,0.2211,0.2213,0.2215,0.2217,0.2218,0.222,0.2222,0.2224,0.2225,0.2227,0.2229,0.2231,0.2232,0.2234,0.2236,0.2238,0.2239,0.2241,0.2243,0.2245,0.2246,0.2248,0.225,0.2252,0.2253,0.2255,0.2257,0.2259,0.2261,0.2262,0.2264,0.2266,0.2268,0.227,0.2271,0.2273,0.2275,0.2277,0.2279,0.2281,0.2282,0.2284,0.2286,0.2288,0.229,0.2292,0.2293,0.2295,0.2297,0.2299,0.2301,0.2303,0.2305,0.2306,0.2308,0.231,0.2312,0.2314,0.2316,0.2318,0.232,0.2321,0.2323,0.2325,0.2327,0.2329,0.2331,0.2333,0.2335,0.2337,0.2339,0.2341,0.2343,0.2344,0.2346,0.2348,0.235,0.2352,0.2354,0.2356,0.2358,0.236,0.2362,0.2364,0.2366,0.2368,0.237,0.2372,0.2374,0.2376,0.2378,0.238,0.2382,0.2384,0.2386,0.2388,0.239,0.2392,0.2394,0.2396,0.2398,0.24,0.2402,0.2404,0.2406,0.2408,0.241,0.2412,0.2414,0.2416,0.2418,0.242,0.2422,0.2424,0.2426,0.2428,0.2431,0.2433,0.2435,0.2437,0.2439,0.2441,0.2443,0.2445,0.2447,0.2449,0.2451,0.2454,0.2456,0.2458,0.246,0.2462,0.2464,0.2466,0.2468,0.2471,0.2473,0.2475,0.2477,0.2479,0.2481,0.2484,0.2489,0.2497,0.2504,0.2512,0.252,0.2527,0.2535,0.2543,0.2551,0.2555,0.2556,0.2556,0.2557,0.2558,0.2558,0.2559,0.256,0.256,0.2561,0.2562,0.2562,0.2563,0.2564,0.2564,0.2565,0.2566,0.2566,0.2567,0.2568,0.2568,0.2569,0.257,0.257,0.2571,0.2572,0.2573,0.2573,0.2574,0.2574,0.2575,0.2575,0.2576,0.2576,0.2577,0.2577,0.2578,0.2578,0.2579,0.2579,0.258,0.2581,0.2583,0.2585,0.2587,0.2589,0.259,0.2592,0.2594,0.2596,0.2597,0.2599,0.2601,0.2603,0.2605,0.2606,0.2608,0.261,0.2612,0.2614,0.2615,0.2617,0.2619,0.2621,0.2623,0.2624,0.2626,0.2628,0.263,0.2632,0.2634,0.2635,0.2637
0.2163,0.2165,0.2167,0.2168,0.217,0.2172,0.2173,0.2175,0.2177,0.2178,0.218,0.2182,0.2183,0.2185,0.2187,0.2188,0.219,0.2192,0.2193,0.2195,0.2197,0.2198,0.22,0.2202,0.2204,0.2205,0.2207,0.2209,0.221,0.2212,0.2214,0.2216,0.2217,0.2219,0.2221,0.2222,0.2224,0.2226,0.2228,0.2229,0.2231,0.2233,0.2235,0.2236,0.2238,0.224,0.2242,0.2243,0.2245,0.2247,0.2249,0.2251,0.2252,0.2254,0.2256,0.2258,0.226,0.2261,0.2263,0.2265,0.2267,0.2269,0.227,0.2272,0.2274,0.2276,0.2278,0.2279,0.2281,0.2283,0.2285,0.2287,0.2289,0.229,0.2292,0.2294,0.2296,0.2298,0.23,0.2302,0.2303,0.2305,0.2307,0.2309,0.2311,0.2313,0.2315,0.2317,0.2318,0.232,0.2322,0.2324,0.2326,0.2328,0.233,0.2332,0.2334,0.2336,0.2337,0.2339,0.2341,0.2343,0.2345,0.2347,0.2349,0.2351,0.2353,0.2355,0.2357,0.2359,0.2361,0.2363,0.2365,0.2367,0.2369,0.2371,0.2373,0.2375,0.2376,0.2378,0.238,0.2382,0.2384,0.2386,0.2388,0.239,0.2392,0.2394,0.2397,0.2399,0.2401,0.2403,0.2405,0.2407,0.2409,0.2411,0.2413,0.2415,0.2417,0.2419,0.2421,0.2423,0.2425,0.2427,0.2429,0.2431,0.2433,0.2435,0.2438,0.244,0.2442,0.2444,0.2446,0.2448,0.245,0.2452,0.2454,0.2456,0.2459,0.2461,0.2463,0.2465,0.2467,0.2469,0.2471,0.2474,0.2476,0.2478,0.248,0.2482,0.2484,0.2487,0.2489,0.2491,0.2496,0.2504,0.2511,0.2519,0.2527,0.2534,0.2542,0.255,0.2557,0.2558,0.2559,0.2559,0.256,0.2561,0.2561,0.2562,0.2563,0.2563,0.2564,0.2565,0.2565,0.2566,0.2567,0.2568,0.2568,0.2569,0.257,0.257,0.2571,0.2572,0.2572,0.2573,0.2574,0.2574,0.2575,0.2576,0.2576,0.2577,0.2578,0.2578,0.2579,0.2579,0.258,0.258,0.2581,0.2581,0.2582,0.2582,0.2583,0.2584,0.2585,0.2587,0.2588,0.259,0.2592,0.2594,0.2595,0.2597,0.2599,0.2601,0.2603,0.2604,0.2606,0.2608,0.261,0.2612,0.2613,0.2615,0.2617,0.2619,0.2621,0.2623,0.2624,0.2626,0.2628,0.263,0.2632,0.2633,0.2635,0.2637,0.2639,0.2641
0.2169,0.2171,0.2172,0.2174,0.2176,0.2177,0.2179,0.2181,0.2182,0.2184,0.2186,0.2187,0.2189,0.2191,0.2192,0.2194,0.2196,0.2197,0.2199,0.2201,0.2202,0.2204,0.2206,0.2208,0.2209,0.2211,0.2213,0.2214,0.2216,0.2218,0.222,0.2221,0.2223,0.2225,0.2227,0.2228,0.223,0.2232,0.2234,0.2235,0.2237,0.2239,0.2241,0.2242,0.2244,0.2246,0.2248,0.2249,0.2251,0.2253,0.2255,0.2257,0.2258,0.226,0.2262,0.2264,0.2266,0.2267,0.2269,0.2271,0.2273,0.2275,0.2276,0.2278,0.228,0.2282,0.2284,0.2286,0.2287,0.2289,0.2291,0.2293,0.2295,0.2297,0.2299,0.23,0.2302,0.2304,0.2306,0.2308,0.231,0.2312,0.2313,0.2315,0.2317,0.2319,0.2321,0.2323,0.2325,0.2327,0.2329,0.2331,0.2332,0.2334,0.2336,0.2338,0.234,0.2342,0.2344,0.2346,0.2348,0.235,0.2352,0.2354,0.2356,0.2358,0.236,0.2361,0.2363,0.2365,0.2367,0.2369,0.2371,0.2373,0.2375,0.2377,0.2379,0.2381,0.2383,0.2385,0.2387,0.2389,0.2391,0.2393,0.2395,0.2397,0.2399,0.2401,0.2403,0.2405,0.2407,0.2409,0.2411,0.2414,0.2416,0.2418,0.242,0.2422,0.2424,0.2426,0.2428,0.243,0.2432,0.2434,0.2436,0.2438,0.244,0.2443,0.2445,0.2447,0.2449,0.2451,0.2453,0.2455,0.2457,0.2459,0.2462,0.2464,0.2466,0.2468,0.247,0.2472,0.2474,0.2477,0.2479,0.2481,0.2483,0.2485,0.2487,0.249,0.2492,0.2494,0.2496,0.2498,0.2503,0.2511,0.2518,0.2526,0.2534,0.2541,0.2549,0.2557,0.2561,0.2561,0.2562,0.2563,0.2563,0.2564,0.2565,0.2565,0.2566,0.2567,0.2567,0.2568,0.2569,0.2569,0.257,0.2571,0.2571,0.2572,0.2573,0.2573,0.2574,0.2575,0.2576,0.2576,0.2577,0.2578,0.2578,0.2579,0.258,0.258,0.2581,0.2582,0.2582,0.2583,0.2583,0.2584,0.2584,0.2585,0.2586,0.2586,0.2587,0.2587,0.2588,0.259,0.2592,0.2594,0.2595,0.2597,0.2599,0.2601,0.2602,0.2604,0.2606,0.2608,0.261,0.2611,0.2613,0.2615,0.2617,0.2619,0.2621,0.2622,0.2624,0.2626,0.2628,0.263,0.2631,0.2633,0.2635,0.2637,0.2639,0.2641,0.2643,0.2644
0.2175,0.2176,0.2178,0.218,0.2181,0.2183,0.2185,0.2186,0.2188,0.219,0.2191,0.2193,0.2195,0.2196,0.2198,0.22,0.2201,0.2203,0.2205,0.2207,0.2208,0.221,0.2212,0.2213,0.2215,0.2217,0.2219,0.222,0.2222,0.2224,0.2226,0.2227,0.2229,0.2231,0.2233,0.2234,0.2236,0.2238,0.224,0.2241,0.2243,0.2245,0.2247,0.2248,0.225,0.2252,0.2254,0.2256,0.2257,0.2259,0.2261,0.2263,0.2264,0.2266,0.2268,0.227,0.2272,0.2274,0.2275,0.2277,0.2279,0.2281,0.2283,0.2284,0.2286,0.2288,0.229,0.2292,0.2294,0.2296,0.2297,0.2299,0.2301,0.2303,0.2305,0.2307,0.2309,0.231,0.2312,0.2314,0.2316,0.2318,0.232,0.2322,0.2324,0.2326,0.2327,0.2329,0.2331,0.2333,0.2335,0.2337,0.2339,0.2341,0.2343,0.2345,0.2347,0.2349,0.235,0.2352,0.2354,0.2356,0.2358,0.236,0.2362,0.2364,0.2366,0.2368,0.237,0.2372,0.2374,0.2376,0.2378,0.238,0.2382,0.2384,0.2386,0.2388,0.239,0.2392,0.2394,0.2396,0.2398,0.24,0.2402,0.2404,0.2406,0.2408,0.241,0.2412,0.2414,0.2416,0.2418,0.242,0.2423,0.2425,0.2427,0.2429,0.2431,0.2433,0.2435,0.2437,0.2439,0.2441,0.2443,0.2445,0.2448,0.245,0.2452,0.2454,0.2456,0.2458,0.246,0.2462,0.2464,0.2467,0.2469,0.2471,0.2473,0.2475,0.2477,0.2479,0.2482,0.2484,0.2486,0.2488,0.249,0.2493,0.2495,0.2497,0.2499,0.2501,0.2503,0.2506,0.251,0.2518,0.2525,0.2533,0.2541,0.2549,0.2556,0.2563,0.2564,0.2564,0.2565,0.2566,0.2566,0.2567,0.2568,0.2568,0.2569,0.257,0.2571,0.2571,0.2572,0.2573,0.2573,0.2574,0.2575,0.2575,0.2576,0.2577,0.2577,0.2578,0.2579,0.2579,0.258,0.2581,0.2582,0.2582,0.2583,0.2584,0.2584,0.2585,0.2586,0.2586,0.2587,0.2588,0.2588,0.2589,0.2589,0.259,0.259,0.2591,0.2592,0.2593,0.2595,0.2597,0.2599,0.2601,0.2602,0.2604,0.2606,0.2608,0.261,0.2611,0.2613,0.2615,0.2617,0.2619,0.262,0.2622,0.2624,0.2626,0.2628,0.263,0.2631,0.2633,0.2635,0.2637,0.2639,0.2641,0.2642,0.2644,0.2646,0.2648
0.2179,0.2181,0.2182,0.2184,0.2186,0.2188,0.219,0.2191,0.2193,0.2195,0.2197,0.2198,0.22,0.2202,0.2204,0.2205,0.2207,0.2209,0.2211,0.2212,0.2214,0.2216,0.2218,0.2219,0.2221,0.2223,0.2224,0.2226,0.2228,0.223,0.2231,0.2233,0.2235,0.2237,0.2238,0.224,0.2242,0.2244,0.2245,0.2247,0.2249,0.2251,0.2253,0.2254,0.2256,0.2258,0.226,0.2262,0.2263,0.2265,0.2267,0.2269,0.2271,0.2272,0.2274,0.2276,0.2278,0.228,0.2281,0.2283,0.2285,0.2287,0.2289,0.2291,0.2293,0.2294,0.2296,0.2298,0.23,0.2302,0.2304,0.2306,0.2307,0.2309,0.2311,0.2313,0.2315,0.2317,0.2319,0.2321,0.2322,0.2324,0.2326,0.2328,0.233,0.2332,0.2334,0.2336,0.2338,0.234,0.2342,0.2343,0.2345,0.2347,0.2349,0.2351,0.2353,0.2355,0.2357,0.2359,0.2361,0.2363,0.2365,0.2367,0.2369,0.2371,0.2373,0.2375,0.2377,0.2379,0.2381,0.2383,0.2385,0.2387,0.2389,0.2391,0.2393,0.2395,0.2397,0.2399,0.2401,0.2403,0.2405,0.2407,0.2409,0.2411,0.2413,0.2415,0.2417,0.2419,0.2421,0.2423,0.2425,0.2427,0.243,0.2432,0.2434,0.2436,0.2438,0.244,0.2442,0.2444,0.2446,0.2448,0.245,0.2453,0.2455,0.2457,0.2459,0.2461,0.2463,0.2465,0.2467,0.247,0.2472,0.2474,0.2476,0.2478,0.248,0.2482,0.2485,0.2487,0.2489,0.2491,0.2493,0.2496,0.2498,0.25,0.2502,0.2504,0.2507,0.2509,0.2511,0.2513,0.2517,0.2524,0.2532,0.254,0.2548,0.2556,0.2564,0.2566,0.2567,0.2568,0.2568,0.2569,0.257,0.257,0.2571,0.2572,0.2572,0.2573,0.2574,0.2574,0.2575,0.2576,0.2576,0.2577,0.2578,0.2579,0.2579,0.258,0.2581,0.2581,0.2582,0.2583,0.2583,0.2584,0.2585,0.2585,0.2586,0.2587,0.2588,0.2588,0.2589,0.259,0.259,0.2591,0.2592,0.2592,0.2593,0.2593,0.2594,0.2594,0.2595,0.2597,0.2599,0.26,0.2602,0.2604,0.2606,0.2608,0.2609,0.2611,0.2613,0.2615,0.2617,0.2618,0.262,0.2622,0.2624,0.2626,0.2628,0.2629,0.2631,0.2633,0.2635,0.2637,0.2639,0.264,0.2642,0.2644,0.2646,0.2648,0.265,0.2651
0.2183,0.2185,0.2187,0.2189,0.219,0.2192,0.2194,0.2196,0.2197,0.2199,0.2201,0.2203,0.2205,0.2206,0.2208,0.221,0.2212,0.2214,0.2215,0.2217,0.2219,0.2221,0.2223,0.2224,0.2226,0.2228,0.223,0.2232,0.2234,0.2235,0.2237,0.2239,0.2241,0.2243,0.2244,0.2246,0.2248,0.225,0.2251,0.2253,0.2255,0.2257,0.2259,0.226,0.2262,0.2264,0.2266,0.2268,0.2269,0.2271,0.2273,0.2275,0.2277,0.2279,0.228,0.2282,0.2284,0.2286,0.2288,0.229,0.2291,0.2293,0.2295,0.2297,0.2299,0.2301,0.2302,0.2304,0.2306,0.2308,0.231,0.2312,0.2314,0.2316,0.2317,0.2319,0.2321,0.2323,0.2325,0.2327,0.2329,0.2331,0.2333,0.2335,0.2337,0.2338,0.234,0.2342,0.2344,0.2346,0.2348,0.235,0.2352,0.2354,0.2356,0.2358,0.236,0.2362,0.2364,0.2366,0.2368,0.237,0.2372,0.2374,0.2376,0.2378,0.2379,0.2381,0.2383,0.2385,0.2387,0.2389,0.2391,0.2393,0.2396,0.2398,0.24,0.2402,0.2404,0.2406,0.2408,0.241,0.2412,0.2414,0.2416,0.2418,0.242,0.2422,0.2424,0.2426,0.2428,0.243,0.2432,0.2434,0.2437,0.2439,0.2441,0.2443,0.2445,0.2447,0.2449,0.2451,0.2453,0.2455,0.2458,0.246,0.2462,0.2464,0.2466,0.2468,0.247,0.2473,0.2475,0.2477,0.2479,0.2481,0.2483,0.2485,0.2488,0.249,0.2492,0.2494,0.2496,0.2499,0.2501,0.2503,0.2505,0.2507,0.251,0.2512,0.2514,0.2516,0.2518,0.2521,0.2524,0.2531,0.2539,0.2547,0.2555,0.2563,0.2569,0.2569,0.257,0.2571,0.2571,0.2572,0.2573,0.2574,0.2574,0.2575,0.2576,0.2576,0.2577,0.2578,0.2578,0.2579,0.258,0.258,0.2581,0.2582,0.2582,0.2583,0.2584,0.2585,0.2585,0.2586,0.2587,0.2587,0.2588,0.2589,0.2589,0.259,0.2591,0.2591,0.2592,0.2593,0.2594,0.2594,0.2595,0.2596,0.2596,0.2597,0.2597,0.2598,0.2598,0.26,0.2602,0.2604,0.2606,0.2607,0.2609,0.2611,0.2613,0.2615,0.2616,0.2618,0.262,0.2622,0.2624,0.2626,0.2627,0.2629,0.2631,0.2633,0.2635,0.2637,0.2638,0.264,0.2642,0.2644,0.2646,0.2648,0.2649,0.2651,0.2653,0.2655
0.2188,0.2189,0.2191,0.2193,0.2195,0.2196,0.2198,0.22,0.2202,0.2204,0.2205,0.2207,0.2209,0.2211,0.2213,0.2214,0.2216,0.2218,0.222,0.2222,0.2223,0.2225,0.2227,0.2229,0.2231,0.2233,0.2234,0.2236,0.2238,0.224,0.2242,0.2244,0.2246,0.2247,0.2249,0.2251,0.2253,0.2255,0.2257,0.2259,0.2261,0.2262,0.2264,0.2266,0.2268,0.227,0.2272,0.2274,0.2276,0.2277,0.2279,0.2281,0.2283,0.2285,0.2287,0.2288,0.229,0.2292,0.2294,0.2296,0.2298,0.2299,0.2301,0.2303,0.2305,0.2307,0.2309,0.2311,0.2313,0.2314,0.2316,0.2318,0.232,0.2322,0.2324,0.2326,0.2328,0.233,0.2331,0.2333,0.2335,0.2337,0.2339,0.2341,0.2343,0.2345,0.2347,0.2349,0.2351,0.2353,0.2355,0.2357,0.2359,0.2361,0.2362,0.2364,0.2366,0.2368,0.237,0.2372,0.2374,0.2376,0.2378,0.238,0.2382,0.2384,0.2386,0.2388,0.239,0.2392,0.2394,0.2396,0.2398,0.24,0.2402,0.2404,0.2406,0.2408,0.241,0.2413,0.2415,0.2417,0.2419,0.2421,0.2423,0.2425,0.2427,0.2429,0.2431,0.2433,0.2435,0.2437,0.2439,0.2441,0.2444,0.2446,0.2448,0.245,0.2452,0.2454,0.2456,0.2458,0.246,0.2463,0.2465,0.2467,0.2469,0.2471,0.2473,0.2475,0.2478,0.248,0.2482,0.2484,0.2486,0.2488,0.2491,0.2493,0.2495,0.2497,0.2499,0.2502,0.2504,0.2506,0.2508,0.251,0.2513,0.2515,0.2517,0.2519,0.2522,0.2524,0.2526,0.2528,0.2531,0.2539,0.2546,0.2554,0.2562,0.257,0.2572,0.2573,0.2573,0.2574,0.2575,0.2575,0.2576,0.2577,0.2577,0.2578,0.2579,0.258,0.258,0.2581,0.2582,0.2582,0.2583,0.2584,0.2584,0.2585,0.2586,0.2586,0.2587,0.2588,0.2588,0.2589,0.259,0.2591,0.2591,0.2592,0.2593,0.2593,0.2594,0.2595,0.2595,0.2596,0.2597,0.2598,0.2598,0.2599,0.26,0.26,0.2601,0.2601,0.2602,0.2604,0.2605,0.2607,0.2609,0.2611,0.2613,0.2614,0.2616,0.2618,0.262,0.2622,0.2624,0.2625,0.2627,0.2629,0.2631,0.2633,0.2635,0.2636,0.2638,0.264,0.2642,0.2644,0.2646,0.2647,0.2649,0.2651,0.2653,0.2655,0.2657,0.2659
0.2192,0.2194,0.2195,0.2197,0.2199,0.2201,0.2203,0.2204,0.2206,0.2208,0.221,0.2212,0.2213,0.2215,0.2217,0.2219,0.2221,0.2222,0.2224,0.2226,0.2228,0.223,0.2232,0.2233,0.2235,0.2237,0.2239,0.2241,0.2243,0.2245,0.2246,0.2248,0.225,0.2252,0.2254,0.2256,0.2258,0.226,0.2261,0.2263,0.2265,0.2267,0.2269,0.2271,0.2273,0.2275,0.2277,0.2278,0.228,0.2282,0.2284,0.2286,0.2288,0.229,0.2292,0.2294,0.2296,0.2298,0.23,0.2302,0.2304,0.2306,0.2308,0.231,0.2311,0.2313,0.2315,0.2317,0.2319,0.2321,0.2323,0.2325,0.2326,0.2328,0.233,0.2332,0.2334,0.2336,0.2338,0.234,0.2342,0.2344,0.2346,0.2348,0.235,0.2351,0.2353,0.2355,0.2357,0.2359,0.2361,0.2363,0.2365,0.2367,0.2369,0.2371,0.2373,0.2375,0.2377,0.2379,0.2381,0.2383,0.2385,0.2387,0.2389,0.2391,0.2393,0.2395,0.2397,0.2399,0.2401,0.2403,0.2405,0.2407,0.2409,0.2411,0.2413,0.2415,0.2417,0.2419,0.2422,0.2424,0.2426,0.2428,0.243,0.2432,0.2434,0.2436,0.2438,0.244,0.2442,0.2444,0.2446,0.2449,0.2451,0.2453,0.2455,0.2457,0.2459,0.2461,0.2463,0.2466,0.2468,0.247,0.2472,0.2474,0.2476,0.2478,0.2481,0.2483,0.2485,0.2487,0.2489,0.2491,0.2494,0.2496,0.2498,0.25,0.2502,0.2505,0.2507,0.2509,0.2511,0.2513,0.2516,0.2518,0.252,0.2522,0.2525,0.2527,0.2529,0.2531,0.2534,0.2536,0.2538,0.2546,0.2553,0.2561,0.2569,0.2575,0.2575,0.2576,0.2577,0.2577,0.2578,0.2579,0.2579,0.258,0.2581,0.2581,0.2582,0.2583,0.2583,0.2584,0.2585,0.2586,0.2586,0.2587,0.2588,0.2588,0.2589,0.259,0.259,0.2591,0.2592,0.2592,0.2593,0.2594,0.2595,0.2595,0.2596,0.2597,0.2597,0.2598,0.2599,0.2599,0.26,0.2601,0.2602,0.2602,0.2603,0.2604,0.2604,0.2605,0.2606,0.2607,0.2609,0.2611,0.2613,0.2614,0.2616,0.2618,0.262,0.2622,0.2623,0.2625,0.2627,0.2629,0.2631,0.2633,0.2634,0.2636,0.2638,0.264,0.2642,0.2644,0.2645,0.2647,0.2649,0.2651,0.2653,0.2655,0.2657,0.2658,0.266,0.2662
0.2196,0.2198,0.22,0.2202,0.2203,0.2205,0.2207,0.2209,0.2211,0.2212,0.2214,0.2216,0.2218,0.222,0.2221,0.2223,0.2225,0.2227,0.2229,0.2231,0.2232,0.2234,0.2236,0.2238,0.224,0.2242,0.2244,0.2245,0.2247,0.2249,0.2251,0.2253,0.2255,0.2257,0.2258,0.226,0.2262,0.2264,0.2266,0.2268,0.227,0.2272,0.2274,0.2276,0.2277,0.2279,0.2281,0.2283,0.2285,0.2287,0.2289,0.2291,0.2293,0.2295,0.2297,0.2299,0.2301,0.2303,0.2305,0.2307,0.2308,0.231,0.2312,0.2314,0.2316,0.2318,0.232,0.2322,0.2324,0.2326,0.2328,0.233,0.2332,0.2334,0.2336,0.2338,0.234,0.2342,0.2344,0.2346,0.2348,0.235,0.2352,0.2354,0.2356,0.2358,0.236,0.2362,0.2364,0.2366,0.2368,0.237,0.2372,0.2374,0.2376,0.2378,0.238,0.2382,0.2384,0.2386,0.2388,0.239,0.2392,0.2394,0.2396,0.2398,0.24,0.2402,0.2404,0.2406,0.2408,0.241,0.2412,0.2414,0.2416,0.2418,0.242,0.2422,0.2424,0.2426,0.2428,0.2431,0.2433,0.2435,0.2437,0.2439,0.2441,0.2443,0.2445,0.2447,0.2449,0.2451,0.2454,0.2456,0.2458,0.246,0.2462,0.2464,0.2466,0.2469,0.2471,0.2473,0.2475,0.2477,0.2479,0.2481,0.2484,0.2486,0.2488,0.249,0.2492,0.2494,0.2497,0.2499,0.2501,0.2503,0.2505,0.2508,0.251,0.2512,0.2514,0.2517,0.2519,0.2521,0.2523,0.2525,0.2528,0.253,0.2532,0.2534,0.2537,0.2539,0.2541,0.2544,0.2546,0.2553,0.2561,0.2569,0.2577,0.2578,0.2578,0.2579,0.258,0.258,0.2581,0.2582,0.2583,0.2583,0.2584,0.2585,0.2585,0.2586,0.2587,0.2587,0.2588,0.2589,0.2589,0.259,0.2591,0.2592,0.2592,0.2593,0.2594,0.2594,0.2595,0.2596,0.2596,0.2597,0.2598,0.2599,0.2599,0.26,0.2601,0.2601,0.2602,0.2603,0.2603,0.2604,0.2605,0.2606,0.2606,0.2607,0.2608,0.2609,0.261,0.2611,0.2613,0.2614,0.2616,0.2618,0.262,0.2621,0.2623,0.2625,0.2627,0.2629,0.2631,0.2632,0.2634,0.2636,0.2638,0.264,0.2642,0.2643,0.2645,0.2647,0.2649,0.2651,0.2653,0.2655,0.2656,0.2658,0.266,0.2662,0.2664,0.2666
0.2201,0.2202,0.2204,0.2206,0.2208,0.221,0.2211,0.2213,0.2215,0.2217,0.2219,0.222,0.2222,0.2224,0.2226,0.2228,0.223,0.2231,0.2233,0.2235,0.2237,0.2239,0.2241,0.2243,0.2244,0.2246,0.2248,0.225,0.2252,0.2254,0.2256,0.2257,0.2259,0.2261,0.2263,0.2265,0.2267,0.2269,0.2271,0.2273,0.2274,0.2276,0.2278,0.228,0.2282,0.2284,0.2286,0.2288,0.229,0.2292,0.2294,0.2296,0.2298,0.23,0.2302,0.2303,0.2305,0.2307,0.2309,0.2311,0.2313,0.2315,0.2317,0.2319,0.2321,0.2323,0.2325,0.2327,0.2329,0.2331,0.2333,0.2335,0.2337,0.2339,0.2341,0.2343,0.2345,0.2347,0.2349,0.2351,0.2353,0.2355,0.2358,0.236,0.2362,0.2364,0.2366,0.2368,0.237,0.2372,0.2374,0.2376,0.2378,0.238,0.2382,0.2384,0.2386,0.2388,0.239,0.2393,0.2395,0.2397,0.2399,0.2401,0.2403,0.2405,0.2407,0.2409,0.2411,0.2413,0.2415,0.2417,0.2419,0.2421,0.2423,0.2425,0.2427,0.2429,0.2431,0.2433,0.2436,0.2438,0.244,0.2442,0.2444,0.2446,0.2448,0.245,0.2452,0.2454,0.2457,0.2459,0.2461,0.2463,0.2465,0.2467,0.2469,0.2471,0.2474,0.2476,0.2478,0.248,0.2482,0.2484,0.2487,0.2489,0.2491,0.2493,0.2495,0.2497,0.25,0.2502,0.2504,0.2506,0.2508,0.2511,0.2513,0.2515,0.2517,0.252,0.2522,0.2524,0.2526,0.2529,0.2531,0.2533,0.2535,0.2538,0.254,0.2542,0.2544,0.2547,0.2549,0.2551,0.2553,0.256,0.2568,0.2576,0.258,0.2581,0.2582,0.2582,0.2583,0.2584,0.2584,0.2585,0.2586,0.2587,0.2587,0.2588,0.2589,0.2589,0.259,0.2591,0.2591,0.2592,0.2593,0.2593,0.2594,0.2595,0.2596,0.2596,0.2597,0.2598,0.2598,0.2599,0.26,0.26,0.2601,0.2602,0.2602,0.2603,0.2604,0.2605,0.2605,0.2606,0.2608,0.2609,0.261,0.2611,0.2612,0.2614,0.2615,0.2616,0.2617,0.2618,0.262,0.2622,0.2623,0.2625,0.2626,0.2628,0.2629,0.2631,0.2632,0.2634,0.2635,0.2637,0.2638,0.264,0.2641,0.2643,0.2645,0.2647,0.2649,0.2651,0.2653,0.2654,0.2656,0.2658,0.266,0.2662,0.2664,0.2666,0.2668,0.2669
0.2205,0.2207,0.2209,0.221,0.2212,0.2214,0.2216,0.2218,0.222,0.2221,0.2223,0.2225,0.2227,0.2229,0.223,0.2232,0.2234,0.2236,0.2238,0.224,0.2242,0.2243,0.2245,0.2247,0.2249,0.2251,0.2253,0.2255,0.2256,0.2258,0.226,0.2262,0.2264,0.2266,0.2268,0.227,0.2272,0.2273,0.2275,0.2277,0.2279,0.2281,0.2283,0.2285,0.2287,0.2289,0.2291,0.2293,0.2295,0.2297,0.2299,0.23,0.2302,0.2304,0.2306,0.2308,0.231,0.2312,0.2314,0.2316,0.2318,0.232,0.2322,0.2324,0.2326,0.2328,0.233,0.2332,0.2334,0.2336,0.2338,0.234,0.2342,0.2344,0.2346,0.2348,0.235,0.2352,0.2354,0.2356,0.2358,0.2361,0.2363,0.2365,0.2367,0.2369,0.2371,0.2373,0.2375,0.2377,0.2379,0.2381,0.2383,0.2385,0.2388,0.239,0.2392,0.2394,0.2396,0.2398,0.24,0.2402,0.2404,0.2407,0.2409,0.2411,0.2413,0.2415,0.2417,0.2419,0.2422,0.2424,0.2426,0.2428,0.243,0.2432,0.2434,0.2436,0.2438,0.244,0.2443,0.2445,0.2447,0.2449,0.2451,0.2453,0.2455,0.2457,0.2459,0.2462,0.2464,0.2466,0.2468,0.247,0.2472,0.2474,0.2477,0.2479,0.2481,0.2483,0.2485,0.2487,0.249,0.2492,0.2494,0.2496,0.2498,0.25,0.2503,0.2505,0.2507,0.2509,0.2512,0.2514,0.2516,0.2518,0.252,0.2523,0.2525,0.2527,0.2529,0.2532,0.2534,0.2536,0.2538,0.2541,0.2543,0.2545,0.2547,0.255,0.2552,0.2554,0.2557,0.2559,0.2561,0.2567,0.2575,0.2583,0.2584,0.2584,0.2585,0.2586,0.2586,0.2587,0.2588,0.2588,0.2589,0.259,0.259,0.2591,0.2592,0.2593,0.2593,0.2594,0.2595,0.2595,0.2596,0.2597,0.2597,0.2598,0.2599,0.2599,0.26,0.2601,0.2602,0.2602,0.2603,0.2604,0.2605,0.2606,0.2608,0.2609,0.261,0.2611,0.2612,0.2614,0.2615,0.2616,0.2617,0.2618,0.262,0.2621,0.2622,0.2623,0.2624,0.2626,0.2627,0.2629,0.263,0.2632,0.2633,0.2635,0.2636,0.2638,0.2639,0.2641,0.2643,0.2644,0.2646,0.2647,0.2649,0.265,0.2652,0.2653,0.2655,0.2657,0.2658,0.266,0.2661,0.2663,0.2664,0.2666,0.2668,0.2669,0.2671,0.2673
0.2209,0.2211,0.2213,0.2215,0.2217,0.2219,0.222,0.2222,0.2224,0.2226,0.2228,0.2229,0.2231,0.2233,0.2235,0.2237,0.2239,0.2241,0.2242,0.2244,0.2246,0.2248,0.225,0.2252,0.2254,0.2255,0.2257,0.2259,0.2261,0.2263,0.2265,0.2267,0.2269,0.2271,0.2272,0.2274,0.2276,0.2278,0.228,0.2282,0.2284,0.2286,0.2288,0.229,0.2292,0.2294,0.2296,0.2297,0.2299,0.2301,0.2303,0.2305,0.2307,0.2309,0.2311,0.2313,0.2315,0.2317,0.2319,0.2321,0.2323,0.2325,0.2327,0.2329,0.2331,0.2333,0.2335,0.2337,0.2339,0.2341,0.2343,0.2345,0.2347,0.2349,0.2351,0.2353,0.2355,0.2357,0.2359,0.2361,0.2364,0.2366,0.2368,0.237,0.2372,0.2374,0.2376,0.2378,0.238,0.2382,0.2384,0.2386,0.2389,0.2391,0.2393,0.2395,0.2397,0.2399,0.2401,0.2403,0.2405,0.2408,0.241,0.2412,0.2414,0.2416,0.2418,0.242,0.2423,0.2425,0.2427,0.2429,0.2431,0.2434,0.2436,0.2438,0.244,0.2442,0.2444,0.2447,0.2449,0.2451,0.2453,0.2456,0.2458,0.246,0.2462,0.2464,0.2467,0.2469,0.2471,0.2473,0.2475,0.2477,0.248,0.2482,0.2484,0.2486,0.2488,0.249,0.2493,0.2495,0.2497,0.2499,0.2501,0.2504,0.2506,0.2508,0.251,0.2512,0.2515,0.2517,0.2519,0.2521,0.2523,0.2526,0.2528,0.253,0.2532,0.2535,0.2537,0.2539,0.2542,0.2544,0.2546,0.2548,0.2551,0.2553,0.2555,0.2558,0.256,0.2562,0.2564,0.2567,0.2569,0.2574,0.2582,0.2586,0.2587,0.2587,0.2588,0.2589,0.259,0.259,0.2591,0.2592,0.2592,0.2593,0.2594,0.2594,0.2595,0.2596,0.2596,0.2597,0.2598,0.2599,0.2599,0.26,0.2601,0.2602,0.2603,0.2604,0.2605,0.2607,0.2608,0.2609,0.261,0.2611,0.2612,0.2614,0.2615,0.2616,0.2617,0.2618,0.262,0.2621,0.2622,0.2623,0.2624,0.2626,0.2627,0.2628,0.2629,0.263,0.2632,0.2633,0.2634,0.2636,0.2638,0.2639,0.2641,0.2642,0.2644,0.2645,0.2647,0.2648,0.265,0.2651,0.2653,0.2655,0.2656,0.2658,0.2659,0.2661,0.2662,0.2664,0.2666,0.2667,0.2669,0.267,0.2672,0.2673,0.2675,0.2677,0.2678,0.268
0.2214,0.2216,0.2218,0.2219,0.2221,0.2223,0.2225,0.2227,0.2228,0.223,0.2232,0.2234,0.2236,0.2238,0.224,0.2241,0.2243,0.2245,0.2247,0.2249,0.2251,0.2253,0.2254,0.2256,0.2258,0.226,0.2262,0.2264,0.2266,0.2268,0.2269,0.2271,0.2273,0.2275,0.2277,0.2279,0.2281,0.2283,0.2285,0.2287,0.2289,0.2291,0.2293,0.2294,0.2296,0.2298,0.23,0.2302,0.2304,0.2306,0.2308,0.231,0.2312,0.2314,0.2316,0.2318,0.232,0.2322,0.2324,0.2326,0.2328,0.233,0.2332,0.2334,0.2336,0.2338,0.234,0.2342,0.2344,0.2346,0.2348,0.235,0.2352,0.2354,0.2356,0.2358,0.236,0.2362,0.2364,0.2367,0.2369,0.2371,0.2373,0.2375,0.2377,0.2379,0.2381,0.2383,0.2385,0.2387,0.2389,0.2392,0.2394,0.2396,0.2398,0.24,0.2402,0.2404,0.2406,0.2409,0.2411,0.2413,0.2415,0.2417,0.2419,0.2421,0.2424,0.2426,0.2428,0.243,0.2432,0.2435,0.2437,0.2439,0.2441,0.2443,0.2445,0.2448,0.245,0.2452,0.2454,0.2457,0.2459,0.2461,0.2463,0.2465,0.2468,0.247,0.2472,0.2474,0.2477,0.2479,0.2481,0.2484,0.2486,0.2488,0.249,0.2493,0.2495,0.2497,0.25,0.2502,0.2504,0.2507,0.2509,0.2511,0.2513,0.2515,0.2518,0.252,0.2522,0.2524,0.2527,0.2529,0.2531,0.2533,0.2536,0.2538,0.254,0.2542,0.2545,0.2547,0.2549,0.2551,0.2554,0.2556,0.2558,0.2561,0.2563,0.2565,0.2568,0.257,0.2572,0.2575,0.2577,0.2582,0.2589,0.2589,0.259,0.2591,0.2591,0.2592,0.2593,0.2594,0.2594,0.2595,0.2596,0.2596,0.2597,0.2598,0.2598,0.2599,0.2601,0.2602,0.2603,0.2604,0.2605,0.2607,0.2608,0.2609,0.261,0.2611,0.2613,0.2614,0.2615,0.2616,0.2617,0.2618,0.262,0.2621,0.2622,0.2623,0.2624,0.2626,0.2627,0.2628,0.2629,0.2631,0.2632,0.2633,0.2634,0.2635,0.2637,0.2638,0.2639,0.264,0.2642,0.2643,0.2645,0.2646,0.2648,0.2649,0.2651,0.2653,0.2654,0.2656,0.2657,0.2659,0.266,0.2662,0.2664,0.2665,0.2667,0.2668,0.267,0.2671,0.2673,0.2675,0.2676,0.2678,0.2679,0.2681,0.2682,0.2684,0.2686,0.2687
0.2218,0.222,0.2222,0.2224,0.2226,0.2227,0.2229,0.2231,0.2233,0.2235,0.2237,0.2238,0.224,0.2242,0.2244,0.2246,0.2248,0.225,0.2252,0.2253,0.2255,0.2257,0.2259,0.2261,0.2263,0.2265,0.2267,0.2268,0.227,0.2272,0.2274,0.2276,0.2278,0.228,0.2282,0.2284,0.2286,0.2288,0.229,0.2291,0.2293,0.2295,0.2297,0.2299,0.2301,0.2303,0.2305,0.2307,0.2309,0.2311,0.2313,0.2315,0.2317,0.2319,0.2321,0.2323,0.2325,0.2327,0.2329,0.2331,0.2333,0.2335,0.2337,0.2339,0.2341,0.2343,0.2345,0.2347,0.2349,0.2351,0.2353,0.2355,0.2357,0.2359,0.2361,0.2363,0.2365,0.2367,0.237,0.2372,0.2374,0.2376,0.2378,0.238,0.2382,0.2384,0.2386,0.2388,0.239,0.2393,0.2395,0.2397,0.2399,0.2401,0.2403,0.2405,0.2407,0.241,0.2412,0.2414,0.2416,0.2418,0.242,0.2422,0.2425,0.2427,0.2429,0.2431,0.2433,0.2436,0.2438,0.244,0.2442,0.2444,0.2446,0.2449,0.2451,0.2453,0.2455,0.2458,0.246,0.2462,0.2464,0.2467,0.2469,0.2471,0.2473,0.2476,0.2478,0.248,0.2482,0.2485,0.2487,0.2489,0.2491,0.2494,0.2496,0.2498,0.2501,0.2503,0.2505,0.2508,0.251,0.2512,0.2515,0.2517,0.2519,0.2522,0.2524,0.2526,0.2529,0.2531,0.2533,0.2536,0.2538,0.254,0.2543,0.2545,0.2548,0.255,0.2552,0.2555,0.2557,0.2559,0.2562,0.2564,0.2566,0.2568,0.2571,0.2573,0.2575,0.2578,0.258,0.2582,0.2585,0.2589,0.2592,0.2593,0.2593,0.2594,0.2595,0.2595,0.2596,0.2597,0.2598,0.2599,0.2601,0.2602,0.2603,0.2604,0.2605,0.2607,0.2608,0.2609,0.261,0.2611,0.2613,0.2614,0.2615,0.2616,0.2617,0.2619,0.262,0.2621,0.2622,0.2623,0.2625,0.2626,0.2627,0.2628,0.2629,0.2631,0.2632,0.2633,0.2634,0.2635,0.2637,0.2638,0.2639,0.264,0.2642,0.2643,0.2644,0.2645,0.2646,0.2648,0.2649,0.2651,0.2652,0.2654,0.2655,0.2657,0.2658,0.266,0.2662,0.2663,0.2665,0.2666,0.2668,0.2669,0.2671,0.2673,0.2674,0.2676,0.2677,0.2679,0.268,0.2682,0.2684,0.2685,0.2687,0.2688,0.269,0.2692,0.2693,0.2695
0.2223,0.2225,0.2226,0.2228,0.223,0.2232,0.2234,0.2236,0.2237,0.2239,0.2241,0.2243,0.2245,0.2247,0.2249,0.225,0.2252,0.2254,0.2256,0.2258,0.226,0.2262,0.2264,0.2266,0.2267,0.2269,0.2271,0.2273,0.2275,0.2277,0.2279,0.2281,0.2283,0.2285,0.2287,0.2288,0.229,0.2292,0.2294,0.2296,0.2298,0.23,0.2302,0.2304,0.2306,0.2308,0.231,0.2312,0.2314,0.2316,0.2318,0.232,0.2322,0.2324,0.2326,0.2328,0.233,0.2332,0.2334,0.2336,0.2338,0.234,0.2342,0.2344,0.2346,0.2348,0.235,0.2352,0.2354,0.2356,0.2358,0.236,0.2362,0.2364,0.2366,0.2368,0.237,0.2373,0.2375,0.2377,0.2379,0.2381,0.2383,0.2385,0.2387,0.2389,0.2391,0.2393,0.2396,0.2398,0.24,0.2402,0.2404,0.2406,0.2408,0.2411,0.2413,0.2415,0.2417,0.2419,0.2421,0.2423,0.2426,0.2428,0.243,0.2432,0.2434,0.2437,0.2439,0.2441,0.2443,0.2445,0.2447,0.245,0.2452,0.2454,0.2456,0.2459,0.2461,0.2463,0.2465,0.2468,0.247,0.2472,0.2474,0.2477,0.2479,0.2481,0.2483,0.2486,0.2488,0.249,0.2492,0.2495,0.2497,0.2499,0.2502,0.2504,0.2506,0.2509,0.2511,0.2513,0.2516,0.2518,0.252,0.2523,0.2525,0.2527,0.253,0.2532,0.2534,0.2537,0.2539,0.2542,0.2544,0.2546,0.2549,0.2551,0.2554,0.2556,0.2558,0.2561,0.2563,0.2566,0.2568,0.257,0.2573,0.2575,0.2578,0.258,0.2583,0.2585,0.2588,0.259,0.2593,0.2595,0.2596,0.2597,0.2598,0.26,0.2601,0.2602,0.2603,0.2604,0.2605,0.2607,0.2608,0.2609,0.261,0.2611,0.2613,0.2614,0.2615,0.2616,0.2617,0.2619,0.262,0.2621,0.2622,0.2623,0.2625,0.2626,0.2627,0.2628,0.2629,0.2631,0.2632,0.2633,0.2634,0.2635,0.2637,0.2638,0.2639,0.264,0.2642,0.2643,0.2644,0.2645,0.2646,0.2648,0.2649,0.265,0.2651,0.2653,0.2654,0.2655,0.2656,0.2658,0.266,0.2661,0.2663,0.2664,0.2666,0.2667,0.2669,0.2671,0.2672,0.2674,0.2675,0.2677,0.2678,0.268,0.2682,0.2683,0.2685,0.2686,0.2688,0.269,0.2691,0.2693,0.2694,0.2696,0.2698,0.2699,0.2701,0.2702
0.2227,0.2229,0.2231,0.2233,0.2235,0.2236,0.2238,0.224,0.2242,0.2244,0.2246,0.2248,0.2249,0.2251,0.2253,0.2255,0.2257,0.2259,0.2261,0.2263,0.2264,0.2266,0.2268,0.227,0.2272,0.2274,0.2276,0.2278,0.228,0.2282,0.2284,0.2285,0.2287,0.2289,0.2291,0.2293,0.2295,0.2297,0.2299,0.2301,0.2303,0.2305,0.2307,0.2309,0.2311,0.2313,0.2315,0.2317,0.2319,0.2321,0.2323,0.2325,0.2327,0.2329,0.2331,0.2333,0.2335,0.2337,0.2339,0.2341,0.2343,0.2345,0.2347,0.2349,0.2351,0.2353,0.2355,0.2357,0.2359,0.2361,0.2363,0.2365,0.2367,0.2369,0.2371,0.2374,0.2376,0.2378,0.238,0.2382,0.2384,0.2386,0.2388,0.239,0.2392,0.2394,0.2397,0.2399,0.2401,0.2403,0.2405,0.2407,0.2409,0.2411,0.2414,0.2416,0.2418,0.242,0.2422,0.2424,0.2427,0.2429,0.2431,0.2433,0.2435,0.2437,0.244,0.2442,0.2444,0.2446,0.2449,0.2451,0.2453,0.2455,0.2457,0.246,0.2462,0.2464,0.2466,0.2469,0.2471,0.2473,0.2475,0.2478,0.248,0.2482,0.2484,0.2487,0.2489,0.2491,0.2494,0.2496,0.2498,0.25,0.2503,0.2505,0.2507,0.251,0.2512,0.2514,0.2517,0.2519,0.2521,0.2524,0.2526,0.2528,0.2531,0.2533,0.2535,0.2538,0.254,0.2543,0.2545,0.2547,0.255,0.2552,0.2555,0.2557,0.2559,0.2562,0.2564,0.2567,0.2569,0.2572,0.2574,0.2576,0.2579,0.2581,0.2584,0.2586,0.2589,0.2591,0.2594,0.2596,0.2599,0.2601,0.2603,0.2604,0.2606,0.2607,0.2608,0.2609,0.261,0.2611,0.2613,0.2614,0.2615,0.2616,0.2617,0.2619,0.262,0.2621,0.2622,0.2623,0.2625,0.2626,0.2627,0.2628,0.2629,0.2631,0.2632,0.2633,0.2634,0.2636,0.2637,0.2638,0.2639,0.264,0.2642,0.2643,0.2644,0.2645,0.2646,0.2648,0.2649,0.265,0.2651,0.2653,0.2654,0.2655,0.2656,0.2658,0.2659,0.266,0.2661,0.2662,0.2664,0.2665,0.2667,0.2669,0.267,0.2672,0.2673,0.2675,0.2676,0.2678,0.268,0.2681,0.2683,0.2684,0.2686,0.2688,0.2689,0.2691,0.2692,0.2694,0.2696,0.2697,0.2699,0.27,0.2702,0.2704,0.2705,0.2707,0.2709,0.271
0.2232,0.2234,0.2235,0.2237,0.2239,0.2241,0.2243,0.2245,0.2247,0.2248,0.225,0.2252,0.2254,0.2256,0.2258,0.226,0.2262,0.2263,0.2265,0.2267,0.2269,0.2271,0.2273,0.2275,0.2277,0.2279,0.2281,0.2283,0.2284,0.2286,0.2288,0.229,0.2292,0.2294,0.2296,0.2298,0.23,0.2302,0.2304,0.2306,0.2308,0.231,0.2312,0.2314,0.2316,0.2318,0.232,0.2322,0.2324,0.2326,0.2328,0.233,0.2332,0.2334,0.2336,0.2338,0.234,0.2342,0.2344,0.2346,0.2348,0.235,0.2352,0.2354,0.2356,0.2358,0.236,0.2362,0.2364,0.2366,0.2368,0.237,0.2372,0.2374,0.2377,0.2379,0.2381,0.2383,0.2385,0.2387,0.2389,0.2391,0.2393,0.2395,0.2398,0.24,0.2402,0.2404,0.2406,0.2408,0.241,0.2412,0.2415,0.2417,0.2419,0.2421,0.2423,0.2425,0.2428,0.243,0.2432,0.2434,0.2436,0.2438,0.2441,0.2443,0.2445,0.2447,0.245,0.2452,0.2454,0.2456,0.2458,0.2461,0.2463,0.2465,0.2467,0.247,0.2472,0.2474,0.2476,0.2479,0.2481,0.2483,0.2485,0.2488,0.249,0.2492,0.2495,0.2497,0.2499,0.2501,0.2504,0.2506,0.2508,0.2511,0.2513,0.2515,0.2518,0.252,0.2522,0.2525,0.2527,0.2529,0.2532,0.2534,0.2537,0.2539,0.2541,0.2544,0.2546,0.2548,0.2551,0.2553,0.2556,0.2558,0.2561,0.2563,0.2565,0.2568,0.257,0.2573,0.2575,0.2578,0.258,0.2582,0.2585,0.2587,0.259,0.2592,0.2595,0.2597,0.26,0.2602,0.2605,0.2607,0.261,0.2612,0.2613,0.2614,0.2615,0.2616,0.2617,0.2619,0.262,0.2621,0.2622,0.2623,0.2625,0.2626,0.2627,0.2628,0.263,0.2631,0.2632,0.2633,0.2634,0.2636,0.2637,0.2638,0.2639,0.264,0.2642,0.2643,0.2644,0.2645,0.2647,0.2648,0.2649,0.265,0.2651,0.2653,0.2654,0.2655,0.2656,0.2658,0.2659,0.266,0.2661,0.2663,0.2664,0.2665,0.2666,0.2668,0.2669,0.267,0.2671,0.2673,0.2674,0.2676,0.2678,0.2679,0.2681,0.2682,0.2684,0.2686,0.2687,0.2689,0.269,0.2692,0.2694,0.2695,0.2697,0.2698,0.27,0.2702,0.2703,0.2705,0.2706,0.2708,0.271,0.2711,0.2713,0.2715,0.2716,0.2718
0.2236,0.2238,0.224,0.2242,0.2244,0.2246,0.2247,0.2249,0.2251,0.2253,0.2255,0.2257,0.2259,0.2261,0.2262,0.2264,0.2266,0.2268,0.227,0.2272,0.2274,0.2276,0.2278,0.228,0.2281,0.2283,0.2285,0.2287,0.2289,0.2291,0.2293,0.2295,0.2297,0.2299,0.2301,0.2303,0.2305,0.2307,0.2309,0.2311,0.2313,0.2315,0.2317,0.2319,0.2321,0.2323,0.2324,0.2326,0.2328,0.233,0.2332,0.2335,0.2337,0.2339,0.2341,0.2343,0.2345,0.2347,0.2349,0.2351,0.2353,0.2355,0.2357,0.2359,0.2361,0.2363,0.2365,0.2367,0.2369,0.2371,0.2373,0.2375,0.2377,0.238,0.2382,0.2384,0.2386,0.2388,0.239,0.2392,0.2394,0.2396,0.2399,0.2401,0.2403,0.2405,0.2407,0.2409,0.2411,0.2413,0.2416,0.2418,0.242,0.2422,0.2424,0.2426,0.2429,0.2431,0.2433,0.2435,0.2437,0.2439,0.2442,0.2444,0.2446,0.2448,0.2451,0.2453,0.2455,0.2457,0.2459,0.2462,0.2464,0.2466,0.2468,0.2471,0.2473,0.2475,0.2477,0.248,0.2482,0.2484,0.2486,0.2489,0.2491,0.2493,0.2496,0.2498,0.25,0.2503,0.2505,0.2507,0.2509,0.2512,0.2514,0.2516,0.2519,0.2521,0.2523,0.2526,0.2528,0.2531,0.2533,0.2535,0.2538,0.254,0.2542,0.2545,0.2547,0.255,0.2552,0.2554,0.2557,0.2559,0.2562,0.2564,0.2566,0.2569,0.2571,0.2574,0.2576,0.2579,0.2581,0.2584,0.2586,0.2589,0.2591,0.2593,0.2596,0.2598,0.2601,0.2603,0.2606,0.2609,0.2611,0.2614,0.2616,0.2618,0.262,0.2621,0.2622,0.2624,0.2625,0.2626,0.2627,0.2628,0.263,0.2631,0.2632,0.2633,0.2634,0.2636,0.2637,0.2638,0.2639,0.264,0.2642,0.2643,0.2644,0.2645,0.2647,0.2648,0.2649,0.265,0.2651,0.2653,0.2654,0.2655,0.2656,0.2658,0.2659,0.266,0.2661,0.2663,0.2664,0.2665,0.2666,0.2668,0.2669,0.267,0.2671,0.2673,0.2674,0.2675,0.2676,0.2678,0.2679,0.268,0.2682,0.2684,0.2685,0.2687,0.2688,0.269,0.2692,0.2693,0.2695,0.2696,0.2698,0.27,0.2701,0.2703,0.2704,0.2706,0.2708,0.2709,0.2711,0.2713,0.2714,0.2716,0.2717,0.2719,0.2721,0.2722,0.2724,0.2726
0.2241,0.2243,0.2245,0.2246,0.2248,0.225,0.2252,0.2254,0.2256,0.2258,0.226,0.2261,0.2263,0.2265,0.2267,0.2269,0.2271,0.2273,0.2275,0.2277,0.2279,0.228,0.2282,0.2284,0.2286,0.2288,0.229,0.2292,0.2294,0.2296,0.2298,0.23,0.2302,0.2304,0.2306,0.2308,0.231,0.2312,0.2314,0.2315,0.2317,0.2319,0.2321,0.2323,0.2325,0.2327,0.2329,0.2331,0.2333,0.2335,0.2337,0.2339,0.2341,0.2343,0.2346,0.2348,0.235,0.2352,0.2354,0.2356,0.2358,0.236,0.2362,0.2364,0.2366,0.2368,0.237,0.2372,0.2374,0.2376,0.2378,0.2381,0.2383,0.2385,0.2387,0.2389,0.2391,0.2393,0.2395,0.2397,0.2399,0.2402,0.2404,0.2406,0.2408,0.241,0.2412,0.2414,0.2417,0.2419,0.2421,0.2423,0.2425,0.2427,0.243,0.2432,0.2434,0.2436,0.2438,0.244,0.2443,0.2445,0.2447,0.2449,0.2452,0.2454,0.2456,0.2458,0.246,0.2463,0.2465,0.2467,0.2469,0.2472,0.2474,0.2476,0.2478,0.2481,0.2483,0.2485,0.2488,0.249,0.2492,0.2494,0.2497,0.2499,0.2501,0.2504,0.2506,0.2508,0.2511,0.2513,0.2515,0.2518,0.252,0.2522,0.2525,0.2527,0.2529,0.2532,0.2534,0.2536,0.2539,0.2541,0.2544,0.2546,0.2548,0.2551,0.2553,0.2555,0.2558,0.256,0.2563,0.2565,0.2568,0.257,0.2572,0.2575,0.2577,0.258,0.2582,0.2585,0.2587,0.259,0.2592,0.2595,0.2597,0.26,0.2602,0.2605,0.2607,0.261,0.2612,0.2615,0.2618,0.262,0.2622,0.2624,0.2627,0.2628,0.263,0.2631,0.2632,0.2633,0.2634,0.2636,0.2637,0.2638,0.2639,0.2641,0.2642,0.2643,0.2644,0.2645,0.2647,0.2648,0.2649,0.265,0.2652,0.2653,0.2654,0.2655,0.2656,0.2658,0.2659,0.266,0.2661,0.2663,0.2664,0.2665,0.2666,0.2668,0.2669,0.267,0.2671,0.2673,0.2674,0.2675,0.2676,0.2678,0.2679,0.268,0.2681,0.2683,0.2684,0.2685,0.2686,0.2688,0.269,0.2691,0.2693,0.2694,0.2696,0.2698,0.2699,0.2701,0.2702,0.2704,0.2706,0.2707,0.2709,0.271,0.2712,0.2714,0.2715,0.2717,0.2719,0.272,0.2722,0.2724,0.2725,0.2727,0.2728,0.273,0.2732,0.2733
0.2245,0.2247,0.2249,0.2251,0.2253,0.2255,0.2257,0.2259,0.226,0.2262,0.2264,0.2266,0.2268,0.227,0.2272,0.2274,0.2276,0.2277,0.2279,0.2281,0.2283,0.2285,0.2287,0.2289,0.2291,0.2293,0.2295,0.2297,0.2299,0.2301,0.2303,0.2305,0.2307,0.2308,0.231,0.2312,0.2314,0.2316,0.2318,0.232,0.2322,0.2324,0.2326,0.2328,0.233,0.2332,0.2334,0.2336,0.2338,0.234,0.2342,0.2344,0.2346,0.2348,0.2351,0.2353,0.2355,0.2357,0.2359,0.2361,0.2363,0.2365,0.2367,0.2369,0.2371,0.2373,0.2375,0.2377,0.2379,0.2381,0.2384,0.2386,0.2388,0.239,0.2392,0.2394,0.2396,0.2398,0.24,0.2403,0.2405,0.2407,0.2409,0.2411,0.2413,0.2415,0.2418,0.242,0.2422,0.2424,0.2426,0.2428,0.2431,0.2433,0.2435,0.2437,0.2439,0.2442,0.2444,0.2446,0.2448,0.245,0.2453,0.2455,0.2457,0.2459,0.2461,0.2464,0.2466,0.2468,0.247,0.2473,0.2475,0.2477,0.2479,0.2482,0.2484,0.2486,0.2489,0.2491,0.2493,0.2495,0.2498,0.25,0.2502,0.2505,0.2507,0.2509,0.2512,0.2514,0.2516,0.2519,0.2521,0.2523,0.2526,0.2528,0.253,0.2533,0.2535,0.2537,0.254,0.2542,0.2545,0.2547,0.2549,0.2552,0.2554,0.2557,0.2559,0.2561,0.2564,0.2566,0.2569,0.2571,0.2574,0.2576,0.2578,0.2581,0.2583,0.2586,0.2588,0.2591,0.2593,0.2596,0.2598,0.2601,0.2603,0.2606,0.2608,0.2611,0.2613,0.2616,0.2619,0.2622,0.2624,0.2627,0.2629,0.2631,0.2633,0.2635,0.2637,0.2638,0.2639,0.2641,0.2642,0.2643,0.2644,0.2645,0.2647,0.2648,0.2649,0.265,0.2652,0.2653,0.2654,0.2655,0.2657,0.2658,0.2659,0.266,0.2661,0.2663,0.2664,0.2665,0.2666,0.2668,0.2669,0.267,0.2671,0.2673,0.2674,0.2675,0.2676,0.2678,0.2679,0.268,0.2681,0.2683,0.2684,0.2685,0.2686,0.2688,0.2689,0.269,0.2692,0.2693,0.2694,0.2695,0.2697,0.2699,0.27,0.2702,0.2704,0.2705,0.2707,0.2708,0.271,0.2712,0.2713,0.2715,0.2717,0.2718,0.272,0.2721,0.2723,0.2725,0.2726,0.2728,0.273,0.2731,0.2733,0.2735,0.2736,0.2738,0.274,0.2741
0.2250,0.2252,0.2254,0.2256,0.2257,0.2259,0.2261,0.2263,0.2265,0.2267,0.2269,0.2271,0.2273,0.2275,0.2276,0.2278,0.228,0.2282,0.2284,0.2286,0.2288,0.229,0.2292,0.2294,0.2296,0.2298,0.23,0.2302,0.2304,0.2305,0.2307,0.2309,0.2311,0.2313,0.2315,0.2317,0.2319,0.2321,0.2323,0.2325,0.2327,0.2329,0.2331,0.2333,0.2335,0.2337,0.2339,0.2341,0.2343,0.2345,0.2347,0.2349,0.2351,0.2353,0.2356,0.2358,0.236,0.2362,0.2364,0.2366,0.2368,0.237,0.2372,0.2374,0.2376,0.2378,0.238,0.2382,0.2385,0.2387,0.2389,0.2391,0.2393,0.2395,0.2397,0.2399,0.2401,0.2404,0.2406,0.2408,0.241,0.2412,0.2414,0.2416,0.2419,0.2421,0.2423,0.2425,0.2427,0.2429,0.2432,0.2434,0.2436,0.2438,0.244,0.2443,0.2445,0.2447,0.2449,0.2451,0.2454,0.2456,0.2458,0.246,0.2462,0.2465,0.2467,0.2469,0.2471,0.2474,0.2476,0.2478,0.248,0.2483,0.2485,0.2487,0.249,0.2492,0.2494,0.2496,0.2499,0.2501,0.2503,0.2506,0.2508,0.251,0.2513,0.2515,0.2517,0.252,0.2522,0.2524,0.2527,0.2529,0.2531,0.2534,0.2536,0.2539,0.2541,0.2543,0.2546,0.2548,0.255,0.2553,0.2555,0.2558,0.256,0.2563,0.2565,0.2567,0.257,0.2572,0.2575,0.2577,0.258,0.2582,0.2584,0.2587,0.2589,0.2592,0.2594,0.2597,0.2599,0.2602,0.2604,0.2607,0.2609,0.2612,0.2614,0.2617,0.262,0.2622,0.2625,0.2628,0.2631,0.2633,0.2635,0.2637,0.2639,0.2642,0.2644,0.2646,0.2647,0.2648,0.2649,0.265,0.2652,0.2653,0.2654,0.2655,0.2657,0.2658,0.2659,0.266,0.2662,0.2663,0.2664,0.2665,0.2666,0.2668,0.2669,0.267,0.2671,0.2673,0.2674,0.2675,0.2676,0.2678,0.2679,0.268,0.2681,0.2683,0.2684,0.2685,0.2687,0.2688,0.2689,0.269,0.2692,0.2693,0.2694,0.2695,0.2697,0.2698,0.2699,0.27,0.2702,0.2703,0.2705,0.2706,0.2708,0.271,0.2711,0.2713,0.2714,0.2716,0.2718,0.2719,0.2721,0.2723,0.2724,0.2726,0.2728,0.2729,0.2731,0.2733,0.2734,0.2736,0.2737,0.2739,0.2741,0.2742,0.2744,0.2746,0.2747,0.2749
0.2255,0.2256,0.2258,0.226,0.2262,0.2264,0.2266,0.2268,0.227,0.2272,0.2273,0.2275,0.2277,0.2279,0.2281,0.2283,0.2285,0.2287,0.2289,0.2291,0.2293,0.2295,0.2297,0.2299,0.23,0.2302,0.2304,0.2306,0.2308,0.231,0.2312,0.2314,0.2316,0.2318,0.232,0.2322,0.2324,0.2326,0.2328,0.233,0.2332,0.2334,0.2336,0.2338,0.234,0.2342,0.2344,0.2346,0.2348,0.235,0.2352,0.2354,0.2356,0.2359,0.2361,0.2363,0.2365,0.2367,0.2369,0.2371,0.2373,0.2375,0.2377,0.2379,0.2381,0.2383,0.2385,0.2388,0.239,0.2392,0.2394,0.2396,0.2398,0.24,0.2402,0.2405,0.2407,0.2409,0.2411,0.2413,0.2415,0.2417,0.242,0.2422,0.2424,0.2426,0.2428,0.243,0.2433,0.2435,0.2437,0.2439,0.2441,0.2444,0.2446,0.2448,0.245,0.2452,0.2455,0.2457,0.2459,0.2461,0.2463,0.2466,0.2468,0.247,0.2472,0.2475,0.2477,0.2479,0.2482,0.2484,0.2486,0.2488,0.2491,0.2493,0.2495,0.2498,0.25,0.2502,0.2504,0.2507,0.2509,0.2511,0.2514,0.2516,0.2518,0.2521,0.2523,0.2525,0.2528,0.253,0.2532,0.2535,0.2537,0.254,0.2542,0.2544,0.2547,0.2549,0.2552,0.2554,0.2556,0.2559,0.2561,0.2564,0.2566,0.2568,0.2571,0.2573,0.2576,0.2578,0.2581,0.2583,0.2586,0.2588,0.2591,0.2593,0.2596,0.2598,0.26,0.2603,0.2605,0.2608,0.2611,0.2613,0.2616,0.2618,0.2621,0.2623,0.2626,0.2629,0.2632,0.2634,0.2637,0.2639,0.2642,0.2644,0.2646,0.2648,0.265,0.2653,0.2654,0.2655,0.2657,0.2658,0.2659,0.266,0.2662,0.2663,0.2664,0.2665,0.2667,0.2668,0.2669,0.267,0.2672,0.2673,0.2674,0.2675,0.2677,0.2678,0.2679,0.268,0.2682,0.2683,0.2684,0.2685,0.2687,0.2688,0.2689,0.269,0.2692,0.2693,0.2694,0.2695,0.2697,0.2698,0.2699,0.2701,0.2702,0.2703,0.2704,0.2706,0.2707,0.2708,0.2709,0.2711,0.2712,0.2714,0.2716,0.2717,0.2719,0.2721,0.2722,0.2724,0.2725,0.2727,0.2729,0.273,0.2732,0.2734,0.2735,0.2737,0.2739,0.274,0.2742,0.2744,0.2745,0.2747,0.2749,0.275,0.2752,0.2754,0.2755,0.2757
0.2259,0.2261,0.2263,0.2265,0.2267,0.2269,0.2271,0.2272,0.2274,0.2276,0.2278,0.228,0.2282,0.2284,0.2286,0.2288,0.229,0.2292,0.2294,0.2296,0.2297,0.2299,0.2301,0.2303,0.2305,0.2307,0.2309,0.2311,0.2313,0.2315,0.2317,0.2319,0.2321,0.2323,0.2325,0.2327,0.2329,0.2331,0.2333,0.2335,0.2337,0.2339,0.2341,0.2343,0.2345,0.2347,0.2349,0.2351,0.2353,0.2355,0.2357,0.2359,0.2361,0.2364,0.2366,0.2368,0.237,0.2372,0.2374,0.2376,0.2378,0.238,0.2382,0.2384,0.2386,0.2389,0.2391,0.2393,0.2395,0.2397,0.2399,0.2401,0.2403,0.2405,0.2408,0.241,0.2412,0.2414,0.2416,0.2418,0.2421,0.2423,0.2425,0.2427,0.2429,0.2431,0.2434,0.2436,0.2438,0.244,0.2442,0.2445,0.2447,0.2449,0.2451,0.2453,0.2456,0.2458,0.246,0.2462,0.2465,0.2467,0.2469,0.2471,0.2473,0.2476,0.2478,0.248,0.2483,0.2485,0.2487,0.2489,0.2492,0.2494,0.2496,0.2499,0.2501,0.2503,0.2505,0.2508,0.251,0.2512,0.2515,0.2517,0.2519,0.2522,0.2524,0.2526,0.2529,0.2531,0.2534,0.2536,0.2538,0.2541,0.2543,0.2545,0.2548,0.255,0.2553,0.2555,0.2557,0.256,0.2562,0.2565,0.2567,0.257,0.2572,0.2574,0.2577,0.2579,0.2582,0.2584,0.2587,0.2589,0.2592,0.2594,0.2597,0.2599,0.2602,0.2604,0.2607,0.2609,0.2612,0.2614,0.2617,0.2619,0.2622,0.2624,0.2627,0.263,0.2633,0.2635,0.2638,0.2641,0.2644,0.2646,0.2648,0.265,0.2652,0.2655,0.2657,0.2659,0.2661,0.2663,0.2664,0.2665,0.2667,0.2668,0.2669,0.267,0.2672,0.2673,0.2674,0.2675,0.2677,0.2678,0.2679,0.268,0.2682,0.2683,0.2684,0.2685,0.2687,0.2688,0.2689,0.269,0.2692,0.2693,0.2694,0.2695,0.2697,0.2698,0.2699,0.2701,0.2702,0.2703,0.2704,0.2706,0.2707,0.2708,0.271,0.2711,0.2712,0.2713,0.2715,0.2716,0.2717,0.2719,0.272,0.2722,0.2723,0.2725,0.2727,0.2728,0.273,0.2732,0.2733,0.2735,0.2737,0.2738,0.274,0.2742,0.2743,0.2745,0.2747,0.2748,0.275,0.2752,0.2753,0.2755,0.2757,0.2758,0.276,0.2762,0.2763,0.2765
