# shape=256x256 max_depth=10.0 scene=5cdEh9F2hJL episode=1 step=0,Column1,_1,_2,_3,_4,_5,_6,_7,_8,_9,_10,_11,_12,_13,_14,_15,_16,_17,_18,_19,_20,_21,_22,_23,_24,_25,_26,_27,_28,_29,_30,_31,_32,_33,_34,_35,_36,_37,_38,_39,_40,_41,_42,_43,_44,_45,_46,_47,_48,_49,_50,_51,_52,_53,_54,_55,_56,_57,_58,_59,_60,_61,_62,_63,_64,_65,_66,_67,_68,_69,_70,_71,_72,_73,_74,_75,_76,_77,_78,_79,_80,_81,_82,_83,_84,_85,_86,_87,_88,_89,_90,_91,_92,_93,_94,_95,_96,_97,_98,_99,_100,_101,_102,_103,_104,_105,_106,_107,_108,_109,_110,_111,_112,_113,_114,_115,_116,_117,_118,_119,_120,_121,_122,_123,_124,_125,_126,_127,_128,_129,_130,_131,_132,_133,_134,_135,_136,_137,_138,_139,_140,_141,_142,_143,_144,_145,_146,_147,_148,_149,_150,_151,_152,_153,_154,_155,_156,_157,_158,_159,_160,_161,_162,_163,_164,_165,_166,_167,_168,_169,_170,_171,_172,_173,_174,_175,_176,_177,_178,_179,_180,_181,_182,_183,_184,_185,_186,_187,_188,_189,_190,_191,_192,_193,_194,_195,_196,_197,_198,_199,_200,_201,_202,_203,_204,_205,_206,_207,_208,_209,_210,_211,_212,_213,_214,_215,_216,_217,_218,_219,_220,_221,_222,_223,_224,_225,_226,_227,_228,_229,_230,_231,_232,_233,_234,_235,_236,_237,_238,_239,_240,_241,_242,_243,_244,_245,_246,_247,_248,_249,_250,_251,_252,_253,_254
0.4726,0.4729,0.4732,0.4736,0.4739,0.4743,0.4746,0.475,0.4753,0.4756,0.476,0.4763,0.4767,0.477,0.4774,0.4777,0.4781,0.4784,0.4788,0.4791,0.4795,0.4798,0.4802,0.4805,0.4809,0.4812,0.4816,0.4819,0.4823,0.4826,0.483,0.4833,0.4837,0.4841,0.4844,0.4848,0.4851,0.4855,0.4859,0.4862,0.4866,0.4869,0.4873,0.4877,0.488,0.4884,0.4887,0.4891,0.4895,0.4898,0.4902,0.4906,0.4909,0.4913,0.4917,0.492,0.4924,0.4928,0.4931,0.4935,0.4939,0.4943,0.4946,0.495,0.4954,0.4958,0.4962,0.4966,0.4971,0.4976,0.498,0.4985,0.4989,0.4994,0.4999,0.5003,0.5008,0.5012,0.5017,0.5022,0.5026,0.5031,0.5036,0.5041,0.5028,0.4994,0.4959,0.4925,0.4892,0.4859,0.4826,0.4799,0.48,0.48,0.0489,0.0484,0.0479,0.0479,0.0478,0.0477,0.0477,0.0477,0.0476,0.0476,0.0476,0.0475,0.0475,0.0475,0.0474,0.0474,0.0474,0.0475,0.0475,0.0475,0.0475,0.0475,0.0475,0.0475,0.0475,0.0475,0.0476,0.0476,0.0476,0.0476,0.0476,0.0476,0.0476,0.0476,0.0476,0.0477,0.0477,0.0477,0.0477,0.0477,0.0477,0.0477,0.0477,0.0477,0.0477,0.0477,0.0477,0.0477,0.0477,0.0477,0.0477,0.0477,0.0478,0.0478,0.0478,0.0478,0.0478,0.0478,0.0478,0.0478,0.0478,0.0478,0.0478,0.0478,0.0479,0.0479,0.0483,0.4852,0.4868,0.4889,0.491,0.4932,0.4954,0.4976,0.5016,0.5054,0.5096,0.5139,0.5182,0.5226,0.5271,0.5319,0.5748,0.5752,0.5756,0.576,0.5763,0.5768,0.5775,0.5782,0.5788,0.5795,0.5802,0.5806,0.5809,0.5812,0.5822,0.5832,0.5838,0.5843,0.5848,0.5853,0.5859,0.5864,0.5869,0.5875,0.588,0.5885,0.5891,0.5896,0.5902,0.5907,0.5912,0.5918,0.5923,0.5929,0.5934,0.594,0.5945,0.5951,0.5956,0.5962,0.5967,0.5973,0.5978,0.5984,0.5989,0.5995,0.6,0.6006,0.6011,0.6016,0.6022,0.6027,0.6032,0.6038,0.6043,0.6048,0.6053,0.6059,0.6064,0.607,0.6075,0.608,0.6086,0.6091,0.6096,0.6102,0.6107,0.6113,0.6118,0.6124,0.6129,0.6135,0.6272,0.64,1.5484,1.5486,1.5488,1.549,1.5491,1.5493
0.4718,0.4722,0.4725,0.4729,0.4732,0.4735,0.4739,0.4742,0.4746,0.4749,0.4753,0.4756,0.4759,0.4763,0.4766,0.477,0.4773,0.4777,0.478,0.4784,0.4787,0.4791,0.4794,0.4798,0.4801,0.4805,0.4808,0.4812,0.4815,0.4819,0.4822,0.4826,0.4829,0.4833,0.4837,0.484,0.4844,0.4847,0.4851,0.4854,0.4858,0.4862,0.4865,0.4869,0.4872,0.4876,0.488,0.4883,0.4887,0.4891,0.4894,0.4898,0.4902,0.4905,0.4909,0.4913,0.4916,0.492,0.4924,0.4927,0.4931,0.4935,0.4938,0.4942,0.4946,0.4951,0.4955,0.496,0.4965,0.4969,0.4974,0.4978,0.4983,0.4987,0.4992,0.4997,0.5001,0.5006,0.501,0.5015,0.502,0.5024,0.5029,0.5034,0.5038,0.5033,0.4998,0.4963,0.4929,0.4896,0.4863,0.4831,0.4831,0.4831,0.4832,0.0489,0.0484,0.0482,0.0482,0.0481,0.0481,0.0481,0.048,0.048,0.0479,0.0479,0.0479,0.0478,0.0478,0.0478,0.0478,0.0478,0.0478,0.0479,0.0479,0.0479,0.0479,0.0479,0.0479,0.0479,0.0479,0.0479,0.048,0.048,0.048,0.048,0.048,0.048,0.048,0.048,0.048,0.0481,0.0481,0.0481,0.0481,0.0481,0.0481,0.0481,0.0481,0.0481,0.0481,0.0481,0.0481,0.0481,0.0481,0.0481,0.0481,0.0481,0.0481,0.0481,0.0481,0.0481,0.0481,0.0481,0.0481,0.0481,0.0482,0.0482,0.0482,0.0483,0.0489,0.488,0.4901,0.4923,0.4944,0.4966,0.4988,0.501,0.5046,0.5087,0.513,0.5173,0.5217,0.5262,0.5309,0.5732,0.5736,0.574,0.5743,0.5746,0.5752,0.5759,0.5765,0.5772,0.5779,0.5785,0.5792,0.5796,0.5799,0.5802,0.5813,0.5822,0.5828,0.5833,0.5838,0.5843,0.5849,0.5854,0.5859,0.5865,0.587,0.5875,0.5881,0.5886,0.5891,0.5897,0.5902,0.5908,0.5913,0.5919,0.5924,0.5929,0.5935,0.594,0.5946,0.5951,0.5957,0.5962,0.5968,0.5973,0.5979,0.5984,0.599,0.5995,0.6001,0.6006,0.6011,0.6017,0.6022,0.6027,0.6033,0.6038,0.6043,0.6048,0.6054,0.6059,0.6065,0.607,0.6075,0.6081,0.6086,0.6091,0.6097,0.6102,0.6108,0.6113,0.6119,0.6124,0.6235,0.6362,1.5593,1.5595,1.5597,1.5599,1.5601,1.5603
0.4711,0.4715,0.4718,0.4721,0.4725,0.4728,0.4732,0.4735,0.4738,0.4742,0.4745,0.4749,0.4752,0.4756,0.4759,0.4762,0.4766,0.4769,0.4773,0.4776,0.478,0.4783,0.4787,0.479,0.4794,0.4797,0.4801,0.4804,0.4808,0.4811,0.4815,0.4818,0.4822,0.4825,0.4829,0.4833,0.4836,0.484,0.4843,0.4847,0.485,0.4854,0.4858,0.4861,0.4865,0.4868,0.4872,0.4876,0.4879,0.4883,0.4887,0.489,0.4894,0.4897,0.4901,0.4905,0.4908,0.4912,0.4916,0.4919,0.4923,0.4927,0.4931,0.4935,0.494,0.4944,0.4949,0.4953,0.4958,0.4963,0.4967,0.4972,0.4976,0.4981,0.4985,0.499,0.4995,0.4999,0.5004,0.5008,0.5013,0.5018,0.5022,0.5027,0.5032,0.5036,0.5037,0.5002,0.4967,0.4933,0.4899,0.4866,0.4863,0.4863,0.4863,0.0495,0.0489,0.0486,0.0486,0.0485,0.0485,0.0484,0.0484,0.0484,0.0483,0.0483,0.0483,0.0482,0.0482,0.0482,0.0482,0.0482,0.0482,0.0482,0.0482,0.0483,0.0483,0.0483,0.0483,0.0483,0.0483,0.0483,0.0483,0.0483,0.0484,0.0484,0.0484,0.0484,0.0484,0.0484,0.0484,0.0484,0.0485,0.0485,0.0485,0.0485,0.0485,0.0485,0.0485,0.0485,0.0485,0.0485,0.0485,0.0485,0.0485,0.0485,0.0485,0.0485,0.0485,0.0485,0.0485,0.0485,0.0485,0.0485,0.0485,0.0485,0.0486,0.0486,0.0486,0.0488,0.0495,0.4913,0.4935,0.4957,0.4979,0.5001,0.5079,0.5069,0.509,0.5121,0.5164,0.5208,0.5253,0.5679,0.5716,0.572,0.5724,0.5727,0.573,0.5736,0.5743,0.5749,0.5756,0.5762,0.5769,0.5776,0.5782,0.5786,0.5789,0.5792,0.5805,0.5813,0.5818,0.5823,0.5828,0.5834,0.5839,0.5844,0.5849,0.5855,0.586,0.5865,0.5871,0.5876,0.5881,0.5887,0.5892,0.5898,0.5903,0.5908,0.5914,0.5919,0.5925,0.593,0.5935,0.5941,0.5946,0.5952,0.5957,0.5963,0.5968,0.5974,0.5979,0.5985,0.5991,0.5996,0.6001,0.6006,0.6012,0.6017,0.6022,0.6028,0.6033,0.6038,0.6043,0.6049,0.6054,0.6059,0.6065,0.607,0.6076,0.6081,0.6086,0.6092,0.6097,0.6103,0.6108,0.6113,0.62,0.6325,1.5704,1.5706,1.5708,1.5709,1.5712,1.5714
0.4704,0.4707,0.4711,0.4714,0.4718,0.4721,0.4724,0.4728,0.4731,0.4735,0.4738,0.4741,0.4745,0.4748,0.4752,0.4755,0.4759,0.4762,0.4766,0.4769,0.4772,0.4776,0.4779,0.4783,0.4786,0.479,0.4793,0.4797,0.48,0.4804,0.4807,0.4811,0.4814,0.4818,0.4822,0.4825,0.4829,0.4832,0.4836,0.4839,0.4843,0.4846,0.485,0.4854,0.4857,0.4861,0.4864,0.4868,0.4872,0.4875,0.4879,0.4882,0.4886,0.489,0.4893,0.4897,0.4901,0.4904,0.4908,0.4912,0.4915,0.492,0.4924,0.4929,0.4933,0.4938,0.4942,0.4947,0.4951,0.4956,0.4961,0.4965,0.497,0.4974,0.4979,0.4983,0.4988,0.4993,0.4997,0.5002,0.5006,0.5011,0.5016,0.502,0.5025,0.503,0.5034,0.5039,0.5006,0.4971,0.4937,0.4903,0.4895,0.4895,0.4896,0.05,0.0495,0.049,0.049,0.0489,0.0489,0.0488,0.0488,0.0488,0.0487,0.0487,0.0486,0.0486,0.0486,0.0486,0.0486,0.0486,0.0486,0.0486,0.0486,0.0486,0.0487,0.0487,0.0487,0.0487,0.0487,0.0487,0.0487,0.0487,0.0488,0.0488,0.0488,0.0488,0.0488,0.0488,0.0488,0.0488,0.0488,0.0489,0.0489,0.0489,0.0489,0.0489,0.0489,0.0489,0.0489,0.0489,0.0489,0.0489,0.0489,0.0489,0.0489,0.0489,0.0489,0.0489,0.0489,0.0489,0.0489,0.0489,0.0489,0.0489,0.049,0.049,0.049,0.0494,0.0501,0.4948,0.4969,0.5022,0.5101,0.5151,0.5132,0.513,0.5151,0.5173,0.52,0.5244,0.5675,0.57,0.5705,0.5708,0.571,0.5714,0.572,0.5727,0.5733,0.574,0.5746,0.5753,0.576,0.5766,0.5773,0.5776,0.5779,0.5783,0.5796,0.5803,0.5808,0.5813,0.5818,0.5824,0.5829,0.5834,0.5839,0.5845,0.585,0.5855,0.5861,0.5866,0.5871,0.5877,0.5882,0.5887,0.5893,0.5898,0.5904,0.5909,0.5914,0.592,0.5925,0.5931,0.5936,0.5942,0.5947,0.5953,0.5958,0.5964,0.5969,0.5975,0.598,0.5986,0.5991,0.5996,0.6002,0.6007,0.6012,0.6017,0.6023,0.6028,0.6033,0.6038,0.6044,0.6049,0.6054,0.606,0.6065,0.607,0.6076,0.6081,0.6087,0.6092,0.6097,0.6103,0.6164,0.6288,1.5816,1.5818,1.582,1.5822,1.5825,1.5828
0.4697,0.47,0.4704,0.4707,0.471,0.4714,0.4717,0.4721,0.4724,0.4727,0.4731,0.4734,0.4738,0.4741,0.4744,0.4748,0.4751,0.4755,0.4758,0.4762,0.4765,0.4769,0.4772,0.4775,0.4779,0.4782,0.4786,0.4789,0.4793,0.4796,0.48,0.4803,0.4807,0.481,0.4814,0.4818,0.4821,0.4825,0.4828,0.4832,0.4835,0.4839,0.4842,0.4846,0.485,0.4853,0.4857,0.486,0.4864,0.4868,0.4871,0.4875,0.4878,0.4882,0.4886,0.4889,0.4893,0.4897,0.49,0.4905,0.4909,0.4914,0.4918,0.4922,0.4927,0.4931,0.4936,0.494,0.4945,0.495,0.4954,0.4959,0.4963,0.4968,0.4972,0.4977,0.4981,0.4986,0.4991,0.4995,0.5,0.5004,0.5009,0.5014,0.5018,0.5023,0.5028,0.5032,0.5037,0.501,0.4975,0.4941,0.4928,0.4928,0.4928,0.0506,0.05,0.0495,0.0494,0.0493,0.0493,0.0492,0.0492,0.0492,0.0491,0.0491,0.049,0.049,0.049,0.049,0.049,0.049,0.049,0.049,0.049,0.049,0.0491,0.0491,0.0491,0.0491,0.0491,0.0491,0.0491,0.0491,0.0491,0.0492,0.0492,0.0492,0.0492,0.0492,0.0492,0.0492,0.0492,0.0492,0.0492,0.0493,0.0493,0.0493,0.0493,0.0493,0.0493,0.0493,0.0493,0.0493,0.0493,0.0493,0.0493,0.0493,0.0493,0.0493,0.0493,0.0493,0.0493,0.0493,0.0493,0.0493,0.0494,0.0494,0.0495,0.0499,0.4966,0.5043,0.5123,0.5206,0.5217,0.5198,0.5179,0.5193,0.5215,0.5237,0.5259,0.5672,0.5685,0.5688,0.5691,0.5694,0.5698,0.5705,0.5711,0.5717,0.5724,0.573,0.5737,0.5744,0.575,0.5757,0.5763,0.5767,0.5769,0.5775,0.5788,0.5793,0.5798,0.5803,0.5809,0.5814,0.5819,0.5824,0.583,0.5835,0.584,0.5845,0.5851,0.5856,0.5861,0.5867,0.5872,0.5877,0.5883,0.5888,0.5893,0.5899,0.5904,0.591,0.5915,0.592,0.5926,0.5931,0.5937,0.5942,0.5948,0.5953,0.5959,0.5964,0.597,0.5975,0.5981,0.5986,0.5991,0.5997,0.6002,0.6007,0.6012,0.6018,0.6023,0.6028,0.6033,0.6039,0.6044,0.6049,0.6055,0.606,0.6065,0.6071,0.6076,0.6082,0.6087,0.6092,0.6098,0.6252,0.6379,1.5932,1.5934,1.5937,1.594,1.5943
0.4690,0.4693,0.4697,0.47,0.4703,0.4707,0.471,0.4713,0.4717,0.472,0.4724,0.4727,0.473,0.4734,0.4737,0.4741,0.4744,0.4747,0.4751,0.4754,0.4758,0.4761,0.4765,0.4768,0.4772,0.4775,0.4779,0.4782,0.4786,0.4789,0.4792,0.4796,0.48,0.4803,0.4807,0.481,0.4814,0.4817,0.4821,0.4824,0.4828,0.4831,0.4835,0.4838,0.4842,0.4846,0.4849,0.4853,0.4856,0.486,0.4864,0.4867,0.4871,0.4874,0.4878,0.4882,0.4885,0.4889,0.4894,0.4898,0.4903,0.4907,0.4912,0.4916,0.4921,0.4925,0.493,0.4934,0.4939,0.4943,0.4948,0.4952,0.4957,0.4961,0.4966,0.497,0.4975,0.4979,0.4984,0.4989,0.4993,0.4998,0.5002,0.5007,0.5012,0.5016,0.5021,0.5026,0.503,0.5035,0.5014,0.4979,0.4961,0.4961,0.4959,0.4942,0.0506,0.05,0.0498,0.0498,0.0497,0.0496,0.0496,0.0496,0.0495,0.0495,0.0494,0.0494,0.0494,0.0494,0.0494,0.0494,0.0494,0.0494,0.0494,0.0494,0.0495,0.0495,0.0495,0.0495,0.0495,0.0495,0.0495,0.0495,0.0496,0.0496,0.0496,0.0496,0.0496,0.0496,0.0496,0.0496,0.0496,0.0496,0.0496,0.0496,0.0496,0.0497,0.0497,0.0497,0.0497,0.0497,0.0497,0.0497,0.0497,0.0497,0.0497,0.0497,0.0497,0.0497,0.0497,0.0497,0.0497,0.0497,0.0497,0.0497,0.0498,0.0498,0.0499,0.0506,0.5146,0.5229,0.5305,0.5285,0.5265,0.5246,0.5235,0.5257,0.528,0.5302,0.5665,0.5669,0.5672,0.5675,0.5678,0.5682,0.5689,0.5695,0.5702,0.5708,0.5715,0.5721,0.5728,0.5734,0.5741,0.5747,0.5754,0.5757,0.576,0.5766,0.5778,0.5783,0.5788,0.5793,0.5799,0.5804,0.5809,0.5814,0.582,0.5825,0.583,0.5835,0.5841,0.5846,0.5851,0.5857,0.5862,0.5867,0.5873,0.5878,0.5883,0.5889,0.5894,0.5899,0.5905,0.591,0.5916,0.5921,0.5927,0.5932,0.5937,0.5943,0.5948,0.5954,0.5959,0.5965,0.597,0.5976,0.5981,0.5986,0.5992,0.5997,0.6002,0.6007,0.6013,0.6018,0.6023,0.6029,0.6034,0.6039,0.6044,0.605,0.6055,0.606,0.6066,0.6071,0.6077,0.6082,0.6087,0.6216,0.6342,1.6048,1.6051,1.6054,1.6057,1.606
0.4683,0.4686,0.4689,0.4693,0.4696,0.4699,0.4703,0.4706,0.471,0.4713,0.4716,0.472,0.4723,0.4727,0.473,0.4733,0.4737,0.474,0.4744,0.4747,0.475,0.4754,0.4757,0.4761,0.4764,0.4768,0.4771,0.4775,0.4778,0.4782,0.4785,0.4789,0.4792,0.4796,0.4799,0.4803,0.4806,0.481,0.4813,0.4817,0.482,0.4824,0.4827,0.4831,0.4834,0.4838,0.4842,0.4845,0.4849,0.4852,0.4856,0.4859,0.4863,0.4867,0.487,0.4874,0.4879,0.4883,0.4888,0.4892,0.4896,0.4901,0.4905,0.491,0.4914,0.4919,0.4923,0.4928,0.4932,0.4937,0.4941,0.4946,0.495,0.4955,0.4959,0.4964,0.4968,0.4973,0.4977,0.4982,0.4987,0.4991,0.4996,0.5,0.5005,0.501,0.5014,0.5019,0.5024,0.5028,0.5033,0.5018,0.4994,0.4993,0.4977,0.496,0.0511,0.0506,0.0502,0.0502,0.0501,0.0501,0.05,0.05,0.0499,0.0499,0.0499,0.0498,0.0498,0.0498,0.0498,0.0498,0.0498,0.0498,0.0498,0.0498,0.0499,0.0499,0.0499,0.0499,0.0499,0.0499,0.0499,0.0499,0.05,0.05,0.05,0.05,0.05,0.05,0.05,0.05,0.05,0.05,0.05,0.05,0.0501,0.0501,0.0501,0.0501,0.0501,0.0501,0.0501,0.0501,0.0501,0.0501,0.0501,0.0501,0.0501,0.0501,0.0501,0.0501,0.0501,0.0501,0.0501,0.0501,0.0502,0.0502,0.0505,0.0512,0.5339,0.5375,0.5355,0.5334,0.5314,0.5294,0.5301,0.5323,0.56,0.565,0.5653,0.5656,0.5659,0.5662,0.5667,0.5673,0.568,0.5686,0.5692,0.5699,0.5705,0.5712,0.5718,0.5725,0.5731,0.5738,0.5744,0.5747,0.575,0.5758,0.5768,0.5773,0.5779,0.5784,0.5789,0.5794,0.5799,0.5805,0.581,0.5815,0.582,0.5826,0.5831,0.5836,0.5841,0.5847,0.5852,0.5857,0.5863,0.5868,0.5873,0.5879,0.5884,0.5889,0.5895,0.59,0.5905,0.5911,0.5916,0.5922,0.5927,0.5933,0.5938,0.5944,0.5949,0.5955,0.596,0.5966,0.5971,0.5976,0.5982,0.5987,0.5992,0.5997,0.6003,0.6008,0.6013,0.6018,0.6024,0.6029,0.6034,0.6039,0.6045,0.605,0.6055,0.6061,0.6066,0.6071,0.6077,0.618,0.6305,1.6166,1.6169,1.6172,1.6175,1.6178
0.4676,0.4679,0.4682,0.4686,0.4689,0.4692,0.4696,0.4699,0.4702,0.4706,0.4709,0.4713,0.4716,0.4719,0.4723,0.4726,0.473,0.4733,0.4736,0.474,0.4743,0.4747,0.475,0.4753,0.4757,0.476,0.4764,0.4767,0.4771,0.4774,0.4778,0.4781,0.4785,0.4788,0.4792,0.4795,0.4799,0.4802,0.4806,0.4809,0.4813,0.4816,0.482,0.4823,0.4827,0.483,0.4834,0.4838,0.4841,0.4845,0.4848,0.4852,0.4855,0.4859,0.4864,0.4868,0.4872,0.4877,0.4881,0.4886,0.489,0.4894,0.4899,0.4903,0.4908,0.4912,0.4917,0.4921,0.4926,0.493,0.4935,0.4939,0.4944,0.4948,0.4953,0.4957,0.4962,0.4966,0.4971,0.4975,0.498,0.4985,0.4989,0.4994,0.4998,0.5003,0.5008,0.5012,0.5017,0.5022,0.5026,0.5031,0.5028,0.5011,0.4995,0.4978,0.0517,0.0511,0.0507,0.0506,0.0506,0.0505,0.0504,0.0504,0.0504,0.0503,0.0503,0.0502,0.0502,0.0502,0.0502,0.0502,0.0502,0.0502,0.0503,0.0503,0.0503,0.0503,0.0503,0.0503,0.0503,0.0503,0.0504,0.0504,0.0504,0.0504,0.0504,0.0504,0.0504,0.0504,0.0504,0.0504,0.0505,0.0505,0.0505,0.0505,0.0505,0.0505,0.0505,0.0505,0.0505,0.0505,0.0505,0.0505,0.0505,0.0505,0.0505,0.0505,0.0505,0.0505,0.0505,0.0505,0.0505,0.0505,0.0505,0.0506,0.0506,0.0507,0.0511,0.5432,0.544,0.5426,0.5405,0.5385,0.5364,0.5345,0.5368,0.5601,0.5634,0.5637,0.564,0.5643,0.5646,0.5651,0.5658,0.5664,0.567,0.5677,0.5683,0.569,0.5696,0.5702,0.5709,0.5715,0.5722,0.5728,0.5735,0.5738,0.574,0.575,0.5759,0.5764,0.5769,0.5774,0.5779,0.5784,0.579,0.5795,0.58,0.5805,0.581,0.5816,0.5821,0.5826,0.5831,0.5837,0.5842,0.5847,0.5853,0.5858,0.5863,0.5869,0.5874,0.5879,0.5885,0.589,0.5895,0.5901,0.5906,0.5912,0.5917,0.5922,0.5928,0.5933,0.5939,0.5944,0.595,0.5955,0.5961,0.5966,0.5972,0.5977,0.5982,0.5987,0.5992,0.5998,0.6003,0.6008,0.6013,0.6019,0.6024,0.6029,0.6034,0.604,0.6045,0.605,0.6056,0.6061,0.6066,0.6145,0.6268,1.6286,1.6289,1.6292,1.6295,1.6298
0.4669,0.4672,0.4675,0.4679,0.4682,0.4685,0.4689,0.4692,0.4695,0.4699,0.4702,0.4705,0.4709,0.4712,0.4716,0.4719,0.4722,0.4726,0.4729,0.4733,0.4736,0.4739,0.4743,0.4746,0.475,0.4753,0.4757,0.476,0.4763,0.4767,0.477,0.4774,0.4777,0.4781,0.4784,0.4788,0.4791,0.4795,0.4798,0.4802,0.4805,0.4809,0.4812,0.4816,0.4819,0.4823,0.4826,0.483,0.4834,0.4837,0.4841,0.4844,0.4849,0.4853,0.4857,0.4862,0.4866,0.487,0.4875,0.4879,0.4884,0.4888,0.4893,0.4897,0.4901,0.4906,0.491,0.4915,0.4919,0.4924,0.4928,0.4933,0.4937,0.4942,0.4946,0.4951,0.4955,0.496,0.4964,0.4969,0.4974,0.4978,0.4983,0.4987,0.4992,0.4996,0.5001,0.5006,0.501,0.5015,0.502,0.5025,0.503,0.5035,0.5019,0.5002,0.4986,0.0517,0.0511,0.0511,0.051,0.0509,0.0509,0.0508,0.0508,0.0507,0.0507,0.0507,0.0506,0.0506,0.0506,0.0506,0.0506,0.0507,0.0507,0.0507,0.0507,0.0507,0.0507,0.0507,0.0507,0.0508,0.0508,0.0508,0.0508,0.0508,0.0508,0.0508,0.0509,0.0509,0.0509,0.0509,0.0509,0.0509,0.0509,0.0509,0.0509,0.0509,0.0509,0.0509,0.0509,0.0509,0.0509,0.0509,0.0509,0.0509,0.0509,0.0509,0.0509,0.0509,0.0509,0.0509,0.0509,0.0509,0.051,0.051,0.0511,0.0511,0.0517,0.5438,0.5449,0.5449,0.5445,0.5436,0.5415,0.5413,0.5535,0.5618,0.5621,0.5624,0.5627,0.563,0.5636,0.5642,0.5649,0.5655,0.5661,0.5668,0.5674,0.568,0.5687,0.5693,0.57,0.5706,0.5713,0.5719,0.5725,0.5728,0.5731,0.5741,0.5749,0.5754,0.5759,0.5764,0.5769,0.5775,0.578,0.5785,0.579,0.5795,0.5801,0.5806,0.5811,0.5816,0.5821,0.5827,0.5832,0.5837,0.5843,0.5848,0.5853,0.5859,0.5864,0.5869,0.5875,0.588,0.5885,0.5891,0.5896,0.5901,0.5907,0.5912,0.5918,0.5923,0.5928,0.5934,0.5939,0.5945,0.595,0.5956,0.5961,0.5967,0.5972,0.5977,0.5982,0.5987,0.5993,0.5998,0.6003,0.6008,0.6014,0.6019,0.6024,0.6029,0.6035,0.604,0.6045,0.6051,0.6056,0.6111,0.6232,1.6408,1.6411,1.6414,1.6417,1.642
0.4662,0.4665,0.4668,0.4671,0.4675,0.4678,0.4681,0.4685,0.4688,0.4692,0.4695,0.4698,0.4702,0.4705,0.4708,0.4712,0.4715,0.4718,0.4722,0.4725,0.4729,0.4732,0.4735,0.4739,0.4742,0.4746,0.4749,0.4753,0.4756,0.476,0.4763,0.4766,0.477,0.4773,0.4777,0.478,0.4784,0.4787,0.4791,0.4794,0.4798,0.4801,0.4805,0.4808,0.4812,0.4815,0.4819,0.4822,0.4826,0.483,0.4834,0.4838,0.4842,0.4847,0.4851,0.4855,0.486,0.4864,0.4869,0.4873,0.4877,0.4882,0.4886,0.4891,0.4895,0.4899,0.4904,0.4908,0.4913,0.4917,0.4922,0.4926,0.4931,0.4935,0.494,0.4944,0.4949,0.4953,0.4958,0.4962,0.4967,0.4972,0.4976,0.4981,0.4985,0.499,0.4994,0.4999,0.5004,0.5009,0.5015,0.502,0.5025,0.503,0.5035,0.5027,0.501,0.0523,0.0517,0.0515,0.0514,0.0514,0.0513,0.0513,0.0512,0.0512,0.0511,0.0511,0.0511,0.051,0.051,0.0511,0.0511,0.0511,0.0511,0.0511,0.0511,0.0511,0.0512,0.0512,0.0512,0.0512,0.0512,0.0512,0.0512,0.0512,0.0513,0.0513,0.0513,0.0513,0.0513,0.0513,0.0513,0.0513,0.0513,0.0513,0.0513,0.0513,0.0513,0.0513,0.0513,0.0513,0.0513,0.0513,0.0513,0.0513,0.0513,0.0513,0.0513,0.0513,0.0513,0.0513,0.0513,0.0514,0.0514,0.0515,0.0515,0.0517,0.0524,0.5444,0.5455,0.5463,0.5459,0.5454,0.5449,0.5473,0.5571,0.5605,0.5608,0.5611,0.5614,0.5621,0.5627,0.5633,0.5639,0.5646,0.5652,0.5658,0.5665,0.5671,0.5678,0.5684,0.569,0.5697,0.5703,0.571,0.5716,0.5718,0.5721,0.5733,0.5739,0.5744,0.5749,0.5755,0.576,0.5765,0.577,0.5775,0.578,0.5786,0.5791,0.5796,0.5801,0.5806,0.5812,0.5817,0.5822,0.5827,0.5833,0.5838,0.5843,0.5849,0.5854,0.5859,0.5864,0.587,0.5875,0.5881,0.5886,0.5891,0.5897,0.5902,0.5907,0.5913,0.5918,0.5924,0.5929,0.5935,0.594,0.5946,0.5951,0.5956,0.5962,0.5967,0.5972,0.5977,0.5983,0.5988,0.5993,0.5998,0.6003,0.6009,0.6014,0.6019,0.6024,0.603,0.6035,0.604,0.6046,0.6051,0.6196,0.6321,1.6535,1.6538,1.6541,1.6544
0.4655,0.4658,0.4661,0.4664,0.4668,0.4671,0.4674,0.4678,0.4681,0.4684,0.4688,0.4691,0.4694,0.4698,0.4701,0.4705,0.4708,0.4711,0.4715,0.4718,0.4721,0.4725,0.4728,0.4732,0.4735,0.4739,0.4742,0.4745,0.4749,0.4752,0.4756,0.4759,0.4763,0.4766,0.4769,0.4773,0.4776,0.478,0.4783,0.4787,0.479,0.4794,0.4797,0.4801,0.4804,0.4808,0.4811,0.4815,0.4819,0.4823,0.4828,0.4832,0.4836,0.4841,0.4845,0.4849,0.4854,0.4858,0.4862,0.4867,0.4871,0.4875,0.488,0.4884,0.4889,0.4893,0.4898,0.4902,0.4906,0.4911,0.4915,0.492,0.4924,0.4929,0.4933,0.4938,0.4942,0.4947,0.4951,0.4956,0.496,0.4965,0.497,0.4974,0.4979,0.4984,0.4989,0.4994,0.4999,0.5004,0.5009,0.5014,0.502,0.5025,0.503,0.5035,0.5034,0.0529,0.0523,0.0519,0.0519,0.0518,0.0518,0.0517,0.0517,0.0516,0.0516,0.0515,0.0515,0.0515,0.0515,0.0515,0.0515,0.0515,0.0515,0.0516,0.0516,0.0516,0.0516,0.0516,0.0516,0.0516,0.0516,0.0517,0.0517,0.0517,0.0517,0.0517,0.0517,0.0517,0.0517,0.0517,0.0517,0.0517,0.0517,0.0517,0.0517,0.0517,0.0517,0.0517,0.0517,0.0517,0.0517,0.0517,0.0518,0.0518,0.0518,0.0518,0.0518,0.0518,0.0518,0.0518,0.0518,0.0518,0.0519,0.0519,0.052,0.0523,0.5438,0.5449,0.5461,0.5472,0.5473,0.5468,0.5463,0.5508,0.559,0.5592,0.5595,0.5599,0.5605,0.5612,0.5618,0.5624,0.563,0.5637,0.5643,0.5649,0.5656,0.5662,0.5668,0.5675,0.5681,0.5688,0.5694,0.57,0.5706,0.5709,0.5712,0.5725,0.573,0.5735,0.574,0.5745,0.575,0.5755,0.576,0.5766,0.5771,0.5776,0.5781,0.5786,0.5791,0.5797,0.5802,0.5807,0.5812,0.5818,0.5823,0.5828,0.5833,0.5839,0.5844,0.5849,0.5854,0.586,0.5865,0.587,0.5876,0.5881,0.5887,0.5892,0.5897,0.5903,0.5908,0.5913,0.5919,0.5924,0.593,0.5935,0.5941,0.5946,0.5952,0.5957,0.5962,0.5967,0.5972,0.5978,0.5983,0.5988,0.5993,0.5999,0.6004,0.6009,0.6014,0.602,0.6025,0.603,0.6035,0.6041,0.6161,0.6285,1.666,1.6663,1.6666,1.6669
0.4648,0.4651,0.4654,0.4657,0.4661,0.4664,0.4667,0.4671,0.4674,0.4677,0.4681,0.4684,0.4687,0.4691,0.4694,0.4697,0.4701,0.4704,0.4708,0.4711,0.4714,0.4718,0.4721,0.4724,0.4728,0.4731,0.4735,0.4738,0.4742,0.4745,0.4748,0.4752,0.4755,0.4759,0.4762,0.4766,0.4769,0.4773,0.4776,0.4779,0.4783,0.4786,0.479,0.4793,0.4797,0.48,0.4804,0.4809,0.4813,0.4817,0.4821,0.4826,0.483,0.4834,0.4839,0.4843,0.4847,0.4852,0.4856,0.486,0.4865,0.4869,0.4874,0.4878,0.4882,0.4887,0.4891,0.4896,0.49,0.4905,0.4909,0.4913,0.4918,0.4922,0.4927,0.4931,0.4936,0.494,0.4945,0.4949,0.4954,0.4958,0.4963,0.4968,0.4973,0.4978,0.4984,0.4989,0.4994,0.4999,0.5004,0.5009,0.5014,0.5019,0.5025,0.503,0.5035,0.0536,0.0529,0.0524,0.0523,0.0523,0.0522,0.0522,0.0521,0.0521,0.052,0.052,0.0519,0.0519,0.0519,0.0519,0.052,0.052,0.052,0.052,0.052,0.052,0.052,0.052,0.0521,0.0521,0.0521,0.0521,0.0521,0.0521,0.0521,0.0521,0.0521,0.0521,0.0521,0.0522,0.0522,0.0522,0.0522,0.0522,0.0522,0.0522,0.0522,0.0522,0.0522,0.0522,0.0522,0.0522,0.0522,0.0522,0.0522,0.0522,0.0522,0.0522,0.0522,0.0522,0.0522,0.0523,0.0523,0.0524,0.0524,0.0529,0.5444,0.5455,0.5466,0.5478,0.5486,0.5482,0.5477,0.5544,0.5577,0.558,0.5584,0.559,0.5596,0.5603,0.5609,0.5615,0.5621,0.5628,0.5634,0.564,0.5646,0.5653,0.5659,0.5666,0.5672,0.5678,0.5685,0.5691,0.5696,0.5699,0.5704,0.5715,0.572,0.5725,0.573,0.5735,0.574,0.5746,0.5751,0.5756,0.5761,0.5766,0.5771,0.5776,0.5782,0.5787,0.5792,0.5797,0.5802,0.5808,0.5813,0.5818,0.5823,0.5829,0.5834,0.5839,0.5844,0.585,0.5855,0.586,0.5866,0.5871,0.5876,0.5882,0.5887,0.5893,0.5898,0.5903,0.5909,0.5914,0.592,0.5925,0.593,0.5936,0.5941,0.5947,0.5952,0.5957,0.5962,0.5968,0.5973,0.5978,0.5983,0.5988,0.5994,0.5999,0.6004,0.6009,0.6015,0.602,0.6025,0.603,0.6126,0.6248,1.6787,1.679,1.6794,1.6797
0.4641,0.4644,0.4647,0.465,0.4654,0.4657,0.466,0.4664,0.4667,0.467,0.4674,0.4677,0.468,0.4684,0.4687,0.469,0.4694,0.4697,0.47,0.4704,0.4707,0.471,0.4714,0.4717,0.4721,0.4724,0.4727,0.4731,0.4734,0.4738,0.4741,0.4745,0.4748,0.4751,0.4755,0.4758,0.4762,0.4765,0.4769,0.4772,0.4776,0.4779,0.4783,0.4786,0.479,0.4794,0.4798,0.4802,0.4807,0.4811,0.4815,0.482,0.4824,0.4828,0.4833,0.4837,0.4841,0.4845,0.485,0.4854,0.4859,0.4863,0.4867,0.4872,0.4876,0.488,0.4885,0.4889,0.4894,0.4898,0.4903,0.4907,0.4911,0.4916,0.492,0.4925,0.4929,0.4934,0.4938,0.4943,0.4948,0.4953,0.4958,0.4963,0.4968,0.4973,0.4978,0.4983,0.4988,0.4994,0.4999,0.5004,0.5009,0.5014,0.5019,0.5024,0.5029,0.5035,0.0536,0.0529,0.0528,0.0528,0.0527,0.0526,0.0526,0.0525,0.0525,0.0524,0.0524,0.0524,0.0524,0.0524,0.0524,0.0524,0.0524,0.0524,0.0525,0.0525,0.0525,0.0525,0.0525,0.0525,0.0525,0.0526,0.0526,0.0526,0.0526,0.0526,0.0526,0.0526,0.0526,0.0526,0.0526,0.0526,0.0526,0.0526,0.0526,0.0526,0.0526,0.0526,0.0526,0.0526,0.0526,0.0526,0.0526,0.0526,0.0526,0.0526,0.0526,0.0526,0.0526,0.0527,0.0527,0.0527,0.0528,0.0528,0.0529,0.0536,0.5449,0.546,0.5472,0.5483,0.5495,0.5496,0.5495,0.5561,0.5564,0.5569,0.5575,0.5581,0.5587,0.5594,0.56,0.5606,0.5612,0.5619,0.5625,0.5631,0.5637,0.5644,0.565,0.5656,0.5663,0.5669,0.5675,0.5682,0.5687,0.569,0.5696,0.5706,0.5711,0.5716,0.5721,0.5726,0.5731,0.5736,0.5741,0.5746,0.5751,0.5756,0.5762,0.5767,0.5772,0.5777,0.5782,0.5787,0.5793,0.5798,0.5803,0.5808,0.5814,0.5819,0.5824,0.5829,0.5835,0.584,0.5845,0.585,0.5856,0.5861,0.5866,0.5872,0.5877,0.5882,0.5888,0.5893,0.5899,0.5904,0.5909,0.5915,0.592,0.5926,0.5931,0.5937,0.5942,0.5947,0.5952,0.5958,0.5963,0.5968,0.5973,0.5978,0.5983,0.5989,0.5994,0.5999,0.6004,0.601,0.6015,0.602,0.6092,0.6213,1.6917,1.692,1.6923,1.6926
0.4634,0.4637,0.464,0.4643,0.4647,0.465,0.4653,0.4657,0.466,0.4663,0.4667,0.467,0.4673,0.4677,0.468,0.4683,0.4687,0.469,0.4693,0.4697,0.47,0.4703,0.4707,0.471,0.4713,0.4717,0.472,0.4724,0.4727,0.473,0.4734,0.4737,0.4741,0.4744,0.4748,0.4751,0.4754,0.4758,0.4761,0.4765,0.4768,0.4772,0.4775,0.4779,0.4784,0.4788,0.4792,0.4796,0.4801,0.4805,0.4809,0.4813,0.4818,0.4822,0.4826,0.4831,0.4835,0.4839,0.4844,0.4848,0.4852,0.4857,0.4861,0.4865,0.487,0.4874,0.4879,0.4883,0.4887,0.4892,0.4896,0.4901,0.4905,0.491,0.4914,0.4918,0.4923,0.4928,0.4933,0.4938,0.4943,0.4948,0.4953,0.4958,0.4963,0.4968,0.4973,0.4978,0.4983,0.4988,0.4993,0.4998,0.5004,0.5009,0.5014,0.5019,0.5024,0.5029,0.0542,0.0536,0.0533,0.0532,0.0532,0.0531,0.053,0.053,0.0529,0.0529,0.0529,0.0528,0.0528,0.0528,0.0529,0.0529,0.0529,0.0529,0.0529,0.0529,0.0529,0.053,0.053,0.053,0.053,0.053,0.053,0.053,0.053,0.053,0.053,0.053,0.053,0.053,0.0531,0.0531,0.0531,0.0531,0.0531,0.0531,0.0531,0.0531,0.0531,0.0531,0.0531,0.0531,0.0531,0.0531,0.0531,0.0531,0.0531,0.0531,0.0531,0.0531,0.0531,0.0532,0.0533,0.0533,0.0536,0.0544,0.5455,0.5466,0.5477,0.5489,0.55,0.551,0.5517,0.5548,0.5554,0.556,0.5566,0.5572,0.5578,0.5585,0.5591,0.5597,0.5603,0.5609,0.5616,0.5622,0.5628,0.5635,0.5641,0.5647,0.5654,0.566,0.5666,0.5673,0.5678,0.568,0.5687,0.5696,0.5701,0.5706,0.5711,0.5716,0.5721,0.5726,0.5732,0.5737,0.5742,0.5747,0.5752,0.5757,0.5762,0.5767,0.5773,0.5778,0.5783,0.5788,0.5793,0.5798,0.5804,0.5809,0.5814,0.5819,0.5825,0.583,0.5835,0.584,0.5846,0.5851,0.5856,0.5862,0.5867,0.5872,0.5878,0.5883,0.5888,0.5894,0.5899,0.5905,0.591,0.5915,0.5921,0.5926,0.5932,0.5937,0.5942,0.5948,0.5953,0.5958,0.5963,0.5968,0.5973,0.5979,0.5984,0.5989,0.5994,0.5999,0.6005,0.601,0.6058,0.6177,0.6301,1.7051,1.7054,1.7057
0.4627,0.463,0.4633,0.4636,0.464,0.4643,0.4646,0.465,0.4653,0.4656,0.466,0.4663,0.4666,0.4669,0.4673,0.4676,0.4679,0.4683,0.4686,0.4689,0.4693,0.4696,0.47,0.4703,0.4706,0.471,0.4713,0.4716,0.472,0.4723,0.4727,0.473,0.4733,0.4737,0.474,0.4744,0.4747,0.4751,0.4754,0.4757,0.4761,0.4765,0.4769,0.4773,0.4778,0.4782,0.4786,0.479,0.4795,0.4799,0.4803,0.4807,0.4812,0.4816,0.482,0.4824,0.4829,0.4833,0.4837,0.4842,0.4846,0.485,0.4855,0.4859,0.4864,0.4868,0.4872,0.4877,0.4881,0.4885,0.489,0.4894,0.4899,0.4903,0.4908,0.4913,0.4918,0.4923,0.4928,0.4933,0.4938,0.4943,0.4948,0.4953,0.4958,0.4963,0.4968,0.4973,0.4978,0.4983,0.4988,0.4993,0.4998,0.5003,0.5009,0.5014,0.5019,0.5024,0.0549,0.0542,0.0538,0.0537,0.0536,0.0536,0.0535,0.0535,0.0534,0.0534,0.0533,0.0533,0.0533,0.0533,0.0533,0.0533,0.0534,0.0534,0.0534,0.0534,0.0534,0.0534,0.0534,0.0535,0.0535,0.0535,0.0535,0.0535,0.0535,0.0535,0.0535,0.0535,0.0535,0.0535,0.0535,0.0535,0.0535,0.0535,0.0535,0.0535,0.0535,0.0535,0.0535,0.0535,0.0535,0.0535,0.0535,0.0535,0.0536,0.0536,0.0536,0.0536,0.0536,0.0536,0.0536,0.0537,0.0537,0.0538,0.0542,0.5449,0.546,0.5472,0.5483,0.5495,0.5506,0.5518,0.5533,0.5539,0.5545,0.5551,0.5557,0.5563,0.557,0.5576,0.5582,0.5588,0.5594,0.5601,0.5607,0.5613,0.5619,0.5626,0.5632,0.5638,0.5644,0.5651,0.5657,0.5663,0.5668,0.5671,0.5679,0.5687,0.5692,0.5697,0.5702,0.5707,0.5712,0.5717,0.5722,0.5727,0.5732,0.5737,0.5742,0.5747,0.5753,0.5758,0.5763,0.5768,0.5773,0.5778,0.5783,0.5789,0.5794,0.5799,0.5804,0.581,0.5815,0.582,0.5825,0.5831,0.5836,0.5841,0.5846,0.5852,0.5857,0.5862,0.5868,0.5873,0.5878,0.5884,0.5889,0.5894,0.59,0.5905,0.5911,0.5916,0.5921,0.5927,0.5932,0.5938,0.5943,0.5948,0.5953,0.5958,0.5963,0.5969,0.5974,0.5979,0.5984,0.5989,0.5995,0.6,0.6005,0.6142,0.6265,1.7184,1.7188,1.7191
0.4620,0.4623,0.4626,0.463,0.4633,0.4636,0.4639,0.4643,0.4646,0.4649,0.4653,0.4656,0.4659,0.4662,0.4666,0.4669,0.4672,0.4676,0.4679,0.4682,0.4686,0.4689,0.4692,0.4696,0.4699,0.4702,0.4706,0.4709,0.4713,0.4716,0.4719,0.4723,0.4726,0.473,0.4733,0.4736,0.474,0.4743,0.4747,0.4751,0.4755,0.4759,0.4763,0.4767,0.4772,0.4776,0.478,0.4784,0.4788,0.4793,0.4797,0.4801,0.4805,0.481,0.4814,0.4818,0.4823,0.4827,0.4831,0.4836,0.484,0.4844,0.4849,0.4853,0.4857,0.4862,0.4866,0.487,0.4875,0.4879,0.4884,0.4888,0.4893,0.4898,0.4903,0.4908,0.4913,0.4918,0.4923,0.4928,0.4933,0.4938,0.4943,0.4948,0.4953,0.4958,0.4963,0.4968,0.4973,0.4978,0.4983,0.4988,0.4993,0.4998,0.5003,0.5008,0.5014,0.5019,0.0555,0.0549,0.0543,0.0542,0.0541,0.0541,0.054,0.0539,0.0539,0.0538,0.0538,0.0538,0.0538,0.0538,0.0538,0.0538,0.0538,0.0538,0.0539,0.0539,0.0539,0.0539,0.0539,0.0539,0.054,0.054,0.054,0.054,0.054,0.054,0.054,0.054,0.054,0.054,0.054,0.054,0.054,0.054,0.054,0.054,0.054,0.054,0.054,0.054,0.054,0.054,0.054,0.054,0.054,0.054,0.054,0.054,0.054,0.0541,0.0541,0.0542,0.0542,0.0543,0.0549,0.5453,0.5464,0.5476,0.5487,0.5497,0.5506,0.5515,0.5524,0.553,0.5536,0.5542,0.5548,0.5555,0.5561,0.5567,0.5573,0.5579,0.5585,0.5592,0.5598,0.5604,0.561,0.5616,0.5623,0.5629,0.5635,0.5642,0.5648,0.5654,0.5659,0.5661,0.5671,0.5677,0.5682,0.5687,0.5692,0.5697,0.5702,0.5707,0.5712,0.5717,0.5723,0.5728,0.5733,0.5738,0.5743,0.5748,0.5753,0.5758,0.5763,0.5769,0.5774,0.5779,0.5784,0.5789,0.5794,0.58,0.5805,0.581,0.5815,0.5821,0.5826,0.5831,0.5836,0.5842,0.5847,0.5852,0.5858,0.5863,0.5868,0.5874,0.5879,0.5884,0.589,0.5895,0.59,0.5906,0.5911,0.5917,0.5922,0.5928,0.5933,0.5938,0.5943,0.5948,0.5953,0.5958,0.5964,0.5969,0.5974,0.5979,0.5984,0.599,0.5995,0.6107,0.6229,1.732,1.7323,1.7326
0.4613,0.4616,0.4619,0.4623,0.4626,0.4629,0.4632,0.4636,0.4639,0.4642,0.4646,0.4649,0.4652,0.4655,0.4659,0.4662,0.4665,0.4669,0.4672,0.4675,0.4679,0.4682,0.4685,0.4689,0.4692,0.4695,0.4699,0.4702,0.4705,0.4709,0.4712,0.4716,0.4719,0.4722,0.4726,0.4729,0.4733,0.4736,0.474,0.4745,0.4749,0.4753,0.4757,0.4761,0.4766,0.477,0.4774,0.4778,0.4782,0.4787,0.4791,0.4795,0.4799,0.4804,0.4808,0.4812,0.4816,0.4821,0.4825,0.4829,0.4834,0.4838,0.4842,0.4847,0.4851,0.4855,0.486,0.4864,0.4869,0.4873,0.4878,0.4883,0.4888,0.4893,0.4898,0.4903,0.4908,0.4913,0.4918,0.4922,0.4927,0.4932,0.4937,0.4942,0.4947,0.4952,0.4957,0.4962,0.4967,0.4973,0.4978,0.4983,0.4988,0.4993,0.4998,0.5003,0.5008,0.5013,0.5018,0.0555,0.0548,0.0547,0.0546,0.0546,0.0545,0.0544,0.0544,0.0543,0.0543,0.0542,0.0543,0.0543,0.0543,0.0543,0.0543,0.0543,0.0543,0.0544,0.0544,0.0544,0.0544,0.0544,0.0544,0.0544,0.0544,0.0544,0.0544,0.0544,0.0544,0.0544,0.0544,0.0545,0.0545,0.0545,0.0545,0.0545,0.0545,0.0545,0.0545,0.0545,0.0545,0.0545,0.0545,0.0545,0.0545,0.0545,0.0545,0.0545,0.0545,0.0545,0.0545,0.0546,0.0546,0.0547,0.0547,0.0549,0.0557,0.545,0.5459,0.5468,0.5477,0.5486,0.5495,0.5504,0.5513,0.5521,0.5528,0.5534,0.554,0.5546,0.5552,0.5558,0.5564,0.557,0.5576,0.5583,0.5589,0.5595,0.5601,0.5608,0.5614,0.562,0.5626,0.5633,0.5639,0.5645,0.5649,0.5652,0.5663,0.5668,0.5673,0.5678,0.5683,0.5688,0.5693,0.5698,0.5703,0.5708,0.5713,0.5718,0.5723,0.5728,0.5733,0.5738,0.5744,0.5749,0.5754,0.5759,0.5764,0.5769,0.5774,0.578,0.5785,0.579,0.5795,0.58,0.5806,0.5811,0.5816,0.5821,0.5827,0.5832,0.5837,0.5842,0.5848,0.5853,0.5858,0.5864,0.5869,0.5874,0.588,0.5885,0.589,0.5896,0.5901,0.5907,0.5912,0.5917,0.5923,0.5928,0.5933,0.5938,0.5943,0.5948,0.5954,0.5959,0.5964,0.5969,0.5974,0.598,0.5985,0.6073,0.6193,1.7457,1.7461,1.7464
0.4606,0.4609,0.4612,0.4616,0.4619,0.4622,0.4625,0.4629,0.4632,0.4635,0.4639,0.4642,0.4645,0.4648,0.4652,0.4655,0.4658,0.4662,0.4665,0.4668,0.4672,0.4675,0.4678,0.4682,0.4685,0.4688,0.4692,0.4695,0.4698,0.4702,0.4705,0.4708,0.4712,0.4715,0.4719,0.4722,0.4726,0.473,0.4735,0.4739,0.4743,0.4747,0.4751,0.4755,0.476,0.4764,0.4768,0.4772,0.4776,0.4781,0.4785,0.4789,0.4793,0.4798,0.4802,0.4806,0.481,0.4815,0.4819,0.4823,0.4827,0.4832,0.4836,0.484,0.4845,0.4849,0.4854,0.4859,0.4864,0.4868,0.4873,0.4878,0.4883,0.4888,0.4893,0.4898,0.4903,0.4907,0.4912,0.4917,0.4922,0.4927,0.4932,0.4937,0.4942,0.4947,0.4952,0.4957,0.4962,0.4967,0.4972,0.4977,0.4983,0.4988,0.4993,0.4998,0.5003,0.5008,0.5013,0.0562,0.0555,0.0552,0.0551,0.0551,0.055,0.0549,0.0549,0.0548,0.0548,0.0547,0.0548,0.0548,0.0548,0.0548,0.0548,0.0548,0.0548,0.0549,0.0549,0.0549,0.0549,0.0549,0.0549,0.0549,0.0549,0.0549,0.0549,0.0549,0.0549,0.0549,0.0549,0.0549,0.0549,0.0549,0.0549,0.0549,0.055,0.055,0.055,0.055,0.055,0.055,0.055,0.055,0.055,0.055,0.055,0.055,0.055,0.055,0.055,0.0551,0.0551,0.0552,0.0552,0.0556,0.543,0.5439,0.5448,0.5457,0.5466,0.5475,0.5484,0.5493,0.5502,0.5511,0.5519,0.5525,0.5531,0.5537,0.5543,0.5549,0.5555,0.5561,0.5568,0.5574,0.558,0.5586,0.5592,0.5599,0.5605,0.5611,0.5617,0.5624,0.563,0.5636,0.564,0.5643,0.5654,0.5659,0.5663,0.5668,0.5673,0.5678,0.5683,0.5688,0.5693,0.5698,0.5704,0.5709,0.5714,0.5719,0.5724,0.5729,0.5734,0.5739,0.5744,0.5749,0.5754,0.576,0.5765,0.577,0.5775,0.578,0.5785,0.5791,0.5796,0.5801,0.5806,0.5811,0.5817,0.5822,0.5827,0.5832,0.5838,0.5843,0.5848,0.5854,0.5859,0.5864,0.587,0.5875,0.588,0.5886,0.5891,0.5896,0.5902,0.5907,0.5913,0.5918,0.5923,0.5928,0.5933,0.5938,0.5944,0.5949,0.5954,0.5959,0.5964,0.5969,0.5975,0.6039,0.6158,1.7597,1.7601,1.7604
0.4599,0.4602,0.4606,0.4609,0.4612,0.4615,0.4619,0.4622,0.4625,0.4628,0.4632,0.4635,0.4638,0.4641,0.4645,0.4648,0.4651,0.4655,0.4658,0.4661,0.4665,0.4668,0.4671,0.4674,0.4678,0.4681,0.4684,0.4688,0.4691,0.4695,0.4698,0.4701,0.4705,0.4708,0.4712,0.4716,0.472,0.4724,0.4729,0.4733,0.4737,0.4741,0.4745,0.4749,0.4754,0.4758,0.4762,0.4766,0.477,0.4775,0.4779,0.4783,0.4787,0.4791,0.4796,0.48,0.4804,0.4808,0.4813,0.4817,0.4821,0.4826,0.483,0.4835,0.4839,0.4844,0.4849,0.4854,0.4859,0.4863,0.4868,0.4873,0.4878,0.4883,0.4888,0.4893,0.4897,0.4902,0.4907,0.4912,0.4917,0.4922,0.4927,0.4932,0.4937,0.4942,0.4947,0.4952,0.4957,0.4962,0.4967,0.4972,0.4977,0.4982,0.4987,0.4992,0.4998,0.5003,0.5008,0.0569,0.0562,0.0557,0.0557,0.0556,0.0555,0.0555,0.0554,0.0553,0.0553,0.0552,0.0553,0.0553,0.0553,0.0553,0.0553,0.0553,0.0553,0.0554,0.0554,0.0554,0.0554,0.0554,0.0554,0.0554,0.0554,0.0554,0.0554,0.0554,0.0554,0.0554,0.0554,0.0554,0.0554,0.0554,0.0554,0.0554,0.0554,0.0554,0.0555,0.0555,0.0555,0.0555,0.0555,0.0555,0.0555,0.0555,0.0555,0.0555,0.0555,0.0555,0.0555,0.0556,0.0556,0.0557,0.0558,0.0563,0.5419,0.5428,0.5437,0.5446,0.5455,0.5464,0.5473,0.5482,0.5491,0.55,0.5509,0.5516,0.5522,0.5528,0.5534,0.554,0.5546,0.5553,0.5559,0.5565,0.5571,0.5577,0.5583,0.559,0.5596,0.5602,0.5608,0.5614,0.5621,0.5627,0.5631,0.5635,0.5644,0.5649,0.5654,0.5659,0.5664,0.5669,0.5674,0.5679,0.5684,0.5689,0.5694,0.5699,0.5704,0.5709,0.5714,0.5719,0.5724,0.5729,0.5735,0.574,0.5745,0.575,0.5755,0.576,0.5765,0.577,0.5776,0.5781,0.5786,0.5791,0.5796,0.5802,0.5807,0.5812,0.5817,0.5823,0.5828,0.5833,0.5838,0.5844,0.5849,0.5854,0.586,0.5865,0.587,0.5876,0.5881,0.5886,0.5892,0.5897,0.5902,0.5908,0.5913,0.5918,0.5923,0.5929,0.5934,0.5939,0.5944,0.5949,0.5954,0.5959,0.5965,0.6006,0.6123,0.6245,1.7743,1.7746
0.4592,0.4596,0.4599,0.4602,0.4605,0.4608,0.4612,0.4615,0.4618,0.4621,0.4625,0.4628,0.4631,0.4634,0.4638,0.4641,0.4644,0.4648,0.4651,0.4654,0.4657,0.4661,0.4664,0.4667,0.4671,0.4674,0.4677,0.4681,0.4684,0.4687,0.4691,0.4694,0.4698,0.4702,0.4706,0.471,0.4714,0.4719,0.4723,0.4727,0.4731,0.4735,0.4739,0.4743,0.4748,0.4752,0.4756,0.476,0.4764,0.4768,0.4773,0.4777,0.4781,0.4785,0.479,0.4794,0.4798,0.4802,0.4807,0.4811,0.4815,0.482,0.4825,0.483,0.4834,0.4839,0.4844,0.4849,0.4854,0.4858,0.4863,0.4868,0.4873,0.4878,0.4883,0.4888,0.4892,0.4897,0.4902,0.4907,0.4912,0.4917,0.4922,0.4927,0.4932,0.4937,0.4942,0.4947,0.4952,0.4957,0.4962,0.4967,0.4972,0.4977,0.4982,0.4987,0.4992,0.4997,0.5003,0.5008,0.0569,0.0563,0.0562,0.0561,0.0561,0.056,0.0559,0.0559,0.0558,0.0558,0.0558,0.0558,0.0558,0.0558,0.0558,0.0558,0.0559,0.0559,0.0559,0.0559,0.0559,0.0559,0.0559,0.0559,0.0559,0.0559,0.0559,0.0559,0.0559,0.0559,0.0559,0.0559,0.0559,0.0559,0.0559,0.0559,0.0559,0.056,0.056,0.056,0.056,0.056,0.056,0.056,0.056,0.056,0.056,0.056,0.056,0.056,0.056,0.0561,0.0562,0.0562,0.0563,0.0571,0.5409,0.5418,0.5426,0.5435,0.5444,0.5453,0.5462,0.5471,0.548,0.5489,0.5498,0.5507,0.5513,0.552,0.5526,0.5532,0.5538,0.5544,0.555,0.5556,0.5562,0.5568,0.5574,0.5581,0.5587,0.5593,0.5599,0.5606,0.5612,0.5618,0.5621,0.5627,0.5635,0.564,0.5645,0.565,0.5655,0.566,0.5665,0.567,0.5675,0.568,0.5685,0.569,0.5695,0.57,0.5705,0.571,0.5715,0.572,0.5725,0.573,0.5735,0.574,0.5745,0.575,0.5756,0.5761,0.5766,0.5771,0.5776,0.5781,0.5787,0.5792,0.5797,0.5802,0.5807,0.5813,0.5818,0.5823,0.5828,0.5834,0.5839,0.5844,0.585,0.5855,0.586,0.5866,0.5871,0.5876,0.5882,0.5887,0.5892,0.5898,0.5903,0.5908,0.5914,0.5919,0.5924,0.5929,0.5934,0.5939,0.5944,0.5949,0.5955,0.596,0.6089,0.6209,1.7887,1.7891
0.4586,0.4589,0.4592,0.4595,0.4598,0.4602,0.4605,0.4608,0.4611,0.4615,0.4618,0.4621,0.4624,0.4628,0.4631,0.4634,0.4637,0.4641,0.4644,0.4647,0.465,0.4654,0.4657,0.466,0.4664,0.4667,0.467,0.4674,0.4677,0.468,0.4684,0.4688,0.4692,0.4696,0.47,0.4704,0.4709,0.4713,0.4717,0.4721,0.4725,0.4729,0.4733,0.4737,0.4742,0.4746,0.475,0.4754,0.4758,0.4762,0.4767,0.4771,0.4775,0.4779,0.4784,0.4788,0.4792,0.4796,0.4801,0.4806,0.481,0.4815,0.482,0.4825,0.4829,0.4834,0.4839,0.4844,0.4849,0.4853,0.4858,0.4863,0.4868,0.4873,0.4878,0.4882,0.4887,0.4892,0.4897,0.4902,0.4907,0.4912,0.4917,0.4922,0.4927,0.4932,0.4937,0.4942,0.4947,0.4952,0.4957,0.4962,0.4967,0.4972,0.4977,0.4982,0.4987,0.4992,0.4997,0.5002,0.0576,0.0569,0.0567,0.0567,0.0566,0.0565,0.0564,0.0564,0.0563,0.0563,0.0563,0.0563,0.0563,0.0563,0.0563,0.0564,0.0564,0.0564,0.0564,0.0564,0.0564,0.0564,0.0564,0.0564,0.0564,0.0564,0.0564,0.0564,0.0564,0.0564,0.0564,0.0564,0.0564,0.0565,0.0565,0.0565,0.0565,0.0565,0.0565,0.0565,0.0565,0.0565,0.0565,0.0565,0.0565,0.0565,0.0565,0.0565,0.0565,0.0565,0.0566,0.0566,0.0567,0.0568,0.057,0.5389,0.5398,0.5407,0.5416,0.5424,0.5433,0.5442,0.5451,0.546,0.5469,0.5478,0.5487,0.5496,0.5505,0.5511,0.5517,0.5523,0.5529,0.5535,0.5541,0.5547,0.5553,0.5559,0.5566,0.5572,0.5578,0.5584,0.559,0.5597,0.5603,0.5609,0.5612,0.5619,0.5626,0.5631,0.5636,0.5641,0.5645,0.565,0.5655,0.566,0.5665,0.567,0.5675,0.568,0.5685,0.569,0.5695,0.57,0.5705,0.571,0.5715,0.5721,0.5726,0.5731,0.5736,0.5741,0.5746,0.5751,0.5756,0.5761,0.5767,0.5772,0.5777,0.5782,0.5787,0.5792,0.5798,0.5803,0.5808,0.5813,0.5819,0.5824,0.5829,0.5834,0.584,0.5845,0.585,0.5855,0.5861,0.5866,0.5871,0.5877,0.5882,0.5888,0.5893,0.5898,0.5904,0.5909,0.5914,0.5919,0.5924,0.5929,0.5934,0.5939,0.5945,0.595,0.6054,0.6174,1.8034,1.8037
0.4579,0.4582,0.4585,0.4588,0.4592,0.4595,0.4598,0.4601,0.4604,0.4608,0.4611,0.4614,0.4617,0.4621,0.4624,0.4627,0.463,0.4634,0.4637,0.464,0.4644,0.4647,0.465,0.4653,0.4657,0.466,0.4663,0.4667,0.467,0.4674,0.4678,0.4682,0.4686,0.469,0.4695,0.4699,0.4703,0.4707,0.4711,0.4715,0.4719,0.4723,0.4727,0.4732,0.4736,0.474,0.4744,0.4748,0.4752,0.4756,0.4761,0.4765,0.4769,0.4773,0.4777,0.4782,0.4787,0.4791,0.4796,0.4801,0.4806,0.481,0.4815,0.482,0.4825,0.4829,0.4834,0.4839,0.4844,0.4848,0.4853,0.4858,0.4863,0.4868,0.4873,0.4877,0.4882,0.4887,0.4892,0.4897,0.4902,0.4907,0.4912,0.4917,0.4922,0.4927,0.4932,0.4937,0.4942,0.4947,0.4952,0.4957,0.4962,0.4967,0.4972,0.4977,0.4982,0.4987,0.4992,0.4997,0.0584,0.0577,0.0573,0.0572,0.0571,0.0571,0.057,0.0569,0.0569,0.0568,0.0568,0.0568,0.0568,0.0569,0.0569,0.0569,0.0569,0.0569,0.0569,0.0569,0.0569,0.0569,0.0569,0.0569,0.0569,0.0569,0.0569,0.057,0.057,0.057,0.057,0.057,0.057,0.057,0.057,0.057,0.057,0.057,0.057,0.057,0.057,0.057,0.057,0.057,0.057,0.057,0.057,0.057,0.057,0.0571,0.0571,0.0572,0.0572,0.0573,0.0578,0.5379,0.5387,0.5396,0.5405,0.5414,0.5422,0.5431,0.544,0.5449,0.5458,0.5467,0.5476,0.5485,0.5494,0.5502,0.5508,0.5514,0.552,0.5526,0.5532,0.5538,0.5545,0.5551,0.5557,0.5563,0.5569,0.5575,0.5581,0.5588,0.5594,0.56,0.5603,0.5611,0.5617,0.5621,0.5626,0.5631,0.5636,0.5641,0.5646,0.5651,0.5656,0.5661,0.5666,0.5671,0.5676,0.5681,0.5686,0.5691,0.5696,0.5701,0.5706,0.5711,0.5716,0.5721,0.5726,0.5731,0.5736,0.5741,0.5747,0.5752,0.5757,0.5762,0.5767,0.5772,0.5777,0.5783,0.5788,0.5793,0.5798,0.5803,0.5809,0.5814,0.5819,0.5824,0.583,0.5835,0.584,0.5846,0.5851,0.5856,0.5861,0.5867,0.5872,0.5877,0.5883,0.5888,0.5894,0.5899,0.5904,0.5909,0.5914,0.5919,0.5924,0.5929,0.5935,0.594,0.6021,0.6139,1.8182,1.8185
0.4572,0.4575,0.4578,0.4582,0.4585,0.4588,0.4591,0.4594,0.4598,0.4601,0.4604,0.4607,0.4611,0.4614,0.4617,0.462,0.4623,0.4627,0.463,0.4633,0.4637,0.464,0.4643,0.4646,0.465,0.4653,0.4656,0.466,0.4664,0.4668,0.4673,0.4677,0.4681,0.4685,0.4689,0.4693,0.4697,0.4701,0.4705,0.4709,0.4713,0.4717,0.4721,0.4726,0.473,0.4734,0.4738,0.4742,0.4746,0.475,0.4755,0.4759,0.4763,0.4768,0.4773,0.4777,0.4782,0.4787,0.4791,0.4796,0.4801,0.4805,0.481,0.4815,0.482,0.4824,0.4829,0.4834,0.4839,0.4843,0.4848,0.4853,0.4858,0.4863,0.4868,0.4872,0.4877,0.4882,0.4887,0.4892,0.4897,0.4902,0.4907,0.4912,0.4917,0.4921,0.4926,0.4931,0.4936,0.4941,0.4946,0.4951,0.4956,0.4961,0.4966,0.4971,0.4976,0.4981,0.4986,0.4991,0.4996,0.0584,0.0579,0.0578,0.0577,0.0576,0.0575,0.0575,0.0574,0.0574,0.0573,0.0574,0.0574,0.0574,0.0574,0.0574,0.0574,0.0574,0.0575,0.0575,0.0575,0.0575,0.0575,0.0575,0.0575,0.0575,0.0575,0.0575,0.0575,0.0575,0.0575,0.0575,0.0575,0.0575,0.0575,0.0575,0.0575,0.0575,0.0575,0.0575,0.0575,0.0575,0.0575,0.0575,0.0575,0.0575,0.0575,0.0575,0.0576,0.0576,0.0577,0.0577,0.0578,0.0579,0.0586,0.5368,0.5377,0.5386,0.5394,0.5403,0.5412,0.542,0.5429,0.5438,0.5447,0.5456,0.5465,0.5474,0.5483,0.5492,0.55,0.5506,0.5512,0.5518,0.5524,0.553,0.5536,0.5542,0.5548,0.5554,0.556,0.5566,0.5573,0.5579,0.5585,0.5591,0.5594,0.5602,0.5607,0.5612,0.5617,0.5622,0.5627,0.5632,0.5637,0.5642,0.5647,0.5652,0.5657,0.5661,0.5666,0.5671,0.5676,0.5681,0.5686,0.5691,0.5696,0.5701,0.5707,0.5712,0.5717,0.5722,0.5727,0.5732,0.5737,0.5742,0.5747,0.5752,0.5757,0.5763,0.5768,0.5773,0.5778,0.5783,0.5788,0.5794,0.5799,0.5804,0.5809,0.5815,0.582,0.5825,0.583,0.5836,0.5841,0.5846,0.5851,0.5857,0.5862,0.5867,0.5873,0.5878,0.5883,0.5889,0.5894,0.5899,0.5904,0.5909,0.5914,0.592,0.5925,0.593,0.5987,0.6104,0.6225,1.8334
0.4565,0.4568,0.4572,0.4575,0.4578,0.4581,0.4584,0.4588,0.4591,0.4594,0.4597,0.46,0.4604,0.4607,0.461,0.4613,0.4617,0.462,0.4623,0.4626,0.463,0.4633,0.4636,0.4639,0.4643,0.4647,0.4651,0.4655,0.4659,0.4663,0.4667,0.4671,0.4675,0.4679,0.4683,0.4687,0.4691,0.4695,0.4699,0.4703,0.4707,0.4711,0.4716,0.472,0.4724,0.4728,0.4732,0.4736,0.474,0.4745,0.4749,0.4754,0.4758,0.4763,0.4768,0.4772,0.4777,0.4782,0.4786,0.4791,0.4796,0.4801,0.4805,0.481,0.4815,0.4819,0.4824,0.4829,0.4834,0.4839,0.4843,0.4848,0.4853,0.4858,0.4863,0.4867,0.4872,0.4877,0.4882,0.4887,0.4892,0.4897,0.4902,0.4906,0.4911,0.4916,0.4921,0.4926,0.4931,0.4936,0.4941,0.4946,0.4951,0.4956,0.4961,0.4966,0.4971,0.4976,0.4981,0.4986,0.4991,0.0592,0.0584,0.0583,0.0583,0.0582,0.0581,0.058,0.058,0.0579,0.0579,0.0579,0.0579,0.0579,0.058,0.058,0.058,0.058,0.058,0.058,0.058,0.058,0.058,0.058,0.058,0.058,0.058,0.058,0.058,0.058,0.058,0.058,0.058,0.058,0.058,0.058,0.0581,0.0581,0.0581,0.0581,0.0581,0.0581,0.0581,0.0581,0.0581,0.0581,0.0581,0.0581,0.0581,0.0582,0.0582,0.0583,0.0584,0.0586,0.0594,0.5358,0.5366,0.5375,0.5384,0.5392,0.5401,0.541,0.5418,0.5427,0.5436,0.5445,0.5454,0.5463,0.5472,0.5481,0.549,0.5497,0.5503,0.5509,0.5515,0.5521,0.5527,0.5533,0.5539,0.5545,0.5551,0.5558,0.5564,0.557,0.5576,0.5582,0.5585,0.5593,0.5598,0.5603,0.5608,0.5613,0.5618,0.5623,0.5628,0.5632,0.5637,0.5642,0.5647,0.5652,0.5657,0.5662,0.5667,0.5672,0.5677,0.5682,0.5687,0.5692,0.5697,0.5702,0.5707,0.5712,0.5717,0.5722,0.5727,0.5732,0.5738,0.5743,0.5748,0.5753,0.5758,0.5763,0.5768,0.5774,0.5779,0.5784,0.5789,0.5794,0.58,0.5805,0.581,0.5815,0.582,0.5826,0.5831,0.5836,0.5841,0.5847,0.5852,0.5857,0.5863,0.5868,0.5873,0.5879,0.5884,0.5889,0.5894,0.59,0.5905,0.591,0.5915,0.592,0.5954,0.607,0.619,1.8486
0.4559,0.4562,0.4565,0.4568,0.4571,0.4574,0.4578,0.4581,0.4584,0.4587,0.459,0.4594,0.4597,0.46,0.4603,0.4606,0.461,0.4613,0.4616,0.4619,0.4623,0.4626,0.4629,0.4633,0.4637,0.4641,0.4645,0.4649,0.4653,0.4657,0.4661,0.4665,0.4669,0.4673,0.4677,0.4681,0.4685,0.4689,0.4693,0.4697,0.4701,0.4706,0.471,0.4714,0.4718,0.4722,0.4726,0.4731,0.4735,0.474,0.4744,0.4749,0.4754,0.4758,0.4763,0.4768,0.4772,0.4777,0.4782,0.4786,0.4791,0.4796,0.48,0.4805,0.481,0.4815,0.4819,0.4824,0.4829,0.4834,0.4838,0.4843,0.4848,0.4853,0.4858,0.4862,0.4867,0.4872,0.4877,0.4882,0.4887,0.4892,0.4896,0.4901,0.4906,0.4911,0.4916,0.4921,0.4926,0.4931,0.4936,0.494,0.4945,0.495,0.4955,0.496,0.4965,0.497,0.4975,0.498,0.4985,0.4991,0.0592,0.0589,0.0588,0.0588,0.0587,0.0586,0.0585,0.0585,0.0585,0.0585,0.0585,0.0585,0.0585,0.0585,0.0585,0.0585,0.0585,0.0585,0.0585,0.0586,0.0586,0.0586,0.0586,0.0586,0.0586,0.0586,0.0586,0.0586,0.0586,0.0586,0.0586,0.0586,0.0586,0.0586,0.0586,0.0586,0.0586,0.0586,0.0586,0.0586,0.0586,0.0586,0.0586,0.0586,0.0586,0.0586,0.0587,0.0588,0.0588,0.0589,0.059,0.0594,0.5339,0.5347,0.5356,0.5364,0.5373,0.5382,0.539,0.5399,0.5408,0.5417,0.5425,0.5434,0.5443,0.5452,0.5461,0.547,0.5479,0.5488,0.5494,0.55,0.5506,0.5512,0.5518,0.5524,0.553,0.5536,0.5543,0.5549,0.5555,0.5561,0.5567,0.5573,0.5576,0.5584,0.5589,0.5594,0.5599,0.5604,0.5609,0.5613,0.5618,0.5623,0.5628,0.5633,0.5638,0.5643,0.5648,0.5653,0.5658,0.5663,0.5668,0.5673,0.5678,0.5683,0.5688,0.5693,0.5698,0.5703,0.5708,0.5713,0.5718,0.5723,0.5728,0.5733,0.5738,0.5743,0.5748,0.5754,0.5759,0.5764,0.5769,0.5774,0.5779,0.5785,0.579,0.5795,0.58,0.5805,0.5811,0.5816,0.5821,0.5826,0.5832,0.5837,0.5842,0.5847,0.5853,0.5858,0.5863,0.5869,0.5874,0.5879,0.5885,0.589,0.5895,0.59,0.5905,0.591,0.5915,0.6036,0.6155,1.8641
0.4552,0.4555,0.4558,0.4561,0.4564,0.4568,0.4571,0.4574,0.4577,0.458,0.4584,0.4587,0.459,0.4593,0.4596,0.46,0.4603,0.4606,0.4609,0.4613,0.4616,0.4619,0.4623,0.4627,0.4631,0.4635,0.4639,0.4643,0.4647,0.4651,0.4655,0.4659,0.4663,0.4667,0.4671,0.4675,0.4679,0.4683,0.4688,0.4692,0.4696,0.47,0.4704,0.4708,0.4712,0.4717,0.4721,0.4726,0.4731,0.4735,0.474,0.4744,0.4749,0.4754,0.4758,0.4763,0.4767,0.4772,0.4777,0.4781,0.4786,0.4791,0.4795,0.48,0.4805,0.481,0.4814,0.4819,0.4824,0.4829,0.4833,0.4838,0.4843,0.4848,0.4853,0.4857,0.4862,0.4867,0.4872,0.4877,0.4882,0.4886,0.4891,0.4896,0.4901,0.4906,0.4911,0.4915,0.492,0.4925,0.493,0.4935,0.494,0.4945,0.495,0.4955,0.496,0.4965,0.497,0.4975,0.498,0.4985,0.4991,0.0595,0.0594,0.0594,0.0593,0.0592,0.0591,0.0591,0.059,0.059,0.0591,0.0591,0.0591,0.0591,0.0591,0.0591,0.0591,0.0591,0.0591,0.0591,0.0591,0.0591,0.0591,0.0591,0.0591,0.0591,0.0591,0.0591,0.0591,0.0591,0.0592,0.0592,0.0592,0.0592,0.0592,0.0592,0.0592,0.0592,0.0592,0.0592,0.0592,0.0592,0.0592,0.0592,0.0592,0.0592,0.0593,0.0593,0.0594,0.0595,0.0595,0.532,0.5328,0.5337,0.5345,0.5354,0.5362,0.5371,0.538,0.5388,0.5397,0.5406,0.5415,0.5423,0.5432,0.5441,0.545,0.5459,0.5468,0.5477,0.5486,0.5492,0.5498,0.5504,0.551,0.5516,0.5522,0.5528,0.5534,0.554,0.5546,0.5552,0.5558,0.5564,0.5567,0.5575,0.558,0.5585,0.559,0.5595,0.5599,0.5604,0.5609,0.5614,0.5619,0.5624,0.5629,0.5634,0.5639,0.5643,0.5648,0.5653,0.5658,0.5663,0.5668,0.5673,0.5678,0.5683,0.5688,0.5693,0.5698,0.5703,0.5708,0.5713,0.5718,0.5724,0.5729,0.5734,0.5739,0.5744,0.5749,0.5754,0.5759,0.5764,0.577,0.5775,0.578,0.5785,0.579,0.5796,0.5801,0.5806,0.5811,0.5816,0.5822,0.5827,0.5832,0.5837,0.5843,0.5848,0.5853,0.5859,0.5864,0.5869,0.5875,0.588,0.5885,0.589,0.5895,0.59,0.5905,0.6003,0.612,1.8798
0.4545,0.4548,0.4551,0.4555,0.4558,0.4561,0.4564,0.4567,0.457,0.4574,0.4577,0.458,0.4583,0.4586,0.459,0.4593,0.4596,0.4599,0.4602,0.4606,0.461,0.4614,0.4618,0.4622,0.4626,0.463,0.4634,0.4638,0.4642,0.4646,0.4649,0.4654,0.4658,0.4662,0.4666,0.467,0.4674,0.4678,0.4682,0.4686,0.469,0.4694,0.4699,0.4703,0.4708,0.4712,0.4717,0.4721,0.4726,0.473,0.4735,0.474,0.4744,0.4749,0.4753,0.4758,0.4763,0.4767,0.4772,0.4777,0.4781,0.4786,0.4791,0.4795,0.48,0.4805,0.4809,0.4814,0.4819,0.4824,0.4828,0.4833,0.4838,0.4843,0.4848,0.4852,0.4857,0.4862,0.4867,0.4872,0.4876,0.4881,0.4886,0.4891,0.4896,0.49,0.4905,0.491,0.4915,0.492,0.4925,0.493,0.4934,0.4939,0.4944,0.4949,0.4954,0.4959,0.4964,0.497,0.4975,0.498,0.4986,0.4991,0.0602,0.06,0.0599,0.0598,0.0597,0.0596,0.0596,0.0596,0.0596,0.0597,0.0597,0.0597,0.0597,0.0597,0.0597,0.0597,0.0597,0.0597,0.0597,0.0597,0.0597,0.0597,0.0597,0.0597,0.0597,0.0597,0.0597,0.0597,0.0597,0.0597,0.0597,0.0597,0.0597,0.0597,0.0597,0.0597,0.0598,0.0598,0.0598,0.0598,0.0598,0.0598,0.0598,0.0598,0.0599,0.0599,0.06,0.0601,0.5301,0.531,0.5318,0.5326,0.5335,0.5343,0.5352,0.5361,0.5369,0.5378,0.5386,0.5395,0.5404,0.5413,0.5421,0.543,0.5439,0.5448,0.5457,0.5466,0.5475,0.5483,0.5489,0.5495,0.5501,0.5507,0.5513,0.5519,0.5525,0.5531,0.5537,0.5543,0.5549,0.5555,0.5559,0.5566,0.5571,0.5576,0.5581,0.5585,0.559,0.5595,0.56,0.5605,0.561,0.5615,0.5619,0.5624,0.5629,0.5634,0.5639,0.5644,0.5649,0.5654,0.5659,0.5664,0.5669,0.5674,0.5679,0.5684,0.5689,0.5694,0.5699,0.5704,0.5709,0.5714,0.5719,0.5724,0.5729,0.5734,0.5739,0.5745,0.575,0.5755,0.576,0.5765,0.577,0.5775,0.5781,0.5786,0.5791,0.5796,0.5801,0.5807,0.5812,0.5817,0.5822,0.5828,0.5833,0.5838,0.5843,0.5849,0.5854,0.5859,0.5865,0.587,0.5875,0.588,0.5885,0.589,0.5895,0.5969,0.6085,1.8958
0.4538,0.4542,0.4545,0.4548,0.4551,0.4554,0.4557,0.4561,0.4564,0.4567,0.457,0.4573,0.4576,0.458,0.4583,0.4586,0.4589,0.4593,0.4596,0.46,0.4604,0.4608,0.4612,0.4616,0.462,0.4624,0.4628,0.4632,0.4636,0.464,0.4644,0.4648,0.4652,0.4656,0.466,0.4664,0.4668,0.4672,0.4676,0.468,0.4685,0.4689,0.4694,0.4698,0.4703,0.4707,0.4712,0.4717,0.4721,0.4726,0.473,0.4735,0.4739,0.4744,0.4749,0.4753,0.4758,0.4762,0.4767,0.4772,0.4776,0.4781,0.4786,0.479,0.4795,0.48,0.4805,0.4809,0.4814,0.4819,0.4824,0.4828,0.4833,0.4838,0.4842,0.4847,0.4852,0.4857,0.4861,0.4866,0.4871,0.4876,0.4881,0.4885,0.489,0.4895,0.49,0.4905,0.4909,0.4914,0.4919,0.4924,0.4929,0.4934,0.4939,0.4944,0.4949,0.4954,0.4959,0.4965,0.497,0.4975,0.4981,0.4986,0.4991,0.0609,0.0606,0.0604,0.0603,0.0602,0.0602,0.0602,0.0602,0.0602,0.0602,0.0602,0.0602,0.0603,0.0603,0.0603,0.0603,0.0603,0.0603,0.0603,0.0603,0.0603,0.0603,0.0603,0.0603,0.0603,0.0603,0.0603,0.0603,0.0603,0.0603,0.0603,0.0603,0.0603,0.0603,0.0603,0.0603,0.0603,0.0603,0.0603,0.0604,0.0604,0.0604,0.0604,0.0605,0.0606,0.0608,0.5282,0.5291,0.5299,0.5308,0.5316,0.5325,0.5333,0.5342,0.535,0.5359,0.5367,0.5376,0.5385,0.5393,0.5402,0.5411,0.5419,0.5428,0.5437,0.5446,0.5455,0.5464,0.5473,0.548,0.5486,0.5492,0.5498,0.5504,0.551,0.5516,0.5522,0.5528,0.5535,0.5541,0.5546,0.5551,0.5557,0.5562,0.5567,0.5571,0.5576,0.5581,0.5586,0.5591,0.5596,0.5601,0.5605,0.561,0.5615,0.562,0.5625,0.563,0.5635,0.564,0.5645,0.565,0.5655,0.5659,0.5664,0.5669,0.5674,0.5679,0.5684,0.5689,0.5694,0.5699,0.5705,0.571,0.5715,0.572,0.5725,0.573,0.5735,0.574,0.5745,0.575,0.5755,0.5761,0.5766,0.5771,0.5776,0.5781,0.5786,0.5792,0.5797,0.5802,0.5807,0.5812,0.5818,0.5823,0.5828,0.5833,0.5839,0.5844,0.5849,0.5855,0.586,0.5865,0.587,0.5876,0.5881,0.5886,0.5937,0.6051,0.6171
0.4532,0.4535,0.4538,0.4541,0.4544,0.4547,0.4551,0.4554,0.4557,0.456,0.4563,0.4566,0.457,0.4573,0.4576,0.4579,0.4583,0.4587,0.4591,0.4595,0.4599,0.4603,0.4606,0.461,0.4614,0.4618,0.4622,0.4626,0.463,0.4634,0.4638,0.4642,0.4646,0.465,0.4654,0.4658,0.4662,0.4667,0.4671,0.4676,0.468,0.4685,0.4689,0.4694,0.4698,0.4703,0.4707,0.4712,0.4716,0.4721,0.4725,0.473,0.4735,0.4739,0.4744,0.4748,0.4753,0.4758,0.4762,0.4767,0.4772,0.4776,0.4781,0.4786,0.479,0.4795,0.48,0.4804,0.4809,0.4814,0.4818,0.4823,0.4828,0.4832,0.4837,0.4842,0.4847,0.4851,0.4856,0.4861,0.4866,0.487,0.4875,0.488,0.4885,0.489,0.4894,0.4899,0.4904,0.4909,0.4914,0.4919,0.4924,0.4928,0.4933,0.4938,0.4944,0.4949,0.4954,0.496,0.4965,0.497,0.4976,0.4981,0.4986,0.4992,0.0616,0.0613,0.061,0.0609,0.0608,0.0608,0.0608,0.0608,0.0608,0.0608,0.0608,0.0608,0.0609,0.0609,0.0609,0.0609,0.0609,0.0609,0.0609,0.0609,0.0609,0.0609,0.0609,0.0609,0.0609,0.0609,0.0609,0.0609,0.0609,0.0609,0.0609,0.0609,0.0609,0.0609,0.0609,0.0609,0.0609,0.0609,0.0609,0.0609,0.061,0.061,0.0611,0.0615,0.527,0.5276,0.5283,0.5289,0.5297,0.5306,0.5314,0.5323,0.5331,0.534,0.5348,0.5357,0.5365,0.5374,0.5383,0.5391,0.54,0.5409,0.5417,0.5426,0.5435,0.5444,0.5453,0.5462,0.5471,0.5478,0.5484,0.549,0.5496,0.5502,0.5508,0.5514,0.552,0.5526,0.5532,0.5537,0.5543,0.5548,0.5553,0.5558,0.5562,0.5567,0.5572,0.5577,0.5582,0.5587,0.5591,0.5596,0.5601,0.5606,0.5611,0.5616,0.5621,0.5626,0.563,0.5635,0.564,0.5645,0.565,0.5655,0.566,0.5665,0.567,0.5675,0.568,0.5685,0.569,0.5695,0.57,0.5705,0.571,0.5715,0.572,0.5725,0.573,0.5736,0.5741,0.5746,0.5751,0.5756,0.5761,0.5766,0.5771,0.5777,0.5782,0.5787,0.5792,0.5797,0.5803,0.5808,0.5813,0.5818,0.5824,0.5829,0.5834,0.5839,0.5845,0.585,0.5855,0.5861,0.5866,0.5871,0.5876,0.5904,0.6018,0.6136
0.4525,0.4528,0.4531,0.4535,0.4538,0.4541,0.4544,0.4547,0.455,0.4553,0.4557,0.456,0.4563,0.4566,0.457,0.4574,0.4578,0.4581,0.4585,0.4589,0.4593,0.4597,0.4601,0.4605,0.4609,0.4613,0.4617,0.4621,0.4624,0.4628,0.4632,0.4636,0.464,0.4645,0.4649,0.4653,0.4658,0.4662,0.4667,0.4671,0.4676,0.468,0.4685,0.4689,0.4694,0.4698,0.4703,0.4707,0.4712,0.4716,0.4721,0.4725,0.473,0.4734,0.4739,0.4744,0.4748,0.4753,0.4758,0.4762,0.4767,0.4771,0.4776,0.4781,0.4785,0.479,0.4795,0.4799,0.4804,0.4809,0.4813,0.4818,0.4823,0.4827,0.4832,0.4837,0.4841,0.4846,0.4851,0.4856,0.486,0.4865,0.487,0.4875,0.4879,0.4884,0.4889,0.4894,0.4899,0.4904,0.4908,0.4913,0.4918,0.4923,0.4928,0.4933,0.4939,0.4944,0.4949,0.4955,0.496,0.4965,0.4971,0.4976,0.4981,0.4987,0.4992,0.4997,0.0621,0.0618,0.0615,0.0615,0.0615,0.0615,0.0614,0.0614,0.0614,0.0615,0.0615,0.0615,0.0615,0.0615,0.0615,0.0615,0.0615,0.0615,0.0615,0.0615,0.0615,0.0615,0.0615,0.0615,0.0615,0.0615,0.0615,0.0615,0.0615,0.0615,0.0615,0.0615,0.0615,0.0615,0.0615,0.0615,0.0616,0.0616,0.0616,0.0617,0.5251,0.5257,0.5264,0.5271,0.5277,0.5284,0.529,0.5297,0.5304,0.5312,0.5321,0.5329,0.5338,0.5346,0.5355,0.5363,0.5372,0.5381,0.5389,0.5398,0.5407,0.5416,0.5424,0.5433,0.5442,0.5451,0.546,0.5469,0.5475,0.5481,0.5487,0.5493,0.5499,0.5505,0.5511,0.5517,0.5523,0.5528,0.5534,0.5539,0.5544,0.5549,0.5553,0.5558,0.5563,0.5568,0.5573,0.5577,0.5582,0.5587,0.5592,0.5597,0.5602,0.5607,0.5611,0.5616,0.5621,0.5626,0.5631,0.5636,0.5641,0.5646,0.5651,0.5656,0.5661,0.5666,0.5671,0.5676,0.5681,0.5686,0.5691,0.5696,0.5701,0.5706,0.5711,0.5716,0.5721,0.5726,0.5731,0.5736,0.5741,0.5746,0.5752,0.5757,0.5762,0.5767,0.5772,0.5777,0.5782,0.5788,0.5793,0.5798,0.5803,0.5808,0.5814,0.5819,0.5824,0.5829,0.5835,0.584,0.5845,0.5851,0.5856,0.5861,0.5866,0.5871,0.5984,0.6101
0.4519,0.4522,0.4525,0.4528,0.4531,0.4534,0.4537,0.454,0.4544,0.4547,0.455,0.4553,0.4557,0.456,0.4564,0.4568,0.4572,0.4576,0.458,0.4584,0.4587,0.4591,0.4595,0.4599,0.4603,0.4607,0.4611,0.4615,0.4619,0.4623,0.4627,0.4631,0.4636,0.464,0.4644,0.4649,0.4653,0.4658,0.4662,0.4667,0.4671,0.4675,0.468,0.4684,0.4689,0.4693,0.4698,0.4702,0.4707,0.4712,0.4716,0.4721,0.4725,0.473,0.4734,0.4739,0.4744,0.4748,0.4753,0.4757,0.4762,0.4766,0.4771,0.4776,0.478,0.4785,0.4789,0.4794,0.4799,0.4803,0.4808,0.4813,0.4817,0.4822,0.4827,0.4831,0.4836,0.4841,0.4846,0.485,0.4855,0.486,0.4865,0.4869,0.4874,0.4879,0.4884,0.4888,0.4893,0.4898,0.4903,0.4908,0.4913,0.4918,0.4923,0.4928,0.4934,0.4939,0.4944,0.495,0.4955,0.496,0.4966,0.4971,0.4976,0.4982,0.4987,0.4992,0.4998,0.5003,0.0626,0.0624,0.0624,0.0624,0.0624,0.0624,0.0624,0.0624,0.0624,0.0624,0.0623,0.0623,0.0623,0.0623,0.0623,0.0623,0.0623,0.0623,0.0623,0.0623,0.0622,0.0622,0.0622,0.0622,0.0622,0.0622,0.0622,0.0622,0.0622,0.0622,0.0622,0.0622,0.0622,0.0622,0.0622,0.0622,0.5232,0.5239,0.5245,0.5252,0.5258,0.5265,0.5271,0.5278,0.5285,0.5291,0.5298,0.5304,0.5311,0.5319,0.5327,0.5336,0.5344,0.5353,0.5361,0.537,0.5379,0.5387,0.5396,0.5405,0.5414,0.5422,0.5431,0.544,0.5449,0.5458,0.5467,0.5472,0.5478,0.5484,0.549,0.5496,0.5502,0.5508,0.5514,0.5519,0.5525,0.553,0.5535,0.554,0.5544,0.5549,0.5554,0.5559,0.5564,0.5568,0.5573,0.5578,0.5583,0.5588,0.5593,0.5597,0.5602,0.5607,0.5612,0.5617,0.5622,0.5627,0.5632,0.5637,0.5641,0.5646,0.5651,0.5656,0.5661,0.5666,0.5671,0.5676,0.5681,0.5686,0.5691,0.5696,0.5701,0.5706,0.5711,0.5716,0.5722,0.5727,0.5732,0.5737,0.5742,0.5747,0.5752,0.5757,0.5762,0.5768,0.5773,0.5778,0.5783,0.5788,0.5793,0.5799,0.5804,0.5809,0.5814,0.582,0.5825,0.583,0.5835,0.5841,0.5846,0.5851,0.5856,0.5861,0.5951,0.6067
0.4512,0.4515,0.4518,0.4521,0.4524,0.4528,0.4531,0.4534,0.4537,0.454,0.4543,0.4547,0.4551,0.4555,0.4559,0.4563,0.4566,0.457,0.4574,0.4578,0.4582,0.4586,0.459,0.4594,0.4597,0.4601,0.4605,0.4609,0.4614,0.4618,0.4622,0.4627,0.4631,0.4635,0.464,0.4644,0.4649,0.4653,0.4658,0.4662,0.4666,0.4671,0.4675,0.468,0.4684,0.4689,0.4693,0.4698,0.4702,0.4707,0.4711,0.4716,0.472,0.4725,0.473,0.4734,0.4739,0.4743,0.4748,0.4752,0.4757,0.4761,0.4766,0.4771,0.4775,0.478,0.4784,0.4789,0.4794,0.4798,0.4803,0.4807,0.4812,0.4817,0.4821,0.4826,0.4831,0.4836,0.484,0.4845,0.485,0.4854,0.4859,0.4864,0.4869,0.4874,0.4878,0.4883,0.4888,0.4893,0.4898,0.4903,0.4908,0.4913,0.4918,0.4924,0.4929,0.4934,0.4939,0.4945,0.495,0.4955,0.496,0.4966,0.4971,0.4976,0.4982,0.4987,0.4993,0.4998,0.5003,0.5009,0.5014,0.502,0.5025,0.5031,0.5036,0.5042,0.5047,0.5053,0.5058,0.5064,0.507,0.5077,0.5083,0.5089,0.5096,0.5102,0.5108,0.5115,0.5121,0.5128,0.5134,0.514,0.5147,0.5153,0.516,0.5166,0.5173,0.5179,0.5186,0.5192,0.5199,0.5206,0.5212,0.5219,0.5226,0.5232,0.5239,0.5246,0.5252,0.5259,0.5266,0.5272,0.5279,0.5285,0.5292,0.5299,0.5305,0.5312,0.5319,0.5325,0.5334,0.5342,0.5351,0.536,0.5368,0.5377,0.5385,0.5394,0.5403,0.5412,0.542,0.5429,0.5438,0.5447,0.5456,0.5464,0.547,0.5476,0.5482,0.5488,0.5494,0.55,0.5506,0.551,0.5517,0.5521,0.5526,0.5531,0.5536,0.554,0.5545,0.555,0.5555,0.5559,0.5564,0.5569,0.5574,0.5579,0.5583,0.5588,0.5593,0.5598,0.5603,0.5608,0.5613,0.5617,0.5622,0.5627,0.5632,0.5637,0.5642,0.5647,0.5652,0.5657,0.5662,0.5667,0.5672,0.5677,0.5682,0.5687,0.5692,0.5697,0.5702,0.5707,0.5712,0.5717,0.5722,0.5727,0.5732,0.5737,0.5742,0.5748,0.5753,0.5758,0.5763,0.5768,0.5773,0.5778,0.5784,0.5789,0.5794,0.5799,0.5804,0.581,0.5815,0.582,0.5825,0.5831,0.5836,0.5841,0.5847,0.5852,0.5919,0.6033
0.4505,0.4508,0.4512,0.4515,0.4518,0.4521,0.4524,0.4527,0.453,0.4534,0.4538,0.4542,0.4546,0.4549,0.4553,0.4557,0.4561,0.4565,0.4569,0.4572,0.4576,0.458,0.4584,0.4588,0.4592,0.4596,0.46,0.4605,0.4609,0.4613,0.4618,0.4622,0.4627,0.4631,0.4635,0.464,0.4644,0.4649,0.4653,0.4657,0.4662,0.4666,0.4671,0.4675,0.468,0.4684,0.4689,0.4693,0.4698,0.4702,0.4707,0.4711,0.4716,0.472,0.4725,0.4729,0.4734,0.4738,0.4743,0.4747,0.4752,0.4756,0.4761,0.4765,0.477,0.4775,0.4779,0.4784,0.4788,0.4793,0.4798,0.4802,0.4807,0.4812,0.4816,0.4821,0.4826,0.483,0.4835,0.484,0.4844,0.4849,0.4854,0.4859,0.4863,0.4868,0.4873,0.4878,0.4883,0.4887,0.4893,0.4898,0.4903,0.4908,0.4913,0.4919,0.4924,0.4929,0.4934,0.494,0.4945,0.495,0.4955,0.4961,0.4966,0.4971,0.4977,0.4982,0.4987,0.4993,0.4998,0.5004,0.5009,0.5015,0.502,0.5025,0.5031,0.5036,0.5042,0.5047,0.5053,0.5058,0.5065,0.5071,0.5077,0.5083,0.509,0.5096,0.5102,0.5109,0.5115,0.5121,0.5128,0.5134,0.5141,0.5147,0.5154,0.516,0.5167,0.5173,0.518,0.5186,0.5193,0.5199,0.5206,0.5213,0.5219,0.5226,0.5232,0.5239,0.5246,0.5253,0.5259,0.5266,0.5273,0.528,0.5286,0.5293,0.53,0.5306,0.5313,0.5319,0.5326,0.5333,0.5341,0.5349,0.5358,0.5366,0.5375,0.5384,0.5392,0.5401,0.541,0.5418,0.5427,0.5436,0.5445,0.5454,0.5461,0.5467,0.5473,0.5479,0.5485,0.5491,0.5497,0.5501,0.5508,0.5512,0.5517,0.5522,0.5527,0.5531,0.5536,0.5541,0.5546,0.555,0.5555,0.556,0.5565,0.557,0.5574,0.5579,0.5584,0.5589,0.5594,0.5599,0.5603,0.5608,0.5613,0.5618,0.5623,0.5628,0.5633,0.5638,0.5643,0.5648,0.5653,0.5657,0.5662,0.5667,0.5672,0.5677,0.5682,0.5687,0.5692,0.5697,0.5702,0.5708,0.5713,0.5718,0.5723,0.5728,0.5733,0.5738,0.5743,0.5748,0.5753,0.5758,0.5764,0.5769,0.5774,0.5779,0.5784,0.5789,0.5795,0.58,0.5805,0.581,0.5816,0.5821,0.5826,0.5831,0.5837,0.5842,0.5887,0.5999
0.4499,0.4502,0.4505,0.4508,0.4511,0.4514,0.4517,0.4521,0.4525,0.4529,0.4533,0.4536,0.454,0.4544,0.4548,0.4552,0.4555,0.4559,0.4563,0.4567,0.4571,0.4575,0.4579,0.4583,0.4587,0.4592,0.4596,0.46,0.4605,0.4609,0.4613,0.4618,0.4622,0.4626,0.4631,0.4635,0.464,0.4644,0.4648,0.4653,0.4657,0.4662,0.4666,0.4671,0.4675,0.4679,0.4684,0.4688,0.4693,0.4697,0.4702,0.4706,0.4711,0.4715,0.472,0.4724,0.4729,0.4733,0.4738,0.4742,0.4747,0.4751,0.4756,0.476,0.4765,0.4769,0.4774,0.4779,0.4783,0.4788,0.4792,0.4797,0.4802,0.4806,0.4811,0.4816,0.482,0.4825,0.483,0.4834,0.4839,0.4844,0.4849,0.4853,0.4858,0.4863,0.4868,0.4872,0.4877,0.4882,0.4888,0.4893,0.4898,0.4903,0.4908,0.4914,0.4919,0.4924,0.4929,0.4935,0.494,0.4945,0.495,0.4956,0.4961,0.4966,0.4972,0.4977,0.4982,0.4988,0.4993,0.4999,0.5004,0.5009,0.5015,0.502,0.5026,0.5031,0.5037,0.5042,0.5048,0.5053,0.5059,0.5065,0.5071,0.5077,0.5084,0.509,0.5096,0.5103,0.5109,0.5115,0.5122,0.5128,0.5135,0.5141,0.5147,0.5154,0.516,0.5167,0.5173,0.518,0.5186,0.5193,0.52,0.5206,0.5213,0.5219,0.5226,0.5233,0.5239,0.5246,0.5253,0.526,0.5266,0.5273,0.528,0.5287,0.5294,0.53,0.5307,0.5314,0.532,0.5327,0.5334,0.534,0.5347,0.5356,0.5364,0.5373,0.5382,0.539,0.5399,0.5408,0.5416,0.5425,0.5434,0.5443,0.5452,0.5459,0.5465,0.5471,0.5477,0.5483,0.5488,0.5493,0.5499,0.5504,0.5508,0.5513,0.5518,0.5522,0.5527,0.5532,0.5537,0.5541,0.5546,0.5551,0.5556,0.5561,0.5565,0.557,0.5575,0.558,0.5585,0.5589,0.5594,0.5599,0.5604,0.5609,0.5614,0.5619,0.5624,0.5628,0.5633,0.5638,0.5643,0.5648,0.5653,0.5658,0.5663,0.5668,0.5673,0.5678,0.5683,0.5688,0.5693,0.5698,0.5703,0.5708,0.5713,0.5718,0.5723,0.5728,0.5733,0.5739,0.5744,0.5749,0.5754,0.5759,0.5764,0.5769,0.5775,0.578,0.5785,0.579,0.5796,0.5801,0.5806,0.5812,0.5817,0.5823,0.5828,0.5832,0.5855,0.5966
0.4492,0.4495,0.4498,0.4502,0.4505,0.4508,0.4512,0.4516,0.452,0.4523,0.4527,0.4531,0.4535,0.4538,0.4542,0.4546,0.455,0.4554,0.4558,0.4561,0.4566,0.457,0.4574,0.4579,0.4583,0.4587,0.4591,0.4596,0.46,0.4604,0.4609,0.4613,0.4617,0.4622,0.4626,0.4631,0.4635,0.4639,0.4644,0.4648,0.4653,0.4657,0.4661,0.4666,0.467,0.4675,0.4679,0.4683,0.4688,0.4692,0.4697,0.4701,0.4706,0.471,0.4715,0.4719,0.4724,0.4728,0.4733,0.4737,0.4742,0.4746,0.4751,0.4755,0.476,0.4764,0.4769,0.4774,0.4778,0.4783,0.4787,0.4792,0.4797,0.4801,0.4806,0.4811,0.4815,0.482,0.4825,0.4829,0.4834,0.4839,0.4843,0.4848,0.4853,0.4858,0.4862,0.4867,0.4872,0.4878,0.4883,0.4888,0.4893,0.4898,0.4903,0.4909,0.4914,0.4919,0.4924,0.493,0.4935,0.494,0.4945,0.4951,0.4956,0.4961,0.4967,0.4972,0.4977,0.4983,0.4988,0.4993,0.4999,0.5004,0.501,0.5015,0.5021,0.5026,0.5031,0.5037,0.5042,0.5048,0.5053,0.5059,0.5065,0.5071,0.5078,0.5084,0.509,0.5097,0.5103,0.5109,0.5116,0.5122,0.5128,0.5135,0.5141,0.5148,0.5154,0.5161,0.5167,0.5174,0.518,0.5187,0.5193,0.52,0.5207,0.5213,0.522,0.5226,0.5233,0.524,0.5246,0.5253,0.526,0.5267,0.5273,0.528,0.5287,0.5294,0.5301,0.5308,0.5314,0.5321,0.5328,0.5335,0.5341,0.5348,0.5355,0.5362,0.5371,0.538,0.5388,0.5397,0.5406,0.5414,0.5423,0.5432,0.5441,0.545,0.5456,0.5462,0.5468,0.5474,0.548,0.5485,0.549,0.5495,0.5499,0.5504,0.5509,0.5514,0.5518,0.5523,0.5528,0.5532,0.5537,0.5542,0.5547,0.5552,0.5556,0.5561,0.5566,0.5571,0.5576,0.558,0.5585,0.559,0.5595,0.56,0.5605,0.5609,0.5614,0.5619,0.5624,0.5629,0.5634,0.5639,0.5644,0.5649,0.5654,0.5659,0.5664,0.5669,0.5674,0.5679,0.5684,0.5689,0.5694,0.5699,0.5704,0.5709,0.5714,0.5719,0.5724,0.5729,0.5734,0.5739,0.5745,0.575,0.5755,0.5761,0.5766,0.5772,0.5777,0.5782,0.5788,0.5793,0.5799,0.5804,0.581,0.5815,0.5821,0.5823,0.583,0.5934
0.4486,0.4489,0.4492,0.4495,0.4499,0.4503,0.4507,0.451,0.4514,0.4518,0.4522,0.4525,0.4529,0.4533,0.4537,0.4541,0.4544,0.4549,0.4553,0.4557,0.4561,0.4566,0.457,0.4574,0.4578,0.4583,0.4587,0.4591,0.4596,0.46,0.4604,0.4609,0.4613,0.4617,0.4622,0.4626,0.463,0.4635,0.4639,0.4644,0.4648,0.4652,0.4657,0.4661,0.4665,0.467,0.4674,0.4679,0.4683,0.4687,0.4692,0.4696,0.4701,0.4705,0.471,0.4714,0.4719,0.4723,0.4728,0.4732,0.4737,0.4741,0.4746,0.475,0.4755,0.4759,0.4764,0.4768,0.4773,0.4778,0.4782,0.4787,0.4791,0.4796,0.4801,0.4805,0.481,0.4815,0.4819,0.4824,0.4829,0.4833,0.4838,0.4843,0.4848,0.4852,0.4857,0.4863,0.4868,0.4873,0.4878,0.4883,0.4888,0.4893,0.4899,0.4904,0.4909,0.4914,0.4919,0.4925,0.493,0.4935,0.494,0.4946,0.4951,0.4956,0.4962,0.4967,0.4972,0.4978,0.4983,0.4988,0.4994,0.4999,0.5005,0.501,0.5015,0.5021,0.5026,0.5032,0.5037,0.5043,0.5048,0.5054,0.5059,0.5065,0.5072,0.5078,0.5084,0.5091,0.5097,0.5103,0.511,0.5116,0.5122,0.5129,0.5135,0.5142,0.5148,0.5154,0.5161,0.5167,0.5174,0.5181,0.5187,0.5194,0.52,0.5207,0.5213,0.522,0.5227,0.5233,0.524,0.5247,0.5253,0.526,0.5267,0.5274,0.5281,0.5287,0.5294,0.5301,0.5308,0.5315,0.5322,0.5329,0.5335,0.5342,0.5349,0.5356,0.5362,0.5369,0.5378,0.5386,0.5395,0.5404,0.5413,0.5421,0.543,0.5439,0.5448,0.5454,0.5459,0.5465,0.5471,0.5477,0.5481,0.5486,0.5491,0.5495,0.55,0.5505,0.5509,0.5514,0.5519,0.5524,0.5528,0.5533,0.5538,0.5543,0.5547,0.5552,0.5557,0.5562,0.5566,0.5571,0.5576,0.5581,0.5586,0.5591,0.5595,0.56,0.5605,0.561,0.5615,0.562,0.5625,0.563,0.5635,0.5639,0.5644,0.5649,0.5654,0.5659,0.5664,0.5669,0.5674,0.5679,0.5684,0.569,0.5695,0.57,0.5705,0.5711,0.5716,0.5721,0.5726,0.5732,0.5737,0.5742,0.5748,0.5753,0.5759,0.5764,0.5769,0.5775,0.578,0.5785,0.5791,0.5796,0.5802,0.5807,0.5808,0.5815,0.5821,0.5901
0.4479,0.4483,0.4486,0.449,0.4494,0.4497,0.4501,0.4505,0.4509,0.4512,0.4516,0.452,0.4524,0.4528,0.4532,0.4536,0.454,0.4544,0.4548,0.4553,0.4557,0.4561,0.4565,0.457,0.4574,0.4578,0.4583,0.4587,0.4591,0.4595,0.46,0.4604,0.4608,0.4613,0.4617,0.4621,0.4626,0.463,0.4634,0.4639,0.4643,0.4647,0.4652,0.4656,0.466,0.4665,0.4669,0.4674,0.4678,0.4682,0.4687,0.4691,0.4696,0.47,0.4705,0.4709,0.4714,0.4718,0.4723,0.4727,0.4732,0.4736,0.4741,0.4745,0.475,0.4754,0.4759,0.4763,0.4768,0.4772,0.4777,0.4782,0.4786,0.4791,0.4796,0.48,0.4805,0.4809,0.4814,0.4819,0.4823,0.4828,0.4833,0.4838,0.4842,0.4848,0.4853,0.4858,0.4863,0.4868,0.4873,0.4878,0.4883,0.4888,0.4894,0.4899,0.4904,0.4909,0.4914,0.492,0.4925,0.493,0.4935,0.4941,0.4946,0.4951,0.4957,0.4962,0.4967,0.4973,0.4978,0.4983,0.4989,0.4994,0.4999,0.5005,0.501,0.5016,0.5021,0.5027,0.5032,0.5038,0.5043,0.5049,0.5054,0.506,0.5066,0.5072,0.5078,0.5084,0.5091,0.5097,0.5103,0.511,0.5116,0.5123,0.5129,0.5135,0.5142,0.5148,0.5155,0.5161,0.5168,0.5174,0.5181,0.5187,0.5194,0.52,0.5207,0.5214,0.522,0.5227,0.5234,0.524,0.5247,0.5254,0.5261,0.5267,0.5274,0.5281,0.5288,0.5294,0.5301,0.5308,0.5315,0.5322,0.5329,0.5336,0.5343,0.535,0.5357,0.5363,0.537,0.5377,0.5384,0.5393,0.5402,0.5411,0.5419,0.5428,0.5437,0.5445,0.5451,0.5457,0.5463,0.5468,0.5473,0.5477,0.5482,0.5487,0.5491,0.5496,0.5501,0.5505,0.551,0.5515,0.5519,0.5524,0.5529,0.5534,0.5538,0.5543,0.5548,0.5553,0.5557,0.5562,0.5567,0.5572,0.5577,0.5582,0.5586,0.5591,0.5596,0.5601,0.5606,0.5611,0.5616,0.562,0.5625,0.563,0.5635,0.5641,0.5646,0.5651,0.5656,0.5661,0.5666,0.5672,0.5677,0.5682,0.5687,0.5693,0.5698,0.5703,0.5708,0.5714,0.5719,0.5724,0.573,0.5735,0.574,0.5746,0.5751,0.5756,0.5762,0.5767,0.5772,0.5778,0.5783,0.5789,0.5794,0.5799,0.5799,0.5806,0.5813,0.5869
0.4474,0.4477,0.4481,0.4485,0.4488,0.4492,0.4496,0.45,0.4503,0.4507,0.4511,0.4515,0.4519,0.4523,0.4527,0.4531,0.4536,0.454,0.4544,0.4548,0.4553,0.4557,0.4561,0.4565,0.457,0.4574,0.4578,0.4582,0.4587,0.4591,0.4595,0.46,0.4604,0.4608,0.4612,0.4617,0.4621,0.4625,0.463,0.4634,0.4638,0.4643,0.4647,0.4651,0.4656,0.466,0.4664,0.4669,0.4673,0.4678,0.4682,0.4686,0.4691,0.4695,0.47,0.4704,0.4709,0.4713,0.4718,0.4722,0.4727,0.4731,0.4736,0.474,0.4745,0.4749,0.4754,0.4758,0.4763,0.4767,0.4772,0.4777,0.4781,0.4786,0.479,0.4795,0.48,0.4804,0.4809,0.4814,0.4818,0.4823,0.4828,0.4833,0.4838,0.4843,0.4848,0.4853,0.4858,0.4863,0.4868,0.4873,0.4878,0.4884,0.4889,0.4894,0.4899,0.4904,0.491,0.4915,0.492,0.4925,0.493,0.4936,0.4941,0.4946,0.4952,0.4957,0.4962,0.4968,0.4973,0.4978,0.4984,0.4989,0.4994,0.5,0.5005,0.5011,0.5016,0.5021,0.5027,0.5032,0.5038,0.5043,0.5049,0.5054,0.506,0.5066,0.5072,0.5078,0.5085,0.5091,0.5097,0.5104,0.511,0.5116,0.5123,0.5129,0.5136,0.5142,0.5149,0.5155,0.5162,0.5168,0.5175,0.5181,0.5188,0.5194,0.5201,0.5207,0.5214,0.5221,0.5227,0.5234,0.5241,0.5247,0.5254,0.5261,0.5268,0.5274,0.5281,0.5288,0.5295,0.5302,0.5308,0.5315,0.5322,0.5329,0.5336,0.5343,0.535,0.5357,0.5364,0.5371,0.5378,0.5385,0.5392,0.54,0.5409,0.5417,0.5426,0.5435,0.5442,0.5448,0.5454,0.5459,0.5464,0.5469,0.5473,0.5478,0.5482,0.5487,0.5492,0.5496,0.5501,0.5506,0.5511,0.5515,0.552,0.5525,0.5529,0.5534,0.5539,0.5544,0.5548,0.5553,0.5558,0.5563,0.5568,0.5572,0.5577,0.5582,0.5587,0.5592,0.5597,0.5603,0.5608,0.5613,0.5618,0.5623,0.5628,0.5633,0.5638,0.5643,0.5649,0.5654,0.5659,0.5664,0.5669,0.5675,0.568,0.5685,0.569,0.5696,0.5701,0.5706,0.5711,0.5717,0.5722,0.5727,0.5733,0.5738,0.5743,0.5749,0.5754,0.5759,0.5765,0.577,0.5775,0.5781,0.5786,0.5784,0.5791,0.5797,0.5804,0.5811
0.4468,0.4472,0.4476,0.4479,0.4483,0.4487,0.4491,0.4494,0.4498,0.4502,0.4506,0.451,0.4515,0.4519,0.4523,0.4527,0.4531,0.4536,0.454,0.4544,0.4548,0.4552,0.4557,0.4561,0.4565,0.4569,0.4574,0.4578,0.4582,0.4586,0.4591,0.4595,0.4599,0.4603,0.4608,0.4612,0.4616,0.462,0.4625,0.4629,0.4633,0.4638,0.4642,0.4646,0.4651,0.4655,0.4659,0.4664,0.4668,0.4673,0.4677,0.4681,0.4686,0.469,0.4695,0.4699,0.4704,0.4708,0.4713,0.4717,0.4722,0.4726,0.4731,0.4735,0.474,0.4744,0.4749,0.4753,0.4758,0.4762,0.4767,0.4771,0.4776,0.4781,0.4785,0.479,0.4794,0.4799,0.4804,0.4808,0.4813,0.4818,0.4823,0.4828,0.4833,0.4838,0.4843,0.4848,0.4853,0.4858,0.4863,0.4868,0.4874,0.4879,0.4884,0.4889,0.4894,0.4899,0.4905,0.491,0.4915,0.492,0.4925,0.4931,0.4936,0.4941,0.4947,0.4952,0.4957,0.4962,0.4968,0.4973,0.4978,0.4984,0.4989,0.4995,0.5,0.5005,0.5011,0.5016,0.5022,0.5027,0.5033,0.5038,0.5044,0.5049,0.5055,0.506,0.5066,0.5072,0.5079,0.5085,0.5091,0.5098,0.5104,0.511,0.5117,0.5123,0.513,0.5136,0.5142,0.5149,0.5155,0.5162,0.5168,0.5175,0.5181,0.5188,0.5195,0.5201,0.5208,0.5214,0.5221,0.5228,0.5234,0.5241,0.5248,0.5254,0.5261,0.5268,0.5275,0.5281,0.5288,0.5295,0.5302,0.5309,0.5316,0.5323,0.5329,0.5336,0.5343,0.535,0.5357,0.5364,0.5371,0.5378,0.5385,0.5392,0.5399,0.5407,0.5415,0.5424,0.5433,0.544,0.5446,0.5451,0.5455,0.546,0.5464,0.5469,0.5474,0.5478,0.5483,0.5488,0.5492,0.5497,0.5502,0.5506,0.5511,0.5516,0.5521,0.5525,0.553,0.5535,0.554,0.5545,0.555,0.5555,0.556,0.5565,0.557,0.5575,0.558,0.5585,0.559,0.5595,0.56,0.5605,0.5611,0.5616,0.5621,0.5626,0.5631,0.5636,0.5641,0.5646,0.5652,0.5657,0.5662,0.5667,0.5672,0.5678,0.5683,0.5688,0.5693,0.5699,0.5704,0.5709,0.5714,0.572,0.5725,0.573,0.5736,0.5741,0.5746,0.5752,0.5757,0.5762,0.5768,0.5773,0.5769,0.5775,0.5782,0.5789,0.5795,0.5802
0.4463,0.4467,0.447,0.4474,0.4478,0.4481,0.4485,0.449,0.4494,0.4498,0.4502,0.4506,0.451,0.4514,0.4519,0.4523,0.4527,0.4531,0.4535,0.454,0.4544,0.4548,0.4552,0.4556,0.4561,0.4565,0.4569,0.4573,0.4577,0.4582,0.4586,0.459,0.4594,0.4599,0.4603,0.4607,0.4611,0.4616,0.462,0.4624,0.4629,0.4633,0.4637,0.4642,0.4646,0.465,0.4655,0.4659,0.4663,0.4668,0.4672,0.4677,0.4681,0.4685,0.469,0.4694,0.4699,0.4703,0.4708,0.4712,0.4716,0.4721,0.4725,0.473,0.4734,0.4739,0.4744,0.4748,0.4753,0.4757,0.4762,0.4766,0.4771,0.4775,0.478,0.4785,0.4789,0.4794,0.4799,0.4803,0.4808,0.4813,0.4818,0.4823,0.4828,0.4833,0.4838,0.4843,0.4848,0.4853,0.4859,0.4864,0.4869,0.4874,0.4879,0.4884,0.4889,0.4894,0.49,0.4905,0.491,0.4915,0.4921,0.4926,0.4931,0.4936,0.4942,0.4947,0.4952,0.4957,0.4963,0.4968,0.4973,0.4979,0.4984,0.499,0.4995,0.5,0.5006,0.5011,0.5017,0.5022,0.5027,0.5033,0.5038,0.5044,0.5049,0.5055,0.506,0.5066,0.5073,0.5079,0.5085,0.5092,0.5098,0.5104,0.5111,0.5117,0.5123,0.513,0.5136,0.5143,0.5149,0.5156,0.5162,0.5169,0.5175,0.5182,0.5188,0.5195,0.5201,0.5208,0.5215,0.5221,0.5228,0.5235,0.5241,0.5248,0.5255,0.5261,0.5268,0.5275,0.5282,0.5289,0.5295,0.5302,0.5309,0.5316,0.5323,0.533,0.5337,0.5344,0.5351,0.5358,0.5365,0.5372,0.5379,0.5386,0.5393,0.54,0.5407,0.5414,0.5422,0.5431,0.5437,0.5442,0.5447,0.5451,0.5456,0.546,0.5465,0.547,0.5474,0.5479,0.5484,0.5489,0.5494,0.5498,0.5503,0.5508,0.5513,0.5518,0.5523,0.5528,0.5533,0.5538,0.5543,0.5548,0.5553,0.5558,0.5563,0.5568,0.5573,0.5578,0.5583,0.5588,0.5593,0.5598,0.5603,0.5608,0.5613,0.5619,0.5624,0.5629,0.5634,0.5639,0.5644,0.5649,0.5655,0.566,0.5665,0.567,0.5675,0.5681,0.5686,0.5691,0.5696,0.5702,0.5707,0.5712,0.5717,0.5723,0.5728,0.5733,0.5739,0.5744,0.5749,0.5755,0.576,0.5765,0.576,0.5767,0.5773,0.578,0.5787,0.5793
0.4458,0.4461,0.4465,0.4469,0.4473,0.4477,0.4481,0.4485,0.4489,0.4494,0.4498,0.4502,0.4506,0.451,0.4514,0.4518,0.4523,0.4527,0.4531,0.4535,0.4539,0.4543,0.4548,0.4552,0.4556,0.456,0.4564,0.4568,0.4573,0.4577,0.4581,0.4585,0.459,0.4594,0.4598,0.4602,0.4607,0.4611,0.4615,0.4619,0.4624,0.4628,0.4632,0.4637,0.4641,0.4645,0.465,0.4654,0.4658,0.4663,0.4667,0.4672,0.4676,0.468,0.4685,0.4689,0.4694,0.4698,0.4703,0.4707,0.4712,0.4716,0.472,0.4725,0.4729,0.4734,0.4738,0.4743,0.4748,0.4752,0.4757,0.4761,0.4766,0.477,0.4775,0.478,0.4784,0.4789,0.4793,0.4798,0.4803,0.4808,0.4813,0.4818,0.4823,0.4828,0.4833,0.4838,0.4844,0.4849,0.4854,0.4859,0.4864,0.4869,0.4874,0.4879,0.4884,0.489,0.4895,0.49,0.4905,0.491,0.4916,0.4921,0.4926,0.4931,0.4937,0.4942,0.4947,0.4952,0.4958,0.4963,0.4968,0.4974,0.4979,0.4984,0.499,0.4995,0.5001,0.5006,0.5011,0.5017,0.5022,0.5028,0.5033,0.5039,0.5044,0.505,0.5055,0.5061,0.5067,0.5073,0.5079,0.5086,0.5092,0.5098,0.5105,0.5111,0.5117,0.5124,0.513,0.5137,0.5143,0.5149,0.5156,0.5162,0.5169,0.5175,0.5182,0.5189,0.5195,0.5202,0.5208,0.5215,0.5222,0.5228,0.5235,0.5242,0.5248,0.5255,0.5262,0.5269,0.5275,0.5282,0.5289,0.5296,0.5303,0.5309,0.5316,0.5323,0.533,0.5337,0.5344,0.5351,0.5358,0.5365,0.5372,0.5379,0.5386,0.5393,0.54,0.5407,0.5415,0.5422,0.5429,0.5433,0.5438,0.5443,0.5448,0.5453,0.5458,0.5462,0.5467,0.5472,0.5477,0.5482,0.5487,0.5491,0.5496,0.5501,0.5506,0.5511,0.5516,0.5521,0.5526,0.5531,0.5536,0.5541,0.5546,0.5551,0.5556,0.5561,0.5566,0.5571,0.5576,0.5581,0.5586,0.5591,0.5596,0.5601,0.5606,0.5611,0.5616,0.5622,0.5627,0.5632,0.5637,0.5642,0.5647,0.5652,0.5658,0.5663,0.5668,0.5673,0.5678,0.5684,0.5689,0.5694,0.5699,0.5705,0.571,0.5715,0.572,0.5726,0.5731,0.5736,0.5742,0.5747,0.5752,0.5745,0.5752,0.5758,0.5765,0.5771,0.5778,0.5785
0.4453,0.4457,0.4461,0.4465,0.4469,0.4473,0.4477,0.4481,0.4485,0.4489,0.4493,0.4498,0.4502,0.4506,0.451,0.4514,0.4518,0.4522,0.4526,0.453,0.4535,0.4539,0.4543,0.4547,0.4551,0.4555,0.456,0.4564,0.4568,0.4572,0.4576,0.4581,0.4585,0.4589,0.4593,0.4598,0.4602,0.4606,0.461,0.4615,0.4619,0.4623,0.4628,0.4632,0.4636,0.4641,0.4645,0.4649,0.4654,0.4658,0.4662,0.4667,0.4671,0.4676,0.468,0.4684,0.4689,0.4693,0.4698,0.4702,0.4707,0.4711,0.4715,0.472,0.4724,0.4729,0.4733,0.4738,0.4742,0.4747,0.4752,0.4756,0.4761,0.4765,0.477,0.4774,0.4779,0.4784,0.4789,0.4794,0.4799,0.4804,0.4809,0.4814,0.4819,0.4824,0.4829,0.4834,0.4839,0.4844,0.4849,0.4854,0.4859,0.4864,0.4869,0.4874,0.488,0.4885,0.489,0.4895,0.49,0.4905,0.4911,0.4916,0.4921,0.4926,0.4932,0.4937,0.4942,0.4947,0.4953,0.4958,0.4963,0.4969,0.4974,0.4979,0.4985,0.499,0.4995,0.5001,0.5006,0.5012,0.5017,0.5023,0.5028,0.5034,0.5039,0.5045,0.505,0.5056,0.5061,0.5067,0.5073,0.508,0.5086,0.5092,0.5099,0.5105,0.5111,0.5118,0.5124,0.513,0.5137,0.5143,0.515,0.5156,0.5163,0.5169,0.5176,0.5182,0.5189,0.5195,0.5202,0.5209,0.5215,0.5222,0.5229,0.5235,0.5242,0.5249,0.5255,0.5262,0.5269,0.5276,0.5282,0.5289,0.5296,0.5303,0.531,0.5317,0.5324,0.533,0.5337,0.5344,0.5351,0.5358,0.5365,0.5372,0.5379,0.5386,0.5394,0.5401,0.5408,0.5415,0.5422,0.5427,0.5431,0.5436,0.5441,0.5446,0.5451,0.5455,0.546,0.5465,0.547,0.5475,0.548,0.5485,0.5489,0.5494,0.5499,0.5504,0.5509,0.5514,0.5519,0.5524,0.5529,0.5534,0.5539,0.5544,0.5549,0.5554,0.5559,0.5564,0.5569,0.5574,0.5579,0.5584,0.5589,0.5594,0.5599,0.5604,0.5609,0.5614,0.5619,0.5624,0.563,0.5635,0.564,0.5645,0.565,0.5655,0.5661,0.5666,0.5671,0.5676,0.5681,0.5687,0.5692,0.5697,0.5702,0.5708,0.5713,0.5718,0.5724,0.5729,0.5734,0.5739,0.5738,0.5737,0.5743,0.575,0.5756,0.5763,0.5769,0.5776
0.4448,0.4452,0.4456,0.446,0.4465,0.4469,0.4473,0.4477,0.4481,0.4485,0.4489,0.4493,0.4497,0.4501,0.4505,0.4509,0.4514,0.4518,0.4522,0.4526,0.453,0.4534,0.4538,0.4542,0.4547,0.4551,0.4555,0.4559,0.4563,0.4567,0.4572,0.4576,0.458,0.4584,0.4589,0.4593,0.4597,0.4601,0.4606,0.461,0.4614,0.4618,0.4623,0.4627,0.4631,0.4636,0.464,0.4644,0.4649,0.4653,0.4657,0.4662,0.4666,0.4671,0.4675,0.4679,0.4684,0.4688,0.4693,0.4697,0.4702,0.4706,0.471,0.4715,0.4719,0.4724,0.4728,0.4733,0.4737,0.4742,0.4746,0.4751,0.4756,0.476,0.4765,0.4769,0.4774,0.4779,0.4784,0.4789,0.4794,0.4799,0.4804,0.4809,0.4814,0.4819,0.4824,0.4829,0.4834,0.4839,0.4844,0.4849,0.4854,0.4859,0.4864,0.487,0.4875,0.488,0.4885,0.489,0.4895,0.4901,0.4906,0.4911,0.4916,0.4921,0.4927,0.4932,0.4937,0.4942,0.4948,0.4953,0.4958,0.4964,0.4969,0.4974,0.498,0.4985,0.499,0.4996,0.5001,0.5007,0.5012,0.5017,0.5023,0.5028,0.5034,0.5039,0.5045,0.505,0.5056,0.5061,0.5067,0.5074,0.508,0.5086,0.5092,0.5099,0.5105,0.5112,0.5118,0.5124,0.5131,0.5137,0.5144,0.515,0.5157,0.5163,0.517,0.5176,0.5183,0.5189,0.5196,0.5202,0.5209,0.5216,0.5222,0.5229,0.5235,0.5242,0.5249,0.5256,0.5262,0.5269,0.5276,0.5283,0.5289,0.5296,0.5303,0.531,0.5317,0.5324,0.5331,0.5338,0.5345,0.5352,0.5359,0.5366,0.5373,0.538,0.5387,0.5394,0.5401,0.5408,0.5415,0.542,0.5425,0.543,0.5434,0.5439,0.5444,0.5449,0.5453,0.5458,0.5463,0.5468,0.5473,0.5478,0.5482,0.5487,0.5492,0.5497,0.5502,0.5507,0.5512,0.5517,0.5522,0.5527,0.5532,0.5537,0.5542,0.5546,0.5551,0.5556,0.5561,0.5567,0.5572,0.5577,0.5582,0.5587,0.5592,0.5597,0.5602,0.5607,0.5612,0.5617,0.5622,0.5627,0.5633,0.5638,0.5643,0.5648,0.5653,0.5658,0.5664,0.5669,0.5674,0.5679,0.5684,0.569,0.5695,0.57,0.5705,0.5711,0.5716,0.5721,0.5727,0.5732,0.5722,0.5728,0.5735,0.5741,0.5748,0.5754,0.5761,0.5767
0.4444,0.4448,0.4452,0.4456,0.446,0.4464,0.4468,0.4472,0.4476,0.448,0.4485,0.4489,0.4493,0.4497,0.4501,0.4505,0.4509,0.4513,0.4517,0.4521,0.4525,0.453,0.4534,0.4538,0.4542,0.4546,0.455,0.4554,0.4559,0.4563,0.4567,0.4571,0.4575,0.458,0.4584,0.4588,0.4592,0.4597,0.4601,0.4605,0.4609,0.4614,0.4618,0.4622,0.4627,0.4631,0.4635,0.464,0.4644,0.4648,0.4653,0.4657,0.4661,0.4666,0.467,0.4674,0.4679,0.4683,0.4688,0.4692,0.4697,0.4701,0.4706,0.471,0.4714,0.4719,0.4723,0.4728,0.4732,0.4737,0.4741,0.4746,0.4751,0.4755,0.476,0.4765,0.4769,0.4774,0.4779,0.4784,0.4789,0.4794,0.4799,0.4804,0.4809,0.4814,0.4819,0.4824,0.4829,0.4834,0.4839,0.4844,0.4849,0.4855,0.486,0.4865,0.487,0.4875,0.488,0.4885,0.489,0.4896,0.4901,0.4906,0.4911,0.4916,0.4922,0.4927,0.4932,0.4937,0.4943,0.4948,0.4953,0.4959,0.4964,0.4969,0.4975,0.498,0.4985,0.4991,0.4996,0.5001,0.5007,0.5012,0.5018,0.5023,0.5029,0.5034,0.504,0.5045,0.5051,0.5056,0.5062,0.5068,0.5074,0.508,0.5086,0.5093,0.5099,0.5105,0.5112,0.5118,0.5125,0.5131,0.5137,0.5144,0.515,0.5157,0.5163,0.517,0.5176,0.5183,0.5189,0.5196,0.5203,0.5209,0.5216,0.5222,0.5229,0.5236,0.5242,0.5249,0.5256,0.5263,0.5269,0.5276,0.5283,0.529,0.5297,0.5303,0.531,0.5317,0.5324,0.5331,0.5338,0.5345,0.5352,0.5359,0.5366,0.5373,0.538,0.5387,0.5394,0.5401,0.5408,0.5414,0.5419,0.5423,0.5428,0.5432,0.5437,0.5442,0.5447,0.5451,0.5456,0.5461,0.5466,0.5471,0.5476,0.548,0.5485,0.549,0.5495,0.55,0.5505,0.551,0.5515,0.552,0.5525,0.5529,0.5534,0.5539,0.5544,0.5549,0.5554,0.5559,0.5564,0.5569,0.5574,0.5579,0.5584,0.559,0.5595,0.56,0.5605,0.561,0.5615,0.562,0.5625,0.563,0.5635,0.5641,0.5646,0.5651,0.5656,0.5661,0.5667,0.5672,0.5677,0.5682,0.5687,0.5693,0.5698,0.5703,0.5708,0.5714,0.5719,0.5707,0.5713,0.572,0.5726,0.5733,0.5739,0.5746,0.5752,0.5759
0.4440,0.4444,0.4448,0.4452,0.4456,0.446,0.4464,0.4468,0.4472,0.4476,0.448,0.4484,0.4488,0.4492,0.4496,0.45,0.4504,0.4508,0.4513,0.4517,0.4521,0.4525,0.4529,0.4533,0.4537,0.4541,0.4546,0.455,0.4554,0.4558,0.4562,0.4567,0.4571,0.4575,0.4579,0.4583,0.4588,0.4592,0.4596,0.46,0.4605,0.4609,0.4613,0.4617,0.4622,0.4626,0.463,0.4635,0.4639,0.4643,0.4648,0.4652,0.4656,0.4661,0.4665,0.467,0.4674,0.4678,0.4683,0.4687,0.4692,0.4696,0.4701,0.4705,0.4709,0.4714,0.4718,0.4723,0.4727,0.4732,0.4736,0.4741,0.4745,0.475,0.4755,0.476,0.4765,0.477,0.4775,0.478,0.4784,0.4789,0.4794,0.4799,0.4804,0.4809,0.4814,0.4819,0.4824,0.4829,0.4834,0.484,0.4845,0.485,0.4855,0.486,0.4865,0.487,0.4875,0.488,0.4886,0.4891,0.4896,0.4901,0.4906,0.4911,0.4917,0.4922,0.4927,0.4932,0.4938,0.4943,0.4948,0.4954,0.4959,0.4964,0.497,0.4975,0.498,0.4986,0.4991,0.4996,0.5002,0.5007,0.5013,0.5018,0.5023,0.5029,0.5034,0.504,0.5045,0.5051,0.5056,0.5062,0.5068,0.5074,0.508,0.5087,0.5093,0.5099,0.5106,0.5112,0.5118,0.5125,0.5131,0.5138,0.5144,0.5151,0.5157,0.5164,0.517,0.5177,0.5183,0.519,0.5196,0.5203,0.5209,0.5216,0.5223,0.5229,0.5236,0.5243,0.5249,0.5256,0.5263,0.527,0.5277,0.5283,0.529,0.5297,0.5304,0.5311,0.5318,0.5324,0.5331,0.5338,0.5345,0.5352,0.5359,0.5366,0.5373,0.538,0.5387,0.5394,0.5402,0.5408,0.5412,0.5417,0.5421,0.5426,0.543,0.5435,0.544,0.5444,0.5449,0.5454,0.5459,0.5464,0.5469,0.5473,0.5478,0.5483,0.5488,0.5493,0.5498,0.5503,0.5508,0.5513,0.5517,0.5522,0.5527,0.5532,0.5537,0.5542,0.5547,0.5552,0.5557,0.5562,0.5567,0.5572,0.5577,0.5582,0.5587,0.5592,0.5598,0.5603,0.5608,0.5613,0.5618,0.5623,0.5628,0.5633,0.5638,0.5644,0.5649,0.5654,0.5659,0.5664,0.5669,0.5675,0.568,0.5685,0.569,0.5696,0.5701,0.5706,0.5709,0.5699,0.5705,0.5711,0.5718,0.5724,0.5731,0.5737,0.5744,0.575
0.4436,0.444,0.4443,0.4447,0.4451,0.4455,0.4459,0.4463,0.4467,0.4471,0.4476,0.448,0.4484,0.4488,0.4492,0.4496,0.45,0.4504,0.4508,0.4512,0.4516,0.452,0.4524,0.4529,0.4533,0.4537,0.4541,0.4545,0.4549,0.4553,0.4558,0.4562,0.4566,0.457,0.4574,0.4579,0.4583,0.4587,0.4591,0.4596,0.46,0.4604,0.4608,0.4613,0.4617,0.4621,0.4626,0.463,0.4634,0.4639,0.4643,0.4647,0.4652,0.4656,0.466,0.4665,0.4669,0.4673,0.4678,0.4682,0.4687,0.4691,0.4696,0.47,0.4704,0.4709,0.4713,0.4718,0.4722,0.4727,0.4731,0.4736,0.4741,0.4745,0.475,0.4755,0.476,0.4765,0.477,0.4775,0.478,0.4785,0.479,0.4795,0.48,0.4805,0.481,0.4815,0.482,0.4825,0.483,0.4835,0.484,0.4845,0.485,0.4855,0.486,0.4865,0.487,0.4876,0.4881,0.4886,0.4891,0.4896,0.4901,0.4907,0.4912,0.4917,0.4922,0.4927,0.4933,0.4938,0.4943,0.4949,0.4954,0.4959,0.4964,0.497,0.4975,0.4981,0.4986,0.4991,0.4997,0.5002,0.5007,0.5013,0.5018,0.5024,0.5029,0.5035,0.504,0.5046,0.5051,0.5057,0.5062,0.5068,0.5074,0.5081,0.5087,0.5093,0.51,0.5106,0.5112,0.5119,0.5125,0.5132,0.5138,0.5144,0.5151,0.5157,0.5164,0.517,0.5177,0.5183,0.519,0.5197,0.5203,0.521,0.5216,0.5223,0.523,0.5236,0.5243,0.525,0.5257,0.5263,0.527,0.5277,0.5284,0.529,0.5297,0.5304,0.5311,0.5318,0.5325,0.5332,0.5339,0.5346,0.5353,0.536,0.5367,0.5374,0.5381,0.5388,0.5395,0.5401,0.5406,0.541,0.5415,0.5419,0.5424,0.5428,0.5433,0.5438,0.5442,0.5447,0.5452,0.5457,0.5462,0.5467,0.5471,0.5476,0.5481,0.5486,0.5491,0.5496,0.5501,0.5506,0.551,0.5515,0.552,0.5525,0.553,0.5535,0.554,0.5545,0.555,0.5555,0.556,0.5565,0.557,0.5575,0.558,0.5585,0.559,0.5595,0.56,0.5606,0.5611,0.5616,0.5621,0.5626,0.5631,0.5636,0.5641,0.5647,0.5652,0.5657,0.5662,0.5667,0.5672,0.5678,0.5683,0.5688,0.5693,0.5699,0.5684,0.569,0.5697,0.5703,0.5709,0.5716,0.5722,0.5729,0.5735,0.5742
0.4431,0.4435,0.4439,0.4443,0.4447,0.4451,0.4455,0.4459,0.4463,0.4467,0.4471,0.4475,0.4479,0.4483,0.4487,0.4491,0.4495,0.4499,0.4503,0.4508,0.4512,0.4516,0.452,0.4524,0.4528,0.4532,0.4536,0.4541,0.4545,0.4549,0.4553,0.4557,0.4561,0.4566,0.457,0.4574,0.4578,0.4582,0.4587,0.4591,0.4595,0.4599,0.4604,0.4608,0.4612,0.4616,0.4621,0.4625,0.4629,0.4634,0.4638,0.4642,0.4647,0.4651,0.4655,0.466,0.4664,0.4669,0.4673,0.4677,0.4682,0.4686,0.4691,0.4695,0.47,0.4704,0.4708,0.4713,0.4717,0.4722,0.4726,0.4731,0.4736,0.4741,0.4746,0.4751,0.4756,0.476,0.4765,0.477,0.4775,0.478,0.4785,0.479,0.4795,0.48,0.4805,0.481,0.4815,0.482,0.4825,0.483,0.4835,0.484,0.4845,0.485,0.4855,0.486,0.4866,0.4871,0.4876,0.4881,0.4886,0.4891,0.4896,0.4902,0.4907,0.4912,0.4917,0.4922,0.4928,0.4933,0.4938,0.4944,0.4949,0.4954,0.4959,0.4965,0.497,0.4975,0.4981,0.4986,0.4992,0.4997,0.5002,0.5008,0.5013,0.5019,0.5024,0.503,0.5035,0.5041,0.5046,0.5052,0.5057,0.5063,0.5068,0.5075,0.5081,0.5087,0.5094,0.51,0.5106,0.5113,0.5119,0.5125,0.5132,0.5138,0.5145,0.5151,0.5158,0.5164,0.5171,0.5177,0.5184,0.519,0.5197,0.5203,0.521,0.5217,0.5223,0.523,0.5237,0.5243,0.525,0.5257,0.5264,0.527,0.5277,0.5284,0.5291,0.5298,0.5304,0.5311,0.5318,0.5325,0.5332,0.5339,0.5346,0.5353,0.536,0.5367,0.5374,0.5381,0.5388,0.5395,0.5399,0.5404,0.5408,0.5413,0.5417,0.5422,0.5427,0.5431,0.5436,0.544,0.5445,0.545,0.5455,0.546,0.5464,0.5469,0.5474,0.5479,0.5484,0.5489,0.5494,0.5499,0.5503,0.5508,0.5513,0.5518,0.5523,0.5528,0.5533,0.5538,0.5543,0.5548,0.5553,0.5558,0.5563,0.5568,0.5573,0.5578,0.5583,0.5588,0.5593,0.5598,0.5603,0.5608,0.5614,0.5619,0.5624,0.5629,0.5634,0.5639,0.5644,0.565,0.5655,0.566,0.5665,0.567,0.5675,0.5681,0.5686,0.5676,0.5675,0.5682,0.5688,0.5695,0.5701,0.5707,0.5714,0.572,0.5727,0.5733
0.4427,0.4431,0.4435,0.4439,0.4443,0.4447,0.4451,0.4455,0.4459,0.4463,0.4467,0.4471,0.4475,0.4479,0.4483,0.4487,0.4491,0.4495,0.4499,0.4503,0.4507,0.4511,0.4515,0.4519,0.4523,0.4528,0.4532,0.4536,0.454,0.4544,0.4548,0.4553,0.4557,0.4561,0.4565,0.4569,0.4573,0.4578,0.4582,0.4586,0.459,0.4595,0.4599,0.4603,0.4607,0.4612,0.4616,0.462,0.4625,0.4629,0.4633,0.4638,0.4642,0.4646,0.4651,0.4655,0.4659,0.4664,0.4668,0.4672,0.4677,0.4681,0.4686,0.469,0.4695,0.4699,0.4703,0.4708,0.4712,0.4717,0.4722,0.4727,0.4731,0.4736,0.4741,0.4746,0.4751,0.4756,0.4761,0.4766,0.477,0.4775,0.478,0.4785,0.479,0.4795,0.48,0.4805,0.481,0.4815,0.482,0.4825,0.483,0.4835,0.484,0.4845,0.4851,0.4856,0.4861,0.4866,0.4871,0.4876,0.4881,0.4886,0.4892,0.4897,0.4902,0.4907,0.4912,0.4918,0.4923,0.4928,0.4933,0.4939,0.4944,0.4949,0.4954,0.496,0.4965,0.497,0.4976,0.4981,0.4986,0.4992,0.4997,0.5003,0.5008,0.5013,0.5019,0.5024,0.503,0.5035,0.5041,0.5046,0.5052,0.5057,0.5063,0.5069,0.5075,0.5081,0.5088,0.5094,0.51,0.5107,0.5113,0.5119,0.5126,0.5132,0.5139,0.5145,0.5152,0.5158,0.5164,0.5171,0.5178,0.5184,0.5191,0.5197,0.5204,0.521,0.5217,0.5224,0.523,0.5237,0.5244,0.525,0.5257,0.5264,0.5271,0.5277,0.5284,0.5291,0.5298,0.5305,0.5312,0.5318,0.5325,0.5332,0.5339,0.5346,0.5353,0.536,0.5367,0.5374,0.5381,0.5388,0.5393,0.5398,0.5402,0.5407,0.5411,0.5416,0.542,0.5425,0.5429,0.5434,0.5438,0.5443,0.5448,0.5453,0.5458,0.5462,0.5467,0.5472,0.5477,0.5482,0.5487,0.5492,0.5496,0.5501,0.5506,0.5511,0.5516,0.5521,0.5526,0.5531,0.5536,0.5541,0.5546,0.5551,0.5556,0.5561,0.5566,0.5571,0.5576,0.5581,0.5586,0.5591,0.5596,0.5601,0.5606,0.5611,0.5616,0.5622,0.5627,0.5632,0.5637,0.5642,0.5647,0.5652,0.5658,0.5663,0.5668,0.5673,0.5678,0.5661,0.5667,0.5673,0.568,0.5686,0.5693,0.5699,0.5705,0.5712,0.5718,0.5725
0.4422,0.4426,0.443,0.4434,0.4438,0.4442,0.4446,0.445,0.4454,0.4458,0.4462,0.4466,0.447,0.4474,0.4478,0.4482,0.4486,0.449,0.4494,0.4498,0.4503,0.4507,0.4511,0.4515,0.4519,0.4523,0.4527,0.4531,0.4535,0.454,0.4544,0.4548,0.4552,0.4556,0.456,0.4565,0.4569,0.4573,0.4577,0.4581,0.4586,0.459,0.4594,0.4598,0.4603,0.4607,0.4611,0.4615,0.462,0.4624,0.4628,0.4633,0.4637,0.4641,0.4646,0.465,0.4654,0.4659,0.4663,0.4668,0.4672,0.4676,0.4681,0.4685,0.469,0.4694,0.4698,0.4703,0.4708,0.4712,0.4717,0.4722,0.4727,0.4732,0.4737,0.4741,0.4746,0.4751,0.4756,0.4761,0.4766,0.4771,0.4776,0.4781,0.4786,0.4791,0.4795,0.48,0.4805,0.481,0.4815,0.482,0.4825,0.4831,0.4836,0.4841,0.4846,0.4851,0.4856,0.4861,0.4866,0.4871,0.4876,0.4882,0.4887,0.4892,0.4897,0.4902,0.4907,0.4913,0.4918,0.4923,0.4928,0.4934,0.4939,0.4944,0.4949,0.4955,0.496,0.4965,0.4971,0.4976,0.4981,0.4987,0.4992,0.4998,0.5003,0.5008,0.5014,0.5019,0.5025,0.503,0.5036,0.5041,0.5047,0.5052,0.5058,0.5063,0.5069,0.5075,0.5082,0.5088,0.5094,0.5101,0.5107,0.5113,0.512,0.5126,0.5132,0.5139,0.5145,0.5152,0.5158,0.5165,0.5171,0.5178,0.5184,0.5191,0.5197,0.5204,0.5211,0.5217,0.5224,0.5231,0.5237,0.5244,0.5251,0.5257,0.5264,0.5271,0.5278,0.5285,0.5291,0.5298,0.5305,0.5312,0.5319,0.5326,0.5333,0.534,0.5347,0.5353,0.536,0.5368,0.5375,0.5382,0.5387,0.5391,0.5396,0.54,0.5405,0.5409,0.5414,0.5418,0.5423,0.5427,0.5432,0.5436,0.5441,0.5446,0.5451,0.5456,0.546,0.5465,0.547,0.5475,0.548,0.5485,0.5489,0.5494,0.5499,0.5504,0.5509,0.5514,0.5519,0.5524,0.5529,0.5534,0.5539,0.5544,0.5549,0.5554,0.5559,0.5564,0.5569,0.5574,0.5579,0.5584,0.5589,0.5594,0.5599,0.5604,0.5609,0.5614,0.5619,0.5625,0.563,0.5635,0.564,0.5645,0.565,0.5655,0.5661,0.5666,0.5646,0.5653,0.5659,0.5665,0.5672,0.5678,0.5684,0.5691,0.5697,0.5703,0.571,0.5716
0.4418,0.4422,0.4426,0.443,0.4434,0.4438,0.4442,0.4446,0.445,0.4454,0.4458,0.4462,0.4466,0.447,0.4474,0.4478,0.4482,0.4486,0.449,0.4494,0.4498,0.4502,0.4506,0.451,0.4514,0.4518,0.4523,0.4527,0.4531,0.4535,0.4539,0.4543,0.4547,0.4552,0.4556,0.456,0.4564,0.4568,0.4573,0.4577,0.4581,0.4585,0.4589,0.4594,0.4598,0.4602,0.4606,0.4611,0.4615,0.4619,0.4624,0.4628,0.4632,0.4637,0.4641,0.4645,0.465,0.4654,0.4658,0.4663,0.4667,0.4671,0.4676,0.468,0.4685,0.4689,0.4694,0.4698,0.4703,0.4708,0.4713,0.4717,0.4722,0.4727,0.4732,0.4737,0.4742,0.4747,0.4751,0.4756,0.4761,0.4766,0.4771,0.4776,0.4781,0.4786,0.4791,0.4796,0.4801,0.4806,0.4811,0.4816,0.4821,0.4826,0.4831,0.4836,0.4841,0.4846,0.4851,0.4856,0.4861,0.4866,0.4871,0.4877,0.4882,0.4887,0.4892,0.4897,0.4902,0.4908,0.4913,0.4918,0.4923,0.4929,0.4934,0.4939,0.4944,0.495,0.4955,0.496,0.4966,0.4971,0.4976,0.4982,0.4987,0.4992,0.4998,0.5003,0.5009,0.5014,0.502,0.5025,0.503,0.5036,0.5041,0.5047,0.5052,0.5058,0.5063,0.5069,0.5076,0.5082,0.5088,0.5095,0.5101,0.5107,0.5114,0.512,0.5126,0.5133,0.5139,0.5146,0.5152,0.5159,0.5165,0.5172,0.5178,0.5185,0.5191,0.5198,0.5204,0.5211,0.5218,0.5224,0.5231,0.5238,0.5244,0.5251,0.5258,0.5265,0.5271,0.5278,0.5285,0.5292,0.5299,0.5305,0.5312,0.5319,0.5326,0.5333,0.534,0.5347,0.5354,0.5361,0.5368,0.5375,0.538,0.5385,0.5389,0.5394,0.5398,0.5403,0.5407,0.5412,0.5416,0.5421,0.5425,0.543,0.5435,0.5439,0.5444,0.5449,0.5453,0.5458,0.5463,0.5468,0.5473,0.5478,0.5483,0.5487,0.5492,0.5497,0.5502,0.5507,0.5512,0.5517,0.5522,0.5527,0.5532,0.5537,0.5542,0.5547,0.5552,0.5557,0.5562,0.5567,0.5572,0.5577,0.5582,0.5587,0.5592,0.5597,0.5602,0.5607,0.5612,0.5617,0.5622,0.5627,0.5633,0.5638,0.5643,0.5648,0.5653,0.5647,0.5638,0.5644,0.5651,0.5657,0.5663,0.567,0.5676,0.5682,0.5689,0.5695,0.5701,0.5708
0.4414,0.4417,0.4421,0.4425,0.4429,0.4433,0.4437,0.4441,0.4445,0.4449,0.4453,0.4457,0.4461,0.4465,0.4469,0.4473,0.4477,0.4481,0.4485,0.4489,0.4493,0.4498,0.4502,0.4506,0.451,0.4514,0.4518,0.4522,0.4526,0.453,0.4534,0.4539,0.4543,0.4547,0.4551,0.4555,0.4559,0.4564,0.4568,0.4572,0.4576,0.458,0.4585,0.4589,0.4593,0.4597,0.4602,0.4606,0.461,0.4615,0.4619,0.4623,0.4627,0.4632,0.4636,0.464,0.4645,0.4649,0.4653,0.4658,0.4662,0.4667,0.4671,0.4675,0.468,0.4684,0.4689,0.4694,0.4699,0.4703,0.4708,0.4713,0.4718,0.4723,0.4727,0.4732,0.4737,0.4742,0.4747,0.4752,0.4757,0.4761,0.4766,0.4771,0.4776,0.4781,0.4786,0.4791,0.4796,0.4801,0.4806,0.4811,0.4816,0.4821,0.4826,0.4831,0.4836,0.4841,0.4846,0.4851,0.4856,0.4862,0.4867,0.4872,0.4877,0.4882,0.4887,0.4892,0.4898,0.4903,0.4908,0.4913,0.4918,0.4924,0.4929,0.4934,0.4939,0.4945,0.495,0.4955,0.4961,0.4966,0.4971,0.4977,0.4982,0.4987,0.4993,0.4998,0.5004,0.5009,0.5014,0.502,0.5025,0.5031,0.5036,0.5042,0.5047,0.5053,0.5058,0.5064,0.507,0.5076,0.5082,0.5088,0.5095,0.5101,0.5107,0.5114,0.512,0.5127,0.5133,0.5139,0.5146,0.5152,0.5159,0.5165,0.5172,0.5178,0.5185,0.5192,0.5198,0.5205,0.5211,0.5218,0.5225,0.5231,0.5238,0.5245,0.5251,0.5258,0.5265,0.5272,0.5278,0.5285,0.5292,0.5299,0.5306,0.5313,0.5319,0.5326,0.5333,0.534,0.5347,0.5354,0.5361,0.5368,0.5374,0.5379,0.5383,0.5388,0.5392,0.5397,0.5401,0.5406,0.541,0.5415,0.5419,0.5424,0.5428,0.5433,0.5437,0.5442,0.5447,0.5451,0.5456,0.5461,0.5466,0.5471,0.5476,0.548,0.5485,0.549,0.5495,0.55,0.5505,0.551,0.5515,0.552,0.5525,0.553,0.5535,0.5539,0.5544,0.5549,0.5554,0.5559,0.5564,0.5569,0.5574,0.558,0.5585,0.559,0.5595,0.56,0.5605,0.561,0.5615,0.562,0.5625,0.563,0.5636,0.5641,0.5646,0.5624,0.563,0.5636,0.5642,0.5649,0.5655,0.5661,0.5668,0.5674,0.568,0.5687,0.5693,0.5699
0.4409,0.4413,0.4417,0.4421,0.4425,0.4429,0.4433,0.4437,0.4441,0.4445,0.4449,0.4453,0.4457,0.4461,0.4465,0.4469,0.4473,0.4477,0.4481,0.4485,0.4489,0.4493,0.4497,0.4501,0.4505,0.4509,0.4513,0.4517,0.4522,0.4526,0.453,0.4534,0.4538,0.4542,0.4546,0.4551,0.4555,0.4559,0.4563,0.4567,0.4572,0.4576,0.458,0.4584,0.4588,0.4593,0.4597,0.4601,0.4605,0.461,0.4614,0.4618,0.4623,0.4627,0.4631,0.4636,0.464,0.4644,0.4649,0.4653,0.4657,0.4662,0.4666,0.467,0.4675,0.468,0.4685,0.4689,0.4694,0.4699,0.4704,0.4708,0.4713,0.4718,0.4723,0.4728,0.4732,0.4737,0.4742,0.4747,0.4752,0.4757,0.4762,0.4767,0.4772,0.4776,0.4781,0.4786,0.4791,0.4796,0.4801,0.4806,0.4811,0.4816,0.4821,0.4826,0.4831,0.4836,0.4841,0.4847,0.4852,0.4857,0.4862,0.4867,0.4872,0.4877,0.4882,0.4887,0.4893,0.4898,0.4903,0.4908,0.4913,0.4919,0.4924,0.4929,0.4934,0.494,0.4945,0.495,0.4956,0.4961,0.4966,0.4972,0.4977,0.4982,0.4988,0.4993,0.4998,0.5004,0.5009,0.5015,0.502,0.5026,0.5031,0.5036,0.5042,0.5047,0.5053,0.5059,0.5064,0.507,0.5076,0.5082,0.5089,0.5095,0.5101,0.5108,0.5114,0.5121,0.5127,0.5133,0.514,0.5146,0.5153,0.5159,0.5166,0.5172,0.5179,0.5185,0.5192,0.5198,0.5205,0.5212,0.5218,0.5225,0.5232,0.5238,0.5245,0.5252,0.5258,0.5265,0.5272,0.5279,0.5285,0.5292,0.5299,0.5306,0.5313,0.532,0.5327,0.5334,0.5341,0.5347,0.5354,0.5361,0.5368,0.5372,0.5377,0.5381,0.5386,0.539,0.5395,0.5399,0.5404,0.5408,0.5413,0.5417,0.5422,0.5426,0.5431,0.5435,0.544,0.5445,0.5449,0.5454,0.5459,0.5464,0.5469,0.5474,0.5478,0.5483,0.5488,0.5493,0.5498,0.5503,0.5508,0.5513,0.5518,0.5523,0.5527,0.5532,0.5537,0.5542,0.5547,0.5552,0.5557,0.5562,0.5567,0.5572,0.5577,0.5582,0.5587,0.5593,0.5598,0.5603,0.5608,0.5613,0.5618,0.5623,0.5628,0.5633,0.5615,0.5616,0.5622,0.5628,0.5634,0.564,0.5647,0.5653,0.5659,0.5666,0.5672,0.5678,0.5685,0.5691
0.4405,0.4409,0.4413,0.4417,0.442,0.4424,0.4428,0.4432,0.4436,0.444,0.4444,0.4448,0.4452,0.4456,0.446,0.4464,0.4468,0.4472,0.4476,0.448,0.4484,0.4488,0.4492,0.4497,0.4501,0.4505,0.4509,0.4513,0.4517,0.4521,0.4525,0.4529,0.4533,0.4538,0.4542,0.4546,0.455,0.4554,0.4558,0.4563,0.4567,0.4571,0.4575,0.4579,0.4584,0.4588,0.4592,0.4596,0.4601,0.4605,0.4609,0.4614,0.4618,0.4622,0.4626,0.4631,0.4635,0.4639,0.4644,0.4648,0.4652,0.4657,0.4661,0.4666,0.4671,0.4675,0.468,0.4685,0.469,0.4694,0.4699,0.4704,0.4709,0.4713,0.4718,0.4723,0.4728,0.4733,0.4738,0.4742,0.4747,0.4752,0.4757,0.4762,0.4767,0.4772,0.4777,0.4782,0.4787,0.4792,0.4797,0.4802,0.4807,0.4812,0.4817,0.4822,0.4827,0.4832,0.4837,0.4842,0.4847,0.4852,0.4857,0.4862,0.4867,0.4872,0.4877,0.4883,0.4888,0.4893,0.4898,0.4903,0.4909,0.4914,0.4919,0.4924,0.4929,0.4935,0.494,0.4945,0.4951,0.4956,0.4961,0.4966,0.4972,0.4977,0.4983,0.4988,0.4993,0.4999,0.5004,0.501,0.5015,0.502,0.5026,0.5031,0.5037,0.5042,0.5048,0.5053,0.5059,0.5064,0.507,0.5076,0.5083,0.5089,0.5095,0.5102,0.5108,0.5114,0.5121,0.5127,0.5134,0.514,0.5147,0.5153,0.5159,0.5166,0.5172,0.5179,0.5186,0.5192,0.5199,0.5205,0.5212,0.5219,0.5225,0.5232,0.5239,0.5245,0.5252,0.5259,0.5265,0.5272,0.5279,0.5286,0.5293,0.5299,0.5306,0.5313,0.532,0.5327,0.5334,0.5341,0.5348,0.5355,0.5362,0.5366,0.5371,0.5375,0.5379,0.5384,0.5388,0.5393,0.5397,0.5402,0.5406,0.5411,0.5415,0.542,0.5424,0.5429,0.5433,0.5438,0.5443,0.5447,0.5452,0.5457,0.5462,0.5467,0.5471,0.5476,0.5481,0.5486,0.5491,0.5496,0.5501,0.5506,0.5511,0.5515,0.552,0.5525,0.553,0.5535,0.554,0.5545,0.555,0.5555,0.556,0.5565,0.557,0.5575,0.558,0.5585,0.559,0.5595,0.5601,0.5606,0.5611,0.5616,0.5621,0.5619,0.5601,0.5607,0.5614,0.562,0.5626,0.5632,0.5639,0.5645,0.5651,0.5657,0.5664,0.567,0.5676,0.5683
0.4400,0.4404,0.4408,0.4412,0.4416,0.442,0.4424,0.4428,0.4432,0.4436,0.444,0.4444,0.4448,0.4452,0.4456,0.446,0.4464,0.4468,0.4472,0.4476,0.448,0.4484,0.4488,0.4492,0.4496,0.45,0.4504,0.4508,0.4512,0.4517,0.4521,0.4525,0.4529,0.4533,0.4537,0.4541,0.4545,0.455,0.4554,0.4558,0.4562,0.4566,0.4571,0.4575,0.4579,0.4583,0.4587,0.4592,0.4596,0.46,0.4604,0.4609,0.4613,0.4617,0.4622,0.4626,0.463,0.4635,0.4639,0.4643,0.4648,0.4652,0.4657,0.4661,0.4666,0.4671,0.4676,0.468,0.4685,0.469,0.4695,0.4699,0.4704,0.4709,0.4714,0.4719,0.4723,0.4728,0.4733,0.4738,0.4743,0.4748,0.4752,0.4757,0.4762,0.4767,0.4772,0.4777,0.4782,0.4787,0.4792,0.4797,0.4802,0.4807,0.4812,0.4817,0.4822,0.4827,0.4832,0.4837,0.4842,0.4847,0.4852,0.4857,0.4862,0.4867,0.4873,0.4878,0.4883,0.4888,0.4893,0.4898,0.4904,0.4909,0.4914,0.4919,0.4924,0.493,0.4935,0.494,0.4946,0.4951,0.4956,0.4961,0.4967,0.4972,0.4977,0.4983,0.4988,0.4994,0.4999,0.5004,0.501,0.5015,0.5021,0.5026,0.5032,0.5037,0.5043,0.5048,0.5054,0.5059,0.5065,0.507,0.5077,0.5083,0.5089,0.5096,0.5102,0.5108,0.5115,0.5121,0.5127,0.5134,0.514,0.5147,0.5153,0.516,0.5166,0.5173,0.5179,0.5186,0.5192,0.5199,0.5206,0.5212,0.5219,0.5225,0.5232,0.5239,0.5246,0.5252,0.5259,0.5266,0.5272,0.5279,0.5286,0.5293,0.53,0.5307,0.5313,0.532,0.5327,0.5334,0.5341,0.5348,0.5355,0.536,0.5364,0.5369,0.5373,0.5378,0.5382,0.5387,0.5391,0.5395,0.54,0.5404,0.5409,0.5413,0.5418,0.5423,0.5427,0.5432,0.5436,0.5441,0.5445,0.545,0.5455,0.546,0.5465,0.5469,0.5474,0.5479,0.5484,0.5489,0.5494,0.5499,0.5504,0.5508,0.5513,0.5518,0.5523,0.5528,0.5533,0.5538,0.5543,0.5548,0.5553,0.5558,0.5563,0.5568,0.5573,0.5578,0.5583,0.5588,0.5593,0.5598,0.5603,0.5609,0.5614,0.5587,0.5593,0.5599,0.5605,0.5612,0.5618,0.5624,0.563,0.5637,0.5643,0.5649,0.5655,0.5662,0.5668,0.5674
0.4396,0.44,0.4404,0.4408,0.4412,0.4416,0.442,0.4424,0.4427,0.4431,0.4435,0.4439,0.4443,0.4447,0.4451,0.4455,0.4459,0.4463,0.4467,0.4471,0.4475,0.4479,0.4483,0.4487,0.4492,0.4496,0.45,0.4504,0.4508,0.4512,0.4516,0.452,0.4524,0.4528,0.4533,0.4537,0.4541,0.4545,0.4549,0.4553,0.4557,0.4562,0.4566,0.457,0.4574,0.4579,0.4583,0.4587,0.4591,0.4595,0.46,0.4604,0.4608,0.4613,0.4617,0.4621,0.4625,0.463,0.4634,0.4638,0.4643,0.4648,0.4652,0.4657,0.4662,0.4666,0.4671,0.4676,0.4681,0.4685,0.469,0.4695,0.47,0.4704,0.4709,0.4714,0.4719,0.4724,0.4728,0.4733,0.4738,0.4743,0.4748,0.4753,0.4758,0.4763,0.4767,0.4772,0.4777,0.4782,0.4787,0.4792,0.4797,0.4802,0.4807,0.4812,0.4817,0.4822,0.4827,0.4832,0.4837,0.4842,0.4847,0.4852,0.4858,0.4863,0.4868,0.4873,0.4878,0.4883,0.4888,0.4894,0.4899,0.4904,0.4909,0.4914,0.492,0.4925,0.493,0.4935,0.4941,0.4946,0.4951,0.4956,0.4962,0.4967,0.4972,0.4978,0.4983,0.4988,0.4994,0.4999,0.5005,0.501,0.5016,0.5021,0.5026,0.5032,0.5037,0.5043,0.5048,0.5054,0.5059,0.5065,0.5071,0.5077,0.5083,0.509,0.5096,0.5102,0.5109,0.5115,0.5121,0.5128,0.5134,0.5141,0.5147,0.5154,0.516,0.5167,0.5173,0.518,0.5186,0.5193,0.5199,0.5206,0.5213,0.5219,0.5226,0.5232,0.5239,0.5246,0.5253,0.5259,0.5266,0.5273,0.528,0.5286,0.5293,0.53,0.5307,0.5314,0.5321,0.5328,0.5335,0.5341,0.5348,0.5354,0.5358,0.5362,0.5367,0.5371,0.5376,0.538,0.5385,0.5389,0.5394,0.5398,0.5403,0.5407,0.5412,0.5416,0.5421,0.5425,0.543,0.5434,0.5439,0.5443,0.5448,0.5453,0.5458,0.5463,0.5467,0.5472,0.5477,0.5482,0.5487,0.5492,0.5497,0.5501,0.5506,0.5511,0.5516,0.5521,0.5526,0.5531,0.5536,0.5541,0.5546,0.5551,0.5556,0.5561,0.5566,0.5571,0.5576,0.5581,0.5586,0.5591,0.5596,0.5601,0.5587,0.5579,0.5585,0.5591,0.5597,0.5604,0.561,0.5616,0.5622,0.5628,0.5635,0.5641,0.5647,0.5653,0.566,0.5666
0.4392,0.4396,0.44,0.4403,0.4407,0.4411,0.4415,0.4419,0.4423,0.4427,0.4431,0.4435,0.4439,0.4443,0.4447,0.4451,0.4455,0.4459,0.4463,0.4467,0.4471,0.4475,0.4479,0.4483,0.4487,0.4491,0.4495,0.4499,0.4503,0.4507,0.4511,0.4516,0.452,0.4524,0.4528,0.4532,0.4536,0.454,0.4545,0.4549,0.4553,0.4557,0.4561,0.4565,0.457,0.4574,0.4578,0.4582,0.4586,0.4591,0.4595,0.4599,0.4603,0.4608,0.4612,0.4616,0.4621,0.4625,0.4629,0.4634,0.4639,0.4643,0.4648,0.4653,0.4657,0.4662,0.4667,0.4671,0.4676,0.4681,0.4686,0.469,0.4695,0.47,0.4705,0.4709,0.4714,0.4719,0.4724,0.4729,0.4734,0.4738,0.4743,0.4748,0.4753,0.4758,0.4763,0.4768,0.4773,0.4778,0.4782,0.4787,0.4792,0.4797,0.4802,0.4807,0.4812,0.4817,0.4822,0.4827,0.4832,0.4837,0.4843,0.4848,0.4853,0.4858,0.4863,0.4868,0.4873,0.4878,0.4883,0.4889,0.4894,0.4899,0.4904,0.4909,0.4915,0.492,0.4925,0.493,0.4936,0.4941,0.4946,0.4951,0.4957,0.4962,0.4967,0.4973,0.4978,0.4983,0.4989,0.4994,0.5,0.5005,0.501,0.5016,0.5021,0.5027,0.5032,0.5038,0.5043,0.5049,0.5054,0.506,0.5065,0.5071,0.5077,0.5084,0.509,0.5096,0.5103,0.5109,0.5115,0.5122,0.5128,0.5134,0.5141,0.5147,0.5154,0.516,0.5167,0.5173,0.518,0.5186,0.5193,0.52,0.5206,0.5213,0.5219,0.5226,0.5233,0.5239,0.5246,0.5253,0.526,0.5266,0.5273,0.528,0.5287,0.5294,0.53,0.5307,0.5314,0.5321,0.5328,0.5335,0.5342,0.5347,0.5352,0.5356,0.5361,0.5365,0.5369,0.5374,0.5378,0.5383,0.5387,0.5392,0.5396,0.5401,0.5405,0.541,0.5414,0.5419,0.5423,0.5428,0.5432,0.5437,0.5442,0.5446,0.5451,0.5456,0.546,0.5465,0.547,0.5475,0.548,0.5485,0.549,0.5494,0.5499,0.5504,0.5509,0.5514,0.5519,0.5524,0.5529,0.5534,0.5539,0.5544,0.5549,0.5554,0.5559,0.5564,0.5569,0.5574,0.5579,0.5584,0.5589,0.5591,0.5565,0.5571,0.5577,0.5583,0.5589,0.5595,0.5602,0.5608,0.5614,0.562,0.5626,0.5633,0.5639,0.5645,0.5651,0.5658
0.4387,0.4391,0.4395,0.4399,0.4403,0.4407,0.4411,0.4415,0.4419,0.4423,0.4427,0.4431,0.4434,0.4438,0.4442,0.4446,0.445,0.4454,0.4458,0.4462,0.4466,0.447,0.4474,0.4478,0.4483,0.4487,0.4491,0.4495,0.4499,0.4503,0.4507,0.4511,0.4515,0.4519,0.4523,0.4527,0.4532,0.4536,0.454,0.4544,0.4548,0.4552,0.4557,0.4561,0.4565,0.4569,0.4573,0.4578,0.4582,0.4586,0.459,0.4594,0.4599,0.4603,0.4607,0.4612,0.4616,0.462,0.4625,0.463,0.4634,0.4639,0.4644,0.4648,0.4653,0.4658,0.4662,0.4667,0.4672,0.4676,0.4681,0.4686,0.4691,0.4695,0.47,0.4705,0.471,0.4714,0.4719,0.4724,0.4729,0.4734,0.4739,0.4744,0.4748,0.4753,0.4758,0.4763,0.4768,0.4773,0.4778,0.4783,0.4788,0.4793,0.4798,0.4803,0.4808,0.4813,0.4818,0.4823,0.4828,0.4833,0.4838,0.4843,0.4848,0.4853,0.4858,0.4863,0.4868,0.4873,0.4879,0.4884,0.4889,0.4894,0.4899,0.4904,0.491,0.4915,0.492,0.4925,0.4931,0.4936,0.4941,0.4946,0.4952,0.4957,0.4962,0.4968,0.4973,0.4978,0.4984,0.4989,0.4994,0.5,0.5005,0.5011,0.5016,0.5022,0.5027,0.5032,0.5038,0.5043,0.5049,0.5054,0.506,0.5066,0.5071,0.5078,0.5084,0.509,0.5097,0.5103,0.5109,0.5116,0.5122,0.5128,0.5135,0.5141,0.5148,0.5154,0.5161,0.5167,0.5174,0.518,0.5187,0.5193,0.52,0.5206,0.5213,0.522,0.5226,0.5233,0.524,0.5246,0.5253,0.526,0.5267,0.5273,0.528,0.5287,0.5294,0.5301,0.5308,0.5314,0.5321,0.5328,0.5335,0.5341,0.5346,0.535,0.5354,0.5359,0.5363,0.5368,0.5372,0.5377,0.5381,0.5385,0.539,0.5394,0.5399,0.5403,0.5408,0.5412,0.5417,0.5421,0.5426,0.5431,0.5435,0.544,0.5444,0.5449,0.5454,0.5458,0.5463,0.5468,0.5473,0.5478,0.5483,0.5488,0.5492,0.5497,0.5502,0.5507,0.5512,0.5517,0.5522,0.5527,0.5532,0.5537,0.5542,0.5547,0.5552,0.5557,0.5562,0.5567,0.5572,0.5577,0.5582,0.5555,0.5557,0.5563,0.5569,0.5575,0.5581,0.5587,0.5594,0.56,0.5606,0.5612,0.5618,0.5624,0.5631,0.5637,0.5643,0.565
0.4383,0.4387,0.4391,0.4395,0.4399,0.4403,0.4406,0.441,0.4414,0.4418,0.4422,0.4426,0.443,0.4434,0.4438,0.4442,0.4446,0.445,0.4454,0.4458,0.4462,0.4466,0.447,0.4474,0.4478,0.4482,0.4486,0.449,0.4494,0.4498,0.4502,0.4506,0.4511,0.4515,0.4519,0.4523,0.4527,0.4531,0.4535,0.4539,0.4544,0.4548,0.4552,0.4556,0.456,0.4564,0.4569,0.4573,0.4577,0.4581,0.4586,0.459,0.4594,0.4598,0.4603,0.4607,0.4611,0.4616,0.4621,0.4625,0.463,0.4634,0.4639,0.4644,0.4648,0.4653,0.4658,0.4662,0.4667,0.4672,0.4677,0.4681,0.4686,0.4691,0.4696,0.47,0.4705,0.471,0.4715,0.472,0.4724,0.4729,0.4734,0.4739,0.4744,0.4749,0.4754,0.4758,0.4763,0.4768,0.4773,0.4778,0.4783,0.4788,0.4793,0.4798,0.4803,0.4808,0.4813,0.4818,0.4823,0.4828,0.4833,0.4838,0.4843,0.4848,0.4853,0.4858,0.4863,0.4869,0.4874,0.4879,0.4884,0.4889,0.4894,0.49,0.4905,0.491,0.4915,0.492,0.4926,0.4931,0.4936,0.4941,0.4947,0.4952,0.4957,0.4963,0.4968,0.4973,0.4979,0.4984,0.4989,0.4995,0.5,0.5006,0.5011,0.5016,0.5022,0.5027,0.5033,0.5038,0.5044,0.5049,0.5055,0.506,0.5066,0.5072,0.5078,0.5084,0.509,0.5097,0.5103,0.5109,0.5116,0.5122,0.5129,0.5135,0.5142,0.5148,0.5154,0.5161,0.5167,0.5174,0.518,0.5187,0.5194,0.52,0.5207,0.5213,0.522,0.5227,0.5233,0.524,0.5247,0.5253,0.526,0.5267,0.5274,0.5281,0.5287,0.5294,0.5301,0.5308,0.5315,0.5322,0.5329,0.5335,0.5339,0.5344,0.5348,0.5353,0.5357,0.5361,0.5366,0.537,0.5375,0.5379,0.5384,0.5388,0.5393,0.5397,0.5402,0.5406,0.5411,0.5415,0.542,0.5424,0.5429,0.5433,0.5438,0.5442,0.5447,0.5452,0.5456,0.5461,0.5466,0.5471,0.5476,0.5481,0.5485,0.549,0.5495,0.55,0.5505,0.551,0.5515,0.552,0.5525,0.553,0.5535,0.554,0.5545,0.555,0.5555,0.556,0.5565,0.557,0.5559,0.5543,0.5549,0.5555,0.5561,0.5567,0.5573,0.5579,0.5585,0.5592,0.5598,0.5604,0.561,0.5616,0.5623,0.5629,0.5635,0.5641
0.4379,0.4383,0.4387,0.439,0.4394,0.4398,0.4402,0.4406,0.441,0.4414,0.4418,0.4422,0.4426,0.443,0.4434,0.4438,0.4441,0.4445,0.4449,0.4453,0.4457,0.4461,0.4465,0.4469,0.4473,0.4478,0.4482,0.4486,0.449,0.4494,0.4498,0.4502,0.4506,0.451,0.4514,0.4518,0.4522,0.4527,0.4531,0.4535,0.4539,0.4543,0.4547,0.4551,0.4556,0.456,0.4564,0.4568,0.4572,0.4577,0.4581,0.4585,0.4589,0.4593,0.4598,0.4602,0.4607,0.4612,0.4616,0.4621,0.4625,0.463,0.4635,0.4639,0.4644,0.4649,0.4653,0.4658,0.4663,0.4667,0.4672,0.4677,0.4682,0.4686,0.4691,0.4696,0.4701,0.4705,0.471,0.4715,0.472,0.4725,0.4729,0.4734,0.4739,0.4744,0.4749,0.4754,0.4759,0.4764,0.4768,0.4773,0.4778,0.4783,0.4788,0.4793,0.4798,0.4803,0.4808,0.4813,0.4818,0.4823,0.4828,0.4833,0.4838,0.4843,0.4848,0.4854,0.4859,0.4864,0.4869,0.4874,0.4879,0.4884,0.4889,0.4895,0.49,0.4905,0.491,0.4915,0.4921,0.4926,0.4931,0.4936,0.4942,0.4947,0.4952,0.4958,0.4963,0.4968,0.4974,0.4979,0.4984,0.499,0.4995,0.5,0.5006,0.5011,0.5017,0.5022,0.5028,0.5033,0.5039,0.5044,0.505,0.5055,0.5061,0.5066,0.5072,0.5078,0.5084,0.5091,0.5097,0.5103,0.511,0.5116,0.5123,0.5129,0.5135,0.5142,0.5148,0.5155,0.5161,0.5168,0.5174,0.5181,0.5187,0.5194,0.52,0.5207,0.5214,0.522,0.5227,0.5234,0.524,0.5247,0.5254,0.526,0.5267,0.5274,0.5281,0.5288,0.5294,0.5301,0.5308,0.5315,0.5322,0.5329,0.5333,0.5338,0.5342,0.5346,0.5351,0.5355,0.536,0.5364,0.5368,0.5373,0.5377,0.5382,0.5386,0.5391,0.5395,0.54,0.5404,0.5409,0.5413,0.5418,0.5422,0.5427,0.5431,0.5436,0.544,0.5445,0.545,0.5454,0.5459,0.5464,0.5469,0.5474,0.5478,0.5483,0.5488,0.5493,0.5498,0.5503,0.5508,0.5513,0.5518,0.5523,0.5528,0.5532,0.5537,0.5542,0.5547,0.5552,0.5557,0.5562,0.5529,0.5535,0.5541,0.5547,0.5553,0.5559,0.5565,0.5571,0.5577,0.5584,0.559,0.5596,0.5602,0.5608,0.5614,0.5621,0.5627,0.5633
0.4375,0.4378,0.4382,0.4386,0.439,0.4394,0.4398,0.4402,0.4406,0.4409,0.4413,0.4417,0.4421,0.4425,0.4429,0.4433,0.4437,0.4441,0.4445,0.4449,0.4453,0.4457,0.4461,0.4465,0.4469,0.4473,0.4477,0.4481,0.4485,0.4489,0.4493,0.4497,0.4501,0.4505,0.451,0.4514,0.4518,0.4522,0.4526,0.453,0.4534,0.4538,0.4543,0.4547,0.4551,0.4555,0.4559,0.4563,0.4568,0.4572,0.4576,0.458,0.4585,0.4589,0.4594,0.4598,0.4603,0.4607,0.4612,0.4616,0.4621,0.4626,0.463,0.4635,0.464,0.4644,0.4649,0.4654,0.4658,0.4663,0.4668,0.4672,0.4677,0.4682,0.4687,0.4691,0.4696,0.4701,0.4706,0.471,0.4715,0.472,0.4725,0.473,0.4735,0.4739,0.4744,0.4749,0.4754,0.4759,0.4764,0.4769,0.4774,0.4779,0.4784,0.4788,0.4793,0.4798,0.4803,0.4808,0.4813,0.4818,0.4823,0.4828,0.4834,0.4839,0.4844,0.4849,0.4854,0.4859,0.4864,0.4869,0.4874,0.4879,0.4885,0.489,0.4895,0.49,0.4905,0.491,0.4916,0.4921,0.4926,0.4931,0.4937,0.4942,0.4947,0.4953,0.4958,0.4963,0.4969,0.4974,0.4979,0.4985,0.499,0.4995,0.5001,0.5006,0.5012,0.5017,0.5022,0.5028,0.5033,0.5039,0.5044,0.505,0.5055,0.5061,0.5066,0.5072,0.5078,0.5085,0.5091,0.5097,0.5104,0.511,0.5116,0.5123,0.5129,0.5136,0.5142,0.5149,0.5155,0.5162,0.5168,0.5175,0.5181,0.5188,0.5194,0.5201,0.5207,0.5214,0.5221,0.5227,0.5234,0.5241,0.5247,0.5254,0.5261,0.5268,0.5274,0.5281,0.5288,0.5295,0.5302,0.5308,0.5315,0.5322,0.5327,0.5331,0.5336,0.534,0.5344,0.5349,0.5353,0.5358,0.5362,0.5367,0.5371,0.5375,0.538,0.5384,0.5389,0.5393,0.5398,0.5402,0.5407,0.5411,0.5416,0.542,0.5425,0.5429,0.5434,0.5439,0.5443,0.5448,0.5452,0.5457,0.5462,0.5467,0.5472,0.5476,0.5481,0.5486,0.5491,0.5496,0.5501,0.5506,0.5511,0.5516,0.552,0.5525,0.553,0.5535,0.554,0.5545,0.555,0.5528,0.5521,0.5527,0.5533,0.5539,0.5545,0.5551,0.5557,0.5563,0.5569,0.5575,0.5582,0.5588,0.5594,0.56,0.5606,0.5612,0.5619,0.5625
0.4370,0.4374,0.4378,0.4382,0.4386,0.439,0.4393,0.4397,0.4401,0.4405,0.4409,0.4413,0.4417,0.4421,0.4425,0.4429,0.4433,0.4437,0.4441,0.4445,0.4449,0.4453,0.4457,0.4461,0.4465,0.4469,0.4473,0.4477,0.4481,0.4485,0.4489,0.4493,0.4497,0.4501,0.4505,0.4509,0.4513,0.4517,0.4521,0.4526,0.453,0.4534,0.4538,0.4542,0.4546,0.455,0.4555,0.4559,0.4563,0.4567,0.4571,0.4576,0.458,0.4585,0.4589,0.4594,0.4598,0.4603,0.4608,0.4612,0.4617,0.4621,0.4626,0.4631,0.4635,0.464,0.4645,0.4649,0.4654,0.4659,0.4663,0.4668,0.4673,0.4677,0.4682,0.4687,0.4692,0.4696,0.4701,0.4706,0.4711,0.4716,0.472,0.4725,0.473,0.4735,0.474,0.4745,0.4749,0.4754,0.4759,0.4764,0.4769,0.4774,0.4779,0.4784,0.4789,0.4794,0.4799,0.4804,0.4809,0.4814,0.4819,0.4824,0.4829,0.4834,0.4839,0.4844,0.4849,0.4854,0.4859,0.4864,0.4869,0.4875,0.488,0.4885,0.489,0.4895,0.49,0.4906,0.4911,0.4916,0.4921,0.4926,0.4932,0.4937,0.4942,0.4948,0.4953,0.4958,0.4963,0.4969,0.4974,0.4979,0.4985,0.499,0.4996,0.5001,0.5006,0.5012,0.5017,0.5023,0.5028,0.5034,0.5039,0.5045,0.505,0.5056,0.5061,0.5067,0.5072,0.5079,0.5085,0.5091,0.5098,0.5104,0.511,0.5117,0.5123,0.513,0.5136,0.5142,0.5149,0.5155,0.5162,0.5168,0.5175,0.5181,0.5188,0.5194,0.5201,0.5208,0.5214,0.5221,0.5228,0.5234,0.5241,0.5248,0.5254,0.5261,0.5268,0.5275,0.5281,0.5288,0.5295,0.5302,0.5309,0.5316,0.5321,0.5325,0.533,0.5334,0.5338,0.5343,0.5347,0.5352,0.5356,0.536,0.5365,0.5369,0.5374,0.5378,0.5383,0.5387,0.5392,0.5396,0.5401,0.5405,0.541,0.5414,0.5419,0.5423,0.5428,0.5432,0.5437,0.5441,0.5446,0.545,0.5455,0.546,0.5465,0.547,0.5474,0.5479,0.5484,0.5489,0.5494,0.5499,0.5504,0.5509,0.5513,0.5518,0.5523,0.5528,0.5533,0.5538,0.5532,0.5514,0.552,0.5525,0.5525,0.5531,0.5537,0.5543,0.5549,0.5555,0.5561,0.5567,0.5574,0.558,0.5586,0.5592,0.5598,0.5604,0.5611,0.5617
0.4367,0.437,0.4374,0.4377,0.4381,0.4385,0.4389,0.4393,0.4397,0.4401,0.4405,0.4409,0.4412,0.4416,0.442,0.4424,0.4428,0.4432,0.4436,0.444,0.4444,0.4448,0.4452,0.4456,0.446,0.4464,0.4468,0.4472,0.4476,0.448,0.4484,0.4488,0.4492,0.4496,0.45,0.4505,0.4509,0.4513,0.4517,0.4521,0.4525,0.4529,0.4533,0.4537,0.4542,0.4546,0.455,0.4554,0.4558,0.4562,0.4567,0.4571,0.4576,0.458,0.4585,0.4589,0.4594,0.4599,0.4603,0.4608,0.4612,0.4617,0.4622,0.4626,0.4631,0.4635,0.464,0.4645,0.4649,0.4654,0.4659,0.4663,0.4668,0.4673,0.4678,0.4682,0.4687,0.4692,0.4697,0.4701,0.4706,0.4711,0.4716,0.4721,0.4725,0.473,0.4735,0.474,0.4745,0.475,0.4755,0.4759,0.4764,0.4769,0.4774,0.4779,0.4784,0.4789,0.4794,0.4799,0.4804,0.4809,0.4814,0.4819,0.4824,0.4829,0.4834,0.4839,0.4844,0.4849,0.4854,0.4859,0.4865,0.487,0.4875,0.488,0.4885,0.489,0.4895,0.4901,0.4906,0.4911,0.4916,0.4921,0.4927,0.4932,0.4937,0.4943,0.4948,0.4953,0.4958,0.4964,0.4969,0.4974,0.498,0.4985,0.4991,0.4996,0.5001,0.5007,0.5012,0.5018,0.5023,0.5028,0.5034,0.5039,0.5045,0.505,0.5056,0.5062,0.5067,0.5073,0.5079,0.5085,0.5092,0.5098,0.5104,0.5111,0.5117,0.5123,0.513,0.5136,0.5143,0.5149,0.5156,0.5162,0.5169,0.5175,0.5182,0.5188,0.5195,0.5201,0.5208,0.5215,0.5221,0.5228,0.5235,0.5241,0.5248,0.5255,0.5261,0.5268,0.5275,0.5282,0.5289,0.5295,0.5302,0.5309,0.5315,0.5319,0.5323,0.5328,0.5332,0.5336,0.5341,0.5345,0.535,0.5354,0.5359,0.5363,0.5367,0.5372,0.5376,0.5381,0.5385,0.539,0.5394,0.5399,0.5403,0.5408,0.5412,0.5417,0.5421,0.5426,0.543,0.5435,0.5439,0.5444,0.5449,0.5453,0.5458,0.5463,0.5467,0.5472,0.5477,0.5482,0.5487,0.5492,0.5497,0.5502,0.5506,0.5511,0.5516,0.5521,0.5526,0.5531,0.5507,0.5513,0.5519,0.5525,0.5531,0.5529,0.5529,0.5535,0.5541,0.5547,0.5553,0.5559,0.5566,0.5572,0.5578,0.5584,0.559,0.5596,0.5602,0.5609
0.4364,0.4367,0.437,0.4374,0.4377,0.4381,0.4385,0.4389,0.4393,0.4396,0.44,0.4404,0.4408,0.4412,0.4416,0.442,0.4424,0.4428,0.4432,0.4436,0.444,0.4444,0.4448,0.4452,0.4456,0.446,0.4464,0.4468,0.4472,0.4476,0.448,0.4484,0.4488,0.4492,0.4496,0.45,0.4504,0.4508,0.4512,0.4516,0.452,0.4525,0.4529,0.4533,0.4537,0.4541,0.4545,0.4549,0.4554,0.4558,0.4563,0.4567,0.4572,0.4576,0.4581,0.4585,0.459,0.4594,0.4599,0.4603,0.4608,0.4613,0.4617,0.4622,0.4626,0.4631,0.4636,0.464,0.4645,0.465,0.4654,0.4659,0.4664,0.4668,0.4673,0.4678,0.4683,0.4687,0.4692,0.4697,0.4702,0.4706,0.4711,0.4716,0.4721,0.4726,0.4731,0.4735,0.474,0.4745,0.475,0.4755,0.476,0.4765,0.477,0.4774,0.4779,0.4784,0.4789,0.4794,0.4799,0.4804,0.4809,0.4814,0.4819,0.4824,0.4829,0.4834,0.4839,0.4844,0.485,0.4855,0.486,0.4865,0.487,0.4875,0.488,0.4885,0.4891,0.4896,0.4901,0.4906,0.4911,0.4917,0.4922,0.4927,0.4932,0.4938,0.4943,0.4948,0.4953,0.4959,0.4964,0.4969,0.4975,0.498,0.4985,0.4991,0.4996,0.5002,0.5007,0.5012,0.5018,0.5023,0.5029,0.5034,0.504,0.5045,0.5051,0.5056,0.5062,0.5067,0.5073,0.5079,0.5086,0.5092,0.5098,0.5105,0.5111,0.5117,0.5124,0.513,0.5137,0.5143,0.5149,0.5156,0.5162,0.5169,0.5175,0.5182,0.5189,0.5195,0.5202,0.5208,0.5215,0.5222,0.5228,0.5235,0.5242,0.5248,0.5255,0.5262,0.5268,0.5275,0.5282,0.5289,0.5296,0.5303,0.5308,0.5313,0.5317,0.5322,0.5326,0.533,0.5335,0.5339,0.5343,0.5348,0.5352,0.5357,0.5361,0.5366,0.537,0.5374,0.5379,0.5383,0.5388,0.5392,0.5397,0.5401,0.5406,0.541,0.5415,0.5419,0.5424,0.5428,0.5433,0.5438,0.5442,0.5447,0.5451,0.5456,0.5461,0.5465,0.547,0.5475,0.548,0.5485,0.549,0.5495,0.5499,0.5504,0.5509,0.5514,0.5519,0.5501,0.5505,0.5511,0.5517,0.5523,0.5529,0.5535,0.5535,0.5534,0.5533,0.5539,0.5545,0.5552,0.5558,0.5564,0.557,0.5576,0.5582,0.5588,0.5594,0.5601
0.4360,0.4364,0.4367,0.4371,0.4374,0.4377,0.4381,0.4384,0.4388,0.4392,0.4396,0.44,0.4404,0.4408,0.4412,0.4416,0.4419,0.4423,0.4427,0.4431,0.4435,0.4439,0.4443,0.4447,0.4451,0.4455,0.4459,0.4463,0.4467,0.4471,0.4475,0.4479,0.4483,0.4487,0.4491,0.4495,0.45,0.4504,0.4508,0.4512,0.4516,0.452,0.4524,0.4528,0.4532,0.4537,0.4541,0.4545,0.4549,0.4554,0.4558,0.4563,0.4567,0.4572,0.4576,0.4581,0.4585,0.459,0.4595,0.4599,0.4604,0.4608,0.4613,0.4617,0.4622,0.4627,0.4631,0.4636,0.4641,0.4645,0.465,0.4655,0.4659,0.4664,0.4669,0.4673,0.4678,0.4683,0.4688,0.4692,0.4697,0.4702,0.4707,0.4712,0.4716,0.4721,0.4726,0.4731,0.4736,0.474,0.4745,0.475,0.4755,0.476,0.4765,0.477,0.4775,0.478,0.4785,0.479,0.4795,0.4799,0.4804,0.4809,0.4814,0.4819,0.4825,0.483,0.4835,0.484,0.4845,0.485,0.4855,0.486,0.4865,0.487,0.4875,0.4881,0.4886,0.4891,0.4896,0.4901,0.4906,0.4912,0.4917,0.4922,0.4927,0.4933,0.4938,0.4943,0.4948,0.4954,0.4959,0.4964,0.497,0.4975,0.498,0.4986,0.4991,0.4996,0.5002,0.5007,0.5013,0.5018,0.5024,0.5029,0.5035,0.504,0.5046,0.5051,0.5057,0.5062,0.5068,0.5073,0.508,0.5086,0.5092,0.5099,0.5105,0.5111,0.5118,0.5124,0.513,0.5137,0.5143,0.515,0.5156,0.5163,0.5169,0.5176,0.5182,0.5189,0.5195,0.5202,0.5209,0.5215,0.5222,0.5228,0.5235,0.5242,0.5249,0.5255,0.5262,0.5269,0.5276,0.5282,0.5289,0.5296,0.5302,0.5307,0.5311,0.5315,0.532,0.5324,0.5328,0.5333,0.5337,0.5342,0.5346,0.535,0.5355,0.5359,0.5364,0.5368,0.5373,0.5377,0.5382,0.5386,0.539,0.5395,0.5399,0.5404,0.5408,0.5413,0.5417,0.5422,0.5427,0.5431,0.5436,0.544,0.5445,0.5449,0.5454,0.5459,0.5463,0.5468,0.5473,0.5478,0.5483,0.5488,0.5492,0.5497,0.5502,0.5507,0.5505,0.5497,0.5503,0.5509,0.5515,0.5521,0.5527,0.5533,0.554,0.5541,0.5539,0.5538,0.5538,0.5544,0.555,0.5556,0.5562,0.5568,0.5574,0.558,0.5586,0.5592
0.4357,0.4361,0.4364,0.4367,0.4371,0.4374,0.4378,0.4381,0.4384,0.4388,0.4392,0.4396,0.4399,0.4403,0.4407,0.4411,0.4415,0.4419,0.4423,0.4427,0.4431,0.4435,0.4439,0.4443,0.4447,0.4451,0.4455,0.4459,0.4463,0.4467,0.4471,0.4475,0.4479,0.4483,0.4487,0.4491,0.4495,0.4499,0.4503,0.4507,0.4511,0.4515,0.452,0.4524,0.4528,0.4532,0.4536,0.4541,0.4545,0.455,0.4554,0.4559,0.4563,0.4568,0.4572,0.4577,0.4581,0.4586,0.459,0.4595,0.4599,0.4604,0.4608,0.4613,0.4618,0.4622,0.4627,0.4632,0.4636,0.4641,0.4646,0.465,0.4655,0.466,0.4664,0.4669,0.4674,0.4678,0.4683,0.4688,0.4693,0.4697,0.4702,0.4707,0.4712,0.4717,0.4721,0.4726,0.4731,0.4736,0.4741,0.4746,0.475,0.4755,0.476,0.4765,0.477,0.4775,0.478,0.4785,0.479,0.4795,0.48,0.4805,0.481,0.4815,0.482,0.4825,0.483,0.4835,0.484,0.4845,0.485,0.4855,0.486,0.4865,0.4871,0.4876,0.4881,0.4886,0.4891,0.4896,0.4901,0.4907,0.4912,0.4917,0.4922,0.4928,0.4933,0.4938,0.4943,0.4949,0.4954,0.4959,0.4965,0.497,0.4975,0.4981,0.4986,0.4991,0.4997,0.5002,0.5008,0.5013,0.5018,0.5024,0.5029,0.5035,0.504,0.5046,0.5051,0.5057,0.5062,0.5068,0.5074,0.508,0.5086,0.5092,0.5099,0.5105,0.5112,0.5118,0.5124,0.5131,0.5137,0.5144,0.515,0.5156,0.5163,0.5169,0.5176,0.5183,0.5189,0.5196,0.5202,0.5209,0.5216,0.5222,0.5229,0.5235,0.5242,0.5249,0.5256,0.5262,0.5269,0.5276,0.5283,0.5289,0.5296,0.5301,0.5305,0.5309,0.5314,0.5318,0.5322,0.5327,0.5331,0.5335,0.534,0.5344,0.5349,0.5353,0.5357,0.5362,0.5366,0.5371,0.5375,0.538,0.5384,0.5389,0.5393,0.5398,0.5402,0.5407,0.5411,0.5416,0.542,0.5425,0.5429,0.5434,0.5438,0.5443,0.5447,0.5452,0.5457,0.5461,0.5466,0.5471,0.5476,0.5481,0.5486,0.549,0.5495,0.55,0.549,0.5496,0.5502,0.5508,0.5514,0.552,0.5526,0.5532,0.5538,0.5543,0.5546,0.5545,0.5544,0.5542,0.5542,0.5548,0.5554,0.556,0.5566,0.5572,0.5578,0.5584
0.4354,0.4357,0.4361,0.4364,0.4367,0.4371,0.4374,0.4378,0.4381,0.4385,0.4388,0.4391,0.4395,0.4399,0.4403,0.4407,0.4411,0.4415,0.4419,0.4422,0.4426,0.443,0.4434,0.4438,0.4442,0.4446,0.445,0.4454,0.4458,0.4462,0.4466,0.447,0.4474,0.4478,0.4482,0.4486,0.449,0.4495,0.4499,0.4503,0.4507,0.4511,0.4515,0.4519,0.4523,0.4528,0.4532,0.4536,0.4541,0.4545,0.455,0.4554,0.4559,0.4563,0.4568,0.4572,0.4577,0.4581,0.4586,0.459,0.4595,0.46,0.4604,0.4609,0.4613,0.4618,0.4623,0.4627,0.4632,0.4636,0.4641,0.4646,0.465,0.4655,0.466,0.4665,0.4669,0.4674,0.4679,0.4683,0.4688,0.4693,0.4698,0.4702,0.4707,0.4712,0.4717,0.4722,0.4726,0.4731,0.4736,0.4741,0.4746,0.4751,0.4756,0.4761,0.4765,0.477,0.4775,0.478,0.4785,0.479,0.4795,0.48,0.4805,0.481,0.4815,0.482,0.4825,0.483,0.4835,0.484,0.4845,0.485,0.4855,0.4861,0.4866,0.4871,0.4876,0.4881,0.4886,0.4891,0.4897,0.4902,0.4907,0.4912,0.4917,0.4923,0.4928,0.4933,0.4938,0.4944,0.4949,0.4954,0.496,0.4965,0.497,0.4976,0.4981,0.4986,0.4992,0.4997,0.5002,0.5008,0.5013,0.5019,0.5024,0.503,0.5035,0.5041,0.5046,0.5052,0.5057,0.5063,0.5068,0.5074,0.508,0.5086,0.5093,0.5099,0.5105,0.5112,0.5118,0.5125,0.5131,0.5137,0.5144,0.515,0.5157,0.5163,0.517,0.5176,0.5183,0.5189,0.5196,0.5203,0.5209,0.5216,0.5222,0.5229,0.5236,0.5242,0.5249,0.5256,0.5263,0.5269,0.5276,0.5283,0.529,0.5294,0.5299,0.5303,0.5307,0.5312,0.5316,0.5321,0.5325,0.5329,0.5334,0.5338,0.5342,0.5347,0.5351,0.5356,0.536,0.5365,0.5369,0.5373,0.5378,0.5382,0.5387,0.5391,0.5396,0.54,0.5405,0.5409,0.5414,0.5418,0.5423,0.5427,0.5432,0.5436,0.5441,0.5446,0.545,0.5455,0.5459,0.5464,0.5469,0.5474,0.5479,0.5483,0.5488,0.5482,0.5488,0.5494,0.55,0.5506,0.5512,0.5518,0.5523,0.5527,0.5532,0.5537,0.5542,0.5546,0.5549,0.5549,0.5548,0.5547,0.5546,0.5552,0.5558,0.5564,0.557,0.5576
0.4351,0.4354,0.4357,0.4361,0.4364,0.4368,0.4371,0.4374,0.4378,0.4381,0.4385,0.4388,0.4392,0.4395,0.4399,0.4402,0.4406,0.441,0.4414,0.4418,0.4422,0.4426,0.443,0.4434,0.4438,0.4442,0.4446,0.445,0.4454,0.4458,0.4462,0.4466,0.447,0.4474,0.4478,0.4482,0.4486,0.449,0.4494,0.4498,0.4502,0.4506,0.451,0.4515,0.4519,0.4523,0.4528,0.4532,0.4537,0.4541,0.4546,0.455,0.4555,0.4559,0.4564,0.4568,0.4573,0.4577,0.4582,0.4586,0.4591,0.4595,0.46,0.4604,0.4609,0.4614,0.4618,0.4623,0.4627,0.4632,0.4637,0.4641,0.4646,0.4651,0.4655,0.466,0.4665,0.4669,0.4674,0.4679,0.4684,0.4688,0.4693,0.4698,0.4703,0.4707,0.4712,0.4717,0.4722,0.4727,0.4732,0.4736,0.4741,0.4746,0.4751,0.4756,0.4761,0.4766,0.4771,0.4776,0.478,0.4785,0.479,0.4795,0.48,0.4805,0.481,0.4815,0.482,0.4825,0.483,0.4835,0.484,0.4846,0.4851,0.4856,0.4861,0.4866,0.4871,0.4876,0.4881,0.4887,0.4892,0.4897,0.4902,0.4907,0.4912,0.4918,0.4923,0.4928,0.4933,0.4939,0.4944,0.4949,0.4955,0.496,0.4965,0.4971,0.4976,0.4981,0.4987,0.4992,0.4997,0.5003,0.5008,0.5014,0.5019,0.5025,0.503,0.5035,0.5041,0.5046,0.5052,0.5057,0.5063,0.5069,0.5074,0.508,0.5087,0.5093,0.5099,0.5106,0.5112,0.5118,0.5125,0.5131,0.5138,0.5144,0.5151,0.5157,0.5164,0.517,0.5177,0.5183,0.519,0.5196,0.5203,0.5209,0.5216,0.5223,0.5229,0.5236,0.5243,0.5249,0.5256,0.5263,0.527,0.5276,0.5283,0.5288,0.5293,0.5297,0.5301,0.5306,0.531,0.5314,0.5319,0.5323,0.5327,0.5332,0.5336,0.5341,0.5345,0.5349,0.5354,0.5358,0.5363,0.5367,0.5372,0.5376,0.538,0.5385,0.5389,0.5394,0.5398,0.5403,0.5407,0.5412,0.5416,0.5421,0.5425,0.543,0.5435,0.5439,0.5444,0.5448,0.5453,0.5457,0.5462,0.5467,0.5472,0.5477,0.5478,0.548,0.5486,0.5492,0.5498,0.5503,0.5507,0.5512,0.5517,0.5522,0.5527,0.5531,0.5536,0.5541,0.5545,0.5548,0.5551,0.5554,0.5552,0.5551,0.555,0.5556,0.5562,0.5568
0.4347,0.4351,0.4354,0.4358,0.4361,0.4364,0.4368,0.4371,0.4375,0.4378,0.4381,0.4385,0.4388,0.4392,0.4395,0.4399,0.4402,0.4406,0.441,0.4414,0.4418,0.4422,0.4426,0.4429,0.4433,0.4437,0.4441,0.4445,0.4449,0.4453,0.4457,0.4461,0.4465,0.4469,0.4473,0.4477,0.4481,0.4485,0.449,0.4494,0.4498,0.4502,0.4506,0.451,0.4515,0.4519,0.4524,0.4528,0.4532,0.4537,0.4541,0.4546,0.455,0.4555,0.4559,0.4564,0.4568,0.4573,0.4577,0.4582,0.4586,0.4591,0.4595,0.46,0.4605,0.4609,0.4614,0.4618,0.4623,0.4628,0.4632,0.4637,0.4642,0.4646,0.4651,0.4656,0.466,0.4665,0.467,0.4674,0.4679,0.4684,0.4689,0.4693,0.4698,0.4703,0.4708,0.4713,0.4717,0.4722,0.4727,0.4732,0.4737,0.4742,0.4746,0.4751,0.4756,0.4761,0.4766,0.4771,0.4776,0.4781,0.4786,0.4791,0.4796,0.4801,0.4806,0.4811,0.4816,0.4821,0.4826,0.4831,0.4836,0.4841,0.4846,0.4851,0.4856,0.4861,0.4866,0.4871,0.4876,0.4882,0.4887,0.4892,0.4897,0.4902,0.4908,0.4913,0.4918,0.4923,0.4928,0.4934,0.4939,0.4944,0.495,0.4955,0.496,0.4965,0.4971,0.4976,0.4982,0.4987,0.4992,0.4998,0.5003,0.5008,0.5014,0.5019,0.5025,0.503,0.5036,0.5041,0.5047,0.5052,0.5058,0.5063,0.5069,0.5074,0.5081,0.5087,0.5093,0.51,0.5106,0.5112,0.5119,0.5125,0.5132,0.5138,0.5144,0.5151,0.5157,0.5164,0.517,0.5177,0.5183,0.519,0.5197,0.5203,0.521,0.5216,0.5223,0.523,0.5236,0.5243,0.525,0.5257,0.5263,0.527,0.5277,0.5282,0.5287,0.5291,0.5295,0.53,0.5304,0.5308,0.5313,0.5317,0.5321,0.5326,0.533,0.5334,0.5339,0.5343,0.5348,0.5352,0.5356,0.5361,0.5365,0.537,0.5374,0.5379,0.5383,0.5388,0.5392,0.5397,0.5401,0.5406,0.541,0.5415,0.5419,0.5424,0.5428,0.5433,0.5437,0.5442,0.5446,0.5451,0.5456,0.546,0.5465,0.547,0.5473,0.5478,0.5483,0.5488,0.5492,0.5497,0.5502,0.5507,0.5511,0.5516,0.5521,0.5526,0.553,0.5535,0.554,0.5544,0.5547,0.555,0.5553,0.5556,0.5557,0.5555,0.5554,0.556
0.4344,0.4348,0.4351,0.4354,0.4358,0.4361,0.4364,0.4368,0.4371,0.4375,0.4378,0.4382,0.4385,0.4388,0.4392,0.4395,0.4399,0.4402,0.4406,0.4409,0.4413,0.4417,0.4421,0.4425,0.4429,0.4433,0.4437,0.4441,0.4445,0.4449,0.4453,0.4457,0.4461,0.4465,0.4469,0.4473,0.4477,0.4481,0.4485,0.4489,0.4493,0.4497,0.4502,0.4506,0.4511,0.4515,0.4519,0.4524,0.4528,0.4533,0.4537,0.4542,0.4546,0.4551,0.4555,0.4559,0.4564,0.4569,0.4573,0.4578,0.4582,0.4587,0.4591,0.4596,0.46,0.4605,0.4609,0.4614,0.4619,0.4623,0.4628,0.4633,0.4637,0.4642,0.4647,0.4651,0.4656,0.4661,0.4665,0.467,0.4675,0.4679,0.4684,0.4689,0.4694,0.4698,0.4703,0.4708,0.4713,0.4718,0.4722,0.4727,0.4732,0.4737,0.4742,0.4747,0.4752,0.4756,0.4761,0.4766,0.4771,0.4776,0.4781,0.4786,0.4791,0.4796,0.4801,0.4806,0.4811,0.4816,0.4821,0.4826,0.4831,0.4836,0.4841,0.4846,0.4851,0.4856,0.4861,0.4866,0.4872,0.4877,0.4882,0.4887,0.4892,0.4897,0.4903,0.4908,0.4913,0.4918,0.4923,0.4929,0.4934,0.4939,0.4945,0.495,0.4955,0.496,0.4966,0.4971,0.4976,0.4982,0.4987,0.4993,0.4998,0.5003,0.5009,0.5014,0.502,0.5025,0.5031,0.5036,0.5042,0.5047,0.5053,0.5058,0.5064,0.5069,0.5075,0.5081,0.5087,0.5094,0.51,0.5106,0.5113,0.5119,0.5125,0.5132,0.5138,0.5145,0.5151,0.5158,0.5164,0.5171,0.5177,0.5184,0.519,0.5197,0.5203,0.521,0.5217,0.5223,0.523,0.5237,0.5243,0.525,0.5257,0.5264,0.527,0.5276,0.5281,0.5285,0.5289,0.5293,0.5298,0.5302,0.5306,0.5311,0.5315,0.5319,0.5324,0.5328,0.5333,0.5337,0.5341,0.5346,0.535,0.5355,0.5359,0.5363,0.5368,0.5372,0.5377,0.5381,0.5386,0.539,0.5395,0.5399,0.5404,0.5408,0.5413,0.5417,0.5422,0.5426,0.5431,0.5435,0.544,0.5444,0.5449,0.5454,0.5458,0.5463,0.5468,0.5473,0.5477,0.5482,0.5487,0.5491,0.5496,0.5501,0.5506,0.551,0.5515,0.552,0.5525,0.553,0.5534,0.5539,0.5544,0.5547,0.555,0.5553,0.5556,0.5559,0.5561,0.556
0.4341,0.4344,0.4348,0.4351,0.4354,0.4358,0.4361,0.4365,0.4368,0.4371,0.4375,0.4378,0.4382,0.4385,0.4389,0.4392,0.4395,0.4399,0.4402,0.4406,0.4409,0.4413,0.4417,0.4421,0.4425,0.4429,0.4432,0.4436,0.444,0.4444,0.4448,0.4452,0.4456,0.446,0.4464,0.4468,0.4472,0.4476,0.448,0.4485,0.4489,0.4493,0.4498,0.4502,0.4506,0.4511,0.4515,0.452,0.4524,0.4528,0.4533,0.4537,0.4542,0.4546,0.4551,0.4555,0.456,0.4564,0.4569,0.4573,0.4578,0.4582,0.4587,0.4591,0.4596,0.4601,0.4605,0.461,0.4614,0.4619,0.4624,0.4628,0.4633,0.4637,0.4642,0.4647,0.4651,0.4656,0.4661,0.4666,0.467,0.4675,0.468,0.4684,0.4689,0.4694,0.4699,0.4703,0.4708,0.4713,0.4718,0.4723,0.4728,0.4732,0.4737,0.4742,0.4747,0.4752,0.4757,0.4762,0.4766,0.4771,0.4776,0.4781,0.4786,0.4791,0.4796,0.4801,0.4806,0.4811,0.4816,0.4821,0.4826,0.4831,0.4836,0.4841,0.4846,0.4851,0.4857,0.4862,0.4867,0.4872,0.4877,0.4882,0.4887,0.4893,0.4898,0.4903,0.4908,0.4913,0.4919,0.4924,0.4929,0.4934,0.494,0.4945,0.495,0.4955,0.4961,0.4966,0.4971,0.4977,0.4982,0.4987,0.4993,0.4998,0.5004,0.5009,0.5014,0.502,0.5025,0.5031,0.5036,0.5042,0.5047,0.5053,0.5058,0.5064,0.5069,0.5075,0.5081,0.5088,0.5094,0.51,0.5107,0.5113,0.5119,0.5126,0.5132,0.5139,0.5145,0.5151,0.5158,0.5164,0.5171,0.5177,0.5184,0.5191,0.5197,0.5204,0.521,0.5217,0.5224,0.523,0.5237,0.5244,0.525,0.5257,0.5264,0.527,0.5274,0.5279,0.5283,0.5287,0.5292,0.5296,0.53,0.5305,0.5309,0.5313,0.5318,0.5322,0.5326,0.5331,0.5335,0.534,0.5344,0.5348,0.5353,0.5357,0.5362,0.5366,0.5371,0.5375,0.5379,0.5384,0.5388,0.5393,0.5397,0.5402,0.5406,0.5411,0.5415,0.542,0.5424,0.5429,0.5433,0.5438,0.5443,0.5447,0.5452,0.5456,0.546,0.5466,0.5472,0.5476,0.5481,0.5486,0.5491,0.5495,0.55,0.5505,0.551,0.5514,0.5519,0.5524,0.5529,0.5534,0.5538,0.5543,0.5546,0.5549,0.5552,0.5555,0.5558,0.5561
0.4338,0.4341,0.4344,0.4348,0.4351,0.4355,0.4358,0.4361,0.4365,0.4368,0.4372,0.4375,0.4378,0.4382,0.4385,0.4389,0.4392,0.4396,0.4399,0.4402,0.4406,0.4409,0.4413,0.4416,0.442,0.4424,0.4428,0.4432,0.4436,0.444,0.4444,0.4448,0.4452,0.4456,0.446,0.4464,0.4468,0.4472,0.4476,0.448,0.4485,0.4489,0.4494,0.4498,0.4502,0.4507,0.4511,0.4515,0.452,0.4524,0.4529,0.4533,0.4538,0.4542,0.4547,0.4551,0.4555,0.456,0.4564,0.4569,0.4574,0.4578,0.4583,0.4587,0.4592,0.4596,0.4601,0.4605,0.461,0.4615,0.4619,0.4624,0.4628,0.4633,0.4638,0.4642,0.4647,0.4652,0.4656,0.4661,0.4666,0.467,0.4675,0.468,0.4685,0.4689,0.4694,0.4699,0.4704,0.4709,0.4713,0.4718,0.4723,0.4728,0.4733,0.4737,0.4742,0.4747,0.4752,0.4757,0.4762,0.4767,0.4772,0.4777,0.4782,0.4786,0.4791,0.4796,0.4801,0.4806,0.4811,0.4816,0.4821,0.4826,0.4831,0.4837,0.4842,0.4847,0.4852,0.4857,0.4862,0.4867,0.4872,0.4877,0.4882,0.4888,0.4893,0.4898,0.4903,0.4908,0.4914,0.4919,0.4924,0.4929,0.4935,0.494,0.4945,0.495,0.4956,0.4961,0.4966,0.4972,0.4977,0.4982,0.4988,0.4993,0.4999,0.5004,0.5009,0.5015,0.502,0.5026,0.5031,0.5037,0.5042,0.5048,0.5053,0.5059,0.5064,0.507,0.5075,0.5082,0.5088,0.5094,0.5101,0.5107,0.5113,0.512,0.5126,0.5132,0.5139,0.5145,0.5152,0.5158,0.5165,0.5171,0.5178,0.5184,0.5191,0.5197,0.5204,0.5211,0.5217,0.5224,0.5231,0.5237,0.5244,0.5251,0.5257,0.5264,0.5268,0.5273,0.5277,0.5281,0.5286,0.529,0.5294,0.5299,0.5303,0.5307,0.5312,0.5316,0.532,0.5325,0.5329,0.5333,0.5338,0.5342,0.5347,0.5351,0.5355,0.536,0.5364,0.5369,0.5373,0.5378,0.5382,0.5387,0.5391,0.5395,0.54,0.5404,0.5409,0.5413,0.5418,0.5423,0.5427,0.5432,0.5436,0.5441,0.5445,0.5449,0.5454,0.5458,0.5464,0.547,0.5476,0.548,0.5485,0.549,0.5494,0.5499,0.5504,0.5509,0.5514,0.5518,0.5523,0.5528,0.5533,0.5537,0.5542,0.5545,0.5548,0.5551,0.5554,0.5557
0.4335,0.4338,0.4341,0.4345,0.4348,0.4351,0.4355,0.4358,0.4362,0.4365,0.4368,0.4372,0.4375,0.4379,0.4382,0.4385,0.4389,0.4392,0.4396,0.4399,0.4403,0.4406,0.4409,0.4413,0.4416,0.442,0.4424,0.4428,0.4432,0.4436,0.4439,0.4443,0.4447,0.4451,0.4455,0.4459,0.4463,0.4468,0.4472,0.4476,0.4481,0.4485,0.4489,0.4494,0.4498,0.4503,0.4507,0.4511,0.4516,0.452,0.4525,0.4529,0.4533,0.4538,0.4542,0.4547,0.4551,0.4556,0.456,0.4565,0.4569,0.4574,0.4578,0.4583,0.4587,0.4592,0.4596,0.4601,0.4606,0.461,0.4615,0.4619,0.4624,0.4629,0.4633,0.4638,0.4643,0.4647,0.4652,0.4657,0.4661,0.4666,0.4671,0.4675,0.468,0.4685,0.469,0.4694,0.4699,0.4704,0.4709,0.4714,0.4718,0.4723,0.4728,0.4733,0.4738,0.4743,0.4747,0.4752,0.4757,0.4762,0.4767,0.4772,0.4777,0.4782,0.4787,0.4792,0.4797,0.4802,0.4807,0.4812,0.4817,0.4822,0.4827,0.4832,0.4837,0.4842,0.4847,0.4852,0.4857,0.4862,0.4867,0.4872,0.4878,0.4883,0.4888,0.4893,0.4898,0.4903,0.4909,0.4914,0.4919,0.4924,0.493,0.4935,0.494,0.4945,0.4951,0.4956,0.4961,0.4967,0.4972,0.4977,0.4983,0.4988,0.4993,0.4999,0.5004,0.501,0.5015,0.5021,0.5026,0.5031,0.5037,0.5042,0.5048,0.5053,0.5059,0.5064,0.507,0.5076,0.5082,0.5088,0.5094,0.5101,0.5107,0.5114,0.512,0.5126,0.5133,0.5139,0.5146,0.5152,0.5159,0.5165,0.5172,0.5178,0.5185,0.5191,0.5198,0.5204,0.5211,0.5218,0.5224,0.5231,0.5238,0.5244,0.5251,0.5258,0.5262,0.5267,0.5271,0.5275,0.5279,0.5284,0.5288,0.5292,0.5297,0.5301,0.5305,0.531,0.5314,0.5318,0.5323,0.5327,0.5332,0.5336,0.534,0.5345,0.5349,0.5354,0.5358,0.5362,0.5367,0.5371,0.5376,0.538,0.5385,0.5389,0.5394,0.5398,0.5403,0.5407,0.5412,0.5416,0.5421,0.5425,0.543,0.5434,0.5438,0.5443,0.5447,0.5451,0.5456,0.5462,0.5468,0.5474,0.5479,0.5484,0.5489,0.5494,0.5498,0.5503,0.5508,0.5513,0.5517,0.5522,0.5527,0.5532,0.5537,0.5541,0.5544,0.5547,0.555,0.5553
0.4331,0.4335,0.4338,0.4341,0.4345,0.4348,0.4351,0.4355,0.4358,0.4362,0.4365,0.4368,0.4372,0.4375,0.4379,0.4382,0.4385,0.4389,0.4392,0.4396,0.4399,0.4403,0.4406,0.441,0.4413,0.4417,0.442,0.4424,0.4427,0.4431,0.4435,0.4439,0.4443,0.4447,0.4451,0.4455,0.4459,0.4464,0.4468,0.4472,0.4477,0.4481,0.4485,0.449,0.4494,0.4498,0.4503,0.4507,0.4512,0.4516,0.452,0.4525,0.4529,0.4534,0.4538,0.4543,0.4547,0.4551,0.4556,0.456,0.4565,0.4569,0.4574,0.4579,0.4583,0.4588,0.4592,0.4597,0.4601,0.4606,0.461,0.4615,0.462,0.4624,0.4629,0.4634,0.4638,0.4643,0.4648,0.4652,0.4657,0.4662,0.4666,0.4671,0.4676,0.468,0.4685,0.469,0.4695,0.4699,0.4704,0.4709,0.4714,0.4719,0.4723,0.4728,0.4733,0.4738,0.4743,0.4748,0.4753,0.4757,0.4762,0.4767,0.4772,0.4777,0.4782,0.4787,0.4792,0.4797,0.4802,0.4807,0.4812,0.4817,0.4822,0.4827,0.4832,0.4837,0.4842,0.4847,0.4852,0.4857,0.4862,0.4868,0.4873,0.4878,0.4883,0.4888,0.4893,0.4899,0.4904,0.4909,0.4914,0.4919,0.4925,0.493,0.4935,0.494,0.4946,0.4951,0.4956,0.4962,0.4967,0.4972,0.4978,0.4983,0.4988,0.4994,0.4999,0.5005,0.501,0.5015,0.5021,0.5026,0.5032,0.5037,0.5043,0.5048,0.5054,0.5059,0.5065,0.507,0.5076,0.5082,0.5088,0.5095,0.5101,0.5107,0.5114,0.512,0.5127,0.5133,0.5139,0.5146,0.5152,0.5159,0.5165,0.5172,0.5178,0.5185,0.5191,0.5198,0.5205,0.5211,0.5218,0.5225,0.5231,0.5238,0.5245,0.5251,0.5256,0.5261,0.5265,0.5269,0.5273,0.5278,0.5282,0.5286,0.5291,0.5295,0.5299,0.5304,0.5308,0.5312,0.5317,0.5321,0.5325,0.533,0.5334,0.5339,0.5343,0.5347,0.5352,0.5356,0.5361,0.5365,0.5369,0.5374,0.5378,0.5383,0.5387,0.5392,0.5396,0.5401,0.5405,0.541,0.5414,0.5419,0.5423,0.5427,0.5432,0.5436,0.544,0.5445,0.5449,0.5454,0.546,0.5466,0.5472,0.5478,0.5483,0.5488,0.5493,0.5497,0.5502,0.5507,0.5512,0.5517,0.5521,0.5526,0.5531,0.5536,0.5541,0.5544,0.5547,0.555
0.4328,0.4331,0.4335,0.4338,0.4342,0.4345,0.4348,0.4352,0.4355,0.4358,0.4362,0.4365,0.4369,0.4372,0.4375,0.4379,0.4382,0.4386,0.4389,0.4393,0.4396,0.4399,0.4403,0.4406,0.441,0.4413,0.4417,0.442,0.4424,0.4427,0.4431,0.4435,0.4439,0.4443,0.4447,0.4451,0.4455,0.446,0.4464,0.4468,0.4473,0.4477,0.4481,0.4486,0.449,0.4494,0.4499,0.4503,0.4507,0.4512,0.4516,0.4521,0.4525,0.4529,0.4534,0.4538,0.4543,0.4547,0.4552,0.4556,0.4561,0.4565,0.457,0.4574,0.4579,0.4583,0.4588,0.4592,0.4597,0.4602,0.4606,0.4611,0.4615,0.462,0.4625,0.4629,0.4634,0.4638,0.4643,0.4648,0.4652,0.4657,0.4662,0.4667,0.4671,0.4676,0.4681,0.4685,0.469,0.4695,0.47,0.4705,0.4709,0.4714,0.4719,0.4724,0.4729,0.4733,0.4738,0.4743,0.4748,0.4753,0.4758,0.4763,0.4768,0.4772,0.4777,0.4782,0.4787,0.4792,0.4797,0.4802,0.4807,0.4812,0.4817,0.4822,0.4827,0.4832,0.4837,0.4842,0.4847,0.4853,0.4858,0.4863,0.4868,0.4873,0.4878,0.4883,0.4888,0.4894,0.4899,0.4904,0.4909,0.4914,0.492,0.4925,0.493,0.4935,0.4941,0.4946,0.4951,0.4957,0.4962,0.4967,0.4973,0.4978,0.4983,0.4989,0.4994,0.4999,0.5005,0.501,0.5016,0.5021,0.5027,0.5032,0.5038,0.5043,0.5049,0.5054,0.506,0.5065,0.5071,0.5076,0.5082,0.5089,0.5095,0.5101,0.5108,0.5114,0.512,0.5127,0.5133,0.514,0.5146,0.5153,0.5159,0.5166,0.5172,0.5179,0.5185,0.5192,0.5198,0.5205,0.5212,0.5218,0.5225,0.5232,0.5238,0.5245,0.525,0.5255,0.5259,0.5263,0.5267,0.5272,0.5276,0.528,0.5285,0.5289,0.5293,0.5297,0.5302,0.5306,0.5311,0.5315,0.5319,0.5324,0.5328,0.5332,0.5337,0.5341,0.5346,0.535,0.5354,0.5359,0.5363,0.5368,0.5372,0.5377,0.5381,0.5385,0.539,0.5394,0.5399,0.5403,0.5408,0.5412,0.5416,0.5421,0.5425,0.5429,0.5434,0.5438,0.5442,0.5447,0.5452,0.5458,0.5464,0.547,0.5476,0.5482,0.5487,0.5492,0.5497,0.5501,0.5506,0.5511,0.5516,0.552,0.5525,0.553,0.5535,0.554,0.5543,0.5546
0.4323,0.4326,0.433,0.4333,0.4337,0.434,0.4343,0.4347,0.435,0.4354,0.4357,0.4361,0.4364,0.4367,0.4371,0.4374,0.4378,0.4381,0.4385,0.4388,0.4392,0.4395,0.4399,0.4402,0.4406,0.4409,0.4413,0.4416,0.442,0.4423,0.4427,0.4431,0.4434,0.4438,0.4443,0.4447,0.4451,0.4456,0.446,0.4464,0.4468,0.4473,0.4477,0.4481,0.4486,0.449,0.4494,0.4499,0.4503,0.4508,0.4512,0.4516,0.4521,0.4525,0.453,0.4534,0.4539,0.4543,0.4547,0.4552,0.4556,0.4561,0.4565,0.457,0.4574,0.4579,0.4584,0.4588,0.4593,0.4597,0.4602,0.4606,0.4611,0.4616,0.462,0.4625,0.4629,0.4634,0.4639,0.4643,0.4648,0.4653,0.4657,0.4662,0.4667,0.4671,0.4676,0.4681,0.4686,0.469,0.4695,0.47,0.4705,0.471,0.4714,0.4719,0.4724,0.4729,0.4734,0.4738,0.4743,0.4748,0.4753,0.4758,0.4763,0.4768,0.4773,0.4778,0.4783,0.4788,0.4792,0.4797,0.4802,0.4807,0.4812,0.4817,0.4822,0.4827,0.4833,0.4838,0.4843,0.4848,0.4853,0.4858,0.4863,0.4868,0.4873,0.4878,0.4884,0.4889,0.4894,0.4899,0.4904,0.4909,0.4915,0.492,0.4925,0.493,0.4936,0.4941,0.4946,0.4952,0.4957,0.4962,0.4967,0.4973,0.4978,0.4984,0.4989,0.4994,0.5,0.5005,0.5011,0.5016,0.5021,0.5027,0.5032,0.5038,0.5043,0.5049,0.5054,0.506,0.5065,0.5071,0.5077,0.5083,0.5089,0.5095,0.5102,0.5108,0.5114,0.5121,0.5127,0.5134,0.514,0.5146,0.5153,0.5159,0.5166,0.5172,0.5179,0.5186,0.5192,0.5199,0.5205,0.5212,0.5219,0.5225,0.5232,0.5238,0.5244,0.5249,0.5253,0.5257,0.5261,0.5266,0.527,0.5274,0.5278,0.5283,0.5287,0.5291,0.5296,0.53,0.5304,0.5309,0.5313,0.5317,0.5322,0.5326,0.5331,0.5335,0.5339,0.5344,0.5348,0.5353,0.5357,0.5361,0.5366,0.537,0.5375,0.5379,0.5384,0.5388,0.5393,0.5397,0.5401,0.5406,0.541,0.5414,0.5418,0.5423,0.5427,0.5431,0.5436,0.544,0.5444,0.545,0.5456,0.5462,0.5468,0.5474,0.548,0.5486,0.5491,0.5496,0.55,0.5505,0.551,0.5515,0.552,0.5524,0.5529,0.5534,0.5539,0.5542
0.4318,0.4321,0.4324,0.4328,0.4331,0.4335,0.4338,0.4341,0.4345,0.4348,0.4352,0.4355,0.4359,0.4362,0.4365,0.4369,0.4372,0.4376,0.4379,0.4383,0.4386,0.439,0.4393,0.4397,0.44,0.4404,0.4407,0.4411,0.4414,0.4418,0.4421,0.4423,0.4428,0.4434,0.4438,0.4442,0.4447,0.4451,0.4456,0.446,0.4464,0.4469,0.4473,0.4477,0.4482,0.4486,0.449,0.4495,0.4499,0.4503,0.4508,0.4512,0.4517,0.4521,0.4525,0.453,0.4534,0.4539,0.4543,0.4548,0.4552,0.4557,0.4561,0.4566,0.457,0.4575,0.4579,0.4584,0.4588,0.4593,0.4597,0.4602,0.4607,0.4611,0.4616,0.462,0.4625,0.463,0.4634,0.4639,0.4644,0.4648,0.4653,0.4658,0.4662,0.4667,0.4672,0.4676,0.4681,0.4686,0.4691,0.4695,0.47,0.4705,0.471,0.4715,0.4719,0.4724,0.4729,0.4734,0.4739,0.4744,0.4748,0.4753,0.4758,0.4763,0.4768,0.4773,0.4778,0.4783,0.4788,0.4793,0.4798,0.4803,0.4808,0.4813,0.4818,0.4823,0.4828,0.4833,0.4838,0.4843,0.4848,0.4853,0.4858,0.4863,0.4868,0.4874,0.4879,0.4884,0.4889,0.4894,0.4899,0.4905,0.491,0.4915,0.492,0.4925,0.4931,0.4936,0.4941,0.4947,0.4952,0.4957,0.4962,0.4968,0.4973,0.4978,0.4984,0.4989,0.4995,0.5,0.5005,0.5011,0.5016,0.5022,0.5027,0.5033,0.5038,0.5044,0.5049,0.5055,0.506,0.5066,0.5071,0.5077,0.5083,0.5089,0.5096,0.5102,0.5108,0.5115,0.5121,0.5127,0.5134,0.514,0.5147,0.5153,0.516,0.5166,0.5173,0.5179,0.5186,0.5192,0.5199,0.5206,0.5212,0.5219,0.5225,0.5232,0.5238,0.5243,0.5247,0.5251,0.5255,0.526,0.5264,0.5268,0.5272,0.5277,0.5281,0.5285,0.529,0.5294,0.5298,0.5303,0.5307,0.5311,0.5316,0.532,0.5324,0.5329,0.5333,0.5337,0.5342,0.5346,0.5351,0.5355,0.536,0.5364,0.5368,0.5373,0.5377,0.5382,0.5386,0.539,0.5395,0.5399,0.5403,0.5408,0.5412,0.5416,0.542,0.5425,0.5429,0.5433,0.5438,0.5442,0.5448,0.5454,0.546,0.5466,0.5472,0.5478,0.5484,0.549,0.5495,0.55,0.5504,0.5509,0.5514,0.5519,0.5523,0.5528,0.5533,0.5538
0.4312,0.4316,0.4319,0.4322,0.4326,0.4329,0.4333,0.4336,0.4339,0.4343,0.4346,0.435,0.4353,0.4357,0.436,0.4363,0.4367,0.437,0.4374,0.4377,0.4381,0.4384,0.4388,0.4391,0.4395,0.4398,0.4402,0.4405,0.4409,0.4412,0.4413,0.4414,0.4422,0.4429,0.4433,0.4438,0.4442,0.4447,0.4451,0.4455,0.446,0.4464,0.4469,0.4473,0.4478,0.4482,0.4486,0.4491,0.4495,0.4499,0.4504,0.4508,0.4512,0.4517,0.4521,0.4526,0.453,0.4535,0.4539,0.4544,0.4548,0.4552,0.4557,0.4561,0.4566,0.457,0.4575,0.4579,0.4584,0.4589,0.4593,0.4598,0.4602,0.4607,0.4611,0.4616,0.4621,0.4625,0.463,0.4635,0.4639,0.4644,0.4649,0.4653,0.4658,0.4663,0.4667,0.4672,0.4677,0.4681,0.4686,0.4691,0.4696,0.47,0.4705,0.471,0.4715,0.472,0.4724,0.4729,0.4734,0.4739,0.4744,0.4749,0.4754,0.4759,0.4763,0.4768,0.4773,0.4778,0.4783,0.4788,0.4793,0.4798,0.4803,0.4808,0.4813,0.4818,0.4823,0.4828,0.4833,0.4838,0.4843,0.4848,0.4853,0.4858,0.4864,0.4869,0.4874,0.4879,0.4884,0.4889,0.4894,0.49,0.4905,0.491,0.4915,0.492,0.4926,0.4931,0.4936,0.4942,0.4947,0.4952,0.4957,0.4963,0.4968,0.4973,0.4979,0.4984,0.4989,0.4995,0.5,0.5006,0.5011,0.5017,0.5022,0.5027,0.5033,0.5038,0.5044,0.5049,0.5055,0.506,0.5066,0.5072,0.5077,0.5083,0.509,0.5096,0.5102,0.5109,0.5115,0.5121,0.5128,0.5134,0.5141,0.5147,0.5154,0.516,0.5167,0.5173,0.518,0.5186,0.5193,0.5199,0.5206,0.5212,0.5219,0.5226,0.5232,0.5237,0.5241,0.5245,0.5249,0.5254,0.5258,0.5262,0.5266,0.5271,0.5275,0.5279,0.5284,0.5288,0.5292,0.5296,0.5301,0.5305,0.5309,0.5314,0.5318,0.5323,0.5327,0.5331,0.5336,0.534,0.5344,0.5349,0.5353,0.5358,0.5362,0.5367,0.5371,0.5375,0.538,0.5384,0.5388,0.5392,0.5397,0.5401,0.5405,0.5409,0.5414,0.5418,0.5422,0.5427,0.5431,0.5435,0.544,0.5446,0.5452,0.5458,0.5464,0.547,0.5476,0.5482,0.5488,0.5494,0.5499,0.5504,0.5508,0.5513,0.5518,0.5523,0.5527,0.5532
0.4307,0.431,0.4314,0.4317,0.432,0.4324,0.4327,0.4331,0.4334,0.4337,0.4341,0.4344,0.4348,0.4351,0.4355,0.4358,0.4361,0.4365,0.4368,0.4372,0.4375,0.4379,0.4382,0.4386,0.4389,0.4393,0.4396,0.44,0.4402,0.4403,0.4404,0.4407,0.4417,0.4424,0.4428,0.4433,0.4437,0.4442,0.4446,0.4451,0.4455,0.4459,0.4464,0.4468,0.4473,0.4477,0.4482,0.4486,0.4491,0.4495,0.45,0.4504,0.4508,0.4513,0.4517,0.4522,0.4526,0.453,0.4535,0.4539,0.4544,0.4548,0.4553,0.4557,0.4562,0.4566,0.4571,0.4575,0.458,0.4584,0.4589,0.4593,0.4598,0.4603,0.4607,0.4612,0.4616,0.4621,0.4626,0.463,0.4635,0.4639,0.4644,0.4649,0.4653,0.4658,0.4663,0.4668,0.4672,0.4677,0.4682,0.4686,0.4691,0.4696,0.4701,0.4706,0.471,0.4715,0.472,0.4725,0.473,0.4734,0.4739,0.4744,0.4749,0.4754,0.4759,0.4764,0.4769,0.4774,0.4778,0.4783,0.4788,0.4793,0.4798,0.4803,0.4808,0.4813,0.4818,0.4823,0.4828,0.4833,0.4838,0.4843,0.4849,0.4854,0.4859,0.4864,0.4869,0.4874,0.4879,0.4884,0.489,0.4895,0.49,0.4905,0.491,0.4916,0.4921,0.4926,0.4931,0.4937,0.4942,0.4947,0.4952,0.4958,0.4963,0.4968,0.4974,0.4979,0.4984,0.499,0.4995,0.5001,0.5006,0.5011,0.5017,0.5022,0.5028,0.5033,0.5039,0.5044,0.505,0.5055,0.5061,0.5066,0.5072,0.5077,0.5084,0.509,0.5096,0.5103,0.5109,0.5115,0.5122,0.5128,0.5134,0.5141,0.5147,0.5154,0.516,0.5167,0.5173,0.518,0.5186,0.5193,0.52,0.5206,0.5213,0.5219,0.5226,0.5231,0.5235,0.5239,0.5243,0.5248,0.5252,0.5256,0.526,0.5265,0.5269,0.5273,0.5277,0.5282,0.5286,0.529,0.5295,0.5299,0.5303,0.5308,0.5312,0.5316,0.5321,0.5325,0.533,0.5334,0.5338,0.5343,0.5347,0.5351,0.5356,0.536,0.5365,0.5369,0.5373,0.5377,0.5382,0.5386,0.539,0.5394,0.5399,0.5403,0.5407,0.5412,0.5416,0.542,0.5424,0.5429,0.5433,0.5438,0.5444,0.545,0.5456,0.5462,0.5468,0.5474,0.548,0.5486,0.5492,0.5498,0.5503,0.5507,0.5512,0.5517,0.5522,0.5527
0.4302,0.4305,0.4308,0.4312,0.4315,0.4319,0.4322,0.4325,0.4329,0.4332,0.4335,0.4339,0.4342,0.4346,0.4349,0.4353,0.4356,0.4359,0.4363,0.4366,0.437,0.4373,0.4377,0.438,0.4384,0.4387,0.439,0.4391,0.4392,0.4393,0.4395,0.4402,0.4411,0.4419,0.4423,0.4428,0.4432,0.4437,0.4441,0.4446,0.445,0.4455,0.4459,0.4463,0.4468,0.4472,0.4477,0.4481,0.4486,0.449,0.4495,0.4499,0.4504,0.4508,0.4513,0.4517,0.4522,0.4526,0.4531,0.4535,0.454,0.4544,0.4548,0.4553,0.4557,0.4562,0.4566,0.4571,0.4575,0.458,0.4585,0.4589,0.4594,0.4598,0.4603,0.4607,0.4612,0.4617,0.4621,0.4626,0.463,0.4635,0.464,0.4644,0.4649,0.4654,0.4658,0.4663,0.4668,0.4673,0.4677,0.4682,0.4687,0.4691,0.4696,0.4701,0.4706,0.4711,0.4715,0.472,0.4725,0.473,0.4735,0.474,0.4744,0.4749,0.4754,0.4759,0.4764,0.4769,0.4774,0.4779,0.4784,0.4789,0.4794,0.4799,0.4804,0.4809,0.4814,0.4819,0.4824,0.4829,0.4834,0.4839,0.4844,0.4849,0.4854,0.4859,0.4864,0.4869,0.4874,0.488,0.4885,0.489,0.4895,0.49,0.4905,0.4911,0.4916,0.4921,0.4926,0.4932,0.4937,0.4942,0.4947,0.4953,0.4958,0.4963,0.4969,0.4974,0.4979,0.4985,0.499,0.4995,0.5001,0.5006,0.5012,0.5017,0.5023,0.5028,0.5034,0.5039,0.5044,0.505,0.5056,0.5061,0.5067,0.5072,0.5078,0.5084,0.509,0.5096,0.5103,0.5109,0.5116,0.5122,0.5128,0.5135,0.5141,0.5148,0.5154,0.5161,0.5167,0.5174,0.518,0.5187,0.5193,0.52,0.5206,0.5213,0.522,0.5225,0.5229,0.5233,0.5237,0.5242,0.5246,0.525,0.5254,0.5259,0.5263,0.5267,0.5271,0.5276,0.528,0.5284,0.5289,0.5293,0.5297,0.5302,0.5306,0.531,0.5315,0.5319,0.5323,0.5328,0.5332,0.5336,0.5341,0.5345,0.535,0.5354,0.5358,0.5362,0.5367,0.5371,0.5375,0.5379,0.5384,0.5388,0.5392,0.5396,0.5401,0.5405,0.5409,0.5413,0.5418,0.5422,0.5426,0.5431,0.5436,0.5442,0.5448,0.5454,0.546,0.5466,0.5472,0.5478,0.5484,0.549,0.5496,0.5502,0.5507,0.5511,0.5516,0.5521
0.4296,0.43,0.4303,0.4306,0.431,0.4313,0.4317,0.432,0.4323,0.4327,0.433,0.4334,0.4337,0.434,0.4344,0.4347,0.4351,0.4354,0.4357,0.4361,0.4364,0.4368,0.4371,0.4375,0.4378,0.438,0.4381,0.4382,0.4383,0.4384,0.4387,0.4396,0.4406,0.4414,0.4418,0.4423,0.4427,0.4432,0.4436,0.4441,0.4445,0.445,0.4454,0.4459,0.4463,0.4468,0.4472,0.4476,0.4481,0.4485,0.449,0.4494,0.4499,0.4503,0.4508,0.4513,0.4517,0.4522,0.4526,0.4531,0.4535,0.454,0.4544,0.4549,0.4553,0.4558,0.4562,0.4567,0.4571,0.4576,0.458,0.4585,0.4589,0.4594,0.4598,0.4603,0.4608,0.4612,0.4617,0.4621,0.4626,0.4631,0.4635,0.464,0.4645,0.4649,0.4654,0.4659,0.4663,0.4668,0.4673,0.4677,0.4682,0.4687,0.4692,0.4696,0.4701,0.4706,0.4711,0.4716,0.472,0.4725,0.473,0.4735,0.474,0.4745,0.475,0.4754,0.4759,0.4764,0.4769,0.4774,0.4779,0.4784,0.4789,0.4794,0.4799,0.4804,0.4809,0.4814,0.4819,0.4824,0.4829,0.4834,0.4839,0.4844,0.4849,0.4854,0.4859,0.4864,0.487,0.4875,0.488,0.4885,0.489,0.4895,0.49,0.4906,0.4911,0.4916,0.4921,0.4927,0.4932,0.4937,0.4942,0.4948,0.4953,0.4958,0.4964,0.4969,0.4974,0.498,0.4985,0.499,0.4996,0.5001,0.5007,0.5012,0.5017,0.5023,0.5028,0.5034,0.5039,0.5045,0.505,0.5056,0.5061,0.5067,0.5072,0.5078,0.5084,0.509,0.5097,0.5103,0.5109,0.5116,0.5122,0.5129,0.5135,0.5141,0.5148,0.5154,0.5161,0.5167,0.5174,0.518,0.5187,0.5194,0.52,0.5207,0.5213,0.5219,0.5223,0.5227,0.5231,0.5236,0.524,0.5244,0.5248,0.5253,0.5257,0.5261,0.5265,0.527,0.5274,0.5278,0.5283,0.5287,0.5291,0.5295,0.53,0.5304,0.5308,0.5313,0.5317,0.5322,0.5326,0.533,0.5335,0.5339,0.5343,0.5348,0.5352,0.5356,0.536,0.5364,0.5369,0.5373,0.5377,0.5381,0.5386,0.539,0.5394,0.5398,0.5403,0.5407,0.5411,0.5416,0.542,0.5424,0.5428,0.5434,0.544,0.5446,0.5452,0.5458,0.5464,0.547,0.5476,0.5482,0.5488,0.5493,0.5499,0.5505,0.551,0.5515
0.4291,0.4294,0.4298,0.4301,0.4305,0.4308,0.4311,0.4315,0.4318,0.4321,0.4325,0.4328,0.4332,0.4335,0.4338,0.4342,0.4345,0.4349,0.4352,0.4355,0.4359,0.4362,0.4366,0.4368,0.437,0.4371,0.4372,0.4373,0.4374,0.4375,0.4381,0.4391,0.44,0.4409,0.4414,0.4418,0.4422,0.4427,0.4431,0.4436,0.444,0.4445,0.4449,0.4454,0.4458,0.4463,0.4467,0.4472,0.4476,0.4481,0.4485,0.449,0.4494,0.4499,0.4503,0.4508,0.4512,0.4517,0.4521,0.4526,0.453,0.4535,0.454,0.4544,0.4549,0.4553,0.4558,0.4562,0.4567,0.4571,0.4576,0.458,0.4585,0.459,0.4594,0.4599,0.4603,0.4608,0.4612,0.4617,0.4622,0.4626,0.4631,0.4636,0.464,0.4645,0.465,0.4654,0.4659,0.4664,0.4668,0.4673,0.4678,0.4682,0.4687,0.4692,0.4697,0.4702,0.4706,0.4711,0.4716,0.4721,0.4726,0.473,0.4735,0.474,0.4745,0.475,0.4755,0.476,0.4764,0.4769,0.4774,0.4779,0.4784,0.4789,0.4794,0.4799,0.4804,0.4809,0.4814,0.4819,0.4824,0.4829,0.4834,0.4839,0.4844,0.4849,0.4854,0.486,0.4865,0.487,0.4875,0.488,0.4885,0.489,0.4896,0.4901,0.4906,0.4911,0.4916,0.4922,0.4927,0.4932,0.4937,0.4943,0.4948,0.4953,0.4959,0.4964,0.4969,0.4975,0.498,0.4985,0.4991,0.4996,0.5001,0.5007,0.5012,0.5018,0.5023,0.5029,0.5034,0.504,0.5045,0.5051,0.5056,0.5062,0.5067,0.5073,0.5078,0.5084,0.5091,0.5097,0.5103,0.511,0.5116,0.5123,0.5129,0.5135,0.5142,0.5148,0.5155,0.5161,0.5168,0.5174,0.5181,0.5187,0.5194,0.52,0.5207,0.5213,0.5217,0.5221,0.5225,0.523,0.5234,0.5238,0.5242,0.5247,0.5251,0.5255,0.5259,0.5264,0.5268,0.5272,0.5276,0.5281,0.5285,0.5289,0.5294,0.5298,0.5302,0.5307,0.5311,0.5315,0.532,0.5324,0.5328,0.5333,0.5337,0.5341,0.5345,0.5349,0.5354,0.5358,0.5362,0.5366,0.5371,0.5375,0.5379,0.5383,0.5388,0.5392,0.5396,0.54,0.5405,0.5409,0.5413,0.5417,0.5422,0.5426,0.5432,0.5438,0.5444,0.545,0.5456,0.5462,0.5468,0.5474,0.5479,0.5485,0.5491,0.5497,0.5503,0.5509
0.4286,0.4289,0.4293,0.4296,0.4299,0.4303,0.4306,0.4309,0.4313,0.4316,0.4319,0.4323,0.4326,0.433,0.4333,0.4336,0.434,0.4343,0.4347,0.435,0.4354,0.4357,0.4358,0.4359,0.4361,0.4362,0.4363,0.4364,0.4365,0.4367,0.4376,0.4385,0.4395,0.4404,0.4409,0.4413,0.4418,0.4422,0.4426,0.4431,0.4435,0.444,0.4444,0.4449,0.4453,0.4458,0.4462,0.4467,0.4471,0.4476,0.448,0.4485,0.4489,0.4494,0.4498,0.4503,0.4507,0.4512,0.4516,0.4521,0.4525,0.453,0.4535,0.4539,0.4544,0.4548,0.4553,0.4558,0.4562,0.4567,0.4572,0.4576,0.4581,0.4585,0.459,0.4594,0.4599,0.4604,0.4608,0.4613,0.4617,0.4622,0.4627,0.4631,0.4636,0.464,0.4645,0.465,0.4654,0.4659,0.4664,0.4669,0.4673,0.4678,0.4683,0.4687,0.4692,0.4697,0.4702,0.4707,0.4711,0.4716,0.4721,0.4726,0.4731,0.4735,0.474,0.4745,0.475,0.4755,0.476,0.4765,0.477,0.4775,0.478,0.4784,0.4789,0.4794,0.4799,0.4804,0.4809,0.4814,0.4819,0.4824,0.4829,0.4834,0.484,0.4845,0.485,0.4855,0.486,0.4865,0.487,0.4875,0.488,0.4886,0.4891,0.4896,0.4901,0.4906,0.4911,0.4917,0.4922,0.4927,0.4932,0.4938,0.4943,0.4948,0.4954,0.4959,0.4964,0.4969,0.4975,0.498,0.4986,0.4991,0.4996,0.5002,0.5007,0.5013,0.5018,0.5023,0.5029,0.5034,0.504,0.5045,0.5051,0.5056,0.5062,0.5067,0.5073,0.5079,0.5085,0.5091,0.5097,0.5104,0.511,0.5116,0.5123,0.5129,0.5136,0.5142,0.5149,0.5155,0.5161,0.5168,0.5174,0.5181,0.5188,0.5194,0.5201,0.5207,0.5211,0.5215,0.522,0.5224,0.5228,0.5232,0.5236,0.5241,0.5245,0.5249,0.5253,0.5258,0.5262,0.5266,0.527,0.5275,0.5279,0.5283,0.5288,0.5292,0.5296,0.5301,0.5305,0.5309,0.5314,0.5318,0.5322,0.5326,0.5331,0.5335,0.5339,0.5343,0.5347,0.5351,0.5356,0.536,0.5364,0.5368,0.5373,0.5377,0.5381,0.5385,0.539,0.5394,0.5398,0.5402,0.5407,0.5411,0.5415,0.542,0.5424,0.543,0.5436,0.5442,0.5448,0.5454,0.546,0.5466,0.5472,0.5477,0.5483,0.5489,0.5495,0.5501
0.4281,0.4284,0.4287,0.4291,0.4294,0.4297,0.4301,0.4304,0.4307,0.4311,0.4314,0.4317,0.4321,0.4324,0.4328,0.4331,0.4334,0.4338,0.4341,0.4345,0.4347,0.4348,0.4349,0.435,0.4351,0.4353,0.4354,0.4355,0.4356,0.4361,0.4371,0.438,0.4389,0.4399,0.4404,0.4408,0.4413,0.4417,0.4422,0.4426,0.4431,0.4435,0.444,0.4444,0.4449,0.4453,0.4457,0.4462,0.4466,0.4471,0.4475,0.448,0.4484,0.4489,0.4493,0.4498,0.4502,0.4507,0.4511,0.4516,0.452,0.4525,0.453,0.4534,0.4539,0.4543,0.4548,0.4553,0.4557,0.4562,0.4567,0.4571,0.4576,0.4581,0.4585,0.459,0.4595,0.4599,0.4604,0.4608,0.4613,0.4618,0.4622,0.4627,0.4631,0.4636,0.4641,0.4645,0.465,0.4655,0.4659,0.4664,0.4669,0.4674,0.4678,0.4683,0.4688,0.4692,0.4697,0.4702,0.4707,0.4712,0.4716,0.4721,0.4726,0.4731,0.4736,0.4741,0.4745,0.475,0.4755,0.476,0.4765,0.477,0.4775,0.478,0.4785,0.479,0.4795,0.48,0.4805,0.481,0.4815,0.482,0.4825,0.483,0.4835,0.484,0.4845,0.485,0.4855,0.486,0.4865,0.487,0.4875,0.4881,0.4886,0.4891,0.4896,0.4901,0.4907,0.4912,0.4917,0.4922,0.4927,0.4933,0.4938,0.4943,0.4949,0.4954,0.4959,0.4964,0.497,0.4975,0.498,0.4986,0.4991,0.4997,0.5002,0.5007,0.5013,0.5018,0.5024,0.5029,0.5035,0.504,0.5046,0.5051,0.5057,0.5062,0.5068,0.5073,0.5079,0.5085,0.5091,0.5098,0.5104,0.511,0.5117,0.5123,0.513,0.5136,0.5142,0.5149,0.5155,0.5162,0.5168,0.5175,0.5181,0.5188,0.5194,0.5201,0.5205,0.5209,0.5214,0.5218,0.5222,0.5226,0.523,0.5235,0.5239,0.5243,0.5247,0.5252,0.5256,0.526,0.5264,0.5269,0.5273,0.5277,0.5282,0.5286,0.529,0.5294,0.5299,0.5303,0.5307,0.5312,0.5316,0.532,0.5324,0.5328,0.5332,0.5337,0.5341,0.5345,0.5349,0.5353,0.5358,0.5362,0.5366,0.537,0.5374,0.5379,0.5383,0.5387,0.5392,0.5396,0.54,0.5404,0.5409,0.5413,0.5417,0.5422,0.5428,0.5434,0.544,0.5446,0.5452,0.5458,0.5464,0.5469,0.5475,0.5481,0.5487,0.5493
0.4275,0.4279,0.4282,0.4285,0.4289,0.4292,0.4295,0.4299,0.4302,0.4305,0.4309,0.4312,0.4316,0.4319,0.4322,0.4326,0.4329,0.4332,0.4336,0.4337,0.4338,0.4339,0.434,0.4341,0.4342,0.4344,0.4345,0.4346,0.4347,0.4356,0.4365,0.4374,0.4384,0.4393,0.4399,0.4403,0.4408,0.4412,0.4417,0.4421,0.4426,0.443,0.4435,0.4439,0.4444,0.4448,0.4453,0.4457,0.4462,0.4466,0.447,0.4475,0.4479,0.4484,0.4488,0.4493,0.4497,0.4502,0.4506,0.4511,0.4515,0.452,0.4525,0.4529,0.4534,0.4538,0.4543,0.4548,0.4552,0.4557,0.4561,0.4566,0.4571,0.4575,0.458,0.4585,0.459,0.4594,0.4599,0.4604,0.4608,0.4613,0.4618,0.4622,0.4627,0.4632,0.4636,0.4641,0.4646,0.465,0.4655,0.466,0.4664,0.4669,0.4674,0.4679,0.4683,0.4688,0.4693,0.4698,0.4702,0.4707,0.4712,0.4717,0.4721,0.4726,0.4731,0.4736,0.4741,0.4746,0.4751,0.4755,0.476,0.4765,0.477,0.4775,0.478,0.4785,0.479,0.4795,0.48,0.4805,0.481,0.4815,0.482,0.4825,0.483,0.4835,0.484,0.4845,0.485,0.4855,0.486,0.4866,0.4871,0.4876,0.4881,0.4886,0.4891,0.4896,0.4902,0.4907,0.4912,0.4917,0.4922,0.4928,0.4933,0.4938,0.4943,0.4949,0.4954,0.4959,0.4965,0.497,0.4975,0.4981,0.4986,0.4992,0.4997,0.5002,0.5008,0.5013,0.5019,0.5024,0.503,0.5035,0.504,0.5046,0.5051,0.5057,0.5063,0.5068,0.5074,0.5079,0.5085,0.5092,0.5098,0.5104,0.5111,0.5117,0.5123,0.513,0.5136,0.5143,0.5149,0.5156,0.5162,0.5169,0.5175,0.5182,0.5188,0.5195,0.5199,0.5204,0.5208,0.5212,0.5216,0.522,0.5224,0.5229,0.5233,0.5237,0.5241,0.5246,0.525,0.5254,0.5258,0.5263,0.5267,0.5271,0.5275,0.528,0.5284,0.5288,0.5293,0.5297,0.5301,0.5305,0.5309,0.5314,0.5318,0.5322,0.5326,0.533,0.5334,0.5339,0.5343,0.5347,0.5351,0.5355,0.536,0.5364,0.5368,0.5372,0.5376,0.5381,0.5385,0.5389,0.5393,0.5398,0.5402,0.5406,0.5411,0.5415,0.542,0.5426,0.5432,0.5438,0.5444,0.545,0.5456,0.5462,0.5467,0.5473,0.5479,0.5485
0.4270,0.4274,0.4277,0.428,0.4283,0.4287,0.429,0.4293,0.4297,0.43,0.4304,0.4307,0.431,0.4314,0.4317,0.432,0.4324,0.4326,0.4327,0.4328,0.4329,0.433,0.4331,0.4332,0.4334,0.4335,0.4336,0.4337,0.4341,0.4351,0.436,0.4369,0.4378,0.4388,0.4394,0.4399,0.4403,0.4407,0.4412,0.4416,0.4421,0.4425,0.443,0.4434,0.4439,0.4443,0.4448,0.4452,0.4457,0.4461,0.4466,0.447,0.4475,0.4479,0.4483,0.4488,0.4492,0.4497,0.4501,0.4506,0.4511,0.4515,0.452,0.4524,0.4529,0.4533,0.4538,0.4543,0.4547,0.4552,0.4556,0.4561,0.4566,0.457,0.4575,0.458,0.4584,0.4589,0.4594,0.4599,0.4603,0.4608,0.4613,0.4617,0.4622,0.4627,0.4632,0.4637,0.4641,0.4646,0.4651,0.4655,0.466,0.4665,0.4669,0.4674,0.4679,0.4684,0.4688,0.4693,0.4698,0.4703,0.4707,0.4712,0.4717,0.4722,0.4727,0.4731,0.4736,0.4741,0.4746,0.4751,0.4756,0.4761,0.4766,0.477,0.4775,0.478,0.4785,0.479,0.4795,0.48,0.4805,0.481,0.4815,0.482,0.4825,0.483,0.4835,0.484,0.4845,0.485,0.4856,0.4861,0.4866,0.4871,0.4876,0.4881,0.4886,0.4892,0.4897,0.4902,0.4907,0.4912,0.4918,0.4923,0.4928,0.4933,0.4939,0.4944,0.4949,0.4954,0.496,0.4965,0.497,0.4976,0.4981,0.4986,0.4992,0.4997,0.5003,0.5008,0.5013,0.5019,0.5024,0.503,0.5035,0.5041,0.5046,0.5052,0.5057,0.5063,0.5068,0.5074,0.5079,0.5086,0.5092,0.5098,0.5105,0.5111,0.5117,0.5124,0.513,0.5137,0.5143,0.5149,0.5156,0.5162,0.5169,0.5175,0.5182,0.5188,0.5193,0.5198,0.5202,0.5206,0.521,0.5214,0.5219,0.5223,0.5227,0.5231,0.5235,0.524,0.5244,0.5248,0.5252,0.5257,0.5261,0.5265,0.5269,0.5274,0.5278,0.5282,0.5287,0.5291,0.5295,0.5299,0.5303,0.5307,0.5311,0.5316,0.532,0.5324,0.5328,0.5332,0.5336,0.5341,0.5345,0.5349,0.5353,0.5357,0.5362,0.5366,0.537,0.5374,0.5378,0.5383,0.5387,0.5391,0.5395,0.54,0.5404,0.5408,0.5413,0.5418,0.5424,0.543,0.5436,0.5442,0.5448,0.5454,0.546,0.5465,0.5471,0.5477
0.4265,0.4268,0.4272,0.4275,0.4278,0.4282,0.4285,0.4288,0.4292,0.4295,0.4298,0.4302,0.4305,0.4308,0.4312,0.4315,0.4316,0.4317,0.4318,0.4319,0.432,0.4321,0.4322,0.4324,0.4325,0.4326,0.4327,0.4328,0.4336,0.4345,0.4354,0.4364,0.4373,0.4382,0.4389,0.4394,0.4398,0.4403,0.4407,0.4411,0.4416,0.442,0.4425,0.4429,0.4434,0.4438,0.4443,0.4447,0.4452,0.4456,0.4461,0.4465,0.447,0.4474,0.4479,0.4483,0.4488,0.4492,0.4497,0.4501,0.4506,0.451,0.4515,0.4519,0.4524,0.4528,0.4533,0.4538,0.4542,0.4547,0.4551,0.4556,0.4561,0.4565,0.457,0.4575,0.4579,0.4584,0.4589,0.4593,0.4598,0.4603,0.4608,0.4612,0.4617,0.4622,0.4627,0.4631,0.4636,0.4641,0.4646,0.4651,0.4655,0.466,0.4665,0.467,0.4674,0.4679,0.4684,0.4689,0.4693,0.4698,0.4703,0.4708,0.4712,0.4717,0.4722,0.4727,0.4732,0.4737,0.4741,0.4746,0.4751,0.4756,0.4761,0.4766,0.4771,0.4776,0.4781,0.4786,0.479,0.4795,0.48,0.4805,0.481,0.4815,0.482,0.4825,0.483,0.4836,0.4841,0.4846,0.4851,0.4856,0.4861,0.4866,0.4871,0.4876,0.4881,0.4887,0.4892,0.4897,0.4902,0.4907,0.4913,0.4918,0.4923,0.4928,0.4934,0.4939,0.4944,0.4949,0.4955,0.496,0.4965,0.4971,0.4976,0.4981,0.4987,0.4992,0.4997,0.5003,0.5008,0.5014,0.5019,0.5025,0.503,0.5036,0.5041,0.5047,0.5052,0.5058,0.5063,0.5069,0.5074,0.508,0.5086,0.5092,0.5098,0.5105,0.5111,0.5118,0.5124,0.513,0.5137,0.5143,0.515,0.5156,0.5163,0.5169,0.5176,0.5182,0.5188,0.5192,0.5196,0.52,0.5204,0.5208,0.5213,0.5217,0.5221,0.5225,0.5229,0.5234,0.5238,0.5242,0.5246,0.5251,0.5255,0.5259,0.5263,0.5268,0.5272,0.5276,0.528,0.5284,0.5289,0.5293,0.5297,0.5301,0.5305,0.5309,0.5313,0.5317,0.5322,0.5326,0.533,0.5334,0.5338,0.5342,0.5347,0.5351,0.5355,0.5359,0.5363,0.5368,0.5372,0.5376,0.538,0.5385,0.5389,0.5393,0.5397,0.5402,0.5406,0.5411,0.5416,0.5422,0.5428,0.5434,0.544,0.5446,0.5452,0.5457,0.5463,0.5469
0.4260,0.4263,0.4266,0.427,0.4273,0.4276,0.428,0.4283,0.4286,0.429,0.4293,0.4296,0.43,0.4303,0.4305,0.4306,0.4307,0.4308,0.4309,0.431,0.4311,0.4312,0.4314,0.4315,0.4316,0.4317,0.4318,0.4322,0.4331,0.434,0.4349,0.4358,0.4367,0.4377,0.4384,0.4389,0.4393,0.4398,0.4402,0.4407,0.4411,0.4415,0.442,0.4424,0.4429,0.4433,0.4438,0.4442,0.4447,0.4451,0.4456,0.446,0.4465,0.4469,0.4474,0.4478,0.4483,0.4487,0.4492,0.4496,0.4501,0.4505,0.451,0.4514,0.4519,0.4523,0.4528,0.4533,0.4537,0.4542,0.4546,0.4551,0.4556,0.456,0.4565,0.457,0.4574,0.4579,0.4584,0.4588,0.4593,0.4598,0.4602,0.4607,0.4612,0.4617,0.4621,0.4626,0.4631,0.4636,0.4641,0.4645,0.465,0.4655,0.466,0.4665,0.467,0.4674,0.4679,0.4684,0.4689,0.4694,0.4698,0.4703,0.4708,0.4713,0.4717,0.4722,0.4727,0.4732,0.4737,0.4742,0.4746,0.4751,0.4756,0.4761,0.4766,0.4771,0.4776,0.4781,0.4786,0.4791,0.4796,0.4801,0.4806,0.4811,0.4816,0.4821,0.4826,0.4831,0.4836,0.4841,0.4846,0.4851,0.4856,0.4861,0.4866,0.4871,0.4877,0.4882,0.4887,0.4892,0.4897,0.4902,0.4908,0.4913,0.4918,0.4923,0.4929,0.4934,0.4939,0.4944,0.495,0.4955,0.496,0.4966,0.4971,0.4976,0.4982,0.4987,0.4992,0.4998,0.5003,0.5009,0.5014,0.5019,0.5025,0.503,0.5036,0.5041,0.5047,0.5052,0.5058,0.5063,0.5069,0.5075,0.508,0.5086,0.5092,0.5099,0.5105,0.5111,0.5118,0.5124,0.5131,0.5137,0.5144,0.515,0.5156,0.5163,0.5169,0.5176,0.5182,0.5186,0.519,0.5194,0.5198,0.5203,0.5207,0.5211,0.5215,0.5219,0.5223,0.5228,0.5232,0.5236,0.524,0.5245,0.5249,0.5253,0.5257,0.5262,0.5266,0.527,0.5274,0.5278,0.5282,0.5286,0.529,0.5295,0.5299,0.5303,0.5307,0.5311,0.5315,0.5319,0.5324,0.5328,0.5332,0.5336,0.534,0.5344,0.5349,0.5353,0.5357,0.5361,0.5365,0.537,0.5374,0.5378,0.5382,0.5387,0.5391,0.5395,0.5399,0.5404,0.5409,0.5414,0.542,0.5426,0.5432,0.5438,0.5444,0.545,0.5455,0.5461
0.4255,0.4258,0.4261,0.4264,0.4268,0.4271,0.4274,0.4278,0.4281,0.4284,0.4288,0.4291,0.4294,0.4295,0.4296,0.4297,0.4298,0.4299,0.43,0.4301,0.4303,0.4304,0.4305,0.4306,0.4307,0.4308,0.4309,0.4316,0.4325,0.4335,0.4344,0.4353,0.4362,0.4371,0.438,0.4384,0.4388,0.4393,0.4397,0.4402,0.4406,0.4411,0.4415,0.4419,0.4424,0.4428,0.4433,0.4437,0.4442,0.4446,0.4451,0.4455,0.446,0.4464,0.4469,0.4473,0.4478,0.4482,0.4487,0.4491,0.4496,0.45,0.4505,0.4509,0.4514,0.4518,0.4523,0.4528,0.4532,0.4537,0.4541,0.4546,0.4551,0.4555,0.456,0.4565,0.4569,0.4574,0.4579,0.4583,0.4588,0.4593,0.4597,0.4602,0.4607,0.4611,0.4616,0.4621,0.4626,0.4631,0.4635,0.464,0.4645,0.465,0.4655,0.4659,0.4664,0.4669,0.4674,0.4679,0.4684,0.4689,0.4694,0.4699,0.4703,0.4708,0.4713,0.4718,0.4723,0.4727,0.4732,0.4737,0.4742,0.4747,0.4752,0.4757,0.4761,0.4766,0.4771,0.4776,0.4781,0.4786,0.4791,0.4796,0.4801,0.4806,0.4811,0.4816,0.4821,0.4826,0.4831,0.4836,0.4841,0.4846,0.4851,0.4856,0.4861,0.4867,0.4872,0.4877,0.4882,0.4887,0.4892,0.4898,0.4903,0.4908,0.4913,0.4918,0.4924,0.4929,0.4934,0.4939,0.4945,0.495,0.4955,0.4961,0.4966,0.4971,0.4977,0.4982,0.4987,0.4993,0.4998,0.5003,0.5009,0.5014,0.502,0.5025,0.5031,0.5036,0.5042,0.5047,0.5053,0.5058,0.5064,0.5069,0.5075,0.508,0.5086,0.5093,0.5099,0.5105,0.5112,0.5118,0.5125,0.5131,0.5137,0.5144,0.515,0.5157,0.5163,0.517,0.5176,0.518,0.5184,0.5188,0.5192,0.5197,0.5201,0.5205,0.5209,0.5213,0.5218,0.5222,0.5226,0.523,0.5234,0.5239,0.5243,0.5247,0.5251,0.5256,0.526,0.5264,0.5268,0.5272,0.5276,0.528,0.5284,0.5288,0.5292,0.5297,0.5301,0.5305,0.5309,0.5313,0.5317,0.5321,0.5325,0.533,0.5334,0.5338,0.5342,0.5346,0.5351,0.5355,0.5359,0.5363,0.5367,0.5372,0.5376,0.538,0.5384,0.5389,0.5393,0.5397,0.5401,0.5407,0.5412,0.5418,0.5424,0.543,0.5436,0.5442,0.5448,0.5453
0.4249,0.4253,0.4256,0.4259,0.4263,0.4266,0.4269,0.4273,0.4276,0.4279,0.4282,0.4284,0.4285,0.4286,0.4287,0.4288,0.4289,0.4291,0.4292,0.4293,0.4294,0.4295,0.4296,0.4297,0.4298,0.4299,0.4302,0.4311,0.432,0.4329,0.4338,0.4347,0.4357,0.4366,0.4375,0.4379,0.4384,0.4388,0.4392,0.4397,0.4401,0.4406,0.441,0.4415,0.4419,0.4423,0.4428,0.4432,0.4437,0.4441,0.4446,0.445,0.4455,0.4459,0.4464,0.4469,0.4473,0.4477,0.4482,0.4486,0.4491,0.4495,0.45,0.4504,0.4509,0.4514,0.4518,0.4523,0.4527,0.4532,0.4536,0.4541,0.4546,0.455,0.4555,0.4559,0.4564,0.4569,0.4573,0.4578,0.4583,0.4587,0.4592,0.4597,0.4602,0.4606,0.4611,0.4616,0.4621,0.4625,0.463,0.4635,0.464,0.4645,0.4649,0.4654,0.4659,0.4664,0.4669,0.4674,0.4678,0.4683,0.4688,0.4693,0.4698,0.4703,0.4708,0.4713,0.4718,0.4723,0.4728,0.4732,0.4737,0.4742,0.4747,0.4752,0.4757,0.4762,0.4767,0.4772,0.4776,0.4781,0.4786,0.4791,0.4796,0.4801,0.4806,0.4811,0.4816,0.4821,0.4826,0.4831,0.4836,0.4841,0.4846,0.4852,0.4857,0.4862,0.4867,0.4872,0.4877,0.4882,0.4887,0.4893,0.4898,0.4903,0.4908,0.4913,0.4919,0.4924,0.4929,0.4934,0.494,0.4945,0.495,0.4956,0.4961,0.4966,0.4971,0.4977,0.4982,0.4988,0.4993,0.4998,0.5004,0.5009,0.5015,0.502,0.5026,0.5031,0.5036,0.5042,0.5047,0.5053,0.5058,0.5064,0.507,0.5075,0.5081,0.5087,0.5093,0.5099,0.5106,0.5112,0.5118,0.5125,0.5131,0.5138,0.5144,0.5151,0.5157,0.5164,0.517,0.5174,0.5178,0.5182,0.5187,0.5191,0.5195,0.5199,0.5203,0.5207,0.5212,0.5216,0.522,0.5224,0.5228,0.5233,0.5237,0.5241,0.5245,0.5249,0.5254,0.5258,0.5262,0.5266,0.527,0.5274,0.5278,0.5282,0.5286,0.529,0.5294,0.5298,0.5303,0.5307,0.5311,0.5315,0.5319,0.5323,0.5327,0.5332,0.5336,0.534,0.5344,0.5348,0.5353,0.5357,0.5361,0.5365,0.5369,0.5374,0.5378,0.5382,0.5386,0.5391,0.5395,0.5399,0.5405,0.541,0.5416,0.5422,0.5428,0.5434,0.544,0.5446
0.4244,0.4248,0.4251,0.4254,0.4257,0.4261,0.4264,0.4267,0.4271,0.4273,0.4274,0.4275,0.4276,0.4278,0.4279,0.428,0.4281,0.4282,0.4283,0.4284,0.4285,0.4286,0.4287,0.4288,0.4289,0.429,0.4297,0.4306,0.4315,0.4324,0.4333,0.4342,0.4351,0.436,0.437,0.4374,0.4379,0.4383,0.4388,0.4392,0.4396,0.4401,0.4405,0.441,0.4414,0.4419,0.4423,0.4427,0.4432,0.4436,0.4441,0.4445,0.445,0.4454,0.4459,0.4464,0.4468,0.4473,0.4477,0.4482,0.4486,0.4491,0.4495,0.45,0.4504,0.4509,0.4513,0.4518,0.4522,0.4527,0.4531,0.4536,0.4541,0.4545,0.455,0.4554,0.4559,0.4564,0.4568,0.4573,0.4578,0.4582,0.4587,0.4592,0.4596,0.4601,0.4606,0.4611,0.4615,0.462,0.4625,0.463,0.4635,0.4639,0.4644,0.4649,0.4654,0.4659,0.4663,0.4668,0.4673,0.4678,0.4683,0.4688,0.4693,0.4698,0.4703,0.4708,0.4713,0.4717,0.4722,0.4727,0.4732,0.4737,0.4742,0.4747,0.4752,0.4757,0.4762,0.4767,0.4772,0.4777,0.4782,0.4787,0.4792,0.4796,0.4801,0.4806,0.4811,0.4816,0.4822,0.4827,0.4832,0.4837,0.4842,0.4847,0.4852,0.4857,0.4862,0.4867,0.4872,0.4877,0.4883,0.4888,0.4893,0.4898,0.4903,0.4908,0.4914,0.4919,0.4924,0.4929,0.4935,0.494,0.4945,0.495,0.4956,0.4961,0.4966,0.4972,0.4977,0.4982,0.4988,0.4993,0.4999,0.5004,0.5009,0.5015,0.502,0.5026,0.5031,0.5037,0.5042,0.5048,0.5053,0.5059,0.5064,0.507,0.5075,0.5081,0.5087,0.5093,0.51,0.5106,0.5112,0.5119,0.5125,0.5132,0.5138,0.5144,0.5151,0.5157,0.5164,0.5168,0.5173,0.5177,0.5181,0.5185,0.5189,0.5193,0.5197,0.5202,0.5206,0.521,0.5214,0.5218,0.5222,0.5227,0.5231,0.5235,0.5239,0.5243,0.5247,0.5251,0.5255,0.5259,0.5264,0.5268,0.5272,0.5276,0.528,0.5284,0.5288,0.5292,0.5296,0.53,0.5304,0.5309,0.5313,0.5317,0.5321,0.5325,0.5329,0.5334,0.5338,0.5342,0.5346,0.535,0.5354,0.5359,0.5363,0.5367,0.5371,0.5376,0.538,0.5384,0.5388,0.5393,0.5397,0.5403,0.5409,0.5414,0.542,0.5426,0.5432,0.5438
0.4239,0.4242,0.4246,0.4249,0.4252,0.4256,0.4259,0.4262,0.4264,0.4265,0.4266,0.4267,0.4268,0.4269,0.427,0.4271,0.4272,0.4273,0.4274,0.4275,0.4276,0.4277,0.4278,0.4279,0.428,0.4283,0.4292,0.4301,0.431,0.4319,0.4328,0.4337,0.4346,0.4355,0.4364,0.437,0.4374,0.4378,0.4383,0.4387,0.4392,0.4396,0.44,0.4405,0.4409,0.4414,0.4418,0.4423,0.4427,0.4431,0.4436,0.444,0.4445,0.4449,0.4454,0.4459,0.4463,0.4468,0.4472,0.4477,0.4481,0.4486,0.449,0.4495,0.4499,0.4504,0.4508,0.4513,0.4517,0.4522,0.4526,0.4531,0.4536,0.454,0.4545,0.4549,0.4554,0.4559,0.4563,0.4568,0.4573,0.4577,0.4582,0.4587,0.4591,0.4596,0.4601,0.4606,0.461,0.4615,0.462,0.4625,0.4629,0.4634,0.4639,0.4644,0.4649,0.4653,0.4658,0.4663,0.4668,0.4673,0.4678,0.4683,0.4687,0.4692,0.4697,0.4702,0.4707,0.4712,0.4717,0.4722,0.4727,0.4732,0.4737,0.4742,0.4747,0.4752,0.4757,0.4762,0.4767,0.4772,0.4777,0.4782,0.4787,0.4792,0.4797,0.4802,0.4807,0.4812,0.4817,0.4822,0.4827,0.4832,0.4837,0.4842,0.4847,0.4852,0.4857,0.4862,0.4867,0.4873,0.4878,0.4883,0.4888,0.4893,0.4898,0.4904,0.4909,0.4914,0.4919,0.4924,0.493,0.4935,0.494,0.4945,0.4951,0.4956,0.4961,0.4967,0.4972,0.4977,0.4983,0.4988,0.4994,0.4999,0.5004,0.501,0.5015,0.5021,0.5026,0.5032,0.5037,0.5043,0.5048,0.5054,0.5059,0.5065,0.507,0.5076,0.5081,0.5087,0.5094,0.51,0.5106,0.5113,0.5119,0.5125,0.5132,0.5138,0.5145,0.5151,0.5158,0.5163,0.5167,0.5171,0.5175,0.5179,0.5183,0.5187,0.5192,0.5196,0.52,0.5204,0.5208,0.5212,0.5217,0.5221,0.5225,0.5229,0.5233,0.5237,0.5241,0.5245,0.5249,0.5253,0.5257,0.5261,0.5265,0.5269,0.5274,0.5278,0.5282,0.5286,0.529,0.5294,0.5298,0.5302,0.5306,0.5311,0.5315,0.5319,0.5323,0.5327,0.5331,0.5335,0.534,0.5344,0.5348,0.5352,0.5356,0.5361,0.5365,0.5369,0.5373,0.5378,0.5382,0.5386,0.539,0.5395,0.5401,0.5407,0.5412,0.5418,0.5424,0.543
0.4234,0.4237,0.4241,0.4244,0.4247,0.425,0.4253,0.4254,0.4255,0.4256,0.4257,0.4258,0.4259,0.426,0.4261,0.4262,0.4263,0.4264,0.4265,0.4266,0.4268,0.4269,0.427,0.4271,0.4272,0.4278,0.4286,0.4295,0.4304,0.4313,0.4322,0.4331,0.434,0.435,0.4359,0.4365,0.4369,0.4374,0.4378,0.4382,0.4387,0.4391,0.4396,0.44,0.4404,0.4409,0.4413,0.4418,0.4422,0.4427,0.4431,0.4436,0.444,0.4445,0.4449,0.4454,0.4458,0.4463,0.4467,0.4472,0.4476,0.4481,0.4485,0.449,0.4494,0.4499,0.4503,0.4508,0.4512,0.4517,0.4521,0.4526,0.4531,0.4535,0.454,0.4544,0.4549,0.4554,0.4558,0.4563,0.4568,0.4572,0.4577,0.4582,0.4586,0.4591,0.4596,0.46,0.4605,0.461,0.4615,0.4619,0.4624,0.4629,0.4634,0.4638,0.4643,0.4648,0.4653,0.4658,0.4663,0.4667,0.4672,0.4677,0.4682,0.4687,0.4692,0.4697,0.4702,0.4707,0.4712,0.4717,0.4722,0.4727,0.4732,0.4737,0.4742,0.4747,0.4752,0.4757,0.4762,0.4767,0.4772,0.4777,0.4782,0.4787,0.4792,0.4797,0.4802,0.4807,0.4812,0.4817,0.4822,0.4827,0.4832,0.4837,0.4842,0.4847,0.4852,0.4857,0.4863,0.4868,0.4873,0.4878,0.4883,0.4888,0.4893,0.4899,0.4904,0.4909,0.4914,0.4919,0.4925,0.493,0.4935,0.494,0.4946,0.4951,0.4956,0.4962,0.4967,0.4972,0.4978,0.4983,0.4988,0.4994,0.4999,0.5005,0.501,0.5015,0.5021,0.5026,0.5032,0.5037,0.5043,0.5048,0.5054,0.5059,0.5065,0.507,0.5076,0.5082,0.5088,0.5094,0.51,0.5107,0.5113,0.5119,0.5126,0.5132,0.5139,0.5145,0.5151,0.5157,0.5161,0.5165,0.5169,0.5173,0.5177,0.5181,0.5186,0.519,0.5194,0.5198,0.5202,0.5206,0.5211,0.5215,0.5219,0.5223,0.5227,0.5231,0.5235,0.5239,0.5243,0.5247,0.5251,0.5255,0.5259,0.5263,0.5267,0.5271,0.5275,0.528,0.5284,0.5288,0.5292,0.5296,0.53,0.5304,0.5308,0.5312,0.5317,0.5321,0.5325,0.5329,0.5333,0.5337,0.5342,0.5346,0.535,0.5354,0.5358,0.5363,0.5367,0.5371,0.5375,0.538,0.5384,0.5388,0.5393,0.5399,0.5405,0.541,0.5416,0.5422
0.4229,0.4232,0.4235,0.4239,0.4242,0.4243,0.4244,0.4245,0.4246,0.4247,0.4248,0.4249,0.425,0.4252,0.4253,0.4254,0.4255,0.4256,0.4257,0.4258,0.4259,0.426,0.4261,0.4262,0.4264,0.4272,0.4281,0.429,0.4299,0.4308,0.4317,0.4326,0.4335,0.4344,0.4353,0.436,0.4364,0.4369,0.4373,0.4378,0.4382,0.4386,0.4391,0.4395,0.44,0.4404,0.4408,0.4413,0.4417,0.4422,0.4426,0.4431,0.4435,0.444,0.4444,0.4449,0.4453,0.4458,0.4462,0.4467,0.4471,0.4476,0.448,0.4485,0.4489,0.4494,0.4498,0.4503,0.4507,0.4512,0.4517,0.4521,0.4526,0.453,0.4535,0.4539,0.4544,0.4549,0.4553,0.4558,0.4562,0.4567,0.4572,0.4576,0.4581,0.4586,0.4591,0.4595,0.46,0.4605,0.4609,0.4614,0.4619,0.4624,0.4628,0.4633,0.4638,0.4643,0.4648,0.4653,0.4657,0.4662,0.4667,0.4672,0.4677,0.4682,0.4687,0.4691,0.4696,0.4701,0.4706,0.4711,0.4716,0.4721,0.4726,0.4731,0.4736,0.4741,0.4746,0.4751,0.4756,0.4761,0.4766,0.4771,0.4777,0.4782,0.4787,0.4792,0.4797,0.4802,0.4807,0.4812,0.4817,0.4822,0.4827,0.4832,0.4837,0.4843,0.4848,0.4853,0.4858,0.4863,0.4868,0.4873,0.4878,0.4883,0.4889,0.4894,0.4899,0.4904,0.4909,0.4915,0.492,0.4925,0.493,0.4936,0.4941,0.4946,0.4951,0.4957,0.4962,0.4967,0.4973,0.4978,0.4983,0.4989,0.4994,0.5,0.5005,0.501,0.5016,0.5021,0.5027,0.5032,0.5038,0.5043,0.5049,0.5054,0.506,0.5065,0.5071,0.5076,0.5082,0.5088,0.5094,0.5101,0.5107,0.5113,0.512,0.5126,0.5132,0.5139,0.5145,0.5151,0.5155,0.5159,0.5163,0.5167,0.5172,0.5176,0.518,0.5184,0.5188,0.5192,0.5196,0.5201,0.5205,0.5209,0.5213,0.5217,0.5221,0.5225,0.5229,0.5233,0.5237,0.5241,0.5245,0.5249,0.5253,0.5257,0.5261,0.5265,0.5269,0.5273,0.5277,0.5281,0.5286,0.529,0.5294,0.5298,0.5302,0.5306,0.531,0.5314,0.5319,0.5323,0.5327,0.5331,0.5335,0.5339,0.5344,0.5348,0.5352,0.5356,0.536,0.5365,0.5369,0.5373,0.5377,0.5382,0.5386,0.5391,0.5397,0.5403,0.5408,0.5414
0.4224,0.4227,0.423,0.4233,0.4234,0.4235,0.4236,0.4237,0.4238,0.4239,0.424,0.4241,0.4242,0.4243,0.4244,0.4245,0.4246,0.4247,0.4248,0.4249,0.425,0.4251,0.4252,0.4253,0.4258,0.4267,0.4276,0.4285,0.4294,0.4303,0.4312,0.4321,0.433,0.4339,0.4348,0.4355,0.436,0.4364,0.4368,0.4373,0.4377,0.4381,0.4386,0.439,0.4395,0.4399,0.4403,0.4408,0.4412,0.4417,0.4421,0.4426,0.443,0.4435,0.4439,0.4444,0.4448,0.4453,0.4457,0.4462,0.4466,0.4471,0.4475,0.448,0.4484,0.4489,0.4493,0.4498,0.4502,0.4507,0.4512,0.4516,0.4521,0.4525,0.453,0.4534,0.4539,0.4544,0.4548,0.4553,0.4557,0.4562,0.4567,0.4571,0.4576,0.4581,0.4585,0.459,0.4595,0.46,0.4604,0.4609,0.4614,0.4619,0.4623,0.4628,0.4633,0.4638,0.4642,0.4647,0.4652,0.4657,0.4662,0.4667,0.4671,0.4676,0.4681,0.4686,0.4691,0.4696,0.4701,0.4706,0.4711,0.4716,0.4721,0.4726,0.4731,0.4736,0.4741,0.4746,0.4751,0.4756,0.4761,0.4766,0.4771,0.4776,0.4781,0.4786,0.4791,0.4797,0.4802,0.4807,0.4812,0.4817,0.4822,0.4828,0.4833,0.4838,0.4843,0.4848,0.4853,0.4858,0.4863,0.4868,0.4873,0.4879,0.4884,0.4889,0.4894,0.4899,0.4904,0.491,0.4915,0.492,0.4925,0.4931,0.4936,0.4941,0.4946,0.4952,0.4957,0.4962,0.4968,0.4973,0.4978,0.4984,0.4989,0.4994,0.5,0.5005,0.5011,0.5016,0.5022,0.5027,0.5032,0.5038,0.5043,0.5049,0.5054,0.506,0.5066,0.5071,0.5077,0.5082,0.5088,0.5094,0.5101,0.5107,0.5114,0.512,0.5126,0.5133,0.5139,0.5145,0.5149,0.5153,0.5158,0.5162,0.5166,0.517,0.5174,0.5178,0.5182,0.5186,0.5191,0.5195,0.5199,0.5203,0.5207,0.5211,0.5215,0.5219,0.5223,0.5227,0.5231,0.5235,0.5239,0.5243,0.5247,0.5251,0.5255,0.5259,0.5263,0.5267,0.5271,0.5275,0.5279,0.5283,0.5287,0.5292,0.5296,0.53,0.5304,0.5308,0.5312,0.5316,0.532,0.5325,0.5329,0.5333,0.5337,0.5341,0.5345,0.535,0.5354,0.5358,0.5362,0.5367,0.5371,0.5375,0.5379,0.5383,0.5389,0.5395,0.5401,0.5406
0.4219,0.4222,0.4223,0.4224,0.4225,0.4226,0.4227,0.4228,0.4229,0.423,0.4231,0.4232,0.4233,0.4234,0.4235,0.4236,0.4237,0.4239,0.424,0.4241,0.4242,0.4243,0.4244,0.4245,0.4253,0.4262,0.4271,0.428,0.4289,0.4297,0.4306,0.4315,0.4324,0.4334,0.4343,0.4351,0.4355,0.4359,0.4364,0.4368,0.4372,0.4377,0.4381,0.4385,0.439,0.4394,0.4399,0.4403,0.4407,0.4412,0.4416,0.4421,0.4425,0.443,0.4434,0.4439,0.4443,0.4448,0.4452,0.4457,0.4461,0.4466,0.447,0.4475,0.448,0.4484,0.4489,0.4493,0.4498,0.4502,0.4507,0.4511,0.4516,0.452,0.4525,0.4529,0.4534,0.4539,0.4543,0.4548,0.4552,0.4557,0.4562,0.4566,0.4571,0.4576,0.458,0.4585,0.459,0.4594,0.4599,0.4604,0.4609,0.4613,0.4618,0.4623,0.4628,0.4632,0.4637,0.4642,0.4647,0.4652,0.4657,0.4661,0.4666,0.4671,0.4676,0.4681,0.4686,0.4691,0.4696,0.47,0.4705,0.471,0.4715,0.472,0.4725,0.473,0.4735,0.474,0.4745,0.475,0.4755,0.476,0.4765,0.4771,0.4776,0.4781,0.4786,0.4791,0.4796,0.4801,0.4806,0.4812,0.4817,0.4822,0.4827,0.4832,0.4838,0.4843,0.4848,0.4853,0.4858,0.4863,0.4869,0.4874,0.4879,0.4884,0.4889,0.4894,0.4899,0.4905,0.491,0.4915,0.492,0.4926,0.4931,0.4936,0.4941,0.4947,0.4952,0.4957,0.4963,0.4968,0.4973,0.4979,0.4984,0.4989,0.4995,0.5,0.5006,0.5011,0.5016,0.5022,0.5027,0.5033,0.5038,0.5044,0.5049,0.5055,0.506,0.5066,0.5071,0.5077,0.5083,0.5088,0.5095,0.5101,0.5107,0.5114,0.512,0.5127,0.5133,0.5139,0.5144,0.5148,0.5152,0.5156,0.516,0.5164,0.5168,0.5172,0.5176,0.5181,0.5185,0.5189,0.5193,0.5197,0.5201,0.5205,0.5209,0.5213,0.5217,0.5221,0.5225,0.5229,0.5233,0.5237,0.5241,0.5245,0.5249,0.5253,0.5257,0.5261,0.5265,0.5269,0.5273,0.5277,0.5281,0.5285,0.5289,0.5293,0.5298,0.5302,0.5306,0.531,0.5314,0.5318,0.5322,0.5327,0.5331,0.5335,0.5339,0.5343,0.5347,0.5352,0.5356,0.536,0.5364,0.5369,0.5373,0.5377,0.5381,0.5387,0.5393,0.5399
0.4212,0.4213,0.4215,0.4216,0.4217,0.4218,0.4219,0.422,0.4221,0.4222,0.4223,0.4224,0.4225,0.4226,0.4227,0.4228,0.4229,0.423,0.4231,0.4232,0.4233,0.4234,0.4235,0.4239,0.4248,0.4257,0.4266,0.4274,0.4283,0.4292,0.4301,0.431,0.4319,0.4328,0.4337,0.4346,0.435,0.4355,0.4359,0.4363,0.4368,0.4372,0.4376,0.4381,0.4385,0.4389,0.4394,0.4398,0.4403,0.4407,0.4411,0.4416,0.442,0.4425,0.4429,0.4434,0.4438,0.4443,0.4447,0.4452,0.4456,0.4461,0.4465,0.447,0.4475,0.4479,0.4484,0.4488,0.4493,0.4497,0.4502,0.4506,0.4511,0.4515,0.452,0.4524,0.4529,0.4534,0.4538,0.4543,0.4547,0.4552,0.4557,0.4561,0.4566,0.4571,0.4575,0.458,0.4585,0.4589,0.4594,0.4599,0.4603,0.4608,0.4613,0.4618,0.4622,0.4627,0.4632,0.4637,0.4642,0.4646,0.4651,0.4656,0.4661,0.4666,0.4671,0.4676,0.468,0.4685,0.469,0.4695,0.47,0.4705,0.471,0.4715,0.472,0.4725,0.473,0.4735,0.474,0.4745,0.475,0.4755,0.476,0.4765,0.477,0.4775,0.478,0.4785,0.4791,0.4796,0.4801,0.4806,0.4811,0.4816,0.4821,0.4827,0.4832,0.4837,0.4842,0.4848,0.4853,0.4858,0.4863,0.4869,0.4874,0.4879,0.4884,0.4889,0.4895,0.49,0.4905,0.491,0.4915,0.4921,0.4926,0.4931,0.4936,0.4942,0.4947,0.4952,0.4958,0.4963,0.4968,0.4974,0.4979,0.4984,0.499,0.4995,0.5,0.5006,0.5011,0.5017,0.5022,0.5028,0.5033,0.5039,0.5044,0.505,0.5055,0.5061,0.5066,0.5072,0.5077,0.5083,0.5089,0.5095,0.5101,0.5108,0.5114,0.512,0.5127,0.5133,0.5138,0.5142,0.5146,0.515,0.5154,0.5158,0.5162,0.5166,0.5171,0.5175,0.5179,0.5183,0.5187,0.5191,0.5195,0.5198,0.5202,0.5206,0.521,0.5214,0.5218,0.5222,0.5226,0.523,0.5234,0.5238,0.5242,0.5246,0.5251,0.5255,0.5259,0.5263,0.5267,0.5271,0.5275,0.5279,0.5283,0.5287,0.5291,0.5295,0.53,0.5304,0.5308,0.5312,0.5316,0.532,0.5324,0.5328,0.5333,0.5337,0.5341,0.5345,0.5349,0.5354,0.5358,0.5362,0.5366,0.537,0.5375,0.5379,0.5385,0.5391
0.4204,0.4205,0.4206,0.4207,0.4208,0.4209,0.421,0.4211,0.4212,0.4213,0.4214,0.4215,0.4216,0.4217,0.4218,0.4219,0.422,0.4221,0.4223,0.4225,0.4227,0.4229,0.4231,0.4234,0.4243,0.4252,0.426,0.4269,0.4278,0.4287,0.4296,0.4305,0.4314,0.4323,0.4332,0.4341,0.4345,0.435,0.4354,0.4358,0.4363,0.4367,0.4371,0.4376,0.438,0.4385,0.4389,0.4393,0.4398,0.4402,0.4407,0.4411,0.4415,0.442,0.4424,0.4429,0.4433,0.4438,0.4442,0.4447,0.4451,0.4456,0.446,0.4465,0.4469,0.4474,0.4479,0.4483,0.4488,0.4492,0.4497,0.4501,0.4506,0.451,0.4515,0.4519,0.4524,0.4529,0.4533,0.4538,0.4542,0.4547,0.4552,0.4556,0.4561,0.4566,0.457,0.4575,0.458,0.4584,0.4589,0.4594,0.4598,0.4603,0.4608,0.4613,0.4617,0.4622,0.4627,0.4632,0.4636,0.4641,0.4646,0.4651,0.4656,0.4661,0.4665,0.467,0.4675,0.468,0.4685,0.469,0.4695,0.47,0.4705,0.471,0.4714,0.4719,0.4724,0.4729,0.4734,0.4739,0.4744,0.4749,0.4754,0.476,0.4765,0.477,0.4775,0.478,0.4785,0.479,0.4795,0.48,0.4805,0.4811,0.4816,0.4821,0.4826,0.4831,0.4837,0.4842,0.4847,0.4852,0.4858,0.4863,0.4868,0.4873,0.4879,0.4884,0.4889,0.4895,0.49,0.4905,0.491,0.4916,0.4921,0.4926,0.4931,0.4937,0.4942,0.4947,0.4952,0.4958,0.4963,0.4968,0.4974,0.4979,0.4985,0.499,0.4995,0.5001,0.5006,0.5012,0.5017,0.5022,0.5028,0.5033,0.5039,0.5044,0.505,0.5055,0.5061,0.5066,0.5072,0.5078,0.5083,0.5089,0.5095,0.5102,0.5108,0.5114,0.5121,0.5127,0.5132,0.5136,0.514,0.5144,0.5148,0.5152,0.5157,0.5161,0.5165,0.5169,0.5173,0.5177,0.5181,0.5185,0.5188,0.5192,0.5196,0.52,0.5204,0.5208,0.5212,0.5216,0.522,0.5224,0.5228,0.5232,0.5236,0.524,0.5244,0.5248,0.5252,0.5256,0.5261,0.5265,0.5269,0.5273,0.5277,0.5281,0.5285,0.5289,0.5293,0.5297,0.5301,0.5306,0.531,0.5314,0.5318,0.5322,0.5326,0.533,0.5335,0.5339,0.5343,0.5347,0.5351,0.5356,0.536,0.5364,0.5368,0.5372,0.5377,0.5383
0.4196,0.4197,0.4198,0.4199,0.42,0.4201,0.4202,0.4203,0.4204,0.4205,0.4206,0.4207,0.4208,0.421,0.4212,0.4214,0.4216,0.4218,0.422,0.4222,0.4224,0.4227,0.4229,0.4231,0.4238,0.4247,0.4255,0.4264,0.4273,0.4282,0.4291,0.43,0.4309,0.4318,0.4327,0.4336,0.4341,0.4345,0.4349,0.4354,0.4358,0.4362,0.4367,0.4371,0.4375,0.438,0.4384,0.4389,0.4393,0.4397,0.4402,0.4406,0.4411,0.4415,0.442,0.4424,0.4428,0.4433,0.4437,0.4442,0.4446,0.4451,0.4455,0.446,0.4465,0.4469,0.4474,0.4478,0.4483,0.4487,0.4492,0.4496,0.4501,0.4505,0.451,0.4515,0.4519,0.4524,0.4528,0.4533,0.4537,0.4542,0.4547,0.4551,0.4556,0.456,0.4565,0.457,0.4574,0.4579,0.4584,0.4589,0.4593,0.4598,0.4603,0.4607,0.4612,0.4617,0.4622,0.4626,0.4631,0.4636,0.4641,0.4646,0.465,0.4655,0.466,0.4665,0.467,0.4675,0.468,0.4684,0.4689,0.4694,0.4699,0.4704,0.4709,0.4714,0.4719,0.4724,0.4729,0.4734,0.4739,0.4744,0.4749,0.4754,0.4759,0.4764,0.4769,0.4774,0.4779,0.4785,0.479,0.4795,0.48,0.4805,0.481,0.4815,0.4821,0.4826,0.4831,0.4836,0.4841,0.4847,0.4852,0.4857,0.4862,0.4868,0.4873,0.4878,0.4884,0.4889,0.4894,0.49,0.4905,0.491,0.4916,0.4921,0.4926,0.4932,0.4937,0.4942,0.4947,0.4953,0.4958,0.4963,0.4969,0.4974,0.4979,0.4985,0.499,0.4996,0.5001,0.5006,0.5012,0.5017,0.5023,0.5028,0.5034,0.5039,0.5045,0.505,0.5056,0.5061,0.5067,0.5072,0.5078,0.5083,0.5089,0.5096,0.5102,0.5108,0.5115,0.5121,0.5126,0.513,0.5134,0.5139,0.5143,0.5147,0.5151,0.5155,0.5159,0.5163,0.5167,0.5171,0.5175,0.5178,0.5182,0.5186,0.519,0.5194,0.5198,0.5202,0.5206,0.521,0.5214,0.5218,0.5222,0.5226,0.523,0.5234,0.5238,0.5242,0.5246,0.525,0.5254,0.5258,0.5262,0.5266,0.5271,0.5275,0.5279,0.5283,0.5287,0.5291,0.5295,0.5299,0.5303,0.5307,0.5312,0.5316,0.532,0.5324,0.5328,0.5332,0.5337,0.5341,0.5345,0.5349,0.5353,0.5358,0.5362,0.5366,0.537,0.5375
0.4187,0.4188,0.4189,0.419,0.4191,0.4192,0.4193,0.4194,0.4196,0.4199,0.4201,0.4203,0.4205,0.4207,0.4209,0.4211,0.4213,0.4215,0.4218,0.422,0.4222,0.4224,0.4226,0.4228,0.4233,0.4241,0.425,0.4259,0.4268,0.4277,0.4285,0.4294,0.4303,0.4312,0.4321,0.433,0.4336,0.434,0.4345,0.4349,0.4353,0.4358,0.4362,0.4366,0.4371,0.4375,0.4379,0.4384,0.4388,0.4393,0.4397,0.4401,0.4406,0.441,0.4415,0.4419,0.4424,0.4428,0.4432,0.4437,0.4441,0.4446,0.445,0.4455,0.446,0.4464,0.4469,0.4473,0.4478,0.4482,0.4487,0.4492,0.4496,0.4501,0.4505,0.451,0.4514,0.4519,0.4523,0.4528,0.4532,0.4537,0.4542,0.4546,0.4551,0.4555,0.456,0.4565,0.4569,0.4574,0.4579,0.4583,0.4588,0.4593,0.4598,0.4602,0.4607,0.4612,0.4616,0.4621,0.4626,0.4631,0.4636,0.464,0.4645,0.465,0.4655,0.466,0.4665,0.4669,0.4674,0.4679,0.4684,0.4689,0.4694,0.4699,0.4704,0.4709,0.4714,0.4719,0.4724,0.4729,0.4734,0.4739,0.4744,0.4749,0.4754,0.4759,0.4764,0.4769,0.4774,0.4779,0.4784,0.4789,0.4794,0.4799,0.4805,0.481,0.4815,0.482,0.4825,0.483,0.4836,0.4841,0.4846,0.4851,0.4857,0.4862,0.4867,0.4873,0.4878,0.4883,0.4888,0.4894,0.4899,0.4905,0.491,0.4915,0.4921,0.4926,0.4932,0.4937,0.4942,0.4948,0.4953,0.4958,0.4964,0.4969,0.4974,0.498,0.4985,0.499,0.4996,0.5001,0.5007,0.5012,0.5018,0.5023,0.5028,0.5034,0.5039,0.5045,0.505,0.5056,0.5061,0.5067,0.5073,0.5078,0.5084,0.509,0.5096,0.5102,0.5109,0.5115,0.5121,0.5125,0.5129,0.5133,0.5137,0.5141,0.5145,0.5149,0.5153,0.5157,0.5161,0.5165,0.5169,0.5172,0.5176,0.518,0.5184,0.5188,0.5192,0.5196,0.52,0.5204,0.5208,0.5212,0.5216,0.522,0.5224,0.5228,0.5232,0.5236,0.524,0.5244,0.5248,0.5252,0.5256,0.526,0.5264,0.5268,0.5272,0.5277,0.5281,0.5285,0.5289,0.5293,0.5297,0.5301,0.5305,0.5309,0.5314,0.5318,0.5322,0.5326,0.533,0.5334,0.5338,0.5343,0.5347,0.5351,0.5355,0.5359,0.5364,0.5368
0.4179,0.418,0.4181,0.4183,0.4185,0.4187,0.419,0.4192,0.4194,0.4196,0.4198,0.42,0.4202,0.4204,0.4206,0.4208,0.4211,0.4213,0.4215,0.4217,0.4219,0.4221,0.4223,0.4225,0.4229,0.4236,0.4245,0.4254,0.4263,0.4271,0.428,0.4289,0.4298,0.4307,0.4316,0.4325,0.4331,0.4336,0.434,0.4344,0.4349,0.4353,0.4357,0.4361,0.4366,0.437,0.4375,0.4379,0.4383,0.4388,0.4392,0.4396,0.4401,0.4405,0.441,0.4414,0.4419,0.4423,0.4428,0.4432,0.4437,0.4441,0.4446,0.445,0.4455,0.4459,0.4464,0.4468,0.4473,0.4477,0.4482,0.4486,0.4491,0.4496,0.45,0.4505,0.4509,0.4514,0.4518,0.4523,0.4527,0.4532,0.4537,0.4541,0.4546,0.455,0.4555,0.456,0.4564,0.4569,0.4574,0.4578,0.4583,0.4588,0.4592,0.4597,0.4602,0.4607,0.4611,0.4616,0.4621,0.4626,0.463,0.4635,0.464,0.4645,0.465,0.4654,0.4659,0.4664,0.4669,0.4674,0.4679,0.4684,0.4689,0.4693,0.4698,0.4703,0.4708,0.4713,0.4718,0.4723,0.4728,0.4733,0.4738,0.4743,0.4748,0.4753,0.4758,0.4763,0.4768,0.4773,0.4779,0.4784,0.4789,0.4794,0.4799,0.4804,0.4809,0.4814,0.482,0.4825,0.483,0.4835,0.484,0.4846,0.4851,0.4856,0.4861,0.4867,0.4872,0.4877,0.4883,0.4888,0.4893,0.4899,0.4904,0.4909,0.4915,0.492,0.4926,0.4931,0.4936,0.4942,0.4947,0.4953,0.4958,0.4964,0.4969,0.4975,0.498,0.4985,0.4991,0.4996,0.5002,0.5007,0.5012,0.5018,0.5023,0.5029,0.5034,0.504,0.5045,0.5051,0.5056,0.5062,0.5067,0.5073,0.5078,0.5084,0.509,0.5096,0.5103,0.5109,0.5115,0.5119,0.5123,0.5127,0.5131,0.5135,0.5139,0.5143,0.5147,0.5151,0.5155,0.5159,0.5163,0.5166,0.517,0.5174,0.5178,0.5182,0.5186,0.519,0.5194,0.5198,0.5202,0.5206,0.521,0.5214,0.5218,0.5222,0.5226,0.523,0.5234,0.5238,0.5242,0.5246,0.525,0.5254,0.5258,0.5262,0.5266,0.527,0.5274,0.5278,0.5283,0.5287,0.5291,0.5295,0.5299,0.5303,0.5307,0.5311,0.5315,0.532,0.5324,0.5328,0.5332,0.5336,0.534,0.5345,0.5349,0.5353,0.5357,0.5361
0.4174,0.4177,0.4179,0.4181,0.4183,0.4185,0.4187,0.4189,0.4191,0.4193,0.4195,0.4197,0.42,0.4202,0.4204,0.4206,0.4208,0.421,0.4212,0.4214,0.4216,0.4219,0.4221,0.4223,0.4226,0.4231,0.424,0.4249,0.4257,0.4266,0.4275,0.4284,0.4293,0.4302,0.4311,0.432,0.4327,0.4331,0.4335,0.4339,0.4344,0.4348,0.4352,0.4357,0.4361,0.4365,0.437,0.4374,0.4378,0.4383,0.4387,0.4392,0.4396,0.44,0.4405,0.4409,0.4414,0.4418,0.4423,0.4427,0.4432,0.4436,0.4441,0.4445,0.445,0.4454,0.4459,0.4463,0.4468,0.4472,0.4477,0.4481,0.4486,0.4491,0.4495,0.45,0.4504,0.4509,0.4513,0.4518,0.4522,0.4527,0.4532,0.4536,0.4541,0.4545,0.455,0.4555,0.4559,0.4564,0.4569,0.4573,0.4578,0.4583,0.4587,0.4592,0.4597,0.4601,0.4606,0.4611,0.4616,0.462,0.4625,0.463,0.4635,0.464,0.4644,0.4649,0.4654,0.4659,0.4664,0.4669,0.4673,0.4678,0.4683,0.4688,0.4693,0.4698,0.4703,0.4708,0.4713,0.4718,0.4723,0.4728,0.4733,0.4738,0.4743,0.4748,0.4753,0.4758,0.4763,0.4768,0.4773,0.4778,0.4783,0.4788,0.4793,0.4799,0.4804,0.4809,0.4814,0.4819,0.4824,0.483,0.4835,0.484,0.4845,0.485,0.4856,0.4861,0.4866,0.4872,0.4877,0.4882,0.4888,0.4893,0.4898,0.4904,0.4909,0.4914,0.492,0.4925,0.4931,0.4936,0.4941,0.4947,0.4952,0.4958,0.4963,0.4969,0.4974,0.498,0.4985,0.4991,0.4996,0.5002,0.5007,0.5013,0.5018,0.5024,0.5029,0.5035,0.504,0.5045,0.5051,0.5057,0.5062,0.5068,0.5073,0.5079,0.5084,0.509,0.5096,0.5103,0.5109,0.5113,0.5117,0.5121,0.5125,0.5129,0.5133,0.5137,0.5141,0.5145,0.5149,0.5153,0.5157,0.516,0.5164,0.5168,0.5172,0.5176,0.518,0.5184,0.5188,0.5192,0.5196,0.52,0.5204,0.5208,0.5212,0.5216,0.522,0.5224,0.5228,0.5232,0.5236,0.524,0.5244,0.5248,0.5252,0.5256,0.526,0.5264,0.5268,0.5272,0.5276,0.528,0.5284,0.5289,0.5293,0.5297,0.5301,0.5305,0.5309,0.5313,0.5317,0.5322,0.5326,0.533,0.5334,0.5338,0.5342,0.5347,0.5351,0.5355
0.4172,0.4174,0.4176,0.4178,0.418,0.4182,0.4184,0.4186,0.4188,0.4191,0.4193,0.4195,0.4197,0.4199,0.4201,0.4203,0.4205,0.4207,0.421,0.4212,0.4214,0.4216,0.4218,0.422,0.4222,0.4226,0.4235,0.4244,0.4252,0.4261,0.427,0.4279,0.4288,0.4297,0.4305,0.4314,0.4322,0.4326,0.433,0.4335,0.4339,0.4343,0.4348,0.4352,0.4356,0.4361,0.4365,0.4369,0.4374,0.4378,0.4382,0.4387,0.4391,0.4396,0.44,0.4404,0.4409,0.4413,0.4418,0.4422,0.4427,0.4431,0.4436,0.444,0.4445,0.4449,0.4454,0.4458,0.4463,0.4467,0.4472,0.4476,0.4481,0.4486,0.449,0.4495,0.4499,0.4504,0.4508,0.4513,0.4518,0.4522,0.4527,0.4531,0.4536,0.454,0.4545,0.455,0.4554,0.4559,0.4564,0.4568,0.4573,0.4578,0.4582,0.4587,0.4592,0.4596,0.4601,0.4606,0.461,0.4615,0.462,0.4625,0.463,0.4634,0.4639,0.4644,0.4649,0.4654,0.4658,0.4663,0.4668,0.4673,0.4678,0.4683,0.4688,0.4693,0.4697,0.4702,0.4707,0.4712,0.4717,0.4722,0.4727,0.4732,0.4737,0.4742,0.4747,0.4752,0.4757,0.4762,0.4767,0.4773,0.4778,0.4783,0.4788,0.4793,0.4798,0.4803,0.4808,0.4814,0.4819,0.4824,0.4829,0.4834,0.484,0.4845,0.485,0.4855,0.4861,0.4866,0.4871,0.4876,0.4882,0.4887,0.4892,0.4898,0.4903,0.4908,0.4914,0.4919,0.4925,0.493,0.4936,0.4941,0.4946,0.4952,0.4957,0.4963,0.4968,0.4974,0.4979,0.4985,0.499,0.4996,0.5002,0.5007,0.5013,0.5018,0.5024,0.5029,0.5035,0.504,0.5046,0.5051,0.5057,0.5062,0.5068,0.5073,0.5079,0.5085,0.509,0.5097,0.5103,0.5108,0.5112,0.5116,0.512,0.5123,0.5127,0.5131,0.5135,0.5139,0.5143,0.5147,0.5151,0.5154,0.5158,0.5162,0.5166,0.517,0.5174,0.5178,0.5182,0.5186,0.519,0.5194,0.5198,0.5202,0.5206,0.521,0.5214,0.5218,0.5222,0.5226,0.523,0.5234,0.5238,0.5242,0.5246,0.525,0.5254,0.5258,0.5262,0.5266,0.527,0.5274,0.5278,0.5282,0.5286,0.529,0.5295,0.5299,0.5303,0.5307,0.5311,0.5315,0.5319,0.5323,0.5328,0.5332,0.5336,0.534,0.5344,0.5349
0.4169,0.4171,0.4173,0.4175,0.4178,0.418,0.4182,0.4184,0.4186,0.4188,0.419,0.4192,0.4194,0.4196,0.4198,0.4201,0.4203,0.4205,0.4207,0.4209,0.4211,0.4213,0.4215,0.4217,0.422,0.4223,0.423,0.4238,0.4247,0.4256,0.4265,0.4274,0.4282,0.4291,0.43,0.4309,0.4317,0.4322,0.4326,0.433,0.4334,0.4339,0.4343,0.4347,0.4352,0.4356,0.436,0.4365,0.4369,0.4373,0.4378,0.4382,0.4386,0.4391,0.4395,0.44,0.4404,0.4408,0.4413,0.4417,0.4422,0.4426,0.4431,0.4435,0.444,0.4444,0.4449,0.4453,0.4458,0.4462,0.4467,0.4471,0.4476,0.4481,0.4485,0.449,0.4494,0.4499,0.4504,0.4508,0.4513,0.4517,0.4522,0.4526,0.4531,0.4535,0.454,0.4545,0.4549,0.4554,0.4558,0.4563,0.4568,0.4572,0.4577,0.4582,0.4586,0.4591,0.4596,0.4601,0.4605,0.461,0.4615,0.462,0.4624,0.4629,0.4634,0.4639,0.4644,0.4648,0.4653,0.4658,0.4663,0.4668,0.4673,0.4677,0.4682,0.4687,0.4692,0.4697,0.4702,0.4707,0.4712,0.4717,0.4722,0.4727,0.4732,0.4737,0.4742,0.4747,0.4752,0.4757,0.4762,0.4767,0.4772,0.4777,0.4782,0.4787,0.4793,0.4798,0.4803,0.4808,0.4813,0.4818,0.4823,0.4829,0.4834,0.4839,0.4844,0.485,0.4855,0.486,0.4865,0.4871,0.4876,0.4881,0.4887,0.4892,0.4897,0.4903,0.4908,0.4913,0.4919,0.4924,0.493,0.4935,0.494,0.4946,0.4951,0.4957,0.4962,0.4968,0.4973,0.4979,0.4984,0.499,0.4996,0.5001,0.5007,0.5012,0.5018,0.5024,0.5029,0.5035,0.5041,0.5046,0.5052,0.5057,0.5063,0.5068,0.5074,0.5079,0.5085,0.5091,0.5097,0.5102,0.5106,0.511,0.5114,0.5118,0.5121,0.5125,0.5129,0.5133,0.5137,0.5141,0.5145,0.5148,0.5152,0.5156,0.516,0.5164,0.5168,0.5172,0.5176,0.518,0.5184,0.5188,0.5192,0.5196,0.52,0.5203,0.5207,0.5211,0.5215,0.5219,0.5223,0.5227,0.5231,0.5235,0.5239,0.5243,0.5248,0.5252,0.5256,0.526,0.5264,0.5268,0.5272,0.5276,0.528,0.5284,0.5288,0.5292,0.5296,0.5301,0.5305,0.5309,0.5313,0.5317,0.5321,0.5325,0.533,0.5334,0.5338,0.5342
0.4167,0.4169,0.4171,0.4173,0.4175,0.4177,0.4179,0.4181,0.4183,0.4185,0.4187,0.4189,0.4192,0.4194,0.4196,0.4198,0.42,0.4202,0.4204,0.4206,0.4208,0.4211,0.4213,0.4215,0.4217,0.422,0.4225,0.4233,0.4242,0.4251,0.426,0.4268,0.4277,0.4286,0.4295,0.4304,0.4313,0.4317,0.4321,0.4325,0.433,0.4334,0.4338,0.4343,0.4347,0.4351,0.4355,0.436,0.4364,0.4368,0.4373,0.4377,0.4382,0.4386,0.439,0.4395,0.4399,0.4404,0.4408,0.4412,0.4417,0.4421,0.4426,0.443,0.4435,0.4439,0.4444,0.4448,0.4453,0.4457,0.4462,0.4466,0.4471,0.4475,0.448,0.4485,0.4489,0.4494,0.4498,0.4503,0.4508,0.4512,0.4517,0.4521,0.4526,0.453,0.4535,0.454,0.4544,0.4549,0.4553,0.4558,0.4563,0.4567,0.4572,0.4577,0.4581,0.4586,0.4591,0.4595,0.46,0.4605,0.461,0.4614,0.4619,0.4624,0.4629,0.4633,0.4638,0.4643,0.4648,0.4653,0.4658,0.4662,0.4667,0.4672,0.4677,0.4682,0.4687,0.4692,0.4697,0.4702,0.4707,0.4711,0.4716,0.4721,0.4726,0.4731,0.4736,0.4741,0.4746,0.4751,0.4756,0.4762,0.4767,0.4772,0.4777,0.4782,0.4787,0.4792,0.4797,0.4802,0.4808,0.4813,0.4818,0.4823,0.4828,0.4833,0.4839,0.4844,0.4849,0.4854,0.486,0.4865,0.487,0.4876,0.4881,0.4886,0.4891,0.4897,0.4902,0.4908,0.4913,0.4918,0.4924,0.4929,0.4935,0.494,0.4945,0.4951,0.4956,0.4962,0.4967,0.4973,0.4978,0.4984,0.499,0.4995,0.5001,0.5006,0.5012,0.5017,0.5023,0.5029,0.5034,0.504,0.5046,0.5051,0.5057,0.5063,0.5068,0.5074,0.508,0.5085,0.5091,0.5096,0.51,0.5104,0.5108,0.5112,0.5115,0.5119,0.5123,0.5127,0.5131,0.5135,0.5139,0.5142,0.5146,0.515,0.5154,0.5158,0.5162,0.5166,0.517,0.5174,0.5178,0.5182,0.5186,0.5189,0.5193,0.5197,0.5201,0.5205,0.5209,0.5213,0.5217,0.5221,0.5225,0.5229,0.5233,0.5237,0.5241,0.5245,0.5249,0.5253,0.5258,0.5262,0.5266,0.527,0.5274,0.5278,0.5282,0.5286,0.529,0.5294,0.5298,0.5302,0.5307,0.5311,0.5315,0.5319,0.5323,0.5327,0.5332,0.5336
0.4164,0.4166,0.4168,0.417,0.4172,0.4174,0.4176,0.4178,0.4181,0.4183,0.4185,0.4187,0.4189,0.4191,0.4193,0.4195,0.4197,0.4199,0.4202,0.4204,0.4206,0.4208,0.421,0.4212,0.4214,0.4217,0.4221,0.4228,0.4237,0.4246,0.4254,0.4263,0.4272,0.4281,0.429,0.4299,0.4308,0.4312,0.4316,0.4321,0.4325,0.4329,0.4334,0.4338,0.4342,0.4346,0.4351,0.4355,0.4359,0.4364,0.4368,0.4372,0.4377,0.4381,0.4386,0.439,0.4394,0.4399,0.4403,0.4408,0.4412,0.4416,0.4421,0.4425,0.443,0.4434,0.4439,0.4443,0.4448,0.4452,0.4457,0.4461,0.4466,0.447,0.4475,0.448,0.4484,0.4489,0.4493,0.4498,0.4503,0.4507,0.4512,0.4516,0.4521,0.4525,0.453,0.4535,0.4539,0.4544,0.4548,0.4553,0.4558,0.4562,0.4567,0.4572,0.4576,0.4581,0.4586,0.459,0.4595,0.46,0.4605,0.4609,0.4614,0.4619,0.4624,0.4628,0.4633,0.4638,0.4643,0.4648,0.4652,0.4657,0.4662,0.4667,0.4672,0.4677,0.4682,0.4686,0.4691,0.4696,0.4701,0.4706,0.4711,0.4716,0.4721,0.4726,0.4731,0.4736,0.4741,0.4746,0.4751,0.4756,0.4761,0.4766,0.4771,0.4776,0.4781,0.4787,0.4792,0.4797,0.4802,0.4807,0.4812,0.4817,0.4823,0.4828,0.4833,0.4838,0.4843,0.4849,0.4854,0.4859,0.4864,0.487,0.4875,0.488,0.4886,0.4891,0.4896,0.4902,0.4907,0.4912,0.4918,0.4923,0.4929,0.4934,0.494,0.4945,0.495,0.4956,0.4961,0.4967,0.4972,0.4978,0.4984,0.4989,0.4995,0.5,0.5006,0.5011,0.5017,0.5023,0.5028,0.5034,0.504,0.5045,0.5051,0.5057,0.5062,0.5068,0.5074,0.508,0.5085,0.5091,0.5094,0.5098,0.5102,0.5106,0.511,0.5113,0.5117,0.5121,0.5125,0.5129,0.5133,0.5137,0.514,0.5144,0.5148,0.5152,0.5156,0.516,0.5164,0.5168,0.5172,0.5176,0.5179,0.5183,0.5187,0.5191,0.5195,0.5199,0.5203,0.5207,0.5211,0.5215,0.5219,0.5223,0.5227,0.5231,0.5235,0.5239,0.5243,0.5247,0.5251,0.5255,0.5259,0.5263,0.5268,0.5272,0.5276,0.528,0.5284,0.5288,0.5292,0.5296,0.53,0.5304,0.5309,0.5313,0.5317,0.5321,0.5325,0.5329
0.4161,0.4163,0.4166,0.4168,0.417,0.4172,0.4174,0.4176,0.4178,0.418,0.4182,0.4184,0.4186,0.4188,0.419,0.4193,0.4195,0.4197,0.4199,0.4201,0.4203,0.4205,0.4207,0.4209,0.4212,0.4214,0.4218,0.4223,0.4232,0.4241,0.4249,0.4258,0.4267,0.4276,0.4285,0.4293,0.4302,0.4308,0.4312,0.4316,0.432,0.4325,0.4329,0.4333,0.4337,0.4342,0.4346,0.435,0.4355,0.4359,0.4363,0.4368,0.4372,0.4376,0.4381,0.4385,0.4389,0.4394,0.4398,0.4403,0.4407,0.4412,0.4416,0.442,0.4425,0.4429,0.4434,0.4438,0.4443,0.4447,0.4452,0.4456,0.4461,0.4465,0.447,0.4475,0.4479,0.4484,0.4488,0.4493,0.4498,0.4502,0.4507,0.4511,0.4516,0.4521,0.4525,0.453,0.4534,0.4539,0.4543,0.4548,0.4553,0.4557,0.4562,0.4567,0.4571,0.4576,0.4581,0.4585,0.459,0.4595,0.4599,0.4604,0.4609,0.4614,0.4618,0.4623,0.4628,0.4633,0.4637,0.4642,0.4647,0.4652,0.4657,0.4662,0.4666,0.4671,0.4676,0.4681,0.4686,0.4691,0.4696,0.4701,0.4706,0.4711,0.4716,0.4721,0.4726,0.4731,0.4735,0.4741,0.4746,0.4751,0.4756,0.4761,0.4766,0.4771,0.4776,0.4781,0.4786,0.4791,0.4796,0.4801,0.4807,0.4812,0.4817,0.4822,0.4827,0.4833,0.4838,0.4843,0.4848,0.4853,0.4859,0.4864,0.4869,0.4875,0.488,0.4885,0.4891,0.4896,0.4901,0.4907,0.4912,0.4917,0.4923,0.4928,0.4934,0.4939,0.4945,0.495,0.4955,0.4961,0.4966,0.4972,0.4977,0.4983,0.4989,0.4994,0.5,0.5005,0.5011,0.5017,0.5022,0.5028,0.5033,0.5039,0.5045,0.505,0.5056,0.5062,0.5068,0.5074,0.5079,0.5084,0.5088,0.5092,0.5096,0.51,0.5104,0.5108,0.5111,0.5115,0.5119,0.5123,0.5127,0.5131,0.5134,0.5138,0.5142,0.5146,0.515,0.5154,0.5158,0.5162,0.5166,0.517,0.5173,0.5177,0.5181,0.5185,0.5189,0.5193,0.5197,0.5201,0.5205,0.5209,0.5213,0.5217,0.5221,0.5225,0.5229,0.5233,0.5237,0.5241,0.5245,0.5249,0.5253,0.5257,0.5261,0.5265,0.5269,0.5273,0.5278,0.5282,0.5286,0.529,0.5294,0.5298,0.5302,0.5306,0.531,0.5315,0.5319,0.5323
0.4159,0.4161,0.4163,0.4165,0.4167,0.4169,0.4171,0.4173,0.4175,0.4177,0.4179,0.4182,0.4184,0.4186,0.4188,0.419,0.4192,0.4194,0.4196,0.4198,0.42,0.4203,0.4205,0.4207,0.4209,0.4211,0.4215,0.4219,0.4227,0.4235,0.4244,0.4253,0.4262,0.427,0.4279,0.4288,0.4297,0.4303,0.4307,0.4311,0.4316,0.432,0.4324,0.4328,0.4333,0.4337,0.4341,0.4346,0.435,0.4354,0.4359,0.4363,0.4367,0.4372,0.4376,0.438,0.4385,0.4389,0.4393,0.4398,0.4402,0.4407,0.4411,0.4416,0.442,0.4424,0.4429,0.4433,0.4438,0.4442,0.4447,0.4451,0.4456,0.4461,0.4465,0.447,0.4474,0.4479,0.4483,0.4488,0.4492,0.4497,0.4502,0.4506,0.4511,0.4516,0.452,0.4525,0.4529,0.4534,0.4538,0.4543,0.4548,0.4552,0.4557,0.4562,0.4566,0.4571,0.4575,0.458,0.4585,0.459,0.4594,0.4599,0.4604,0.4608,0.4613,0.4618,0.4623,0.4627,0.4632,0.4637,0.4642,0.4647,0.4651,0.4656,0.4661,0.4666,0.4671,0.4676,0.4681,0.4686,0.469,0.4695,0.47,0.4705,0.471,0.4715,0.472,0.4725,0.473,0.4735,0.474,0.4745,0.475,0.4755,0.476,0.4765,0.477,0.4775,0.4781,0.4786,0.4791,0.4796,0.4801,0.4806,0.4811,0.4817,0.4822,0.4827,0.4832,0.4837,0.4843,0.4848,0.4853,0.4858,0.4864,0.4869,0.4874,0.4879,0.4885,0.489,0.4895,0.4901,0.4906,0.4912,0.4917,0.4922,0.4928,0.4933,0.4939,0.4944,0.495,0.4955,0.496,0.4966,0.4971,0.4977,0.4983,0.4988,0.4994,0.4999,0.5005,0.501,0.5016,0.5022,0.5027,0.5033,0.5039,0.5045,0.5051,0.5056,0.5062,0.5068,0.5073,0.5078,0.5082,0.5086,0.509,0.5094,0.5097,0.5101,0.5105,0.5109,0.5113,0.5117,0.5121,0.5125,0.5129,0.5132,0.5136,0.514,0.5144,0.5148,0.5152,0.5156,0.516,0.5164,0.5167,0.5171,0.5175,0.5179,0.5183,0.5187,0.5191,0.5195,0.5199,0.5203,0.5207,0.5211,0.5215,0.5219,0.5223,0.5227,0.5231,0.5235,0.5239,0.5243,0.5247,0.5251,0.5255,0.5259,0.5263,0.5267,0.5271,0.5275,0.5279,0.5284,0.5288,0.5292,0.5296,0.53,0.5304,0.5308,0.5312,0.5317
0.4154,0.4157,0.416,0.4162,0.4164,0.4166,0.4169,0.4171,0.4173,0.4175,0.4177,0.4179,0.4181,0.4183,0.4185,0.4187,0.4189,0.4191,0.4194,0.4196,0.4198,0.42,0.4202,0.4204,0.4206,0.4208,0.4212,0.4216,0.4222,0.423,0.4239,0.4248,0.4256,0.4265,0.4274,0.4283,0.4292,0.4298,0.4303,0.4307,0.4311,0.4315,0.4319,0.4324,0.4328,0.4332,0.4337,0.4341,0.4345,0.4349,0.4354,0.4358,0.4362,0.4367,0.4371,0.4375,0.438,0.4384,0.4389,0.4393,0.4397,0.4402,0.4406,0.4411,0.4415,0.442,0.4424,0.4429,0.4433,0.4437,0.4442,0.4446,0.4451,0.4456,0.446,0.4465,0.4469,0.4474,0.4478,0.4483,0.4487,0.4492,0.4497,0.4501,0.4506,0.4511,0.4515,0.452,0.4524,0.4529,0.4533,0.4538,0.4543,0.4547,0.4552,0.4556,0.4561,0.4566,0.457,0.4575,0.458,0.4584,0.4589,0.4594,0.4599,0.4603,0.4608,0.4613,0.4618,0.4622,0.4627,0.4632,0.4637,0.4641,0.4646,0.4651,0.4656,0.4661,0.4666,0.467,0.4675,0.468,0.4685,0.469,0.4695,0.47,0.4705,0.471,0.4715,0.472,0.4725,0.473,0.4735,0.474,0.4745,0.475,0.4755,0.476,0.4765,0.477,0.4775,0.478,0.4785,0.479,0.4795,0.4801,0.4806,0.4811,0.4816,0.4821,0.4826,0.4832,0.4837,0.4842,0.4847,0.4853,0.4858,0.4863,0.4868,0.4874,0.4879,0.4884,0.489,0.4895,0.49,0.4906,0.4911,0.4916,0.4922,0.4927,0.4933,0.4938,0.4944,0.4949,0.4955,0.496,0.4966,0.4971,0.4977,0.4982,0.4988,0.4993,0.4999,0.5004,0.501,0.5016,0.5022,0.5028,0.5033,0.5039,0.5045,0.505,0.5056,0.5062,0.5067,0.5071,0.5075,0.5079,0.5083,0.5087,0.5091,0.5095,0.5099,0.5103,0.5107,0.5111,0.5115,0.5119,0.5123,0.5126,0.513,0.5134,0.5138,0.5142,0.5146,0.515,0.5154,0.5158,0.5161,0.5165,0.5169,0.5173,0.5177,0.5181,0.5185,0.5189,0.5193,0.5197,0.5201,0.5205,0.5209,0.5213,0.5217,0.5221,0.5225,0.5229,0.5233,0.5237,0.5241,0.5245,0.5249,0.5253,0.5257,0.5261,0.5265,0.5269,0.5273,0.5277,0.5281,0.5285,0.529,0.5294,0.5298,0.5302,0.5306,0.531
0.4149,0.4152,0.4155,0.4158,0.4161,0.4164,0.4166,0.4168,0.417,0.4172,0.4174,0.4176,0.4178,0.418,0.4183,0.4185,0.4187,0.4189,0.4191,0.4193,0.4195,0.4197,0.4199,0.4201,0.4204,0.4206,0.4209,0.4213,0.4217,0.4225,0.4234,0.4243,0.4251,0.426,0.4269,0.4278,0.4287,0.4294,0.4298,0.4302,0.4306,0.4311,0.4315,0.4319,0.4323,0.4328,0.4332,0.4336,0.434,0.4345,0.4349,0.4353,0.4358,0.4362,0.4366,0.4371,0.4375,0.4379,0.4384,0.4388,0.4393,0.4397,0.4401,0.4406,0.441,0.4415,0.4419,0.4424,0.4428,0.4433,0.4437,0.4442,0.4446,0.4451,0.4455,0.446,0.4464,0.4469,0.4473,0.4478,0.4482,0.4487,0.4492,0.4496,0.4501,0.4505,0.451,0.4515,0.4519,0.4524,0.4528,0.4533,0.4538,0.4542,0.4547,0.4551,0.4556,0.4561,0.4565,0.457,0.4575,0.4579,0.4584,0.4589,0.4593,0.4598,0.4603,0.4608,0.4612,0.4617,0.4622,0.4627,0.4631,0.4636,0.4641,0.4646,0.4651,0.4655,0.466,0.4665,0.467,0.4675,0.468,0.4685,0.469,0.4695,0.4699,0.4704,0.4709,0.4714,0.4719,0.4724,0.4729,0.4734,0.4739,0.4744,0.4749,0.4754,0.4759,0.4764,0.4769,0.4775,0.478,0.4785,0.479,0.4795,0.48,0.4805,0.481,0.4816,0.4821,0.4826,0.4831,0.4836,0.4842,0.4847,0.4852,0.4857,0.4863,0.4868,0.4873,0.4879,0.4884,0.4889,0.4895,0.49,0.4905,0.4911,0.4916,0.4921,0.4927,0.4932,0.4938,0.4943,0.4949,0.4954,0.496,0.4965,0.4971,0.4976,0.4982,0.4988,0.4994,0.5,0.5005,0.5011,0.5016,0.5022,0.5027,0.5033,0.5039,0.5044,0.505,0.5056,0.506,0.5065,0.5069,0.5073,0.5077,0.5081,0.5085,0.5089,0.5093,0.5097,0.51,0.5104,0.5108,0.5112,0.5116,0.512,0.5124,0.5128,0.5132,0.5136,0.514,0.5144,0.5148,0.5152,0.5155,0.5159,0.5163,0.5167,0.5171,0.5175,0.5179,0.5183,0.5187,0.5191,0.5195,0.5199,0.5203,0.5207,0.5211,0.5215,0.5219,0.5223,0.5227,0.5231,0.5235,0.5239,0.5243,0.5247,0.5251,0.5255,0.5259,0.5263,0.5267,0.5271,0.5275,0.5279,0.5283,0.5287,0.5291,0.5296,0.53,0.5304
0.4144,0.4147,0.415,0.4153,0.4156,0.416,0.4163,0.4165,0.4167,0.417,0.4172,0.4174,0.4176,0.4178,0.418,0.4182,0.4184,0.4186,0.4188,0.419,0.4192,0.4195,0.4197,0.4199,0.4201,0.4203,0.4206,0.421,0.4214,0.422,0.4229,0.4237,0.4246,0.4255,0.4264,0.4273,0.4281,0.4289,0.4293,0.4297,0.4302,0.4306,0.431,0.4314,0.4319,0.4323,0.4327,0.4331,0.4336,0.434,0.4344,0.4349,0.4353,0.4357,0.4362,0.4366,0.437,0.4375,0.4379,0.4383,0.4388,0.4392,0.4397,0.4401,0.4405,0.441,0.4414,0.4419,0.4423,0.4428,0.4432,0.4437,0.4441,0.4446,0.445,0.4455,0.4459,0.4464,0.4468,0.4473,0.4477,0.4482,0.4487,0.4491,0.4496,0.45,0.4505,0.451,0.4514,0.4519,0.4523,0.4528,0.4533,0.4537,0.4542,0.4546,0.4551,0.4556,0.456,0.4565,0.457,0.4574,0.4579,0.4584,0.4588,0.4593,0.4598,0.4602,0.4607,0.4612,0.4617,0.4621,0.4626,0.4631,0.4636,0.4641,0.4645,0.465,0.4655,0.466,0.4665,0.467,0.4674,0.4679,0.4684,0.4689,0.4694,0.4699,0.4704,0.4709,0.4714,0.4719,0.4724,0.4729,0.4734,0.4739,0.4744,0.4749,0.4754,0.4759,0.4764,0.4769,0.4774,0.4779,0.4784,0.4789,0.4795,0.48,0.4805,0.481,0.4815,0.482,0.4826,0.4831,0.4836,0.4841,0.4846,0.4852,0.4857,0.4862,0.4867,0.4873,0.4878,0.4883,0.4889,0.4894,0.4899,0.4905,0.491,0.4916,0.4921,0.4926,0.4932,0.4937,0.4943,0.4948,0.4954,0.496,0.4966,0.4971,0.4977,0.4983,0.4988,0.4994,0.4999,0.5005,0.501,0.5016,0.5021,0.5027,0.5033,0.5038,0.5044,0.505,0.5054,0.5058,0.5063,0.5067,0.5071,0.5075,0.5078,0.5082,0.5086,0.509,0.5094,0.5098,0.5102,0.5106,0.511,0.5114,0.5118,0.5122,0.5126,0.513,0.5134,0.5138,0.5142,0.5146,0.5149,0.5153,0.5157,0.5161,0.5165,0.5169,0.5173,0.5177,0.5181,0.5185,0.5189,0.5193,0.5197,0.5201,0.5204,0.5208,0.5212,0.5216,0.522,0.5224,0.5228,0.5232,0.5236,0.524,0.5245,0.5249,0.5253,0.5257,0.5261,0.5265,0.5269,0.5273,0.5277,0.5281,0.5285,0.5289,0.5293,0.5297
0.4139,0.4142,0.4145,0.4148,0.4151,0.4155,0.4158,0.4161,0.4164,0.4167,0.4169,0.4171,0.4173,0.4175,0.4177,0.4179,0.4181,0.4184,0.4186,0.4188,0.419,0.4192,0.4194,0.4196,0.4198,0.42,0.4203,0.4207,0.4211,0.4215,0.4224,0.4232,0.4241,0.425,0.4259,0.4267,0.4276,0.4284,0.4289,0.4293,0.4297,0.4301,0.4305,0.431,0.4314,0.4318,0.4322,0.4327,0.4331,0.4335,0.434,0.4344,0.4348,0.4352,0.4357,0.4361,0.4365,0.437,0.4374,0.4379,0.4383,0.4387,0.4392,0.4396,0.4401,0.4405,0.4409,0.4414,0.4418,0.4423,0.4427,0.4432,0.4436,0.4441,0.4445,0.445,0.4454,0.4459,0.4463,0.4468,0.4472,0.4477,0.4482,0.4486,0.4491,0.4495,0.45,0.4505,0.4509,0.4514,0.4518,0.4523,0.4528,0.4532,0.4537,0.4541,0.4546,0.4551,0.4555,0.456,0.4565,0.4569,0.4574,0.4579,0.4583,0.4588,0.4593,0.4597,0.4602,0.4607,0.4612,0.4616,0.4621,0.4626,0.4631,0.4635,0.464,0.4645,0.465,0.4655,0.4659,0.4664,0.4669,0.4674,0.4679,0.4684,0.4689,0.4694,0.4699,0.4704,0.4708,0.4713,0.4718,0.4723,0.4728,0.4733,0.4738,0.4743,0.4748,0.4753,0.4758,0.4764,0.4769,0.4774,0.4779,0.4784,0.4789,0.4794,0.4799,0.4804,0.481,0.4815,0.482,0.4825,0.483,0.4835,0.4841,0.4846,0.4851,0.4856,0.4862,0.4867,0.4872,0.4878,0.4883,0.4888,0.4894,0.4899,0.4904,0.491,0.4915,0.4921,0.4926,0.4932,0.4938,0.4943,0.4949,0.4955,0.4961,0.4966,0.4971,0.4977,0.4982,0.4988,0.4993,0.4999,0.5004,0.501,0.5016,0.5021,0.5027,0.5032,0.5038,0.5043,0.5048,0.5052,0.5056,0.506,0.5064,0.5068,0.5072,0.5076,0.508,0.5084,0.5088,0.5092,0.5096,0.51,0.5103,0.5107,0.5111,0.5115,0.5119,0.5123,0.5127,0.5131,0.5135,0.5139,0.5143,0.5147,0.5151,0.5155,0.5159,0.5163,0.5167,0.5171,0.5175,0.5179,0.5183,0.5187,0.519,0.5194,0.5198,0.5202,0.5206,0.521,0.5214,0.5218,0.5222,0.5226,0.523,0.5234,0.5238,0.5242,0.5246,0.525,0.5254,0.5259,0.5263,0.5267,0.5271,0.5275,0.5279,0.5283,0.5287,0.5291
0.4134,0.4137,0.414,0.4143,0.4147,0.415,0.4153,0.4156,0.4159,0.4162,0.4166,0.4168,0.4171,0.4173,0.4175,0.4177,0.4179,0.4181,0.4183,0.4185,0.4187,0.4189,0.4191,0.4193,0.4196,0.4198,0.42,0.4203,0.4208,0.4212,0.4219,0.4227,0.4236,0.4245,0.4253,0.4262,0.4271,0.428,0.4284,0.4288,0.4292,0.4297,0.4301,0.4305,0.4309,0.4314,0.4318,0.4322,0.4326,0.4331,0.4335,0.4339,0.4343,0.4348,0.4352,0.4356,0.4361,0.4365,0.4369,0.4374,0.4378,0.4383,0.4387,0.4391,0.4396,0.44,0.4405,0.4409,0.4413,0.4418,0.4422,0.4427,0.4431,0.4436,0.444,0.4445,0.4449,0.4454,0.4458,0.4463,0.4467,0.4472,0.4476,0.4481,0.4486,0.449,0.4495,0.4499,0.4504,0.4509,0.4513,0.4518,0.4523,0.4527,0.4532,0.4536,0.4541,0.4546,0.455,0.4555,0.456,0.4564,0.4569,0.4573,0.4578,0.4583,0.4588,0.4592,0.4597,0.4602,0.4606,0.4611,0.4616,0.4621,0.4625,0.463,0.4635,0.464,0.4645,0.4649,0.4654,0.4659,0.4664,0.4669,0.4674,0.4679,0.4683,0.4688,0.4693,0.4698,0.4703,0.4708,0.4713,0.4718,0.4723,0.4728,0.4733,0.4738,0.4743,0.4748,0.4753,0.4758,0.4763,0.4768,0.4773,0.4778,0.4783,0.4789,0.4794,0.4799,0.4804,0.4809,0.4814,0.4819,0.4825,0.483,0.4835,0.484,0.4846,0.4851,0.4856,0.4861,0.4867,0.4872,0.4877,0.4882,0.4888,0.4893,0.4899,0.4904,0.491,0.4916,0.4922,0.4927,0.4933,0.4939,0.4944,0.4949,0.4955,0.496,0.4966,0.4971,0.4977,0.4982,0.4988,0.4993,0.4999,0.5004,0.501,0.5015,0.5021,0.5026,0.5032,0.5037,0.5041,0.5045,0.505,0.5054,0.5058,0.5062,0.5066,0.507,0.5074,0.5078,0.5081,0.5085,0.5089,0.5093,0.5097,0.5101,0.5105,0.5109,0.5113,0.5117,0.5121,0.5125,0.5129,0.5133,0.5137,0.5141,0.5145,0.5149,0.5153,0.5157,0.5161,0.5165,0.5169,0.5173,0.5177,0.518,0.5184,0.5188,0.5192,0.5196,0.52,0.5204,0.5208,0.5212,0.5216,0.522,0.5224,0.5228,0.5232,0.5236,0.524,0.5244,0.5248,0.5252,0.5256,0.526,0.5265,0.5269,0.5273,0.5277,0.5281,0.5285
0.4129,0.4132,0.4135,0.4138,0.4142,0.4145,0.4148,0.4151,0.4154,0.4157,0.4161,0.4164,0.4167,0.417,0.4172,0.4174,0.4176,0.4178,0.418,0.4182,0.4185,0.4187,0.4189,0.4191,0.4193,0.4195,0.4197,0.42,0.4204,0.4208,0.4214,0.4222,0.4231,0.424,0.4248,0.4257,0.4266,0.4275,0.4279,0.4284,0.4288,0.4292,0.4296,0.43,0.4305,0.4309,0.4313,0.4317,0.4322,0.4326,0.433,0.4334,0.4339,0.4343,0.4347,0.4352,0.4356,0.436,0.4365,0.4369,0.4373,0.4378,0.4382,0.4386,0.4391,0.4395,0.44,0.4404,0.4409,0.4413,0.4417,0.4422,0.4426,0.4431,0.4435,0.444,0.4444,0.4449,0.4453,0.4458,0.4462,0.4467,0.4471,0.4476,0.4481,0.4485,0.449,0.4494,0.4499,0.4504,0.4508,0.4513,0.4518,0.4522,0.4527,0.4531,0.4536,0.4541,0.4545,0.455,0.4554,0.4559,0.4564,0.4568,0.4573,0.4578,0.4582,0.4587,0.4592,0.4597,0.4601,0.4606,0.4611,0.4615,0.462,0.4625,0.463,0.4635,0.4639,0.4644,0.4649,0.4654,0.4659,0.4664,0.4668,0.4673,0.4678,0.4683,0.4688,0.4693,0.4698,0.4703,0.4708,0.4713,0.4718,0.4722,0.4727,0.4732,0.4737,0.4742,0.4748,0.4753,0.4758,0.4763,0.4768,0.4773,0.4778,0.4783,0.4788,0.4793,0.4798,0.4804,0.4809,0.4814,0.4819,0.4824,0.4829,0.4835,0.484,0.4845,0.485,0.4856,0.4861,0.4866,0.4872,0.4877,0.4883,0.4889,0.4894,0.49,0.4905,0.4911,0.4917,0.4922,0.4927,0.4933,0.4938,0.4944,0.4949,0.4954,0.496,0.4965,0.4971,0.4976,0.4982,0.4987,0.4993,0.4998,0.5004,0.5009,0.5015,0.502,0.5026,0.5031,0.5035,0.5039,0.5043,0.5048,0.5052,0.5056,0.506,0.5063,0.5067,0.5071,0.5075,0.5079,0.5083,0.5087,0.5091,0.5095,0.5099,0.5103,0.5106,0.511,0.5114,0.5118,0.5122,0.5126,0.513,0.5134,0.5138,0.5142,0.5146,0.515,0.5154,0.5158,0.5162,0.5166,0.517,0.5174,0.5178,0.5182,0.5186,0.519,0.5194,0.5198,0.5202,0.5206,0.521,0.5214,0.5218,0.5222,0.5226,0.523,0.5234,0.5238,0.5242,0.5246,0.525,0.5254,0.5258,0.5262,0.5266,0.527,0.5275,0.5279
0.4124,0.4127,0.413,0.4133,0.4137,0.414,0.4143,0.4146,0.4149,0.4152,0.4156,0.4159,0.4162,0.4165,0.4168,0.4171,0.4174,0.4176,0.4178,0.418,0.4182,0.4184,0.4186,0.4188,0.419,0.4192,0.4194,0.4197,0.4201,0.4205,0.4209,0.4217,0.4226,0.4234,0.4243,0.4252,0.4261,0.427,0.4275,0.4279,0.4283,0.4287,0.4292,0.4296,0.43,0.4304,0.4308,0.4313,0.4317,0.4321,0.4325,0.433,0.4334,0.4338,0.4343,0.4347,0.4351,0.4356,0.436,0.4364,0.4369,0.4373,0.4377,0.4382,0.4386,0.439,0.4395,0.4399,0.4404,0.4408,0.4413,0.4417,0.4421,0.4426,0.443,0.4435,0.4439,0.4444,0.4448,0.4453,0.4457,0.4462,0.4466,0.4471,0.4476,0.448,0.4485,0.4489,0.4494,0.4499,0.4503,0.4508,0.4512,0.4517,0.4522,0.4526,0.4531,0.4536,0.454,0.4545,0.4549,0.4554,0.4559,0.4563,0.4568,0.4573,0.4577,0.4582,0.4587,0.4591,0.4596,0.4601,0.4606,0.461,0.4615,0.462,0.4625,0.4629,0.4634,0.4639,0.4644,0.4649,0.4653,0.4658,0.4663,0.4668,0.4673,0.4678,0.4683,0.4687,0.4692,0.4697,0.4702,0.4707,0.4712,0.4717,0.4722,0.4727,0.4732,0.4737,0.4742,0.4747,0.4752,0.4757,0.4762,0.4767,0.4772,0.4777,0.4783,0.4788,0.4793,0.4798,0.4803,0.4808,0.4813,0.4819,0.4824,0.4829,0.4834,0.4839,0.4845,0.485,0.4856,0.4862,0.4867,0.4873,0.4878,0.4884,0.489,0.4895,0.49,0.4906,0.4911,0.4916,0.4922,0.4927,0.4932,0.4938,0.4943,0.4949,0.4954,0.496,0.4965,0.497,0.4976,0.4981,0.4987,0.4992,0.4998,0.5003,0.5009,0.5015,0.502,0.5024,0.5028,0.5033,0.5037,0.5041,0.5046,0.5049,0.5053,0.5057,0.5061,0.5065,0.5069,0.5073,0.5077,0.508,0.5084,0.5088,0.5092,0.5096,0.51,0.5104,0.5108,0.5112,0.5116,0.512,0.5124,0.5128,0.5132,0.5136,0.514,0.5144,0.5148,0.5152,0.5156,0.516,0.5164,0.5168,0.5172,0.5176,0.518,0.5184,0.5188,0.5192,0.5196,0.52,0.5204,0.5208,0.5212,0.5216,0.522,0.5224,0.5228,0.5232,0.5236,0.524,0.5244,0.5248,0.5252,0.5256,0.526,0.5264,0.5268,0.5272
0.4119,0.4122,0.4125,0.4128,0.4132,0.4135,0.4138,0.4141,0.4144,0.4147,0.4151,0.4154,0.4157,0.416,0.4163,0.4166,0.417,0.4173,0.4175,0.4177,0.4179,0.4181,0.4183,0.4186,0.4188,0.419,0.4192,0.4194,0.4198,0.4202,0.4206,0.4212,0.4221,0.4229,0.4238,0.4247,0.4256,0.4264,0.427,0.4274,0.4279,0.4283,0.4287,0.4291,0.4295,0.43,0.4304,0.4308,0.4312,0.4317,0.4321,0.4325,0.4329,0.4334,0.4338,0.4342,0.4346,0.4351,0.4355,0.4359,0.4364,0.4368,0.4372,0.4377,0.4381,0.4386,0.439,0.4394,0.4399,0.4403,0.4408,0.4412,0.4417,0.4421,0.4425,0.443,0.4434,0.4439,0.4443,0.4448,0.4452,0.4457,0.4461,0.4466,0.4471,0.4475,0.448,0.4484,0.4489,0.4493,0.4498,0.4503,0.4507,0.4512,0.4517,0.4521,0.4526,0.4531,0.4535,0.454,0.4544,0.4549,0.4554,0.4558,0.4563,0.4568,0.4572,0.4577,0.4582,0.4586,0.4591,0.4596,0.46,0.4605,0.461,0.4615,0.4619,0.4624,0.4629,0.4634,0.4639,0.4643,0.4648,0.4653,0.4658,0.4663,0.4668,0.4672,0.4677,0.4682,0.4687,0.4692,0.4697,0.4702,0.4707,0.4712,0.4717,0.4722,0.4727,0.4732,0.4737,0.4742,0.4747,0.4752,0.4757,0.4762,0.4767,0.4772,0.4777,0.4782,0.4787,0.4792,0.4797,0.4803,0.4808,0.4813,0.4818,0.4824,0.4829,0.4835,0.484,0.4846,0.4851,0.4857,0.4863,0.4868,0.4874,0.4879,0.4884,0.4889,0.4895,0.49,0.4905,0.4911,0.4916,0.4921,0.4927,0.4932,0.4938,0.4943,0.4948,0.4954,0.4959,0.4965,0.497,0.4976,0.4981,0.4987,0.4992,0.4998,0.5003,0.5009,0.5014,0.5018,0.5022,0.5026,0.5031,0.5035,0.5039,0.5043,0.5047,0.5051,0.5055,0.5059,0.5063,0.5066,0.507,0.5074,0.5078,0.5082,0.5086,0.509,0.5094,0.5098,0.5102,0.5106,0.5109,0.5113,0.5117,0.5121,0.5125,0.5129,0.5133,0.5137,0.5141,0.5145,0.5149,0.5153,0.5157,0.5161,0.5165,0.5169,0.5173,0.5177,0.5182,0.5186,0.519,0.5194,0.5198,0.5202,0.5206,0.521,0.5214,0.5218,0.5222,0.5226,0.523,0.5234,0.5238,0.5242,0.5246,0.525,0.5254,0.5258,0.5262,0.5266
0.4114,0.4117,0.412,0.4124,0.4127,0.413,0.4133,0.4136,0.4139,0.4142,0.4146,0.4149,0.4152,0.4155,0.4158,0.4161,0.4165,0.4168,0.4171,0.4174,0.4177,0.4179,0.4181,0.4183,0.4185,0.4187,0.4189,0.4191,0.4195,0.4199,0.4203,0.4207,0.4216,0.4224,0.4233,0.4242,0.425,0.4259,0.4266,0.427,0.4274,0.4278,0.4282,0.4287,0.4291,0.4295,0.4299,0.4303,0.4308,0.4312,0.4316,0.432,0.4325,0.4329,0.4333,0.4337,0.4342,0.4346,0.435,0.4355,0.4359,0.4363,0.4368,0.4372,0.4376,0.4381,0.4385,0.439,0.4394,0.4398,0.4403,0.4407,0.4412,0.4416,0.4421,0.4425,0.4429,0.4434,0.4438,0.4443,0.4447,0.4452,0.4456,0.4461,0.4466,0.447,0.4475,0.4479,0.4484,0.4488,0.4493,0.4498,0.4502,0.4507,0.4512,0.4516,0.4521,0.4525,0.453,0.4535,0.4539,0.4544,0.4549,0.4553,0.4558,0.4563,0.4567,0.4572,0.4577,0.4581,0.4586,0.4591,0.4595,0.46,0.4605,0.4609,0.4614,0.4619,0.4624,0.4629,0.4633,0.4638,0.4643,0.4648,0.4653,0.4657,0.4662,0.4667,0.4672,0.4677,0.4682,0.4687,0.4692,0.4696,0.4701,0.4706,0.4711,0.4716,0.4721,0.4726,0.4731,0.4736,0.4741,0.4746,0.4751,0.4756,0.4761,0.4766,0.4771,0.4777,0.4782,0.4787,0.4792,0.4798,0.4803,0.4808,0.4814,0.4819,0.4825,0.483,0.4836,0.4841,0.4847,0.4852,0.4858,0.4863,0.4868,0.4873,0.4879,0.4884,0.4889,0.4894,0.49,0.4905,0.491,0.4916,0.4921,0.4926,0.4932,0.4937,0.4943,0.4948,0.4953,0.4959,0.4964,0.497,0.4975,0.4981,0.4986,0.4992,0.4997,0.5003,0.5007,0.5012,0.5016,0.502,0.5024,0.5029,0.5033,0.5037,0.5041,0.5045,0.5049,0.5052,0.5056,0.506,0.5064,0.5068,0.5072,0.5076,0.508,0.5083,0.5087,0.5091,0.5095,0.5099,0.5103,0.5107,0.5111,0.5115,0.5119,0.5123,0.5127,0.5131,0.5135,0.5139,0.5143,0.5147,0.5151,0.5155,0.5159,0.5163,0.5167,0.5171,0.5175,0.5179,0.5183,0.5187,0.5191,0.5195,0.5199,0.5203,0.5208,0.5212,0.5216,0.522,0.5224,0.5228,0.5232,0.5236,0.524,0.5244,0.5248,0.5252,0.5256,0.526
0.4109,0.4112,0.4116,0.4119,0.4122,0.4125,0.4128,0.4131,0.4134,0.4137,0.4141,0.4144,0.4147,0.415,0.4153,0.4156,0.416,0.4163,0.4166,0.4169,0.4172,0.4176,0.4178,0.418,0.4182,0.4184,0.4187,0.4189,0.4192,0.4196,0.42,0.4204,0.4211,0.4219,0.4228,0.4237,0.4245,0.4254,0.4261,0.4265,0.4269,0.4274,0.4278,0.4282,0.4286,0.429,0.4295,0.4299,0.4303,0.4307,0.4311,0.4316,0.432,0.4324,0.4328,0.4333,0.4337,0.4341,0.4346,0.435,0.4354,0.4359,0.4363,0.4367,0.4372,0.4376,0.438,0.4385,0.4389,0.4394,0.4398,0.4402,0.4407,0.4411,0.4416,0.442,0.4425,0.4429,0.4434,0.4438,0.4443,0.4447,0.4452,0.4456,0.4461,0.4465,0.447,0.4474,0.4479,0.4483,0.4488,0.4493,0.4497,0.4502,0.4506,0.4511,0.4516,0.452,0.4525,0.453,0.4534,0.4539,0.4544,0.4548,0.4553,0.4558,0.4562,0.4567,0.4571,0.4576,0.4581,0.4585,0.459,0.4595,0.46,0.4604,0.4609,0.4614,0.4619,0.4623,0.4628,0.4633,0.4638,0.4643,0.4647,0.4652,0.4657,0.4662,0.4667,0.4672,0.4676,0.4681,0.4686,0.4691,0.4696,0.4701,0.4706,0.4711,0.4716,0.4721,0.4726,0.4731,0.4736,0.4741,0.4746,0.4751,0.4756,0.4761,0.4766,0.4772,0.4777,0.4782,0.4788,0.4793,0.4799,0.4804,0.4809,0.4815,0.482,0.4826,0.4831,0.4837,0.4842,0.4847,0.4852,0.4857,0.4863,0.4868,0.4873,0.4878,0.4884,0.4889,0.4894,0.4899,0.4905,0.491,0.4915,0.4921,0.4926,0.4931,0.4937,0.4942,0.4948,0.4953,0.4959,0.4964,0.4969,0.4975,0.498,0.4986,0.4991,0.4997,0.5001,0.5005,0.5009,0.5014,0.5018,0.5022,0.5026,0.5031,0.5035,0.5038,0.5042,0.5046,0.505,0.5054,0.5058,0.5062,0.5065,0.5069,0.5073,0.5077,0.5081,0.5085,0.5089,0.5093,0.5097,0.5101,0.5105,0.5109,0.5112,0.5116,0.512,0.5124,0.5128,0.5132,0.5136,0.514,0.5144,0.5148,0.5152,0.5156,0.516,0.5164,0.5168,0.5172,0.5177,0.5181,0.5185,0.5189,0.5193,0.5197,0.5201,0.5205,0.5209,0.5213,0.5217,0.5221,0.5225,0.5229,0.5233,0.5237,0.5242,0.5246,0.525,0.5254
0.4104,0.4108,0.4111,0.4114,0.4117,0.412,0.4123,0.4126,0.4129,0.4132,0.4136,0.4139,0.4142,0.4145,0.4148,0.4151,0.4155,0.4158,0.4161,0.4164,0.4167,0.4171,0.4174,0.4177,0.418,0.4182,0.4184,0.4186,0.4189,0.4193,0.4197,0.4201,0.4206,0.4214,0.4223,0.4231,0.424,0.4249,0.4257,0.4261,0.4265,0.4269,0.4273,0.4277,0.4282,0.4286,0.429,0.4294,0.4298,0.4303,0.4307,0.4311,0.4315,0.432,0.4324,0.4328,0.4332,0.4337,0.4341,0.4345,0.435,0.4354,0.4358,0.4363,0.4367,0.4371,0.4376,0.438,0.4384,0.4389,0.4393,0.4398,0.4402,0.4406,0.4411,0.4415,0.442,0.4424,0.4429,0.4433,0.4438,0.4442,0.4447,0.4451,0.4456,0.446,0.4465,0.4469,0.4474,0.4478,0.4483,0.4488,0.4492,0.4497,0.4501,0.4506,0.4511,0.4515,0.452,0.4525,0.4529,0.4534,0.4539,0.4543,0.4548,0.4552,0.4557,0.4562,0.4566,0.4571,0.4576,0.458,0.4585,0.459,0.4594,0.4599,0.4604,0.4609,0.4613,0.4618,0.4623,0.4628,0.4632,0.4637,0.4642,0.4647,0.4652,0.4657,0.4661,0.4666,0.4671,0.4676,0.4681,0.4686,0.4691,0.4696,0.4701,0.4705,0.471,0.4715,0.472,0.4725,0.473,0.4735,0.474,0.4746,0.4751,0.4756,0.4762,0.4767,0.4772,0.4778,0.4783,0.4789,0.4794,0.48,0.4805,0.481,0.4816,0.4821,0.4826,0.4831,0.4836,0.4841,0.4847,0.4852,0.4857,0.4862,0.4867,0.4873,0.4878,0.4883,0.4888,0.4894,0.4899,0.4904,0.491,0.4915,0.492,0.4926,0.4931,0.4937,0.4942,0.4947,0.4953,0.4958,0.4964,0.4969,0.4975,0.498,0.4986,0.4991,0.4995,0.4999,0.5003,0.5007,0.5012,0.5016,0.502,0.5024,0.5028,0.5032,0.5036,0.504,0.5044,0.5048,0.5051,0.5055,0.5059,0.5063,0.5067,0.5071,0.5075,0.5079,0.5083,0.5086,0.509,0.5094,0.5098,0.5102,0.5106,0.511,0.5114,0.5118,0.5122,0.5126,0.513,0.5134,0.5138,0.5142,0.5146,0.515,0.5154,0.5158,0.5162,0.5166,0.517,0.5174,0.5178,0.5182,0.5186,0.519,0.5194,0.5198,0.5203,0.5207,0.5211,0.5215,0.5219,0.5223,0.5227,0.5231,0.5235,0.5239,0.5243,0.5247
0.4100,0.4103,0.4106,0.4109,0.4112,0.4115,0.4118,0.4121,0.4124,0.4128,0.4131,0.4134,0.4137,0.414,0.4143,0.4146,0.415,0.4153,0.4156,0.4159,0.4162,0.4166,0.4169,0.4172,0.4175,0.4178,0.4181,0.4183,0.4186,0.419,0.4194,0.4198,0.4202,0.4209,0.4218,0.4226,0.4235,0.4244,0.4252,0.4256,0.426,0.4265,0.4269,0.4273,0.4277,0.4281,0.4285,0.429,0.4294,0.4298,0.4302,0.4306,0.4311,0.4315,0.4319,0.4323,0.4328,0.4332,0.4336,0.4341,0.4345,0.4349,0.4353,0.4358,0.4362,0.4366,0.4371,0.4375,0.438,0.4384,0.4388,0.4393,0.4397,0.4402,0.4406,0.441,0.4415,0.4419,0.4424,0.4428,0.4433,0.4437,0.4442,0.4446,0.4451,0.4455,0.446,0.4464,0.4469,0.4473,0.4478,0.4483,0.4487,0.4492,0.4496,0.4501,0.4506,0.451,0.4515,0.4519,0.4524,0.4529,0.4533,0.4538,0.4543,0.4547,0.4552,0.4557,0.4561,0.4566,0.4571,0.4575,0.458,0.4585,0.4589,0.4594,0.4599,0.4604,0.4608,0.4613,0.4618,0.4623,0.4627,0.4632,0.4637,0.4642,0.4646,0.4651,0.4656,0.4661,0.4666,0.4671,0.4676,0.468,0.4685,0.469,0.4695,0.47,0.4705,0.471,0.4715,0.472,0.4726,0.4731,0.4736,0.4741,0.4747,0.4752,0.4757,0.4763,0.4768,0.4773,0.4779,0.4784,0.479,0.4795,0.48,0.4805,0.481,0.4815,0.482,0.4826,0.4831,0.4836,0.4841,0.4846,0.4851,0.4857,0.4862,0.4867,0.4872,0.4878,0.4883,0.4888,0.4893,0.4899,0.4904,0.4909,0.4915,0.492,0.4925,0.4931,0.4936,0.4942,0.4947,0.4952,0.4958,0.4963,0.4969,0.4974,0.498,0.4984,0.4989,0.4993,0.4997,0.5001,0.5005,0.501,0.5014,0.5018,0.5022,0.5026,0.503,0.5034,0.5038,0.5041,0.5045,0.5049,0.5053,0.5057,0.5061,0.5065,0.5068,0.5072,0.5076,0.508,0.5084,0.5088,0.5092,0.5096,0.51,0.5104,0.5108,0.5112,0.5115,0.5119,0.5123,0.5127,0.5131,0.5135,0.5139,0.5143,0.5147,0.5151,0.5155,0.5159,0.5163,0.5167,0.5172,0.5176,0.518,0.5184,0.5188,0.5192,0.5196,0.52,0.5204,0.5208,0.5212,0.5216,0.5221,0.5225,0.5229,0.5233,0.5237,0.5241
0.4095,0.4098,0.4101,0.4104,0.4107,0.411,0.4113,0.4116,0.412,0.4123,0.4126,0.4129,0.4132,0.4135,0.4138,0.4141,0.4145,0.4148,0.4151,0.4154,0.4157,0.416,0.4164,0.4167,0.417,0.4173,0.4176,0.418,0.4183,0.4187,0.4191,0.4195,0.4199,0.4204,0.4213,0.4221,0.423,0.4239,0.4247,0.4252,0.4256,0.426,0.4264,0.4268,0.4272,0.4277,0.4281,0.4285,0.4289,0.4293,0.4298,0.4302,0.4306,0.431,0.4314,0.4319,0.4323,0.4327,0.4332,0.4336,0.434,0.4344,0.4349,0.4353,0.4357,0.4362,0.4366,0.437,0.4375,0.4379,0.4383,0.4388,0.4392,0.4397,0.4401,0.4405,0.441,0.4414,0.4419,0.4423,0.4428,0.4432,0.4437,0.4441,0.4446,0.445,0.4455,0.4459,0.4464,0.4468,0.4473,0.4477,0.4482,0.4487,0.4491,0.4496,0.45,0.4505,0.451,0.4514,0.4519,0.4524,0.4528,0.4533,0.4538,0.4542,0.4547,0.4552,0.4556,0.4561,0.4566,0.457,0.4575,0.458,0.4584,0.4589,0.4594,0.4598,0.4603,0.4608,0.4613,0.4617,0.4622,0.4627,0.4632,0.4636,0.4641,0.4646,0.4651,0.4656,0.4661,0.4665,0.467,0.4675,0.468,0.4685,0.469,0.4695,0.47,0.4706,0.4711,0.4716,0.4721,0.4727,0.4732,0.4737,0.4742,0.4748,0.4753,0.4758,0.4764,0.4769,0.4774,0.4779,0.4784,0.4789,0.4795,0.48,0.4805,0.481,0.4815,0.482,0.4825,0.483,0.4836,0.4841,0.4846,0.4851,0.4856,0.4862,0.4867,0.4872,0.4877,0.4883,0.4888,0.4893,0.4898,0.4904,0.4909,0.4914,0.492,0.4925,0.493,0.4936,0.4941,0.4947,0.4952,0.4958,0.4963,0.4968,0.4974,0.4978,0.4982,0.4986,0.4991,0.4995,0.4999,0.5003,0.5007,0.5012,0.5016,0.502,0.5024,0.5027,0.5031,0.5035,0.5039,0.5043,0.5047,0.5051,0.5054,0.5058,0.5062,0.5066,0.507,0.5074,0.5078,0.5082,0.5086,0.5089,0.5093,0.5097,0.5101,0.5105,0.5109,0.5113,0.5117,0.5121,0.5125,0.5129,0.5133,0.5137,0.5141,0.5145,0.5149,0.5153,0.5157,0.5161,0.5165,0.5169,0.5173,0.5177,0.5181,0.5185,0.5189,0.5193,0.5197,0.5202,0.5206,0.521,0.5214,0.5218,0.5222,0.5226,0.523,0.5235
0.4081,0.4084,0.4087,0.409,0.4093,0.4096,0.4099,0.4102,0.4105,0.4108,0.4111,0.4114,0.4117,0.412,0.4123,0.4126,0.4129,0.4132,0.4135,0.4138,0.4141,0.4144,0.4147,0.415,0.4154,0.4157,0.416,0.4168,0.4178,0.4184,0.4188,0.4192,0.4196,0.42,0.4208,0.4216,0.4225,0.4234,0.4242,0.4247,0.4251,0.4255,0.426,0.4264,0.4268,0.4272,0.4276,0.428,0.4285,0.4289,0.4293,0.4297,0.4301,0.4306,0.431,0.4314,0.4318,0.4323,0.1729,0.1732,0.1735,0.1737,0.1739,0.1741,0.1744,0.1746,0.1748,0.1751,0.1753,0.1755,0.1757,0.176,0.1762,0.1764,0.1767,0.4401,0.4405,0.4409,0.4414,0.4418,0.4423,0.4427,0.4432,0.4436,0.4441,0.4445,0.445,0.4454,0.4459,0.4463,0.4468,0.4472,0.4477,0.4482,0.4486,0.4491,0.4495,0.45,0.4505,0.4509,0.4514,0.4519,0.4523,0.4528,0.4533,0.4537,0.4542,0.4547,0.4551,0.4556,0.4561,0.4565,0.457,0.4575,0.4579,0.4584,0.4589,0.4593,0.4598,0.4603,0.4607,0.4612,0.4617,0.4622,0.4626,0.4631,0.4636,0.4641,0.4646,0.465,0.4655,0.466,0.4665,0.467,0.4675,0.4681,0.4686,0.4691,0.4696,0.4701,0.4707,0.4712,0.4717,0.4722,0.4728,0.4733,0.4738,0.4743,0.4749,0.4754,0.4759,0.4764,0.4769,0.4774,0.4779,0.4784,0.4789,0.4794,0.4799,0.4804,0.4809,0.4815,0.482,0.4825,0.483,0.4835,0.484,0.4846,0.4851,0.4856,0.4861,0.4866,0.4872,0.4877,0.4882,0.4887,0.4893,0.4898,0.4903,0.4909,0.4914,0.4919,0.4925,0.493,0.4936,0.4941,0.4946,0.4952,0.4957,0.4963,0.4968,0.4972,0.4976,0.498,0.4984,0.4989,0.4993,0.4997,0.5001,0.5005,0.501,0.5014,0.5018,0.5021,0.5025,0.5029,0.5033,0.5037,0.504,0.5044,0.5048,0.5052,0.5056,0.506,0.5064,0.5068,0.5071,0.5075,0.5079,0.5083,0.5087,0.5091,0.5095,0.5099,0.5103,0.5107,0.5111,0.5115,0.5119,0.5122,0.5126,0.513,0.5134,0.5138,0.5142,0.5146,0.515,0.5154,0.5158,0.5162,0.5167,0.5171,0.5175,0.5179,0.5183,0.5187,0.5191,0.5195,0.5199,0.5203,0.5207,0.5211,0.5215,0.522,0.5224,0.5228
0.4065,0.4068,0.4071,0.4074,0.4077,0.408,0.4083,0.4086,0.4089,0.4091,0.4094,0.4097,0.41,0.4103,0.4106,0.4109,0.4113,0.4116,0.4119,0.4122,0.4125,0.4128,0.4131,0.4134,0.4137,0.4141,0.4152,0.4164,0.4174,0.418,0.4185,0.4189,0.4193,0.4197,0.4203,0.4211,0.422,0.4228,0.4237,0.4243,0.4247,0.4251,0.4255,0.4259,0.4263,0.4267,0.4272,0.4276,0.428,0.4284,0.4288,0.4293,0.4297,0.4301,0.4305,0.4309,0.4314,0.1725,0.1727,0.1729,0.1732,0.1736,0.1739,0.1741,0.1743,0.1745,0.1748,0.175,0.1752,0.1754,0.1757,0.1759,0.1761,0.1764,0.1766,0.1768,0.44,0.4405,0.4409,0.4413,0.4418,0.4422,0.4427,0.4431,0.4436,0.444,0.4445,0.4449,0.4454,0.4458,0.4463,0.4467,0.4472,0.4477,0.4481,0.4486,0.449,0.4495,0.45,0.4504,0.4509,0.4513,0.4518,0.4523,0.4527,0.4532,0.4537,0.4541,0.4546,0.4551,0.4556,0.456,0.4565,0.4569,0.4574,0.4579,0.4583,0.4588,0.4593,0.4598,0.4602,0.4607,0.4612,0.4617,0.4621,0.4626,0.4631,0.4636,0.464,0.4646,0.4651,0.4656,0.4661,0.4666,0.4671,0.4676,0.4681,0.4687,0.4692,0.4697,0.4702,0.4707,0.4713,0.4718,0.4723,0.4728,0.4734,0.4739,0.4744,0.4749,0.4754,0.4759,0.4764,0.4769,0.4774,0.4779,0.4784,0.4789,0.4794,0.4799,0.4804,0.4809,0.4814,0.4819,0.4825,0.483,0.4835,0.484,0.4845,0.485,0.4856,0.4861,0.4866,0.4871,0.4877,0.4882,0.4887,0.4892,0.4898,0.4903,0.4908,0.4914,0.4919,0.4924,0.493,0.4935,0.4941,0.4946,0.4951,0.4957,0.4962,0.4966,0.497,0.4974,0.4978,0.4982,0.4987,0.4991,0.4995,0.4999,0.5003,0.5007,0.5011,0.5015,0.5019,0.5023,0.5027,0.503,0.5034,0.5038,0.5042,0.5046,0.505,0.5053,0.5057,0.5061,0.5065,0.5069,0.5073,0.5077,0.5081,0.5085,0.5088,0.5092,0.5096,0.51,0.5104,0.5108,0.5112,0.5116,0.512,0.5124,0.5128,0.5132,0.5136,0.514,0.5144,0.5148,0.5152,0.5156,0.516,0.5164,0.5168,0.5172,0.5176,0.518,0.5184,0.5188,0.5192,0.5196,0.5201,0.5205,0.5209,0.5213,0.5217,0.5221
0.4057,0.4057,0.4057,0.4058,0.406,0.4063,0.4066,0.4069,0.4072,0.4075,0.4078,0.4081,0.4084,0.4087,0.409,0.4093,0.4096,0.4099,0.4102,0.4105,0.4108,0.4111,0.4114,0.4117,0.4126,0.4137,0.4148,0.416,0.4169,0.4176,0.4182,0.4186,0.419,0.4194,0.4198,0.4206,0.4215,0.4223,0.4232,0.4238,0.4242,0.4246,0.425,0.4255,0.4259,0.4263,0.4267,0.4271,0.4275,0.428,0.4284,0.4288,0.4292,0.4296,0.4301,0.1715,0.172,0.1724,0.1724,0.1725,0.1729,0.1732,0.1736,0.1739,0.1742,0.1745,0.1747,0.1749,0.1752,0.1754,0.1756,0.1758,0.1761,0.1763,0.1765,0.1768,0.177,0.44,0.4404,0.4409,0.4413,0.4418,0.4422,0.4426,0.4431,0.4435,0.444,0.4444,0.4449,0.4453,0.4458,0.4462,0.4467,0.4472,0.4476,0.4481,0.4485,0.449,0.4494,0.4499,0.4504,0.4508,0.4513,0.4518,0.4522,0.4527,0.4532,0.4536,0.4541,0.4546,0.455,0.4555,0.456,0.4564,0.4569,0.4574,0.4578,0.4583,0.4588,0.4592,0.4597,0.4602,0.4607,0.4611,0.4616,0.4621,0.4626,0.4631,0.4636,0.4641,0.4647,0.4652,0.4657,0.4662,0.4667,0.4672,0.4677,0.4682,0.4688,0.4693,0.4698,0.4703,0.4708,0.4714,0.4719,0.4723,0.4728,0.4733,0.4738,0.4743,0.4748,0.4753,0.4758,0.4763,0.4768,0.4773,0.4778,0.4783,0.4788,0.4794,0.4799,0.4804,0.4809,0.4814,0.4819,0.4824,0.4829,0.4835,0.484,0.4845,0.485,0.4855,0.4861,0.4866,0.4871,0.4876,0.4882,0.4887,0.4892,0.4897,0.4903,0.4908,0.4913,0.4919,0.4924,0.4929,0.4935,0.494,0.4946,0.4951,0.4955,0.4959,0.4964,0.4968,0.4972,0.4976,0.498,0.4984,0.4989,0.4993,0.4997,0.5001,0.5005,0.5009,0.5013,0.5017,0.502,0.5024,0.5028,0.5032,0.5036,0.504,0.5043,0.5047,0.5051,0.5055,0.5059,0.5063,0.5067,0.507,0.5074,0.5078,0.5082,0.5086,0.509,0.5094,0.5098,0.5102,0.5106,0.511,0.5114,0.5118,0.5122,0.5126,0.5129,0.5133,0.5137,0.5141,0.5145,0.5149,0.5153,0.5157,0.5162,0.5166,0.517,0.5174,0.5178,0.5182,0.5186,0.519,0.5194,0.5198,0.5202,0.5206,0.521,0.5214
0.4059,0.4059,0.4059,0.4059,0.4059,0.4059,0.4059,0.4059,0.4059,0.4059,0.4062,0.4065,0.4068,0.4071,0.4074,0.4077,0.408,0.4083,0.4086,0.4089,0.4092,0.4095,0.4099,0.411,0.4122,0.4133,0.4144,0.4156,0.4165,0.4171,0.4177,0.4183,0.4187,0.4191,0.4195,0.4201,0.421,0.4218,0.4227,0.4234,0.4238,0.4242,0.4246,0.425,0.4254,0.4258,0.4262,0.4267,0.4271,0.4275,0.4279,0.4283,0.4287,0.4292,0.171,0.1715,0.172,0.1722,0.1722,0.1722,0.1725,0.1729,0.1732,0.1736,0.1739,0.1743,0.1746,0.1749,0.1751,0.1753,0.1755,0.1758,0.176,0.1762,0.1765,0.1767,0.1769,0.1772,0.4399,0.4404,0.4408,0.4413,0.4417,0.4422,0.4426,0.443,0.4435,0.4439,0.4444,0.4448,0.4453,0.4457,0.4462,0.4467,0.4471,0.4476,0.448,0.4485,0.4489,0.4494,0.4499,0.4503,0.4508,0.4513,0.4517,0.4522,0.4527,0.4531,0.4536,0.4541,0.4545,0.455,0.4555,0.4559,0.4564,0.4569,0.4573,0.4578,0.4583,0.4587,0.4592,0.4597,0.4602,0.4607,0.4612,0.4617,0.4622,0.4627,0.4632,0.4637,0.4642,0.4647,0.4653,0.4658,0.4663,0.4668,0.4673,0.4678,0.4683,0.4689,0.4694,0.4699,0.4703,0.4708,0.4713,0.4718,0.4723,0.4728,0.4733,0.4738,0.4743,0.4748,0.4753,0.4758,0.4763,0.4768,0.4773,0.4778,0.4783,0.4788,0.4793,0.4798,0.4803,0.4809,0.4814,0.4819,0.4824,0.4829,0.4834,0.4839,0.4845,0.485,0.4855,0.486,0.4865,0.4871,0.4876,0.4881,0.4887,0.4892,0.4897,0.4902,0.4908,0.4913,0.4918,0.4924,0.4929,0.4935,0.494,0.4945,0.4949,0.4953,0.4957,0.4962,0.4966,0.497,0.4974,0.4978,0.4982,0.4987,0.4991,0.4995,0.4999,0.5003,0.5007,0.501,0.5014,0.5018,0.5022,0.5026,0.503,0.5033,0.5037,0.5041,0.5045,0.5049,0.5053,0.5056,0.506,0.5064,0.5068,0.5072,0.5076,0.508,0.5084,0.5088,0.5091,0.5095,0.5099,0.5103,0.5107,0.5111,0.5115,0.5119,0.5123,0.5127,0.5131,0.5135,0.5139,0.5143,0.5147,0.5151,0.5155,0.5159,0.5163,0.5167,0.5171,0.5175,0.5179,0.5183,0.5187,0.5191,0.5196,0.52,0.5204,0.5208
0.4060,0.406,0.406,0.406,0.406,0.406,0.406,0.406,0.406,0.406,0.406,0.406,0.406,0.406,0.406,0.4061,0.4064,0.4067,0.407,0.4073,0.4076,0.4084,0.4095,0.4106,0.4118,0.4129,0.414,0.4152,0.416,0.4167,0.4173,0.4179,0.4184,0.4187,0.4191,0.4196,0.4205,0.4213,0.4222,0.4229,0.4233,0.4237,0.4241,0.4246,0.425,0.4254,0.4258,0.4262,0.4266,0.427,0.4275,0.4279,0.4283,0.1705,0.171,0.1715,0.172,0.172,0.1719,0.1719,0.1722,0.1725,0.1729,0.1732,0.1736,0.174,0.1743,0.1747,0.175,0.1752,0.1755,0.1757,0.1759,0.1762,0.1764,0.1766,0.1769,0.1771,0.1773,0.4399,0.4403,0.4408,0.4412,0.4417,0.4421,0.4426,0.443,0.4434,0.4439,0.4443,0.4448,0.4453,0.4457,0.4462,0.4466,0.4471,0.4475,0.448,0.4484,0.4489,0.4494,0.4498,0.4503,0.4507,0.4512,0.4517,0.4521,0.4526,0.4531,0.4535,0.454,0.4545,0.455,0.4554,0.4559,0.4564,0.4568,0.4573,0.4578,0.4583,0.4588,0.4593,0.4598,0.4603,0.4608,0.4613,0.4618,0.4623,0.4628,0.4633,0.4638,0.4643,0.4648,0.4653,0.4659,0.4664,0.4669,0.4674,0.4679,0.4684,0.4689,0.4693,0.4698,0.4703,0.4708,0.4713,0.4718,0.4723,0.4728,0.4733,0.4738,0.4743,0.4748,0.4753,0.4758,0.4763,0.4768,0.4773,0.4778,0.4783,0.4788,0.4793,0.4798,0.4803,0.4808,0.4813,0.4818,0.4824,0.4829,0.4834,0.4839,0.4844,0.4849,0.4855,0.486,0.4865,0.487,0.4876,0.4881,0.4886,0.4891,0.4897,0.4902,0.4907,0.4913,0.4918,0.4923,0.4929,0.4934,0.4939,0.4943,0.4947,0.4951,0.4955,0.496,0.4964,0.4968,0.4972,0.4976,0.498,0.4984,0.4989,0.4993,0.4997,0.5001,0.5004,0.5008,0.5012,0.5016,0.502,0.5023,0.5027,0.5031,0.5035,0.5039,0.5042,0.5046,0.505,0.5054,0.5058,0.5062,0.5066,0.507,0.5073,0.5077,0.5081,0.5085,0.5089,0.5093,0.5097,0.5101,0.5105,0.5109,0.5113,0.5117,0.5121,0.5125,0.5129,0.5133,0.5137,0.5141,0.5145,0.5149,0.5153,0.5157,0.5161,0.5165,0.5169,0.5173,0.5177,0.5181,0.5185,0.5189,0.5193,0.5197,0.5201
0.4061,0.4061,0.4061,0.4061,0.4061,0.4061,0.4061,0.4061,0.4061,0.4061,0.4061,0.4061,0.4061,0.4061,0.4061,0.4061,0.4061,0.4061,0.4061,0.4061,0.4069,0.408,0.4091,0.4103,0.4114,0.4125,0.4136,0.4148,0.4156,0.4162,0.4168,0.4174,0.418,0.4184,0.4188,0.4192,0.42,0.4208,0.4217,0.4225,0.4229,0.4233,0.4237,0.4241,0.4245,0.4249,0.4253,0.4258,0.4262,0.4266,0.427,0.1695,0.17,0.1705,0.171,0.1716,0.1717,0.1717,0.1717,0.1717,0.1718,0.1722,0.1725,0.1729,0.1732,0.1736,0.174,0.1743,0.1747,0.1751,0.1754,0.1756,0.1759,0.1761,0.1763,0.1766,0.1768,0.177,0.1773,0.1775,0.4398,0.4403,0.4407,0.4412,0.4416,0.4421,0.4425,0.443,0.4434,0.4439,0.4443,0.4448,0.4452,0.4457,0.4461,0.4466,0.447,0.4475,0.4479,0.4484,0.4489,0.4493,0.4498,0.4502,0.4507,0.4512,0.4516,0.4521,0.4526,0.453,0.4535,0.454,0.4544,0.4549,0.4561,0.4559,0.4564,0.4569,0.4574,0.4579,0.4584,0.4589,0.4594,0.4599,0.4604,0.4609,0.4614,0.4619,0.4624,0.4629,0.4634,0.4639,0.4644,0.4649,0.4654,0.4659,0.4664,0.4669,0.4674,0.4679,0.4683,0.4688,0.4693,0.4698,0.4703,0.4708,0.4713,0.4718,0.4723,0.4727,0.4732,0.4737,0.4742,0.4747,0.4752,0.4757,0.4762,0.4767,0.4772,0.4777,0.4782,0.4788,0.4793,0.4798,0.4803,0.4808,0.4813,0.4818,0.4823,0.4828,0.4834,0.4839,0.4844,0.4849,0.4854,0.486,0.4865,0.487,0.4875,0.4881,0.4886,0.4891,0.4896,0.4902,0.4907,0.4912,0.4918,0.4923,0.4928,0.4933,0.4937,0.4941,0.4945,0.4949,0.4953,0.4958,0.4962,0.4966,0.497,0.4974,0.4978,0.4982,0.4987,0.4991,0.4994,0.4998,0.5002,0.5006,0.501,0.5013,0.5017,0.5021,0.5025,0.5029,0.5032,0.5036,0.504,0.5044,0.5048,0.5052,0.5056,0.5059,0.5063,0.5067,0.5071,0.5075,0.5079,0.5083,0.5087,0.5091,0.5094,0.5098,0.5102,0.5106,0.511,0.5114,0.5118,0.5122,0.5126,0.513,0.5134,0.5138,0.5142,0.5146,0.515,0.5154,0.5158,0.5162,0.5166,0.517,0.5174,0.5178,0.5182,0.5186,0.519,0.5195
0.4062,0.4062,0.4062,0.4062,0.4062,0.4062,0.4062,0.4062,0.4062,0.4062,0.4062,0.4062,0.4062,0.4062,0.4063,0.4063,0.4063,0.4063,0.4063,0.4061,0.4068,0.4076,0.4088,0.4099,0.411,0.4121,0.4132,0.4144,0.4151,0.4158,0.4164,0.417,0.4176,0.4181,0.4185,0.4189,0.4195,0.4203,0.4212,0.422,0.4224,0.4228,0.4232,0.4237,0.4241,0.4245,0.4249,0.4253,0.4257,0.4261,0.169,0.1695,0.17,0.1705,0.171,0.1715,0.1715,0.1715,0.1715,0.1714,0.1715,0.1718,0.1722,0.1725,0.1729,0.1732,0.1736,0.174,0.1743,0.1747,0.1751,0.1754,0.1758,0.176,0.1763,0.1765,0.1767,0.177,0.1772,0.1774,0.1777,0.4398,0.4402,0.4407,0.4411,0.4416,0.442,0.4425,0.4429,0.4434,0.4438,0.4443,0.4447,0.4452,0.4456,0.4461,0.4465,0.447,0.4474,0.4479,0.4483,0.4488,0.4493,0.4497,0.4502,0.4507,0.4511,0.4516,0.452,0.4525,0.4529,0.4534,0.4539,0.4551,0.4577,0.4569,0.456,0.4565,0.457,0.4575,0.458,0.4585,0.459,0.4595,0.46,0.4605,0.461,0.4615,0.462,0.4625,0.463,0.4635,0.464,0.4645,0.4649,0.4654,0.4659,0.4664,0.4669,0.4673,0.4678,0.4683,0.4688,0.4693,0.4698,0.4703,0.4707,0.4712,0.4717,0.4722,0.4727,0.4732,0.4737,0.4742,0.4747,0.4752,0.4757,0.4762,0.4767,0.4772,0.4777,0.4782,0.4787,0.4792,0.4797,0.4802,0.4808,0.4813,0.4818,0.4823,0.4828,0.4833,0.4838,0.4844,0.4849,0.4854,0.4859,0.4865,0.487,0.4875,0.488,0.4886,0.4891,0.4896,0.4901,0.4907,0.4912,0.4917,0.4923,0.4927,0.4931,0.4935,0.4939,0.4943,0.4947,0.4951,0.4955,0.496,0.4964,0.4968,0.4972,0.4976,0.498,0.4985,0.4988,0.4992,0.4996,0.5,0.5003,0.5007,0.5011,0.5015,0.5019,0.5022,0.5026,0.503,0.5034,0.5038,0.5042,0.5045,0.5049,0.5053,0.5057,0.5061,0.5065,0.5069,0.5073,0.5076,0.508,0.5084,0.5088,0.5092,0.5096,0.51,0.5104,0.5108,0.5112,0.5116,0.512,0.5124,0.5128,0.5132,0.5136,0.514,0.5144,0.5148,0.5152,0.5156,0.516,0.5164,0.5168,0.5172,0.5176,0.518,0.5184,0.5188
0.4063,0.4063,0.4063,0.4063,0.4063,0.4063,0.4063,0.4063,0.4063,0.4064,0.4064,0.4064,0.4064,0.4064,0.4064,0.4064,0.4064,0.4064,0.4063,0.4061,0.4067,0.4075,0.4084,0.4095,0.4106,0.4117,0.4128,0.414,0.4147,0.4153,0.4159,0.4165,0.4171,0.4177,0.4182,0.4186,0.419,0.4198,0.4207,0.4215,0.422,0.4224,0.4228,0.4232,0.4236,0.424,0.4244,0.4248,0.4253,0.1685,0.169,0.1695,0.17,0.1705,0.1711,0.1713,0.1713,0.1712,0.1712,0.1712,0.1712,0.1715,0.1718,0.1722,0.1725,0.1729,0.1732,0.1736,0.174,0.1743,0.1747,0.1751,0.1754,0.1758,0.1762,0.1764,0.1767,0.1769,0.1771,0.1774,0.1776,0.1778,0.4398,0.4402,0.4406,0.4411,0.4415,0.442,0.4424,0.4429,0.4433,0.4438,0.4442,0.4447,0.4451,0.4456,0.446,0.4465,0.4469,0.4474,0.4478,0.4483,0.4487,0.4492,0.4496,0.4501,0.4505,0.451,0.4515,0.4519,0.4524,0.4528,0.4541,0.4566,0.4592,0.4585,0.4571,0.4561,0.4566,0.4571,0.4576,0.4581,0.4586,0.4591,0.4596,0.4601,0.4606,0.4611,0.4616,0.4621,0.4625,0.463,0.4635,0.464,0.4644,0.4649,0.4654,0.4659,0.4663,0.4668,0.4673,0.4678,0.4683,0.4688,0.4693,0.4697,0.4702,0.4707,0.4712,0.4717,0.4722,0.4727,0.4732,0.4737,0.4742,0.4747,0.4752,0.4757,0.4762,0.4767,0.4772,0.4777,0.4782,0.4787,0.4792,0.4797,0.4802,0.4807,0.4812,0.4818,0.4823,0.4828,0.4833,0.4838,0.4843,0.4849,0.4854,0.4859,0.4864,0.4869,0.4875,0.488,0.4885,0.489,0.4896,0.4901,0.4906,0.4912,0.4917,0.4921,0.4925,0.4929,0.4933,0.4937,0.4941,0.4945,0.4949,0.4953,0.4958,0.4962,0.4966,0.497,0.4974,0.4978,0.4982,0.4986,0.499,0.4994,0.4997,0.5001,0.5005,0.5009,0.5012,0.5016,0.502,0.5024,0.5028,0.5032,0.5035,0.5039,0.5043,0.5047,0.5051,0.5055,0.5058,0.5062,0.5066,0.507,0.5074,0.5078,0.5082,0.5086,0.509,0.5094,0.5097,0.5101,0.5105,0.5109,0.5113,0.5117,0.5121,0.5125,0.5129,0.5133,0.5137,0.5141,0.5145,0.5149,0.5153,0.5157,0.5161,0.5165,0.5169,0.5173,0.5177,0.5181
0.4064,0.4064,0.4064,0.4064,0.4064,0.4065,0.4065,0.4065,0.4065,0.4065,0.4065,0.4065,0.4065,0.4065,0.4065,0.4065,0.4065,0.4064,0.4062,0.4061,0.4067,0.4075,0.4083,0.4091,0.4102,0.4113,0.4124,0.4136,0.4143,0.4149,0.4155,0.4161,0.4167,0.4173,0.4179,0.4183,0.4187,0.4193,0.4202,0.421,0.4215,0.4219,0.4224,0.4228,0.4232,0.4236,0.424,0.4244,0.168,0.1685,0.169,0.1695,0.17,0.1706,0.1711,0.171,0.171,0.171,0.171,0.171,0.1709,0.1711,0.1715,0.1718,0.1722,0.1725,0.1729,0.1733,0.1736,0.174,0.1743,0.1747,0.1751,0.1754,0.1758,0.1762,0.1766,0.1768,0.1771,0.1773,0.1775,0.1778,0.178,0.4397,0.4402,0.4406,0.441,0.4415,0.4419,0.4424,0.4428,0.4433,0.4437,0.4442,0.4446,0.4451,0.4455,0.4459,0.4464,0.4468,0.4473,0.4477,0.4482,0.4486,0.4491,0.4495,0.45,0.4504,0.4509,0.4513,0.4518,0.453,0.4556,0.4581,0.4607,0.46,0.4586,0.4572,0.4562,0.4567,0.4572,0.4577,0.4582,0.4587,0.4592,0.4597,0.4601,0.4606,0.4611,0.4616,0.462,0.4625,0.463,0.4634,0.4639,0.4644,0.4649,0.4654,0.4658,0.4663,0.4668,0.4673,0.4678,0.4682,0.4687,0.4692,0.4697,0.4702,0.4707,0.4712,0.4717,0.4722,0.4727,0.4731,0.4736,0.4741,0.4746,0.4751,0.4756,0.4761,0.4766,0.4771,0.4776,0.4782,0.4787,0.4792,0.4797,0.4802,0.4807,0.4812,0.4817,0.4822,0.4827,0.4833,0.4838,0.4843,0.4848,0.4853,0.4859,0.4864,0.4869,0.4874,0.488,0.4885,0.489,0.4895,0.4901,0.4906,0.4911,0.4915,0.4919,0.4923,0.4927,0.4931,0.4935,0.4939,0.4943,0.4947,0.4951,0.4955,0.496,0.4964,0.4968,0.4972,0.4976,0.498,0.4984,0.4987,0.4991,0.4995,0.4999,0.5002,0.5006,0.501,0.5014,0.5018,0.5021,0.5025,0.5029,0.5033,0.5037,0.5041,0.5044,0.5048,0.5052,0.5056,0.506,0.5064,0.5068,0.5072,0.5075,0.5079,0.5083,0.5087,0.5091,0.5095,0.5099,0.5103,0.5107,0.5111,0.5115,0.5119,0.5123,0.5127,0.5131,0.5135,0.5139,0.5143,0.5147,0.5151,0.5155,0.5159,0.5163,0.5167,0.5171,0.5175
0.4066,0.4066,0.4066,0.4066,0.4066,0.4066,0.4066,0.4066,0.4066,0.4066,0.4066,0.4066,0.4066,0.4066,0.4066,0.4066,0.4065,0.4064,0.4062,0.4061,0.4067,0.4075,0.4083,0.4091,0.4099,0.4109,0.412,0.4132,0.4138,0.4144,0.415,0.4156,0.4162,0.4168,0.4174,0.418,0.4184,0.4188,0.4197,0.4205,0.4211,0.4215,0.4219,0.4223,0.4227,0.4231,0.167,0.1675,0.168,0.1685,0.169,0.1695,0.1701,0.1706,0.1708,0.1708,0.1708,0.1708,0.1707,0.1707,0.1707,0.1708,0.1711,0.1715,0.1718,0.1722,0.1725,0.1729,0.1733,0.1736,0.174,0.1743,0.1747,0.1751,0.1754,0.1758,0.1762,0.1766,0.1769,0.1772,0.1775,0.1777,0.1779,0.1782,0.4397,0.4401,0.4406,0.441,0.4414,0.4419,0.4423,0.4428,0.4432,0.4436,0.4441,0.4445,0.445,0.4454,0.4458,0.4463,0.4467,0.4472,0.4476,0.4481,0.4485,0.449,0.4494,0.4499,0.4503,0.4508,0.452,0.4545,0.4571,0.4596,0.4622,0.4616,0.4602,0.4588,0.4574,0.4563,0.4568,0.4573,0.4578,0.4583,0.4587,0.4592,0.4596,0.4601,0.4606,0.4611,0.4615,0.462,0.4625,0.4629,0.4634,0.4639,0.4644,0.4648,0.4653,0.4658,0.4663,0.4668,0.4673,0.4677,0.4682,0.4687,0.4692,0.4697,0.4702,0.4707,0.4711,0.4716,0.4721,0.4726,0.4731,0.4736,0.4741,0.4746,0.4751,0.4756,0.4761,0.4766,0.4771,0.4776,0.4781,0.4786,0.4791,0.4796,0.4802,0.4807,0.4812,0.4817,0.4822,0.4827,0.4832,0.4838,0.4843,0.4848,0.4853,0.4858,0.4864,0.4869,0.4874,0.4879,0.4885,0.489,0.4895,0.49,0.4904,0.4909,0.4913,0.4917,0.4921,0.4925,0.4929,0.4933,0.4937,0.4941,0.4945,0.4949,0.4953,0.4958,0.4962,0.4966,0.497,0.4974,0.4978,0.4981,0.4985,0.4989,0.4993,0.4996,0.5,0.5004,0.5008,0.5012,0.5015,0.5019,0.5023,0.5027,0.5031,0.5034,0.5038,0.5042,0.5046,0.505,0.5054,0.5058,0.5061,0.5065,0.5069,0.5073,0.5077,0.5081,0.5085,0.5089,0.5093,0.5097,0.51,0.5104,0.5108,0.5112,0.5116,0.512,0.5124,0.5128,0.5132,0.5136,0.514,0.5144,0.5148,0.5152,0.5156,0.516,0.5164,0.5168
0.4067,0.4067,0.4067,0.4067,0.4067,0.4067,0.4067,0.4067,0.4067,0.4067,0.4067,0.4067,0.4067,0.4067,0.4067,0.4066,0.4065,0.4064,0.4062,0.4061,0.4067,0.4075,0.4083,0.4091,0.4099,0.4107,0.4117,0.4128,0.4134,0.414,0.4146,0.4152,0.4158,0.4164,0.417,0.4176,0.4181,0.4185,0.4192,0.42,0.4207,0.4211,0.4215,0.4219,0.4223,0.1666,0.1671,0.1675,0.168,0.1685,0.1691,0.1696,0.1701,0.1706,0.1706,0.1706,0.1705,0.1705,0.1705,0.1705,0.1705,0.1704,0.1708,0.1711,0.1715,0.1718,0.1722,0.1726,0.1729,0.1733,0.1736,0.174,0.1744,0.1747,0.1751,0.1755,0.1758,0.1762,0.1766,0.1769,0.1773,0.1776,0.1779,0.1781,0.1784,0.4396,0.44,0.4405,0.4409,0.4413,0.4418,0.4422,0.4426,0.4431,0.4435,0.444,0.4444,0.4448,0.4453,0.4457,0.4462,0.4466,0.4471,0.4475,0.448,0.4484,0.4489,0.4493,0.4498,0.451,0.4535,0.456,0.4586,0.4612,0.4638,0.4631,0.4617,0.4603,0.4589,0.4575,0.4564,0.4568,0.4573,0.4578,0.4582,0.4587,0.4592,0.4596,0.4601,0.4606,0.461,0.4615,0.462,0.4624,0.4629,0.4634,0.4639,0.4643,0.4648,0.4653,0.4658,0.4663,0.4667,0.4672,0.4677,0.4682,0.4687,0.4692,0.4696,0.4701,0.4706,0.4711,0.4716,0.4721,0.4726,0.4731,0.4736,0.4741,0.4746,0.4751,0.4756,0.4761,0.4766,0.4771,0.4776,0.4781,0.4786,0.4791,0.4796,0.4801,0.4806,0.4811,0.4817,0.4822,0.4827,0.4832,0.4837,0.4842,0.4848,0.4853,0.4858,0.4863,0.4868,0.4874,0.4879,0.4884,0.4889,0.4894,0.4898,0.4902,0.4906,0.4911,0.4915,0.4919,0.4923,0.4927,0.4931,0.4935,0.4939,0.4943,0.4947,0.4951,0.4956,0.496,0.4964,0.4968,0.4972,0.4975,0.4979,0.4983,0.4987,0.499,0.4994,0.4998,0.5002,0.5005,0.5009,0.5013,0.5017,0.5021,0.5024,0.5028,0.5032,0.5036,0.504,0.5044,0.5047,0.5051,0.5055,0.5059,0.5063,0.5067,0.5071,0.5075,0.5078,0.5082,0.5086,0.509,0.5094,0.5098,0.5102,0.5106,0.511,0.5114,0.5118,0.5122,0.5126,0.513,0.5134,0.5138,0.5142,0.5146,0.515,0.5154,0.5158,0.5162
0.4068,0.4068,0.4068,0.4068,0.4068,0.4068,0.4068,0.4068,0.4068,0.4068,0.4068,0.4068,0.4068,0.4068,0.4068,0.4066,0.4065,0.4064,0.4062,0.4061,0.4067,0.4075,0.4083,0.4091,0.4099,0.4107,0.4115,0.4123,0.4129,0.4135,0.4141,0.4147,0.4153,0.4159,0.4165,0.4171,0.4178,0.4182,0.4187,0.4195,0.4202,0.4206,0.421,0.4214,0.1661,0.1666,0.1671,0.1676,0.1681,0.1686,0.1691,0.1696,0.1701,0.1704,0.1703,0.1703,0.1703,0.1703,0.1703,0.1702,0.1702,0.1702,0.1704,0.1708,0.1711,0.1715,0.1718,0.1722,0.1726,0.1729,0.1733,0.1736,0.174,0.1744,0.1747,0.1751,0.1755,0.1758,0.1762,0.1766,0.177,0.1773,0.1777,0.178,0.1783,0.1785,0.4395,0.4399,0.4404,0.4408,0.4412,0.4417,0.4421,0.4425,0.443,0.4434,0.4439,0.4443,0.4447,0.4452,0.4456,0.4461,0.4465,0.447,0.4475,0.4479,0.4484,0.4488,0.4493,0.45,0.4518,0.4546,0.4574,0.4603,0.4631,0.4623,0.4606,0.4588,0.4571,0.4554,0.4559,0.4563,0.4568,0.4573,0.4577,0.4582,0.4587,0.4591,0.4596,0.4601,0.4605,0.461,0.4615,0.4619,0.4624,0.4629,0.4634,0.4638,0.4643,0.4648,0.4653,0.4657,0.4662,0.4667,0.4672,0.4677,0.4682,0.4686,0.4691,0.4696,0.4701,0.4706,0.4711,0.4716,0.4721,0.4726,0.4731,0.4736,0.474,0.4745,0.475,0.4755,0.476,0.4765,0.4771,0.4776,0.4781,0.4786,0.4791,0.4796,0.4801,0.4806,0.4811,0.4816,0.4821,0.4827,0.4832,0.4837,0.4842,0.4847,0.4852,0.4858,0.4863,0.4868,0.4873,0.4879,0.4884,0.4888,0.4892,0.4896,0.49,0.4905,0.4909,0.4913,0.4917,0.4921,0.4925,0.4929,0.4933,0.4937,0.4941,0.4945,0.4949,0.4954,0.4958,0.4962,0.4965,0.4969,0.4973,0.4977,0.498,0.4984,0.4988,0.4992,0.4995,0.4999,0.5003,0.5007,0.5011,0.5014,0.5018,0.5022,0.5026,0.503,0.5034,0.5037,0.5041,0.5045,0.5049,0.5053,0.5057,0.5061,0.5064,0.5068,0.5072,0.5076,0.508,0.5084,0.5088,0.5092,0.5096,0.51,0.5103,0.5107,0.5111,0.5115,0.5119,0.5123,0.5127,0.5131,0.5135,0.5139,0.5143,0.5147,0.5151,0.5155
0.4066,0.4069,0.4069,0.4069,0.4069,0.4069,0.4069,0.4069,0.4069,0.4069,0.4069,0.4069,0.4069,0.4069,0.4067,0.4066,0.4065,0.4063,0.4065,0.4073,0.4081,0.4089,0.4097,0.4105,0.4113,0.4117,0.4117,0.4121,0.4126,0.4131,0.4137,0.4143,0.4149,0.4155,0.4161,0.4167,0.4173,0.4179,0.4183,0.419,0.4198,0.4202,0.4206,0.1656,0.1661,0.1666,0.1671,0.1676,0.1681,0.1686,0.1691,0.1696,0.1701,0.1701,0.1701,0.1701,0.1701,0.17,0.17,0.17,0.17,0.17,0.1701,0.1704,0.1708,0.1711,0.1715,0.1719,0.1722,0.1726,0.1729,0.1733,0.1736,0.174,0.1744,0.1747,0.1751,0.1755,0.1758,0.1762,0.1766,0.177,0.1773,0.1777,0.1781,0.1785,0.1787,0.4394,0.4398,0.4403,0.4407,0.4411,0.4416,0.442,0.4425,0.4429,0.4434,0.4438,0.4443,0.4447,0.4452,0.4457,0.4461,0.4466,0.447,0.4475,0.4479,0.4484,0.449,0.4496,0.4503,0.452,0.4548,0.4577,0.4605,0.4598,0.4581,0.4564,0.4547,0.4549,0.4554,0.4559,0.4563,0.4568,0.4572,0.4577,0.4582,0.4586,0.4591,0.4596,0.46,0.4605,0.461,0.4614,0.4619,0.4624,0.4629,0.4633,0.4638,0.4643,0.4648,0.4652,0.4657,0.4662,0.4667,0.4672,0.4676,0.4681,0.4686,0.4691,0.4696,0.4701,0.4706,0.4711,0.4715,0.472,0.4725,0.473,0.4735,0.474,0.4745,0.475,0.4755,0.476,0.4765,0.477,0.4775,0.478,0.4785,0.479,0.4795,0.4801,0.4806,0.4811,0.4816,0.4821,0.4826,0.4831,0.4837,0.4842,0.4847,0.4852,0.4857,0.4863,0.4868,0.4873,0.4878,0.4882,0.4886,0.489,0.4894,0.4898,0.4903,0.4907,0.4911,0.4915,0.4919,0.4923,0.4927,0.4931,0.4935,0.4939,0.4943,0.4947,0.4951,0.4956,0.4959,0.4963,0.4967,0.4971,0.4974,0.4978,0.4982,0.4986,0.4989,0.4993,0.4997,0.5001,0.5004,0.5008,0.5012,0.5016,0.502,0.5024,0.5027,0.5031,0.5035,0.5039,0.5043,0.5047,0.505,0.5054,0.5058,0.5062,0.5066,0.507,0.5074,0.5078,0.5081,0.5085,0.5089,0.5093,0.5097,0.5101,0.5105,0.5109,0.5113,0.5117,0.5121,0.5125,0.5129,0.5133,0.5137,0.5141,0.5145,0.5149
0.4063,0.4067,0.407,0.407,0.407,0.407,0.407,0.407,0.407,0.4071,0.4071,0.4071,0.407,0.4069,0.4067,0.4066,0.4066,0.4074,0.4082,0.409,0.4098,0.4106,0.411,0.411,0.4111,0.4112,0.4114,0.4119,0.4124,0.4128,0.4133,0.4138,0.4144,0.415,0.4156,0.4162,0.4169,0.4175,0.418,0.4185,0.4193,0.1647,0.1651,0.1656,0.1661,0.1666,0.1671,0.1676,0.1681,0.1686,0.1691,0.1696,0.1699,0.1699,0.1699,0.1699,0.1698,0.1698,0.1698,0.1698,0.1698,0.1697,0.1698,0.1701,0.1705,0.1708,0.1712,0.1715,0.1719,0.1722,0.1726,0.1729,0.1733,0.1736,0.174,0.1744,0.1747,0.1751,0.1755,0.1758,0.1762,0.1766,0.177,0.1773,0.1777,0.1781,0.1785,0.1789,0.4394,0.4398,0.4403,0.4407,0.4412,0.4416,0.4421,0.4425,0.443,0.4434,0.4439,0.4443,0.4448,0.4452,0.4457,0.4461,0.4466,0.447,0.4475,0.448,0.4487,0.4493,0.4499,0.4506,0.4523,0.4551,0.4579,0.4574,0.4556,0.4539,0.454,0.4545,0.4549,0.4554,0.4558,0.4563,0.4567,0.4572,0.4577,0.4581,0.4586,0.4591,0.4595,0.46,0.4605,0.4609,0.4614,0.4619,0.4624,0.4628,0.4633,0.4638,0.4643,0.4647,0.4652,0.4657,0.4662,0.4666,0.4671,0.4676,0.4681,0.4686,0.4691,0.4696,0.47,0.4705,0.471,0.4715,0.472,0.4725,0.473,0.4735,0.474,0.4745,0.475,0.4755,0.476,0.4765,0.477,0.4775,0.478,0.4785,0.479,0.4795,0.48,0.4805,0.481,0.4816,0.4821,0.4826,0.4831,0.4836,0.4841,0.4847,0.4852,0.4857,0.4862,0.4867,0.4872,0.4876,0.488,0.4884,0.4888,0.4892,0.4896,0.4901,0.4905,0.4909,0.4913,0.4917,0.4921,0.4925,0.4929,0.4933,0.4937,0.4941,0.4945,0.4949,0.4953,0.4957,0.4961,0.4965,0.4968,0.4972,0.4976,0.498,0.4983,0.4987,0.4991,0.4995,0.4998,0.5002,0.5006,0.501,0.5014,0.5017,0.5021,0.5025,0.5029,0.5033,0.5036,0.504,0.5044,0.5048,0.5052,0.5056,0.506,0.5063,0.5067,0.5071,0.5075,0.5079,0.5083,0.5087,0.5091,0.5095,0.5099,0.5103,0.5106,0.511,0.5114,0.5118,0.5122,0.5126,0.513,0.5134,0.5138,0.5142
0.4059,0.4064,0.4068,0.4071,0.4072,0.4072,0.4072,0.4072,0.4072,0.4072,0.4072,0.4071,0.407,0.4069,0.4067,0.4075,0.4083,0.409,0.4098,0.4103,0.4104,0.4104,0.4105,0.4106,0.4107,0.4108,0.4112,0.4117,0.4121,0.4126,0.4131,0.4136,0.4141,0.4146,0.4152,0.4158,0.4164,0.417,0.4176,0.4181,0.1642,0.1647,0.1652,0.1656,0.1661,0.1666,0.1671,0.1676,0.1681,0.1686,0.1691,0.1696,0.1697,0.1697,0.1696,0.1696,0.1696,0.1696,0.1696,0.1695,0.1695,0.1695,0.1695,0.1698,0.1701,0.1705,0.1708,0.1712,0.1715,0.1719,0.1722,0.1726,0.1729,0.1733,0.1737,0.174,0.1744,0.1747,0.1751,0.1755,0.1759,0.1762,0.1766,0.177,0.1774,0.1777,0.1781,0.1785,0.1789,0.1794,0.1805,0.1826,0.1895,0.4412,0.4416,0.4421,0.4425,0.443,0.4434,0.4439,0.4443,0.4448,0.4452,0.4457,0.4462,0.4466,0.4471,0.4477,0.4483,0.449,0.4496,0.4503,0.4509,0.4525,0.4553,0.4549,0.4532,0.4531,0.4535,0.454,0.4544,0.4549,0.4553,0.4558,0.4563,0.4567,0.4572,0.4576,0.4581,0.4586,0.459,0.4595,0.46,0.4604,0.4609,0.4614,0.4619,0.4623,0.4628,0.4633,0.4637,0.4642,0.4647,0.4652,0.4657,0.4661,0.4666,0.4671,0.4676,0.4681,0.4686,0.469,0.4695,0.47,0.4705,0.471,0.4715,0.472,0.4725,0.473,0.4735,0.474,0.4745,0.475,0.4755,0.476,0.4765,0.477,0.4775,0.478,0.4785,0.479,0.4795,0.48,0.4805,0.481,0.4815,0.482,0.4826,0.4831,0.4836,0.4841,0.4846,0.4851,0.4857,0.4862,0.4866,0.487,0.4874,0.4878,0.4882,0.4886,0.489,0.4894,0.4899,0.4903,0.4907,0.4911,0.4915,0.4919,0.4923,0.4927,0.4931,0.4935,0.4939,0.4943,0.4947,0.4951,0.4955,0.4959,0.4962,0.4966,0.497,0.4973,0.4977,0.4981,0.4985,0.4988,0.4992,0.4996,0.5,0.5004,0.5007,0.5011,0.5015,0.5019,0.5023,0.5026,0.503,0.5034,0.5038,0.5042,0.5046,0.5049,0.5053,0.5057,0.5061,0.5065,0.5069,0.5073,0.5077,0.508,0.5084,0.5088,0.5092,0.5096,0.51,0.5104,0.5108,0.5112,0.5116,0.512,0.5124,0.5128,0.5132,0.5136
0.4056,0.406,0.4064,0.4069,0.4073,0.4073,0.4073,0.4073,0.4073,0.4073,0.4073,0.4071,0.407,0.4075,0.4083,0.4091,0.4096,0.4097,0.4098,0.4098,0.4099,0.41,0.4101,0.4101,0.4102,0.4105,0.411,0.4114,0.4119,0.4124,0.4129,0.4134,0.4139,0.4144,0.4149,0.4154,0.416,0.4166,0.4172,0.4178,0.1642,0.1647,0.1652,0.1656,0.1661,0.1666,0.1671,0.1676,0.1681,0.1686,0.1691,0.1695,0.1694,0.1694,0.1694,0.1694,0.1694,0.1693,0.1693,0.1693,0.1693,0.1693,0.1692,0.1694,0.1698,0.1701,0.1705,0.1708,0.1712,0.1715,0.1719,0.1722,0.1726,0.1729,0.1733,0.1737,0.174,0.1744,0.1748,0.1751,0.1755,0.1759,0.1762,0.1766,0.177,0.1774,0.1777,0.1781,0.1785,0.1795,0.1806,0.1817,0.1829,0.1841,0.1852,0.1865,0.1877,0.1889,0.1902,0.1914,0.1927,0.194,0.1953,0.1967,0.198,0.4462,0.4468,0.4474,0.448,0.4487,0.4493,0.4499,0.4506,0.4512,0.4528,0.4525,0.4521,0.4526,0.453,0.4535,0.4539,0.4544,0.4549,0.4553,0.4558,0.4562,0.4567,0.4572,0.4576,0.4581,0.4585,0.459,0.4595,0.4599,0.4604,0.4609,0.4614,0.4618,0.4623,0.4628,0.4632,0.4637,0.4642,0.4647,0.4651,0.4656,0.4661,0.4666,0.4671,0.4676,0.468,0.4685,0.469,0.4695,0.47,0.4705,0.471,0.4715,0.4719,0.4724,0.4729,0.4734,0.4739,0.4744,0.4749,0.4754,0.4759,0.4764,0.4769,0.4774,0.4779,0.4784,0.4789,0.4795,0.48,0.4805,0.481,0.4815,0.482,0.4825,0.483,0.4836,0.4841,0.4846,0.4851,0.4856,0.4861,0.4864,0.4868,0.4872,0.4876,0.488,0.4884,0.4888,0.4892,0.4897,0.4901,0.4905,0.4909,0.4913,0.4917,0.4921,0.4925,0.4929,0.4933,0.4937,0.4941,0.4945,0.4949,0.4953,0.4956,0.496,0.4964,0.4967,0.4971,0.4975,0.4979,0.4982,0.4986,0.499,0.4994,0.4997,0.5001,0.5005,0.5009,0.5013,0.5016,0.502,0.5024,0.5028,0.5032,0.5036,0.5039,0.5043,0.5047,0.5051,0.5055,0.5059,0.5063,0.5066,0.507,0.5074,0.5078,0.5082,0.5086,0.509,0.5094,0.5098,0.5102,0.5106,0.5109,0.5113,0.5117,0.5121,0.5125,0.5129
0.4052,0.4057,0.4061,0.4065,0.407,0.4074,0.4074,0.4074,0.4074,0.4074,0.4072,0.4076,0.4084,0.4089,0.409,0.4091,0.4092,0.4092,0.4093,0.4094,0.4095,0.4095,0.4096,0.4097,0.4098,0.4103,0.4107,0.4112,0.4117,0.4122,0.4127,0.4132,0.4137,0.4142,0.4147,0.4152,0.4157,0.4162,0.4167,0.4173,0.1642,0.1647,0.1652,0.1657,0.1661,0.1666,0.1671,0.1676,0.1681,0.1686,0.1691,0.1692,0.1692,0.1692,0.1692,0.1691,0.1691,0.1691,0.1691,0.1691,0.1691,0.169,0.169,0.1691,0.1694,0.1698,0.1701,0.1705,0.1708,0.1712,0.1715,0.1719,0.1722,0.1726,0.1729,0.1733,0.1737,0.174,0.1744,0.1748,0.1751,0.1755,0.1759,0.1762,0.1766,0.177,0.1774,0.1777,0.1784,0.1795,0.1806,0.1818,0.1829,0.1841,0.1853,0.1865,0.1877,0.189,0.1902,0.1915,0.1928,0.1941,0.1954,0.1967,0.4453,0.4458,0.4464,0.4471,0.4477,0.4483,0.449,0.4496,0.4503,0.4509,0.4515,0.4512,0.4517,0.4521,0.4526,0.453,0.4535,0.4539,0.4544,0.4548,0.4553,0.4557,0.4562,0.4567,0.4571,0.4576,0.4581,0.4585,0.459,0.4594,0.4599,0.4604,0.4609,0.4613,0.4618,0.4623,0.4627,0.4632,0.4637,0.4642,0.4646,0.4651,0.4656,0.4661,0.4666,0.467,0.4675,0.468,0.4685,0.469,0.4695,0.47,0.4704,0.4709,0.4714,0.4719,0.4724,0.4729,0.4734,0.4739,0.4744,0.4749,0.4754,0.4759,0.4764,0.4769,0.4774,0.4779,0.4784,0.4789,0.4794,0.4799,0.4804,0.481,0.4815,0.482,0.4825,0.483,0.4835,0.484,0.4846,0.4851,0.4855,0.4859,0.4863,0.4866,0.487,0.4874,0.4878,0.4882,0.4886,0.489,0.4895,0.4899,0.4903,0.4907,0.4911,0.4915,0.4919,0.4923,0.4927,0.4931,0.4935,0.4939,0.4943,0.4947,0.495,0.4954,0.4958,0.4961,0.4965,0.4969,0.4973,0.4976,0.498,0.4984,0.4988,0.4991,0.4995,0.4999,0.5003,0.5006,0.501,0.5014,0.5018,0.5022,0.5026,0.5029,0.5033,0.5037,0.5041,0.5045,0.5049,0.5052,0.5056,0.506,0.5064,0.5068,0.5072,0.5076,0.508,0.5083,0.5087,0.5091,0.5095,0.5099,0.5103,0.5107,0.5111,0.5115,0.5119,0.5123
0.4049,0.4053,0.4058,0.4062,0.4066,0.4071,0.4075,0.4075,0.4075,0.4077,0.4083,0.4083,0.4084,0.4085,0.4086,0.4086,0.4087,0.4088,0.4089,0.4089,0.409,0.4091,0.4092,0.4093,0.4096,0.41,0.4105,0.411,0.4115,0.412,0.4125,0.413,0.4135,0.414,0.4145,0.415,0.4155,0.416,0.4165,0.1641,0.1642,0.1647,0.1652,0.1657,0.1662,0.1667,0.1671,0.1676,0.1681,0.1686,0.169,0.169,0.169,0.169,0.1689,0.1689,0.1689,0.1689,0.1689,0.1688,0.1688,0.1688,0.1688,0.1688,0.1691,0.1694,0.1698,0.1701,0.1705,0.1708,0.1712,0.1715,0.1719,0.1722,0.1726,0.173,0.1733,0.1737,0.174,0.1744,0.1748,0.1751,0.1755,0.1759,0.1762,0.1766,0.177,0.1774,0.1784,0.1795,0.1807,0.1818,0.183,0.1842,0.1853,0.1865,0.1878,0.189,0.1903,0.1915,0.1928,0.1941,0.1954,0.1965,0.4449,0.4455,0.4461,0.4467,0.4474,0.448,0.4487,0.4493,0.4499,0.4506,0.4503,0.4507,0.4512,0.4516,0.4521,0.4525,0.453,0.4534,0.4539,0.4543,0.4548,0.4553,0.4557,0.4562,0.4566,0.4571,0.4576,0.458,0.4585,0.459,0.4594,0.4599,0.4604,0.4608,0.4613,0.4618,0.4622,0.4627,0.4632,0.4637,0.4641,0.4646,0.4651,0.4656,0.466,0.4665,0.467,0.4675,0.468,0.4685,0.4689,0.4694,0.4699,0.4704,0.4709,0.4714,0.4719,0.4724,0.4729,0.4734,0.4739,0.4744,0.4749,0.4754,0.4759,0.4764,0.4769,0.4774,0.4779,0.4784,0.4789,0.4794,0.4799,0.4804,0.4809,0.4814,0.4819,0.4825,0.483,0.4835,0.484,0.4845,0.4849,0.4853,0.4857,0.4861,0.4865,0.4869,0.4873,0.4876,0.488,0.4885,0.4889,0.4893,0.4897,0.4901,0.4905,0.4909,0.4913,0.4917,0.4921,0.4925,0.4929,0.4933,0.4937,0.4941,0.4944,0.4948,0.4952,0.4955,0.4959,0.4963,0.4967,0.497,0.4974,0.4978,0.4982,0.4985,0.4989,0.4993,0.4997,0.5,0.5004,0.5008,0.5012,0.5016,0.5019,0.5023,0.5027,0.5031,0.5035,0.5038,0.5042,0.5046,0.505,0.5054,0.5058,0.5062,0.5065,0.5069,0.5073,0.5077,0.5081,0.5085,0.5089,0.5093,0.5097,0.5101,0.5105,0.5109,0.5112,0.5116
0.4046,0.405,0.4054,0.4059,0.4063,0.4067,0.4071,0.4076,0.4077,0.4077,0.4078,0.4079,0.408,0.408,0.4081,0.4082,0.4083,0.4083,0.4084,0.4085,0.4086,0.4087,0.4087,0.4089,0.4094,0.4098,0.4103,0.4108,0.4113,0.4118,0.4123,0.4128,0.4133,0.4138,0.4143,0.4148,0.4153,0.4158,0.4163,0.1642,0.1642,0.1647,0.1652,0.1657,0.1662,0.1667,0.1672,0.1677,0.1682,0.1687,0.1688,0.1688,0.1687,0.1687,0.1687,0.1687,0.1687,0.1686,0.1686,0.1686,0.1686,0.1686,0.1685,0.1685,0.1688,0.1691,0.1694,0.1698,0.1701,0.1705,0.1708,0.1712,0.1715,0.1719,0.1722,0.1726,0.173,0.1733,0.1737,0.174,0.1744,0.1748,0.1751,0.1755,0.1759,0.1763,0.1766,0.1774,0.1785,0.1796,0.1807,0.1819,0.183,0.1842,0.1854,0.1866,0.1878,0.1891,0.1903,0.1916,0.1929,0.1941,0.1952,0.1964,0.4445,0.4452,0.4458,0.4464,0.4471,0.4477,0.4483,0.449,0.4496,0.4494,0.4498,0.4503,0.4507,0.4511,0.4516,0.452,0.4525,0.453,0.4534,0.4539,0.4543,0.4548,0.4552,0.4557,0.4561,0.4566,0.4571,0.4575,0.458,0.4585,0.4589,0.4594,0.4599,0.4603,0.4608,0.4613,0.4617,0.4622,0.4627,0.4632,0.4636,0.4641,0.4646,0.4651,0.4655,0.466,0.4665,0.467,0.4675,0.4679,0.4684,0.4689,0.4694,0.4699,0.4704,0.4709,0.4714,0.4719,0.4723,0.4728,0.4733,0.4738,0.4743,0.4748,0.4753,0.4758,0.4763,0.4768,0.4773,0.4778,0.4783,0.4789,0.4794,0.4799,0.4804,0.4809,0.4814,0.4819,0.4824,0.4829,0.4835,0.4839,0.4843,0.4847,0.4851,0.4855,0.4859,0.4863,0.4867,0.4871,0.4875,0.4879,0.4883,0.4887,0.4891,0.4895,0.4899,0.4903,0.4907,0.4911,0.4915,0.4919,0.4923,0.4927,0.4931,0.4935,0.4938,0.4942,0.4946,0.4949,0.4953,0.4957,0.4961,0.4964,0.4968,0.4972,0.4975,0.4979,0.4983,0.4987,0.499,0.4994,0.4998,0.5002,0.5006,0.5009,0.5013,0.5017,0.5021,0.5025,0.5028,0.5032,0.5036,0.504,0.5044,0.5048,0.5051,0.5055,0.5059,0.5063,0.5067,0.5071,0.5075,0.5079,0.5083,0.5086,0.509,0.5094,0.5098,0.5102,0.5106,0.511
0.4042,0.4047,0.4051,0.4055,0.4059,0.4064,0.4068,0.4071,0.4072,0.4073,0.4074,0.4074,0.4075,0.4076,0.4077,0.4077,0.4078,0.4079,0.408,0.4081,0.4081,0.4082,0.4083,0.4087,0.4091,0.4096,0.4101,0.4106,0.4111,0.4116,0.4121,0.4126,0.4131,0.4136,0.4141,0.4146,0.4151,0.4156,0.4161,0.1642,0.1643,0.1647,0.1652,0.1657,0.1662,0.1667,0.1672,0.1677,0.1682,0.1686,0.1685,0.1685,0.1685,0.1685,0.1685,0.1684,0.1684,0.1684,0.1684,0.1684,0.1684,0.1683,0.1683,0.1683,0.1684,0.1688,0.1691,0.1695,0.1698,0.1701,0.1705,0.1708,0.1712,0.1715,0.1719,0.1723,0.1726,0.173,0.1733,0.1737,0.1741,0.1744,0.1748,0.1751,0.1755,0.1759,0.1763,0.1774,0.1785,0.1796,0.1808,0.1819,0.1831,0.1842,0.1854,0.1866,0.1879,0.1891,0.1904,0.1916,0.1928,0.194,0.1951,0.1963,0.4442,0.4449,0.4455,0.4461,0.4467,0.4474,0.448,0.4486,0.4486,0.4489,0.4493,0.4498,0.4502,0.4507,0.4511,0.4516,0.452,0.4525,0.4529,0.4534,0.4538,0.4543,0.4547,0.4552,0.4557,0.4561,0.4566,0.457,0.4575,0.458,0.4584,0.4589,0.4594,0.4598,0.4603,0.4608,0.4612,0.4617,0.4622,0.4627,0.4631,0.4636,0.4641,0.4646,0.465,0.4655,0.466,0.4665,0.467,0.4674,0.4679,0.4684,0.4689,0.4694,0.4699,0.4704,0.4708,0.4713,0.4718,0.4723,0.4728,0.4733,0.4738,0.4743,0.4748,0.4753,0.4758,0.4763,0.4768,0.4773,0.4778,0.4783,0.4788,0.4793,0.4798,0.4803,0.4809,0.4814,0.4819,0.4824,0.4829,0.4833,0.4837,0.4841,0.4845,0.4849,0.4853,0.4857,0.4861,0.4865,0.4869,0.4873,0.4877,0.4881,0.4885,0.4889,0.4893,0.4897,0.4901,0.4905,0.4909,0.4913,0.4917,0.4921,0.4925,0.4929,0.4932,0.4936,0.494,0.4943,0.4947,0.4951,0.4955,0.4958,0.4962,0.4966,0.4969,0.4973,0.4977,0.4981,0.4984,0.4988,0.4992,0.4996,0.4999,0.5003,0.5007,0.5011,0.5015,0.5018,0.5022,0.5026,0.503,0.5034,0.5038,0.5041,0.5045,0.5049,0.5053,0.5057,0.5061,0.5065,0.5068,0.5072,0.5076,0.508,0.5084,0.5088,0.5092,0.5096,0.51,0.5103
0.4039,0.4043,0.4047,0.4052,0.4056,0.406,0.4063,0.4066,0.4068,0.4068,0.4069,0.407,0.4071,0.4072,0.4072,0.4073,0.4074,0.4075,0.4075,0.4076,0.4077,0.4078,0.408,0.4085,0.4089,0.4094,0.4099,0.4104,0.4109,0.4114,0.4119,0.4124,0.4129,0.4134,0.4138,0.4143,0.4148,0.4154,0.416,0.1642,0.1643,0.1647,0.1652,0.1657,0.1662,0.1667,0.1672,0.1677,0.1682,0.1683,0.1683,0.1683,0.1683,0.1683,0.1682,0.1682,0.1682,0.1682,0.1682,0.1681,0.1681,0.1681,0.1681,0.1681,0.1681,0.1684,0.1688,0.1691,0.1695,0.1698,0.1701,0.1705,0.1708,0.1712,0.1715,0.1719,0.1723,0.1726,0.173,0.1733,0.1737,0.1741,0.1744,0.1748,0.1752,0.1755,0.1764,0.1775,0.1786,0.1797,0.1808,0.182,0.1831,0.1843,0.1855,0.1867,0.1879,0.1891,0.1904,0.1916,0.1927,0.1938,0.195,0.1962,0.4439,0.4445,0.4452,0.4458,0.4464,0.4471,0.4477,0.4479,0.448,0.4484,0.4489,0.4493,0.4497,0.4502,0.4506,0.4511,0.4515,0.452,0.4524,0.4529,0.4533,0.4538,0.4543,0.4547,0.4552,0.4556,0.4561,0.4565,0.457,0.4575,0.4579,0.4584,0.4589,0.4593,0.4598,0.4603,0.4607,0.4612,0.4617,0.4621,0.4626,0.4631,0.4636,0.464,0.4645,0.465,0.4655,0.466,0.4664,0.4669,0.4674,0.4679,0.4684,0.4689,0.4693,0.4698,0.4703,0.4708,0.4713,0.4718,0.4723,0.4728,0.4733,0.4738,0.4743,0.4748,0.4753,0.4758,0.4763,0.4768,0.4773,0.4778,0.4783,0.4788,0.4793,0.4798,0.4803,0.4808,0.4813,0.4819,0.4823,0.4827,0.4831,0.4835,0.4839,0.4843,0.4847,0.4851,0.4855,0.4859,0.4863,0.4867,0.4871,0.4875,0.4879,0.4883,0.4887,0.4891,0.4895,0.4899,0.4903,0.4907,0.4911,0.4915,0.4919,0.4923,0.4926,0.493,0.4934,0.4937,0.4941,0.4945,0.4948,0.4952,0.4956,0.496,0.4963,0.4967,0.4971,0.4975,0.4978,0.4982,0.4986,0.499,0.4993,0.4997,0.5001,0.5005,0.5008,0.5012,0.5016,0.502,0.5024,0.5028,0.5031,0.5035,0.5039,0.5043,0.5047,0.5051,0.5054,0.5058,0.5062,0.5066,0.507,0.5074,0.5078,0.5081,0.5085,0.5089,0.5093,0.5097
0.4036,0.404,0.4044,0.4048,0.4052,0.4055,0.4058,0.4061,0.4063,0.4064,0.4065,0.4066,0.4066,0.4067,0.4068,0.4069,0.4069,0.407,0.4071,0.4072,0.4072,0.4073,0.4078,0.4083,0.4087,0.4092,0.4097,0.4102,0.4107,0.4112,0.4117,0.4122,0.4126,0.4131,0.4136,0.4141,0.4147,0.4153,0.1644,0.1642,0.1643,0.1648,0.1652,0.1657,0.1662,0.1667,0.1672,0.1677,0.1681,0.1681,0.1681,0.1681,0.168,0.168,0.168,0.168,0.168,0.1679,0.1679,0.1679,0.1679,0.1679,0.1679,0.1678,0.1678,0.1681,0.1684,0.1688,0.1691,0.1695,0.1698,0.1702,0.1705,0.1709,0.1712,0.1716,0.1719,0.1723,0.1726,0.173,0.1733,0.1737,0.1741,0.1744,0.1748,0.1753,0.1764,0.1775,0.1786,0.1797,0.1809,0.182,0.1832,0.1843,0.1855,0.1867,0.188,0.1892,0.1903,0.1914,0.1926,0.1937,0.1949,0.196,0.4436,0.4442,0.4448,0.4455,0.4461,0.4467,0.4472,0.4471,0.4475,0.4479,0.4484,0.4488,0.4493,0.4497,0.4502,0.4506,0.4511,0.4515,0.452,0.4524,0.4529,0.4533,0.4538,0.4542,0.4547,0.4551,0.4556,0.4561,0.4565,0.457,0.4574,0.4579,0.4584,0.4588,0.4593,0.4598,0.4602,0.4607,0.4612,0.4616,0.4621,0.4626,0.4631,0.4635,0.464,0.4645,0.465,0.4655,0.4659,0.4664,0.4669,0.4674,0.4679,0.4683,0.4688,0.4693,0.4698,0.4703,0.4708,0.4713,0.4718,0.4723,0.4728,0.4732,0.4737,0.4742,0.4747,0.4752,0.4757,0.4762,0.4767,0.4772,0.4777,0.4783,0.4788,0.4793,0.4798,0.4803,0.4808,0.4813,0.4817,0.4821,0.4825,0.4829,0.4833,0.4837,0.4841,0.4845,0.4849,0.4853,0.4857,0.4861,0.4865,0.4869,0.4873,0.4877,0.4881,0.4885,0.4889,0.4893,0.4897,0.4901,0.4905,0.4909,0.4913,0.4917,0.492,0.4924,0.4928,0.4931,0.4935,0.4939,0.4943,0.4946,0.495,0.4954,0.4957,0.4961,0.4965,0.4969,0.4972,0.4976,0.498,0.4983,0.4987,0.4991,0.4995,0.4999,0.5002,0.5006,0.501,0.5014,0.5018,0.5021,0.5025,0.5029,0.5033,0.5037,0.504,0.5044,0.5048,0.5052,0.5056,0.506,0.5064,0.5067,0.5071,0.5075,0.5079,0.5083,0.5087,0.5091
0.4032,0.4036,0.4041,0.4044,0.4047,0.405,0.4053,0.4056,0.4059,0.406,0.406,0.4061,0.4062,0.4063,0.4063,0.4064,0.4065,0.4066,0.4066,0.4067,0.4068,0.4071,0.4076,0.408,0.4085,0.409,0.4095,0.41,0.4105,0.411,0.4115,0.4119,0.4124,0.4129,0.4135,0.4141,0.4147,0.4153,0.1645,0.1643,0.1643,0.1648,0.1653,0.1657,0.1662,0.1667,0.1672,0.1677,0.1679,0.1679,0.1679,0.1678,0.1678,0.1678,0.1678,0.1678,0.1677,0.1677,0.1677,0.1677,0.1677,0.1676,0.1676,0.1676,0.1676,0.1678,0.1681,0.1684,0.1688,0.1691,0.1695,0.1698,0.1702,0.1705,0.1709,0.1712,0.1716,0.1719,0.1723,0.1726,0.173,0.1733,0.1737,0.1741,0.1744,0.1754,0.1765,0.1775,0.1787,0.1798,0.1809,0.182,0.1832,0.1844,0.1856,0.1868,0.188,0.1891,0.1902,0.1913,0.1925,0.1936,0.1947,0.1959,0.4433,0.4439,0.4445,0.4452,0.4458,0.4464,0.4462,0.4466,0.447,0.4475,0.4479,0.4484,0.4488,0.4492,0.4497,0.4501,0.4506,0.451,0.4515,0.4519,0.4524,0.4528,0.4533,0.4537,0.4542,0.4547,0.4551,0.4556,0.456,0.4565,0.457,0.4574,0.4579,0.4583,0.4588,0.4593,0.4597,0.4602,0.4607,0.4611,0.4616,0.4621,0.4626,0.463,0.4635,0.464,0.4645,0.4649,0.4654,0.4659,0.4664,0.4669,0.4673,0.4678,0.4683,0.4688,0.4693,0.4698,0.4703,0.4708,0.4712,0.4717,0.4722,0.4727,0.4732,0.4737,0.4742,0.4747,0.4752,0.4757,0.4762,0.4767,0.4772,0.4777,0.4782,0.4787,0.4792,0.4797,0.4803,0.4808,0.4812,0.4815,0.4819,0.4823,0.4827,0.4831,0.4835,0.4839,0.4843,0.4847,0.4851,0.4855,0.4859,0.4863,0.4867,0.4871,0.4875,0.4879,0.4883,0.4887,0.4891,0.4895,0.4899,0.4903,0.4907,0.4911,0.4915,0.4918,0.4922,0.4925,0.4929,0.4933,0.4937,0.494,0.4944,0.4948,0.4951,0.4955,0.4959,0.4962,0.4966,0.497,0.4974,0.4977,0.4981,0.4985,0.4989,0.4992,0.4996,0.5,0.5004,0.5008,0.5011,0.5015,0.5019,0.5023,0.5027,0.503,0.5034,0.5038,0.5042,0.5046,0.505,0.5053,0.5057,0.5061,0.5065,0.5069,0.5073,0.5077,0.508,0.5084
0.4029,0.4033,0.4036,0.4039,0.4042,0.4045,0.4048,0.4051,0.4054,0.4055,0.4056,0.4057,0.4058,0.4058,0.4059,0.406,0.4061,0.4061,0.4062,0.4063,0.4064,0.4069,0.4074,0.4078,0.4083,0.4088,0.4093,0.4098,0.4103,0.4108,0.4112,0.4117,0.4122,0.4128,0.4134,0.414,0.4146,0.4152,0.1645,0.1643,0.1643,0.1648,0.1653,0.1658,0.1662,0.1667,0.1672,0.1677,0.1677,0.1676,0.1676,0.1676,0.1676,0.1676,0.1675,0.1675,0.1675,0.1675,0.1675,0.1675,0.1674,0.1674,0.1674,0.1674,0.1674,0.1674,0.1678,0.1681,0.1684,0.1688,0.1691,0.1695,0.1698,0.1702,0.1705,0.1709,0.1712,0.1716,0.1719,0.1723,0.1726,0.173,0.1734,0.1737,0.1744,0.1754,0.1765,0.1776,0.1787,0.1798,0.1809,0.1821,0.1833,0.1844,0.1856,0.1868,0.1879,0.189,0.1901,0.1912,0.1923,0.1935,0.1946,0.1958,0.443,0.4436,0.4442,0.4448,0.4455,0.4453,0.4457,0.4461,0.4466,0.447,0.4474,0.4479,0.4483,0.4488,0.4492,0.4497,0.4501,0.4506,0.451,0.4515,0.4519,0.4524,0.4528,0.4533,0.4537,0.4542,0.4546,0.4551,0.4555,0.456,0.4565,0.4569,0.4574,0.4578,0.4583,0.4588,0.4592,0.4597,0.4602,0.4606,0.4611,0.4616,0.4621,0.4625,0.463,0.4635,0.464,0.4644,0.4649,0.4654,0.4659,0.4664,0.4668,0.4673,0.4678,0.4683,0.4688,0.4693,0.4697,0.4702,0.4707,0.4712,0.4717,0.4722,0.4727,0.4732,0.4737,0.4742,0.4747,0.4752,0.4757,0.4762,0.4767,0.4772,0.4777,0.4782,0.4787,0.4792,0.4797,0.4802,0.4806,0.481,0.4813,0.4817,0.4821,0.4825,0.4829,0.4833,0.4837,0.4841,0.4845,0.4849,0.4853,0.4857,0.4861,0.4865,0.4869,0.4873,0.4877,0.4881,0.4885,0.4889,0.4893,0.4897,0.4901,0.4905,0.4909,0.4912,0.4916,0.492,0.4923,0.4927,0.4931,0.4934,0.4938,0.4942,0.4945,0.4949,0.4953,0.4956,0.496,0.4964,0.4968,0.4971,0.4975,0.4979,0.4983,0.4986,0.499,0.4994,0.4998,0.5001,0.5005,0.5009,0.5013,0.5017,0.502,0.5024,0.5028,0.5032,0.5036,0.5039,0.5043,0.5047,0.5051,0.5055,0.5059,0.5062,0.5066,0.507,0.5074,0.5078
0.4025,0.4028,0.4031,0.4034,0.4037,0.404,0.4043,0.4046,0.4049,0.4051,0.4052,0.4052,0.4053,0.4054,0.4055,0.4055,0.4056,0.4057,0.4058,0.4058,0.4062,0.4067,0.4072,0.4076,0.4081,0.4086,0.4091,0.4096,0.4101,0.4105,0.411,0.4116,0.4122,0.4128,0.4133,0.4139,0.4145,0.1647,0.1645,0.1643,0.1643,0.1648,0.1653,0.1658,0.1663,0.1667,0.1672,0.1675,0.1674,0.1674,0.1674,0.1674,0.1674,0.1673,0.1673,0.1673,0.1673,0.1673,0.1672,0.1672,0.1672,0.1672,0.1672,0.1671,0.1671,0.1671,0.1674,0.1678,0.1681,0.1685,0.1688,0.1691,0.1695,0.1698,0.1702,0.1705,0.1709,0.1712,0.1716,0.1719,0.1723,0.1726,0.173,0.1734,0.1744,0.1755,0.1765,0.1776,0.1787,0.1799,0.181,0.1821,0.1833,0.1845,0.1857,0.1867,0.1878,0.1889,0.19,0.1911,0.1922,0.1933,0.1945,0.1957,0.4427,0.4433,0.4439,0.4445,0.4444,0.4448,0.4452,0.4457,0.4461,0.4465,0.447,0.4474,0.4479,0.4483,0.4487,0.4492,0.4496,0.4501,0.4505,0.451,0.4514,0.4519,0.4523,0.4528,0.4532,0.4537,0.4541,0.4546,0.4551,0.4555,0.456,0.4564,0.4569,0.4574,0.4578,0.4583,0.4587,0.4592,0.4597,0.4601,0.4606,0.4611,0.4616,0.462,0.4625,0.463,0.4635,0.4639,0.4644,0.4649,0.4654,0.4658,0.4663,0.4668,0.4673,0.4678,0.4683,0.4687,0.4692,0.4697,0.4702,0.4707,0.4712,0.4717,0.4722,0.4727,0.4732,0.4736,0.4741,0.4746,0.4751,0.4756,0.4761,0.4766,0.4771,0.4777,0.4782,0.4787,0.4792,0.4796,0.48,0.4804,0.4808,0.4812,0.4815,0.4819,0.4823,0.4827,0.4831,0.4835,0.4839,0.4843,0.4847,0.4851,0.4855,0.4859,0.4863,0.4867,0.4871,0.4875,0.4879,0.4883,0.4887,0.4891,0.4895,0.4899,0.4903,0.4906,0.491,0.4914,0.4917,0.4921,0.4925,0.4928,0.4932,0.4936,0.4939,0.4943,0.4947,0.495,0.4954,0.4958,0.4962,0.4965,0.4969,0.4973,0.4977,0.498,0.4984,0.4988,0.4992,0.4995,0.4999,0.5003,0.5007,0.501,0.5014,0.5018,0.5022,0.5026,0.5029,0.5033,0.5037,0.5041,0.5045,0.5048,0.5052,0.5056,0.506,0.5064,0.5068,0.5072
0.4020,0.4023,0.4026,0.4029,0.4032,0.4035,0.4038,0.4041,0.4044,0.4046,0.4047,0.4048,0.4049,0.405,0.405,0.4051,0.4052,0.4053,0.4053,0.4055,0.406,0.4065,0.407,0.4074,0.4079,0.4084,0.4089,0.4094,0.4099,0.4103,0.4109,0.4115,0.4121,0.4127,0.4133,0.4139,0.4145,0.1648,0.1646,0.1644,0.1643,0.1648,0.1653,0.1658,0.1663,0.1668,0.1672,0.1672,0.1672,0.1672,0.1672,0.1671,0.1671,0.1671,0.1671,0.1671,0.1671,0.167,0.167,0.167,0.167,0.167,0.1669,0.1669,0.1669,0.1669,0.1671,0.1674,0.1678,0.1681,0.1685,0.1688,0.1691,0.1695,0.1698,0.1702,0.1705,0.1709,0.1712,0.1716,0.1719,0.1723,0.1726,0.1734,0.1744,0.1755,0.1766,0.1777,0.1788,0.1799,0.181,0.1822,0.1833,0.1845,0.1855,0.1866,0.1877,0.1888,0.1899,0.191,0.1921,0.1932,0.1944,0.1955,0.4423,0.443,0.4436,0.4435,0.4439,0.4443,0.4448,0.4452,0.4456,0.4461,0.4465,0.4469,0.4474,0.4478,0.4483,0.4487,0.4492,0.4496,0.4501,0.4505,0.451,0.4514,0.4519,0.4523,0.4528,0.4532,0.4537,0.4541,0.4546,0.455,0.4555,0.4559,0.4564,0.4569,0.4573,0.4578,0.4583,0.4587,0.4592,0.4597,0.4601,0.4606,0.4611,0.4615,0.462,0.4625,0.4629,0.4634,0.4639,0.4644,0.4649,0.4653,0.4658,0.4663,0.4668,0.4673,0.4677,0.4682,0.4687,0.4692,0.4697,0.4702,0.4707,0.4712,0.4716,0.4721,0.4726,0.4731,0.4736,0.4741,0.4746,0.4751,0.4756,0.4761,0.4766,0.4771,0.4776,0.4781,0.4786,0.479,0.4794,0.4798,0.4802,0.4806,0.481,0.4814,0.4817,0.4821,0.4825,0.4829,0.4833,0.4837,0.4841,0.4845,0.4849,0.4853,0.4857,0.4861,0.4865,0.4869,0.4873,0.4877,0.4881,0.4885,0.4889,0.4893,0.4897,0.49,0.4904,0.4908,0.4911,0.4915,0.4919,0.4922,0.4926,0.493,0.4933,0.4937,0.4941,0.4944,0.4948,0.4952,0.4956,0.4959,0.4963,0.4967,0.497,0.4974,0.4978,0.4982,0.4985,0.4989,0.4993,0.4997,0.5001,0.5004,0.5008,0.5012,0.5016,0.5019,0.5023,0.5027,0.5031,0.5035,0.5038,0.5042,0.5046,0.505,0.5054,0.5057,0.5061,0.5065
0.4014,0.4018,0.4021,0.4024,0.4027,0.403,0.4033,0.4036,0.4039,0.4042,0.4043,0.4044,0.4044,0.4045,0.4046,0.4047,0.4047,0.4048,0.4049,0.4053,0.4058,0.4063,0.4067,0.4072,0.4077,0.4082,0.4087,0.4092,0.4097,0.4103,0.4108,0.4114,0.412,0.4126,0.4132,0.4138,0.4144,0.1648,0.1646,0.1644,0.1643,0.1648,0.1653,0.1658,0.1663,0.1668,0.167,0.167,0.167,0.167,0.1669,0.1669,0.1669,0.1669,0.1669,0.1668,0.1668,0.1668,0.1668,0.1668,0.1667,0.1667,0.1667,0.1667,0.1667,0.1667,0.1668,0.1671,0.1675,0.1678,0.1681,0.1685,0.1688,0.1691,0.1695,0.1698,0.1702,0.1705,0.1709,0.1712,0.1716,0.1719,0.1724,0.1734,0.1745,0.1755,0.1766,0.1777,0.1788,0.1799,0.1811,0.1822,0.1834,0.1844,0.1854,0.1865,0.1876,0.1886,0.1897,0.1908,0.192,0.1931,0.1942,0.4414,0.442,0.4426,0.4427,0.443,0.4434,0.4439,0.4443,0.4447,0.4452,0.4456,0.446,0.4465,0.4469,0.4474,0.4478,0.4482,0.4487,0.4491,0.4496,0.45,0.4505,0.4509,0.4514,0.4518,0.4523,0.4527,0.4532,0.4536,0.4541,0.4545,0.455,0.4555,0.4559,0.4564,0.4568,0.4573,0.4578,0.4582,0.4587,0.4592,0.4596,0.4601,0.4606,0.461,0.4615,0.462,0.4624,0.4629,0.4634,0.4639,0.4643,0.4648,0.4653,0.4658,0.4663,0.4667,0.4672,0.4677,0.4682,0.4687,0.4692,0.4697,0.4701,0.4706,0.4711,0.4716,0.4721,0.4726,0.4731,0.4736,0.4741,0.4746,0.4751,0.4756,0.4761,0.4766,0.4771,0.4776,0.4781,0.4785,0.4788,0.4792,0.4796,0.48,0.4804,0.4808,0.4812,0.4815,0.4819,0.4823,0.4827,0.4831,0.4835,0.4839,0.4843,0.4847,0.4851,0.4855,0.4859,0.4863,0.4867,0.4871,0.4875,0.4879,0.4883,0.4887,0.4891,0.4895,0.4898,0.4902,0.4905,0.4909,0.4913,0.4916,0.492,0.4924,0.4927,0.4931,0.4935,0.4938,0.4942,0.4946,0.495,0.4953,0.4957,0.4961,0.4964,0.4968,0.4972,0.4976,0.4979,0.4983,0.4987,0.4991,0.4994,0.4998,0.5002,0.5006,0.5009,0.5013,0.5017,0.5021,0.5025,0.5028,0.5032,0.5036,0.504,0.5044,0.5047,0.5051,0.5055,0.5059
0.4008,0.4012,0.4017,0.402,0.4022,0.4025,0.4028,0.4031,0.4034,0.4037,0.4039,0.4039,0.404,0.4041,0.4042,0.4042,0.4043,0.4044,0.4046,0.4051,0.4056,0.4061,0.4065,0.407,0.4075,0.408,0.4085,0.409,0.4096,0.4102,0.4108,0.4114,0.412,0.4125,0.4131,0.4137,0.4143,0.1648,0.1646,0.1644,0.1644,0.1648,0.1653,0.1658,0.1663,0.1668,0.1668,0.1668,0.1667,0.1667,0.1667,0.1667,0.1667,0.1667,0.1666,0.1666,0.1666,0.1666,0.1666,0.1665,0.1665,0.1665,0.1665,0.1665,0.1664,0.1664,0.1665,0.1668,0.1671,0.1675,0.1678,0.1681,0.1685,0.1688,0.1692,0.1695,0.1698,0.1702,0.1705,0.1709,0.1712,0.1716,0.1724,0.1735,0.1745,0.1756,0.1767,0.1778,0.1789,0.18,0.1811,0.1822,0.1832,0.1843,0.1853,0.1864,0.1874,0.1885,0.1896,0.1907,0.1918,0.193,0.1941,0.4411,0.4417,0.442,0.4421,0.4425,0.443,0.4434,0.4438,0.4443,0.4447,0.4451,0.4456,0.446,0.4465,0.4469,0.4473,0.4478,0.4482,0.4487,0.4491,0.4496,0.45,0.4504,0.4509,0.4513,0.4518,0.4522,0.4527,0.4532,0.4536,0.4541,0.4545,0.455,0.4554,0.4559,0.4563,0.4568,0.4573,0.4577,0.4582,0.4587,0.4591,0.4596,0.4601,0.4605,0.461,0.4615,0.4619,0.4624,0.4629,0.4634,0.4638,0.4643,0.4648,0.4653,0.4658,0.4662,0.4667,0.4672,0.4677,0.4682,0.4686,0.4691,0.4696,0.4701,0.4706,0.4711,0.4716,0.4721,0.4726,0.4731,0.4736,0.4741,0.4746,0.475,0.4755,0.4761,0.4766,0.4771,0.4775,0.4779,0.4783,0.4786,0.479,0.4794,0.4798,0.4802,0.4806,0.481,0.4814,0.4817,0.4821,0.4825,0.4829,0.4833,0.4837,0.4841,0.4845,0.4849,0.4853,0.4857,0.4861,0.4865,0.4869,0.4873,0.4877,0.4881,0.4885,0.4889,0.4892,0.4896,0.49,0.4903,0.4907,0.4911,0.4914,0.4918,0.4921,0.4925,0.4929,0.4933,0.4936,0.494,0.4944,0.4947,0.4951,0.4955,0.4958,0.4962,0.4966,0.497,0.4973,0.4977,0.4981,0.4985,0.4988,0.4992,0.4996,0.5,0.5003,0.5007,0.5011,0.5015,0.5018,0.5022,0.5026,0.503,0.5033,0.5037,0.5041,0.5045,0.5049,0.5053
0.4003,0.4006,0.401,0.4015,0.4018,0.4021,0.4023,0.4026,0.4029,0.4032,0.4034,0.4035,0.4036,0.4036,0.4037,0.4038,0.4039,0.404,0.4044,0.4049,0.4054,0.4059,0.4063,0.4068,0.4073,0.4078,0.4084,0.409,0.4095,0.4101,0.4107,0.4113,0.4119,0.4125,0.4131,0.4137,0.165,0.1648,0.1646,0.1645,0.1644,0.1648,0.1653,0.1658,0.1663,0.1666,0.1666,0.1665,0.1665,0.1665,0.1665,0.1665,0.1664,0.1664,0.1664,0.1664,0.1664,0.1664,0.1663,0.1663,0.1663,0.1663,0.1663,0.1662,0.1662,0.1662,0.1662,0.1665,0.1668,0.1671,0.1675,0.1678,0.1681,0.1685,0.1688,0.1692,0.1695,0.1699,0.1702,0.1705,0.1709,0.1714,0.1725,0.1735,0.1746,0.1756,0.1767,0.1778,0.1789,0.18,0.1811,0.1821,0.1831,0.1842,0.1852,0.1863,0.1873,0.1884,0.1895,0.1906,0.1917,0.1929,0.194,0.4408,0.4413,0.4412,0.4417,0.4421,0.4425,0.4429,0.4434,0.4438,0.4442,0.4447,0.4451,0.4455,0.446,0.4464,0.4469,0.4473,0.4477,0.4482,0.4486,0.4491,0.4495,0.45,0.4504,0.4509,0.4513,0.4518,0.4522,0.4527,0.4531,0.4536,0.454,0.4545,0.4549,0.4554,0.4559,0.4563,0.4568,0.4572,0.4577,0.4582,0.4586,0.4591,0.4596,0.46,0.4605,0.461,0.4614,0.4619,0.4624,0.4629,0.4633,0.4638,0.4643,0.4648,0.4652,0.4657,0.4662,0.4667,0.4672,0.4676,0.4681,0.4686,0.4691,0.4696,0.4701,0.4706,0.4711,0.4716,0.472,0.4725,0.473,0.4735,0.474,0.4745,0.475,0.4755,0.476,0.4765,0.4769,0.4773,0.4777,0.4781,0.4785,0.4788,0.4792,0.4796,0.48,0.4804,0.4808,0.4812,0.4816,0.4819,0.4823,0.4827,0.4831,0.4835,0.4839,0.4843,0.4847,0.4851,0.4855,0.4859,0.4863,0.4867,0.4871,0.4875,0.4879,0.4883,0.4886,0.489,0.4894,0.4897,0.4901,0.4905,0.4908,0.4912,0.4916,0.4919,0.4923,0.4927,0.493,0.4934,0.4938,0.4941,0.4945,0.4949,0.4952,0.4956,0.496,0.4964,0.4967,0.4971,0.4975,0.4978,0.4982,0.4986,0.499,0.4993,0.4997,0.5001,0.5005,0.5008,0.5012,0.5016,0.502,0.5023,0.5027,0.5031,0.5035,0.5039,0.5042,0.5046
0.3997,0.4,0.4004,0.4009,0.4013,0.4016,0.4019,0.4022,0.4025,0.4027,0.403,0.4031,0.4031,0.4032,0.4033,0.4034,0.4034,0.4038,0.4042,0.4047,0.4052,0.4057,0.4061,0.4066,0.4072,0.4077,0.4083,0.4089,0.4095,0.4101,0.4106,0.4112,0.4118,0.4124,0.413,0.4136,0.1651,0.1649,0.1647,0.1645,0.1644,0.1649,0.1653,0.1658,0.1663,0.1664,0.1663,0.1663,0.1663,0.1663,0.1663,0.1662,0.1662,0.1662,0.1662,0.1662,0.1661,0.1661,0.1661,0.1661,0.1661,0.1661,0.166,0.166,0.166,0.166,0.166,0.1661,0.1665,0.1668,0.1671,0.1675,0.1678,0.1681,0.1685,0.1688,0.1692,0.1695,0.1699,0.1702,0.1706,0.1715,0.1725,0.1735,0.1746,0.1757,0.1768,0.1778,0.179,0.18,0.181,0.182,0.183,0.1841,0.1851,0.1861,0.1872,0.1883,0.1894,0.1905,0.1916,0.1927,0.1939,0.4405,0.4403,0.4408,0.4412,0.4416,0.442,0.4425,0.4429,0.4433,0.4438,0.4442,0.4446,0.4451,0.4455,0.446,0.4464,0.4468,0.4473,0.4477,0.4482,0.4486,0.4491,0.4495,0.4499,0.4504,0.4508,0.4513,0.4517,0.4522,0.4526,0.4531,0.4535,0.454,0.4545,0.4549,0.4554,0.4558,0.4563,0.4568,0.4572,0.4577,0.4581,0.4586,0.4591,0.4595,0.46,0.4605,0.4609,0.4614,0.4619,0.4624,0.4628,0.4633,0.4638,0.4643,0.4647,0.4652,0.4657,0.4662,0.4667,0.4671,0.4676,0.4681,0.4686,0.4691,0.4696,0.47,0.4705,0.471,0.4715,0.472,0.4725,0.473,0.4735,0.474,0.4745,0.475,0.4755,0.476,0.4764,0.4767,0.4771,0.4775,0.4779,0.4783,0.4787,0.479,0.4794,0.4798,0.4802,0.4806,0.481,0.4814,0.4818,0.4821,0.4825,0.4829,0.4833,0.4837,0.4841,0.4845,0.4849,0.4853,0.4857,0.4861,0.4865,0.4869,0.4873,0.4877,0.4881,0.4884,0.4888,0.4891,0.4895,0.4899,0.4902,0.4906,0.491,0.4913,0.4917,0.4921,0.4924,0.4928,0.4932,0.4935,0.4939,0.4943,0.4946,0.495,0.4954,0.4958,0.4961,0.4965,0.4969,0.4972,0.4976,0.498,0.4983,0.4987,0.4991,0.4995,0.4998,0.5002,0.5006,0.501,0.5013,0.5017,0.5021,0.5025,0.5029,0.5032,0.5036,0.504
0.3992,0.3994,0.3998,0.4002,0.4007,0.4011,0.4014,0.4017,0.402,0.4023,0.4025,0.4026,0.4027,0.4028,0.4028,0.4029,0.4031,0.4036,0.404,0.4045,0.405,0.4055,0.406,0.4065,0.4071,0.4077,0.4082,0.4088,0.4094,0.41,0.4106,0.4112,0.4117,0.4123,0.4129,0.4135,0.1651,0.1649,0.1647,0.1645,0.1644,0.1649,0.1654,0.1658,0.1661,0.1661,0.1661,0.1661,0.1661,0.166,0.166,0.166,0.166,0.166,0.166,0.1659,0.1659,0.1659,0.1659,0.1659,0.1658,0.1658,0.1658,0.1658,0.1658,0.1658,0.1657,0.1658,0.1661,0.1665,0.1668,0.1671,0.1675,0.1678,0.1682,0.1685,0.1688,0.1692,0.1695,0.1699,0.1705,0.1715,0.1725,0.1736,0.1746,0.1757,0.1768,0.1779,0.1789,0.1799,0.1809,0.1819,0.1829,0.1839,0.185,0.186,0.1871,0.1882,0.1893,0.1904,0.1915,0.1926,0.1938,0.4395,0.4399,0.4403,0.4407,0.4412,0.4416,0.442,0.4424,0.4429,0.4433,0.4437,0.4442,0.4446,0.4451,0.4455,0.4459,0.4464,0.4468,0.4473,0.4477,0.4481,0.4486,0.449,0.4495,0.4499,0.4504,0.4508,0.4513,0.4517,0.4522,0.4526,0.4531,0.4535,0.454,0.4544,0.4549,0.4553,0.4558,0.4563,0.4567,0.4572,0.4576,0.4581,0.4586,0.459,0.4595,0.46,0.4604,0.4609,0.4614,0.4619,0.4623,0.4628,0.4633,0.4638,0.4642,0.4647,0.4652,0.4657,0.4661,0.4666,0.4671,0.4676,0.4681,0.4686,0.469,0.4695,0.47,0.4705,0.471,0.4715,0.472,0.4725,0.473,0.4735,0.474,0.4745,0.475,0.4754,0.4758,0.4762,0.4765,0.4769,0.4773,0.4777,0.4781,0.4785,0.4788,0.4792,0.4796,0.48,0.4804,0.4808,0.4812,0.4816,0.4819,0.4823,0.4827,0.4831,0.4835,0.4839,0.4843,0.4847,0.4851,0.4855,0.4859,0.4863,0.4867,0.4871,0.4875,0.4878,0.4882,0.4886,0.4889,0.4893,0.4896,0.49,0.4904,0.4907,0.4911,0.4915,0.4918,0.4922,0.4926,0.4929,0.4933,0.4937,0.494,0.4944,0.4948,0.4951,0.4955,0.4959,0.4963,0.4966,0.497,0.4974,0.4977,0.4981,0.4985,0.4989,0.4992,0.4996,0.5,0.5003,0.5007,0.5011,0.5015,0.5019,0.5022,0.5026,0.503,0.5034
0.3986,0.3989,0.3991,0.3996,0.4,0.4005,0.4009,0.4012,0.4015,0.4018,0.4021,0.4022,0.4023,0.4023,0.4024,0.4025,0.4029,0.4034,0.4038,0.4043,0.4048,0.4053,0.4059,0.4065,0.407,0.4076,0.4082,0.4088,0.4093,0.4099,0.4105,0.4111,0.4117,0.4123,0.4128,0.4134,0.414,0.1649,0.1647,0.1645,0.1644,0.1649,0.1654,0.1659,0.1659,0.1659,0.1659,0.1659,0.1658,0.1658,0.1658,0.1658,0.1658,0.1658,0.1657,0.1657,0.1657,0.1657,0.1657,0.1656,0.1656,0.1656,0.1656,0.1656,0.1655,0.1655,0.1655,0.1655,0.1658,0.1661,0.1665,0.1668,0.1671,0.1675,0.1678,0.1682,0.1685,0.1688,0.1692,0.1695,0.1705,0.1716,0.1726,0.1736,0.1747,0.1758,0.1768,0.1778,0.1788,0.1798,0.1808,0.1818,0.1828,0.1838,0.1849,0.1859,0.187,0.1881,0.1891,0.1902,0.1914,0.1925,0.1936,0.439,0.4394,0.4399,0.4403,0.4407,0.4411,0.4416,0.442,0.4424,0.4429,0.4433,0.4437,0.4442,0.4446,0.445,0.4455,0.4459,0.4463,0.4468,0.4472,0.4477,0.4481,0.4486,0.449,0.4494,0.4499,0.4503,0.4508,0.4512,0.4517,0.4521,0.4526,0.453,0.4535,0.4539,0.4544,0.4549,0.4553,0.4558,0.4562,0.4567,0.4572,0.4576,0.4581,0.4585,0.459,0.4595,0.4599,0.4604,0.4609,0.4614,0.4618,0.4623,0.4628,0.4632,0.4637,0.4642,0.4647,0.4652,0.4656,0.4661,0.4666,0.4671,0.4676,0.468,0.4685,0.469,0.4695,0.47,0.4705,0.471,0.4715,0.472,0.4724,0.4729,0.4734,0.4739,0.4744,0.4748,0.4752,0.4756,0.476,0.4764,0.4767,0.4771,0.4775,0.4779,0.4783,0.4787,0.479,0.4794,0.4798,0.4802,0.4806,0.481,0.4814,0.4818,0.4821,0.4825,0.4829,0.4833,0.4837,0.4841,0.4845,0.4849,0.4853,0.4857,0.4861,0.4865,0.4869,0.4873,0.4876,0.488,0.4883,0.4887,0.4891,0.4894,0.4898,0.4902,0.4905,0.4909,0.4912,0.4916,0.492,0.4923,0.4927,0.4931,0.4934,0.4938,0.4942,0.4945,0.4949,0.4953,0.4956,0.496,0.4964,0.4968,0.4971,0.4975,0.4979,0.4982,0.4986,0.499,0.4994,0.4997,0.5001,0.5005,0.5009,0.5012,0.5016,0.502,0.5024,0.5027
0.3981,0.3983,0.3985,0.3989,0.3994,0.3998,0.4003,0.4007,0.401,0.4013,0.4016,0.4018,0.4018,0.4019,0.402,0.4022,0.4027,0.4032,0.4036,0.4041,0.4047,0.4052,0.4058,0.4064,0.407,0.4075,0.4081,0.4087,0.4093,0.4098,0.4104,0.411,0.4116,0.4122,0.4128,0.4134,0.414,0.165,0.1648,0.1646,0.1644,0.1649,0.1654,0.1657,0.1657,0.1657,0.1657,0.1656,0.1656,0.1656,0.1656,0.1656,0.1655,0.1655,0.1655,0.1655,0.1655,0.1655,0.1654,0.1654,0.1654,0.1654,0.1654,0.1653,0.1653,0.1653,0.1653,0.1653,0.1655,0.1658,0.1662,0.1665,0.1668,0.1672,0.1675,0.1678,0.1682,0.1685,0.1688,0.1696,0.1706,0.1716,0.1726,0.1737,0.1747,0.1758,0.1768,0.1777,0.1787,0.1797,0.1807,0.1817,0.1827,0.1837,0.1848,0.1858,0.1869,0.1879,0.189,0.1901,0.1912,0.1924,0.1935,0.4386,0.439,0.4394,0.4398,0.4403,0.4407,0.4411,0.4415,0.442,0.4424,0.4428,0.4433,0.4437,0.4441,0.4446,0.445,0.4454,0.4459,0.4463,0.4468,0.4472,0.4476,0.4481,0.4485,0.449,0.4494,0.4499,0.4503,0.4508,0.4512,0.4517,0.4521,0.4526,0.453,0.4535,0.4539,0.4544,0.4548,0.4553,0.4557,0.4562,0.4567,0.4571,0.4576,0.4581,0.4585,0.459,0.4595,0.4599,0.4604,0.4609,0.4613,0.4618,0.4623,0.4627,0.4632,0.4637,0.4642,0.4646,0.4651,0.4656,0.4661,0.4666,0.467,0.4675,0.468,0.4685,0.469,0.4695,0.47,0.4704,0.4709,0.4714,0.4719,0.4724,0.4729,0.4734,0.4739,0.4743,0.4746,0.475,0.4754,0.4758,0.4762,0.4765,0.4769,0.4773,0.4777,0.4781,0.4785,0.4788,0.4792,0.4796,0.48,0.4804,0.4808,0.4812,0.4816,0.482,0.4823,0.4827,0.4831,0.4835,0.4839,0.4843,0.4847,0.4851,0.4855,0.4859,0.4863,0.4867,0.487,0.4874,0.4878,0.4881,0.4885,0.4888,0.4892,0.4896,0.4899,0.4903,0.4907,0.491,0.4914,0.4917,0.4921,0.4925,0.4928,0.4932,0.4936,0.4939,0.4943,0.4947,0.495,0.4954,0.4958,0.4961,0.4965,0.4969,0.4973,0.4976,0.498,0.4984,0.4987,0.4991,0.4995,0.4999,0.5002,0.5006,0.501,0.5014,0.5017,0.5021
0.3976,0.3978,0.398,0.3983,0.3988,0.3992,0.3997,0.4001,0.4005,0.4008,0.4011,0.4013,0.4014,0.4015,0.4016,0.402,0.4025,0.403,0.4035,0.404,0.4046,0.4052,0.4058,0.4063,0.4069,0.4075,0.408,0.4086,0.4092,0.4098,0.4104,0.4109,0.4115,0.4121,0.4127,0.4133,0.4139,0.4145,0.1648,0.1646,0.1644,0.1649,0.1654,0.1655,0.1655,0.1655,0.1654,0.1654,0.1654,0.1654,0.1654,0.1653,0.1653,0.1653,0.1653,0.1653,0.1652,0.1652,0.1652,0.1652,0.1652,0.1652,0.1651,0.1651,0.1651,0.1651,0.1651,0.165,0.1652,0.1655,0.1658,0.1662,0.1665,0.1668,0.1672,0.1675,0.1678,0.1682,0.1686,0.1696,0.1706,0.1716,0.1727,0.1737,0.1748,0.1757,0.1767,0.1776,0.1786,0.1796,0.1806,0.1816,0.1826,0.1836,0.1846,0.1857,0.1868,0.1878,0.1889,0.19,0.1911,0.1922,0.1934,0.4381,0.4385,0.4389,0.4394,0.4398,0.4402,0.4406,0.4411,0.4415,0.4419,0.4424,0.4428,0.4432,0.4437,0.4441,0.4445,0.445,0.4454,0.4459,0.4463,0.4467,0.4472,0.4476,0.4481,0.4485,0.4489,0.4494,0.4498,0.4503,0.4507,0.4512,0.4516,0.4521,0.4525,0.453,0.4534,0.4539,0.4543,0.4548,0.4553,0.4557,0.4562,0.4566,0.4571,0.4576,0.458,0.4585,0.459,0.4594,0.4599,0.4604,0.4608,0.4613,0.4618,0.4622,0.4627,0.4632,0.4637,0.4641,0.4646,0.4651,0.4656,0.4661,0.4665,0.467,0.4675,0.468,0.4685,0.469,0.4694,0.4699,0.4704,0.4709,0.4714,0.4719,0.4724,0.4729,0.4733,0.4737,0.4741,0.4745,0.4748,0.4752,0.4756,0.476,0.4764,0.4767,0.4771,0.4775,0.4779,0.4783,0.4787,0.479,0.4794,0.4798,0.4802,0.4806,0.481,0.4814,0.4818,0.4822,0.4825,0.4829,0.4833,0.4837,0.4841,0.4845,0.4849,0.4853,0.4857,0.4861,0.4865,0.4868,0.4872,0.4875,0.4879,0.4883,0.4886,0.489,0.4893,0.4897,0.4901,0.4904,0.4908,0.4912,0.4915,0.4919,0.4922,0.4926,0.493,0.4933,0.4937,0.4941,0.4944,0.4948,0.4952,0.4955,0.4959,0.4963,0.4966,0.497,0.4974,0.4978,0.4981,0.4985,0.4989,0.4992,0.4996,0.5,0.5004,0.5007,0.5011,0.5015
0.3970,0.3972,0.3975,0.3977,0.3981,0.3986,0.399,0.3995,0.3999,0.4003,0.4006,0.4009,0.401,0.401,0.4014,0.4018,0.4023,0.4029,0.4034,0.404,0.4045,0.4051,0.4057,0.4063,0.4068,0.4074,0.408,0.4086,0.4091,0.4097,0.4103,0.4109,0.4115,0.412,0.4126,0.4132,0.4138,0.4144,0.1648,0.1646,0.1644,0.1649,0.1653,0.1653,0.1652,0.1652,0.1652,0.1652,0.1652,0.1652,0.1651,0.1651,0.1651,0.1651,0.1651,0.165,0.165,0.165,0.165,0.165,0.1649,0.1649,0.1649,0.1649,0.1649,0.1649,0.1648,0.1648,0.1648,0.1652,0.1655,0.1658,0.1662,0.1665,0.1668,0.1672,0.1675,0.1678,0.1687,0.1696,0.1707,0.1717,0.1727,0.1737,0.1747,0.1756,0.1766,0.1775,0.1785,0.1795,0.1805,0.1815,0.1825,0.1835,0.1845,0.1856,0.1866,0.1877,0.1888,0.1899,0.191,0.1921,0.1933,0.4377,0.4381,0.4385,0.4389,0.4393,0.4398,0.4402,0.4406,0.441,0.4415,0.4419,0.4423,0.4428,0.4432,0.4436,0.4441,0.4445,0.4449,0.4454,0.4458,0.4463,0.4467,0.4471,0.4476,0.448,0.4485,0.4489,0.4494,0.4498,0.4503,0.4507,0.4512,0.4516,0.4521,0.4525,0.453,0.4534,0.4539,0.4543,0.4548,0.4552,0.4557,0.4561,0.4566,0.4571,0.4575,0.458,0.4585,0.4589,0.4594,0.4599,0.4603,0.4608,0.4613,0.4617,0.4622,0.4627,0.4632,0.4636,0.4641,0.4646,0.4651,0.4655,0.466,0.4665,0.467,0.4675,0.468,0.4684,0.4689,0.4694,0.4699,0.4704,0.4709,0.4714,0.4719,0.4724,0.4728,0.4731,0.4735,0.4739,0.4743,0.4747,0.475,0.4754,0.4758,0.4762,0.4766,0.4769,0.4773,0.4777,0.4781,0.4785,0.4789,0.4792,0.4796,0.48,0.4804,0.4808,0.4812,0.4816,0.482,0.4823,0.4827,0.4831,0.4835,0.4839,0.4843,0.4847,0.4851,0.4855,0.4859,0.4862,0.4866,0.487,0.4873,0.4877,0.488,0.4884,0.4888,0.4891,0.4895,0.4898,0.4902,0.4906,0.4909,0.4913,0.4916,0.492,0.4924,0.4927,0.4931,0.4935,0.4938,0.4942,0.4946,0.4949,0.4953,0.4957,0.496,0.4964,0.4968,0.4971,0.4975,0.4979,0.4983,0.4986,0.499,0.4994,0.4998,0.5001,0.5005,0.5009
0.3965,0.3967,0.3969,0.3971,0.3975,0.3979,0.3984,0.3988,0.3993,0.3997,0.4001,0.4004,0.4005,0.4007,0.4012,0.4017,0.4022,0.4028,0.4033,0.4039,0.4045,0.405,0.4056,0.4062,0.4068,0.4073,0.4079,0.4085,0.4091,0.4096,0.4102,0.4108,0.4114,0.412,0.4126,0.4132,0.4137,0.4143,0.4149,0.1647,0.1645,0.1649,0.1651,0.165,0.165,0.165,0.165,0.165,0.1649,0.1649,0.1649,0.1649,0.1649,0.1649,0.1648,0.1648,0.1648,0.1648,0.1648,0.1647,0.1647,0.1647,0.1647,0.1647,0.1647,0.1646,0.1646,0.1646,0.1646,0.1649,0.1652,0.1655,0.1658,0.1662,0.1665,0.1668,0.1672,0.1677,0.1687,0.1697,0.1707,0.1717,0.1727,0.1736,0.1746,0.1755,0.1765,0.1774,0.1784,0.1794,0.1804,0.1814,0.1824,0.1834,0.1844,0.1855,0.1865,0.1876,0.1887,0.1898,0.1909,0.192,0.1931,0.4372,0.4376,0.438,0.4385,0.4389,0.4393,0.4397,0.4402,0.4406,0.441,0.4415,0.4419,0.4423,0.4427,0.4432,0.4436,0.444,0.4445,0.4449,0.4454,0.4458,0.4462,0.4467,0.4471,0.4476,0.448,0.4484,0.4489,0.4493,0.4498,0.4502,0.4507,0.4511,0.4516,0.452,0.4525,0.4529,0.4534,0.4538,0.4543,0.4547,0.4552,0.4557,0.4561,0.4566,0.457,0.4575,0.458,0.4584,0.4589,0.4594,0.4598,0.4603,0.4608,0.4612,0.4617,0.4622,0.4627,0.4631,0.4636,0.4641,0.4646,0.465,0.4655,0.466,0.4665,0.467,0.4674,0.4679,0.4684,0.4689,0.4694,0.4699,0.4704,0.4708,0.4713,0.4718,0.4722,0.4726,0.473,0.4733,0.4737,0.4741,0.4745,0.4748,0.4752,0.4756,0.476,0.4764,0.4767,0.4771,0.4775,0.4779,0.4783,0.4787,0.479,0.4794,0.4798,0.4802,0.4806,0.481,0.4814,0.4818,0.4822,0.4825,0.4829,0.4833,0.4837,0.4841,0.4845,0.4849,0.4853,0.4857,0.486,0.4864,0.4867,0.4871,0.4874,0.4878,0.4882,0.4885,0.4889,0.4892,0.4896,0.49,0.4903,0.4907,0.4911,0.4914,0.4918,0.4921,0.4925,0.4929,0.4932,0.4936,0.494,0.4943,0.4947,0.4951,0.4954,0.4958,0.4962,0.4965,0.4969,0.4973,0.4976,0.498,0.4984,0.4988,0.4991,0.4995,0.4999,0.5003
0.3959,0.3961,0.3964,0.3966,0.3969,0.3973,0.3978,0.3982,0.3986,0.3991,0.3995,0.4,0.4001,0.4005,0.401,0.4016,0.4022,0.4027,0.4033,0.4038,0.4044,0.405,0.4055,0.4061,0.4067,0.4073,0.4078,0.4084,0.409,0.4096,0.4102,0.4107,0.4113,0.4119,0.4125,0.4131,0.4137,0.4143,0.4149,0.4155,0.1645,0.1649,0.1648,0.1648,0.1648,0.1648,0.1648,0.1647,0.1647,0.1647,0.1647,0.1647,0.1647,0.1646,0.1646,0.1646,0.1646,0.1646,0.1645,0.1645,0.1645,0.1645,0.1645,0.1645,0.1644,0.1644,0.1644,0.1644,0.1644,0.1645,0.1649,0.1652,0.1655,0.1658,0.1662,0.1665,0.1668,0.1677,0.1687,0.1697,0.1707,0.1717,0.1726,0.1736,0.1745,0.1754,0.1764,0.1773,0.1783,0.1793,0.1802,0.1812,0.1823,0.1833,0.1843,0.1854,0.1864,0.1875,0.1886,0.1897,0.1908,0.1919,0.193,0.4368,0.4372,0.4376,0.438,0.4384,0.4389,0.4393,0.4397,0.4401,0.4406,0.441,0.4414,0.4419,0.4423,0.4427,0.4432,0.4436,0.444,0.4445,0.4449,0.4453,0.4458,0.4462,0.4466,0.4471,0.4475,0.448,0.4484,0.4489,0.4493,0.4498,0.4502,0.4506,0.4511,0.4515,0.452,0.4524,0.4529,0.4534,0.4538,0.4543,0.4547,0.4552,0.4556,0.4561,0.4566,0.457,0.4575,0.4579,0.4584,0.4589,0.4593,0.4598,0.4603,0.4607,0.4612,0.4617,0.4622,0.4626,0.4631,0.4636,0.464,0.4645,0.465,0.4655,0.466,0.4664,0.4669,0.4674,0.4679,0.4684,0.4689,0.4693,0.4698,0.4703,0.4708,0.4713,0.4716,0.472,0.4724,0.4728,0.4731,0.4735,0.4739,0.4743,0.4747,0.475,0.4754,0.4758,0.4762,0.4766,0.4769,0.4773,0.4777,0.4781,0.4785,0.4789,0.4792,0.4796,0.48,0.4804,0.4808,0.4812,0.4816,0.482,0.4824,0.4827,0.4831,0.4835,0.4839,0.4843,0.4847,0.4851,0.4854,0.4858,0.4862,0.4865,0.4869,0.4872,0.4876,0.4879,0.4883,0.4887,0.489,0.4894,0.4897,0.4901,0.4905,0.4908,0.4912,0.4915,0.4919,0.4923,0.4926,0.493,0.4934,0.4937,0.4941,0.4945,0.4948,0.4952,0.4956,0.4959,0.4963,0.4967,0.497,0.4974,0.4978,0.4982,0.4985,0.4989,0.4993,0.4996
0.3954,0.3956,0.3958,0.3961,0.3963,0.3967,0.3971,0.3976,0.398,0.3985,0.3989,0.3994,0.3999,0.4004,0.401,0.4015,0.4021,0.4027,0.4032,0.4038,0.4043,0.4049,0.4055,0.406,0.4066,0.4072,0.4078,0.4083,0.4089,0.4095,0.4101,0.4107,0.4113,0.4118,0.4124,0.413,0.4136,0.4142,0.4148,0.4154,0.1645,0.1646,0.1646,0.1646,0.1646,0.1646,0.1645,0.1645,0.1645,0.1645,0.1645,0.1645,0.1644,0.1644,0.1644,0.1644,0.1644,0.1643,0.1643,0.1643,0.1643,0.1643,0.1642,0.1642,0.1642,0.1642,0.1642,0.1642,0.1641,0.1642,0.1645,0.1649,0.1652,0.1655,0.1659,0.1662,0.1668,0.1678,0.1688,0.1698,0.1707,0.1716,0.1725,0.1735,0.1744,0.1753,0.1763,0.1772,0.1782,0.1792,0.1801,0.1811,0.1821,0.1832,0.1842,0.1852,0.1863,0.1874,0.1884,0.1895,0.1906,0.1918,0.4359,0.4363,0.4367,0.4371,0.4376,0.438,0.4384,0.4388,0.4393,0.4397,0.4401,0.4405,0.441,0.4414,0.4418,0.4423,0.4427,0.4431,0.4436,0.444,0.4444,0.4449,0.4453,0.4457,0.4462,0.4466,0.4471,0.4475,0.4479,0.4484,0.4488,0.4493,0.4497,0.4502,0.4506,0.4511,0.4515,0.452,0.4524,0.4529,0.4533,0.4538,0.4542,0.4547,0.4551,0.4556,0.4561,0.4565,0.457,0.4574,0.4579,0.4584,0.4588,0.4593,0.4598,0.4602,0.4607,0.4612,0.4617,0.4621,0.4626,0.4631,0.4635,0.464,0.4645,0.465,0.4655,0.4659,0.4664,0.4669,0.4674,0.4679,0.4683,0.4688,0.4693,0.4698,0.4703,0.4707,0.4711,0.4715,0.4718,0.4722,0.4726,0.473,0.4733,0.4737,0.4741,0.4745,0.4748,0.4752,0.4756,0.476,0.4764,0.4767,0.4771,0.4775,0.4779,0.4783,0.4787,0.4791,0.4794,0.4798,0.4802,0.4806,0.481,0.4814,0.4818,0.4822,0.4825,0.4829,0.4833,0.4837,0.4841,0.4845,0.4849,0.4852,0.4856,0.4859,0.4863,0.4866,0.487,0.4874,0.4877,0.4881,0.4884,0.4888,0.4891,0.4895,0.4899,0.4902,0.4906,0.4909,0.4913,0.4917,0.492,0.4924,0.4928,0.4931,0.4935,0.4939,0.4942,0.4946,0.495,0.4953,0.4957,0.4961,0.4964,0.4968,0.4972,0.4975,0.4979,0.4983,0.4987,0.499
0.3947,0.3949,0.3951,0.3954,0.3958,0.3963,0.3967,0.3972,0.3976,0.3982,0.3987,0.3993,0.3996,0.4002,0.4008,0.4014,0.402,0.4026,0.4031,0.4037,0.4043,0.4048,0.4054,0.406,0.4066,0.4071,0.4077,0.4083,0.4089,0.4094,0.41,0.4106,0.4112,0.4118,0.4124,0.4129,0.4135,0.4141,0.4147,0.4153,0.4159,0.1646,0.1644,0.1644,0.1644,0.1643,0.1643,0.1643,0.1643,0.1643,0.1642,0.1642,0.1642,0.1642,0.1642,0.1642,0.1641,0.1641,0.1641,0.1641,0.1641,0.164,0.164,0.164,0.164,0.164,0.164,0.1639,0.1639,0.1639,0.1642,0.1645,0.1649,0.1652,0.1655,0.1659,0.1668,0.1678,0.1688,0.1698,0.1706,0.1715,0.1724,0.1734,0.1743,0.1752,0.1762,0.1771,0.1781,0.179,0.18,0.181,0.182,0.1831,0.1841,0.1851,0.1862,0.1873,0.1883,0.1894,0.1905,0.1916,0.4354,0.4359,0.4363,0.4367,0.4371,0.4375,0.438,0.4384,0.4388,0.4392,0.4397,0.4401,0.4405,0.4409,0.4414,0.4418,0.4422,0.4427,0.4431,0.4435,0.444,0.4444,0.4448,0.4453,0.4457,0.4462,0.4466,0.447,0.4475,0.4479,0.4484,0.4488,0.4493,0.4497,0.4501,0.4506,0.451,0.4515,0.4519,0.4524,0.4528,0.4533,0.4538,0.4542,0.4547,0.4551,0.4556,0.456,0.4565,0.457,0.4574,0.4579,0.4583,0.4588,0.4593,0.4597,0.4602,0.4607,0.4612,0.4616,0.4621,0.4626,0.463,0.4635,0.464,0.4645,0.4649,0.4654,0.4659,0.4664,0.4669,0.4673,0.4678,0.4683,0.4688,0.4693,0.4698,0.4702,0.4705,0.4709,0.4713,0.4716,0.472,0.4724,0.4728,0.4731,0.4735,0.4739,0.4743,0.4747,0.475,0.4754,0.4758,0.4762,0.4766,0.4769,0.4773,0.4777,0.4781,0.4785,0.4789,0.4792,0.4796,0.48,0.4804,0.4808,0.4812,0.4816,0.482,0.4824,0.4827,0.4831,0.4835,0.4839,0.4843,0.4846,0.485,0.4854,0.4857,0.4861,0.4864,0.4868,0.4871,0.4875,0.4878,0.4882,0.4886,0.4889,0.4893,0.4896,0.49,0.4904,0.4907,0.4911,0.4914,0.4918,0.4922,0.4925,0.4929,0.4933,0.4936,0.494,0.4944,0.4947,0.4951,0.4955,0.4958,0.4962,0.4966,0.4969,0.4973,0.4977,0.498,0.4984
0.3938,0.3941,0.3946,0.395,0.3955,0.3959,0.3965,0.397,0.3976,0.3981,0.3987,0.3991,0.3994,0.3999,0.4005,0.4011,0.4017,0.4023,0.4029,0.4035,0.4041,0.4047,0.4053,0.4059,0.4065,0.4071,0.4076,0.4082,0.4088,0.4094,0.4099,0.4105,0.4111,0.4117,0.4123,0.4129,0.4135,0.4141,0.4147,0.4152,0.4158,0.416,0.4159,0.4157,0.1645,0.1643,0.1641,0.1641,0.1641,0.164,0.164,0.164,0.164,0.164,0.164,0.1639,0.1639,0.1639,0.1639,0.1639,0.1638,0.1638,0.1638,0.1638,0.1638,0.1638,0.1637,0.1637,0.1637,0.1637,0.1639,0.1642,0.1646,0.1649,0.1652,0.1659,0.1669,0.1679,0.1688,0.1697,0.1705,0.1714,0.1723,0.1733,0.1742,0.1751,0.1761,0.177,0.178,0.1789,0.1799,0.1809,0.1819,0.1829,0.184,0.185,0.1861,0.1871,0.1882,0.1893,0.1904,0.1915,0.435,0.4354,0.4358,0.4362,0.4367,0.4371,0.4375,0.4379,0.4384,0.4388,0.4392,0.4396,0.4401,0.4405,0.4409,0.4413,0.4418,0.4422,0.4426,0.4431,0.4435,0.4439,0.4444,0.4448,0.4452,0.4457,0.4461,0.4466,0.447,0.4474,0.4479,0.4483,0.4488,0.4492,0.4497,0.4501,0.4506,0.451,0.4515,0.4519,0.4524,0.4528,0.4533,0.4537,0.4542,0.4546,0.4551,0.4555,0.456,0.4565,0.4569,0.4574,0.4579,0.4583,0.4588,0.4592,0.4597,0.4602,0.4607,0.4611,0.4616,0.4621,0.4625,0.463,0.4635,0.464,0.4644,0.4649,0.4654,0.4659,0.4664,0.4668,0.4673,0.4678,0.4683,0.4688,0.4692,0.4696,0.47,0.4703,0.4707,0.4711,0.4715,0.4718,0.4722,0.4726,0.473,0.4733,0.4737,0.4741,0.4745,0.4749,0.4752,0.4756,0.476,0.4764,0.4768,0.4771,0.4775,0.4779,0.4783,0.4787,0.4791,0.4794,0.4798,0.4802,0.4806,0.481,0.4814,0.4818,0.4822,0.4826,0.4829,0.4833,0.4837,0.4841,0.4844,0.4848,0.4851,0.4855,0.4858,0.4862,0.4865,0.4869,0.4873,0.4876,0.488,0.4883,0.4887,0.489,0.4894,0.4898,0.4901,0.4905,0.4908,0.4912,0.4916,0.4919,0.4923,0.4927,0.493,0.4934,0.4937,0.4941,0.4945,0.4948,0.4952,0.4956,0.496,0.4963,0.4967,0.4971,0.4974,0.4978
0.3934,0.3938,0.3943,0.3948,0.3953,0.3959,0.3964,0.397,0.3976,0.3981,0.3986,0.3989,0.3993,0.3996,0.4002,0.4008,0.4014,0.402,0.4026,0.4032,0.4038,0.4044,0.405,0.4056,0.4062,0.4068,0.4074,0.4081,0.4087,0.4093,0.4099,0.4105,0.411,0.4116,0.4122,0.4128,0.4134,0.414,0.4146,0.4152,0.4158,0.416,0.4158,0.4156,0.4155,0.4153,0.1646,0.1644,0.1642,0.164,0.1638,0.1638,0.1638,0.1638,0.1637,0.1637,0.1637,0.1637,0.1637,0.1636,0.1636,0.1636,0.1636,0.1636,0.1636,0.1635,0.1635,0.1635,0.1635,0.1635,0.1636,0.1639,0.1642,0.1646,0.165,0.166,0.1669,0.1678,0.1687,0.1696,0.1704,0.1713,0.1722,0.1732,0.1741,0.175,0.176,0.1769,0.1779,0.1788,0.1798,0.1808,0.1818,0.1828,0.1839,0.1849,0.186,0.187,0.1881,0.1892,0.1903,0.1914,0.4346,0.435,0.4354,0.4358,0.4362,0.4366,0.4371,0.4375,0.4379,0.4383,0.4388,0.4392,0.4396,0.44,0.4405,0.4409,0.4413,0.4417,0.4422,0.4426,0.443,0.4435,0.4439,0.4443,0.4448,0.4452,0.4457,0.4461,0.4465,0.447,0.4474,0.4479,0.4483,0.4488,0.4492,0.4496,0.4501,0.4505,0.451,0.4514,0.4519,0.4523,0.4528,0.4532,0.4537,0.4541,0.4546,0.4551,0.4555,0.456,0.4564,0.4569,0.4574,0.4578,0.4583,0.4588,0.4592,0.4597,0.4602,0.4606,0.4611,0.4616,0.462,0.4625,0.463,0.4635,0.4639,0.4644,0.4649,0.4654,0.4658,0.4663,0.4668,0.4673,0.4678,0.4683,0.4687,0.469,0.4694,0.4698,0.4702,0.4705,0.4709,0.4713,0.4717,0.472,0.4724,0.4728,0.4732,0.4735,0.4739,0.4743,0.4747,0.475,0.4754,0.4758,0.4762,0.4766,0.4769,0.4773,0.4777,0.4781,0.4785,0.4789,0.4793,0.4796,0.48,0.4804,0.4808,0.4812,0.4816,0.482,0.4824,0.4828,0.4831,0.4835,0.4838,0.4842,0.4845,0.4849,0.4853,0.4856,0.486,0.4863,0.4867,0.487,0.4874,0.4877,0.4881,0.4885,0.4888,0.4892,0.4895,0.4899,0.4902,0.4906,0.491,0.4913,0.4917,0.4921,0.4924,0.4928,0.4931,0.4935,0.4939,0.4942,0.4946,0.495,0.4953,0.4957,0.4961,0.4965,0.4968,0.4972
0.3931,0.3936,0.3942,0.3947,0.3953,0.3959,0.3964,0.397,0.3975,0.398,0.3984,0.3987,0.3991,0.3994,0.3999,0.4005,0.4011,0.4017,0.4023,0.4029,0.4035,0.4041,0.4047,0.4053,0.4059,0.4065,0.4072,0.4078,0.4084,0.409,0.4096,0.4102,0.4109,0.4115,0.4121,0.4127,0.4133,0.4139,0.4145,0.4151,0.4157,0.4159,0.4157,0.4156,0.4154,0.4152,0.4151,0.4149,0.1648,0.1646,0.1644,0.1642,0.164,0.1638,0.1636,0.1635,0.1635,0.1635,0.1634,0.1634,0.1634,0.1634,0.1634,0.1634,0.1633,0.1633,0.1633,0.1633,0.1633,0.1632,0.1633,0.1636,0.1639,0.1642,0.165,0.166,0.1669,0.1677,0.1686,0.1695,0.1704,0.1712,0.1721,0.1731,0.174,0.1749,0.1758,0.1768,0.1778,0.1787,0.1797,0.1807,0.1817,0.1827,0.1838,0.1848,0.1858,0.1869,0.188,0.1891,0.1902,0.1913,0.4341,0.4345,0.4349,0.4354,0.4358,0.4362,0.4366,0.437,0.4375,0.4379,0.4383,0.4387,0.4392,0.4396,0.44,0.4404,0.4409,0.4413,0.4417,0.4422,0.4426,0.443,0.4435,0.4439,0.4443,0.4448,0.4452,0.4456,0.4461,0.4465,0.447,0.4474,0.4478,0.4483,0.4487,0.4492,0.4496,0.4501,0.4505,0.451,0.4514,0.4519,0.4523,0.4528,0.4532,0.4537,0.4541,0.4546,0.455,0.4555,0.4559,0.4564,0.4569,0.4573,0.4578,0.4583,0.4587,0.4592,0.4597,0.4601,0.4606,0.4611,0.4615,0.462,0.4625,0.463,0.4634,0.4639,0.4644,0.4649,0.4653,0.4658,0.4663,0.4668,0.4673,0.4677,0.4681,0.4685,0.4689,0.4692,0.4696,0.47,0.4704,0.4707,0.4711,0.4715,0.4718,0.4722,0.4726,0.473,0.4733,0.4737,0.4741,0.4745,0.4749,0.4752,0.4756,0.476,0.4764,0.4768,0.4771,0.4775,0.4779,0.4783,0.4787,0.4791,0.4794,0.4798,0.4802,0.4806,0.481,0.4814,0.4818,0.4822,0.4826,0.483,0.4833,0.4836,0.484,0.4843,0.4847,0.485,0.4854,0.4857,0.4861,0.4864,0.4868,0.4871,0.4875,0.4879,0.4882,0.4886,0.4889,0.4893,0.4897,0.49,0.4904,0.4907,0.4911,0.4915,0.4918,0.4922,0.4925,0.4929,0.4933,0.4936,0.494,0.4944,0.4947,0.4951,0.4955,0.4958,0.4962,0.4966
0.3931,0.3936,0.3942,0.3947,0.3953,0.3958,0.3964,0.397,0.3975,0.3978,0.3982,0.3985,0.3989,0.3992,0.3997,0.4003,0.4008,0.4014,0.402,0.4026,0.4032,0.4038,0.4044,0.405,0.4057,0.4063,0.4069,0.4075,0.4081,0.4087,0.4093,0.41,0.4106,0.4112,0.4118,0.4124,0.4131,0.4137,0.4143,0.415,0.4156,0.4158,0.4157,0.4155,0.4153,0.4152,0.415,0.4149,0.4147,0.4145,0.1649,0.1647,0.1645,0.1643,0.1641,0.1639,0.1637,0.1635,0.1633,0.1632,0.1632,0.1632,0.1632,0.1631,0.1631,0.1631,0.1631,0.1631,0.163,0.163,0.163,0.1633,0.1636,0.1641,0.1651,0.1659,0.1668,0.1676,0.1685,0.1694,0.1703,0.1711,0.172,0.173,0.1739,0.1748,0.1757,0.1767,0.1777,0.1786,0.1796,0.1806,0.1816,0.1826,0.1836,0.1847,0.1857,0.1868,0.1879,0.189,0.19,0.1912,0.4337,0.4341,0.4345,0.4349,0.4353,0.4357,0.4362,0.4366,0.437,0.4374,0.4379,0.4383,0.4387,0.4391,0.4396,0.44,0.4404,0.4408,0.4413,0.4417,0.4421,0.4426,0.443,0.4434,0.4439,0.4443,0.4447,0.4452,0.4456,0.446,0.4465,0.4469,0.4474,0.4478,0.4483,0.4487,0.4491,0.4496,0.45,0.4505,0.4509,0.4514,0.4518,0.4523,0.4527,0.4532,0.4536,0.4541,0.4545,0.455,0.4555,0.4559,0.4564,0.4568,0.4573,0.4578,0.4582,0.4587,0.4592,0.4596,0.4601,0.4606,0.461,0.4615,0.462,0.4624,0.4629,0.4634,0.4639,0.4643,0.4648,0.4653,0.4658,0.4663,0.4667,0.4672,0.4676,0.4679,0.4683,0.4687,0.4691,0.4694,0.4698,0.4702,0.4705,0.4709,0.4713,0.4717,0.472,0.4724,0.4728,0.4732,0.4735,0.4739,0.4743,0.4747,0.475,0.4754,0.4758,0.4762,0.4766,0.477,0.4773,0.4777,0.4781,0.4785,0.4789,0.4793,0.4796,0.48,0.4804,0.4808,0.4812,0.4816,0.482,0.4844,0.4829,0.4831,0.4834,0.4838,0.4841,0.4844,0.4848,0.4851,0.4855,0.4859,0.4862,0.4866,0.4869,0.4873,0.4876,0.488,0.4883,0.4887,0.4891,0.4894,0.4898,0.4901,0.4905,0.4909,0.4912,0.4916,0.492,0.4923,0.4927,0.493,0.4934,0.4938,0.4941,0.4945,0.4949,0.4952,0.4956,0.496
0.3931,0.3936,0.3942,0.3947,0.3953,0.3958,0.3964,0.3969,0.3973,0.3977,0.398,0.3984,0.3987,0.3991,0.3994,0.4,0.4006,0.4012,0.4018,0.4024,0.403,0.4036,0.4042,0.4048,0.4054,0.406,0.4066,0.4072,0.4078,0.4084,0.409,0.4097,0.4103,0.4109,0.4115,0.4122,0.4128,0.4134,0.414,0.4147,0.4153,0.4153,0.4154,0.4154,0.4153,0.4151,0.4149,0.4148,0.4146,0.4145,0.4143,0.4141,0.1651,0.1649,0.1647,0.1645,0.1643,0.1641,0.1639,0.1637,0.1635,0.1633,0.1631,0.1629,0.1629,0.1629,0.1629,0.1628,0.1628,0.1628,0.1628,0.163,0.1633,0.1642,0.165,0.1658,0.1667,0.1675,0.1684,0.1693,0.1702,0.1711,0.172,0.1729,0.1738,0.1747,0.1756,0.1766,0.1776,0.1785,0.1795,0.1805,0.1815,0.1825,0.1835,0.1846,0.1856,0.1867,0.1877,0.1888,0.1899,0.191,0.4332,0.4336,0.4341,0.4345,0.4349,0.4353,0.4357,0.4361,0.4366,0.437,0.4374,0.4378,0.4382,0.4387,0.4391,0.4395,0.44,0.4404,0.4408,0.4412,0.4417,0.4421,0.4425,0.443,0.4434,0.4438,0.4443,0.4447,0.4451,0.4456,0.446,0.4465,0.4469,0.4473,0.4478,0.4482,0.4487,0.4491,0.4496,0.45,0.4505,0.4509,0.4513,0.4518,0.4523,0.4527,0.4532,0.4536,0.4541,0.4545,0.455,0.4554,0.4559,0.4564,0.4568,0.4573,0.4577,0.4582,0.4587,0.4591,0.4596,0.4601,0.4605,0.461,0.4615,0.4619,0.4624,0.4629,0.4634,0.4638,0.4643,0.4648,0.4653,0.4658,0.4662,0.4667,0.467,0.4674,0.4678,0.4681,0.4685,0.4689,0.4692,0.4696,0.47,0.4704,0.4707,0.4711,0.4715,0.4718,0.4722,0.4726,0.473,0.4733,0.4737,0.4741,0.4745,0.4749,0.4752,0.4756,0.476,0.4764,0.4768,0.4771,0.4775,0.4779,0.4783,0.4787,0.4791,0.4795,0.4799,0.4803,0.4807,0.4811,0.4814,0.4858,0.4843,0.4828,0.483,0.4833,0.4836,0.4839,0.4842,0.4846,0.4849,0.4853,0.4856,0.486,0.4863,0.4867,0.487,0.4874,0.4878,0.4881,0.4885,0.4888,0.4892,0.4895,0.4899,0.4903,0.4906,0.491,0.4914,0.4917,0.4921,0.4924,0.4928,0.4932,0.4935,0.4939,0.4943,0.4946,0.495,0.4954
0.3930,0.3936,0.3941,0.3947,0.3952,0.3958,0.3964,0.3968,0.3971,0.3975,0.3978,0.3982,0.3985,0.3989,0.3992,0.3997,0.4003,0.4009,0.4015,0.4021,0.4027,0.4033,0.4039,0.4045,0.4051,0.4057,0.4063,0.4069,0.4075,0.4081,0.4088,0.4094,0.41,0.4106,0.4112,0.4119,0.4125,0.4131,0.4137,0.4144,0.4146,0.4147,0.4148,0.4149,0.4149,0.4148,0.4148,0.4147,0.4145,0.4144,0.4142,0.4141,0.4139,0.4137,0.1652,0.165,0.1648,0.1646,0.1644,0.1642,0.164,0.1638,0.1636,0.1634,0.1632,0.163,0.1628,0.1627,0.1626,0.1626,0.1626,0.1627,0.1633,0.1641,0.1649,0.1658,0.1666,0.1675,0.1683,0.1692,0.1701,0.171,0.1719,0.1728,0.1737,0.1746,0.1755,0.1765,0.1775,0.1784,0.1794,0.1804,0.1814,0.1824,0.1834,0.1845,0.1855,0.1866,0.1876,0.1887,0.1898,0.1909,0.4328,0.4332,0.4336,0.434,0.4344,0.4349,0.4353,0.4357,0.4361,0.4365,0.437,0.4374,0.4378,0.4382,0.4386,0.4391,0.4395,0.4399,0.4404,0.4408,0.4412,0.4416,0.4421,0.4425,0.4429,0.4434,0.4438,0.4442,0.4447,0.4451,0.4456,0.446,0.4464,0.4469,0.4473,0.4478,0.4482,0.4486,0.4491,0.4495,0.45,0.4504,0.4509,0.4513,0.4518,0.4522,0.4527,0.4531,0.4536,0.454,0.4545,0.4549,0.4554,0.4559,0.4563,0.4568,0.4572,0.4577,0.4582,0.4586,0.4591,0.4596,0.46,0.4605,0.461,0.4614,0.4619,0.4624,0.4629,0.4633,0.4638,0.4643,0.4648,0.4652,0.4657,0.4661,0.4665,0.4668,0.4672,0.4676,0.468,0.4683,0.4687,0.4691,0.4694,0.4698,0.4702,0.4705,0.4709,0.4713,0.4717,0.472,0.4724,0.4728,0.4732,0.4735,0.4739,0.4743,0.4747,0.475,0.4754,0.4758,0.4762,0.4766,0.477,0.4773,0.4777,0.4781,0.4785,0.4789,0.4793,0.4797,0.4801,0.4805,0.4808,0.4873,0.4858,0.4843,0.4828,0.4828,0.4831,0.4834,0.4837,0.4841,0.4844,0.4847,0.485,0.4854,0.4858,0.4861,0.4865,0.4868,0.4872,0.4875,0.4879,0.4882,0.4886,0.489,0.4893,0.4897,0.49,0.4904,0.4908,0.4911,0.4915,0.4918,0.4922,0.4926,0.4929,0.4933,0.4937,0.494,0.4944,0.4948
0.3930,0.3936,0.3941,0.3947,0.3952,0.3958,0.3963,0.3966,0.397,0.3973,0.3977,0.398,0.3984,0.3987,0.3991,0.3994,0.4,0.4006,0.4012,0.4018,0.4024,0.403,0.4036,0.4042,0.4048,0.4054,0.406,0.4066,0.4072,0.4078,0.4085,0.4091,0.4097,0.4103,0.4109,0.4116,0.4122,0.4128,0.4135,0.4139,0.414,0.4141,0.4142,0.4143,0.4144,0.4144,0.4144,0.4143,0.4143,0.4142,0.4142,0.414,0.4138,0.4137,0.4135,0.4133,0.1654,0.1652,0.165,0.1648,0.1646,0.1644,0.1642,0.164,0.4165,0.4169,0.4173,0.4177,0.4181,0.4185,0.4189,0.1624,0.1632,0.164,0.1648,0.1657,0.1665,0.1674,0.1682,0.1691,0.17,0.1709,0.1718,0.1727,0.1736,0.1745,0.1754,0.1764,0.1773,0.1783,0.1793,0.1803,0.1813,0.1823,0.1833,0.1843,0.1854,0.1864,0.1875,0.1886,0.1897,0.1908,0.4323,0.4328,0.4332,0.4336,0.434,0.4344,0.4348,0.4352,0.4357,0.4361,0.4365,0.4369,0.4374,0.4378,0.4382,0.4386,0.439,0.4395,0.4399,0.4403,0.4408,0.4412,0.4416,0.442,0.4425,0.4429,0.4433,0.4438,0.4442,0.4446,0.4451,0.4455,0.446,0.4464,0.4468,0.4473,0.4477,0.4482,0.4486,0.4491,0.4495,0.4499,0.4504,0.4508,0.4513,0.4517,0.4522,0.4526,0.4531,0.4536,0.454,0.4545,0.4549,0.4554,0.4558,0.4563,0.4568,0.4572,0.4577,0.4581,0.4586,0.4591,0.4595,0.46,0.4605,0.4609,0.4614,0.4619,0.4624,0.4628,0.4633,0.4638,0.4643,0.4647,0.4652,0.4656,0.4659,0.4663,0.4667,0.467,0.4674,0.4678,0.4681,0.4685,0.4689,0.4692,0.4696,0.47,0.4704,0.4707,0.4711,0.4715,0.4719,0.4722,0.4726,0.473,0.4734,0.4737,0.4741,0.4745,0.4749,0.4752,0.4756,0.476,0.4764,0.4768,0.4772,0.4776,0.478,0.4784,0.4787,0.4791,0.4795,0.4799,0.4802,0.4887,0.4872,0.4857,0.4842,0.4828,0.4826,0.4829,0.4833,0.4836,0.4839,0.4842,0.4845,0.4848,0.4852,0.4855,0.4859,0.4862,0.4866,0.4869,0.4873,0.4877,0.488,0.4884,0.4887,0.4891,0.4894,0.4898,0.4902,0.4905,0.4909,0.4912,0.4916,0.492,0.4923,0.4927,0.4931,0.4934,0.4938,0.4942
0.3930,0.3935,0.3941,0.3946,0.3952,0.3957,0.3961,0.3964,0.3968,0.3971,0.3975,0.3978,0.3982,0.3985,0.3989,0.3992,0.3997,0.4003,0.4009,0.4015,0.4021,0.4027,0.4033,0.4039,0.4045,0.4051,0.4057,0.4063,0.4069,0.4076,0.4082,0.4088,0.4094,0.41,0.4107,0.4113,0.4119,0.4125,0.4132,0.4133,0.4134,0.4135,0.4136,0.4137,0.4138,0.4138,0.4139,0.4139,0.4139,0.4138,0.4138,0.4137,0.4137,0.4136,0.4134,0.4133,0.4131,0.413,0.4133,0.4142,0.4146,0.415,0.4154,0.4158,0.4162,0.4166,0.417,0.4174,0.4178,0.4182,0.4186,0.419,0.1632,0.164,0.1647,0.1656,0.1664,0.1673,0.1681,0.169,0.1699,0.1708,0.1717,0.1726,0.1735,0.1744,0.1753,0.1763,0.1772,0.1782,0.1792,0.1802,0.1812,0.1822,0.1832,0.1842,0.1853,0.1863,0.1874,0.1885,0.1896,0.1907,0.4319,0.4323,0.4327,0.4331,0.4336,0.434,0.4344,0.4348,0.4352,0.4356,0.4361,0.4365,0.4369,0.4373,0.4377,0.4382,0.4386,0.439,0.4394,0.4399,0.4403,0.4407,0.4412,0.4416,0.442,0.4425,0.4429,0.4433,0.4438,0.4442,0.4446,0.4451,0.4455,0.4459,0.4464,0.4468,0.4473,0.4477,0.4481,0.4486,0.449,0.4495,0.4499,0.4504,0.4508,0.4513,0.4517,0.4522,0.4526,0.4531,0.4535,0.454,0.4544,0.4549,0.4553,0.4558,0.4563,0.4567,0.4572,0.4577,0.4581,0.4586,0.459,0.4595,0.46,0.4604,0.4609,0.4614,0.4619,0.4623,0.4628,0.4633,0.4638,0.4642,0.4647,0.465,0.4654,0.4658,0.4661,0.4665,0.4669,0.4672,0.4676,0.468,0.4683,0.4687,0.4691,0.4694,0.4698,0.4702,0.4705,0.4709,0.4713,0.4717,0.472,0.4724,0.4728,0.4732,0.4735,0.4739,0.4743,0.4747,0.4751,0.4755,0.4758,0.4762,0.4766,0.477,0.4774,0.4778,0.4782,0.4786,0.479,0.4794,0.4797,0.4872,0.4858,0.4844,0.483,0.4817,0.4821,0.4825,0.4828,0.4831,0.4834,0.4837,0.484,0.4844,0.4847,0.485,0.4853,0.4856,0.486,0.4864,0.4867,0.4871,0.4874,0.4878,0.4881,0.4885,0.4889,0.4892,0.4896,0.4899,0.4903,0.4907,0.491,0.4914,0.4917,0.4921,0.4925,0.4928,0.4932,0.4936
0.3930,0.3935,0.3941,0.3946,0.3952,0.3956,0.3959,0.3963,0.3966,0.397,0.3973,0.3977,0.398,0.3984,0.3987,0.3991,0.3995,0.4001,0.4006,0.4012,0.4018,0.4024,0.403,0.4036,0.4042,0.4048,0.4054,0.4061,0.4067,0.4073,0.4079,0.4085,0.4091,0.4097,0.4104,0.411,0.4116,0.4122,0.4126,0.4127,0.4128,0.4129,0.413,0.4131,0.4131,0.4132,0.4133,0.4134,0.4135,0.4134,0.4134,0.4133,0.4132,0.4132,0.4131,0.4131,0.413,0.4129,0.4127,0.4136,0.4142,0.4146,0.415,0.4154,0.4158,0.4162,0.4166,0.417,0.4174,0.4178,0.4182,0.4186,0.1634,0.1641,0.1649,0.1656,0.1664,0.1672,0.168,0.1689,0.1698,0.1707,0.1716,0.1725,0.1734,0.1743,0.1752,0.1762,0.1771,0.1781,0.1791,0.1801,0.1811,0.1821,0.1831,0.1841,0.1852,0.1862,0.1873,0.1884,0.1895,0.4311,0.4315,0.4319,0.4323,0.4327,0.4331,0.4335,0.4339,0.4344,0.4348,0.4352,0.4356,0.436,0.4365,0.4369,0.4373,0.4377,0.4381,0.4386,0.439,0.4394,0.4398,0.4403,0.4407,0.4411,0.4416,0.442,0.4424,0.4429,0.4433,0.4437,0.4442,0.4446,0.445,0.4455,0.4459,0.4463,0.4468,0.4472,0.4477,0.4481,0.4486,0.449,0.4494,0.4499,0.4503,0.4508,0.4512,0.4517,0.4521,0.4526,0.453,0.4535,0.454,0.4544,0.4549,0.4553,0.4558,0.4562,0.4567,0.4572,0.4576,0.4581,0.4586,0.459,0.4595,0.46,0.4604,0.4609,0.4614,0.4618,0.4623,0.4628,0.4632,0.4637,0.4641,0.4645,0.4648,0.4652,0.4656,0.4659,0.4663,0.4667,0.467,0.4674,0.4678,0.4681,0.4685,0.4689,0.4692,0.4696,0.47,0.4704,0.4707,0.4711,0.4715,0.4719,0.4722,0.4726,0.473,0.4734,0.4737,0.4741,0.4745,0.4749,0.4753,0.4757,0.4761,0.4765,0.4769,0.4772,0.4776,0.478,0.4784,0.4788,0.4791,0.4853,0.4839,0.4825,0.4811,0.4812,0.4816,0.482,0.4823,0.4826,0.4829,0.4833,0.4836,0.4839,0.4842,0.4845,0.4848,0.4852,0.4855,0.4858,0.4861,0.4865,0.4868,0.4872,0.4876,0.4879,0.4883,0.4886,0.489,0.4893,0.4897,0.4901,0.4904,0.4908,0.4911,0.4915,0.4919,0.4922,0.4926,0.493
0.3930,0.3935,0.3941,0.3946,0.3951,0.3954,0.3957,0.3961,0.3964,0.3968,0.3971,0.3975,0.3978,0.3982,0.3985,0.3989,0.3992,0.3998,0.4004,0.401,0.4016,0.4022,0.4027,0.4033,0.404,0.4046,0.4052,0.4058,0.4064,0.407,0.4076,0.4082,0.4088,0.4094,0.4101,0.4107,0.4113,0.4119,0.412,0.4121,0.4122,0.4123,0.4124,0.4124,0.4125,0.4126,0.4127,0.4128,0.4129,0.413,0.413,0.4129,0.4128,0.4128,0.4127,0.4127,0.4126,0.4126,0.4125,0.4127,0.4138,0.4142,0.4146,0.415,0.4154,0.4158,0.4162,0.4166,0.417,0.4174,0.4178,0.4182,0.1635,0.1642,0.165,0.1657,0.1665,0.1673,0.1681,0.1689,0.1697,0.1706,0.1715,0.1724,0.1733,0.1742,0.1751,0.1761,0.177,0.178,0.179,0.18,0.181,0.182,0.183,0.184,0.1851,0.1861,0.1872,0.1882,0.1893,0.4306,0.431,0.4314,0.4319,0.4323,0.4327,0.4331,0.4335,0.4339,0.4343,0.4348,0.4352,0.4356,0.436,0.4364,0.4369,0.4373,0.4377,0.4381,0.4385,0.439,0.4394,0.4398,0.4402,0.4407,0.4411,0.4415,0.442,0.4424,0.4428,0.4433,0.4437,0.4441,0.4446,0.445,0.4454,0.4459,0.4463,0.4468,0.4472,0.4476,0.4481,0.4485,0.449,0.4494,0.4499,0.4503,0.4508,0.4512,0.4517,0.4521,0.4526,0.453,0.4535,0.4539,0.4544,0.4548,0.4553,0.4557,0.4562,0.4567,0.4571,0.4576,0.4581,0.4585,0.459,0.4595,0.4599,0.4604,0.4609,0.4613,0.4618,0.4623,0.4627,0.4632,0.4636,0.4639,0.4643,0.4647,0.465,0.4654,0.4658,0.4661,0.4665,0.4669,0.4672,0.4676,0.468,0.4683,0.4687,0.4691,0.4694,0.4698,0.4702,0.4705,0.4709,0.4713,0.4717,0.4721,0.4724,0.4728,0.4732,0.4736,0.474,0.4744,0.4747,0.4751,0.4755,0.4759,0.4763,0.4767,0.4771,0.4775,0.4779,0.4782,0.4785,0.4834,0.482,0.4806,0.4801,0.4806,0.481,0.4814,0.4818,0.4821,0.4825,0.4828,0.4831,0.4834,0.4837,0.484,0.4844,0.4847,0.485,0.4853,0.4856,0.4859,0.4863,0.4866,0.487,0.4873,0.4877,0.488,0.4884,0.4887,0.4891,0.4895,0.4898,0.4902,0.4905,0.4909,0.4913,0.4916,0.492,0.4924
0.3929,0.3935,0.394,0.3945,0.3949,0.3952,0.3956,0.3959,0.3963,0.3966,0.397,0.3973,0.3976,0.398,0.3983,0.3987,0.399,0.3995,0.4001,0.4007,0.4013,0.4019,0.4025,0.4031,0.4037,0.4043,0.4049,0.4055,0.4061,0.4067,0.4073,0.4079,0.4085,0.4092,0.4098,0.4104,0.411,0.4113,0.4114,0.4115,0.4116,0.4117,0.4118,0.4118,0.4119,0.412,0.4121,0.4122,0.4123,0.4124,0.4124,0.4125,0.4124,0.4124,0.4123,0.4123,0.4122,0.4122,0.4121,0.4122,0.4131,0.4138,0.4142,0.4146,0.415,0.4154,0.4158,0.4162,0.4166,0.417,0.4174,0.4178,0.1636,0.1644,0.1651,0.1659,0.1666,0.1674,0.1682,0.169,0.1698,0.1706,0.1714,0.1723,0.1732,0.1741,0.175,0.176,0.1769,0.1779,0.1789,0.1799,0.1808,0.1819,0.1829,0.1839,0.1849,0.186,0.1871,0.1881,0.1892,0.4302,0.4306,0.431,0.4314,0.4318,0.4322,0.4327,0.4331,0.4335,0.4339,0.4343,0.4347,0.4351,0.4356,0.436,0.4364,0.4368,0.4372,0.4377,0.4381,0.4385,0.4389,0.4394,0.4398,0.4402,0.4406,0.4411,0.4415,0.4419,0.4424,0.4428,0.4432,0.4437,0.4441,0.4445,0.445,0.4454,0.4459,0.4463,0.4467,0.4472,0.4476,0.4481,0.4485,0.4489,0.4494,0.4498,0.4503,0.4507,0.4512,0.4516,0.4521,0.4525,0.453,0.4534,0.4539,0.4544,0.4548,0.4553,0.4557,0.4562,0.4566,0.4571,0.4576,0.458,0.4585,0.459,0.4594,0.4599,0.4604,0.4608,0.4613,0.4618,0.4622,0.4627,0.463,0.4634,0.4638,0.4641,0.4645,0.4649,0.4652,0.4656,0.4659,0.4663,0.4667,0.467,0.4674,0.4678,0.4681,0.4685,0.4689,0.4693,0.4696,0.47,0.4704,0.4708,0.4711,0.4715,0.4719,0.4723,0.4727,0.473,0.4734,0.4738,0.4742,0.4746,0.475,0.4754,0.4758,0.4761,0.4765,0.4769,0.4773,0.4777,0.478,0.4782,0.4801,0.4791,0.4796,0.4801,0.4804,0.4808,0.4812,0.4816,0.482,0.4823,0.4826,0.4829,0.4832,0.4836,0.4839,0.4842,0.4845,0.4848,0.4851,0.4855,0.4858,0.4861,0.4864,0.4867,0.4871,0.4874,0.4878,0.4882,0.4885,0.4889,0.4892,0.4896,0.49,0.4903,0.4907,0.491,0.4914,0.4918
0.3929,0.3935,0.394,0.3944,0.3947,0.395,0.3954,0.3957,0.3961,0.3964,0.3968,0.3971,0.3975,0.3978,0.3982,0.3985,0.3989,0.3992,0.3998,0.4004,0.401,0.4016,0.4022,0.4028,0.4034,0.404,0.4046,0.4052,0.4058,0.4064,0.407,0.4076,0.4083,0.4089,0.4095,0.4101,0.4106,0.4107,0.4108,0.4109,0.411,0.4111,0.4111,0.4112,0.4113,0.4114,0.4115,0.4116,0.4117,0.4117,0.4118,0.4119,0.412,0.412,0.4119,0.4119,0.4118,0.4118,0.4117,0.4119,0.4123,0.4134,0.4139,0.4143,0.4147,0.4151,0.4154,0.4158,0.4162,0.4166,0.417,0.4174,0.1637,0.1645,0.1652,0.166,0.1668,0.1675,0.1683,0.1691,0.1699,0.1707,0.1715,0.1724,0.1732,0.174,0.1749,0.1759,0.1768,0.1778,0.1788,0.1797,0.1807,0.1817,0.1828,0.1838,0.1848,0.1859,0.1869,0.188,0.1891,0.4298,0.4302,0.4306,0.431,0.4314,0.4318,0.4322,0.4326,0.433,0.4335,0.4339,0.4343,0.4347,0.4351,0.4355,0.436,0.4364,0.4368,0.4372,0.4376,0.4381,0.4385,0.4389,0.4393,0.4398,0.4402,0.4406,0.4411,0.4415,0.4419,0.4423,0.4428,0.4432,0.4436,0.4441,0.4445,0.445,0.4454,0.4458,0.4463,0.4467,0.4471,0.4476,0.448,0.4485,0.4489,0.4494,0.4498,0.4503,0.4507,0.4512,0.4516,0.4521,0.4525,0.453,0.4534,0.4539,0.4543,0.4548,0.4552,0.4557,0.4562,0.4566,0.4571,0.4575,0.458,0.4585,0.4589,0.4594,0.4599,0.4603,0.4608,0.4613,0.4617,0.4621,0.4625,0.4629,0.4632,0.4636,0.4639,0.4643,0.4647,0.465,0.4654,0.4658,0.4661,0.4665,0.4669,0.4672,0.4676,0.468,0.4683,0.4687,0.4691,0.4695,0.4698,0.4702,0.4706,0.471,0.4714,0.4717,0.4721,0.4725,0.4729,0.4733,0.4737,0.474,0.4744,0.4748,0.4752,0.4756,0.476,0.4764,0.4768,0.4771,0.4774,0.4777,0.4783,0.4786,0.4791,0.4795,0.4799,0.4803,0.4807,0.4811,0.4815,0.4818,0.4821,0.4825,0.4828,0.4831,0.4834,0.4837,0.484,0.4843,0.4847,0.485,0.4853,0.4856,0.4859,0.4863,0.4866,0.4869,0.4872,0.4876,0.4879,0.4883,0.4886,0.489,0.4894,0.4897,0.4901,0.4904,0.4908,0.4912
0.3929,0.3934,0.3938,0.3942,0.3945,0.3949,0.3952,0.3956,0.3959,0.3963,0.3966,0.3969,0.3973,0.3976,0.398,0.3983,0.3987,0.399,0.3995,0.4001,0.4007,0.4013,0.4019,0.4025,0.4031,0.4037,0.4043,0.4049,0.4055,0.4061,0.4067,0.4073,0.408,0.4086,0.4092,0.4098,0.41,0.4101,0.4102,0.4103,0.4104,0.4105,0.4105,0.4106,0.4107,0.4108,0.4109,0.411,0.4111,0.4111,0.4112,0.4113,0.4114,0.4115,0.4115,0.4115,0.4114,0.4114,0.4113,0.4115,0.4119,0.4125,0.4135,0.4139,0.4143,0.4147,0.4151,0.4155,0.4159,0.4163,0.4167,0.4171,0.1639,0.1646,0.1654,0.1661,0.1669,0.1677,0.1685,0.1692,0.17,0.1708,0.1717,0.1725,0.1733,0.1742,0.175,0.1759,0.1767,0.1777,0.1787,0.1796,0.1806,0.1816,0.1827,0.1837,0.1847,0.1858,0.1868,0.1879,0.189,0.4293,0.4297,0.4301,0.4305,0.431,0.4314,0.4318,0.4322,0.4326,0.433,0.4334,0.4338,0.4343,0.4347,0.4351,0.4355,0.4359,0.4364,0.4368,0.4372,0.4376,0.438,0.4385,0.4389,0.4393,0.4397,0.4402,0.4406,0.441,0.4415,0.4419,0.4423,0.4427,0.4432,0.4436,0.4441,0.4445,0.4449,0.4454,0.4458,0.4462,0.4467,0.4471,0.4476,0.448,0.4484,0.4489,0.4493,0.4498,0.4502,0.4507,0.4511,0.4516,0.452,0.4525,0.4529,0.4534,0.4538,0.4543,0.4547,0.4552,0.4557,0.4561,0.4566,0.457,0.4575,0.458,0.4584,0.4589,0.4594,0.4598,0.4603,0.4608,0.4612,0.4616,0.462,0.4623,0.4627,0.463,0.4634,0.4638,0.4641,0.4645,0.4649,0.4652,0.4656,0.4659,0.4663,0.4667,0.467,0.4674,0.4678,0.4682,0.4685,0.4689,0.4693,0.4697,0.4701,0.4704,0.4708,0.4712,0.4716,0.472,0.4723,0.4727,0.4731,0.4735,0.4739,0.4743,0.4747,0.475,0.4754,0.4758,0.4762,0.4765,0.4768,0.4771,0.4775,0.478,0.4785,0.4789,0.4793,0.4797,0.4801,0.4805,0.4809,0.4813,0.4817,0.482,0.4823,0.4826,0.4829,0.4832,0.4835,0.4839,0.4842,0.4845,0.4848,0.4851,0.4854,0.4858,0.4861,0.4864,0.4867,0.487,0.4874,0.4877,0.4881,0.4884,0.4888,0.4891,0.4895,0.4898,0.4902,0.4906
0.3929,0.3933,0.3937,0.394,0.3943,0.3947,0.395,0.3954,0.3957,0.3961,0.3964,0.3968,0.3971,0.3975,0.3978,0.3982,0.3985,0.3989,0.3993,0.3998,0.4004,0.401,0.4016,0.4022,0.4028,0.4034,0.404,0.4046,0.4052,0.4058,0.4065,0.4071,0.4077,0.4083,0.4089,0.4093,0.4094,0.4095,0.4096,0.4097,0.4098,0.4099,0.4099,0.41,0.4101,0.4102,0.4103,0.4104,0.4105,0.4105,0.4106,0.4107,0.4108,0.4109,0.411,0.411,0.411,0.411,0.4109,0.4111,0.4116,0.412,0.4128,0.4135,0.4139,0.4143,0.4147,0.4151,0.4155,0.4159,0.4163,0.4167,0.164,0.1647,0.1655,0.1662,0.167,0.1678,0.1686,0.1694,0.1702,0.171,0.1718,0.1726,0.1735,0.1743,0.1751,0.176,0.1769,0.1777,0.1786,0.1795,0.1805,0.1815,0.1825,0.1836,0.1846,0.1857,0.1867,0.1878,0.1889,0.4289,0.4293,0.4297,0.4301,0.4305,0.4309,0.4313,0.4318,0.4322,0.4326,0.433,0.4334,0.4338,0.4342,0.4347,0.4351,0.4355,0.4359,0.4363,0.4367,0.4372,0.4376,0.438,0.4384,0.4389,0.4393,0.4397,0.4401,0.4406,0.441,0.4414,0.4419,0.4423,0.4427,0.4432,0.4436,0.444,0.4445,0.4449,0.4453,0.4458,0.4462,0.4467,0.4471,0.4475,0.448,0.4484,0.4489,0.4493,0.4498,0.4502,0.4507,0.4511,0.4515,0.452,0.4524,0.4529,0.4534,0.4538,0.4543,0.4547,0.4552,0.4556,0.4561,0.4566,0.457,0.4575,0.4579,0.4584,0.4589,0.4593,0.4598,0.4603,0.4607,0.4611,0.4614,0.4618,0.4621,0.4625,0.4629,0.4632,0.4636,0.464,0.4643,0.4647,0.465,0.4654,0.4658,0.4661,0.4665,0.4669,0.4673,0.4676,0.468,0.4684,0.4688,0.4691,0.4695,0.4699,0.4703,0.4707,0.471,0.4714,0.4718,0.4722,0.4726,0.473,0.4733,0.4737,0.4741,0.4745,0.4749,0.4753,0.4757,0.476,0.4763,0.4765,0.477,0.4775,0.478,0.4784,0.4788,0.4792,0.4796,0.4799,0.4803,0.4807,0.4811,0.4815,0.4818,0.4821,0.4824,0.4828,0.4831,0.4834,0.4837,0.484,0.4843,0.4846,0.485,0.4853,0.4856,0.4859,0.4862,0.4866,0.4869,0.4872,0.4875,0.4878,0.4882,0.4885,0.4889,0.4893,0.4896,0.49
0.3928,0.3931,0.3935,0.3938,0.3942,0.3945,0.3949,0.3952,0.3956,0.3959,0.3962,0.3966,0.3969,0.3973,0.3976,0.398,0.3983,0.3987,0.399,0.3996,0.4002,0.4008,0.4013,0.4019,0.4025,0.4031,0.4037,0.4043,0.405,0.4056,0.4062,0.4068,0.4074,0.408,0.4086,0.4087,0.4088,0.4089,0.409,0.4091,0.4092,0.4093,0.4093,0.4094,0.4095,0.4096,0.4097,0.4098,0.4098,0.4099,0.41,0.4101,0.4102,0.4103,0.4104,0.4104,0.4105,0.4106,0.4105,0.4107,0.4112,0.4117,0.4121,0.4131,0.4135,0.4139,0.4143,0.4147,0.4151,0.4155,0.4159,0.4163,0.1641,0.1649,0.1656,0.1664,0.1671,0.1679,0.1687,0.1695,0.1703,0.1711,0.1719,0.1728,0.1736,0.1744,0.1753,0.1761,0.177,0.1779,0.1788,0.1796,0.1805,0.1815,0.1824,0.1835,0.1845,0.1855,0.1866,0.1877,0.1888,0.4285,0.4289,0.4293,0.4297,0.4301,0.4305,0.4309,0.4313,0.4317,0.4321,0.4325,0.433,0.4334,0.4338,0.4342,0.4346,0.435,0.4355,0.4359,0.4363,0.4367,0.4371,0.4376,0.438,0.4384,0.4388,0.4393,0.4397,0.4401,0.4405,0.441,0.4414,0.4418,0.4423,0.4427,0.4431,0.4436,0.444,0.4444,0.4449,0.4453,0.4457,0.4462,0.4466,0.4471,0.4475,0.4479,0.4484,0.4488,0.4493,0.4497,0.4502,0.4506,0.4511,0.4515,0.452,0.4524,0.4529,0.4533,0.4538,0.4542,0.4547,0.4551,0.4556,0.4561,0.4565,0.457,0.4575,0.4579,0.4584,0.4588,0.4593,0.4598,0.4602,0.4605,0.4609,0.4613,0.4616,0.462,0.4623,0.4627,0.4631,0.4634,0.4638,0.4641,0.4645,0.4649,0.4652,0.4656,0.466,0.4664,0.4667,0.4671,0.4675,0.4679,0.4682,0.4686,0.469,0.4694,0.4697,0.4701,0.4705,0.4709,0.4713,0.4716,0.472,0.4724,0.4728,0.4732,0.4736,0.474,0.4743,0.4747,0.4751,0.4754,0.4757,0.476,0.4765,0.477,0.4774,0.4778,0.4782,0.4786,0.479,0.4794,0.4798,0.4802,0.4806,0.481,0.4813,0.4817,0.482,0.4823,0.4826,0.4829,0.4832,0.4835,0.4839,0.4842,0.4845,0.4848,0.4851,0.4854,0.4858,0.4861,0.4864,0.4867,0.487,0.4874,0.4877,0.488,0.4883,0.4887,0.489,0.4894
0.3926,0.393,0.3933,0.3937,0.394,0.3943,0.3947,0.395,0.3954,0.3957,0.3961,0.3964,0.3968,0.3971,0.3975,0.3978,0.3982,0.3985,0.3989,0.3993,0.3999,0.4005,0.4011,0.4017,0.4023,0.4029,0.4035,0.4041,0.4047,0.4053,0.4059,0.4065,0.4071,0.4077,0.4081,0.4082,0.4082,0.4083,0.4084,0.4085,0.4086,0.4087,0.4087,0.4088,0.4089,0.409,0.4091,0.4092,0.4092,0.4093,0.4094,0.4095,0.4096,0.4097,0.4098,0.4098,0.4099,0.41,0.4101,0.4103,0.4108,0.4113,0.4117,0.4123,0.4132,0.4136,0.4139,0.4143,0.4147,0.4151,0.4155,0.4159,0.1642,0.165,0.1657,0.1665,0.1673,0.1681,0.1688,0.1696,0.1704,0.1712,0.1721,0.1729,0.1737,0.1746,0.1754,0.1763,0.1771,0.178,0.1789,0.1798,0.1807,0.1816,0.1825,0.1835,0.1844,0.1854,0.1865,0.1876,0.1886,0.428,0.4284,0.4288,0.4292,0.4297,0.4301,0.4305,0.4309,0.4313,0.4317,0.4321,0.4325,0.4329,0.4334,0.4338,0.4342,0.4346,0.435,0.4354,0.4359,0.4363,0.4367,0.4371,0.4375,0.438,0.4384,0.4388,0.4392,0.4397,0.4401,0.4405,0.4409,0.4414,0.4418,0.4422,0.4427,0.4431,0.4435,0.444,0.4444,0.4448,0.4453,0.4457,0.4462,0.4466,0.447,0.4475,0.4479,0.4484,0.4488,0.4493,0.4497,0.4501,0.4506,0.451,0.4515,0.4519,0.4524,0.4528,0.4533,0.4538,0.4542,0.4547,0.4551,0.4556,0.456,0.4565,0.457,0.4574,0.4579,0.4583,0.4588,0.4593,0.4597,0.46,0.4604,0.4607,0.4611,0.4614,0.4618,0.4622,0.4625,0.4629,0.4632,0.4636,0.464,0.4643,0.4647,0.4651,0.4655,0.4658,0.4662,0.4666,0.467,0.4673,0.4677,0.4681,0.4685,0.4688,0.4692,0.4696,0.47,0.4703,0.4707,0.4711,0.4715,0.4719,0.4723,0.4726,0.473,0.4734,0.4738,0.4742,0.4746,0.4748,0.4751,0.4755,0.476,0.4765,0.4769,0.4773,0.4777,0.478,0.4784,0.4788,0.4792,0.4796,0.48,0.4804,0.4808,0.4812,0.4815,0.4818,0.4821,0.4824,0.4827,0.4831,0.4834,0.4837,0.484,0.4843,0.4846,0.485,0.4853,0.4856,0.4859,0.4862,0.4865,0.4869,0.4872,0.4875,0.4878,0.4882,0.4885,0.4888
0.3925,0.3928,0.3931,0.3935,0.3938,0.3942,0.3945,0.3949,0.3952,0.3955,0.3959,0.3962,0.3966,0.3969,0.3973,0.3976,0.398,0.3983,0.3987,0.399,0.3996,0.4002,0.4008,0.4014,0.402,0.4026,0.4032,0.4038,0.4044,0.405,0.4056,0.4062,0.4068,0.4074,0.4075,0.4076,0.4076,0.4077,0.4078,0.4079,0.408,0.4081,0.4081,0.4082,0.4083,0.4084,0.4085,0.4086,0.4086,0.4087,0.4088,0.4089,0.409,0.4091,0.4092,0.4092,0.4093,0.4095,0.4097,0.41,0.4104,0.4109,0.4114,0.4118,0.4126,0.4132,0.4136,0.414,0.4144,0.4148,0.4152,0.4155,0.1643,0.1651,0.1659,0.1666,0.1674,0.1682,0.169,0.1698,0.1706,0.1714,0.1722,0.173,0.1739,0.1747,0.1756,0.1764,0.1773,0.1782,0.179,0.1799,0.1808,0.1818,0.1827,0.1836,0.1846,0.1855,0.1865,0.1874,0.1885,0.4276,0.428,0.4284,0.4288,0.4292,0.4296,0.43,0.4304,0.4309,0.4313,0.4317,0.4321,0.4325,0.4329,0.4333,0.4337,0.4342,0.4346,0.435,0.4354,0.4358,0.4362,0.4367,0.4371,0.4375,0.4379,0.4384,0.4388,0.4392,0.4396,0.4401,0.4405,0.4409,0.4413,0.4418,0.4422,0.4426,0.4431,0.4435,0.4439,0.4444,0.4448,0.4453,0.4457,0.4461,0.4466,0.447,0.4475,0.4479,0.4483,0.4488,0.4492,0.4497,0.4501,0.4506,0.451,0.4515,0.4519,0.4524,0.4528,0.4533,0.4537,0.4542,0.4546,0.4551,0.4556,0.456,0.4565,0.4569,0.4574,0.4579,0.4583,0.4588,0.4591,0.4595,0.4598,0.4602,0.4605,0.4609,0.4613,0.4616,0.462,0.4623,0.4627,0.4631,0.4635,0.4638,0.4642,0.4646,0.4649,0.4653,0.4657,0.466,0.4664,0.4668,0.4672,0.4675,0.4679,0.4683,0.4687,0.4691,0.4694,0.4698,0.4702,0.4706,0.471,0.4713,0.4717,0.4721,0.4725,0.4729,0.4732,0.4736,0.474,0.4743,0.4746,0.475,0.4755,0.4759,0.4763,0.4767,0.4771,0.4775,0.4779,0.4783,0.4787,0.4791,0.4794,0.4798,0.4802,0.4806,0.481,0.4813,0.4816,0.482,0.4823,0.4826,0.4829,0.4832,0.4835,0.4838,0.4842,0.4845,0.4848,0.4851,0.4854,0.4857,0.4861,0.4864,0.4867,0.487,0.4873,0.4877,0.488,0.4883
0.3923,0.3926,0.393,0.3933,0.3937,0.394,0.3943,0.3947,0.395,0.3954,0.3957,0.3961,0.3964,0.3968,0.3971,0.3974,0.3978,0.3981,0.3985,0.3988,0.3993,0.3999,0.4005,0.4011,0.4017,0.4023,0.4029,0.4035,0.4041,0.4047,0.4053,0.4059,0.4065,0.4068,0.4069,0.407,0.407,0.4071,0.4072,0.4073,0.4074,0.4075,0.4075,0.4076,0.4077,0.4078,0.4079,0.408,0.4081,0.4081,0.4082,0.4083,0.4084,0.4085,0.4086,0.4087,0.409,0.4093,0.4096,0.4098,0.4101,0.4105,0.411,0.4115,0.4119,0.4128,0.4132,0.4136,0.414,0.4144,0.4148,0.4152,0.1645,0.1652,0.166,0.1668,0.1675,0.1683,0.1691,0.1699,0.1707,0.1715,0.1723,0.1732,0.174,0.1748,0.1757,0.1766,0.1774,0.1783,0.1792,0.1801,0.181,0.1819,0.1828,0.1838,0.1847,0.4256,0.426,0.4264,0.4268,0.4272,0.4276,0.428,0.4284,0.4288,0.4292,0.4296,0.43,0.4304,0.4308,0.4312,0.4316,0.4321,0.4325,0.4329,0.4333,0.4337,0.4341,0.4345,0.435,0.4354,0.4358,0.4362,0.4366,0.4371,0.4375,0.4379,0.4383,0.4388,0.4392,0.4396,0.44,0.4405,0.4409,0.4413,0.4418,0.4422,0.4426,0.443,0.4435,0.4439,0.4444,0.4448,0.4452,0.4457,0.4461,0.4465,0.447,0.4474,0.4479,0.4483,0.4488,0.4492,0.4496,0.4501,0.4505,0.451,0.4514,0.4519,0.4523,0.4528,0.4532,0.4537,0.4542,0.4546,0.4551,0.4555,0.456,0.4564,0.4569,0.4574,0.4578,0.4582,0.4586,0.4589,0.4593,0.4597,0.46,0.4604,0.4607,0.4611,0.4615,0.4618,0.4622,0.4626,0.4629,0.4633,0.4637,0.464,0.4644,0.4648,0.4651,0.4655,0.4659,0.4663,0.4666,0.467,0.4674,0.4678,0.4681,0.4685,0.4689,0.4693,0.4697,0.47,0.4704,0.4708,0.4712,0.4716,0.4719,0.4723,0.4727,0.4731,0.4735,0.4737,0.474,0.4745,0.475,0.4754,0.4758,0.4762,0.4766,0.4769,0.4773,0.4777,0.4781,0.4785,0.4789,0.4793,0.4797,0.4801,0.4805,0.4809,0.4812,0.4815,0.4818,0.4821,0.4824,0.4827,0.483,0.4834,0.4837,0.484,0.4843,0.4846,0.4849,0.4853,0.4856,0.4859,0.4862,0.4865,0.4869,0.4872,0.4875,0.4878
0.3921,0.3925,0.3928,0.3931,0.3935,0.3938,0.3942,0.3945,0.3948,0.3952,0.3955,0.3959,0.3962,0.3966,0.3969,0.3973,0.3976,0.398,0.3983,0.3987,0.3991,0.3996,0.4002,0.4008,0.4014,0.402,0.4026,0.4032,0.4038,0.4044,0.405,0.4056,0.4061,0.4062,0.4063,0.4064,0.4065,0.4065,0.4066,0.4067,0.4068,0.4069,0.407,0.407,0.4071,0.4072,0.4073,0.4074,0.4075,0.4075,0.4076,0.4077,0.4078,0.408,0.4083,0.4086,0.4088,0.4091,0.4094,0.4097,0.4099,0.4102,0.4106,0.4111,0.4115,0.412,0.4128,0.4132,0.4136,0.414,0.4144,0.4148,0.1646,0.1653,0.1661,0.1669,0.1677,0.1684,0.1692,0.17,0.1708,0.1716,0.1725,0.1733,0.1741,0.175,0.1758,0.1767,0.1776,0.1785,0.1793,0.1802,0.4232,0.4236,0.424,0.4244,0.4247,0.4251,0.4255,0.4259,0.4263,0.4267,0.4271,0.4275,0.428,0.4284,0.4288,0.4292,0.4296,0.43,0.4304,0.4308,0.4312,0.4316,0.432,0.4324,0.4329,0.4333,0.4337,0.4341,0.4345,0.4349,0.4354,0.4358,0.4362,0.4366,0.437,0.4375,0.4379,0.4383,0.4387,0.4392,0.4396,0.44,0.4404,0.4409,0.4413,0.4417,0.4422,0.4426,0.443,0.4435,0.4439,0.4443,0.4448,0.4452,0.4456,0.4461,0.4465,0.447,0.4474,0.4478,0.4483,0.4487,0.4492,0.4496,0.4501,0.4505,0.451,0.4514,0.4519,0.4523,0.4528,0.4532,0.4537,0.4541,0.4546,0.455,0.4555,0.456,0.4564,0.4569,0.4573,0.4577,0.4581,0.4584,0.4588,0.4591,0.4595,0.4599,0.4602,0.4606,0.4609,0.4613,0.4617,0.462,0.4624,0.4628,0.4631,0.4635,0.4639,0.4643,0.4646,0.465,0.4654,0.4657,0.4661,0.4665,0.4669,0.4672,0.4676,0.468,0.4684,0.4687,0.4691,0.4695,0.4699,0.4703,0.4706,0.471,0.4714,0.4718,0.4722,0.4725,0.4729,0.4732,0.4734,0.474,0.4745,0.4748,0.4752,0.4756,0.476,0.4764,0.4768,0.4772,0.4776,0.4779,0.4783,0.4787,0.4791,0.4795,0.4799,0.4803,0.4807,0.481,0.4813,0.4816,0.4819,0.4823,0.4826,0.4829,0.4832,0.4835,0.4838,0.4841,0.4845,0.4848,0.4851,0.4854,0.4857,0.4861,0.4864,0.4867,0.487,0.4873
0.3919,0.3923,0.3926,0.393,0.3933,0.3936,0.394,0.3943,0.3947,0.395,0.3954,0.3957,0.3961,0.3964,0.3967,0.3971,0.3974,0.3978,0.3981,0.3985,0.3988,0.3994,0.4,0.4006,0.4011,0.4017,0.4023,0.4029,0.4035,0.4041,0.4047,0.4053,0.4055,0.4056,0.4057,0.4058,0.4059,0.4059,0.406,0.4061,0.4062,0.4063,0.4064,0.4064,0.4065,0.4066,0.4067,0.4068,0.4069,0.4069,0.407,0.4073,0.4076,0.4079,0.4081,0.4084,0.4087,0.4089,0.4092,0.4095,0.4098,0.41,0.4103,0.4107,0.4112,0.4116,0.4124,0.4129,0.4132,0.4136,0.414,0.4144,0.1647,0.1655,0.1662,0.167,0.1678,0.1686,0.1694,0.1702,0.171,0.1718,0.1726,0.1734,0.1743,0.1751,0.4204,0.4208,0.4212,0.4216,0.422,0.4224,0.4228,0.4231,0.4235,0.4239,0.4243,0.4247,0.4251,0.4255,0.4259,0.4263,0.4267,0.4271,0.4275,0.4279,0.4283,0.4287,0.4291,0.4296,0.43,0.4304,0.4308,0.4312,0.4316,0.432,0.4324,0.4328,0.4332,0.4337,0.4341,0.4345,0.4349,0.4353,0.4357,0.4362,0.4366,0.437,0.4374,0.4379,0.4383,0.4387,0.4391,0.4396,0.44,0.4404,0.4408,0.4413,0.4417,0.4421,0.4426,0.443,0.4434,0.4439,0.4443,0.4447,0.4452,0.4456,0.446,0.4465,0.4469,0.4474,0.4478,0.4483,0.4487,0.4491,0.4496,0.45,0.4505,0.4509,0.4514,0.4518,0.4523,0.4527,0.4532,0.4536,0.4541,0.4546,0.455,0.4555,0.4559,0.4564,0.4568,0.4572,0.4575,0.4579,0.4583,0.4586,0.459,0.4593,0.4597,0.4601,0.4604,0.4608,0.4612,0.4615,0.4619,0.4623,0.4626,0.463,0.4634,0.4637,0.4641,0.4645,0.4648,0.4652,0.4656,0.466,0.4663,0.4667,0.4671,0.4675,0.4678,0.4682,0.4686,0.469,0.4693,0.4697,0.4701,0.4705,0.4709,0.4712,0.4716,0.472,0.4723,0.4726,0.4729,0.4735,0.4739,0.4743,0.4747,0.4751,0.4755,0.4758,0.4762,0.4766,0.477,0.4774,0.4778,0.4782,0.4786,0.479,0.4793,0.4797,0.4801,0.4805,0.4808,0.4812,0.4815,0.4818,0.4821,0.4824,0.4827,0.483,0.4834,0.4837,0.484,0.4843,0.4846,0.4849,0.4853,0.4856,0.4859,0.4862,0.4865,0.4868
0.3918,0.3921,0.3924,0.3928,0.3931,0.3935,0.3938,0.3942,0.3945,0.3948,0.3952,0.3955,0.3959,0.3962,0.3966,0.3969,0.3973,0.3976,0.398,0.3983,0.3987,0.3991,0.3997,0.4003,0.4009,0.4015,0.4021,0.4027,0.4033,0.4039,0.4045,0.4049,0.4049,0.405,0.4051,0.4052,0.4053,0.4054,0.4054,0.4055,0.4056,0.4057,0.4058,0.4059,0.4059,0.406,0.4061,0.4062,0.4063,0.4066,0.4069,0.4071,0.4074,0.4077,0.408,0.4082,0.4085,0.4088,0.4091,0.4093,0.4096,0.4099,0.4101,0.4104,0.4108,0.4113,0.4117,0.4125,0.4129,0.4133,0.4137,0.414,0.1648,0.1656,0.1664,0.1671,0.1679,0.1687,0.1695,0.1703,0.4177,0.4181,0.4185,0.4188,0.4192,0.4196,0.42,0.4204,0.4208,0.4212,0.4215,0.4219,0.4223,0.4227,0.4231,0.4235,0.4239,0.4243,0.4247,0.4251,0.4255,0.4259,0.4263,0.4267,0.4271,0.4275,0.4279,0.4283,0.4287,0.4291,0.4295,0.4299,0.4303,0.4308,0.4312,0.4316,0.432,0.4324,0.4328,0.4332,0.4336,0.4341,0.4345,0.4349,0.4353,0.4357,0.4361,0.4366,0.437,0.4374,0.4378,0.4383,0.4387,0.4391,0.4395,0.44,0.4404,0.4408,0.4412,0.4417,0.4421,0.4425,0.443,0.4434,0.4438,0.4443,0.4447,0.4451,0.4456,0.446,0.4465,0.4469,0.4473,0.4478,0.4482,0.4487,0.4491,0.4496,0.45,0.4505,0.4509,0.4514,0.4518,0.4523,0.4527,0.4532,0.4536,0.4541,0.4545,0.455,0.4554,0.4559,0.4563,0.4567,0.457,0.4574,0.4577,0.4581,0.4585,0.4588,0.4592,0.4596,0.4599,0.4603,0.4606,0.461,0.4614,0.4617,0.4621,0.4625,0.4628,0.4632,0.4636,0.4639,0.4643,0.4647,0.4651,0.4654,0.4658,0.4662,0.4666,0.4669,0.4673,0.4677,0.4681,0.4684,0.4688,0.4692,0.4696,0.4699,0.4703,0.4707,0.4711,0.4715,0.4718,0.4721,0.4724,0.473,0.4734,0.4738,0.4741,0.4745,0.4749,0.4753,0.4757,0.4761,0.4765,0.4768,0.4772,0.4776,0.478,0.4784,0.4788,0.4792,0.4796,0.48,0.4804,0.4807,0.481,0.4813,0.4816,0.4819,0.4822,0.4826,0.4829,0.4832,0.4835,0.4838,0.4841,0.4845,0.4848,0.4851,0.4854,0.4857,0.486,0.4864
0.3916,0.392,0.3923,0.3926,0.393,0.3933,0.3936,0.394,0.3943,0.3947,0.395,0.3954,0.3957,0.396,0.3964,0.3967,0.3971,0.3974,0.3978,0.3981,0.3985,0.3988,0.3994,0.4,0.4006,0.4012,0.4018,0.4024,0.403,0.4036,0.4042,0.4043,0.4044,0.4044,0.4045,0.4046,0.4047,0.4048,0.4048,0.4049,0.405,0.4051,0.4052,0.4053,0.4053,0.4054,0.4056,0.4059,0.4062,0.4064,0.4067,0.407,0.4072,0.4075,0.4078,0.4081,0.4083,0.4086,0.4089,0.4092,0.4094,0.4097,0.41,0.4103,0.4105,0.4109,0.4113,0.4118,0.4125,0.4129,0.4133,0.4137,0.165,0.1657,0.4149,0.4153,0.4157,0.4161,0.4165,0.4169,0.4173,0.4177,0.418,0.4184,0.4188,0.4192,0.4196,0.42,0.4204,0.4207,0.4211,0.4215,0.4219,0.4223,0.4227,0.4231,0.4235,0.4239,0.4243,0.4247,0.4251,0.4255,0.4259,0.4263,0.4267,0.4271,0.4275,0.4279,0.4283,0.4287,0.4291,0.4295,0.4299,0.4303,0.4307,0.4311,0.4315,0.432,0.4324,0.4328,0.4332,0.4336,0.434,0.4344,0.4349,0.4353,0.4357,0.4361,0.4365,0.437,0.4374,0.4378,0.4382,0.4387,0.4391,0.4395,0.4399,0.4404,0.4408,0.4412,0.4416,0.4421,0.4425,0.4429,0.4434,0.4438,0.4442,0.4447,0.4451,0.4456,0.446,0.4464,0.4469,0.4473,0.4478,0.4482,0.4486,0.4491,0.4495,0.45,0.4504,0.4509,0.4513,0.4518,0.4522,0.4527,0.4531,0.4536,0.454,0.4545,0.455,0.4554,0.4558,0.4562,0.4565,0.4569,0.4572,0.4576,0.458,0.4583,0.4587,0.459,0.4594,0.4598,0.4601,0.4605,0.4609,0.4612,0.4616,0.462,0.4623,0.4627,0.4631,0.4634,0.4638,0.4642,0.4645,0.4649,0.4653,0.4657,0.466,0.4664,0.4668,0.4671,0.4675,0.4679,0.4683,0.4687,0.469,0.4694,0.4698,0.4702,0.4705,0.4709,0.4712,0.4715,0.4719,0.4724,0.4728,0.4732,0.4736,0.474,0.4744,0.4747,0.4751,0.4755,0.4759,0.4763,0.4767,0.4771,0.4775,0.4778,0.4782,0.4786,0.479,0.4794,0.4798,0.4802,0.4805,0.4808,0.4811,0.4815,0.4818,0.4821,0.4824,0.4827,0.483,0.4833,0.4837,0.484,0.4843,0.4846,0.4849,0.4852,0.4856,0.4859
0.3915,0.3918,0.3921,0.3925,0.3928,0.3931,0.3935,0.3938,0.3941,0.3945,0.3948,0.3952,0.3955,0.3959,0.3962,0.3966,0.3969,0.3973,0.3976,0.398,0.3983,0.3987,0.3991,0.3997,0.4003,0.4009,0.4015,0.4021,0.4027,0.4033,0.4036,0.4037,0.4038,0.4038,0.4039,0.404,0.4041,0.4042,0.4043,0.4043,0.4044,0.4045,0.4046,0.4047,0.4049,0.4052,0.4055,0.4057,0.406,0.4063,0.4065,0.4068,0.4071,0.4074,0.4076,0.4079,0.4082,0.4084,0.4087,0.409,0.4093,0.4095,0.4098,0.4101,0.4104,0.4106,0.411,0.4114,0.4121,0.1627,0.1634,0.1642,0.4137,0.4141,0.4145,0.4149,0.4154,0.4157,0.4161,0.4165,0.4169,0.4173,0.4176,0.418,0.4184,0.4188,0.4192,0.4196,0.4199,0.4203,0.4207,0.4211,0.4215,0.4219,0.4223,0.4227,0.4231,0.4235,0.4239,0.4242,0.4246,0.425,0.4254,0.4258,0.4262,0.4266,0.427,0.4274,0.4279,0.4283,0.4287,0.4291,0.4295,0.4299,0.4303,0.4307,0.4311,0.4315,0.4319,0.4323,0.4328,0.4332,0.4336,0.434,0.4344,0.4348,0.4353,0.4357,0.4361,0.4365,0.4369,0.4374,0.4378,0.4382,0.4386,0.4391,0.4395,0.4399,0.4403,0.4408,0.4412,0.4416,0.442,0.4425,0.4429,0.4433,0.4438,0.4442,0.4447,0.4451,0.4455,0.446,0.4464,0.4468,0.4473,0.4477,0.4482,0.4486,0.4491,0.4495,0.45,0.4504,0.4508,0.4513,0.4517,0.4522,0.4527,0.4531,0.4536,0.454,0.4544,0.4548,0.4553,0.4557,0.456,0.4564,0.4567,0.4571,0.4574,0.4578,0.4582,0.4585,0.4589,0.4593,0.4596,0.46,0.4603,0.4607,0.4611,0.4614,0.4618,0.4622,0.4625,0.4629,0.4633,0.4636,0.464,0.4644,0.4648,0.4651,0.4655,0.4659,0.4662,0.4666,0.467,0.4674,0.4677,0.4681,0.4685,0.4689,0.4693,0.4696,0.47,0.4704,0.4707,0.4709,0.4714,0.4719,0.4723,0.4727,0.473,0.4734,0.4738,0.4742,0.4746,0.475,0.4754,0.4757,0.4761,0.4765,0.4769,0.4773,0.4777,0.4781,0.4785,0.4788,0.4792,0.4796,0.48,0.4804,0.4807,0.481,0.4813,0.4816,0.4819,0.4822,0.4826,0.4829,0.4832,0.4835,0.4838,0.4841,0.4844,0.4848,0.4851,0.4854
0.3913,0.3917,0.392,0.3923,0.3926,0.393,0.3933,0.3936,0.394,0.3943,0.3947,0.395,0.3953,0.3957,0.396,0.3964,0.3967,0.3971,0.3974,0.3978,0.3981,0.3985,0.3989,0.3994,0.4,0.4006,0.4012,0.4018,0.4024,0.4029,0.403,0.4031,0.4032,0.4033,0.4033,0.4034,0.4035,0.4036,0.4037,0.4038,0.4038,0.404,0.4042,0.4045,0.4048,0.405,0.4053,0.4056,0.4058,0.4061,0.4064,0.4066,0.4069,0.4072,0.4075,0.4077,0.408,0.4083,0.4085,0.4088,0.4091,0.4094,0.4096,0.1582,0.1589,0.1597,0.1604,0.1611,0.1619,0.1626,0.1634,0.1642,0.4133,0.4137,0.4141,0.4146,0.4149,0.4153,0.4157,0.4161,0.4165,0.4168,0.4172,0.4176,0.418,0.4184,0.4188,0.4191,0.4195,0.4199,0.4203,0.4207,0.4211,0.4215,0.4219,0.4222,0.4226,0.423,0.4234,0.4238,0.4242,0.4246,0.425,0.4254,0.4258,0.4262,0.4266,0.427,0.4274,0.4278,0.4282,0.4286,0.429,0.4295,0.4299,0.4303,0.4307,0.4311,0.4315,0.4319,0.4323,0.4327,0.4331,0.4336,0.434,0.4344,0.4348,0.4352,0.4356,0.4361,0.4365,0.4369,0.4373,0.4378,0.4382,0.4386,0.439,0.4394,0.4399,0.4403,0.4407,0.4412,0.4416,0.442,0.4425,0.4429,0.4433,0.4438,0.4442,0.4446,0.4451,0.4455,0.4459,0.4464,0.4468,0.4473,0.4477,0.4481,0.4486,0.449,0.4495,0.4499,0.4504,0.4508,0.4513,0.4517,0.4522,0.4526,0.453,0.4534,0.4538,0.4543,0.4548,0.4553,0.4556,0.4559,0.4562,0.4566,0.4569,0.4573,0.4577,0.458,0.4584,0.4587,0.4591,0.4595,0.4598,0.4602,0.4606,0.4609,0.4613,0.4617,0.462,0.4624,0.4628,0.4631,0.4635,0.4639,0.4642,0.4646,0.465,0.4653,0.4657,0.4661,0.4665,0.4668,0.4672,0.4676,0.468,0.4683,0.4687,0.4691,0.4695,0.4699,0.4701,0.4704,0.4709,0.4714,0.4717,0.4721,0.4725,0.4729,0.4733,0.4737,0.474,0.4744,0.4748,0.4752,0.4756,0.476,0.4763,0.4767,0.4771,0.4775,0.4779,0.4783,0.4787,0.4791,0.4795,0.4799,0.4802,0.4805,0.4808,0.4811,0.4814,0.4818,0.4821,0.4824,0.4827,0.483,0.4833,0.4836,0.484,0.4843,0.4846,0.4849
0.3912,0.3915,0.3918,0.3922,0.3925,0.3928,0.3932,0.3935,0.3938,0.3941,0.3945,0.3948,0.3952,0.3955,0.3959,0.3962,0.3966,0.3969,0.3972,0.3976,0.3979,0.3983,0.3986,0.3992,0.3998,0.4003,0.4009,0.4015,0.4021,0.4024,0.4024,0.4025,0.4026,0.4027,0.4028,0.4028,0.4029,0.403,0.4031,0.4033,0.4035,0.4038,0.4041,0.4043,0.4046,0.4049,0.4051,0.4054,0.4057,0.4059,0.4062,0.4065,0.4067,0.407,0.4073,0.4076,0.4078,0.4081,0.1547,0.1554,0.1561,0.1568,0.1575,0.1582,0.1589,0.1596,0.1604,0.1611,0.1619,0.1626,0.1634,0.1641,0.413,0.4133,0.4138,0.4142,0.4145,0.4149,0.4153,0.4157,0.4161,0.4164,0.4168,0.4172,0.4176,0.418,0.4183,0.4187,0.4191,0.4195,0.4199,0.4203,0.4207,0.421,0.4214,0.4218,0.4222,0.4226,0.423,0.4234,0.4238,0.4242,0.4246,0.425,0.4254,0.4258,0.4262,0.4266,0.427,0.4274,0.4278,0.4282,0.4286,0.429,0.4294,0.4298,0.4302,0.4306,0.4311,0.4315,0.4319,0.4323,0.4327,0.4331,0.4335,0.434,0.4344,0.4348,0.4352,0.4356,0.436,0.4365,0.4369,0.4373,0.4377,0.4381,0.4386,0.439,0.4394,0.4398,0.4403,0.4407,0.4411,0.4416,0.442,0.4424,0.4429,0.4433,0.4437,0.4442,0.4446,0.445,0.4455,0.4459,0.4464,0.4468,0.4472,0.4477,0.4481,0.4486,0.449,0.4495,0.4499,0.4503,0.4508,0.4512,0.4516,0.452,0.4524,0.4529,0.4533,0.4538,0.4543,0.4548,0.4551,0.4555,0.4558,0.4561,0.4564,0.4568,0.4572,0.4575,0.4579,0.4582,0.4586,0.459,0.4593,0.4597,0.46,0.4604,0.4608,0.4611,0.4615,0.4619,0.4622,0.4626,0.463,0.4633,0.4637,0.4641,0.4644,0.4648,0.4652,0.4656,0.4659,0.4663,0.4667,0.4671,0.4674,0.4678,0.4682,0.4686,0.4689,0.4693,0.4696,0.4699,0.4704,0.4708,0.4712,0.4716,0.472,0.4723,0.4727,0.4731,0.4735,0.4739,0.4743,0.4746,0.475,0.4754,0.4758,0.4762,0.4766,0.477,0.4773,0.4777,0.4781,0.4785,0.4789,0.4793,0.4797,0.48,0.4804,0.4807,0.481,0.4813,0.4816,0.4819,0.4822,0.4825,0.4829,0.4832,0.4835,0.4838,0.4841,0.4844
0.3910,0.3914,0.3917,0.392,0.3923,0.3927,0.393,0.3933,0.3937,0.394,0.3943,0.3947,0.395,0.3953,0.3957,0.396,0.3964,0.3967,0.3971,0.3974,0.3978,0.3981,0.3985,0.3989,0.3995,0.4001,0.4007,0.4013,0.4017,0.4018,0.4019,0.4019,0.402,0.4021,0.4022,0.4023,0.4023,0.4026,0.4028,0.4031,0.4034,0.4036,0.4039,0.4042,0.4044,0.4047,0.405,0.4052,0.4055,0.4058,0.406,0.4063,0.1506,0.1513,0.1519,0.1526,0.1533,0.154,0.1546,0.1553,0.156,0.1567,0.1574,0.1581,0.1589,0.1596,0.1603,0.1611,0.1618,0.1626,0.1633,0.1641,0.4126,0.413,0.4134,0.4138,0.4141,0.4145,0.4149,0.4153,0.4156,0.416,0.4164,0.4168,0.4172,0.4176,0.4179,0.4183,0.4187,0.4191,0.4195,0.4199,0.4202,0.4206,0.421,0.4214,0.4218,0.4222,0.4226,0.423,0.4234,0.4238,0.4242,0.4246,0.425,0.4254,0.4258,0.4262,0.4266,0.427,0.4274,0.4278,0.4282,0.4286,0.429,0.4294,0.4298,0.4302,0.4306,0.431,0.4314,0.4319,0.4323,0.4327,0.4331,0.4335,0.4339,0.4343,0.4348,0.4352,0.4356,0.436,0.4364,0.4369,0.4373,0.4377,0.4381,0.4385,0.439,0.4394,0.4398,0.4403,0.4407,0.4411,0.4415,0.442,0.4424,0.4428,0.4433,0.4437,0.4441,0.4446,0.445,0.4454,0.4459,0.4463,0.4468,0.4472,0.4476,0.4481,0.4485,0.449,0.4494,0.4498,0.4502,0.4506,0.4511,0.4515,0.4519,0.4523,0.4527,0.4532,0.4538,0.4543,0.4547,0.455,0.4553,0.4557,0.456,0.4563,0.4566,0.457,0.4574,0.4577,0.4581,0.4584,0.4588,0.4592,0.4595,0.4599,0.4603,0.4606,0.461,0.4614,0.4617,0.4621,0.4625,0.4628,0.4632,0.4636,0.4639,0.4643,0.4647,0.465,0.4654,0.4658,0.4662,0.4665,0.4669,0.4673,0.4677,0.468,0.4684,0.4688,0.469,0.4694,0.4699,0.4703,0.4707,0.471,0.4714,0.4718,0.4722,0.4726,0.4729,0.4733,0.4737,0.4741,0.4745,0.4749,0.4752,0.4756,0.476,0.4764,0.4768,0.4772,0.4776,0.478,0.4784,0.4787,0.4791,0.4795,0.4799,0.4802,0.4805,0.4808,0.4811,0.4814,0.4818,0.4821,0.4824,0.4827,0.483,0.4833,0.4836,0.484
0.3909,0.3912,0.3915,0.3919,0.3922,0.3925,0.3929,0.3932,0.3935,0.3938,0.3942,0.3945,0.3948,0.3952,0.3955,0.3959,0.3962,0.3965,0.3969,0.3972,0.3976,0.3979,0.3983,0.3986,0.3992,0.3998,0.4004,0.401,0.4011,0.4012,0.4013,0.4014,0.4014,0.4015,0.4016,0.4019,0.4021,0.4024,0.4027,0.4029,0.4032,0.4035,0.4037,0.404,0.4043,0.4045,0.4048,0.4051,0.4053,0.4056,0.4059,0.1499,0.1506,0.1513,0.1519,0.1526,0.1532,0.1539,0.1546,0.1553,0.156,0.1567,0.1574,0.1581,0.1588,0.1596,0.1603,0.161,0.1618,0.1625,0.1633,0.4118,0.4122,0.4126,0.413,0.4134,0.4137,0.4141,0.4145,0.4149,0.4152,0.4156,0.416,0.4164,0.4168,0.4171,0.4175,0.4179,0.4183,0.4187,0.4191,0.4194,0.4198,0.4202,0.4206,0.421,0.4214,0.4218,0.4222,0.4226,0.423,0.4234,0.4238,0.4241,0.4245,0.4249,0.4253,0.4257,0.4261,0.4265,0.4269,0.4273,0.4278,0.4282,0.4286,0.429,0.4294,0.4298,0.4302,0.4306,0.431,0.4314,0.4318,0.4322,0.4327,0.4331,0.4335,0.4339,0.4343,0.4347,0.4351,0.4356,0.436,0.4364,0.4368,0.4372,0.4377,0.4381,0.4385,0.4389,0.4394,0.4398,0.4402,0.4407,0.4411,0.4415,0.4419,0.4424,0.4428,0.4432,0.4437,0.4441,0.4445,0.445,0.4454,0.4459,0.4463,0.4467,0.4472,0.4476,0.448,0.4484,0.4488,0.4493,0.4497,0.4501,0.4505,0.4509,0.4514,0.4518,0.4522,0.4527,0.4532,0.4537,0.4543,0.4546,0.4549,0.4552,0.4556,0.4559,0.4562,0.4565,0.4569,0.4572,0.4576,0.4579,0.4583,0.4587,0.459,0.4594,0.4597,0.4601,0.4605,0.4608,0.4612,0.4616,0.4619,0.4623,0.4627,0.463,0.4634,0.4638,0.4641,0.4645,0.4649,0.4653,0.4656,0.466,0.4664,0.4668,0.4671,0.4675,0.4679,0.4682,0.4685,0.4689,0.4694,0.4698,0.4701,0.4705,0.4709,0.4713,0.4716,0.472,0.4724,0.4728,0.4732,0.4735,0.4739,0.4743,0.4747,0.4751,0.4755,0.4759,0.4762,0.4766,0.477,0.4774,0.4778,0.4782,0.4786,0.479,0.4794,0.4797,0.48,0.4803,0.4807,0.481,0.4813,0.4816,0.4819,0.4822,0.4825,0.4828,0.4832,0.4835
0.3907,0.3911,0.3914,0.3917,0.392,0.3924,0.3927,0.393,0.3934,0.3937,0.394,0.3944,0.3947,0.395,0.3954,0.3957,0.396,0.3964,0.3967,0.3971,0.3974,0.3978,0.3981,0.3985,0.3989,0.3995,0.4001,0.4005,0.4005,0.4006,0.4007,0.4008,0.4009,0.4012,0.4014,0.4017,0.402,0.4022,0.4025,0.4028,0.403,0.4033,0.4036,0.4038,0.4041,0.4044,0.4046,0.4049,0.4052,0.4054,0.4057,0.1498,0.1505,0.1512,0.1519,0.1525,0.1532,0.1539,0.1546,0.1553,0.156,0.1567,0.1574,0.1581,0.1588,0.1595,0.1603,0.161,0.1618,0.1625,0.1633,0.4114,0.4118,0.4122,0.4126,0.413,0.4133,0.4137,0.4141,0.4145,0.4148,0.4152,0.4156,0.416,0.4164,0.4167,0.4171,0.4175,0.4179,0.4183,0.4186,0.419,0.4194,0.4198,0.4202,0.4206,0.421,0.4214,0.4218,0.4221,0.4225,0.4229,0.4233,0.4237,0.4241,0.4245,0.4249,0.4253,0.4257,0.4261,0.4265,0.4269,0.4273,0.4277,0.4281,0.4285,0.4289,0.4293,0.4298,0.4302,0.4306,0.431,0.4314,0.4318,0.4322,0.4326,0.433,0.4335,0.4339,0.4343,0.4347,0.4351,0.4355,0.436,0.4364,0.4368,0.4372,0.4376,0.4381,0.4385,0.4389,0.4393,0.4398,0.4402,0.4406,0.4411,0.4415,0.4419,0.4423,0.4428,0.4432,0.4436,0.4441,0.4445,0.445,0.4454,0.4458,0.4462,0.4467,0.4471,0.4475,0.4479,0.4483,0.4487,0.4491,0.4495,0.45,0.4504,0.4508,0.4512,0.4517,0.4522,0.4527,0.4532,0.4537,0.4541,0.4545,0.4548,0.4551,0.4554,0.4558,0.4561,0.4564,0.4567,0.4571,0.4574,0.4578,0.4581,0.4585,0.4589,0.4592,0.4596,0.46,0.4603,0.4607,0.4611,0.4614,0.4618,0.4621,0.4625,0.4629,0.4633,0.4636,0.464,0.4644,0.4647,0.4651,0.4655,0.4658,0.4662,0.4666,0.467,0.4673,0.4677,0.4679,0.4685,0.4688,0.4692,0.4696,0.47,0.4703,0.4707,0.4711,0.4715,0.4719,0.4722,0.4726,0.473,0.4734,0.4738,0.4742,0.4745,0.4749,0.4753,0.4757,0.4761,0.4765,0.4769,0.4772,0.4776,0.478,0.4784,0.4788,0.4792,0.4796,0.4799,0.4802,0.4805,0.4808,0.4811,0.4814,0.4817,0.4821,0.4824,0.4827,0.483
0.3902,0.3906,0.391,0.3913,0.3917,0.3921,0.3925,0.3928,0.3932,0.3935,0.3939,0.3942,0.3945,0.3949,0.3952,0.3955,0.3959,0.3962,0.3966,0.3969,0.3972,0.3976,0.3979,0.3983,0.3987,0.3992,0.3998,0.3999,0.4,0.4,0.4002,0.4005,0.4008,0.401,0.4013,0.4015,0.4018,0.4021,0.4023,0.4026,0.4029,0.4031,0.4034,0.4037,0.4039,0.4042,0.4045,0.4047,0.405,0.4053,0.4055,0.1496,0.1503,0.1511,0.1518,0.1525,0.1532,0.1539,0.1545,0.1552,0.1559,0.1566,0.1573,0.1581,0.1588,0.1595,0.1602,0.161,0.1617,0.1625,0.1632,0.4111,0.4114,0.4118,0.4122,0.4126,0.4129,0.4133,0.4137,0.4141,0.4144,0.4148,0.4152,0.4156,0.4159,0.4163,0.4167,0.4171,0.4175,0.4178,0.4182,0.4186,0.419,0.4194,0.4198,0.4202,0.4206,0.4209,0.4213,0.4217,0.4221,0.4225,0.4229,0.4233,0.4237,0.4241,0.4245,0.4249,0.4253,0.4257,0.4261,0.4265,0.4269,0.4273,0.4277,0.4281,0.4285,0.4289,0.4293,0.4297,0.4301,0.4305,0.431,0.4314,0.4318,0.4322,0.4326,0.433,0.4334,0.4338,0.4343,0.4347,0.4351,0.4355,0.4359,0.4364,0.4368,0.4372,0.4376,0.438,0.4385,0.4389,0.4393,0.4397,0.4402,0.4406,0.441,0.4415,0.4419,0.4423,0.4428,0.4432,0.4436,0.4441,0.4445,0.4449,0.4453,0.4457,0.4461,0.4465,0.4469,0.4474,0.4478,0.4482,0.4486,0.449,0.4494,0.4498,0.4503,0.4507,0.4511,0.4517,0.4522,0.4527,0.4532,0.4537,0.454,0.4543,0.4547,0.455,0.4553,0.4556,0.456,0.4563,0.4566,0.4569,0.4573,0.4576,0.458,0.4584,0.4587,0.4591,0.4594,0.4598,0.4602,0.4605,0.4609,0.4613,0.4616,0.462,0.4624,0.4627,0.4631,0.4635,0.4638,0.4642,0.4646,0.465,0.4653,0.4657,0.4661,0.4664,0.4668,0.4671,0.4675,0.4679,0.4683,0.4687,0.4691,0.4694,0.4698,0.4702,0.4706,0.4709,0.4713,0.4717,0.4721,0.4725,0.4728,0.4732,0.4736,0.474,0.4744,0.4748,0.4751,0.4755,0.4759,0.4763,0.4767,0.4771,0.4775,0.4779,0.4782,0.4786,0.479,0.4794,0.4797,0.48,0.4803,0.4806,0.481,0.4813,0.4816,0.4819,0.4822,0.4825
0.3897,0.3901,0.3904,0.3908,0.3912,0.3916,0.3919,0.3923,0.3927,0.3931,0.3934,0.3938,0.3942,0.3946,0.395,0.3953,0.3957,0.3961,0.3964,0.3967,0.3971,0.3974,0.3978,0.3981,0.3985,0.399,0.3992,0.3993,0.3995,0.3998,0.4001,0.4003,0.4006,0.4009,0.4011,0.4014,0.4016,0.4019,0.4022,0.4024,0.4027,0.403,0.4032,0.4035,0.4037,0.404,0.4043,0.4045,0.4048,0.405,0.4053,0.1494,0.1502,0.1509,0.1517,0.1524,0.1532,0.1538,0.1545,0.1552,0.1559,0.1566,0.1573,0.158,0.1587,0.1595,0.1602,0.1609,0.1617,0.1624,0.1632,0.4107,0.411,0.4114,0.4118,0.4122,0.4125,0.4129,0.4133,0.4137,0.414,0.4144,0.4148,0.4152,0.4155,0.4159,0.4163,0.4167,0.4171,0.4174,0.4178,0.4182,0.4186,0.419,0.4194,0.4198,0.4201,0.4205,0.4209,0.4213,0.4217,0.4221,0.4225,0.4229,0.4233,0.4237,0.4241,0.4245,0.4249,0.4253,0.4257,0.4261,0.4265,0.4269,0.4273,0.4277,0.4281,0.4285,0.4289,0.4293,0.4297,0.4301,0.4305,0.4309,0.4313,0.4318,0.4322,0.4326,0.433,0.4334,0.4338,0.4342,0.4347,0.4351,0.4355,0.4359,0.4363,0.4367,0.4372,0.4376,0.438,0.4384,0.4389,0.4393,0.4397,0.4401,0.4406,0.441,0.4414,0.4419,0.4423,0.4427,0.4431,0.4435,0.444,0.4444,0.4448,0.4452,0.4456,0.446,0.4464,0.4468,0.4472,0.4476,0.4481,0.4485,0.4489,0.4493,0.4497,0.4501,0.4506,0.4511,0.4516,0.4522,0.4527,0.4532,0.4536,0.4539,0.4542,0.4545,0.4549,0.4552,0.4555,0.4558,0.4562,0.4565,0.4568,0.4571,0.4575,0.4579,0.4582,0.4586,0.4589,0.4593,0.4597,0.46,0.4604,0.4608,0.4611,0.4615,0.4618,0.4622,0.4626,0.4629,0.4633,0.4637,0.4641,0.4644,0.4648,0.4652,0.4655,0.4659,0.4663,0.4666,0.467,0.4674,0.4678,0.4682,0.4685,0.4689,0.4693,0.4697,0.47,0.4704,0.4708,0.4712,0.4715,0.4719,0.4723,0.4727,0.4731,0.4734,0.4738,0.4742,0.4746,0.475,0.4754,0.4758,0.4761,0.4765,0.4769,0.4773,0.4777,0.4781,0.4785,0.4789,0.4792,0.4795,0.4799,0.4802,0.4805,0.4808,0.4811,0.4814,0.4817,0.482
0.3892,0.3896,0.3899,0.3903,0.3907,0.391,0.3914,0.3918,0.3922,0.3925,0.3929,0.3933,0.3937,0.3941,0.3944,0.3948,0.3952,0.3956,0.396,0.3963,0.3967,0.3971,0.3975,0.3979,0.3983,0.3986,0.3989,0.3991,0.3994,0.3996,0.3999,0.4001,0.4004,0.4006,0.4009,0.4011,0.4014,0.4016,0.4019,0.4021,0.4024,0.4026,0.4029,0.4031,0.4034,0.4036,0.4039,0.4041,0.4044,0.4047,0.4049,0.1493,0.15,0.1508,0.1515,0.1523,0.153,0.1538,0.1545,0.1552,0.1559,0.1566,0.1573,0.158,0.1587,0.1594,0.1602,0.1609,0.1617,0.1624,0.4101,0.4104,0.4106,0.411,0.4114,0.4118,0.4121,0.4125,0.4129,0.4133,0.4136,0.414,0.4144,0.4148,0.4151,0.4155,0.4159,0.4163,0.4166,0.417,0.4174,0.4178,0.4182,0.4186,0.419,0.4193,0.4197,0.4201,0.4205,0.4209,0.4213,0.4217,0.4221,0.4225,0.4229,0.4233,0.4237,0.4241,0.4244,0.4248,0.4252,0.4256,0.426,0.4264,0.4268,0.4272,0.4277,0.4281,0.4285,0.4289,0.4293,0.4297,0.4301,0.4305,0.4309,0.4313,0.4317,0.4321,0.4326,0.433,0.4334,0.4338,0.4342,0.4346,0.435,0.4355,0.4359,0.4363,0.4367,0.4371,0.4376,0.438,0.4384,0.4388,0.4393,0.4397,0.4401,0.4405,0.441,0.4414,0.4418,0.4422,0.4426,0.443,0.4434,0.4438,0.4442,0.4446,0.445,0.4455,0.4459,0.4463,0.4467,0.4471,0.4475,0.4479,0.4483,0.4488,0.4492,0.4496,0.4501,0.4506,0.4511,0.4516,0.4522,0.4527,0.4531,0.4535,0.4538,0.4541,0.4544,0.4548,0.4551,0.4554,0.4557,0.456,0.4564,0.4567,0.457,0.4573,0.4577,0.4581,0.4584,0.4588,0.4591,0.4595,0.4599,0.4602,0.4606,0.461,0.4613,0.4617,0.4621,0.4624,0.4628,0.4632,0.4635,0.4639,0.4643,0.4646,0.465,0.4654,0.4658,0.466,0.4665,0.4669,0.4672,0.4676,0.468,0.4684,0.4687,0.4691,0.4695,0.4699,0.4702,0.4706,0.471,0.4714,0.4718,0.4721,0.4725,0.4729,0.4733,0.4737,0.474,0.4744,0.4748,0.4752,0.4756,0.476,0.4764,0.4768,0.4771,0.4775,0.4779,0.4783,0.4787,0.4791,0.4794,0.4797,0.48,0.4803,0.4806,0.4809,0.4813,0.4816
0.3887,0.389,0.3894,0.3898,0.3902,0.3905,0.3909,0.3913,0.3916,0.392,0.3924,0.3928,0.3932,0.3935,0.3939,0.3943,0.3947,0.395,0.3954,0.3958,0.3962,0.3966,0.397,0.3973,0.3979,0.3982,0.3985,0.3988,0.399,0.3992,0.3995,0.3997,0.4,0.4002,0.4005,0.4007,0.401,0.4012,0.4015,0.4018,0.402,0.4023,0.4025,0.4028,0.403,0.4033,0.4035,0.4038,0.404,0.4043,0.4045,0.1491,0.1499,0.1506,0.1514,0.1521,0.1529,0.1537,0.1544,0.1551,0.1558,0.1565,0.1572,0.158,0.1587,0.1594,0.1601,0.1609,0.1616,0.1624,0.4097,0.41,0.4103,0.4106,0.411,0.4114,0.4117,0.4121,0.4125,0.4128,0.4132,0.4136,0.414,0.4144,0.4147,0.4151,0.4155,0.4159,0.4162,0.4166,0.417,0.4174,0.4178,0.4182,0.4185,0.4189,0.4193,0.4197,0.4201,0.4205,0.4209,0.4213,0.4217,0.4221,0.4224,0.4228,0.4232,0.4236,0.424,0.4244,0.4248,0.4252,0.4256,0.426,0.4264,0.4268,0.4272,0.4276,0.428,0.4284,0.4288,0.4292,0.4297,0.4301,0.4305,0.4309,0.4313,0.4317,0.4321,0.4325,0.4329,0.4334,0.4338,0.4342,0.4346,0.435,0.4354,0.4359,0.4363,0.4367,0.4371,0.4375,0.438,0.4384,0.4388,0.4392,0.4397,0.4401,0.4405,0.4409,0.4413,0.4417,0.4421,0.4425,0.4429,0.4433,0.4437,0.4441,0.4445,0.4449,0.4453,0.4457,0.4462,0.4466,0.447,0.4474,0.4478,0.4482,0.4486,0.4491,0.4496,0.4501,0.4506,0.4511,0.4516,0.4521,0.4527,0.453,0.4533,0.4537,0.454,0.4543,0.4546,0.455,0.4553,0.4556,0.4559,0.4563,0.4566,0.4569,0.4572,0.4576,0.4579,0.4583,0.4586,0.459,0.4594,0.4597,0.4601,0.4604,0.4608,0.4612,0.4615,0.4619,0.4623,0.4626,0.463,0.4634,0.4638,0.4641,0.4645,0.4649,0.4652,0.4655,0.466,0.4663,0.4667,0.4671,0.4675,0.4678,0.4682,0.4686,0.469,0.4693,0.4697,0.4701,0.4705,0.4708,0.4712,0.4716,0.472,0.4724,0.4727,0.4731,0.4735,0.4739,0.4743,0.4747,0.475,0.4754,0.4758,0.4762,0.4766,0.477,0.4774,0.4778,0.4781,0.4785,0.4789,0.4792,0.4795,0.4799,0.4802,0.4805,0.4808,0.4811
0.3882,0.3885,0.3889,0.3893,0.3896,0.39,0.3904,0.3908,0.3911,0.3915,0.3919,0.3923,0.3926,0.393,0.3934,0.3938,0.3941,0.3945,0.3949,0.3953,0.3957,0.396,0.3965,0.3971,0.3976,0.3978,0.3981,0.3984,0.3986,0.3989,0.3991,0.3994,0.3996,0.3999,0.4001,0.4004,0.4006,0.4009,0.4011,0.4014,0.4016,0.4019,0.4021,0.4024,0.4027,0.4029,0.4032,0.4034,0.4037,0.4039,0.1482,0.149,0.1497,0.1504,0.1512,0.1519,0.1527,0.1535,0.1543,0.1551,0.1558,0.1565,0.1572,0.1579,0.1586,0.1594,0.1601,0.1608,0.1616,0.1623,0.4093,0.4096,0.4099,0.4102,0.4106,0.411,0.4113,0.4117,0.4121,0.4124,0.4128,0.4132,0.4136,0.4139,0.4143,0.4147,0.4151,0.4155,0.4158,0.4162,0.4166,0.417,0.4174,0.4177,0.4181,0.4185,0.4189,0.4193,0.4197,0.4201,0.4205,0.4208,0.4212,0.4216,0.422,0.4224,0.4228,0.4232,0.4236,0.424,0.4244,0.4248,0.4252,0.4256,0.426,0.4264,0.4268,0.4272,0.4276,0.428,0.4284,0.4288,0.4292,0.4296,0.43,0.4304,0.4309,0.4313,0.4317,0.4321,0.4325,0.4329,0.4333,0.4337,0.4342,0.4346,0.435,0.4354,0.4358,0.4363,0.4367,0.4371,0.4375,0.4379,0.4384,0.4388,0.4392,0.4396,0.44,0.4404,0.4408,0.4412,0.4416,0.442,0.4424,0.4428,0.4432,0.4436,0.444,0.4444,0.4448,0.4452,0.4456,0.446,0.4464,0.4469,0.4473,0.4477,0.4481,0.4485,0.4491,0.4496,0.4501,0.4506,0.4511,0.4516,0.4521,0.4526,0.4529,0.4532,0.4536,0.4539,0.4542,0.4545,0.4548,0.4552,0.4555,0.4558,0.4561,0.4565,0.4568,0.4571,0.4574,0.4578,0.4581,0.4585,0.4588,0.4592,0.4596,0.4599,0.4603,0.4607,0.461,0.4614,0.4618,0.4621,0.4625,0.4629,0.4632,0.4636,0.464,0.4643,0.4647,0.465,0.4654,0.4658,0.4662,0.4666,0.4669,0.4673,0.4677,0.468,0.4684,0.4688,0.4692,0.4695,0.4699,0.4703,0.4707,0.4711,0.4714,0.4718,0.4722,0.4726,0.473,0.4733,0.4737,0.4741,0.4745,0.4749,0.4753,0.4756,0.476,0.4764,0.4768,0.4772,0.4776,0.478,0.4784,0.4788,0.4791,0.4794,0.4797,0.48,0.4803,0.4806
0.3877,0.388,0.3884,0.3888,0.3891,0.3895,0.3899,0.3902,0.3906,0.391,0.3914,0.3917,0.3921,0.3925,0.3929,0.3932,0.3936,0.394,0.3944,0.3948,0.3951,0.3956,0.3962,0.3968,0.3972,0.3974,0.3977,0.398,0.3982,0.3985,0.3988,0.399,0.3993,0.3995,0.3998,0.4,0.4003,0.4005,0.4008,0.401,0.4013,0.4015,0.4018,0.402,0.4023,0.4025,0.4028,0.4031,0.4033,0.4036,0.1481,0.1488,0.1495,0.1503,0.151,0.1518,0.1525,0.1533,0.1541,0.1549,0.1557,0.1565,0.1572,0.1579,0.1586,0.1593,0.1601,0.1608,0.1616,0.1623,0.409,0.4092,0.4095,0.4098,0.4102,0.4106,0.4109,0.4113,0.4117,0.412,0.4124,0.4128,0.4132,0.4135,0.4139,0.4143,0.4147,0.415,0.4154,0.4158,0.4162,0.4166,0.417,0.4173,0.4177,0.4181,0.4185,0.4189,0.4193,0.4197,0.42,0.4204,0.4208,0.4212,0.4216,0.422,0.4224,0.4228,0.4232,0.4236,0.424,0.4244,0.4248,0.4252,0.4256,0.426,0.4264,0.4268,0.4272,0.4276,0.428,0.4284,0.4288,0.4292,0.4296,0.43,0.4304,0.4308,0.4312,0.4317,0.4321,0.4325,0.4329,0.4333,0.4337,0.4341,0.4346,0.435,0.4354,0.4358,0.4362,0.4366,0.4371,0.4375,0.4379,0.4382,0.4386,0.439,0.4394,0.4398,0.4402,0.4406,0.441,0.4414,0.4418,0.4422,0.4426,0.4431,0.4435,0.4439,0.4443,0.4447,0.4451,0.4455,0.4459,0.4463,0.4467,0.4471,0.4475,0.448,0.4485,0.449,0.4496,0.4501,0.4506,0.4511,0.4516,0.4521,0.4525,0.4528,0.4531,0.4534,0.4538,0.4541,0.4544,0.4547,0.455,0.4554,0.4557,0.456,0.4563,0.4567,0.457,0.4573,0.4576,0.458,0.4583,0.4587,0.4591,0.4594,0.4598,0.4601,0.4605,0.4609,0.4612,0.4616,0.462,0.4623,0.4627,0.4631,0.4634,0.4638,0.4642,0.4645,0.4649,0.4653,0.4657,0.466,0.4664,0.4668,0.4671,0.4675,0.4679,0.4683,0.4686,0.469,0.4694,0.4698,0.4701,0.4705,0.4709,0.4713,0.4717,0.472,0.4724,0.4728,0.4732,0.4736,0.4739,0.4743,0.4747,0.4751,0.4755,0.4759,0.4763,0.4766,0.477,0.4774,0.4778,0.4782,0.4786,0.4789,0.4792,0.4795,0.4798,0.4802
0.3871,0.3875,0.3879,0.3882,0.3886,0.389,0.3894,0.3897,0.3901,0.3905,0.3908,0.3912,0.3916,0.392,0.3923,0.3927,0.3931,0.3935,0.3938,0.3942,0.3948,0.3954,0.396,0.3965,0.3968,0.397,0.3973,0.3976,0.3979,0.3981,0.3984,0.3987,0.3989,0.3992,0.3994,0.3997,0.3999,0.4002,0.4004,0.4007,0.4009,0.4012,0.4014,0.4017,0.4019,0.4022,0.4024,0.4027,0.4029,0.4032,0.1479,0.1487,0.1494,0.1501,0.1509,0.1516,0.1524,0.1532,0.1539,0.1547,0.1555,0.1563,0.1571,0.1579,0.1586,0.1593,0.16,0.1608,0.1615,0.1623,0.4086,0.4089,0.4091,0.4094,0.4098,0.4102,0.4105,0.4109,0.4113,0.4117,0.412,0.4124,0.4128,0.4131,0.4135,0.4139,0.4143,0.4146,0.415,0.4154,0.4158,0.4162,0.4165,0.4169,0.4173,0.4177,0.4181,0.4185,0.4189,0.4192,0.4196,0.42,0.4204,0.4208,0.4212,0.4216,0.422,0.4224,0.4228,0.4232,0.4236,0.424,0.4243,0.4247,0.4251,0.4255,0.4259,0.4263,0.4267,0.4272,0.4276,0.428,0.4284,0.4288,0.4292,0.4296,0.43,0.4304,0.4308,0.4312,0.4316,0.432,0.4325,0.4329,0.4333,0.4337,0.4341,0.4345,0.4349,0.4354,0.4358,0.4362,0.4366,0.4369,0.4373,0.4377,0.4381,0.4385,0.4389,0.4393,0.4397,0.4401,0.4405,0.4409,0.4413,0.4417,0.4421,0.4425,0.4429,0.4433,0.4437,0.4441,0.4446,0.445,0.4454,0.4458,0.4462,0.4466,0.447,0.4475,0.448,0.4485,0.449,0.4496,0.4501,0.4506,0.4511,0.4516,0.452,0.4524,0.4527,0.453,0.4533,0.4536,0.454,0.4543,0.4546,0.4549,0.4552,0.4556,0.4559,0.4562,0.4565,0.4569,0.4572,0.4575,0.4579,0.4582,0.4586,0.4589,0.4593,0.4596,0.46,0.4604,0.4607,0.4611,0.4615,0.4618,0.4622,0.4626,0.4629,0.4633,0.4636,0.464,0.4644,0.4648,0.4651,0.4655,0.4659,0.4662,0.4666,0.467,0.4674,0.4677,0.4681,0.4685,0.4689,0.4692,0.4696,0.47,0.4704,0.4707,0.4711,0.4715,0.4719,0.4723,0.4726,0.473,0.4734,0.4738,0.4742,0.4746,0.4749,0.4753,0.4757,0.4761,0.4765,0.4769,0.4773,0.4776,0.478,0.4784,0.4787,0.4791,0.4794,0.4797
0.3866,0.387,0.3874,0.3877,0.3881,0.3885,0.3888,0.3892,0.3896,0.3899,0.3903,0.3907,0.3911,0.3914,0.3918,0.3922,0.3926,0.3929,0.3934,0.394,0.3946,0.3952,0.3958,0.3961,0.3964,0.3967,0.3969,0.3972,0.3975,0.3977,0.398,0.3983,0.3985,0.3988,0.3991,0.3993,0.3996,0.3998,0.4001,0.4003,0.4006,0.4008,0.4011,0.4013,0.4016,0.4018,0.4021,0.4023,0.4026,0.4028,0.1478,0.1485,0.1492,0.15,0.1507,0.1515,0.1522,0.153,0.1538,0.1545,0.1553,0.1561,0.1569,0.1578,0.1586,0.1593,0.16,0.1607,0.1615,0.408,0.4082,0.4085,0.4087,0.409,0.4094,0.4098,0.4101,0.4105,0.4109,0.4113,0.4116,0.412,0.4124,0.4127,0.4131,0.4135,0.4139,0.4142,0.4146,0.415,0.4154,0.4158,0.4161,0.4165,0.4169,0.4173,0.4177,0.4181,0.4184,0.4188,0.4192,0.4196,0.42,0.4204,0.4208,0.4212,0.4216,0.422,0.4223,0.4227,0.4231,0.4235,0.4239,0.4243,0.4247,0.4251,0.4255,0.4259,0.4263,0.4267,0.4271,0.4275,0.4279,0.4283,0.4287,0.4291,0.4296,0.43,0.4304,0.4308,0.4312,0.4316,0.432,0.4324,0.4328,0.4333,0.4337,0.4341,0.4345,0.4349,0.4353,0.4356,0.436,0.4364,0.4368,0.4372,0.4376,0.438,0.4384,0.4388,0.4392,0.4396,0.44,0.4404,0.4408,0.4412,0.4416,0.442,0.4424,0.4428,0.4432,0.4436,0.444,0.4444,0.4448,0.4452,0.4457,0.4461,0.4465,0.447,0.4475,0.448,0.4485,0.449,0.4495,0.4501,0.4506,0.4511,0.4516,0.4519,0.4522,0.4526,0.4529,0.4532,0.4535,0.4538,0.4542,0.4545,0.4548,0.4551,0.4555,0.4558,0.4561,0.4564,0.4568,0.4571,0.4574,0.4577,0.4581,0.4584,0.4588,0.4591,0.4595,0.4598,0.4602,0.4606,0.4609,0.4613,0.4617,0.462,0.4624,0.4628,0.4631,0.4635,0.4639,0.4642,0.4646,0.465,0.4653,0.4657,0.4661,0.4665,0.4668,0.4672,0.4676,0.4679,0.4683,0.4687,0.4691,0.4694,0.4698,0.4702,0.4706,0.471,0.4713,0.4717,0.4721,0.4725,0.4729,0.4732,0.4736,0.474,0.4744,0.4748,0.4752,0.4755,0.4759,0.4763,0.4767,0.4771,0.4775,0.4779,0.4783,0.4786,0.4789,0.4792
0.3861,0.3865,0.3869,0.3872,0.3876,0.388,0.3883,0.3887,0.3891,0.3894,0.3898,0.3902,0.3905,0.3909,0.3913,0.3917,0.3921,0.3927,0.3932,0.3938,0.3944,0.395,0.3954,0.3957,0.396,0.3963,0.3965,0.3968,0.3971,0.3973,0.3976,0.3979,0.3981,0.3984,0.3987,0.399,0.3992,0.3995,0.3997,0.4,0.4002,0.4005,0.4007,0.401,0.4012,0.4015,0.4017,0.402,0.4022,0.4025,0.1476,0.1483,0.1491,0.1498,0.1505,0.1513,0.1521,0.1528,0.1536,0.1544,0.1552,0.156,0.1568,0.1576,0.1584,0.1592,0.16,0.1607,0.1615,0.4076,0.4079,0.4081,0.4084,0.4086,0.409,0.4094,0.4097,0.4101,0.4105,0.4109,0.4112,0.4116,0.412,0.4123,0.4127,0.4131,0.4135,0.4138,0.4142,0.4146,0.415,0.4154,0.4157,0.4161,0.4165,0.4169,0.4173,0.4176,0.418,0.4184,0.4188,0.4192,0.4196,0.42,0.4204,0.4208,0.4211,0.4215,0.4219,0.4223,0.4227,0.4231,0.4235,0.4239,0.4243,0.4247,0.4251,0.4255,0.4259,0.4263,0.4267,0.4271,0.4275,0.4279,0.4283,0.4287,0.4291,0.4295,0.4299,0.4303,0.4308,0.4312,0.4316,0.432,0.4324,0.4328,0.4332,0.4336,0.434,0.4344,0.4347,0.4351,0.4355,0.4359,0.4363,0.4367,0.4371,0.4375,0.4379,0.4383,0.4387,0.4391,0.4395,0.4399,0.4403,0.4407,0.4411,0.4415,0.4419,0.4423,0.4427,0.4431,0.4435,0.4439,0.4443,0.4447,0.4451,0.4455,0.446,0.4465,0.447,0.4475,0.448,0.4485,0.449,0.4495,0.4501,0.4506,0.4511,0.4515,0.4518,0.4521,0.4524,0.4528,0.4531,0.4534,0.4537,0.454,0.4544,0.4547,0.455,0.4553,0.4557,0.456,0.4563,0.4566,0.457,0.4573,0.4576,0.4579,0.4583,0.4586,0.459,0.4593,0.4597,0.4601,0.4604,0.4608,0.4612,0.4615,0.4619,0.4623,0.4626,0.463,0.4634,0.4637,0.4641,0.4645,0.4648,0.4652,0.4656,0.4659,0.4663,0.4667,0.467,0.4674,0.4678,0.4682,0.4685,0.4689,0.4693,0.4697,0.47,0.4704,0.4708,0.4712,0.4716,0.4719,0.4723,0.4727,0.4731,0.4735,0.4738,0.4742,0.4746,0.475,0.4754,0.4758,0.4762,0.4765,0.4769,0.4773,0.4777,0.4781,0.4784,0.4787
0.3856,0.386,0.3864,0.3867,0.3871,0.3875,0.3878,0.3882,0.3886,0.3889,0.3893,0.3897,0.39,0.3904,0.3908,0.3913,0.3919,0.3924,0.393,0.3936,0.3942,0.3948,0.395,0.3953,0.3956,0.3959,0.3961,0.3964,0.3967,0.397,0.3972,0.3975,0.3978,0.398,0.3983,0.3986,0.3988,0.3991,0.3993,0.3996,0.3998,0.4001,0.4003,0.4006,0.4008,0.4011,0.4013,0.4016,0.4019,0.4021,0.1475,0.1482,0.1489,0.1496,0.1504,0.1511,0.1519,0.1527,0.1534,0.1542,0.155,0.1558,0.1566,0.1574,0.1582,0.1591,0.1599,0.1607,0.1614,0.4072,0.4075,0.4077,0.408,0.4083,0.4086,0.409,0.4094,0.4097,0.4101,0.4105,0.4108,0.4112,0.4116,0.4119,0.4123,0.4127,0.4131,0.4134,0.4138,0.4142,0.4146,0.4149,0.4153,0.4157,0.4161,0.4165,0.4169,0.4172,0.4176,0.418,0.4184,0.4188,0.4192,0.4196,0.4199,0.4203,0.4207,0.4211,0.4215,0.4219,0.4223,0.4227,0.4231,0.4235,0.4239,0.4243,0.4247,0.4251,0.4255,0.4259,0.4263,0.4267,0.4271,0.4275,0.4279,0.4283,0.4287,0.4291,0.4295,0.4299,0.4303,0.4307,0.4311,0.4315,0.4319,0.4323,0.4327,0.4331,0.4335,0.4339,0.4342,0.4346,0.435,0.4354,0.4358,0.4362,0.4366,0.437,0.4374,0.4378,0.4382,0.4386,0.439,0.4394,0.4398,0.4402,0.4406,0.441,0.4414,0.4418,0.4422,0.4426,0.443,0.4434,0.4438,0.4442,0.4446,0.445,0.4455,0.446,0.4465,0.447,0.4475,0.448,0.4485,0.449,0.4495,0.45,0.4506,0.451,0.4514,0.4517,0.452,0.4523,0.4526,0.453,0.4533,0.4536,0.4539,0.4542,0.4546,0.4549,0.4552,0.4555,0.4559,0.4562,0.4565,0.4568,0.4572,0.4575,0.4578,0.4581,0.4585,0.4588,0.4592,0.4595,0.4599,0.4603,0.4606,0.461,0.4614,0.4617,0.4621,0.4625,0.4628,0.4632,0.4636,0.4639,0.4643,0.4647,0.465,0.4654,0.4658,0.4661,0.4665,0.4669,0.4673,0.4676,0.468,0.4684,0.4688,0.4691,0.4695,0.4699,0.4703,0.4706,0.471,0.4714,0.4718,0.4722,0.4725,0.4729,0.4733,0.4737,0.4741,0.4744,0.4748,0.4752,0.4756,0.476,0.4764,0.4768,0.4772,0.4775,0.4779,0.4783
0.3851,0.3855,0.3858,0.3862,0.3866,0.3869,0.3873,0.3877,0.388,0.3884,0.3888,0.3891,0.3895,0.3899,0.3905,0.3911,0.3916,0.3922,0.3928,0.3934,0.394,0.3944,0.3946,0.3949,0.3952,0.3955,0.3958,0.396,0.3963,0.3966,0.3968,0.3971,0.3974,0.3976,0.3979,0.3982,0.3984,0.3987,0.399,0.3992,0.3995,0.3997,0.4,0.4002,0.4005,0.4007,0.401,0.4012,0.4015,0.4017,0.1473,0.148,0.1488,0.1495,0.1502,0.151,0.1517,0.1525,0.1533,0.154,0.1548,0.1556,0.1564,0.1572,0.1581,0.1589,0.1597,0.1606,0.1614,0.4068,0.4071,0.4074,0.4076,0.4079,0.4082,0.4086,0.409,0.4093,0.4097,0.4101,0.4104,0.4108,0.4112,0.4115,0.4119,0.4123,0.4127,0.413,0.4134,0.4138,0.4142,0.4145,0.4149,0.4153,0.4157,0.4161,0.4164,0.4168,0.4172,0.4176,0.418,0.4184,0.4188,0.4191,0.4195,0.4199,0.4203,0.4207,0.4211,0.4215,0.4219,0.4223,0.4227,0.4231,0.4235,0.4239,0.4242,0.4246,0.425,0.4254,0.4258,0.4262,0.4266,0.427,0.4275,0.4279,0.4283,0.4287,0.4291,0.4295,0.4299,0.4303,0.4307,0.431,0.4314,0.4318,0.4322,0.4326,0.433,0.4333,0.4337,0.4341,0.4345,0.4349,0.4353,0.4357,0.4361,0.4365,0.4369,0.4373,0.4376,0.438,0.4384,0.4388,0.4392,0.4396,0.44,0.4404,0.4408,0.4412,0.4416,0.442,0.4424,0.4428,0.4432,0.4437,0.4441,0.4445,0.445,0.4455,0.446,0.4465,0.447,0.4475,0.448,0.4485,0.449,0.4495,0.45,0.4506,0.4509,0.4513,0.4516,0.4519,0.4522,0.4525,0.4528,0.4532,0.4535,0.4538,0.4541,0.4545,0.4548,0.4551,0.4554,0.4557,0.4561,0.4564,0.4567,0.457,0.4574,0.4577,0.458,0.4584,0.4587,0.459,0.4594,0.4598,0.4601,0.4605,0.4609,0.4612,0.4616,0.4619,0.4623,0.4627,0.463,0.4634,0.4638,0.4641,0.4645,0.4649,0.4652,0.4656,0.466,0.4664,0.4667,0.4671,0.4675,0.4679,0.4682,0.4686,0.469,0.4693,0.4697,0.4701,0.4705,0.4709,0.4712,0.4716,0.472,0.4724,0.4728,0.4731,0.4735,0.4739,0.4743,0.4747,0.4751,0.4754,0.4758,0.4762,0.4766,0.477,0.4774,0.4778
0.3846,0.385,0.3853,0.3857,0.3861,0.3864,0.3868,0.3872,0.3875,0.3879,0.3883,0.3886,0.3891,0.3897,0.3903,0.3909,0.3914,0.392,0.3926,0.3932,0.3937,0.394,0.3943,0.3945,0.3948,0.3951,0.3954,0.3956,0.3959,0.3962,0.3964,0.3967,0.397,0.3972,0.3975,0.3978,0.398,0.3983,0.3986,0.3989,0.3991,0.3994,0.3996,0.3999,0.4001,0.4004,0.4006,0.4009,0.4011,0.4014,0.1472,0.1479,0.1486,0.1493,0.1501,0.1508,0.1516,0.1523,0.1531,0.1539,0.1547,0.1555,0.1563,0.1571,0.1579,0.1587,0.1595,0.1604,0.1612,0.4065,0.4067,0.407,0.4073,0.4075,0.4078,0.4082,0.4086,0.4089,0.4093,0.4097,0.41,0.4104,0.4108,0.4111,0.4115,0.4119,0.4123,0.4126,0.413,0.4134,0.4138,0.4141,0.4145,0.4149,0.4153,0.4157,0.416,0.4164,0.4168,0.4172,0.4176,0.418,0.4183,0.4187,0.4191,0.4195,0.4199,0.4203,0.4207,0.4211,0.4215,0.4219,0.4222,0.4226,0.423,0.4234,0.4238,0.4242,0.4246,0.425,0.4254,0.4258,0.4262,0.4266,0.427,0.4274,0.4278,0.4282,0.4286,0.429,0.4294,0.4298,0.4302,0.4305,0.4309,0.4313,0.4317,0.4321,0.4325,0.4328,0.4332,0.4336,0.434,0.4344,0.4348,0.4352,0.4356,0.436,0.4363,0.4367,0.4371,0.4375,0.4379,0.4383,0.4387,0.4391,0.4395,0.4399,0.4403,0.4407,0.4411,0.4415,0.4419,0.4423,0.4427,0.4431,0.4435,0.444,0.4445,0.445,0.4455,0.446,0.4465,0.447,0.4475,0.448,0.4485,0.449,0.4495,0.45,0.4505,0.4508,0.4511,0.4515,0.4518,0.4521,0.4524,0.4527,0.453,0.4534,0.4537,0.454,0.4543,0.4547,0.455,0.4553,0.4556,0.4559,0.4563,0.4566,0.4569,0.4573,0.4576,0.4579,0.4582,0.4586,0.4589,0.4593,0.4596,0.46,0.4603,0.4607,0.4611,0.4614,0.4618,0.4622,0.4625,0.4629,0.4633,0.4636,0.464,0.4644,0.4647,0.4651,0.4655,0.4658,0.4662,0.4666,0.4669,0.4673,0.4677,0.4681,0.4684,0.4688,0.4692,0.4696,0.4699,0.4703,0.4707,0.4711,0.4715,0.4718,0.4722,0.4726,0.473,0.4734,0.4737,0.4741,0.4745,0.4749,0.4753,0.4757,0.4761,0.4764,0.4768,0.4772
0.3841,0.3845,0.3848,0.3852,0.3856,0.3859,0.3863,0.3867,0.387,0.3874,0.3878,0.3883,0.3889,0.3895,0.3901,0.3906,0.3912,0.3918,0.3924,0.393,0.3933,0.3936,0.3939,0.3941,0.3944,0.3947,0.395,0.3953,0.3955,0.3958,0.3961,0.3963,0.3966,0.3969,0.3971,0.3974,0.3977,0.3979,0.3982,0.3985,0.3987,0.399,0.3993,0.3995,0.3998,0.4,0.4003,0.4005,0.4008,0.401,0.147,0.1477,0.1484,0.1492,0.1499,0.1507,0.1514,0.1522,0.1529,0.1537,0.1545,0.1553,0.1561,0.1569,0.1577,0.1585,0.1594,0.1602,0.1609,0.1629,0.4064,0.4066,0.4069,0.4071,0.4074,0.4078,0.4082,0.4085,0.4089,0.4093,0.4096,0.41,0.4104,0.4107,0.4111,0.4115,0.4119,0.4122,0.4126,0.413,0.4134,0.4137,0.4141,0.4145,0.4149,0.4153,0.4156,0.416,0.4164,0.4168,0.4172,0.4176,0.4179,0.4183,0.4187,0.4191,0.4195,0.4199,0.4203,0.4207,0.421,0.4214,0.4218,0.4222,0.4226,0.423,0.4234,0.4238,0.4242,0.4246,0.425,0.4254,0.4258,0.4262,0.4266,0.427,0.4274,0.4278,0.4281,0.4285,0.4289,0.4293,0.4297,0.43,0.4304,0.4308,0.4312,0.4316,0.432,0.4323,0.4327,0.4331,0.4335,0.4339,0.4343,0.4347,0.4351,0.4354,0.4358,0.4362,0.4366,0.437,0.4374,0.4378,0.4382,0.4386,0.439,0.4394,0.4398,0.4402,0.4406,0.441,0.4414,0.4418,0.4422,0.4426,0.443,0.4434,0.4439,0.4444,0.4449,0.4455,0.446,0.4465,0.447,0.4475,0.448,0.4485,0.449,0.4495,0.45,0.4504,0.4507,0.451,0.4513,0.4517,0.452,0.4523,0.4526,0.4529,0.4533,0.4536,0.4539,0.4542,0.4545,0.4549,0.4552,0.4555,0.4558,0.4562,0.4565,0.4568,0.4571,0.4575,0.4578,0.4581,0.4584,0.4588,0.4591,0.4595,0.4598,0.4602,0.4606,0.4609,0.4613,0.4616,0.462,0.4624,0.4627,0.4631,0.4635,0.4638,0.4642,0.4646,0.4649,0.4653,0.4657,0.466,0.4664,0.4668,0.4672,0.4675,0.4679,0.4683,0.4687,0.469,0.4694,0.4698,0.4702,0.4705,0.4709,0.4713,0.4717,0.4721,0.4724,0.4728,0.4732,0.4736,0.474,0.4743,0.4747,0.4751,0.4755,0.4759,0.4763,0.4767
0.3836,0.384,0.3843,0.3847,0.3851,0.3854,0.3858,0.3862,0.3865,0.387,0.3876,0.3881,0.3887,0.3893,0.3899,0.3904,0.391,0.3916,0.3922,0.3927,0.3929,0.3932,0.3935,0.3938,0.394,0.3943,0.3946,0.3949,0.3951,0.3954,0.3957,0.3959,0.3962,0.3965,0.3967,0.397,0.3973,0.3975,0.3978,0.3981,0.3983,0.3986,0.3989,0.3991,0.3994,0.3997,0.3999,0.4002,0.4004,0.4007,0.1469,0.1476,0.1483,0.149,0.1498,0.1505,0.1512,0.152,0.1528,0.1535,0.1543,0.1551,0.1559,0.1567,0.1575,0.1583,0.1592,0.16,0.1606,0.162,0.1653,0.4063,0.4065,0.4068,0.4071,0.4074,0.4078,0.4081,0.4085,0.4089,0.4092,0.4096,0.41,0.4104,0.4107,0.4111,0.4115,0.4118,0.4122,0.4126,0.413,0.4133,0.4137,0.4141,0.4145,0.4149,0.4152,0.4156,0.416,0.4164,0.4168,0.4171,0.4175,0.4179,0.4183,0.4187,0.4191,0.4195,0.4199,0.4202,0.4206,0.421,0.4214,0.4218,0.4222,0.4226,0.423,0.4234,0.4238,0.4242,0.4246,0.425,0.4254,0.4258,0.4261,0.4265,0.4269,0.4273,0.4276,0.428,0.4284,0.4288,0.4292,0.4295,0.4299,0.4303,0.4307,0.4311,0.4315,0.4318,0.4322,0.4326,0.433,0.4334,0.4338,0.4342,0.4345,0.4349,0.4353,0.4357,0.4361,0.4365,0.4369,0.4373,0.4377,0.4381,0.4385,0.4389,0.4393,0.4397,0.4401,0.4405,0.4409,0.4413,0.4417,0.4421,0.4425,0.4429,0.4434,0.4439,0.4444,0.4449,0.4454,0.4459,0.4465,0.447,0.4475,0.448,0.4485,0.449,0.4495,0.45,0.4503,0.4506,0.4509,0.4512,0.4515,0.4519,0.4522,0.4525,0.4528,0.4531,0.4535,0.4538,0.4541,0.4544,0.4547,0.4551,0.4554,0.4557,0.456,0.4564,0.4567,0.457,0.4573,0.4577,0.458,0.4583,0.4586,0.459,0.4593,0.4597,0.46,0.4604,0.4608,0.4611,0.4615,0.4619,0.4622,0.4626,0.4629,0.4633,0.4637,0.464,0.4644,0.4648,0.4652,0.4655,0.4659,0.4663,0.4666,0.467,0.4674,0.4677,0.4681,0.4685,0.4689,0.4692,0.4696,0.47,0.4704,0.4708,0.4711,0.4715,0.4719,0.4723,0.4727,0.473,0.4734,0.4738,0.4742,0.4746,0.475,0.4753,0.4757,0.4761
0.3831,0.3835,0.3838,0.3842,0.3846,0.3849,0.3853,0.3857,0.3862,0.3868,0.3874,0.3879,0.3885,0.3891,0.3897,0.3902,0.3908,0.3914,0.392,0.3923,0.3926,0.3928,0.3931,0.3934,0.3937,0.3939,0.3942,0.3945,0.3948,0.395,0.3953,0.3955,0.3958,0.3961,0.3963,0.3966,0.3969,0.3971,0.3974,0.3977,0.3979,0.3982,0.3985,0.3988,0.399,0.3993,0.3996,0.3998,0.4001,0.4003,0.1467,0.1474,0.1481,0.1489,0.1496,0.1503,0.1511,0.1518,0.1526,0.1534,0.1542,0.1549,0.1557,0.1565,0.1574,0.1582,0.159,0.1598,0.1604,0.1612,0.1645,0.1678,0.4061,0.4064,0.4067,0.407,0.4074,0.4078,0.4081,0.4085,0.4089,0.4092,0.4096,0.41,0.4103,0.4107,0.4111,0.4114,0.4118,0.4122,0.4126,0.4129,0.4133,0.4137,0.4141,0.4144,0.4148,0.4152,0.4156,0.416,0.4164,0.4167,0.4171,0.4175,0.4179,0.4183,0.4187,0.4191,0.4194,0.4198,0.4202,0.4206,0.421,0.4214,0.4218,0.4222,0.4226,0.423,0.4234,0.4238,0.4242,0.4245,0.4249,0.4253,0.4257,0.426,0.4264,0.4268,0.4272,0.4275,0.4279,0.4283,0.4287,0.429,0.4294,0.4298,0.4302,0.4306,0.431,0.4313,0.4317,0.4321,0.4325,0.4329,0.4333,0.4337,0.434,0.4344,0.4348,0.4352,0.4356,0.436,0.4364,0.4368,0.4372,0.4376,0.438,0.4384,0.4388,0.4391,0.4395,0.4399,0.4403,0.4407,0.4411,0.4415,0.4419,0.4424,0.4429,0.4434,0.4439,0.4444,0.4449,0.4454,0.4459,0.4464,0.447,0.4475,0.448,0.4485,0.449,0.4495,0.4498,0.4502,0.4505,0.4508,0.4511,0.4514,0.4517,0.4521,0.4524,0.4527,0.453,0.4533,0.4537,0.454,0.4543,0.4546,0.4549,0.4553,0.4556,0.4559,0.4562,0.4566,0.4569,0.4572,0.4575,0.4579,0.4582,0.4585,0.4588,0.459,0.4595,0.4599,0.4602,0.4606,0.461,0.4613,0.4617,0.4621,0.4624,0.4628,0.4632,0.4635,0.4639,0.4643,0.4646,0.465,0.4654,0.4657,0.4661,0.4665,0.4668,0.4672,0.4676,0.468,0.4683,0.4687,0.4691,0.4695,0.4698,0.4702,0.4706,0.471,0.4714,0.4717,0.4721,0.4725,0.4729,0.4733,0.4736,0.474,0.4744,0.4748,0.4752,0.4756
0.3826,0.383,0.3833,0.3837,0.3841,0.3844,0.3849,0.3855,0.386,0.3866,0.3872,0.3877,0.3883,0.3889,0.3894,0.39,0.3906,0.3912,0.3916,0.3919,0.3922,0.3924,0.3927,0.393,0.3933,0.3935,0.3938,0.3941,0.3944,0.3946,0.3949,0.3952,0.3954,0.3957,0.396,0.3962,0.3965,0.3968,0.397,0.3973,0.3976,0.3978,0.3981,0.3984,0.3986,0.3989,0.3992,0.3994,0.3997,0.3999,0.1466,0.1473,0.148,0.1487,0.1494,0.1502,0.1509,0.1517,0.1524,0.1532,0.154,0.1548,0.1556,0.1564,0.1572,0.158,0.1588,0.1595,0.1601,0.1607,0.1636,0.1669,0.1704,0.406,0.4063,0.4066,0.407,0.4074,0.4077,0.4081,0.4085,0.4088,0.4092,0.4096,0.4099,0.4103,0.4107,0.411,0.4114,0.4118,0.4122,0.4125,0.4129,0.4133,0.4137,0.414,0.4144,0.4148,0.4152,0.4156,0.4159,0.4163,0.4167,0.4171,0.4175,0.4179,0.4183,0.4186,0.419,0.4194,0.4198,0.4202,0.4206,0.421,0.4214,0.4218,0.4222,0.4225,0.4229,0.4233,0.4237,0.4241,0.4244,0.4248,0.4252,0.4255,0.4259,0.4263,0.4267,0.427,0.4274,0.4278,0.4282,0.4286,0.4289,0.4293,0.4297,0.4301,0.4305,0.4308,0.4312,0.4316,0.432,0.4324,0.4328,0.4331,0.4335,0.4339,0.4343,0.4347,0.4351,0.4355,0.4359,0.4363,0.4367,0.437,0.4374,0.4378,0.4382,0.4386,0.439,0.4394,0.4398,0.4402,0.4406,0.441,0.4414,0.4419,0.4424,0.4429,0.4434,0.4439,0.4444,0.4449,0.4454,0.4459,0.4464,0.4469,0.4475,0.448,0.4485,0.449,0.4494,0.4497,0.45,0.4504,0.4507,0.451,0.4513,0.4516,0.4519,0.4523,0.4526,0.4529,0.4532,0.4535,0.4539,0.4542,0.4545,0.4548,0.4552,0.4555,0.4558,0.4561,0.4564,0.4568,0.4571,0.4574,0.4577,0.458,0.4583,0.4583,0.4587,0.4592,0.4597,0.4601,0.4604,0.4608,0.4612,0.4615,0.4619,0.4622,0.4626,0.463,0.4633,0.4637,0.4641,0.4644,0.4648,0.4652,0.4656,0.4659,0.4663,0.4667,0.467,0.4674,0.4678,0.4682,0.4685,0.4689,0.4693,0.4697,0.47,0.4704,0.4708,0.4712,0.4716,0.4719,0.4723,0.4727,0.4731,0.4735,0.4739,0.4742,0.4746,0.475
0.3821,0.3825,0.3828,0.3832,0.3836,0.3841,0.3847,0.3853,0.3858,0.3864,0.387,0.3875,0.3881,0.3887,0.3892,0.3898,0.3904,0.391,0.3912,0.3915,0.3918,0.3921,0.3923,0.3926,0.3929,0.3932,0.3934,0.3937,0.394,0.3942,0.3945,0.3948,0.395,0.3953,0.3956,0.3958,0.3961,0.3964,0.3966,0.3969,0.3972,0.3974,0.3977,0.398,0.3982,0.3985,0.3988,0.399,0.3993,0.3996,0.1464,0.1471,0.1478,0.1486,0.1493,0.15,0.1508,0.1515,0.1523,0.153,0.1538,0.1546,0.1554,0.1562,0.157,0.1578,0.1586,0.1592,0.1598,0.1604,0.1627,0.1661,0.1695,0.1731,0.4059,0.4063,0.4066,0.407,0.4073,0.4077,0.4081,0.4084,0.4088,0.4092,0.4095,0.4099,0.4103,0.4106,0.411,0.4114,0.4118,0.4121,0.4125,0.4129,0.4133,0.4136,0.414,0.4144,0.4148,0.4152,0.4155,0.4159,0.4163,0.4167,0.4171,0.4175,0.4178,0.4182,0.4186,0.419,0.4194,0.4198,0.4202,0.4206,0.4209,0.4213,0.4217,0.4221,0.4225,0.4228,0.4232,0.4236,0.4239,0.4243,0.4247,0.4251,0.4254,0.4258,0.4262,0.4266,0.4269,0.4273,0.4277,0.4281,0.4284,0.4288,0.4292,0.4296,0.43,0.4303,0.4307,0.4311,0.4315,0.4319,0.4323,0.4326,0.433,0.4334,0.4338,0.4342,0.4346,0.435,0.4354,0.4358,0.4361,0.4365,0.4369,0.4373,0.4377,0.4381,0.4385,0.4389,0.4393,0.4397,0.4401,0.4405,0.4409,0.4414,0.4419,0.4424,0.4429,0.4434,0.4439,0.4444,0.4449,0.4454,0.4459,0.4464,0.4469,0.4474,0.448,0.4485,0.449,0.4493,0.4496,0.4499,0.4502,0.4506,0.4509,0.4512,0.4515,0.4518,0.4521,0.4525,0.4528,0.4531,0.4534,0.4537,0.4541,0.4544,0.4547,0.455,0.4554,0.4557,0.456,0.4563,0.4566,0.4569,0.4572,0.4575,0.4578,0.4577,0.4574,0.4583,0.4588,0.4594,0.4599,0.4603,0.4606,0.461,0.4613,0.4617,0.4621,0.4624,0.4628,0.4632,0.4635,0.4639,0.4643,0.4646,0.465,0.4654,0.4657,0.4661,0.4665,0.4669,0.4672,0.4676,0.468,0.4684,0.4687,0.4691,0.4695,0.4699,0.4702,0.4706,0.471,0.4714,0.4718,0.4721,0.4725,0.4729,0.4733,0.4737,0.4741,0.4744
0.3816,0.382,0.3823,0.3828,0.3834,0.3839,0.3845,0.3851,0.3856,0.3862,0.3867,0.3873,0.3879,0.3885,0.389,0.3896,0.3902,0.3906,0.3909,0.3911,0.3914,0.3917,0.392,0.3922,0.3925,0.3928,0.393,0.3933,0.3936,0.3939,0.3941,0.3944,0.3947,0.3949,0.3952,0.3954,0.3957,0.396,0.3962,0.3965,0.3968,0.397,0.3973,0.3976,0.3978,0.3981,0.3984,0.3987,0.3989,0.1456,0.1463,0.147,0.1477,0.1484,0.1491,0.1499,0.1506,0.1514,0.1521,0.1529,0.1537,0.1544,0.1552,0.156,0.1568,0.1576,0.1584,0.159,0.1596,0.1602,0.1619,0.1652,0.1686,0.1721,0.1758,0.4059,0.4062,0.4066,0.407,0.4073,0.4077,0.408,0.4084,0.4088,0.4091,0.4095,0.4099,0.4103,0.4106,0.411,0.4114,0.4117,0.4121,0.4125,0.4129,0.4132,0.4136,0.414,0.4144,0.4148,0.4151,0.4155,0.4159,0.4163,0.4167,0.4171,0.4174,0.4178,0.4182,0.4186,0.419,0.4194,0.4198,0.4201,0.4205,0.4209,0.4213,0.4216,0.422,0.4224,0.4227,0.4231,0.4235,0.4238,0.4242,0.4246,0.4249,0.4253,0.4257,0.4261,0.4264,0.4268,0.4272,0.4276,0.4279,0.4283,0.4287,0.4291,0.4295,0.4298,0.4302,0.4306,0.431,0.4314,0.4318,0.4321,0.4325,0.4329,0.4333,0.4337,0.4341,0.4345,0.4349,0.4352,0.4356,0.436,0.4364,0.4368,0.4372,0.4376,0.438,0.4384,0.4388,0.4392,0.4396,0.44,0.4404,0.4409,0.4414,0.4419,0.4424,0.4429,0.4434,0.4439,0.4444,0.4449,0.4454,0.4459,0.4464,0.4469,0.4474,0.4479,0.4485,0.4489,0.4492,0.4495,0.4498,0.4501,0.4504,0.4508,0.4511,0.4514,0.4517,0.452,0.4523,0.4527,0.453,0.4533,0.4536,0.4539,0.4543,0.4546,0.4549,0.4552,0.4555,0.4558,0.4561,0.4564,0.4567,0.457,0.4573,0.4572,0.4566,0.4571,0.4579,0.4585,0.459,0.4595,0.4601,0.4604,0.4608,0.4612,0.4615,0.4619,0.4623,0.4626,0.463,0.4634,0.4637,0.4641,0.4645,0.4648,0.4652,0.4656,0.4659,0.4663,0.4667,0.4671,0.4674,0.4678,0.4682,0.4686,0.4689,0.4693,0.4697,0.4701,0.4704,0.4708,0.4712,0.4716,0.472,0.4723,0.4727,0.4731,0.4735,0.4739
0.3811,0.3815,0.3821,0.3826,0.3832,0.3837,0.3843,0.3848,0.3854,0.386,0.3865,0.3871,0.3877,0.3883,0.3888,0.3894,0.3899,0.3902,0.3905,0.3908,0.391,0.3913,0.3916,0.3918,0.3921,0.3924,0.3927,0.3929,0.3932,0.3935,0.3937,0.394,0.3943,0.3945,0.3948,0.3951,0.3953,0.3956,0.3959,0.3961,0.3964,0.3967,0.3969,0.3972,0.3975,0.3977,0.398,0.3983,0.3985,0.1454,0.1461,0.1468,0.1475,0.1482,0.149,0.1497,0.1504,0.1512,0.152,0.1527,0.1535,0.1543,0.1551,0.1559,0.1567,0.1575,0.1581,0.1587,0.1593,0.1599,0.1611,0.1643,0.1677,0.1712,0.1749,0.1787,0.4058,0.4062,0.4066,0.4069,0.4073,0.4077,0.408,0.4084,0.4087,0.4091,0.4095,0.4099,0.4102,0.4106,0.411,0.4113,0.4117,0.4121,0.4125,0.4128,0.4132,0.4136,0.414,0.4144,0.4147,0.4151,0.4155,0.4159,0.4163,0.4166,0.417,0.4174,0.4178,0.4182,0.4186,0.419,0.4193,0.4197,0.42,0.4204,0.4208,0.4211,0.4215,0.4219,0.4222,0.4226,0.423,0.4233,0.4237,0.4241,0.4245,0.4248,0.4252,0.4256,0.426,0.4263,0.4267,0.4271,0.4275,0.4278,0.4282,0.4286,0.429,0.4293,0.4297,0.4301,0.4305,0.4309,0.4313,0.4316,0.432,0.4324,0.4328,0.4332,0.4336,0.434,0.4343,0.4347,0.4351,0.4355,0.4359,0.4363,0.4367,0.4371,0.4375,0.4379,0.4383,0.4387,0.4391,0.4395,0.4399,0.4404,0.4409,0.4414,0.4419,0.4424,0.4429,0.4434,0.4439,0.4444,0.4449,0.4454,0.4459,0.4464,0.4469,0.4474,0.4479,0.4484,0.4487,0.4491,0.4494,0.4497,0.45,0.4503,0.4506,0.451,0.4513,0.4516,0.4519,0.4522,0.4525,0.4528,0.4531,0.4534,0.4537,0.454,0.4543,0.4546,0.455,0.4553,0.4556,0.4559,0.4562,0.4565,0.4568,0.4566,0.4561,0.4558,0.4568,0.4576,0.4581,0.4586,0.4592,0.4597,0.4602,0.4606,0.461,0.4614,0.4617,0.4621,0.4624,0.4628,0.4632,0.4635,0.4639,0.4643,0.4647,0.465,0.4654,0.4658,0.4661,0.4665,0.4669,0.4673,0.4676,0.468,0.4684,0.4688,0.4691,0.4695,0.4699,0.4703,0.4706,0.471,0.4714,0.4718,0.4722,0.4725,0.4729,0.4733
0.3808,0.3813,0.3819,0.3824,0.383,0.3835,0.3841,0.3846,0.3852,0.3858,0.3863,0.3869,0.3875,0.388,0.3886,0.3892,0.3896,0.3898,0.3901,0.3904,0.3906,0.3909,0.3912,0.3915,0.3917,0.392,0.3923,0.3925,0.3928,0.3931,0.3934,0.3936,0.3939,0.3942,0.3944,0.3947,0.3949,0.3952,0.3955,0.3957,0.396,0.3963,0.3965,0.3968,0.3971,0.3973,0.3976,0.3979,0.3981,0.1453,0.146,0.1467,0.1474,0.1481,0.1488,0.1495,0.1503,0.151,0.1518,0.1526,0.1533,0.1541,0.1549,0.1557,0.1565,0.1573,0.1579,0.1585,0.159,0.1596,0.1603,0.1635,0.1668,0.1703,0.1739,0.1777,0.4055,0.4058,0.4062,0.4065,0.4069,0.4073,0.4076,0.408,0.4084,0.4087,0.4091,0.4095,0.4098,0.4102,0.4106,0.4109,0.4113,0.4117,0.4121,0.4124,0.4128,0.4132,0.4136,0.414,0.4143,0.4147,0.4151,0.4155,0.4159,0.4162,0.4166,0.417,0.4174,0.4178,0.4181,0.4185,0.4189,0.4192,0.4196,0.4199,0.4203,0.4207,0.421,0.4214,0.4218,0.4221,0.4225,0.4229,0.4232,0.4236,0.424,0.4243,0.4247,0.4251,0.4255,0.4258,0.4262,0.4266,0.427,0.4273,0.4277,0.4281,0.4285,0.4289,0.4292,0.4296,0.43,0.4304,0.4308,0.4311,0.4315,0.4319,0.4323,0.4327,0.4331,0.4335,0.4338,0.4342,0.4346,0.435,0.4354,0.4358,0.4362,0.4366,0.437,0.4374,0.4378,0.4381,0.4385,0.439,0.4394,0.4399,0.4404,0.4409,0.4414,0.4419,0.4424,0.4429,0.4434,0.4439,0.4444,0.4449,0.4454,0.4459,0.4464,0.4469,0.4474,0.4479,0.4483,0.4486,0.4489,0.4493,0.4496,0.4499,0.4502,0.4505,0.4508,0.4512,0.4515,0.4517,0.452,0.4523,0.4526,0.4529,0.4532,0.4535,0.4538,0.4541,0.4544,0.4547,0.455,0.4553,0.4556,0.456,0.4563,0.4561,0.4555,0.455,0.4555,0.4566,0.4572,0.4577,0.4583,0.4588,0.4593,0.4599,0.4604,0.4608,0.4612,0.4615,0.4619,0.4623,0.4626,0.463,0.4634,0.4637,0.4641,0.4645,0.4648,0.4652,0.4656,0.466,0.4663,0.4667,0.4671,0.4674,0.4678,0.4682,0.4686,0.4689,0.4693,0.4697,0.4701,0.4705,0.4708,0.4712,0.4716,0.472,0.4724,0.4727
0.3806,0.3811,0.3817,0.3822,0.3828,0.3833,0.3839,0.3844,0.385,0.3856,0.3861,0.3867,0.3873,0.3878,0.3884,0.3889,0.3892,0.3895,0.3897,0.39,0.3903,0.3905,0.3908,0.3911,0.3913,0.3916,0.3919,0.3922,0.3924,0.3927,0.393,0.3932,0.3935,0.3938,0.394,0.3943,0.3946,0.3948,0.3951,0.3954,0.3956,0.3959,0.3961,0.3964,0.3967,0.3969,0.3972,0.3975,0.3977,0.1451,0.1458,0.1465,0.1472,0.1479,0.1487,0.1494,0.1501,0.1509,0.1516,0.1524,0.1532,0.1539,0.1547,0.1555,0.1563,0.157,0.1576,0.1582,0.1588,0.1594,0.16,0.1626,0.1659,0.1693,0.1729,0.1767,0.4051,0.4054,0.4058,0.4061,0.4065,0.4069,0.4072,0.4076,0.408,0.4083,0.4087,0.4091,0.4094,0.4098,0.4102,0.4106,0.4109,0.4113,0.4117,0.412,0.4124,0.4128,0.4132,0.4136,0.4139,0.4143,0.4147,0.4151,0.4154,0.4158,0.4162,0.4166,0.4169,0.4173,0.4177,0.418,0.4184,0.4187,0.4191,0.4195,0.4198,0.4202,0.4206,0.4209,0.4213,0.4217,0.422,0.4224,0.4228,0.4231,0.4235,0.4239,0.4242,0.4246,0.425,0.4254,0.4257,0.4261,0.4265,0.4268,0.4272,0.4276,0.428,0.4284,0.4287,0.4291,0.4295,0.4299,0.4303,0.4306,0.431,0.4314,0.4318,0.4322,0.4326,0.4329,0.4333,0.4337,0.4341,0.4345,0.4349,0.4353,0.4357,0.4361,0.4365,0.4368,0.4372,0.4376,0.438,0.4385,0.439,0.4394,0.4399,0.4404,0.4409,0.4414,0.4419,0.4424,0.4429,0.4434,0.4439,0.4444,0.4449,0.4454,0.4459,0.4464,0.4469,0.4474,0.4479,0.4482,0.4485,0.4488,0.4491,0.4495,0.4498,0.4501,0.4504,0.4507,0.451,0.4512,0.4515,0.4518,0.4521,0.4524,0.4527,0.453,0.4533,0.4536,0.4539,0.4542,0.4545,0.4548,0.4551,0.4554,0.4557,0.4556,0.455,0.4544,0.4542,0.4552,0.4563,0.4569,0.4574,0.4579,0.4584,0.459,0.4595,0.46,0.4605,0.461,0.4614,0.4617,0.4621,0.4625,0.4628,0.4632,0.4636,0.4639,0.4643,0.4647,0.465,0.4654,0.4658,0.4661,0.4665,0.4669,0.4673,0.4676,0.468,0.4684,0.4688,0.4691,0.4695,0.4699,0.4703,0.4707,0.471,0.4714,0.4718,0.4722
0.3804,0.3809,0.3815,0.382,0.3826,0.3831,0.3837,0.3842,0.3848,0.3854,0.3859,0.3865,0.3871,0.3876,0.3882,0.3885,0.3888,0.3891,0.3893,0.3896,0.3899,0.3902,0.3904,0.3907,0.391,0.3912,0.3915,0.3918,0.3921,0.3923,0.3926,0.3929,0.3931,0.3934,0.3936,0.3939,0.3942,0.3944,0.3947,0.395,0.3952,0.3955,0.3958,0.396,0.3963,0.3966,0.3968,0.3971,0.3974,0.145,0.1457,0.1464,0.1471,0.1478,0.1485,0.1492,0.15,0.1507,0.1515,0.1522,0.153,0.1538,0.1546,0.1553,0.1561,0.1568,0.1574,0.1579,0.1585,0.1591,0.1597,0.1618,0.165,0.1684,0.172,0.1757,0.4047,0.405,0.4054,0.4058,0.4061,0.4065,0.4068,0.4072,0.4076,0.4079,0.4083,0.4087,0.409,0.4094,0.4098,0.4102,0.4105,0.4109,0.4113,0.4117,0.412,0.4124,0.4128,0.4132,0.4135,0.4139,0.4143,0.4147,0.415,0.4154,0.4158,0.4161,0.4165,0.4168,0.4172,0.4176,0.4179,0.4183,0.4186,0.419,0.4194,0.4197,0.4201,0.4204,0.4208,0.4212,0.4215,0.4219,0.4223,0.4226,0.423,0.4234,0.4238,0.4241,0.4245,0.4249,0.4252,0.4256,0.426,0.4264,0.4267,0.4271,0.4275,0.4279,0.4282,0.4286,0.429,0.4294,0.4298,0.4301,0.4305,0.4309,0.4313,0.4317,0.4321,0.4324,0.4328,0.4332,0.4336,0.434,0.4344,0.4348,0.4352,0.4355,0.4359,0.4363,0.4367,0.4371,0.4375,0.438,0.4385,0.4389,0.4394,0.4399,0.4404,0.4409,0.4414,0.4419,0.4424,0.4429,0.4434,0.4439,0.4444,0.4449,0.4454,0.4459,0.4464,0.4469,0.4474,0.4478,0.4481,0.4484,0.4487,0.449,0.4493,0.4496,0.4499,0.4502,0.4505,0.4507,0.451,0.4513,0.4516,0.4519,0.4522,0.4525,0.4528,0.4531,0.4534,0.4537,0.454,0.4543,0.4546,0.4549,0.4552,0.455,0.4545,0.4539,0.4534,0.4539,0.455,0.456,0.4565,0.457,0.4575,0.4581,0.4586,0.4591,0.4596,0.4602,0.4607,0.4612,0.4616,0.4619,0.4623,0.4627,0.463,0.4634,0.4638,0.4641,0.4645,0.4649,0.4652,0.4656,0.466,0.4663,0.4667,0.4671,0.4675,0.4678,0.4682,0.4686,0.469,0.4693,0.4697,0.4701,0.4705,0.4708,0.4712,0.4716
0.3802,0.3807,0.3813,0.3818,0.3824,0.3829,0.3835,0.384,0.3846,0.3852,0.3857,0.3863,0.3869,0.3874,0.3879,0.3882,0.3884,0.3887,0.389,0.3892,0.3895,0.3898,0.39,0.3903,0.3906,0.3909,0.3911,0.3914,0.3917,0.3919,0.3922,0.3925,0.3927,0.393,0.3933,0.3935,0.3938,0.3941,0.3943,0.3946,0.3948,0.3951,0.3954,0.3956,0.3959,0.3962,0.3964,0.3967,0.397,0.1448,0.1455,0.1462,0.1469,0.1476,0.1483,0.1491,0.1498,0.1506,0.1513,0.1521,0.1528,0.1536,0.1544,0.1552,0.156,0.1565,0.1571,0.1577,0.1583,0.1588,0.1594,0.1609,0.1642,0.1675,0.171,0.1747,0.4043,0.4047,0.405,0.4054,0.4057,0.4061,0.4065,0.4068,0.4072,0.4076,0.4079,0.4083,0.4087,0.409,0.4094,0.4098,0.4101,0.4105,0.4109,0.4113,0.4116,0.412,0.4124,0.4128,0.4131,0.4135,0.4139,0.4142,0.4146,0.4149,0.4153,0.4157,0.416,0.4164,0.4167,0.4171,0.4174,0.4178,0.4182,0.4185,0.4189,0.4192,0.4196,0.42,0.4203,0.4207,0.4211,0.4214,0.4218,0.4222,0.4225,0.4229,0.4233,0.4236,0.424,0.4244,0.4248,0.4251,0.4255,0.4259,0.4262,0.4266,0.427,0.4274,0.4277,0.4281,0.4285,0.4289,0.4293,0.4296,0.43,0.4304,0.4308,0.4312,0.4316,0.4319,0.4323,0.4327,0.4331,0.4335,0.4339,0.4343,0.4346,0.435,0.4354,0.4358,0.4362,0.4366,0.437,0.4375,0.438,0.4385,0.4389,0.4394,0.4399,0.4404,0.4409,0.4414,0.4419,0.4424,0.4429,0.4434,0.4439,0.4444,0.4449,0.4454,0.4459,0.4464,0.4469,0.4473,0.4476,0.4479,0.4482,0.4485,0.4488,0.4491,0.4494,0.4497,0.45,0.4502,0.4505,0.4508,0.4511,0.4514,0.4517,0.452,0.4523,0.4526,0.4529,0.4532,0.4535,0.4538,0.4541,0.4544,0.4547,0.4545,0.4539,0.4534,0.4528,0.4526,0.4536,0.4547,0.4556,0.4561,0.4567,0.4572,0.4577,0.4582,0.4588,0.4593,0.4598,0.4603,0.4609,0.4614,0.4617,0.4621,0.4625,0.4628,0.4632,0.4636,0.4639,0.4643,0.4647,0.4651,0.4654,0.4658,0.4662,0.4665,0.4669,0.4673,0.4677,0.468,0.4684,0.4688,0.4692,0.4695,0.4699,0.4703,0.4707,0.471
0.3800,0.3805,0.3811,0.3816,0.3822,0.3827,0.3833,0.3838,0.3844,0.385,0.3855,0.3861,0.3867,0.3872,0.3875,0.3878,0.3881,0.3883,0.3886,0.3889,0.3891,0.3894,0.3897,0.3899,0.3902,0.3905,0.3907,0.391,0.3913,0.3916,0.3918,0.3921,0.3924,0.3926,0.3929,0.3931,0.3934,0.3937,0.3939,0.3942,0.3945,0.3947,0.395,0.3953,0.3955,0.3958,0.396,0.3963,0.3966,0.1447,0.1454,0.1461,0.1468,0.1475,0.1482,0.1489,0.1497,0.1504,0.1511,0.1519,0.1527,0.1534,0.1542,0.155,0.1557,0.1563,0.1568,0.1574,0.158,0.1586,0.1592,0.1601,0.1633,0.1667,0.1701,0.1737,0.4039,0.4043,0.4046,0.405,0.4053,0.4057,0.4061,0.4064,0.4068,0.4072,0.4075,0.4079,0.4083,0.4086,0.409,0.4094,0.4097,0.4101,0.4105,0.4109,0.4112,0.4116,0.412,0.4124,0.4127,0.4131,0.4134,0.4138,0.4141,0.4145,0.4148,0.4152,0.4155,0.4159,0.4163,0.4166,0.417,0.4173,0.4177,0.4181,0.4184,0.4188,0.4191,0.4195,0.4199,0.4202,0.4206,0.421,0.4213,0.4217,0.4221,0.4224,0.4228,0.4232,0.4235,0.4239,0.4243,0.4246,0.425,0.4254,0.4258,0.4261,0.4265,0.4269,0.4273,0.4276,0.428,0.4284,0.4288,0.4291,0.4295,0.4299,0.4303,0.4307,0.4311,0.4314,0.4318,0.4322,0.4326,0.433,0.4334,0.4338,0.4341,0.4345,0.4349,0.4353,0.4357,0.4361,0.4365,0.437,0.4375,0.438,0.4384,0.4389,0.4394,0.4399,0.4404,0.4409,0.4414,0.4419,0.4424,0.4429,0.4434,0.4439,0.4444,0.4449,0.4454,0.4459,0.4464,0.4468,0.4471,0.4474,0.4477,0.448,0.4483,0.4486,0.4489,0.4492,0.4495,0.4497,0.45,0.4503,0.4506,0.4509,0.4512,0.4515,0.4518,0.4521,0.4524,0.4527,0.453,0.4533,0.4536,0.4539,0.4542,0.454,0.4534,0.4528,0.4523,0.4517,0.4523,0.4534,0.4544,0.4552,0.4558,0.4563,0.4568,0.4573,0.4579,0.4584,0.4589,0.4594,0.46,0.4605,0.461,0.4616,0.4619,0.4623,0.4627,0.463,0.4634,0.4638,0.4641,0.4645,0.4649,0.4652,0.4656,0.466,0.4664,0.4667,0.4671,0.4675,0.4678,0.4682,0.4686,0.469,0.4693,0.4697,0.4701,0.4705
0.3798,0.3803,0.3809,0.3814,0.382,0.3825,0.3831,0.3836,0.3842,0.3848,0.3853,0.3859,0.3865,0.3869,0.3872,0.3874,0.3877,0.388,0.3882,0.3885,0.3888,0.389,0.3893,0.3896,0.3898,0.3901,0.3904,0.3906,0.3909,0.3912,0.3915,0.3917,0.392,0.3922,0.3925,0.3928,0.393,0.3933,0.3935,0.3938,0.3941,0.3943,0.3946,0.3949,0.3951,0.3954,0.3957,0.3959,0.3962,0.1445,0.1452,0.1459,0.1466,0.1473,0.148,0.1488,0.1495,0.1502,0.151,0.1517,0.1525,0.1533,0.154,0.1548,0.1555,0.156,0.1566,0.1572,0.1577,0.1583,0.1589,0.1595,0.1625,0.1658,0.1692,0.1728,0.4035,0.4039,0.4042,0.4046,0.405,0.4053,0.4057,0.406,0.4064,0.4068,0.4071,0.4075,0.4079,0.4082,0.4086,0.409,0.4093,0.4097,0.4101,0.4105,0.4108,0.4112,0.4116,0.4119,0.4123,0.4126,0.413,0.4133,0.4137,0.414,0.4144,0.4147,0.4151,0.4154,0.4158,0.4161,0.4165,0.4169,0.4172,0.4176,0.4179,0.4183,0.4187,0.419,0.4194,0.4198,0.4201,0.4205,0.4208,0.4212,0.4216,0.4219,0.4223,0.4227,0.423,0.4234,0.4238,0.4242,0.4245,0.4249,0.4253,0.4256,0.426,0.4264,0.4268,0.4271,0.4275,0.4279,0.4283,0.4287,0.429,0.4294,0.4298,0.4302,0.4306,0.4309,0.4313,0.4317,0.4321,0.4325,0.4329,0.4332,0.4336,0.434,0.4344,0.4348,0.4352,0.4356,0.436,0.4365,0.437,0.4375,0.438,0.4384,0.4389,0.4394,0.4399,0.4404,0.4409,0.4414,0.4419,0.4424,0.4429,0.4434,0.4439,0.4444,0.4449,0.4454,0.4459,0.4463,0.4466,0.4469,0.4472,0.4475,0.4478,0.4481,0.4484,0.4487,0.449,0.4492,0.4495,0.4498,0.4501,0.4504,0.4507,0.451,0.4513,0.4516,0.4519,0.4522,0.4525,0.4528,0.4531,0.4534,0.4537,0.4534,0.4529,0.4523,0.4518,0.4512,0.451,0.452,0.4531,0.4542,0.4549,0.4554,0.4559,0.4565,0.457,0.4575,0.458,0.4585,0.4591,0.4596,0.4601,0.4607,0.4612,0.4617,0.4621,0.4625,0.4629,0.4632,0.4636,0.464,0.4643,0.4647,0.4651,0.4654,0.4658,0.4662,0.4665,0.4669,0.4673,0.4677,0.468,0.4684,0.4688,0.4692,0.4695,0.4699
0.3796,0.3801,0.3807,0.3812,0.3818,0.3823,0.3829,0.3834,0.384,0.3846,0.3851,0.3857,0.3862,0.3865,0.3868,0.387,0.3873,0.3876,0.3878,0.3881,0.3884,0.3886,0.3889,0.3892,0.3895,0.3897,0.39,0.3903,0.3905,0.3908,0.3911,0.3913,0.3916,0.3919,0.3921,0.3924,0.3926,0.3929,0.3932,0.3934,0.3937,0.394,0.3942,0.3945,0.3947,0.395,0.3953,0.3955,0.3958,0.1444,0.1451,0.1458,0.1465,0.1472,0.1479,0.1486,0.1493,0.1501,0.1508,0.1516,0.1523,0.1531,0.1539,0.1547,0.1552,0.1558,0.1563,0.1569,0.1575,0.1581,0.1586,0.1592,0.1616,0.1649,0.1683,0.1718,0.4031,0.4035,0.4039,0.4042,0.4046,0.4049,0.4053,0.4057,0.406,0.4064,0.4068,0.4071,0.4075,0.4079,0.4082,0.4086,0.409,0.4093,0.4097,0.4101,0.4104,0.4108,0.4111,0.4115,0.4118,0.4122,0.4125,0.4129,0.4132,0.4136,0.4139,0.4143,0.4146,0.415,0.4153,0.4157,0.416,0.4164,0.4168,0.4171,0.4175,0.4178,0.4182,0.4186,0.4189,0.4193,0.4196,0.42,0.4204,0.4207,0.4211,0.4215,0.4218,0.4222,0.4226,0.4229,0.4233,0.4237,0.424,0.4244,0.4248,0.4252,0.4255,0.4259,0.4263,0.4267,0.427,0.4274,0.4278,0.4282,0.4285,0.4289,0.4293,0.4297,0.4301,0.4304,0.4308,0.4312,0.4316,0.432,0.4324,0.4327,0.4331,0.4335,0.4339,0.4343,0.4347,0.4351,0.4355,0.436,0.4365,0.437,0.4375,0.4379,0.4384,0.4389,0.4394,0.4399,0.4404,0.4409,0.4414,0.4419,0.4424,0.4429,0.4434,0.4439,0.4444,0.4449,0.4453,0.4457,0.4461,0.4464,0.4467,0.447,0.4473,0.4476,0.4479,0.4482,0.4485,0.4488,0.449,0.4493,0.4496,0.4499,0.4502,0.4505,0.4508,0.4511,0.4514,0.4517,0.452,0.4523,0.4526,0.4529,0.4532,0.4529,0.4523,0.4518,0.4512,0.4507,0.4501,0.4507,0.4518,0.4528,0.4539,0.4545,0.455,0.4556,0.4561,0.4566,0.4571,0.4577,0.4582,0.4587,0.4592,0.4598,0.4603,0.4608,0.4614,0.4619,0.4623,0.4627,0.463,0.4634,0.4638,0.4641,0.4645,0.4649,0.4653,0.4656,0.466,0.4664,0.4667,0.4671,0.4675,0.4679,0.4682,0.4686,0.469,0.4694
0.3794,0.3799,0.3805,0.381,0.3816,0.3821,0.3827,0.3832,0.3838,0.3844,0.3849,0.3855,0.3859,0.3861,0.3864,0.3867,0.3869,0.3872,0.3875,0.3877,0.388,0.3883,0.3885,0.3888,0.3891,0.3893,0.3896,0.3899,0.3902,0.3904,0.3907,0.391,0.3912,0.3915,0.3917,0.392,0.3923,0.3925,0.3928,0.393,0.3933,0.3936,0.3938,0.3941,0.3944,0.3946,0.3949,0.3952,0.3954,0.1442,0.1449,0.1456,0.1463,0.147,0.1477,0.1485,0.1492,0.1499,0.1507,0.1514,0.1522,0.1529,0.1537,0.1544,0.155,0.1555,0.1561,0.1566,0.1572,0.1578,0.1584,0.159,0.1608,0.164,0.1674,0.1709,0.4028,0.4031,0.4035,0.4038,0.4042,0.4046,0.4049,0.4053,0.4056,0.406,0.4064,0.4067,0.4071,0.4075,0.4078,0.4082,0.4086,0.4089,0.4093,0.4096,0.41,0.4103,0.4107,0.411,0.4113,0.4117,0.412,0.4124,0.4127,0.4131,0.4135,0.4138,0.4142,0.4145,0.4149,0.4152,0.4156,0.4159,0.4163,0.4166,0.417,0.4174,0.4177,0.4181,0.4184,0.4188,0.4192,0.4195,0.4199,0.4203,0.4206,0.421,0.4214,0.4217,0.4221,0.4225,0.4228,0.4232,0.4236,0.4239,0.4243,0.4247,0.425,0.4254,0.4258,0.4262,0.4265,0.4269,0.4273,0.4277,0.428,0.4284,0.4288,0.4292,0.4296,0.4299,0.4303,0.4307,0.4311,0.4315,0.4319,0.4322,0.4326,0.433,0.4334,0.4338,0.4342,0.4346,0.435,0.4355,0.436,0.4365,0.437,0.4375,0.4379,0.4384,0.4389,0.4394,0.4399,0.4404,0.4409,0.4414,0.4419,0.4424,0.4429,0.4434,0.4439,0.4444,0.4448,0.4452,0.4456,0.4459,0.4462,0.4465,0.4468,0.4471,0.4474,0.4477,0.448,0.4483,0.4485,0.4488,0.4491,0.4494,0.4497,0.45,0.4503,0.4506,0.4509,0.4512,0.4515,0.4518,0.4521,0.4524,0.4527,0.4524,0.4518,0.4513,0.4507,0.4502,0.4496,0.4494,0.4505,0.4515,0.4526,0.4536,0.4542,0.4547,0.4552,0.4557,0.4562,0.4568,0.4573,0.4578,0.4583,0.4589,0.4594,0.4599,0.4605,0.461,0.4615,0.4621,0.4625,0.4629,0.4632,0.4636,0.464,0.4643,0.4647,0.4651,0.4654,0.4658,0.4662,0.4666,0.4669,0.4673,0.4677,0.4681,0.4684,0.4688
0.3792,0.3797,0.3803,0.3808,0.3814,0.3819,0.3825,0.383,0.3836,0.3842,0.3847,0.3852,0.3855,0.3858,0.386,0.3863,0.3866,0.3868,0.3871,0.3874,0.3876,0.3879,0.3882,0.3884,0.3887,0.389,0.3892,0.3895,0.3898,0.39,0.3903,0.3906,0.3908,0.3911,0.3914,0.3916,0.3919,0.3921,0.3924,0.3927,0.3929,0.3932,0.3935,0.3937,0.394,0.3942,0.3945,0.3948,0.395,0.1441,0.1448,0.1455,0.1462,0.1469,0.1476,0.1483,0.149,0.1498,0.1505,0.1513,0.152,0.1528,0.1535,0.1542,0.1547,0.1553,0.1558,0.1564,0.157,0.1575,0.1581,0.1587,0.16,0.1632,0.1665,0.17,0.4024,0.4027,0.4031,0.4034,0.4038,0.4042,0.4045,0.4049,0.4053,0.4056,0.406,0.4063,0.4067,0.4071,0.4074,0.4078,0.4081,0.4085,0.4088,0.4092,0.4095,0.4099,0.4102,0.4105,0.4109,0.4112,0.4116,0.4119,0.4123,0.4126,0.413,0.4133,0.4137,0.414,0.4144,0.4148,0.4151,0.4155,0.4158,0.4162,0.4165,0.4169,0.4173,0.4176,0.418,0.4183,0.4187,0.4191,0.4194,0.4198,0.4201,0.4205,0.4209,0.4212,0.4216,0.422,0.4223,0.4227,0.4231,0.4234,0.4238,0.4242,0.4246,0.4249,0.4253,0.4257,0.4261,0.4264,0.4268,0.4272,0.4276,0.4279,0.4283,0.4287,0.4291,0.4294,0.4298,0.4302,0.4306,0.431,0.4314,0.4317,0.4321,0.4325,0.4329,0.4333,0.4337,0.4341,0.4346,0.435,0.4355,0.436,0.4365,0.437,0.4374,0.4379,0.4384,0.4389,0.4394,0.4399,0.4404,0.4409,0.4414,0.4419,0.4424,0.4429,0.4433,0.4438,0.4443,0.4447,0.445,0.4454,0.4457,0.446,0.4463,0.4466,0.4469,0.4472,0.4475,0.4478,0.4481,0.4483,0.4486,0.4489,0.4492,0.4495,0.4498,0.4501,0.4504,0.4507,0.451,0.4513,0.4516,0.4519,0.4522,0.4518,0.4513,0.4507,0.4502,0.4496,0.4491,0.4485,0.4491,0.4502,0.4512,0.4523,0.4533,0.4538,0.4543,0.4548,0.4554,0.4559,0.4564,0.4569,0.4575,0.458,0.4585,0.459,0.4596,0.4601,0.4606,0.4612,0.4617,0.4622,0.4627,0.4631,0.4634,0.4638,0.4642,0.4645,0.4649,0.4653,0.4656,0.466,0.4664,0.4668,0.4671,0.4675,0.4679,0.4682
0.3790,0.3795,0.3801,0.3806,0.3812,0.3817,0.3823,0.3828,0.3834,0.384,0.3845,0.3849,0.3851,0.3854,0.3857,0.3859,0.3862,0.3865,0.3867,0.387,0.3873,0.3875,0.3878,0.3881,0.3883,0.3886,0.3889,0.3891,0.3894,0.3897,0.3899,0.3902,0.3905,0.3907,0.391,0.3912,0.3915,0.3918,0.392,0.3923,0.3925,0.3928,0.3931,0.3933,0.3936,0.3939,0.3941,0.3944,0.3946,0.1439,0.1446,0.1453,0.146,0.1467,0.1474,0.1481,0.1489,0.1496,0.1503,0.1511,0.1518,0.1526,0.1534,0.1539,0.1545,0.155,0.1556,0.1561,0.1567,0.1573,0.1579,0.1584,0.1592,0.1623,0.1656,0.1691,0.402,0.4024,0.4027,0.4031,0.4034,0.4038,0.4041,0.4045,0.4049,0.4052,0.4056,0.406,0.4063,0.4067,0.407,0.4073,0.4077,0.408,0.4084,0.4087,0.4091,0.4094,0.4097,0.4101,0.4104,0.4108,0.4111,0.4115,0.4118,0.4122,0.4125,0.4129,0.4132,0.4136,0.4139,0.4143,0.4146,0.415,0.4154,0.4157,0.4161,0.4164,0.4168,0.4171,0.4175,0.4179,0.4182,0.4186,0.4189,0.4193,0.4197,0.42,0.4204,0.4208,0.4211,0.4215,0.4219,0.4222,0.4226,0.423,0.4233,0.4237,0.4241,0.4244,0.4248,0.4252,0.4256,0.4259,0.4263,0.4267,0.4271,0.4274,0.4278,0.4282,0.4286,0.429,0.4293,0.4297,0.4301,0.4305,0.4309,0.4312,0.4316,0.432,0.4324,0.4328,0.4332,0.4336,0.4341,0.4346,0.435,0.4355,0.436,0.4365,0.437,0.4374,0.4379,0.4384,0.4389,0.4394,0.4399,0.4404,0.4409,0.4414,0.4419,0.4423,0.4428,0.4433,0.4438,0.4441,0.4445,0.4448,0.4452,0.4455,0.4458,0.4461,0.4464,0.4467,0.447,0.4473,0.4476,0.4479,0.4481,0.4484,0.4487,0.449,0.4493,0.4496,0.4499,0.4502,0.4505,0.4508,0.4511,0.4514,0.4517,0.4513,0.4508,0.4502,0.4497,0.4491,0.4486,0.448,0.4478,0.4489,0.4499,0.451,0.452,0.4529,0.4535,0.454,0.4545,0.455,0.4555,0.456,0.4566,0.4571,0.4576,0.4581,0.4587,0.4592,0.4597,0.4603,0.4608,0.4613,0.4619,0.4624,0.4629,0.4632,0.4636,0.464,0.4644,0.4647,0.4651,0.4655,0.4658,0.4662,0.4666,0.4669,0.4673,0.4677
0.3788,0.3793,0.3799,0.3804,0.381,0.3815,0.3821,0.3826,0.3832,0.3838,0.3842,0.3845,0.3848,0.385,0.3853,0.3856,0.3858,0.3861,0.3864,0.3866,0.3869,0.3871,0.3874,0.3877,0.3879,0.3882,0.3885,0.3887,0.389,0.3893,0.3896,0.3898,0.3901,0.3904,0.3906,0.3909,0.3911,0.3914,0.3916,0.3919,0.3922,0.3924,0.3927,0.3929,0.3932,0.3935,0.3937,0.394,0.3943,0.1438,0.1445,0.1452,0.1459,0.1466,0.1473,0.148,0.1487,0.1494,0.1502,0.1509,0.1517,0.1524,0.1531,0.1537,0.1542,0.1548,0.1553,0.1559,0.1565,0.157,0.1576,0.1582,0.1588,0.1615,0.1648,0.1681,0.4017,0.402,0.4023,0.4027,0.403,0.4034,0.4038,0.4041,0.4045,0.4048,0.4052,0.4055,0.4059,0.4062,0.4066,0.4069,0.4072,0.4076,0.4079,0.4083,0.4086,0.409,0.4093,0.4096,0.41,0.4103,0.4107,0.411,0.4114,0.4117,0.4121,0.4124,0.4128,0.4131,0.4135,0.4138,0.4142,0.4145,0.4149,0.4153,0.4156,0.416,0.4163,0.4167,0.417,0.4174,0.4178,0.4181,0.4185,0.4188,0.4192,0.4196,0.4199,0.4203,0.4207,0.421,0.4214,0.4218,0.4221,0.4225,0.4229,0.4232,0.4236,0.424,0.4243,0.4247,0.4251,0.4255,0.4258,0.4262,0.4266,0.4269,0.4273,0.4277,0.4281,0.4285,0.4288,0.4292,0.4296,0.43,0.4304,0.4307,0.4311,0.4315,0.4319,0.4323,0.4327,0.4331,0.4336,0.4341,0.4345,0.435,0.4355,0.436,0.4365,0.437,0.4374,0.4379,0.4384,0.4389,0.4394,0.4399,0.4404,0.4409,0.4414,0.4418,0.4423,0.4428,0.4432,0.4436,0.444,0.4443,0.4447,0.445,0.4453,0.4456,0.4459,0.4462,0.4465,0.4468,0.4471,0.4474,0.4476,0.4479,0.4482,0.4485,0.4488,0.4491,0.4494,0.4497,0.45,0.4503,0.4506,0.4509,0.4512,0.4508,0.4502,0.4497,0.4491,0.4486,0.4481,0.4475,0.447,0.4476,0.4486,0.4497,0.4507,0.4518,0.4526,0.4531,0.4536,0.4541,0.4546,0.4552,0.4557,0.4562,0.4567,0.4573,0.4578,0.4583,0.4588,0.4594,0.4599,0.4604,0.4609,0.4615,0.462,0.4626,0.4631,0.4634,0.4638,0.4642,0.4645,0.4649,0.4653,0.4657,0.466,0.4664,0.4668,0.4671
0.3786,0.3791,0.3797,0.3802,0.3808,0.3813,0.3819,0.3824,0.383,0.3836,0.3839,0.3841,0.3844,0.3847,0.3849,0.3852,0.3855,0.3857,0.386,0.3862,0.3865,0.3868,0.387,0.3873,0.3876,0.3878,0.3881,0.3884,0.3886,0.3889,0.3892,0.3894,0.3897,0.39,0.3902,0.3905,0.3907,0.391,0.3913,0.3915,0.3918,0.392,0.3923,0.3926,0.3928,0.3931,0.3934,0.3936,0.3939,0.1436,0.1443,0.145,0.1457,0.1464,0.1471,0.1478,0.1486,0.1493,0.15,0.1508,0.1515,0.1523,0.1529,0.1534,0.154,0.1545,0.1551,0.1556,0.1562,0.1568,0.1573,0.1579,0.1585,0.1607,0.1639,0.1673,0.4013,0.4016,0.4019,0.4023,0.4027,0.403,0.4034,0.4037,0.4041,0.4044,0.4048,0.4051,0.4054,0.4058,0.4061,0.4064,0.4068,0.4071,0.4075,0.4078,0.4082,0.4085,0.4088,0.4092,0.4095,0.4099,0.4102,0.4106,0.4109,0.4113,0.4116,0.412,0.4123,0.4127,0.413,0.4134,0.4137,0.4141,0.4144,0.4148,0.4151,0.4155,0.4159,0.4162,0.4166,0.4169,0.4173,0.4176,0.418,0.4184,0.4187,0.4191,0.4195,0.4198,0.4202,0.4205,0.4209,0.4213,0.4216,0.422,0.4224,0.4227,0.4231,0.4235,0.4239,0.4242,0.4246,0.425,0.4253,0.4257,0.4261,0.4265,0.4268,0.4272,0.4276,0.428,0.4283,0.4287,0.4291,0.4295,0.4299,0.4302,0.4306,0.431,0.4314,0.4318,0.4322,0.4326,0.4331,0.4336,0.4341,0.4345,0.435,0.4355,0.436,0.4365,0.4369,0.4374,0.4379,0.4384,0.4389,0.4394,0.4399,0.4404,0.4409,0.4413,0.4418,0.4423,0.4427,0.4431,0.4435,0.4438,0.4441,0.4445,0.4448,0.4451,0.4454,0.4457,0.446,0.4463,0.4466,0.4469,0.4472,0.4474,0.4477,0.448,0.4483,0.4486,0.4489,0.4492,0.4495,0.4498,0.4501,0.4504,0.4507,0.4503,0.4497,0.4492,0.4486,0.4481,0.4475,0.447,0.4465,0.4463,0.4473,0.4484,0.4494,0.4504,0.4515,0.4522,0.4527,0.4533,0.4538,0.4543,0.4548,0.4553,0.4558,0.4564,0.4569,0.4574,0.4579,0.4585,0.459,0.4595,0.46,0.4606,0.4611,0.4616,0.4622,0.4627,0.4633,0.4636,0.464,0.4644,0.4647,0.4651,0.4655,0.4658,0.4662,0.4666
0.3784,0.3789,0.3795,0.38,0.3806,0.3811,0.3817,0.3822,0.3828,0.3832,0.3835,0.3838,0.384,0.3843,0.3846,0.3848,0.3851,0.3853,0.3856,0.3859,0.3861,0.3864,0.3867,0.3869,0.3872,0.3875,0.3877,0.388,0.3883,0.3885,0.3888,0.3891,0.3893,0.3896,0.3899,0.3901,0.3904,0.3906,0.3909,0.3911,0.3914,0.3917,0.3919,0.3922,0.3924,0.3927,0.393,0.3932,0.1428,0.1435,0.1442,0.1449,0.1456,0.1463,0.147,0.1477,0.1484,0.1491,0.1499,0.1506,0.1514,0.1521,0.1526,0.1532,0.1537,0.1543,0.1548,0.1554,0.1559,0.1565,0.1571,0.1577,0.1582,0.1599,0.163,0.1664,0.401,0.4012,0.4016,0.4019,0.4023,0.4026,0.403,0.4033,0.4036,0.404,0.4043,0.4046,0.405,0.4053,0.4057,0.406,0.4063,0.4067,0.407,0.4074,0.4077,0.4081,0.4084,0.4087,0.4091,0.4094,0.4098,0.4101,0.4105,0.4108,0.4112,0.4115,0.4119,0.4122,0.4126,0.4129,0.4133,0.4136,0.414,0.4143,0.4147,0.415,0.4154,0.4157,0.4161,0.4165,0.4168,0.4172,0.4175,0.4179,0.4183,0.4186,0.419,0.4193,0.4197,0.4201,0.4204,0.4208,0.4212,0.4215,0.4219,0.4223,0.4226,0.423,0.4234,0.4237,0.4241,0.4245,0.4249,0.4252,0.4256,0.426,0.4263,0.4267,0.4271,0.4275,0.4278,0.4282,0.4286,0.429,0.4294,0.4297,0.4301,0.4305,0.4309,0.4313,0.4317,0.4322,0.4326,0.4331,0.4336,0.4341,0.4345,0.435,0.4355,0.436,0.4365,0.4369,0.4374,0.4379,0.4384,0.4389,0.4394,0.4399,0.4404,0.4408,0.4413,0.4418,0.4422,0.4426,0.4429,0.4433,0.4436,0.4439,0.4443,0.4446,0.4449,0.4452,0.4455,0.4458,0.4461,0.4464,0.4467,0.447,0.4472,0.4475,0.4478,0.4481,0.4484,0.4487,0.449,0.4493,0.4496,0.4499,0.4502,0.4497,0.4492,0.4486,0.4481,0.4476,0.447,0.4465,0.4459,0.4454,0.446,0.4471,0.4481,0.4491,0.4502,0.4512,0.4519,0.4524,0.4529,0.4534,0.4539,0.4544,0.455,0.4555,0.456,0.4565,0.457,0.4576,0.4581,0.4586,0.4592,0.4597,0.4602,0.4607,0.4613,0.4618,0.4623,0.4629,0.4634,0.4638,0.4642,0.4646,0.4649,0.4653,0.4657,0.466
0.3782,0.3787,0.3793,0.3798,0.3804,0.3809,0.3815,0.382,0.3826,0.3829,0.3831,0.3834,0.3837,0.3839,0.3842,0.3845,0.3847,0.385,0.3852,0.3855,0.3858,0.386,0.3863,0.3866,0.3868,0.3871,0.3874,0.3876,0.3879,0.3882,0.3884,0.3887,0.389,0.3892,0.3895,0.3897,0.39,0.3903,0.3905,0.3908,0.391,0.3913,0.3915,0.3918,0.3921,0.3923,0.3926,0.3929,0.1427,0.1433,0.144,0.1447,0.1454,0.1461,0.1468,0.1475,0.1482,0.149,0.1497,0.1505,0.1512,0.1519,0.1524,0.1529,0.1535,0.154,0.1546,0.1551,0.1557,0.1563,0.1568,0.1574,0.158,0.159,0.1622,0.1655,0.4006,0.4008,0.4012,0.4015,0.4019,0.4022,0.4025,0.4029,0.4032,0.4035,0.4039,0.4042,0.4045,0.4049,0.4052,0.4056,0.4059,0.4062,0.4066,0.4069,0.4073,0.4076,0.4079,0.4083,0.4086,0.409,0.4093,0.4097,0.41,0.4104,0.4107,0.4111,0.4114,0.4118,0.4121,0.4125,0.4128,0.4132,0.4135,0.4139,0.4142,0.4146,0.4149,0.4153,0.4156,0.416,0.4164,0.4167,0.4171,0.4174,0.4178,0.4181,0.4185,0.4189,0.4192,0.4196,0.42,0.4203,0.4207,0.4211,0.4214,0.4218,0.4222,0.4225,0.4229,0.4233,0.4236,0.424,0.4244,0.4247,0.4251,0.4255,0.4259,0.4262,0.4266,0.427,0.4274,0.4277,0.4281,0.4285,0.4289,0.4292,0.4296,0.43,0.4304,0.4308,0.4312,0.4317,0.4321,0.4326,0.4331,0.4336,0.434,0.4345,0.435,0.4355,0.436,0.4364,0.4369,0.4374,0.4379,0.4384,0.4389,0.4394,0.4399,0.4403,0.4408,0.4413,0.4417,0.442,0.4424,0.4428,0.4431,0.4434,0.4437,0.4441,0.4444,0.4447,0.445,0.4453,0.4456,0.4459,0.4462,0.4465,0.4468,0.447,0.4473,0.4476,0.4479,0.4482,0.4485,0.4488,0.4491,0.4494,0.4497,0.4492,0.4487,0.4481,0.4476,0.447,0.4465,0.446,0.4454,0.4449,0.4447,0.4458,0.4468,0.4478,0.4489,0.4499,0.451,0.4515,0.452,0.4525,0.4531,0.4536,0.4541,0.4546,0.4551,0.4556,0.4562,0.4567,0.4572,0.4577,0.4583,0.4588,0.4593,0.4598,0.4604,0.4609,0.4614,0.462,0.4625,0.463,0.4636,0.464,0.4644,0.4647,0.4651,0.472
0.3780,0.3785,0.3791,0.3796,0.3802,0.3807,0.3813,0.3818,0.3823,0.3825,0.3828,0.383,0.3833,0.3836,0.3838,0.3841,0.3843,0.3846,0.3849,0.3851,0.3854,0.3857,0.3859,0.3862,0.3865,0.3867,0.387,0.3872,0.3875,0.3878,0.388,0.3883,0.3886,0.3889,0.3891,0.3894,0.3896,0.3899,0.3901,0.3904,0.3907,0.3909,0.3912,0.3914,0.3917,0.392,0.3922,0.3925,0.1425,0.1432,0.1439,0.1446,0.1453,0.146,0.1467,0.1474,0.1481,0.1488,0.1496,0.1503,0.151,0.1516,0.1521,0.1527,0.1532,0.1538,0.1543,0.1549,0.1554,0.156,0.1566,0.1571,0.1577,0.1583,0.1614,0.1646,0.4002,0.4005,0.4008,0.4011,0.4014,0.4018,0.4021,0.4024,0.4028,0.4031,0.4034,0.4038,0.4041,0.4044,0.4048,0.4051,0.4055,0.4058,0.4061,0.4065,0.4068,0.4072,0.4075,0.4078,0.4082,0.4085,0.4089,0.4092,0.4096,0.4099,0.4103,0.4106,0.411,0.4113,0.4117,0.412,0.4124,0.4127,0.4131,0.4134,0.4138,0.4141,0.4145,0.4148,0.4152,0.4155,0.4159,0.4162,0.4166,0.417,0.4173,0.4177,0.418,0.4184,0.4188,0.4191,0.4195,0.4198,0.4202,0.4206,0.4209,0.4213,0.4217,0.422,0.4224,0.4228,0.4231,0.4235,0.4239,0.4243,0.4246,0.425,0.4254,0.4257,0.4261,0.4265,0.4269,0.4272,0.4276,0.428,0.4284,0.4288,0.4291,0.4295,0.4299,0.4303,0.4307,0.4312,0.4317,0.4321,0.4326,0.4331,0.4336,0.434,0.4345,0.435,0.4355,0.436,0.4364,0.4369,0.4374,0.4379,0.4384,0.4389,0.4394,0.4398,0.4403,0.4407,0.4411,0.4415,0.4419,0.4423,0.4426,0.4429,0.4432,0.4436,0.4439,0.4442,0.4445,0.4448,0.4451,0.4454,0.4457,0.446,0.4463,0.4466,0.4468,0.4471,0.4474,0.4477,0.448,0.4483,0.4486,0.4489,0.4492,0.4487,0.4482,0.4476,0.4471,0.4465,0.446,0.4454,0.4449,0.4444,0.444,0.4445,0.4455,0.4465,0.4476,0.4486,0.4497,0.4507,0.4512,0.4517,0.4522,0.4527,0.4532,0.4537,0.4542,0.4548,0.4553,0.4558,0.4563,0.4568,0.4574,0.4579,0.4584,0.4589,0.4595,0.46,0.4605,0.4611,0.4616,0.4621,0.4627,0.4632,0.4637,0.4642,0.4646,0.4702
0.3778,0.3784,0.3789,0.3794,0.38,0.3805,0.3811,0.3816,0.3819,0.3822,0.3824,0.3827,0.3829,0.3832,0.3835,0.3837,0.384,0.3842,0.3845,0.3848,0.385,0.3853,0.3856,0.3858,0.3861,0.3863,0.3866,0.3869,0.3871,0.3874,0.3877,0.3879,0.3882,0.3885,0.3887,0.389,0.3892,0.3895,0.3898,0.39,0.3903,0.3905,0.3908,0.3911,0.3913,0.3916,0.3918,0.3921,0.1424,0.1431,0.1437,0.1444,0.1451,0.1458,0.1465,0.1472,0.1479,0.1487,0.1494,0.1501,0.1508,0.1514,0.1519,0.1524,0.153,0.1535,0.1541,0.1546,0.1552,0.1557,0.1563,0.1569,0.1575,0.158,0.1605,0.1638,0.3999,0.4002,0.4005,0.4007,0.401,0.4013,0.4017,0.402,0.4023,0.4027,0.403,0.4033,0.4037,0.404,0.4043,0.4047,0.405,0.4054,0.4057,0.406,0.4064,0.4067,0.4071,0.4074,0.4077,0.4081,0.4084,0.4088,0.4091,0.4095,0.4098,0.4102,0.4105,0.4108,0.4112,0.4115,0.4119,0.4122,0.4126,0.4129,0.4133,0.4137,0.414,0.4144,0.4147,0.4151,0.4154,0.4158,0.4161,0.4165,0.4169,0.4172,0.4176,0.4179,0.4183,0.4186,0.419,0.4194,0.4197,0.4201,0.4205,0.4208,0.4212,0.4216,0.4219,0.4223,0.4227,0.423,0.4234,0.4238,0.4241,0.4245,0.4249,0.4253,0.4256,0.426,0.4264,0.4268,0.4271,0.4275,0.4279,0.4283,0.4286,0.429,0.4294,0.4298,0.4302,0.4307,0.4312,0.4317,0.4321,0.4326,0.4331,0.4336,0.434,0.4345,0.435,0.4355,0.436,0.4364,0.4369,0.4374,0.4379,0.4384,0.4389,0.4393,0.4398,0.4402,0.4406,0.441,0.4414,0.4418,0.4421,0.4424,0.4427,0.443,0.4434,0.4437,0.444,0.4443,0.4446,0.4449,0.4452,0.4455,0.4458,0.4461,0.4464,0.4466,0.4469,0.4472,0.4475,0.4478,0.4481,0.4484,0.4487,0.4482,0.4476,0.4471,0.4466,0.446,0.4455,0.4449,0.4444,0.4439,0.444,0.4444,0.4449,0.4453,0.4463,0.4473,0.4484,0.4494,0.4503,0.4508,0.4513,0.4518,0.4523,0.4529,0.4534,0.4539,0.4544,0.4549,0.4554,0.456,0.4565,0.457,0.4575,0.4581,0.4586,0.4591,0.4596,0.4602,0.4607,0.4612,0.4618,0.4623,0.4628,0.4634,0.4639,0.4661
0.3776,0.3782,0.3787,0.3792,0.3798,0.3803,0.3809,0.3813,0.3815,0.3818,0.3821,0.3823,0.3826,0.3828,0.3831,0.3833,0.3836,0.3839,0.3841,0.3844,0.3847,0.3849,0.3852,0.3854,0.3857,0.386,0.3862,0.3865,0.3868,0.387,0.3873,0.3876,0.3878,0.3881,0.3884,0.3886,0.3889,0.3891,0.3894,0.3896,0.3899,0.3902,0.3904,0.3907,0.3909,0.3912,0.3915,0.3917,0.1422,0.1429,0.1436,0.1443,0.145,0.1457,0.1464,0.1471,0.1478,0.1485,0.1492,0.15,0.1506,0.1511,0.1517,0.1522,0.1527,0.1533,0.1538,0.1544,0.1549,0.1555,0.1561,0.1566,0.1572,0.1578,0.1597,0.1629,0.3995,0.3999,0.4002,0.4005,0.4006,0.4009,0.4012,0.4016,0.4019,0.4022,0.4026,0.4029,0.4032,0.4036,0.4039,0.4042,0.4046,0.4049,0.4053,0.4056,0.4059,0.4063,0.4066,0.407,0.4073,0.4076,0.408,0.4083,0.4087,0.409,0.4094,0.4097,0.41,0.4104,0.4107,0.4111,0.4114,0.4118,0.4121,0.4125,0.4128,0.4132,0.4135,0.4139,0.4143,0.4146,0.415,0.4153,0.4157,0.416,0.4164,0.4167,0.4171,0.4175,0.4178,0.4182,0.4185,0.4189,0.4193,0.4196,0.42,0.4204,0.4207,0.4211,0.4214,0.4218,0.4222,0.4226,0.4229,0.4233,0.4237,0.424,0.4244,0.4248,0.4251,0.4255,0.4259,0.4263,0.4266,0.427,0.4274,0.4278,0.4281,0.4285,0.4289,0.4293,0.4298,0.4302,0.4307,0.4312,0.4317,0.4321,0.4326,0.4331,0.4336,0.434,0.4345,0.435,0.4355,0.4359,0.4364,0.4369,0.4374,0.4379,0.4384,0.4388,0.4393,0.4397,0.4401,0.4405,0.4409,0.4412,0.4416,0.4419,0.4422,0.4425,0.4429,0.4432,0.4435,0.4438,0.4441,0.4444,0.4447,0.445,0.4453,0.4456,0.4459,0.4462,0.4464,0.4467,0.447,0.4473,0.4476,0.4479,0.4482,0.4477,0.4471,0.4466,0.446,0.4455,0.445,0.4444,0.4439,0.4436,0.444,0.4445,0.4449,0.4453,0.4458,0.4462,0.4471,0.4481,0.4491,0.45,0.4505,0.451,0.4515,0.452,0.4525,0.453,0.4535,0.454,0.4546,0.4551,0.4556,0.4561,0.4566,0.4572,0.4577,0.4582,0.4587,0.4593,0.4599,0.4604,0.461,0.4615,0.4621,0.4627,0.4632,0.4638
0.3774,0.378,0.3785,0.379,0.3796,0.3801,0.3807,0.3809,0.3812,0.3814,0.3817,0.3819,0.3822,0.3825,0.3827,0.383,0.3832,0.3835,0.3838,0.384,0.3843,0.3846,0.3848,0.3851,0.3853,0.3856,0.3859,0.3861,0.3864,0.3867,0.3869,0.3872,0.3875,0.3877,0.388,0.3882,0.3885,0.3888,0.389,0.3893,0.3895,0.3898,0.39,0.3903,0.3906,0.3908,0.3911,0.3913,0.1421,0.1428,0.1434,0.1441,0.1448,0.1455,0.1462,0.1469,0.1476,0.1484,0.1491,0.1498,0.1504,0.1509,0.1514,0.152,0.1525,0.153,0.1536,0.1541,0.1547,0.1552,0.1558,0.1564,0.1569,0.1575,0.1589,0.1621,0.3992,0.3996,0.3999,0.4002,0.4004,0.4005,0.4008,0.4011,0.4015,0.4018,0.4021,0.4025,0.4028,0.4031,0.4035,0.4038,0.4041,0.4045,0.4048,0.4051,0.4055,0.4058,0.4062,0.4065,0.4068,0.4072,0.4075,0.4079,0.4082,0.4086,0.4089,0.4093,0.4096,0.4099,0.4103,0.4106,0.411,0.4113,0.4117,0.412,0.4124,0.4127,0.4131,0.4134,0.4138,0.4141,0.4145,0.4149,0.4152,0.4156,0.4159,0.4163,0.4166,0.417,0.4173,0.4177,0.4181,0.4184,0.4188,0.4192,0.4195,0.4199,0.4202,0.4206,0.421,0.4213,0.4217,0.4221,0.4224,0.4228,0.4232,0.4235,0.4239,0.4243,0.4247,0.425,0.4254,0.4258,0.4262,0.4265,0.4269,0.4273,0.4277,0.428,0.4284,0.4288,0.4293,0.4298,0.4302,0.4307,0.4312,0.4316,0.4321,0.4326,0.4331,0.4335,0.434,0.4345,0.435,0.4355,0.4359,0.4364,0.4369,0.4374,0.4379,0.4383,0.4388,0.4392,0.4396,0.44,0.4403,0.4407,0.4411,0.4414,0.4417,0.442,0.4423,0.4427,0.443,0.4433,0.4436,0.4439,0.4442,0.4445,0.4448,0.4451,0.4454,0.4457,0.446,0.4462,0.4465,0.4468,0.4471,0.4474,0.4477,0.4471,0.4466,0.4461,0.4455,0.445,0.4444,0.4439,0.4434,0.4436,0.4441,0.4445,0.4449,0.4454,0.4458,0.4463,0.4467,0.4471,0.4478,0.4489,0.4496,0.4501,0.4506,0.4511,0.4516,0.4521,0.4527,0.4532,0.4537,0.4542,0.4547,0.4553,0.4558,0.4564,0.4569,0.4575,0.4581,0.4586,0.4592,0.4597,0.4603,0.4609,0.4614,0.462,0.4626,0.4631
0.3772,0.3778,0.3783,0.3789,0.3794,0.3799,0.3803,0.3806,0.3808,0.3811,0.3813,0.3816,0.3818,0.3821,0.3824,0.3826,0.3829,0.3831,0.3834,0.3837,0.3839,0.3842,0.3844,0.3847,0.385,0.3852,0.3855,0.3858,0.386,0.3863,0.3866,0.3868,0.3871,0.3873,0.3876,0.3879,0.3881,0.3884,0.3886,0.3889,0.3892,0.3894,0.3897,0.3899,0.3902,0.3904,0.3907,0.391,0.142,0.1426,0.1433,0.144,0.1447,0.1454,0.1461,0.1468,0.1475,0.1482,0.1489,0.1496,0.1501,0.1507,0.1512,0.1517,0.1523,0.1528,0.1533,0.1539,0.1544,0.155,0.1556,0.1561,0.1567,0.1573,0.1581,0.1612,0.3989,0.3992,0.3996,0.3999,0.4002,0.4002,0.4004,0.4007,0.401,0.4014,0.4017,0.402,0.4024,0.4027,0.403,0.4034,0.4037,0.404,0.4044,0.4047,0.405,0.4054,0.4057,0.4061,0.4064,0.4067,0.4071,0.4074,0.4078,0.4081,0.4085,0.4088,0.4091,0.4095,0.4098,0.4102,0.4105,0.4109,0.4112,0.4116,0.4119,0.4123,0.4126,0.413,0.4133,0.4137,0.414,0.4144,0.4147,0.4151,0.4155,0.4158,0.4162,0.4165,0.4169,0.4172,0.4176,0.418,0.4183,0.4187,0.419,0.4194,0.4198,0.4201,0.4205,0.4209,0.4212,0.4216,0.422,0.4223,0.4227,0.4231,0.4234,0.4238,0.4242,0.4245,0.4249,0.4253,0.4257,0.426,0.4264,0.4268,0.4272,0.4275,0.4279,0.4284,0.4288,0.4293,0.4298,0.4302,0.4307,0.4312,0.4316,0.4321,0.4326,0.4331,0.4335,0.434,0.4345,0.435,0.4355,0.4359,0.4364,0.4369,0.4374,0.4379,0.4383,0.4387,0.4391,0.4394,0.4398,0.4402,0.4406,0.4409,0.4412,0.4415,0.4418,0.4421,0.4425,0.4428,0.4431,0.4434,0.4437,0.444,0.4443,0.4446,0.4449,0.4452,0.4455,0.4458,0.446,0.4463,0.4466,0.4469,0.4472,0.4466,0.4461,0.4455,0.445,0.4445,0.4439,0.4434,0.4432,0.4437,0.4441,0.4445,0.445,0.4454,0.4459,0.4463,0.4467,0.4472,0.4476,0.4481,0.4486,0.4493,0.4498,0.4503,0.4508,0.4514,0.4519,0.4524,0.453,0.4535,0.4541,0.4546,0.4552,0.4557,0.4563,0.4568,0.4574,0.4579,0.4585,0.4591,0.4596,0.4602,0.4607,0.4613,0.4619,0.4624
0.3770,0.3776,0.3781,0.3787,0.3792,0.3797,0.3799,0.3802,0.3804,0.3807,0.381,0.3812,0.3815,0.3817,0.382,0.3823,0.3825,0.3828,0.383,0.3833,0.3836,0.3838,0.3841,0.3843,0.3846,0.3849,0.3851,0.3854,0.3857,0.3859,0.3862,0.3864,0.3867,0.387,0.3872,0.3875,0.3878,0.388,0.3883,0.3885,0.3888,0.389,0.3893,0.3895,0.3898,0.3901,0.3903,0.3906,0.1418,0.1425,0.1432,0.1438,0.1445,0.1452,0.1459,0.1466,0.1473,0.148,0.1488,0.1494,0.1499,0.1504,0.151,0.1515,0.152,0.1526,0.1531,0.1536,0.1542,0.1547,0.1553,0.1559,0.1564,0.157,0.1576,0.1604,0.3986,0.3989,0.3992,0.3996,0.3999,0.4002,0.4001,0.4003,0.4006,0.4009,0.4013,0.4016,0.4019,0.4023,0.4026,0.4029,0.4033,0.4036,0.4039,0.4043,0.4046,0.4049,0.4053,0.4056,0.406,0.4063,0.4066,0.407,0.4073,0.4077,0.408,0.4084,0.4087,0.409,0.4094,0.4097,0.4101,0.4104,0.4108,0.4111,0.4115,0.4118,0.4122,0.4125,0.4129,0.4132,0.4136,0.4139,0.4143,0.4146,0.415,0.4153,0.4157,0.4161,0.4164,0.4168,0.4171,0.4175,0.4179,0.4182,0.4186,0.4189,0.4193,0.4197,0.42,0.4204,0.4208,0.4211,0.4215,0.4218,0.4222,0.4226,0.423,0.4233,0.4237,0.4241,0.4244,0.4248,0.4252,0.4255,0.4259,0.4263,0.4267,0.427,0.4274,0.4279,0.4284,0.4288,0.4293,0.4298,0.4302,0.4307,0.4312,0.4316,0.4321,0.4326,0.4331,0.4335,0.434,0.4345,0.435,0.4354,0.4359,0.4364,0.4369,0.4374,0.4378,0.4382,0.4385,0.4389,0.4393,0.4397,0.44,0.4404,0.4407,0.441,0.4413,0.4416,0.442,0.4423,0.4426,0.4429,0.4432,0.4435,0.4438,0.4441,0.4444,0.4447,0.445,0.4453,0.4456,0.4458,0.4461,0.4464,0.4467,0.4461,0.4456,0.445,0.4445,0.444,0.4434,0.4429,0.4433,0.4437,0.4441,0.4446,0.445,0.4455,0.4459,0.4463,0.4468,0.4472,0.4477,0.4481,0.4486,0.4493,0.4498,0.4502,0.4507,0.4511,0.4516,0.4521,0.4525,0.453,0.4535,0.454,0.4545,0.4551,0.4556,0.4562,0.4567,0.4573,0.4578,0.4584,0.4589,0.4595,0.4601,0.4606,0.4612,0.4618
0.3768,0.3774,0.3779,0.3785,0.379,0.3793,0.3796,0.3798,0.3801,0.3803,0.3806,0.3809,0.3811,0.3814,0.3816,0.3819,0.3821,0.3824,0.3827,0.3829,0.3832,0.3834,0.3837,0.384,0.3842,0.3845,0.3848,0.385,0.3853,0.3855,0.3858,0.3861,0.3863,0.3866,0.3869,0.3871,0.3874,0.3876,0.3879,0.3881,0.3884,0.3887,0.3889,0.3892,0.3894,0.3897,0.3899,0.3902,0.1417,0.1423,0.143,0.1437,0.1444,0.1451,0.1458,0.1465,0.1472,0.1479,0.1486,0.1492,0.1497,0.1502,0.1507,0.1512,0.1518,0.1523,0.1529,0.1534,0.1539,0.1545,0.155,0.1556,0.1562,0.1567,0.1573,0.1596,0.3983,0.3986,0.3989,0.3992,0.3996,0.3999,0.4002,0.3999,0.4002,0.4005,0.4008,0.4012,0.4015,0.4018,0.4022,0.4025,0.4028,0.4032,0.4035,0.4038,0.4042,0.4045,0.4048,0.4052,0.4055,0.4059,0.4062,0.4065,0.4069,0.4072,0.4076,0.4079,0.4082,0.4086,0.4089,0.4093,0.4096,0.41,0.4103,0.4107,0.411,0.4114,0.4117,0.4121,0.4124,0.4128,0.4131,0.4135,0.4138,0.4142,0.4145,0.4149,0.4152,0.4156,0.416,0.4163,0.4167,0.417,0.4174,0.4177,0.4181,0.4185,0.4188,0.4192,0.4195,0.4199,0.4203,0.4206,0.421,0.4214,0.4217,0.4221,0.4225,0.4228,0.4232,0.4236,0.4239,0.4243,0.4247,0.4251,0.4254,0.4258,0.4262,0.4266,0.427,0.4274,0.4279,0.4283,0.4288,0.4293,0.4297,0.4302,0.4307,0.4312,0.4316,0.4321,0.4326,0.433,0.4335,0.434,0.4345,0.435,0.4354,0.4359,0.4364,0.4369,0.4373,0.4376,0.438,0.4384,0.4388,0.4392,0.4395,0.4399,0.4402,0.4405,0.4408,0.4411,0.4414,0.4418,0.4421,0.4424,0.4427,0.443,0.4433,0.4436,0.4439,0.4442,0.4445,0.4448,0.4451,0.4454,0.4456,0.4459,0.4461,0.4456,0.4451,0.4445,0.444,0.4435,0.4429,0.4429,0.4433,0.4437,0.4442,0.4446,0.4451,0.4455,0.4459,0.4464,0.4468,0.4473,0.4477,0.4483,0.4489,0.4496,0.4502,0.4507,0.4511,0.4516,0.4521,0.4525,0.453,0.4535,0.4539,0.4544,0.4549,0.4554,0.4558,0.4563,0.4568,0.4573,0.4577,0.4582,0.4587,0.4592,0.4597,0.4601,0.4606,0.4611
0.3766,0.3772,0.3777,0.3783,0.3787,0.379,0.3792,0.3795,0.3797,0.38,0.3802,0.3805,0.3808,0.381,0.3813,0.3815,0.3818,0.382,0.3823,0.3826,0.3828,0.3831,0.3833,0.3836,0.3839,0.3841,0.3844,0.3847,0.3849,0.3852,0.3854,0.3857,0.386,0.3862,0.3865,0.3868,0.387,0.3873,0.3875,0.3878,0.388,0.3883,0.3885,0.3888,0.3891,0.3893,0.3896,0.3898,0.1415,0.1422,0.1429,0.1435,0.1442,0.1449,0.1456,0.1463,0.147,0.1477,0.1484,0.1489,0.1494,0.15,0.1505,0.151,0.1515,0.1521,0.1526,0.1532,0.1537,0.1542,0.1548,0.1554,0.1559,0.1565,0.1571,0.1588,0.398,0.3983,0.3986,0.3989,0.3993,0.3996,0.3999,0.4001,0.3997,0.4001,0.4004,0.4007,0.4011,0.4014,0.4017,0.4021,0.4024,0.4027,0.4031,0.4034,0.4037,0.4041,0.4044,0.4047,0.4051,0.4054,0.4058,0.4061,0.4064,0.4068,0.4071,0.4075,0.4078,0.4081,0.4085,0.4088,0.4092,0.4095,0.4099,0.4102,0.4106,0.4109,0.4113,0.4116,0.412,0.4123,0.4127,0.413,0.4134,0.4137,0.4141,0.4144,0.4148,0.4151,0.4155,0.4158,0.4162,0.4166,0.4169,0.4173,0.4176,0.418,0.4184,0.4187,0.4191,0.4194,0.4198,0.4202,0.4205,0.4209,0.4213,0.4216,0.422,0.4224,0.4227,0.4231,0.4235,0.4238,0.4242,0.4246,0.425,0.4253,0.4257,0.4261,0.4265,0.427,0.4274,0.4279,0.4283,0.4288,0.4293,0.4297,0.4302,0.4307,0.4312,0.4316,0.4321,0.4326,0.433,0.4335,0.434,0.4345,0.4349,0.4354,0.4359,0.4364,0.4368,0.4371,0.4375,0.4379,0.4383,0.4386,0.439,0.4394,0.4397,0.44,0.4403,0.4406,0.4409,0.4413,0.4416,0.4419,0.4422,0.4425,0.4429,0.4431,0.4434,0.4437,0.444,0.4443,0.4446,0.4449,0.4452,0.4454,0.4456,0.4451,0.4445,0.444,0.4435,0.4429,0.4425,0.4429,0.4434,0.4438,0.4442,0.4447,0.4451,0.4455,0.446,0.4464,0.4469,0.4474,0.448,0.4486,0.4493,0.4499,0.4505,0.4511,0.4516,0.4521,0.4525,0.453,0.4535,0.4539,0.4544,0.4549,0.4554,0.4558,0.4563,0.4568,0.4573,0.4577,0.4582,0.4587,0.4592,0.4597,0.4601,0.4606,0.4611,0.4616
0.3764,0.377,0.3775,0.3781,0.3784,0.3786,0.3789,0.3791,0.3794,0.3796,0.3799,0.3801,0.3804,0.3807,0.3809,0.3812,0.3814,0.3817,0.3819,0.3822,0.3825,0.3827,0.383,0.3832,0.3835,0.3838,0.384,0.3843,0.3845,0.3848,0.3851,0.3853,0.3856,0.3859,0.3861,0.3864,0.3866,0.3869,0.3872,0.3874,0.3877,0.3879,0.3882,0.3884,0.3887,0.3889,0.3892,0.3895,0.1414,0.1421,0.1427,0.1434,0.1441,0.1448,0.1455,0.1462,0.1469,0.1476,0.1482,0.1487,0.1492,0.1497,0.1502,0.1508,0.1513,0.1518,0.1524,0.1529,0.1535,0.154,0.1546,0.1551,0.1557,0.1562,0.1568,0.158,0.3977,0.398,0.3983,0.3986,0.3989,0.3993,0.3996,0.3999,0.4,0.3996,0.4,0.4003,0.4006,0.401,0.4013,0.4016,0.402,0.4023,0.4026,0.403,0.4033,0.4036,0.404,0.4043,0.4046,0.405,0.4053,0.4057,0.406,0.4063,0.4067,0.407,0.4074,0.4077,0.408,0.4084,0.4087,0.4091,0.4094,0.4098,0.4101,0.4105,0.4108,0.4112,0.4115,0.4119,0.4122,0.4126,0.4129,0.4133,0.4136,0.414,0.4143,0.4147,0.415,0.4154,0.4157,0.4161,0.4164,0.4168,0.4172,0.4175,0.4179,0.4182,0.4186,0.419,0.4193,0.4197,0.4201,0.4204,0.4208,0.4211,0.4215,0.4219,0.4222,0.4226,0.423,0.4234,0.4237,0.4241,0.4245,0.4248,0.4252,0.4256,0.426,0.4265,0.4269,0.4274,0.4279,0.4283,0.4288,0.4293,0.4297,0.4302,0.4307,0.4311,0.4316,0.4321,0.4326,0.433,0.4335,0.434,0.4345,0.4349,0.4354,0.4359,0.4362,0.4366,0.437,0.4374,0.4377,0.4381,0.4385,0.4388,0.4392,0.4395,0.4398,0.4401,0.4404,0.4407,0.4411,0.4414,0.4417,0.442,0.4423,0.4427,0.4429,0.4432,0.4435,0.4438,0.4441,0.4444,0.4447,0.445,0.4451,0.4446,0.444,0.4435,0.443,0.4424,0.4425,0.443,0.4434,0.4438,0.4443,0.4447,0.4451,0.4456,0.446,0.4465,0.4471,0.4477,0.4483,0.4489,0.4496,0.4502,0.4508,0.4514,0.4521,0.4525,0.453,0.4535,0.4539,0.4544,0.4549,0.4554,0.4558,0.4563,0.4568,0.4573,0.4577,0.4582,0.4587,0.4592,0.4597,0.4601,0.4606,0.4611,0.4616,0.4621
0.3763,0.3768,0.3773,0.3777,0.378,0.3782,0.3785,0.3788,0.379,0.3793,0.3795,0.3798,0.38,0.3803,0.3805,0.3808,0.3811,0.3813,0.3816,0.3818,0.3821,0.3824,0.3826,0.3829,0.3831,0.3834,0.3837,0.3839,0.3842,0.3844,0.3847,0.385,0.3852,0.3855,0.3858,0.386,0.3863,0.3865,0.3868,0.387,0.3873,0.3875,0.3878,0.3881,0.3883,0.3886,0.3888,0.3891,0.1413,0.1419,0.1426,0.1433,0.1439,0.1446,0.1453,0.146,0.1467,0.1474,0.148,0.1485,0.149,0.1495,0.15,0.1505,0.1511,0.1516,0.1521,0.1527,0.1532,0.1538,0.1543,0.1549,0.1554,0.156,0.1565,0.1572,0.3974,0.3977,0.398,0.3983,0.3986,0.3989,0.3993,0.3996,0.3999,0.3998,0.3995,0.3999,0.4002,0.4005,0.4009,0.4012,0.4015,0.4019,0.4022,0.4025,0.4029,0.4032,0.4035,0.4039,0.4042,0.4045,0.4049,0.4052,0.4055,0.4059,0.4062,0.4066,0.4069,0.4072,0.4076,0.4079,0.4083,0.4086,0.409,0.4093,0.4097,0.41,0.4104,0.4107,0.411,0.4114,0.4117,0.4121,0.4124,0.4128,0.4131,0.4135,0.4139,0.4142,0.4146,0.4149,0.4153,0.4156,0.416,0.4163,0.4167,0.4171,0.4174,0.4178,0.4181,0.4185,0.4189,0.4192,0.4196,0.4199,0.4203,0.4207,0.421,0.4214,0.4218,0.4221,0.4225,0.4229,0.4232,0.4236,0.424,0.4244,0.4247,0.4251,0.4256,0.426,0.4265,0.4269,0.4274,0.4279,0.4283,0.4288,0.4293,0.4297,0.4302,0.4307,0.4311,0.4316,0.4321,0.4326,0.433,0.4335,0.434,0.4344,0.4349,0.4354,0.4357,0.4361,0.4365,0.4369,0.4372,0.4376,0.438,0.4383,0.4387,0.439,0.4393,0.4396,0.4399,0.4402,0.4406,0.4409,0.4412,0.4415,0.4418,0.4422,0.4425,0.4427,0.443,0.4433,0.4436,0.4439,0.4442,0.4445,0.4446,0.4441,0.4435,0.443,0.4425,0.4421,0.4426,0.443,0.4434,0.4439,0.4443,0.4447,0.4452,0.4456,0.4461,0.4468,0.4474,0.448,0.4486,0.4492,0.4499,0.4505,0.4511,0.4517,0.4524,0.453,0.4535,0.454,0.4544,0.4549,0.4554,0.4558,0.4563,0.4568,0.4573,0.4577,0.4582,0.4587,0.4592,0.4597,0.4601,0.4606,0.4611,0.4616,0.462,0.4624
0.3761,0.3766,0.3771,0.3774,0.3776,0.3779,0.3781,0.3784,0.3787,0.3789,0.3792,0.3794,0.3797,0.3799,0.3802,0.3804,0.3807,0.381,0.3812,0.3815,0.3817,0.382,0.3822,0.3825,0.3828,0.383,0.3833,0.3835,0.3838,0.3841,0.3843,0.3846,0.3849,0.3851,0.3854,0.3856,0.3859,0.3862,0.3864,0.3867,0.3869,0.3872,0.3874,0.3877,0.3879,0.3882,0.3884,0.3887,0.1411,0.1418,0.1424,0.1431,0.1438,0.1445,0.1452,0.1459,0.1466,0.1472,0.1477,0.1482,0.1487,0.1493,0.1498,0.1503,0.1508,0.1514,0.1519,0.1524,0.153,0.1535,0.1541,0.1546,0.1552,0.1557,0.1563,0.1569,0.397,0.3974,0.3977,0.398,0.3983,0.3986,0.3989,0.3993,0.3996,0.3999,0.3996,0.1722,0.1735,0.1749,0.1763,0.4008,0.4011,0.4014,0.4018,0.4021,0.4024,0.4028,0.4031,0.4034,0.4038,0.4041,0.4044,0.4048,0.4051,0.4054,0.4058,0.4061,0.4065,0.4068,0.4071,0.4075,0.4078,0.4082,0.4085,0.4089,0.4092,0.4096,0.4099,0.4102,0.4106,0.4109,0.4113,0.4116,0.412,0.4123,0.4127,0.413,0.4134,0.4137,0.4141,0.4145,0.4148,0.4152,0.4155,0.4159,0.4162,0.4166,0.4169,0.4173,0.4177,0.418,0.4184,0.4187,0.4191,0.4195,0.4198,0.4202,0.4206,0.4209,0.4213,0.4217,0.422,0.4224,0.4228,0.4231,0.4235,0.4239,0.4242,0.4246,0.4251,0.4255,0.426,0.4265,0.4269,0.4274,0.4279,0.4283,0.4288,0.4293,0.4297,0.4302,0.4307,0.4311,0.4316,0.4321,0.4325,0.433,0.4335,0.434,0.4344,0.4349,0.4352,0.4356,0.436,0.4363,0.4367,0.4371,0.4375,0.4378,0.4382,0.4385,0.4388,0.4391,0.4394,0.4397,0.44,0.4404,0.4407,0.441,0.4413,0.4416,0.442,0.4423,0.4425,0.4428,0.4431,0.4434,0.4437,0.444,0.4441,0.4436,0.443,0.4425,0.442,0.4422,0.4426,0.443,0.4435,0.4439,0.4443,0.4448,0.4452,0.4458,0.4464,0.4471,0.4477,0.4483,0.4489,0.4495,0.4502,0.4508,0.4514,0.4521,0.4527,0.4533,0.454,0.4544,0.4549,0.4554,0.4558,0.4563,0.4568,0.4573,0.4577,0.4582,0.4587,0.4592,0.4597,0.4601,0.4606,0.461,0.4614,0.4618,0.4622,0.4627
0.3759,0.3764,0.3768,0.377,0.3773,0.3775,0.3778,0.378,0.3783,0.3786,0.3788,0.3791,0.3793,0.3796,0.3798,0.3801,0.3803,0.3806,0.3809,0.3811,0.3814,0.3816,0.3819,0.3821,0.3824,0.3827,0.3829,0.3832,0.3834,0.3837,0.384,0.3842,0.3845,0.3848,0.385,0.3853,0.3855,0.3858,0.386,0.3863,0.3866,0.3868,0.3871,0.3873,0.3876,0.3878,0.3881,0.1403,0.141,0.1416,0.1423,0.143,0.1436,0.1443,0.145,0.1457,0.1464,0.147,0.1475,0.148,0.1485,0.149,0.1495,0.1501,0.1506,0.1511,0.1516,0.1522,0.1527,0.1533,0.1538,0.1544,0.1549,0.1555,0.156,0.1566,0.3967,0.3971,0.3974,0.1612,0.1624,0.1636,0.1648,0.166,0.1673,0.1686,0.1699,0.1712,0.1726,0.174,0.1754,0.4003,0.4007,0.401,0.4013,0.4016,0.402,0.4023,0.4027,0.403,0.4033,0.4037,0.404,0.4043,0.4047,0.405,0.4053,0.4057,0.406,0.4064,0.4067,0.407,0.4074,0.4077,0.4081,0.4084,0.4088,0.4091,0.4094,0.4098,0.4101,0.4105,0.4108,0.4112,0.4115,0.4119,0.4122,0.4126,0.4129,0.4133,0.4136,0.414,0.4143,0.4147,0.4151,0.4154,0.4158,0.4161,0.4165,0.4168,0.4172,0.4176,0.4179,0.4183,0.4186,0.419,0.4194,0.4197,0.4201,0.4205,0.4208,0.4212,0.4215,0.4219,0.4223,0.4226,0.423,0.4234,0.4238,0.4242,0.4246,0.4251,0.4255,0.426,0.4265,0.4269,0.4274,0.4279,0.4283,0.4288,0.4292,0.4297,0.4302,0.4307,0.4311,0.4316,0.4321,0.4325,0.433,0.4335,0.4339,0.4343,0.4347,0.4351,0.4355,0.4358,0.4362,0.4366,0.437,0.4373,0.4377,0.438,0.4383,0.4386,0.4389,0.4392,0.4395,0.4399,0.4402,0.4405,0.4408,0.4411,0.4414,0.4418,0.4421,0.4423,0.4426,0.4429,0.4432,0.4435,0.4436,0.443,0.4425,0.442,0.4418,0.4422,0.4426,0.4431,0.4435,0.4439,0.4444,0.4449,0.4455,0.4461,0.4467,0.4474,0.448,0.4486,0.4492,0.4498,0.4505,0.4511,0.4517,0.4524,0.453,0.4536,0.4543,0.4549,0.4554,0.4558,0.4563,0.4568,0.4573,0.4577,0.4582,0.4587,0.4592,0.4597,0.4601,0.4605,0.4609,0.4613,0.4617,0.4621,0.4625,0.4629
0.3757,0.3762,0.3764,0.3767,0.3769,0.3772,0.3774,0.3777,0.3779,0.3782,0.3784,0.3787,0.379,0.3792,0.3795,0.3797,0.38,0.3802,0.3805,0.3807,0.381,0.3813,0.3815,0.3818,0.382,0.3823,0.3826,0.3828,0.3831,0.3833,0.3836,0.3839,0.3841,0.3844,0.3846,0.3849,0.3852,0.3854,0.3857,0.3859,0.3862,0.3864,0.3867,0.3869,0.3872,0.3874,0.3877,0.1402,0.1408,0.1415,0.1422,0.1428,0.1435,0.1442,0.1449,0.1456,0.1463,0.1468,0.1473,0.1478,0.1483,0.1488,0.1493,0.1498,0.1503,0.1509,0.1514,0.1519,0.1525,0.153,0.1536,0.1541,0.1547,0.1552,0.1558,0.1563,0.1569,0.158,0.1592,0.1603,0.1615,0.1627,0.1639,0.1652,0.1664,0.1677,0.169,0.1703,0.1717,0.173,0.1744,0.1757,0.4002,0.4006,0.4009,0.4012,0.4015,0.4019,0.4022,0.4025,0.4029,0.4032,0.4036,0.4039,0.4042,0.4046,0.4049,0.4052,0.4056,0.4059,0.4063,0.4066,0.4069,0.4073,0.4076,0.408,0.4083,0.4087,0.409,0.4093,0.4097,0.41,0.4104,0.4107,0.4111,0.4114,0.4118,0.4121,0.4125,0.4128,0.4132,0.4135,0.4139,0.4142,0.4146,0.4149,0.4153,0.4157,0.416,0.4164,0.4167,0.4171,0.4174,0.4178,0.4182,0.4185,0.4189,0.4193,0.4196,0.42,0.4203,0.4207,0.4211,0.4214,0.4218,0.4222,0.4225,0.4229,0.4233,0.4237,0.4242,0.4246,0.4251,0.4255,0.426,0.4265,0.4269,0.4274,0.4278,0.4283,0.4288,0.4292,0.4297,0.4302,0.4306,0.4311,0.4316,0.432,0.4325,0.433,0.4335,0.4338,0.4342,0.4346,0.435,0.4353,0.4357,0.4361,0.4365,0.4368,0.4372,0.4375,0.4378,0.4381,0.4384,0.4387,0.439,0.4394,0.4397,0.44,0.4403,0.4406,0.4409,0.4413,0.4416,0.4419,0.4422,0.4424,0.4427,0.443,0.4431,0.4425,0.442,0.4415,0.4418,0.4422,0.4427,0.4431,0.4435,0.444,0.4446,0.4452,0.4458,0.4464,0.447,0.4477,0.4483,0.4489,0.4495,0.4501,0.4508,0.4514,0.452,0.4527,0.4533,0.4539,0.4546,0.4552,0.4558,0.4563,0.4568,0.4573,0.4577,0.4582,0.4587,0.4591,0.4595,0.46,0.4604,0.4608,0.4612,0.4616,0.462,0.4624,0.4628,0.4632
0.3755,0.3758,0.3761,0.3763,0.3766,0.3768,0.3771,0.3773,0.3776,0.3778,0.3781,0.3783,0.3786,0.3789,0.3791,0.3794,0.3796,0.3799,0.3801,0.3804,0.3806,0.3809,0.3812,0.3814,0.3817,0.3819,0.3822,0.3825,0.3827,0.383,0.3832,0.3835,0.3838,0.384,0.3843,0.3845,0.3848,0.3851,0.3853,0.3856,0.3858,0.3861,0.3863,0.3866,0.3868,0.3871,0.3873,0.14,0.1407,0.1413,0.142,0.1427,0.1434,0.144,0.1447,0.1454,0.146,0.1465,0.147,0.1475,0.1481,0.1486,0.1491,0.1496,0.1501,0.1506,0.1512,0.1517,0.1522,0.1528,0.1533,0.1539,0.1544,0.155,0.1555,0.156,0.1565,0.1572,0.1584,0.1595,0.1607,0.1619,0.1631,0.1643,0.1656,0.1668,0.1681,0.1694,0.1707,0.1721,0.1734,0.1747,0.1759,0.4001,0.4005,0.4008,0.4011,0.4014,0.4018,0.4021,0.4024,0.4028,0.4031,0.4035,0.4038,0.4041,0.4045,0.4048,0.4051,0.4055,0.4058,0.4062,0.4065,0.4068,0.4072,0.4075,0.4079,0.4082,0.4085,0.4089,0.4092,0.4096,0.4099,0.4103,0.4106,0.411,0.4113,0.4117,0.412,0.4124,0.4127,0.4131,0.4134,0.4138,0.4141,0.4145,0.4148,0.4152,0.4155,0.4159,0.4163,0.4166,0.417,0.4173,0.4177,0.4181,0.4184,0.4188,0.4191,0.4195,0.4199,0.4202,0.4206,0.421,0.4213,0.4217,0.4221,0.4224,0.4228,0.4232,0.4237,0.4242,0.4246,0.4251,0.4255,0.426,0.4265,0.4269,0.4274,0.4278,0.4283,0.4288,0.4292,0.4297,0.4302,0.4306,0.4311,0.4316,0.432,0.4325,0.433,0.4333,0.4337,0.4341,0.4344,0.4348,0.4352,0.4356,0.4359,0.4363,0.4367,0.437,0.4373,0.4376,0.4379,0.4382,0.4385,0.4389,0.4392,0.4395,0.4398,0.4401,0.4404,0.4407,0.4411,0.4414,0.4417,0.442,0.4422,0.4425,0.4426,0.442,0.4415,0.4414,0.4418,0.4423,0.4427,0.4431,0.4437,0.4443,0.4449,0.4455,0.4461,0.4467,0.4473,0.448,0.4486,0.4492,0.4498,0.4505,0.4511,0.4517,0.4523,0.453,0.4536,0.4542,0.4549,0.4555,0.4562,0.4568,0.4573,0.4577,0.4582,0.4586,0.459,0.4594,0.4598,0.4602,0.4605,0.4609,0.4612,0.4615,0.4618,0.4621,0.4624,0.4628
0.3752,0.3755,0.3757,0.376,0.3762,0.3765,0.3767,0.377,0.3772,0.3775,0.3777,0.378,0.3782,0.3785,0.3788,0.379,0.3793,0.3795,0.3798,0.38,0.3803,0.3805,0.3808,0.3811,0.3813,0.3816,0.3818,0.3821,0.3823,0.3826,0.3829,0.3831,0.3834,0.3836,0.3839,0.3842,0.3844,0.3847,0.3849,0.3852,0.3854,0.3857,0.386,0.3862,0.3865,0.3867,0.387,0.1399,0.1406,0.1412,0.1419,0.1425,0.1432,0.1439,0.1446,0.1453,0.1458,0.1463,0.1468,0.1473,0.1478,0.1483,0.1488,0.1494,0.1499,0.1504,0.1509,0.1515,0.152,0.1525,0.1531,0.1536,0.1542,0.1547,0.1552,0.1557,0.1561,0.1565,0.1576,0.1587,0.1599,0.1611,0.1623,0.1635,0.1647,0.1659,0.1672,0.1685,0.1698,0.1711,0.1725,0.1738,0.175,0.1762,0.4,0.4004,0.4007,0.401,0.4013,0.4017,0.402,0.4023,0.4027,0.403,0.4033,0.4037,0.404,0.4044,0.4047,0.405,0.4054,0.4057,0.4061,0.4064,0.4067,0.4071,0.4074,0.4078,0.4081,0.4084,0.4088,0.4091,0.4095,0.4098,0.4102,0.4105,0.4109,0.4112,0.4116,0.4119,0.4123,0.4126,0.413,0.4133,0.4137,0.414,0.4144,0.4147,0.4151,0.4154,0.4158,0.4162,0.4165,0.4169,0.4172,0.4176,0.4179,0.4183,0.4187,0.419,0.4194,0.4198,0.4201,0.4205,0.4208,0.4212,0.4216,0.4219,0.4223,0.4228,0.4232,0.4237,0.4242,0.4246,0.4251,0.4255,0.426,0.4264,0.4269,0.4274,0.4278,0.4283,0.4288,0.4292,0.4297,0.4302,0.4306,0.4311,0.4316,0.432,0.4325,0.4328,0.4332,0.4336,0.4339,0.4343,0.4347,0.4351,0.4354,0.4358,0.4362,0.4365,0.4368,0.4371,0.4374,0.4377,0.438,0.4383,0.4387,0.439,0.4393,0.4396,0.4399,0.4402,0.4406,0.4409,0.4412,0.4415,0.4418,0.442,0.4421,0.4415,0.441,0.4415,0.4419,0.4423,0.4427,0.4434,0.444,0.4446,0.4452,0.4458,0.4464,0.447,0.4476,0.4483,0.4489,0.4495,0.4501,0.4508,0.4514,0.452,0.4527,0.4533,0.4539,0.4546,0.4552,0.4558,0.4565,0.457,0.4575,0.4578,0.4581,0.4584,0.4587,0.459,0.4593,0.4596,0.46,0.4603,0.4606,0.4609,0.4612,0.4615,0.4619,0.4622
0.3749,0.3751,0.3754,0.3756,0.3759,0.3761,0.3764,0.3766,0.3769,0.3771,0.3774,0.3776,0.3779,0.3781,0.3784,0.3786,0.3789,0.3792,0.3794,0.3797,0.3799,0.3802,0.3804,0.3807,0.381,0.3812,0.3815,0.3817,0.382,0.3822,0.3825,0.3828,0.383,0.3833,0.3835,0.3838,0.3841,0.3843,0.3846,0.3848,0.3851,0.3853,0.3856,0.3858,0.3861,0.3863,0.3866,0.1398,0.1404,0.1411,0.1417,0.1424,0.1431,0.1437,0.1444,0.1451,0.1456,0.1461,0.1466,0.1471,0.1476,0.1481,0.1486,0.1491,0.1496,0.1502,0.1507,0.1512,0.1518,0.1523,0.1528,0.1534,0.1539,0.1544,0.1549,0.1554,0.1558,0.1562,0.1568,0.1579,0.1591,0.1602,0.1614,0.1626,0.1638,0.1651,0.1663,0.1676,0.1689,0.1702,0.1715,0.1729,0.1741,0.1753,0.3996,0.3999,0.4003,0.4006,0.4009,0.4012,0.4016,0.4019,0.4022,0.4026,0.4029,0.4032,0.4036,0.4039,0.4043,0.4046,0.4049,0.4053,0.4056,0.4059,0.4063,0.4066,0.407,0.4073,0.4077,0.408,0.4083,0.4087,0.409,0.4094,0.4097,0.4101,0.4104,0.4108,0.4111,0.4115,0.4118,0.4122,0.4125,0.4129,0.4132,0.4136,0.4139,0.4143,0.4146,0.415,0.4153,0.4157,0.416,0.4164,0.4168,0.4171,0.4175,0.4178,0.4182,0.4186,0.4189,0.4193,0.4196,0.42,0.4204,0.4207,0.4211,0.4215,0.4219,0.4223,0.4228,0.4232,0.4237,0.4241,0.4246,0.4251,0.4255,0.426,0.4264,0.4269,0.4274,0.4278,0.4283,0.4288,0.4292,0.4297,0.4301,0.4306,0.4311,0.4315,0.432,0.4323,0.4327,0.4331,0.4334,0.4338,0.4342,0.4346,0.4349,0.4353,0.4357,0.436,0.4363,0.4366,0.4369,0.4372,0.4375,0.4378,0.4382,0.4385,0.4388,0.4391,0.4394,0.4397,0.4401,0.4404,0.4407,0.441,0.4413,0.4416,0.4416,0.441,0.4411,0.4415,0.4419,0.4424,0.443,0.4437,0.4443,0.4449,0.4455,0.4461,0.4467,0.4473,0.4479,0.4486,0.4492,0.4498,0.4504,0.4511,0.4517,0.4523,0.4529,0.4534,0.4539,0.4544,0.4549,0.4554,0.4559,0.4564,0.457,0.4572,0.4575,0.4578,0.4581,0.4584,0.4588,0.4591,0.4594,0.4597,0.46,0.4603,0.4606,0.461,0.4613,0.4616
0.3745,0.3748,0.375,0.3753,0.3755,0.3758,0.376,0.3763,0.3765,0.3768,0.377,0.3773,0.3775,0.3778,0.378,0.3783,0.3785,0.3788,0.3791,0.3793,0.3796,0.3798,0.3801,0.3803,0.3806,0.3808,0.3811,0.3814,0.3816,0.3819,0.3821,0.3824,0.3827,0.3829,0.3832,0.3834,0.3837,0.384,0.3842,0.3845,0.3847,0.385,0.3852,0.3855,0.3857,0.386,0.3862,0.1396,0.1403,0.1409,0.1416,0.1422,0.1429,0.1436,0.1443,0.1449,0.1454,0.1459,0.1464,0.1469,0.1474,0.1479,0.1484,0.1489,0.1494,0.1499,0.1505,0.151,0.1515,0.152,0.1526,0.1531,0.1536,0.1541,0.1546,0.1551,0.1555,0.1559,0.1563,0.1571,0.1583,0.1594,0.1606,0.1618,0.163,0.1642,0.1655,0.1667,0.168,0.1693,0.1706,0.172,0.1732,0.1744,0.1756,0.3995,0.3998,0.4002,0.4005,0.4008,0.4011,0.4015,0.4018,0.4021,0.4025,0.4028,0.4031,0.4035,0.4038,0.4042,0.4045,0.4048,0.4052,0.4055,0.4058,0.4062,0.4065,0.4069,0.4072,0.4075,0.4079,0.4082,0.4086,0.4089,0.4093,0.4096,0.41,0.4103,0.4107,0.411,0.4114,0.4117,0.412,0.4124,0.4128,0.4131,0.4135,0.4138,0.4142,0.4145,0.4149,0.4152,0.4156,0.4159,0.4163,0.4167,0.417,0.4174,0.4177,0.4181,0.4184,0.4188,0.4192,0.4195,0.4199,0.4203,0.4206,0.421,0.4214,0.4219,0.4223,0.4228,0.4232,0.4237,0.4241,0.4246,0.4251,0.4255,0.426,0.4264,0.4269,0.4274,0.4278,0.4283,0.4287,0.4292,0.4297,0.4301,0.4306,0.4311,0.4315,0.4318,0.4322,0.4326,0.4329,0.4333,0.4337,0.434,0.4344,0.4348,0.4352,0.4355,0.4358,0.4361,0.4364,0.4367,0.437,0.4373,0.4377,0.438,0.4383,0.4386,0.4389,0.4392,0.4395,0.4399,0.4402,0.4405,0.4408,0.4411,0.441,0.4407,0.4411,0.4415,0.4421,0.4427,0.4433,0.4439,0.4446,0.4452,0.4458,0.4464,0.447,0.4476,0.4482,0.4489,0.4494,0.4498,0.4503,0.4508,0.4513,0.4518,0.4523,0.4528,0.4533,0.4538,0.4543,0.4548,0.4554,0.4558,0.4565,0.4567,0.4569,0.4573,0.4576,0.4579,0.4582,0.4585,0.4588,0.4591,0.4594,0.4598,0.4601,0.4604,0.4607,0.461
0.3742,0.3744,0.3747,0.3749,0.3752,0.3754,0.3757,0.3759,0.3762,0.3764,0.3767,0.3769,0.3772,0.3774,0.3777,0.3779,0.3782,0.3784,0.3787,0.379,0.3792,0.3795,0.3797,0.38,0.3802,0.3805,0.3807,0.381,0.3813,0.3815,0.3818,0.382,0.3823,0.3826,0.3828,0.3831,0.3833,0.3836,0.3838,0.3841,0.3843,0.3846,0.3849,0.3851,0.3854,0.3856,0.3859,0.1395,0.1401,0.1408,0.1414,0.1421,0.1428,0.1434,0.1441,0.1447,0.1452,0.1457,0.1461,0.1466,0.1471,0.1476,0.1482,0.1487,0.1492,0.1497,0.1502,0.1507,0.1513,0.1518,0.1523,0.1529,0.1533,0.1538,0.1543,0.1548,0.1551,0.1555,0.1559,0.1564,0.1575,0.1586,0.1598,0.161,0.1622,0.1634,0.1646,0.1658,0.1671,0.1684,0.1697,0.171,0.1722,0.1734,0.1746,0.1759,0.3994,0.3997,0.4001,0.4004,0.4007,0.401,0.4014,0.4017,0.402,0.4024,0.4027,0.403,0.4034,0.4037,0.4041,0.4044,0.4047,0.4051,0.4054,0.4057,0.4061,0.4064,0.4068,0.4071,0.4074,0.4078,0.4081,0.4085,0.4088,0.4092,0.4095,0.4099,0.4102,0.4105,0.4109,0.4112,0.4116,0.4119,0.4123,0.4126,0.413,0.4133,0.4137,0.4141,0.4144,0.4148,0.4151,0.4155,0.4158,0.4162,0.4165,0.4169,0.4173,0.4176,0.418,0.4183,0.4187,0.4191,0.4194,0.4198,0.4202,0.4205,0.421,0.4214,0.4219,0.4223,0.4228,0.4232,0.4237,0.4241,0.4246,0.425,0.4255,0.426,0.4264,0.4269,0.4273,0.4278,0.4283,0.4287,0.4292,0.4297,0.4301,0.4306,0.431,0.4313,0.4317,0.4321,0.4324,0.4328,0.4332,0.4335,0.4339,0.4343,0.4347,0.435,0.4353,0.4356,0.4359,0.4362,0.4365,0.4368,0.4372,0.4375,0.4378,0.4381,0.4384,0.4387,0.439,0.4394,0.4397,0.44,0.4403,0.4406,0.4405,0.4407,0.4412,0.4418,0.4424,0.443,0.4436,0.4442,0.4449,0.4454,0.4459,0.4463,0.4468,0.4473,0.4478,0.4483,0.4488,0.4493,0.4498,0.4503,0.4508,0.4513,0.4518,0.4523,0.4528,0.4533,0.4538,0.4543,0.4548,0.4551,0.4559,0.4562,0.4564,0.4567,0.457,0.4573,0.4576,0.4579,0.4582,0.4586,0.4589,0.4592,0.4595,0.4598,0.4601,0.4604
0.3738,0.3741,0.3743,0.3746,0.3748,0.3751,0.3753,0.3756,0.3758,0.3761,0.3763,0.3766,0.3768,0.3771,0.3773,0.3776,0.3778,0.3781,0.3783,0.3786,0.3788,0.3791,0.3794,0.3796,0.3799,0.3801,0.3804,0.3806,0.3809,0.3812,0.3814,0.3817,0.3819,0.3822,0.3824,0.3827,0.383,0.3832,0.3835,0.3837,0.384,0.3842,0.3845,0.3847,0.385,0.3852,0.3855,0.1394,0.14,0.1406,0.1413,0.142,0.1426,0.1433,0.144,0.1445,0.1449,0.1454,0.1459,0.1464,0.1469,0.1474,0.1479,0.1484,0.149,0.1495,0.15,0.1505,0.151,0.1516,0.1521,0.1526,0.153,0.1535,0.154,0.1544,0.1548,0.1552,0.1556,0.156,0.1567,0.1578,0.159,0.1601,0.1613,0.1625,0.1637,0.165,0.1662,0.1675,0.1688,0.1701,0.1713,0.1725,0.1737,0.1749,0.1761,0.1932,0.1936,0.4,0.4003,0.4006,0.4009,0.4013,0.4016,0.4019,0.4023,0.4026,0.4029,0.4033,0.4036,0.4039,0.4043,0.4046,0.405,0.4053,0.4056,0.406,0.4063,0.4067,0.407,0.4073,0.4077,0.408,0.4084,0.4087,0.4091,0.4094,0.4098,0.4101,0.4104,0.4108,0.4111,0.4115,0.4118,0.4122,0.4125,0.4129,0.4132,0.4136,0.4139,0.4143,0.4147,0.415,0.4154,0.4157,0.4161,0.4164,0.4168,0.4172,0.4175,0.4179,0.4182,0.4186,0.419,0.4193,0.4197,0.4201,0.4205,0.421,0.4214,0.4219,0.4223,0.4228,0.4232,0.4237,0.4241,0.4246,0.425,0.4255,0.426,0.4264,0.4269,0.4273,0.4278,0.4283,0.4287,0.4292,0.4296,0.4301,0.4305,0.4308,0.4312,0.4316,0.4319,0.4323,0.4327,0.433,0.4334,0.4338,0.4341,0.4345,0.4348,0.4351,0.4354,0.4357,0.436,0.4363,0.4367,0.437,0.4373,0.4376,0.4379,0.4382,0.4385,0.4389,0.4392,0.4395,0.4398,0.4401,0.4403,0.4409,0.4415,0.4419,0.4424,0.4429,0.4434,0.4439,0.4443,0.4448,0.4453,0.4458,0.4463,0.4468,0.4473,0.4477,0.4482,0.4487,0.4492,0.4497,0.4502,0.4507,0.4512,0.4517,0.4522,0.4527,0.4532,0.4537,0.4542,0.4544,0.4552,0.4558,0.4559,0.4561,0.4564,0.4567,0.457,0.4574,0.4577,0.458,0.4583,0.4586,0.4589,0.4592,0.4595,0.4599
0.3735,0.3737,0.374,0.3742,0.3745,0.3747,0.375,0.3752,0.3755,0.3757,0.376,0.3762,0.3765,0.3767,0.377,0.3772,0.3775,0.3777,0.378,0.3782,0.3785,0.3787,0.379,0.3793,0.3795,0.3798,0.38,0.3803,0.3805,0.3808,0.381,0.3813,0.3816,0.3818,0.3821,0.3823,0.3826,0.3829,0.3831,0.3834,0.3836,0.3839,0.3841,0.3844,0.3846,0.3849,0.3851,0.1392,0.1399,0.1405,0.1412,0.1418,0.1425,0.1432,0.1438,0.1442,0.1447,0.1452,0.1457,0.1462,0.1467,0.1472,0.1477,0.1482,0.1487,0.1492,0.1498,0.1503,0.1508,0.1513,0.1518,0.1523,0.1527,0.1532,0.1537,0.1541,0.1545,0.1549,0.1553,0.1557,0.1561,0.1571,0.1582,0.1593,0.1605,0.1617,0.1629,0.1641,0.1654,0.1666,0.1679,0.1692,0.1704,0.1716,0.1728,0.174,0.1752,0.1915,0.1919,0.1923,0.1927,0.1931,0.1936,0.194,0.1944,0.4015,0.4018,0.4022,0.4025,0.4028,0.4032,0.4035,0.4038,0.4042,0.4045,0.4049,0.4052,0.4055,0.4059,0.4062,0.4066,0.4069,0.4072,0.4076,0.4079,0.4083,0.4086,0.409,0.4093,0.4096,0.41,0.4103,0.4107,0.411,0.4114,0.4117,0.4121,0.4124,0.4128,0.4131,0.4135,0.4138,0.4142,0.4145,0.4149,0.4153,0.4156,0.416,0.4163,0.4167,0.417,0.4174,0.4178,0.4181,0.4185,0.4188,0.4192,0.4196,0.4201,0.4205,0.421,0.4214,0.4219,0.4223,0.4228,0.4232,0.4237,0.4241,0.4246,0.425,0.4255,0.4259,0.4264,0.4269,0.4273,0.4278,0.4282,0.4287,0.4292,0.4296,0.43,0.4303,0.4307,0.4311,0.4314,0.4318,0.4322,0.4325,0.4329,0.4333,0.4336,0.434,0.4343,0.4346,0.4349,0.4352,0.4355,0.4359,0.4362,0.4365,0.4368,0.4371,0.4374,0.4377,0.438,0.4384,0.4387,0.439,0.4393,0.4396,0.44,0.4405,0.4409,0.4414,0.4419,0.4424,0.4428,0.4433,0.4438,0.4443,0.4448,0.4452,0.4457,0.4462,0.4467,0.4472,0.4477,0.4482,0.4487,0.4492,0.4497,0.4501,0.4506,0.4511,0.4516,0.4521,0.4526,0.4531,0.4535,0.4537,0.4545,0.4553,0.4555,0.4556,0.4559,0.4562,0.4565,0.4568,0.4571,0.4574,0.4577,0.458,0.4583,0.4587,0.459,0.4593
0.3731,0.3734,0.3736,0.3739,0.3741,0.3744,0.3746,0.3749,0.3751,0.3754,0.3756,0.3759,0.3761,0.3764,0.3766,0.3769,0.3771,0.3774,0.3776,0.3779,0.3781,0.3784,0.3786,0.3789,0.3792,0.3794,0.3797,0.3799,0.3802,0.3804,0.3807,0.3809,0.3812,0.3815,0.3817,0.382,0.3822,0.3825,0.3828,0.383,0.3833,0.3835,0.3838,0.384,0.3843,0.3845,0.3848,0.1391,0.1397,0.1404,0.141,0.1417,0.1423,0.143,0.1435,0.144,0.1445,0.145,0.1455,0.146,0.1465,0.147,0.1475,0.148,0.1485,0.149,0.1495,0.15,0.1505,0.151,0.1515,0.152,0.1525,0.1529,0.1534,0.1538,0.1542,0.1546,0.155,0.1554,0.1557,0.1563,0.1574,0.1585,0.1597,0.1609,0.1621,0.1633,0.1645,0.1657,0.167,0.1683,0.1696,0.1707,0.1719,0.1731,0.1743,0.1755,0.1902,0.1906,0.191,0.1914,0.1918,0.1922,0.1926,0.1931,0.1935,0.1939,0.1943,0.1948,0.4027,0.4031,0.4034,0.4037,0.4041,0.4044,0.4048,0.4051,0.4054,0.4058,0.4061,0.4065,0.4068,0.4071,0.4075,0.4078,0.4082,0.4085,0.4088,0.4092,0.4095,0.4099,0.4102,0.4106,0.4109,0.4113,0.4116,0.412,0.4123,0.4127,0.413,0.4134,0.4137,0.4141,0.4144,0.4148,0.4151,0.4155,0.4159,0.4162,0.4166,0.4169,0.4173,0.4177,0.418,0.4184,0.4187,0.4192,0.4196,0.4201,0.4205,0.4209,0.4214,0.4218,0.4223,0.4228,0.4232,0.4237,0.4241,0.4246,0.425,0.4255,0.4259,0.4264,0.4269,0.4273,0.4278,0.4282,0.4287,0.4291,0.4295,0.4298,0.4302,0.4306,0.4309,0.4313,0.4317,0.432,0.4324,0.4328,0.4331,0.4335,0.4338,0.4341,0.4344,0.4347,0.435,0.4354,0.4357,0.436,0.4363,0.4366,0.4369,0.4372,0.4375,0.4378,0.4382,0.4385,0.4388,0.4391,0.4395,0.4399,0.4404,0.4409,0.4413,0.4418,0.4423,0.4428,0.4433,0.4437,0.4442,0.4447,0.4452,0.4457,0.4462,0.4466,0.4471,0.4476,0.4481,0.4486,0.4491,0.4496,0.4501,0.4506,0.4511,0.4516,0.4521,0.4526,0.4528,0.453,0.4538,0.4549,0.455,0.4551,0.4553,0.4556,0.4559,0.4562,0.4565,0.4568,0.4572,0.4575,0.4578,0.4581,0.4584,0.4587
0.3728,0.373,0.3733,0.3735,0.3738,0.374,0.3743,0.3745,0.3748,0.375,0.3753,0.3755,0.3758,0.376,0.3763,0.3765,0.3768,0.377,0.3773,0.3775,0.3778,0.378,0.3783,0.3785,0.3788,0.379,0.3793,0.3796,0.3798,0.3801,0.3803,0.3806,0.3808,0.3811,0.3814,0.3816,0.3819,0.3821,0.3824,0.3826,0.3829,0.3831,0.3834,0.3836,0.3839,0.3841,0.1506,0.1389,0.1396,0.1402,0.1409,0.1415,0.1422,0.1429,0.1433,0.1438,0.1443,0.1448,0.1453,0.1458,0.1462,0.1467,0.1472,0.1478,0.1483,0.1488,0.1493,0.1498,0.1503,0.1507,0.1512,0.1517,0.1522,0.1526,0.1531,0.1535,0.1539,0.1542,0.1546,0.155,0.1554,0.1558,0.1566,0.1577,0.1589,0.1601,0.1612,0.1624,0.1636,0.1649,0.1661,0.1674,0.1687,0.1698,0.171,0.1722,0.1733,0.1745,0.1758,0.1889,0.1893,0.1897,0.1901,0.1905,0.1909,0.1913,0.1917,0.1922,0.1926,0.193,0.1934,0.1938,0.403,0.4033,0.4036,0.404,0.4043,0.4047,0.405,0.4053,0.4057,0.406,0.4063,0.4067,0.407,0.4074,0.4077,0.4081,0.4084,0.4087,0.4091,0.4094,0.4098,0.4101,0.4105,0.4108,0.4112,0.4115,0.4119,0.4122,0.4126,0.4129,0.4133,0.4136,0.414,0.4143,0.4147,0.415,0.4154,0.4158,0.4161,0.4165,0.4168,0.4172,0.4175,0.4179,0.4183,0.4187,0.4192,0.4196,0.42,0.4205,0.4209,0.4214,0.4218,0.4223,0.4227,0.4232,0.4237,0.4241,0.4246,0.425,0.4255,0.4259,0.4264,0.4268,0.4273,0.4278,0.4282,0.4286,0.429,0.4293,0.4297,0.4301,0.4304,0.4308,0.4312,0.4315,0.4319,0.4323,0.4326,0.433,0.4333,0.4336,0.4339,0.4342,0.4346,0.4349,0.4352,0.4355,0.4358,0.4361,0.4364,0.4367,0.437,0.4373,0.4377,0.438,0.4383,0.4387,0.4391,0.4394,0.4399,0.4403,0.4408,0.4413,0.4418,0.4422,0.4427,0.4432,0.4437,0.4442,0.4446,0.4451,0.4456,0.4461,0.4466,0.4471,0.4476,0.448,0.4485,0.449,0.4495,0.45,0.4505,0.451,0.4515,0.452,0.4521,0.4523,0.4531,0.4544,0.4546,0.4547,0.4548,0.455,0.4554,0.4557,0.456,0.4563,0.4566,0.4569,0.4572,0.4575,0.4578,0.4581
0.3724,0.3727,0.3729,0.3732,0.3734,0.3737,0.3739,0.3742,0.3744,0.3747,0.3749,0.3752,0.3754,0.3757,0.3759,0.3762,0.3764,0.3767,0.3769,0.3772,0.3774,0.3777,0.3779,0.3782,0.3784,0.3787,0.3789,0.3792,0.3795,0.3797,0.38,0.3802,0.3805,0.3807,0.381,0.3813,0.3815,0.3818,0.382,0.3823,0.3825,0.3828,0.383,0.3833,0.3835,0.3838,0.1488,0.1388,0.1394,0.1401,0.1407,0.1414,0.1421,0.1426,0.1431,0.1436,0.1441,0.1446,0.145,0.1455,0.146,0.1465,0.147,0.1475,0.148,0.1485,0.1491,0.1495,0.15,0.1504,0.1509,0.1514,0.1519,0.1524,0.1528,0.1532,0.1535,0.1539,0.1543,0.1547,0.1551,0.1555,0.1559,0.157,0.1581,0.1592,0.1604,0.1616,0.1628,0.164,0.1653,0.1665,0.1678,0.169,0.1701,0.1713,0.1724,0.1736,0.1748,0.1761,0.1876,0.188,0.1884,0.1888,0.1892,0.1896,0.19,0.1904,0.1908,0.1913,0.1917,0.1928,0.4025,0.4029,0.4032,0.4035,0.4039,0.4042,0.4046,0.4049,0.4052,0.4056,0.4059,0.4062,0.4066,0.4069,0.4073,0.4076,0.408,0.4083,0.4086,0.409,0.4093,0.4097,0.41,0.4104,0.4107,0.4111,0.4114,0.4118,0.4121,0.4125,0.4128,0.4132,0.4135,0.4139,0.4142,0.4146,0.4149,0.4153,0.4156,0.416,0.4164,0.4167,0.4171,0.4174,0.4178,0.4183,0.4187,0.4191,0.4196,0.42,0.4205,0.4209,0.4214,0.4218,0.4223,0.4227,0.4232,0.4236,0.4241,0.4245,0.425,0.4255,0.4259,0.4264,0.4268,0.4273,0.4277,0.4281,0.4285,0.4288,0.4292,0.4296,0.4299,0.4303,0.4307,0.431,0.4314,0.4318,0.4321,0.4325,0.4328,0.4331,0.4334,0.4338,0.4341,0.4344,0.4347,0.435,0.4353,0.4356,0.4359,0.4362,0.4365,0.4368,0.4372,0.4375,0.4378,0.4382,0.4386,0.439,0.4394,0.4398,0.4403,0.4407,0.4412,0.4417,0.4422,0.4427,0.4431,0.4436,0.4441,0.4446,0.4451,0.4455,0.446,0.4465,0.447,0.4475,0.448,0.4485,0.449,0.4495,0.45,0.4505,0.451,0.4513,0.4514,0.4516,0.4524,0.454,0.4541,0.4543,0.4544,0.4545,0.4548,0.4551,0.4554,0.4557,0.456,0.4563,0.4566,0.4569,0.4573,0.4576
0.3721,0.3723,0.3726,0.3728,0.3731,0.3733,0.3736,0.3738,0.3741,0.3743,0.3746,0.3748,0.3751,0.3753,0.3756,0.3758,0.3761,0.3763,0.3766,0.3768,0.3771,0.3773,0.3776,0.3778,0.3781,0.3783,0.3786,0.3788,0.3791,0.3794,0.3796,0.3799,0.3801,0.3804,0.3806,0.3809,0.3811,0.3814,0.3817,0.3819,0.3822,0.3824,0.3827,0.3829,0.3832,0.3834,0.1471,0.1387,0.1393,0.14,0.1406,0.1413,0.1419,0.1424,0.1429,0.1434,0.1439,0.1443,0.1448,0.1453,0.1458,0.1463,0.1468,0.1473,0.1478,0.1483,0.1488,0.1492,0.1497,0.1502,0.1506,0.1511,0.1516,0.1521,0.1525,0.1528,0.1532,0.1536,0.154,0.1544,0.1548,0.1552,0.1556,0.1562,0.1573,0.1584,0.1596,0.1608,0.162,0.1632,0.1644,0.1656,0.1669,0.1681,0.1692,0.1704,0.1715,0.1727,0.1739,0.1751,0.1859,0.1863,0.1867,0.1871,0.1875,0.1879,0.1883,0.1887,0.1891,0.1895,0.1899,0.4018,0.4021,0.4024,0.4028,0.4031,0.4034,0.4038,0.4041,0.4044,0.4048,0.4051,0.4055,0.4058,0.4061,0.4065,0.4068,0.4072,0.4075,0.4078,0.4082,0.4085,0.4089,0.4092,0.4096,0.4099,0.4103,0.4106,0.411,0.4113,0.4117,0.412,0.4124,0.4127,0.4131,0.4134,0.4138,0.4141,0.4145,0.4148,0.4152,0.4155,0.4159,0.4162,0.4166,0.417,0.4174,0.4178,0.4183,0.4187,0.4191,0.4196,0.42,0.4205,0.4209,0.4214,0.4218,0.4223,0.4227,0.4232,0.4236,0.4241,0.4245,0.425,0.4254,0.4259,0.4264,0.4268,0.4273,0.4276,0.428,0.4284,0.4287,0.4291,0.4294,0.4298,0.4302,0.4305,0.4309,0.4313,0.4316,0.432,0.4323,0.4326,0.433,0.4333,0.4336,0.4339,0.4342,0.4345,0.4348,0.4351,0.4354,0.4357,0.436,0.4363,0.4367,0.437,0.4374,0.4378,0.4381,0.4385,0.4389,0.4393,0.4397,0.4402,0.4407,0.4412,0.4416,0.4421,0.4426,0.4431,0.4436,0.444,0.4445,0.445,0.4455,0.446,0.4465,0.4469,0.4474,0.4479,0.4484,0.4489,0.4494,0.4499,0.4504,0.4506,0.4507,0.4509,0.4517,0.4535,0.4537,0.4538,0.4539,0.4541,0.4542,0.4545,0.4548,0.4551,0.4555,0.4558,0.4561,0.4564,0.4567,0.457
0.3717,0.372,0.3722,0.3725,0.3727,0.373,0.3732,0.3735,0.3737,0.374,0.3742,0.3745,0.3747,0.375,0.3752,0.3755,0.3757,0.376,0.3762,0.3765,0.3767,0.377,0.3772,0.3775,0.3777,0.378,0.3782,0.3785,0.3787,0.379,0.3792,0.3795,0.3798,0.38,0.3803,0.3805,0.3808,0.381,0.3813,0.3816,0.3818,0.3821,0.3823,0.3826,0.3828,0.3831,0.1379,0.1385,0.1392,0.1398,0.1405,0.1411,0.1418,0.1422,0.1427,0.1432,0.1436,0.1441,0.1446,0.1451,0.1456,0.1461,0.1466,0.1471,0.1476,0.148,0.1485,0.149,0.1494,0.1499,0.1503,0.1508,0.1513,0.1518,0.1521,0.1525,0.1529,0.1533,0.1537,0.1541,0.1544,0.1548,0.1552,0.1556,0.1565,0.1577,0.1588,0.16,0.1611,0.1623,0.1635,0.1648,0.166,0.1672,0.1683,0.1695,0.1706,0.1718,0.173,0.1742,0.1754,0.1847,0.1851,0.1855,0.1859,0.1863,0.1867,0.1871,0.1875,0.1879,0.1897,0.4013,0.4017,0.402,0.4023,0.4027,0.403,0.4033,0.4037,0.404,0.4043,0.4047,0.405,0.4054,0.4057,0.406,0.4064,0.4067,0.4071,0.4074,0.4077,0.4081,0.4084,0.4088,0.4091,0.4095,0.4098,0.4102,0.4105,0.4109,0.4112,0.4115,0.4119,0.4122,0.4126,0.413,0.4133,0.4137,0.414,0.4144,0.4147,0.4151,0.4154,0.4158,0.4161,0.4165,0.4169,0.4174,0.4178,0.4182,0.4187,0.4191,0.4196,0.42,0.4205,0.4209,0.4214,0.4218,0.4223,0.4227,0.4232,0.4236,0.4241,0.4245,0.425,0.4254,0.4259,0.4263,0.4268,0.4271,0.4275,0.4279,0.4282,0.4286,0.4289,0.4293,0.4297,0.43,0.4304,0.4308,0.4311,0.4315,0.4319,0.4322,0.4325,0.4328,0.4331,0.4334,0.4337,0.434,0.4343,0.4346,0.4349,0.4352,0.4355,0.4359,0.4362,0.4366,0.4369,0.4373,0.4377,0.4381,0.4384,0.4388,0.4392,0.4397,0.4401,0.4406,0.4411,0.4416,0.4421,0.4425,0.443,0.4435,0.444,0.4445,0.4449,0.4454,0.4459,0.4464,0.4469,0.4474,0.4479,0.4484,0.4488,0.4493,0.4497,0.4499,0.45,0.4502,0.451,0.453,0.4532,0.4534,0.4535,0.4536,0.4538,0.454,0.4543,0.4546,0.4549,0.4552,0.4555,0.4558,0.4561,0.4564
0.3714,0.3716,0.3719,0.3721,0.3724,0.3726,0.3729,0.3731,0.3734,0.3736,0.3739,0.3741,0.3744,0.3746,0.3749,0.3751,0.3754,0.3756,0.3759,0.3761,0.3764,0.3766,0.3769,0.3771,0.3774,0.3776,0.3779,0.3781,0.3784,0.3786,0.3789,0.3791,0.3794,0.3797,0.3799,0.3802,0.3804,0.3807,0.3809,0.3812,0.3815,0.3817,0.3819,0.3822,0.3824,0.3827,0.1378,0.1384,0.139,0.1397,0.1403,0.141,0.1415,0.142,0.1425,0.143,0.1434,0.1439,0.1444,0.1449,0.1454,0.1459,0.1464,0.1468,0.1473,0.1478,0.1482,0.1487,0.1491,0.1496,0.1501,0.1505,0.151,0.1515,0.1518,0.1522,0.1526,0.153,0.1534,0.1537,0.1541,0.1545,0.1549,0.1553,0.1558,0.1569,0.158,0.1591,0.1603,0.1615,0.1627,0.1639,0.1652,0.1664,0.1675,0.1686,0.1697,0.1709,0.1721,0.1733,0.1745,0.1757,0.1835,0.1839,0.1843,0.1846,0.185,0.1854,0.1858,0.1862,0.1909,0.4009,0.4012,0.4016,0.4019,0.4022,0.4026,0.4029,0.4032,0.4036,0.4039,0.4042,0.4046,0.4049,0.4053,0.4056,0.4059,0.4063,0.4066,0.407,0.4073,0.4076,0.408,0.4083,0.4087,0.409,0.4094,0.4097,0.4101,0.4104,0.4107,0.4111,0.4114,0.4118,0.4121,0.4125,0.4128,0.4132,0.4135,0.4139,0.4143,0.4146,0.415,0.4153,0.4157,0.416,0.4165,0.4169,0.4174,0.4178,0.4182,0.4187,0.4191,0.4196,0.42,0.4205,0.4209,0.4214,0.4218,0.4223,0.4227,0.4232,0.4236,0.4241,0.4245,0.425,0.4254,0.4259,0.4263,0.4267,0.427,0.4274,0.4277,0.4281,0.4285,0.4288,0.4292,0.4295,0.4299,0.4303,0.4306,0.431,0.4314,0.4317,0.432,0.4323,0.4326,0.4329,0.4332,0.4335,0.4338,0.4341,0.4344,0.4347,0.435,0.4354,0.4357,0.4361,0.4365,0.4368,0.4372,0.4376,0.438,0.4384,0.4387,0.4391,0.4396,0.4401,0.4406,0.441,0.4415,0.442,0.4425,0.4429,0.4434,0.4439,0.4444,0.4449,0.4454,0.4458,0.4463,0.4468,0.4473,0.4478,0.4483,0.4488,0.449,0.4492,0.4494,0.4495,0.4504,0.4524,0.4528,0.4529,0.4531,0.4532,0.4533,0.4535,0.4537,0.454,0.4543,0.4546,0.4549,0.4553,0.4556,0.4559
0.3711,0.3713,0.3715,0.3718,0.372,0.3723,0.3725,0.3728,0.373,0.3733,0.3735,0.3738,0.374,0.3743,0.3745,0.3748,0.375,0.3753,0.3755,0.3758,0.376,0.3763,0.3765,0.3768,0.377,0.3773,0.3775,0.3778,0.378,0.3783,0.3785,0.3788,0.379,0.3793,0.3796,0.3798,0.3801,0.3803,0.3806,0.3808,0.3811,0.3813,0.3816,0.3818,0.3821,0.3823,0.1376,0.1383,0.1389,0.1395,0.1402,0.1408,0.1413,0.1418,0.1423,0.1427,0.1432,0.1437,0.1442,0.1447,0.1451,0.1456,0.1461,0.1466,0.147,0.1475,0.1479,0.1484,0.1489,0.1493,0.1498,0.1502,0.1507,0.1511,0.1515,0.1519,0.1523,0.1527,0.153,0.1534,0.1538,0.1542,0.1546,0.155,0.1554,0.1561,0.1572,0.1584,0.1595,0.1607,0.1619,0.1631,0.1643,0.1655,0.1666,0.1677,0.1689,0.17,0.1712,0.1723,0.1735,0.1747,0.176,0.1823,0.1827,0.1831,0.1834,0.1838,0.1842,0.1868,0.4001,0.4005,0.4008,0.4011,0.4015,0.4018,0.4021,0.4025,0.4028,0.4031,0.4035,0.4038,0.4041,0.4045,0.4048,0.4052,0.4055,0.4058,0.4062,0.4065,0.4069,0.4072,0.4075,0.4079,0.4082,0.4086,0.4089,0.4093,0.4096,0.4099,0.4103,0.4106,0.411,0.4113,0.4117,0.412,0.4124,0.4127,0.4131,0.4134,0.4138,0.4141,0.4145,0.4149,0.4152,0.4156,0.416,0.4165,0.4169,0.4173,0.4178,0.4182,0.4187,0.4191,0.4196,0.42,0.4205,0.4209,0.4214,0.4218,0.4222,0.4227,0.4231,0.4236,0.424,0.4245,0.425,0.4254,0.4258,0.4262,0.4265,0.4269,0.4272,0.4276,0.428,0.4283,0.4287,0.429,0.4294,0.4298,0.4301,0.4305,0.4309,0.4312,0.4315,0.4318,0.4321,0.4324,0.4327,0.433,0.4333,0.4336,0.4339,0.4342,0.4346,0.4349,0.4353,0.4356,0.436,0.4364,0.4368,0.4371,0.4375,0.4379,0.4383,0.4387,0.4391,0.4396,0.44,0.4405,0.441,0.4415,0.4419,0.4424,0.4429,0.4434,0.4438,0.4443,0.4448,0.4453,0.4458,0.4463,0.4468,0.4472,0.4477,0.4482,0.4483,0.4485,0.4487,0.4488,0.4497,0.4517,0.4523,0.4525,0.4526,0.4527,0.4529,0.453,0.4532,0.4535,0.4538,0.4541,0.4544,0.4547,0.455,0.4553
0.3707,0.371,0.3712,0.3715,0.3717,0.3719,0.3722,0.3724,0.3727,0.3729,0.3732,0.3734,0.3737,0.3739,0.3742,0.3744,0.3747,0.3749,0.3752,0.3754,0.3757,0.3759,0.3762,0.3764,0.3767,0.3769,0.3772,0.3774,0.3777,0.3779,0.3782,0.3784,0.3787,0.3789,0.3792,0.3795,0.3797,0.38,0.3802,0.3805,0.3807,0.381,0.3812,0.3815,0.3817,0.382,0.1375,0.1381,0.1388,0.1394,0.14,0.1407,0.1411,0.1416,0.1421,0.1425,0.143,0.1435,0.144,0.1444,0.1449,0.1454,0.1459,0.1463,0.1468,0.1472,0.1477,0.1481,0.1486,0.149,0.1495,0.15,0.1504,0.1508,0.1512,0.1516,0.152,0.1523,0.1527,0.1531,0.1535,0.1539,0.1543,0.1547,0.155,0.1554,0.1564,0.1576,0.1587,0.1599,0.161,0.1622,0.1634,0.1647,0.1658,0.1669,0.168,0.1691,0.1703,0.1714,0.1726,0.1738,0.175,0.1807,0.1811,0.1815,0.1819,0.1822,0.1829,0.188,0.3997,0.4,0.4004,0.4007,0.401,0.4014,0.4017,0.402,0.4024,0.4027,0.403,0.4034,0.4037,0.404,0.4044,0.4047,0.4051,0.4054,0.4057,0.4061,0.4064,0.4067,0.4071,0.4074,0.4078,0.4081,0.4085,0.4088,0.4092,0.4095,0.4098,0.4102,0.4105,0.4109,0.4112,0.4116,0.4119,0.4123,0.4126,0.413,0.4133,0.4137,0.414,0.4144,0.4147,0.4151,0.4156,0.416,0.4165,0.4169,0.4173,0.4178,0.4182,0.4187,0.4191,0.4196,0.42,0.4205,0.4209,0.4213,0.4218,0.4222,0.4227,0.4231,0.4236,0.424,0.4245,0.4249,0.4253,0.4257,0.426,0.4264,0.4268,0.4271,0.4275,0.4278,0.4282,0.4286,0.4289,0.4293,0.4296,0.43,0.4304,0.4307,0.431,0.4313,0.4316,0.4319,0.4322,0.4325,0.4328,0.4331,0.4334,0.4338,0.4341,0.4344,0.4348,0.4352,0.4356,0.4359,0.4363,0.4367,0.4371,0.4374,0.4378,0.4382,0.4386,0.439,0.4395,0.44,0.4404,0.4409,0.4414,0.4419,0.4423,0.4428,0.4433,0.4438,0.4443,0.4447,0.4452,0.4457,0.4462,0.4467,0.4472,0.4475,0.4477,0.4478,0.448,0.4481,0.449,0.451,0.4519,0.452,0.4522,0.4523,0.4524,0.4526,0.4527,0.4529,0.4532,0.4535,0.4538,0.4541,0.4544,0.4547
0.3704,0.3706,0.3709,0.3711,0.3714,0.3716,0.3718,0.3721,0.3723,0.3726,0.3728,0.3731,0.3733,0.3736,0.3738,0.3741,0.3743,0.3746,0.3748,0.3751,0.3753,0.3756,0.3758,0.3761,0.3763,0.3766,0.3768,0.3771,0.3773,0.3776,0.3778,0.3781,0.3783,0.3786,0.3788,0.3791,0.3793,0.3796,0.3799,0.3801,0.3804,0.3806,0.3809,0.3811,0.3814,0.3816,0.1374,0.138,0.1386,0.1393,0.1399,0.1405,0.1409,0.1414,0.1419,0.1423,0.1428,0.1433,0.1437,0.1442,0.1447,0.1452,0.1456,0.146,0.1465,0.1469,0.1474,0.1478,0.1483,0.1488,0.1492,0.1497,0.1501,0.1505,0.1509,0.1513,0.1516,0.152,0.1524,0.1528,0.1532,0.1536,0.1539,0.1543,0.1547,0.1551,0.1557,0.1568,0.1579,0.1591,0.1602,0.1614,0.1626,0.1638,0.165,0.166,0.1671,0.1683,0.1694,0.1706,0.1717,0.1729,0.1741,0.1753,0.1796,0.1799,0.1803,0.1807,0.184,0.1892,0.3993,0.3996,0.3999,0.4003,0.4006,0.4009,0.4013,0.4016,0.4019,0.4023,0.4026,0.4029,0.4033,0.4036,0.4039,0.4043,0.4046,0.4049,0.4053,0.4056,0.406,0.4063,0.4066,0.407,0.4073,0.4077,0.408,0.4084,0.4087,0.409,0.4094,0.4097,0.4101,0.4104,0.4108,0.4111,0.4115,0.4118,0.4122,0.4125,0.4129,0.4132,0.4136,0.4139,0.4143,0.4147,0.4151,0.4156,0.416,0.4165,0.4169,0.4173,0.4178,0.4182,0.4187,0.4191,0.4196,0.42,0.4204,0.4209,0.4213,0.4218,0.4222,0.4227,0.4231,0.4236,0.424,0.4245,0.4248,0.4252,0.4256,0.4259,0.4263,0.4266,0.427,0.4273,0.4277,0.4281,0.4284,0.4288,0.4291,0.4295,0.4299,0.4302,0.4305,0.4308,0.4311,0.4314,0.4317,0.432,0.4323,0.4326,0.433,0.4333,0.4336,0.434,0.4344,0.4347,0.4351,0.4355,0.4359,0.4362,0.4366,0.437,0.4374,0.4377,0.4381,0.4385,0.439,0.4394,0.4399,0.4404,0.4409,0.4413,0.4418,0.4423,0.4428,0.4432,0.4437,0.4442,0.4447,0.4452,0.4457,0.4461,0.4466,0.4468,0.447,0.4471,0.4473,0.4475,0.4483,0.4503,0.4515,0.4516,0.4517,0.4519,0.452,0.4521,0.4523,0.4524,0.4527,0.453,0.4533,0.4536,0.4539,0.4542
0.3700,0.3703,0.3705,0.3708,0.371,0.3713,0.3715,0.3717,0.372,0.3722,0.3725,0.3727,0.373,0.3732,0.3735,0.3737,0.374,0.3742,0.3745,0.3747,0.375,0.3752,0.3755,0.3757,0.376,0.3762,0.3765,0.3767,0.377,0.3772,0.3775,0.3777,0.378,0.3782,0.3785,0.3787,0.379,0.3792,0.3795,0.3798,0.38,0.3803,0.3805,0.3808,0.381,0.3813,0.1372,0.1379,0.1385,0.1391,0.1398,0.1403,0.1407,0.1412,0.1416,0.1421,0.1426,0.1431,0.1435,0.144,0.1445,0.1449,0.1453,0.1458,0.1462,0.1467,0.1471,0.1476,0.148,0.1485,0.1489,0.1494,0.1499,0.1502,0.1506,0.151,0.1513,0.1517,0.1521,0.1525,0.1529,0.1532,0.1536,0.154,0.1544,0.1548,0.1552,0.156,0.1571,0.1583,0.1594,0.1606,0.1618,0.163,0.1641,0.1652,0.1663,0.1674,0.1685,0.1697,0.1708,0.172,0.1732,0.1744,0.1756,0.1784,0.1788,0.1802,0.1851,0.3985,0.3989,0.3992,0.3995,0.3998,0.4002,0.4005,0.4008,0.4012,0.4015,0.4018,0.4022,0.4025,0.4028,0.4032,0.4035,0.4038,0.4042,0.4045,0.4048,0.4052,0.4055,0.4059,0.4062,0.4065,0.4069,0.4072,0.4076,0.4079,0.4083,0.4086,0.4089,0.4093,0.4096,0.41,0.4103,0.4107,0.411,0.4114,0.4117,0.4121,0.4124,0.4128,0.4131,0.4135,0.4138,0.4143,0.4147,0.4151,0.4156,0.416,0.4165,0.4169,0.4173,0.4178,0.4182,0.4187,0.4191,0.4195,0.42,0.4204,0.4209,0.4213,0.4218,0.4222,0.4227,0.4231,0.4236,0.424,0.4244,0.4247,0.4251,0.4254,0.4258,0.4261,0.4265,0.4269,0.4272,0.4276,0.4279,0.4283,0.4287,0.429,0.4294,0.4297,0.43,0.4303,0.4306,0.4309,0.4312,0.4315,0.4319,0.4322,0.4325,0.4328,0.4332,0.4335,0.4339,0.4343,0.4347,0.435,0.4354,0.4358,0.4362,0.4365,0.4369,0.4373,0.4377,0.438,0.4384,0.4389,0.4394,0.4398,0.4403,0.4408,0.4413,0.4417,0.4422,0.4427,0.4432,0.4437,0.4441,0.4446,0.4451,0.4456,0.446,0.4461,0.4463,0.4465,0.4466,0.4468,0.4476,0.4496,0.451,0.4512,0.4513,0.4514,0.4516,0.4517,0.4518,0.452,0.4521,0.4524,0.4527,0.453,0.4533,0.4536
0.3697,0.3699,0.3702,0.3704,0.3707,0.3709,0.3712,0.3714,0.3716,0.3719,0.3721,0.3724,0.3726,0.3729,0.3731,0.3734,0.3736,0.3739,0.3741,0.3744,0.3746,0.3749,0.3751,0.3754,0.3756,0.3759,0.3761,0.3764,0.3766,0.3769,0.3771,0.3774,0.3776,0.3779,0.3781,0.3784,0.3786,0.3789,0.3791,0.3794,0.3797,0.3799,0.3802,0.3804,0.3807,0.15,0.1371,0.1377,0.1384,0.139,0.1396,0.1401,0.1405,0.141,0.1414,0.1419,0.1424,0.1428,0.1433,0.1438,0.1442,0.1446,0.1451,0.1455,0.146,0.1464,0.1468,0.1473,0.1477,0.1482,0.1487,0.1491,0.1496,0.1499,0.1503,0.1507,0.151,0.1514,0.1518,0.1522,0.1525,0.1529,0.1533,0.1537,0.1541,0.1545,0.1549,0.1553,0.1563,0.1575,0.1586,0.1598,0.1609,0.1621,0.1633,0.1644,0.1655,0.1666,0.1677,0.1688,0.1699,0.1711,0.1723,0.1735,0.1747,0.1759,0.1773,0.1812,0.1863,0.3981,0.3984,0.3988,0.3991,0.3994,0.3997,0.4001,0.4004,0.4007,0.4011,0.4014,0.4017,0.4021,0.4024,0.4027,0.4031,0.4034,0.4037,0.4041,0.4044,0.4047,0.4051,0.4054,0.4058,0.4061,0.4064,0.4068,0.4071,0.4075,0.4078,0.4081,0.4085,0.4088,0.4092,0.4095,0.4099,0.4102,0.4106,0.4109,0.4113,0.4116,0.412,0.4123,0.4127,0.413,0.4134,0.4138,0.4143,0.4147,0.4151,0.4156,0.416,0.4164,0.4169,0.4173,0.4178,0.4182,0.4186,0.4191,0.4195,0.42,0.4204,0.4209,0.4213,0.4218,0.4222,0.4227,0.4231,0.4235,0.4239,0.4242,0.4246,0.4249,0.4253,0.4257,0.426,0.4264,0.4267,0.4271,0.4274,0.4278,0.4282,0.4285,0.4289,0.4292,0.4295,0.4299,0.4302,0.4305,0.4308,0.4311,0.4314,0.4317,0.432,0.4324,0.4327,0.4331,0.4335,0.4338,0.4342,0.4346,0.435,0.4353,0.4357,0.4361,0.4365,0.4368,0.4372,0.4376,0.438,0.4384,0.4388,0.4393,0.4398,0.4403,0.4407,0.4412,0.4417,0.4422,0.4426,0.4431,0.4436,0.4441,0.4446,0.445,0.4453,0.4455,0.4456,0.4458,0.4459,0.4461,0.447,0.4489,0.4506,0.4507,0.4509,0.451,0.4511,0.4513,0.4514,0.4515,0.4517,0.4518,0.4521,0.4525,0.4528,0.4531
0.3694,0.3696,0.3698,0.3701,0.3703,0.3706,0.3708,0.3711,0.3713,0.3715,0.3718,0.372,0.3723,0.3725,0.3728,0.373,0.3733,0.3735,0.3738,0.374,0.3743,0.3745,0.3748,0.375,0.3753,0.3755,0.3758,0.376,0.3763,0.3765,0.3768,0.377,0.3773,0.3775,0.3778,0.378,0.3783,0.3785,0.3788,0.379,0.3793,0.3795,0.3798,0.3801,0.3805,0.1483,0.137,0.1376,0.1382,0.1389,0.1394,0.1399,0.1403,0.1408,0.1412,0.1417,0.1422,0.1426,0.1431,0.1435,0.1439,0.1444,0.1448,0.1452,0.1457,0.1461,0.1466,0.147,0.1475,0.1479,0.1484,0.1488,0.1492,0.1496,0.15,0.1504,0.1507,0.1511,0.1515,0.1518,0.1522,0.1526,0.153,0.1534,0.1538,0.1541,0.1545,0.1549,0.1556,0.1567,0.1578,0.159,0.1601,0.1613,0.1625,0.1636,0.1646,0.1657,0.1668,0.1679,0.1691,0.1702,0.1714,0.1725,0.1737,0.1749,0.1775,0.1823,0.1874,0.3977,0.398,0.3983,0.3987,0.399,0.3993,0.3996,0.4,0.4003,0.4006,0.401,0.4013,0.4016,0.402,0.4023,0.4026,0.403,0.4033,0.4036,0.404,0.4043,0.4046,0.405,0.4053,0.4057,0.406,0.4063,0.4067,0.407,0.4074,0.4077,0.408,0.4084,0.4087,0.4091,0.4094,0.4098,0.4101,0.4105,0.4108,0.4112,0.4115,0.4119,0.4122,0.4126,0.413,0.4134,0.4138,0.4143,0.4147,0.4151,0.4156,0.416,0.4164,0.4169,0.4173,0.4178,0.4182,0.4186,0.4191,0.4195,0.42,0.4204,0.4209,0.4213,0.4217,0.4222,0.4226,0.423,0.4234,0.4237,0.4241,0.4245,0.4248,0.4252,0.4255,0.4259,0.4262,0.4266,0.427,0.4273,0.4277,0.428,0.4284,0.4288,0.4291,0.4294,0.4297,0.43,0.4303,0.4306,0.4309,0.4312,0.4315,0.4319,0.4323,0.4326,0.433,0.4334,0.4338,0.4341,0.4345,0.4349,0.4353,0.4356,0.436,0.4364,0.4368,0.4371,0.4375,0.4379,0.4383,0.4388,0.4393,0.4397,0.4402,0.4407,0.4411,0.4416,0.4421,0.4426,0.4431,0.4435,0.444,0.4445,0.4446,0.4448,0.4449,0.4451,0.4453,0.4454,0.4463,0.4483,0.4501,0.4503,0.4504,0.4505,0.4507,0.4508,0.451,0.4511,0.4512,0.4514,0.4516,0.4519,0.4522,0.4525
0.3690,0.3693,0.3695,0.3697,0.37,0.3702,0.3705,0.3707,0.371,0.3712,0.3714,0.3717,0.3719,0.3722,0.3724,0.3727,0.3729,0.3732,0.3734,0.3737,0.3739,0.3742,0.3744,0.3746,0.3749,0.3751,0.3754,0.3756,0.3759,0.3761,0.3764,0.3767,0.3769,0.3772,0.3774,0.3777,0.3779,0.3782,0.3784,0.3787,0.3789,0.3792,0.3795,0.3799,0.3803,0.1466,0.1368,0.1375,0.1381,0.1387,0.1392,0.1396,0.1401,0.1406,0.141,0.1415,0.1419,0.1424,0.1428,0.1433,0.1437,0.1441,0.1445,0.145,0.1454,0.1459,0.1463,0.1468,0.1472,0.1477,0.1481,0.1486,0.1489,0.1493,0.1497,0.15,0.1504,0.1508,0.1512,0.1515,0.1519,0.1523,0.1527,0.1531,0.1534,0.1538,0.1542,0.1546,0.155,0.1559,0.157,0.1582,0.1593,0.1605,0.1617,0.1627,0.1638,0.1649,0.166,0.1671,0.1682,0.1693,0.1705,0.1716,0.1728,0.174,0.1786,0.1834,0.3969,0.3972,0.3976,0.3979,0.3982,0.3986,0.3989,0.3992,0.3995,0.3999,0.4002,0.4005,0.4009,0.4012,0.4015,0.4019,0.4022,0.4025,0.4029,0.4032,0.4035,0.4039,0.4042,0.4045,0.4049,0.4052,0.4056,0.4059,0.4062,0.4066,0.4069,0.4073,0.4076,0.4079,0.4083,0.4086,0.409,0.4093,0.4097,0.41,0.4104,0.4107,0.4111,0.4114,0.4117,0.4121,0.4125,0.4129,0.4134,0.4138,0.4142,0.4147,0.4151,0.4156,0.416,0.4164,0.4169,0.4173,0.4177,0.4182,0.4186,0.4191,0.4195,0.42,0.4204,0.4208,0.4213,0.4217,0.4222,0.4226,0.4229,0.4233,0.4236,0.424,0.4243,0.4247,0.425,0.4254,0.4257,0.4261,0.4265,0.4268,0.4272,0.4275,0.4279,0.4283,0.4286,0.4289,0.4292,0.4295,0.4298,0.4301,0.4304,0.4307,0.4311,0.4315,0.4318,0.4322,0.4326,0.4329,0.4333,0.4337,0.4341,0.4344,0.4348,0.4352,0.4355,0.4359,0.4363,0.4367,0.4371,0.4374,0.4378,0.4382,0.4387,0.4392,0.4397,0.4401,0.4406,0.4411,0.4416,0.442,0.4425,0.443,0.4435,0.4438,0.444,0.4441,0.4443,0.4444,0.4446,0.4448,0.4456,0.4476,0.4495,0.4498,0.45,0.4501,0.4502,0.4504,0.4505,0.4506,0.4508,0.4509,0.451,0.4513,0.4516,0.4519
0.3686,0.3689,0.3691,0.3693,0.3696,0.3698,0.3701,0.3703,0.3706,0.3708,0.371,0.3713,0.3715,0.3718,0.372,0.3723,0.3725,0.3728,0.373,0.3733,0.3735,0.3738,0.374,0.3742,0.3745,0.3747,0.375,0.3752,0.3755,0.3757,0.376,0.3762,0.3765,0.3767,0.377,0.3773,0.3775,0.3778,0.378,0.3783,0.3783,0.3789,0.3794,0.3798,0.3802,0.145,0.1367,0.1373,0.138,0.1385,0.139,0.1394,0.1399,0.1404,0.1408,0.1413,0.1417,0.1422,0.1426,0.143,0.1434,0.1439,0.1443,0.1447,0.1452,0.1456,0.146,0.1465,0.1469,0.1474,0.1478,0.1483,0.1487,0.149,0.1494,0.1497,0.1501,0.1505,0.1509,0.1512,0.1516,0.152,0.1524,0.1527,0.1531,0.1535,0.1539,0.1543,0.1547,0.1551,0.1563,0.1574,0.1585,0.1597,0.1608,0.1619,0.163,0.164,0.1651,0.1662,0.1673,0.1685,0.1696,0.1707,0.1719,0.175,0.1796,0.1846,0.3965,0.3968,0.3971,0.3975,0.3978,0.3981,0.3985,0.3988,0.3991,0.3994,0.3998,0.4001,0.4004,0.4008,0.4011,0.4014,0.4018,0.4021,0.4024,0.4028,0.4031,0.4034,0.4038,0.4041,0.4044,0.4048,0.4051,0.4054,0.4058,0.4061,0.4065,0.4068,0.4071,0.4075,0.4078,0.4082,0.4085,0.4089,0.4092,0.4096,0.4099,0.4103,0.4106,0.4109,0.4113,0.4116,0.4121,0.4125,0.4129,0.4134,0.4138,0.4142,0.4147,0.4151,0.4156,0.416,0.4164,0.4169,0.4173,0.4177,0.4182,0.4186,0.4191,0.4195,0.4199,0.4204,0.4208,0.4213,0.4217,0.4221,0.4224,0.4228,0.4231,0.4235,0.4238,0.4242,0.4246,0.4249,0.4253,0.4256,0.426,0.4263,0.4267,0.4271,0.4274,0.4278,0.4281,0.4284,0.4287,0.429,0.4293,0.4296,0.4299,0.4303,0.4306,0.431,0.4314,0.4318,0.4321,0.4325,0.4329,0.4332,0.4336,0.434,0.4343,0.4347,0.4351,0.4355,0.4358,0.4362,0.4366,0.437,0.4374,0.4377,0.4382,0.4387,0.4391,0.4396,0.4401,0.4405,0.441,0.4415,0.442,0.4425,0.4429,0.4431,0.4433,0.4434,0.4436,0.4438,0.4439,0.4441,0.445,0.4469,0.4489,0.4494,0.4495,0.4497,0.4498,0.4499,0.4501,0.4502,0.4503,0.4505,0.4506,0.4508,0.4511,0.4514
0.3682,0.3685,0.3687,0.369,0.3692,0.3694,0.3697,0.3699,0.3702,0.3704,0.3707,0.3709,0.3711,0.3714,0.3716,0.3719,0.3721,0.3724,0.3726,0.3729,0.3731,0.3734,0.3736,0.3738,0.3741,0.3743,0.3746,0.3748,0.3751,0.3753,0.3756,0.3758,0.3761,0.3763,0.3766,0.3768,0.3771,0.3773,0.3776,0.3768,0.3767,0.3788,0.3792,0.3796,0.38,0.1433,0.1366,0.1372,0.1378,0.1383,0.1388,0.1392,0.1397,0.1401,0.1406,0.1411,0.1415,0.1419,0.1423,0.1427,0.1432,0.1436,0.144,0.1445,0.1449,0.1453,0.1458,0.1462,0.1467,0.1471,0.1476,0.148,0.1484,0.1487,0.1491,0.1494,0.1498,0.1502,0.1505,0.1509,0.1513,0.1517,0.152,0.1524,0.1528,0.1532,0.1536,0.154,0.1544,0.1547,0.1555,0.1566,0.1577,0.1589,0.16,0.1611,0.1622,0.1632,0.1643,0.1654,0.1665,0.1676,0.1687,0.1699,0.1715,0.176,0.1807,0.1857,0.3965,0.3964,0.3967,0.397,0.3974,0.3977,0.398,0.3984,0.3987,0.399,0.3993,0.3997,0.4,0.4003,0.4007,0.401,0.4013,0.4017,0.402,0.4023,0.4027,0.403,0.4033,0.4037,0.404,0.4043,0.4047,0.405,0.4053,0.4057,0.406,0.4064,0.4067,0.407,0.4074,0.4077,0.4081,0.4084,0.4088,0.4091,0.4095,0.4098,0.4101,0.4105,0.4108,0.4112,0.4116,0.4121,0.4125,0.4129,0.4134,0.4138,0.4142,0.4147,0.4151,0.4155,0.416,0.4164,0.4168,0.4173,0.4177,0.4182,0.4186,0.419,0.4195,0.4199,0.4204,0.4208,0.4213,0.4216,0.422,0.4223,0.4227,0.423,0.4234,0.4237,0.4241,0.4244,0.4248,0.4251,0.4255,0.4258,0.4262,0.4266,0.4269,0.4273,0.4276,0.4279,0.4282,0.4285,0.4288,0.4291,0.4295,0.4298,0.4302,0.4306,0.4309,0.4313,0.4317,0.432,0.4324,0.4328,0.4332,0.4335,0.4339,0.4343,0.4346,0.435,0.4354,0.4358,0.4361,0.4365,0.4369,0.4373,0.4377,0.4381,0.4386,0.4391,0.4395,0.44,0.4405,0.441,0.4414,0.4419,0.4423,0.4425,0.4426,0.4428,0.4429,0.4431,0.4433,0.4434,0.4443,0.4462,0.4482,0.449,0.4491,0.4492,0.4494,0.4495,0.4496,0.4498,0.4499,0.45,0.4502,0.4503,0.4505,0.4508
0.3679,0.3681,0.3683,0.3686,0.3688,0.369,0.3693,0.3695,0.3698,0.37,0.3703,0.3705,0.3707,0.371,0.3712,0.3715,0.3717,0.372,0.3722,0.3725,0.3727,0.373,0.3732,0.3734,0.3737,0.3739,0.3742,0.3744,0.3747,0.3749,0.3752,0.3754,0.3757,0.3759,0.3762,0.3764,0.3767,0.3765,0.3753,0.3746,0.3781,0.3786,0.379,0.3794,0.3798,0.1418,0.1365,0.1371,0.1377,0.1382,0.1386,0.139,0.1395,0.1399,0.1404,0.1408,0.1412,0.1416,0.1421,0.1425,0.1429,0.1433,0.1438,0.1442,0.1446,0.1451,0.1455,0.1459,0.1464,0.1468,0.1473,0.1477,0.1481,0.1484,0.1488,0.1491,0.1495,0.1499,0.1502,0.1506,0.151,0.1514,0.1517,0.1521,0.1525,0.1529,0.1533,0.1536,0.154,0.1544,0.1548,0.1558,0.1569,0.1581,0.1592,0.1603,0.1614,0.1624,0.1635,0.1645,0.1656,0.1667,0.1678,0.169,0.1725,0.177,0.1818,0.3971,0.3968,0.3964,0.3963,0.3966,0.397,0.3973,0.3976,0.3979,0.3983,0.3986,0.3989,0.3992,0.3996,0.3999,0.4002,0.4006,0.4009,0.4012,0.4016,0.4019,0.4022,0.4026,0.4029,0.4032,0.4036,0.4039,0.4042,0.4046,0.4049,0.4052,0.4056,0.4059,0.4063,0.4066,0.4069,0.4073,0.4076,0.408,0.4083,0.4087,0.409,0.4093,0.4097,0.41,0.4104,0.4108,0.4112,0.4116,0.4121,0.4125,0.4129,0.4134,0.4138,0.4142,0.4147,0.4151,0.4155,0.416,0.4164,0.4168,0.4173,0.4177,0.4181,0.4186,0.419,0.4195,0.4199,0.4204,0.4208,0.4211,0.4215,0.4218,0.4222,0.4225,0.4229,0.4232,0.4236,0.4239,0.4243,0.4247,0.425,0.4254,0.4257,0.4261,0.4264,0.4268,0.4272,0.4274,0.4277,0.428,0.4283,0.4287,0.429,0.4294,0.4298,0.4301,0.4305,0.4309,0.4312,0.4316,0.432,0.4323,0.4327,0.4331,0.4334,0.4338,0.4342,0.4346,0.4349,0.4353,0.4357,0.4361,0.4364,0.4368,0.4372,0.4376,0.4381,0.4385,0.439,0.4395,0.44,0.4404,0.4409,0.4414,0.4416,0.4418,0.442,0.4421,0.4423,0.4424,0.4426,0.4427,0.4436,0.4456,0.4475,0.4485,0.4487,0.4488,0.4489,0.4491,0.4492,0.4493,0.4495,0.4496,0.4497,0.4499,0.45,0.4503
