# shape=256x256 max_depth=10.0 scene=5cdEh9F2hJL episode=1 step=70,Column1,_1,_2,_3,_4,_5,_6,_7,_8,_9,_10,_11,_12,_13,_14,_15,_16,_17,_18,_19,_20,_21,_22,_23,_24,_25,_26,_27,_28,_29,_30,_31,_32,_33,_34,_35,_36,_37,_38,_39,_40,_41,_42,_43,_44,_45,_46,_47,_48,_49,_50,_51,_52,_53,_54,_55,_56,_57,_58,_59,_60,_61,_62,_63,_64,_65,_66,_67,_68,_69,_70,_71,_72,_73,_74,_75,_76,_77,_78,_79,_80,_81,_82,_83,_84,_85,_86,_87,_88,_89,_90,_91,_92,_93,_94,_95,_96,_97,_98,_99,_100,_101,_102,_103,_104,_105,_106,_107,_108,_109,_110,_111,_112,_113,_114,_115,_116,_117,_118,_119,_120,_121,_122,_123,_124,_125,_126,_127,_128,_129,_130,_131,_132,_133,_134,_135,_136,_137,_138,_139,_140,_141,_142,_143,_144,_145,_146,_147,_148,_149,_150,_151,_152,_153,_154,_155,_156,_157,_158,_159,_160,_161,_162,_163,_164,_165,_166,_167,_168,_169,_170,_171,_172,_173,_174,_175,_176,_177,_178,_179,_180,_181,_182,_183,_184,_185,_186,_187,_188,_189,_190,_191,_192,_193,_194,_195,_196,_197,_198,_199,_200,_201,_202,_203,_204,_205,_206,_207,_208,_209,_210,_211,_212,_213,_214,_215,_216,_217,_218,_219,_220,_221,_222,_223,_224,_225,_226,_227,_228,_229,_230,_231,_232,_233,_234,_235,_236,_237,_238,_239,_240,_241,_242,_243,_244,_245,_246,_247,_248,_249,_250,_251,_252,_253,_254
0.5045,0.5045,0.5027,0.5008,0.499,0.4972,0.4972,0.4974,0.4975,0.4976,0.4977,0.4974,0.4971,0.4977,0.4985,0.4992,0.4999,0.4995,0.4991,0.4987,0.4984,0.4982,0.498,0.4978,0.4984,0.4995,0.5006,0.5016,0.5027,0.5038,0.5049,0.506,0.5071,0.5082,0.5093,0.5106,0.512,0.5134,0.5149,0.5164,0.518,0.5195,0.5211,0.5227,0.5242,0.5258,0.5273,0.5289,0.5305,0.532,0.5336,0.5352,0.5368,0.5384,0.5399,0.5415,0.5431,0.5446,0.5462,0.5478,0.5494,0.551,0.5517,0.552,0.5523,0.5526,0.5529,0.436,0.4204,0.4137,0.4072,0.4037,0.4033,0.403,0.4027,0.4025,0.4022,0.4019,0.4017,0.4014,0.4012,0.4009,0.4006,0.4001,0.3996,0.399,0.3985,0.398,0.3974,0.3969,0.3964,0.3958,0.3957,0.3956,0.0489,0.0484,0.0479,0.0479,0.0478,0.0477,0.0477,0.0477,0.0476,0.0476,0.0476,0.0475,0.0475,0.0475,0.0474,0.0474,0.0474,0.0475,0.0475,0.0475,0.0475,0.0475,0.0475,0.0475,0.0475,0.0475,0.0476,0.0476,0.0476,0.0476,0.0476,0.0476,0.0476,0.0476,0.0476,0.0477,0.0477,0.0477,0.0477,0.0477,0.0477,0.0477,0.0477,0.0477,0.0477,0.0477,0.0477,0.0477,0.0477,0.0477,0.0477,0.0478,0.0478,0.0478,0.0478,0.0478,0.0478,0.0478,0.0478,0.0478,0.0478,0.0478,0.0478,0.0478,0.0479,0.0479,0.0483,0.4086,0.4078,0.4071,0.4063,0.4055,0.4048,0.4045,0.4041,0.4037,0.4033,0.403,0.4026,0.4022,0.4019,0.4015,0.4012,0.401,0.4008,0.4006,0.4004,0.4002,0.4,0.3996,0.3993,0.3989,0.3985,0.3982,0.3978,0.3974,0.3971,0.3973,0.3975,0.3978,0.398,0.3982,0.3984,0.3987,0.3989,0.3991,0.3994,0.3996,0.3999,0.4001,0.4004,0.4006,0.4009,0.4012,0.4014,0.4017,0.402,0.4022,0.4025,0.4028,0.4031,0.4033,0.4036,0.4039,0.4041,0.4044,0.4047,0.4049,0.4052,0.4055,0.4058,0.406,0.4063,0.4066,0.4069,0.4071,0.4069,0.4055,0.4042,0.4029,0.4015,0.4002,0.3989,0.3976,0.3965,0.3955,0.3945,0.3941,0.394,0.3939,0.3938,0.3937,0.3936,0.3935,0.3934,0.3933,0.3932,0.3931,0.393,0.3929,0.3928,0.3926
0.5041,0.506,0.5042,0.5023,0.5005,0.4995,0.4997,0.4999,0.5001,0.5002,0.5003,0.5003,0.5,0.5001,0.5009,0.5016,0.5021,0.5017,0.5013,0.5009,0.5006,0.5004,0.5002,0.5001,0.5012,0.5023,0.5033,0.5044,0.5055,0.5066,0.5077,0.5088,0.51,0.5113,0.5127,0.514,0.5154,0.5168,0.5184,0.52,0.5215,0.5231,0.5247,0.5263,0.5279,0.5295,0.5311,0.5327,0.5343,0.5359,0.5376,0.5392,0.5408,0.5424,0.544,0.5456,0.5472,0.5488,0.5504,0.552,0.5536,0.5542,0.5545,0.5548,0.5551,0.5554,0.5557,0.556,0.4288,0.4176,0.411,0.4047,0.4036,0.4034,0.4031,0.4028,0.4026,0.4023,0.402,0.4018,0.4015,0.4012,0.4007,0.4002,0.3996,0.3991,0.3986,0.398,0.3975,0.397,0.3964,0.3959,0.3957,0.3956,0.3955,0.0489,0.0484,0.0482,0.0482,0.0481,0.0481,0.0481,0.048,0.048,0.0479,0.0479,0.0479,0.0478,0.0478,0.0478,0.0478,0.0478,0.0478,0.0479,0.0479,0.0479,0.0479,0.0479,0.0479,0.0479,0.0479,0.0479,0.048,0.048,0.048,0.048,0.048,0.048,0.048,0.048,0.048,0.0481,0.0481,0.0481,0.0481,0.0481,0.0481,0.0481,0.0481,0.0481,0.0481,0.0481,0.0481,0.0481,0.0481,0.0481,0.0481,0.0481,0.0481,0.0481,0.0481,0.0481,0.0481,0.0481,0.0481,0.0481,0.0482,0.0482,0.0482,0.0483,0.0489,0.4069,0.4061,0.4055,0.4051,0.4047,0.4044,0.404,0.4036,0.4033,0.4029,0.4025,0.4021,0.4018,0.4015,0.4013,0.4011,0.4009,0.4007,0.4005,0.4003,0.4,0.3996,0.3993,0.3989,0.3985,0.3982,0.3978,0.3976,0.3978,0.398,0.3983,0.3985,0.3987,0.3989,0.3992,0.3994,0.3996,0.3999,0.4001,0.4003,0.4006,0.4009,0.4011,0.4014,0.4017,0.4019,0.4022,0.4025,0.4027,0.403,0.4033,0.4035,0.4038,0.4041,0.4044,0.4046,0.4049,0.4052,0.4054,0.4057,0.406,0.4063,0.4065,0.4068,0.4071,0.4074,0.4076,0.407,0.4056,0.4043,0.4029,0.4016,0.4003,0.3989,0.3976,0.3965,0.3955,0.3946,0.3944,0.3943,0.3942,0.3941,0.394,0.3939,0.3938,0.3937,0.3936,0.3935,0.3934,0.3933,0.3932,0.3931,0.393,0.3928,0.3927
0.5037,0.5057,0.5057,0.5038,0.502,0.5019,0.5021,0.5023,0.5025,0.5027,0.5029,0.503,0.503,0.5026,0.5033,0.5041,0.5044,0.504,0.5036,0.5032,0.5028,0.5026,0.5024,0.5029,0.504,0.5051,0.5062,0.5072,0.5084,0.5095,0.5106,0.512,0.5133,0.5147,0.5161,0.5175,0.5189,0.5204,0.522,0.5236,0.5252,0.5268,0.5284,0.53,0.5316,0.5333,0.5349,0.5366,0.5383,0.5399,0.5415,0.5432,0.5448,0.5465,0.5481,0.5497,0.5513,0.553,0.5546,0.5563,0.5567,0.557,0.5573,0.5577,0.558,0.5583,0.5586,0.5589,0.5592,0.4255,0.4149,0.4084,0.4041,0.4037,0.4034,0.4032,0.4029,0.4026,0.4024,0.4021,0.4018,0.4013,0.4008,0.4003,0.3997,0.3992,0.3986,0.3981,0.3975,0.397,0.3965,0.3959,0.3958,0.3957,0.3956,0.0495,0.0489,0.0486,0.0486,0.0485,0.0485,0.0484,0.0484,0.0484,0.0483,0.0483,0.0483,0.0482,0.0482,0.0482,0.0482,0.0482,0.0482,0.0482,0.0482,0.0483,0.0483,0.0483,0.0483,0.0483,0.0483,0.0483,0.0483,0.0483,0.0484,0.0484,0.0484,0.0484,0.0484,0.0484,0.0484,0.0484,0.0485,0.0485,0.0485,0.0485,0.0485,0.0485,0.0485,0.0485,0.0485,0.0485,0.0485,0.0485,0.0485,0.0485,0.0485,0.0485,0.0485,0.0485,0.0485,0.0485,0.0485,0.0485,0.0485,0.0485,0.0486,0.0486,0.0486,0.0488,0.0495,0.4058,0.4054,0.405,0.4047,0.4043,0.4039,0.4035,0.4032,0.4028,0.4024,0.4021,0.4018,0.4016,0.4014,0.4012,0.401,0.4008,0.4006,0.4004,0.4,0.3996,0.3993,0.3989,0.3985,0.3982,0.3981,0.3983,0.3985,0.3987,0.399,0.3992,0.3994,0.3997,0.3999,0.4001,0.4004,0.4006,0.4008,0.4011,0.4013,0.4016,0.4019,0.4021,0.4024,0.4027,0.403,0.4032,0.4035,0.4038,0.404,0.4043,0.4046,0.4048,0.4051,0.4054,0.4057,0.4059,0.4062,0.4065,0.4067,0.407,0.4073,0.4076,0.4078,0.4081,0.407,0.4057,0.4043,0.403,0.4016,0.4003,0.399,0.3977,0.3966,0.3956,0.3949,0.3948,0.3947,0.3945,0.3944,0.3943,0.3942,0.3941,0.394,0.3939,0.3938,0.3937,0.3936,0.3935,0.3934,0.3933,0.3931,0.393,0.3929,0.3928
0.5032,0.5052,0.5072,0.5053,0.5042,0.5044,0.5046,0.5048,0.505,0.5052,0.5054,0.5056,0.5057,0.5056,0.5057,0.5065,0.5066,0.5062,0.5058,0.5054,0.5051,0.5048,0.5046,0.5057,0.5068,0.5079,0.509,0.5101,0.5113,0.5127,0.514,0.5154,0.5168,0.5182,0.5196,0.521,0.5224,0.524,0.5256,0.5272,0.5288,0.5305,0.5321,0.5337,0.5354,0.5371,0.5387,0.5404,0.5421,0.5438,0.5456,0.5472,0.5489,0.5506,0.5523,0.554,0.5556,0.5572,0.5589,0.5593,0.5596,0.5599,0.5602,0.5605,0.5608,0.5612,0.5615,0.5618,0.5621,0.5624,0.4223,0.4122,0.4059,0.404,0.4038,0.4035,0.4032,0.403,0.4027,0.4024,0.402,0.4014,0.4009,0.4003,0.3998,0.3992,0.3987,0.3981,0.3976,0.3971,0.3965,0.396,0.3959,0.3958,0.3957,0.05,0.0495,0.049,0.049,0.0489,0.0489,0.0488,0.0488,0.0488,0.0487,0.0487,0.0486,0.0486,0.0486,0.0486,0.0486,0.0486,0.0486,0.0486,0.0486,0.0486,0.0487,0.0487,0.0487,0.0487,0.0487,0.0487,0.0487,0.0487,0.0488,0.0488,0.0488,0.0488,0.0488,0.0488,0.0488,0.0488,0.0488,0.0489,0.0489,0.0489,0.0489,0.0489,0.0489,0.0489,0.0489,0.0489,0.0489,0.0489,0.0489,0.0489,0.0489,0.0489,0.0489,0.0489,0.0489,0.0489,0.0489,0.0489,0.0489,0.0489,0.049,0.049,0.049,0.0494,0.0501,0.4053,0.4049,0.4046,0.4042,0.4038,0.4034,0.4031,0.4027,0.4024,0.4022,0.402,0.4018,0.4016,0.4014,0.4012,0.401,0.4008,0.4004,0.4,0.3996,0.3993,0.3989,0.3985,0.3985,0.3988,0.399,0.3992,0.3995,0.3997,0.3999,0.4002,0.4004,0.4006,0.4009,0.4011,0.4013,0.4016,0.4018,0.4021,0.4024,0.4026,0.4029,0.4032,0.4034,0.4037,0.404,0.4042,0.4045,0.4048,0.4051,0.4053,0.4056,0.4059,0.4061,0.4064,0.4067,0.407,0.4072,0.4075,0.4078,0.4081,0.4083,0.4085,0.4071,0.4057,0.4044,0.403,0.4017,0.4004,0.3991,0.3978,0.3966,0.3956,0.3952,0.3951,0.395,0.3949,0.3948,0.3946,0.3945,0.3944,0.3943,0.3942,0.3941,0.394,0.3939,0.3938,0.3937,0.3936,0.3935,0.3933,0.3932,0.3931,0.393,0.3929
0.5028,0.5048,0.5068,0.5068,0.5067,0.5069,0.5071,0.5073,0.5075,0.5077,0.5079,0.5081,0.5083,0.5084,0.5082,0.509,0.5089,0.5085,0.5081,0.5077,0.5073,0.5071,0.5074,0.5085,0.5097,0.5108,0.512,0.5133,0.5147,0.5161,0.5175,0.5189,0.5203,0.5217,0.5231,0.5245,0.526,0.5277,0.5293,0.5309,0.5325,0.5342,0.5359,0.5375,0.5392,0.5409,0.5426,0.5443,0.546,0.5478,0.5495,0.5513,0.5531,0.5548,0.5565,0.5582,0.5599,0.5616,0.5619,0.5622,0.5625,0.5628,0.5631,0.5634,0.5638,0.5641,0.5644,0.5647,0.565,0.5653,0.4307,0.4191,0.4096,0.4045,0.4041,0.4038,0.4036,0.4033,0.403,0.4026,0.402,0.4015,0.4009,0.4004,0.3998,0.3993,0.3987,0.3982,0.3977,0.3971,0.3966,0.3961,0.396,0.3959,0.3958,0.0506,0.05,0.0495,0.0494,0.0493,0.0493,0.0492,0.0492,0.0492,0.0491,0.0491,0.049,0.049,0.049,0.049,0.049,0.049,0.049,0.049,0.049,0.049,0.0491,0.0491,0.0491,0.0491,0.0491,0.0491,0.0491,0.0491,0.0491,0.0492,0.0492,0.0492,0.0492,0.0492,0.0492,0.0492,0.0492,0.0492,0.0492,0.0493,0.0493,0.0493,0.0493,0.0493,0.0493,0.0493,0.0493,0.0493,0.0493,0.0493,0.0493,0.0493,0.0493,0.0493,0.0493,0.0493,0.0493,0.0493,0.0493,0.0493,0.0494,0.0494,0.0495,0.0499,0.4052,0.4049,0.4045,0.4041,0.4037,0.4034,0.403,0.4027,0.4025,0.4023,0.4021,0.4019,0.4017,0.4015,0.4013,0.4011,0.4008,0.4004,0.4,0.3996,0.3993,0.3989,0.399,0.3993,0.3995,0.3997,0.4,0.4002,0.4004,0.4007,0.4009,0.4011,0.4014,0.4016,0.4018,0.4021,0.4023,0.4026,0.4028,0.4031,0.4034,0.4037,0.4039,0.4042,0.4045,0.4047,0.405,0.4053,0.4056,0.4058,0.4061,0.4064,0.4066,0.4069,0.4072,0.4075,0.4077,0.408,0.4083,0.4086,0.4088,0.4085,0.4072,0.4058,0.4044,0.4031,0.4018,0.4004,0.3991,0.3978,0.3967,0.3957,0.3955,0.3954,0.3953,0.3952,0.3951,0.395,0.3949,0.3947,0.3946,0.3945,0.3944,0.3943,0.3942,0.3941,0.394,0.3939,0.3938,0.3937,0.3935,0.3934,0.3933,0.3932,0.3931,0.393
0.5037,0.5054,0.5071,0.5089,0.5092,0.5094,0.5096,0.5098,0.51,0.5102,0.5104,0.5106,0.5108,0.511,0.5112,0.5115,0.5112,0.5108,0.5104,0.51,0.5096,0.5094,0.5103,0.5114,0.5126,0.514,0.5154,0.5168,0.5181,0.5195,0.5209,0.5224,0.5238,0.5252,0.5266,0.5281,0.5297,0.5314,0.533,0.5347,0.5363,0.538,0.5397,0.5414,0.5431,0.5448,0.5465,0.5483,0.55,0.5518,0.5535,0.5553,0.5571,0.5589,0.5608,0.5626,0.5642,0.5645,0.5648,0.5651,0.5654,0.5657,0.5661,0.5664,0.5667,0.567,0.5673,0.5677,0.568,0.5683,0.5686,0.4274,0.4159,0.407,0.4045,0.4042,0.4039,0.4036,0.4032,0.4026,0.4021,0.4015,0.401,0.4004,0.3999,0.3994,0.3988,0.3983,0.3977,0.3972,0.3967,0.3962,0.3961,0.396,0.3959,0.3958,0.0506,0.05,0.0498,0.0498,0.0497,0.0496,0.0496,0.0496,0.0495,0.0495,0.0494,0.0494,0.0494,0.0494,0.0494,0.0494,0.0494,0.0494,0.0494,0.0494,0.0495,0.0495,0.0495,0.0495,0.0495,0.0495,0.0495,0.0495,0.0496,0.0496,0.0496,0.0496,0.0496,0.0496,0.0496,0.0496,0.0496,0.0496,0.0496,0.0496,0.0496,0.0497,0.0497,0.0497,0.0497,0.0497,0.0497,0.0497,0.0497,0.0497,0.0497,0.0497,0.0497,0.0497,0.0497,0.0497,0.0497,0.0497,0.0497,0.0497,0.0498,0.0498,0.0499,0.0506,0.4048,0.4044,0.404,0.4036,0.4033,0.403,0.4028,0.4026,0.4024,0.4022,0.402,0.4018,0.4016,0.4014,0.4011,0.4008,0.4004,0.4,0.3997,0.3993,0.3995,0.3998,0.4,0.4002,0.4005,0.4007,0.4009,0.4012,0.4014,0.4016,0.4019,0.4021,0.4023,0.4026,0.4028,0.4031,0.4033,0.4036,0.4039,0.4041,0.4044,0.4047,0.405,0.4052,0.4055,0.4058,0.406,0.4063,0.4066,0.4069,0.4071,0.4074,0.4077,0.408,0.4082,0.4085,0.4088,0.4091,0.4093,0.4086,0.4072,0.4059,0.4045,0.4032,0.4018,0.4005,0.3992,0.3979,0.3968,0.396,0.3959,0.3957,0.3956,0.3955,0.3954,0.3953,0.3952,0.3951,0.395,0.3949,0.3947,0.3946,0.3945,0.3944,0.3943,0.3942,0.3941,0.394,0.3939,0.3937,0.3936,0.3935,0.3934,0.3933,0.3932,0.3931
0.5046,0.5063,0.508,0.5097,0.5116,0.5122,0.5124,0.5126,0.5127,0.5129,0.5131,0.5133,0.5135,0.5136,0.5138,0.514,0.5136,0.5132,0.5128,0.5124,0.512,0.5121,0.5133,0.5147,0.5161,0.5174,0.5188,0.5202,0.5216,0.5231,0.5245,0.5259,0.5274,0.5288,0.5303,0.5318,0.5335,0.5351,0.5368,0.5385,0.5402,0.5419,0.5436,0.5453,0.547,0.5488,0.5505,0.5523,0.554,0.5558,0.5576,0.5594,0.5613,0.5631,0.5649,0.5662,0.5671,0.5674,0.5678,0.5681,0.5684,0.5687,0.569,0.5694,0.5697,0.57,0.5703,0.5706,0.571,0.5713,0.5716,0.4361,0.4241,0.4128,0.4049,0.4045,0.4043,0.4038,0.4032,0.4027,0.4021,0.4016,0.401,0.4005,0.4,0.3994,0.3989,0.3983,0.3978,0.3973,0.3967,0.3963,0.3962,0.3961,0.396,0.3959,0.0511,0.0506,0.0502,0.0502,0.0501,0.0501,0.05,0.05,0.0499,0.0499,0.0499,0.0498,0.0498,0.0498,0.0498,0.0498,0.0498,0.0498,0.0498,0.0498,0.0499,0.0499,0.0499,0.0499,0.0499,0.0499,0.0499,0.0499,0.05,0.05,0.05,0.05,0.05,0.05,0.05,0.05,0.05,0.05,0.05,0.05,0.0501,0.0501,0.0501,0.0501,0.0501,0.0501,0.0501,0.0501,0.0501,0.0501,0.0501,0.0501,0.0501,0.0501,0.0501,0.0501,0.0501,0.0501,0.0501,0.0501,0.0502,0.0502,0.0505,0.0512,0.4043,0.4039,0.4036,0.4033,0.4031,0.4029,0.4027,0.4025,0.4023,0.4021,0.4019,0.4017,0.4015,0.4011,0.4008,0.4004,0.4,0.3998,0.4,0.4003,0.4005,0.4007,0.401,0.4012,0.4014,0.4017,0.4019,0.4021,0.4024,0.4026,0.4028,0.4031,0.4033,0.4036,0.4038,0.4041,0.4044,0.4046,0.4049,0.4052,0.4054,0.4057,0.406,0.4063,0.4065,0.4068,0.4071,0.4074,0.4076,0.4079,0.4082,0.4085,0.4087,0.409,0.4093,0.4096,0.4098,0.4087,0.4073,0.4059,0.4046,0.4032,0.4019,0.4006,0.3992,0.3979,0.3968,0.3963,0.3962,0.3961,0.396,0.3959,0.3957,0.3956,0.3955,0.3954,0.3953,0.3952,0.3951,0.395,0.3948,0.3947,0.3946,0.3945,0.3944,0.3943,0.3942,0.3941,0.394,0.3938,0.3937,0.3936,0.3935,0.3934,0.3933,0.3932
0.5055,0.5072,0.5089,0.5107,0.5128,0.5143,0.515,0.5154,0.5156,0.5158,0.516,0.5161,0.5163,0.5165,0.5167,0.5169,0.5165,0.516,0.5156,0.5151,0.5146,0.5154,0.5167,0.5181,0.5195,0.5209,0.5223,0.5238,0.5252,0.5266,0.5281,0.5295,0.531,0.5324,0.5339,0.5356,0.5373,0.5389,0.5406,0.5423,0.544,0.5458,0.5475,0.5492,0.551,0.5528,0.5545,0.5563,0.5581,0.5599,0.5618,0.5636,0.5655,0.5668,0.5679,0.5689,0.5697,0.5703,0.5707,0.5711,0.5714,0.5717,0.572,0.5724,0.5727,0.573,0.5733,0.5736,0.574,0.5743,0.5746,0.5749,0.4327,0.4209,0.4097,0.4049,0.4044,0.4039,0.4033,0.4027,0.4022,0.4017,0.4011,0.4006,0.4,0.3995,0.3989,0.3984,0.3979,0.3973,0.3968,0.3964,0.3963,0.3962,0.3961,0.396,0.0517,0.0511,0.0507,0.0506,0.0506,0.0505,0.0504,0.0504,0.0504,0.0503,0.0503,0.0502,0.0502,0.0502,0.0502,0.0502,0.0502,0.0502,0.0503,0.0503,0.0503,0.0503,0.0503,0.0503,0.0503,0.0503,0.0504,0.0504,0.0504,0.0504,0.0504,0.0504,0.0504,0.0504,0.0504,0.0504,0.0505,0.0505,0.0505,0.0505,0.0505,0.0505,0.0505,0.0505,0.0505,0.0505,0.0505,0.0505,0.0505,0.0505,0.0505,0.0505,0.0505,0.0505,0.0505,0.0505,0.0505,0.0505,0.0505,0.0506,0.0506,0.0507,0.0511,0.4042,0.4039,0.4037,0.4035,0.4033,0.4031,0.4029,0.4026,0.4024,0.4022,0.402,0.4018,0.4015,0.4011,0.4008,0.4004,0.4003,0.4005,0.4008,0.401,0.4012,0.4015,0.4017,0.4019,0.4022,0.4024,0.4026,0.4029,0.4031,0.4033,0.4036,0.4038,0.404,0.4043,0.4046,0.4049,0.4051,0.4054,0.4057,0.4059,0.4062,0.4065,0.4068,0.407,0.4073,0.4076,0.4079,0.4081,0.4084,0.4087,0.409,0.4092,0.4095,0.4098,0.4101,0.4101,0.4087,0.4074,0.406,0.4046,0.4033,0.4019,0.4006,0.3993,0.398,0.3969,0.3966,0.3965,0.3964,0.3963,0.3962,0.3961,0.396,0.3958,0.3957,0.3956,0.3955,0.3954,0.3953,0.3952,0.3951,0.3949,0.3948,0.3947,0.3946,0.3945,0.3944,0.3943,0.3942,0.3941,0.3939,0.3938,0.3937,0.3936,0.3935,0.3934,0.3933
0.5055,0.5081,0.5099,0.5116,0.5137,0.5159,0.517,0.5178,0.5185,0.5186,0.5188,0.519,0.5192,0.5194,0.5196,0.5197,0.5195,0.519,0.5185,0.518,0.5183,0.519,0.5202,0.5216,0.523,0.5245,0.5259,0.5273,0.5288,0.5302,0.5317,0.5332,0.5346,0.5361,0.5377,0.5394,0.5411,0.5428,0.5445,0.5462,0.548,0.5497,0.5515,0.5533,0.555,0.5568,0.5586,0.5605,0.5623,0.5641,0.566,0.5673,0.5684,0.5695,0.5706,0.5715,0.5724,0.5732,0.5736,0.574,0.5744,0.5747,0.5751,0.5754,0.5757,0.576,0.5764,0.5767,0.577,0.5773,0.5777,0.578,0.5782,0.4293,0.4177,0.405,0.4045,0.4039,0.4034,0.4028,0.4023,0.4017,0.4012,0.4006,0.4001,0.3995,0.399,0.3985,0.3979,0.3974,0.3968,0.3965,0.3964,0.3963,0.3962,0.3961,0.3959,0.0517,0.0511,0.051,0.051,0.0509,0.0509,0.0508,0.0508,0.0507,0.0507,0.0507,0.0506,0.0506,0.0506,0.0506,0.0506,0.0507,0.0507,0.0507,0.0507,0.0507,0.0507,0.0507,0.0508,0.0508,0.0508,0.0508,0.0508,0.0508,0.0508,0.0508,0.0509,0.0509,0.0509,0.0509,0.0509,0.0509,0.0509,0.0509,0.0509,0.0509,0.0509,0.0509,0.0509,0.0509,0.0509,0.0509,0.0509,0.0509,0.0509,0.0509,0.0509,0.0509,0.0509,0.0509,0.0509,0.0509,0.051,0.051,0.0511,0.0511,0.0517,0.404,0.4038,0.4036,0.4034,0.4032,0.403,0.4028,0.4026,0.4024,0.4022,0.4019,0.4015,0.4011,0.4008,0.4008,0.401,0.4013,0.4015,0.4017,0.402,0.4022,0.4024,0.4027,0.4029,0.4031,0.4034,0.4036,0.4038,0.4041,0.4043,0.4045,0.4048,0.4051,0.4053,0.4056,0.4059,0.4062,0.4064,0.4067,0.407,0.4073,0.4075,0.4078,0.4081,0.4084,0.4086,0.4089,0.4092,0.4095,0.4097,0.41,0.4103,0.4106,0.4102,0.4088,0.4074,0.4061,0.4047,0.4033,0.402,0.4007,0.3994,0.3981,0.3971,0.397,0.3968,0.3967,0.3966,0.3965,0.3964,0.3963,0.3962,0.3961,0.3959,0.3958,0.3957,0.3956,0.3955,0.3954,0.3953,0.3952,0.3951,0.3949,0.3948,0.3947,0.3946,0.3945,0.3944,0.3943,0.3942,0.394,0.3939,0.3938,0.3937,0.3936,0.3935,0.3934
0.5045,0.5089,0.5108,0.5126,0.5146,0.5168,0.519,0.5198,0.5205,0.5213,0.5217,0.5219,0.5221,0.5223,0.5225,0.5227,0.5225,0.522,0.5215,0.5213,0.5221,0.5229,0.5237,0.5252,0.5266,0.528,0.5295,0.531,0.5324,0.5339,0.5354,0.5369,0.5384,0.5399,0.5416,0.5433,0.545,0.5467,0.5485,0.5502,0.552,0.5538,0.5555,0.5573,0.5591,0.561,0.5628,0.5646,0.5665,0.5679,0.569,0.5701,0.5712,0.5723,0.5734,0.5742,0.5751,0.5759,0.5766,0.577,0.5774,0.5777,0.5781,0.5784,0.5788,0.5791,0.5794,0.5798,0.5801,0.5044,0.5047,0.5811,0.5814,0.4381,0.426,0.4146,0.4045,0.404,0.4034,0.4029,0.4023,0.4018,0.4012,0.4007,0.4001,0.3996,0.3991,0.3985,0.398,0.3974,0.3969,0.3966,0.3965,0.3964,0.3963,0.3961,0.396,0.0523,0.0517,0.0515,0.0514,0.0514,0.0513,0.0513,0.0512,0.0512,0.0511,0.0511,0.0511,0.051,0.051,0.0511,0.0511,0.0511,0.0511,0.0511,0.0511,0.0511,0.0512,0.0512,0.0512,0.0512,0.0512,0.0512,0.0512,0.0512,0.0513,0.0513,0.0513,0.0513,0.0513,0.0513,0.0513,0.0513,0.0513,0.0513,0.0513,0.0513,0.0513,0.0513,0.0513,0.0513,0.0513,0.0513,0.0513,0.0513,0.0513,0.0513,0.0513,0.0513,0.0513,0.0513,0.0513,0.0514,0.0514,0.0515,0.0515,0.0517,0.0524,0.4039,0.4037,0.4035,0.4033,0.4031,0.4029,0.4027,0.4025,0.4023,0.4019,0.4015,0.4011,0.4013,0.4015,0.4018,0.402,0.4022,0.4025,0.4027,0.4029,0.4032,0.4034,0.4036,0.4039,0.4041,0.4043,0.4046,0.4048,0.4051,0.4053,0.4056,0.4058,0.4061,0.4064,0.4067,0.4069,0.4072,0.4075,0.4078,0.408,0.4083,0.4086,0.4089,0.4091,0.4094,0.4097,0.41,0.4102,0.4105,0.4108,0.4111,0.4102,0.4089,0.4075,0.4061,0.4048,0.4034,0.4021,0.4007,0.3994,0.3981,0.3974,0.3973,0.3972,0.3971,0.3969,0.3968,0.3967,0.3966,0.3965,0.3964,0.3963,0.3962,0.396,0.3959,0.3958,0.3957,0.3956,0.3955,0.3954,0.3953,0.3952,0.395,0.3949,0.3948,0.3947,0.3946,0.3945,0.3944,0.3943,0.3942,0.394,0.3939,0.3938,0.3937,0.3936,0.3935
0.5038,0.5078,0.5117,0.5135,0.5155,0.5177,0.52,0.5219,0.5226,0.5233,0.5241,0.5248,0.5251,0.5252,0.5254,0.5256,0.5255,0.525,0.5245,0.5252,0.526,0.5268,0.5276,0.5288,0.5302,0.5317,0.5331,0.5346,0.5361,0.5376,0.5391,0.5406,0.5421,0.5438,0.5455,0.5472,0.549,0.5507,0.5525,0.5543,0.556,0.5578,0.5597,0.5615,0.5633,0.5652,0.567,0.5685,0.5696,0.5707,0.5717,0.5728,0.5739,0.575,0.576,0.5769,0.5778,0.5786,0.5795,0.58,0.5804,0.5807,0.5811,0.5815,0.5819,0.5822,0.5825,0.5829,0.5047,0.505,0.5053,0.5056,0.506,0.5847,0.4346,0.4227,0.4046,0.404,0.4035,0.4029,0.4024,0.4018,0.4013,0.4007,0.4002,0.3997,0.3991,0.3986,0.398,0.3975,0.397,0.3967,0.3966,0.3964,0.3963,0.3962,0.3961,0.0529,0.0523,0.0519,0.0519,0.0518,0.0518,0.0517,0.0517,0.0516,0.0516,0.0515,0.0515,0.0515,0.0515,0.0515,0.0515,0.0515,0.0515,0.0516,0.0516,0.0516,0.0516,0.0516,0.0516,0.0516,0.0516,0.0517,0.0517,0.0517,0.0517,0.0517,0.0517,0.0517,0.0517,0.0517,0.0517,0.0517,0.0517,0.0517,0.0517,0.0517,0.0517,0.0517,0.0517,0.0517,0.0517,0.0517,0.0517,0.0518,0.0518,0.0518,0.0518,0.0518,0.0518,0.0518,0.0518,0.0518,0.0519,0.0519,0.052,0.0523,0.404,0.4038,0.4036,0.4034,0.4032,0.403,0.4028,0.4026,0.4023,0.4019,0.4016,0.4018,0.402,0.4023,0.4025,0.4027,0.403,0.4032,0.4034,0.4037,0.4039,0.4041,0.4044,0.4046,0.4049,0.4051,0.4053,0.4056,0.4058,0.4061,0.4063,0.4066,0.4069,0.4071,0.4074,0.4077,0.408,0.4082,0.4085,0.4088,0.4091,0.4094,0.4096,0.4099,0.4102,0.4105,0.4107,0.411,0.4113,0.4116,0.4103,0.4089,0.4075,0.4062,0.4048,0.4035,0.4021,0.4008,0.3995,0.3982,0.3978,0.3976,0.3975,0.3974,0.3973,0.3972,0.3971,0.3969,0.3968,0.3967,0.3966,0.3965,0.3964,0.3963,0.3962,0.396,0.3959,0.3958,0.3957,0.3956,0.3955,0.3954,0.3953,0.3951,0.395,0.3949,0.3948,0.3947,0.3946,0.3945,0.3944,0.3943,0.3941,0.394,0.3939,0.3938,0.3937,0.3936
0.5047,0.5076,0.5112,0.5144,0.5164,0.5186,0.5209,0.5231,0.5247,0.5254,0.5262,0.5269,0.5276,0.5282,0.5284,0.5286,0.5286,0.5281,0.5284,0.5292,0.53,0.5308,0.5316,0.5325,0.5339,0.5354,0.5368,0.5383,0.5399,0.5414,0.5429,0.5444,0.546,0.5477,0.5494,0.5512,0.553,0.5548,0.5565,0.5583,0.5602,0.562,0.5638,0.5657,0.5675,0.5691,0.5701,0.5712,0.5723,0.5734,0.5745,0.5756,0.5767,0.5779,0.5787,0.5796,0.5805,0.5814,0.5822,0.583,0.5834,0.5838,0.5842,0.5845,0.5849,0.5853,0.5857,0.586,0.5064,0.5055,0.5059,0.5062,0.5066,0.5069,0.4436,0.4312,0.4046,0.4041,0.4036,0.403,0.4024,0.4019,0.4014,0.4008,0.4003,0.3997,0.3992,0.3986,0.3981,0.3976,0.397,0.3968,0.3966,0.3965,0.3964,0.3963,0.3962,0.0536,0.0529,0.0524,0.0523,0.0523,0.0522,0.0522,0.0521,0.0521,0.052,0.052,0.0519,0.0519,0.0519,0.0519,0.052,0.052,0.052,0.052,0.052,0.052,0.052,0.052,0.0521,0.0521,0.0521,0.0521,0.0521,0.0521,0.0521,0.0521,0.0521,0.0521,0.0522,0.0522,0.0522,0.0522,0.0522,0.0522,0.0522,0.0522,0.0522,0.0522,0.0522,0.0522,0.0522,0.0522,0.0522,0.0522,0.0522,0.0522,0.0522,0.0522,0.0522,0.0522,0.0522,0.0523,0.0523,0.0524,0.0524,0.0529,0.4039,0.4037,0.4035,0.4033,0.4031,0.4029,0.4026,0.4023,0.4021,0.4023,0.4025,0.4028,0.403,0.4032,0.4035,0.4037,0.4039,0.4042,0.4044,0.4046,0.4049,0.4051,0.4054,0.4056,0.4058,0.4061,0.4063,0.4066,0.4068,0.4071,0.4074,0.4076,0.4079,0.4082,0.4085,0.4087,0.409,0.4093,0.4096,0.4099,0.4101,0.4104,0.4107,0.411,0.4113,0.4115,0.4118,0.4118,0.4104,0.409,0.4076,0.4062,0.4049,0.4035,0.4022,0.4009,0.3995,0.3985,0.3984,0.3983,0.3983,0.3981,0.3979,0.3978,0.3976,0.3975,0.3973,0.3972,0.397,0.3968,0.3967,0.3966,0.3965,0.3964,0.3963,0.3961,0.396,0.3959,0.3958,0.3957,0.3956,0.3955,0.3954,0.3952,0.3951,0.395,0.3949,0.3948,0.3947,0.3946,0.3945,0.3944,0.3942,0.3941,0.394,0.3939,0.3938,0.3937
0.5056,0.5085,0.5115,0.5147,0.5173,0.5196,0.5218,0.5241,0.5264,0.5275,0.5283,0.529,0.5298,0.5305,0.5313,0.5316,0.5317,0.5316,0.5324,0.5332,0.534,0.5349,0.5357,0.5365,0.5376,0.5391,0.5406,0.5421,0.5437,0.5452,0.5467,0.5483,0.5499,0.5517,0.5535,0.5553,0.557,0.5589,0.5607,0.5625,0.5643,0.5662,0.5681,0.5696,0.5707,0.5718,0.5729,0.574,0.5751,0.5762,0.5773,0.5784,0.5796,0.5806,0.5815,0.5824,0.5832,0.5841,0.585,0.5859,0.5865,0.5869,0.5872,0.5876,0.588,0.5884,0.5888,0.5892,0.5102,0.5062,0.5064,0.5068,0.5071,0.5075,0.5078,0.4401,0.4045,0.4041,0.4036,0.4031,0.4025,0.402,0.4014,0.4009,0.4003,0.3998,0.3992,0.3987,0.3982,0.3976,0.3971,0.3968,0.3967,0.3966,0.3965,0.3964,0.3963,0.3962,0.0536,0.0529,0.0528,0.0528,0.0527,0.0526,0.0526,0.0525,0.0525,0.0524,0.0524,0.0524,0.0524,0.0524,0.0524,0.0524,0.0524,0.0524,0.0525,0.0525,0.0525,0.0525,0.0525,0.0525,0.0525,0.0526,0.0526,0.0526,0.0526,0.0526,0.0526,0.0526,0.0526,0.0526,0.0526,0.0526,0.0526,0.0526,0.0526,0.0526,0.0526,0.0526,0.0526,0.0526,0.0526,0.0526,0.0526,0.0526,0.0526,0.0526,0.0526,0.0526,0.0526,0.0527,0.0527,0.0527,0.0528,0.0528,0.0529,0.0536,0.4039,0.4037,0.4035,0.4033,0.403,0.4026,0.4026,0.4028,0.403,0.4033,0.4035,0.4037,0.404,0.4042,0.4044,0.4047,0.4049,0.4052,0.4054,0.4056,0.4059,0.4061,0.4063,0.4066,0.4068,0.4071,0.4073,0.4076,0.4079,0.4081,0.4084,0.4087,0.409,0.4092,0.4095,0.4098,0.4101,0.4104,0.4106,0.4109,0.4112,0.4115,0.4118,0.412,0.4123,0.4118,0.4104,0.409,0.4077,0.4063,0.4049,0.4036,0.4023,0.4009,0.3997,0.399,0.3989,0.3988,0.3988,0.3988,0.3987,0.3986,0.3984,0.3982,0.3981,0.3979,0.3978,0.3976,0.3975,0.3973,0.3971,0.397,0.3968,0.3967,0.3965,0.3964,0.3962,0.396,0.3959,0.3958,0.3957,0.3956,0.3955,0.3954,0.3952,0.3951,0.395,0.3949,0.3948,0.3947,0.3946,0.3945,0.3943,0.3942,0.3941,0.394,0.3939,0.3938
0.5065,0.5094,0.5124,0.5154,0.5183,0.5205,0.5227,0.525,0.5273,0.5296,0.5304,0.5312,0.5319,0.5327,0.5334,0.5342,0.5348,0.5356,0.5365,0.5373,0.5381,0.539,0.5398,0.5407,0.5415,0.5429,0.5444,0.5459,0.5475,0.5491,0.5506,0.5522,0.554,0.5558,0.5575,0.5594,0.5612,0.563,0.5649,0.5667,0.5686,0.5702,0.5713,0.5724,0.5735,0.5746,0.5757,0.5768,0.5779,0.579,0.5802,0.5813,0.5824,0.5834,0.5842,0.5851,0.586,0.5869,0.5878,0.5887,0.5896,0.59,0.5903,0.5907,0.5911,0.5915,0.5919,0.5923,0.5139,0.5083,0.5069,0.5073,0.5076,0.508,0.5084,0.5087,0.4045,0.4041,0.4037,0.4031,0.4026,0.402,0.4015,0.4009,0.4004,0.3998,0.3993,0.3988,0.3982,0.3977,0.3971,0.3969,0.3968,0.3967,0.3966,0.3965,0.3964,0.3963,0.0542,0.0535,0.0533,0.0532,0.0532,0.0531,0.053,0.053,0.0529,0.0529,0.0529,0.0528,0.0528,0.0528,0.0529,0.0529,0.0529,0.0529,0.0529,0.0529,0.0529,0.053,0.053,0.053,0.053,0.053,0.053,0.053,0.053,0.053,0.053,0.053,0.053,0.053,0.0531,0.0531,0.0531,0.0531,0.0531,0.0531,0.0531,0.0531,0.0531,0.0531,0.0531,0.0531,0.0531,0.0531,0.0531,0.0531,0.0531,0.0531,0.0531,0.0531,0.0531,0.0532,0.0533,0.0533,0.0536,0.0544,0.4038,0.4036,0.4034,0.403,0.4031,0.4033,0.4035,0.4038,0.404,0.4042,0.4045,0.4047,0.405,0.4052,0.4054,0.4057,0.4059,0.4061,0.4064,0.4066,0.4069,0.4071,0.4073,0.4076,0.4078,0.4081,0.4084,0.4086,0.4089,0.4092,0.4095,0.4098,0.41,0.4103,0.4106,0.4109,0.4111,0.4114,0.4117,0.412,0.4123,0.4125,0.4128,0.4119,0.4105,0.4091,0.4077,0.4064,0.405,0.4037,0.4023,0.401,0.4001,0.3996,0.3995,0.3994,0.3993,0.3993,0.3993,0.3992,0.3992,0.399,0.3989,0.3987,0.3985,0.3984,0.3982,0.3981,0.3979,0.3978,0.3976,0.3974,0.3973,0.3971,0.397,0.3968,0.3967,0.3965,0.3963,0.3962,0.396,0.3959,0.3957,0.3956,0.3954,0.3952,0.3951,0.395,0.3949,0.3948,0.3947,0.3946,0.3945,0.3943,0.3942,0.3941,0.394,0.3939
0.5074,0.5103,0.5133,0.5163,0.5196,0.5217,0.5238,0.526,0.5283,0.5306,0.5326,0.5333,0.5341,0.5348,0.5356,0.5368,0.5381,0.5394,0.5406,0.5415,0.5423,0.5432,0.544,0.5449,0.5457,0.5467,0.5483,0.5498,0.5514,0.553,0.5546,0.5563,0.5581,0.5599,0.5617,0.5635,0.5654,0.5672,0.5691,0.5708,0.5719,0.573,0.5741,0.5752,0.5763,0.5774,0.5785,0.5796,0.5807,0.5819,0.583,0.5842,0.5852,0.5861,0.587,0.5879,0.5888,0.5897,0.5906,0.5915,0.5924,0.5931,0.5935,0.5939,0.5943,0.5947,0.5951,0.5955,0.5177,0.5104,0.5083,0.5078,0.5081,0.5085,0.5089,0.5092,0.4457,0.4041,0.4037,0.4032,0.4026,0.4021,0.4015,0.401,0.4004,0.3999,0.3994,0.3988,0.3983,0.3977,0.3972,0.397,0.3969,0.3968,0.3967,0.3966,0.3965,0.3964,0.0549,0.0542,0.0538,0.0537,0.0536,0.0536,0.0535,0.0535,0.0534,0.0534,0.0533,0.0533,0.0533,0.0533,0.0533,0.0533,0.0534,0.0534,0.0534,0.0534,0.0534,0.0534,0.0534,0.0535,0.0535,0.0535,0.0535,0.0535,0.0535,0.0535,0.0535,0.0535,0.0535,0.0535,0.0535,0.0535,0.0535,0.0535,0.0535,0.0535,0.0535,0.0535,0.0535,0.0535,0.0535,0.0535,0.0535,0.0535,0.0536,0.0536,0.0536,0.0536,0.0536,0.0536,0.0536,0.0537,0.0537,0.0538,0.0542,0.4039,0.4037,0.4034,0.4036,0.4038,0.404,0.4043,0.4045,0.4047,0.405,0.4052,0.4055,0.4057,0.4059,0.4062,0.4064,0.4067,0.4069,0.4071,0.4074,0.4076,0.4079,0.4081,0.4083,0.4086,0.4089,0.4091,0.4094,0.4097,0.41,0.4103,0.4105,0.4108,0.4111,0.4114,0.4117,0.4119,0.4122,0.4125,0.4128,0.4131,0.4133,0.4119,0.4106,0.4092,0.4078,0.4064,0.4051,0.4037,0.4024,0.4013,0.4006,0.4002,0.4001,0.4,0.3999,0.3998,0.3998,0.3997,0.3997,0.3997,0.3996,0.3995,0.3993,0.3992,0.399,0.3988,0.3987,0.3985,0.3984,0.3982,0.3981,0.3979,0.3977,0.3976,0.3974,0.3973,0.3971,0.397,0.3968,0.3966,0.3965,0.3963,0.3962,0.396,0.3959,0.3957,0.3955,0.3954,0.3952,0.3951,0.3949,0.3948,0.3946,0.3945,0.3943,0.3942,0.3941,0.394
0.4580,0.5112,0.5142,0.5173,0.5212,0.5232,0.5253,0.5273,0.5295,0.5316,0.5339,0.5355,0.5363,0.5375,0.5388,0.5401,0.5414,0.5427,0.5441,0.5454,0.5465,0.5474,0.5483,0.5491,0.55,0.5509,0.5522,0.5538,0.5554,0.557,0.5586,0.5604,0.5622,0.564,0.5659,0.5678,0.5696,0.5713,0.5724,0.5735,0.5746,0.5757,0.5768,0.578,0.5791,0.5802,0.5813,0.5825,0.5836,0.5848,0.5859,0.587,0.588,0.5889,0.5898,0.5907,0.5916,0.5926,0.5935,0.5944,0.5953,0.5962,0.5967,0.5971,0.5975,0.5979,0.5983,0.5987,0.5216,0.5132,0.5104,0.5084,0.5087,0.509,0.5094,0.5097,0.5101,0.4041,0.4037,0.4032,0.4027,0.4021,0.4016,0.4011,0.4005,0.4,0.3994,0.3989,0.3983,0.3978,0.3973,0.3971,0.397,0.3969,0.3968,0.3967,0.3966,0.3965,0.0555,0.0549,0.0543,0.0542,0.0541,0.0541,0.054,0.0539,0.0539,0.0538,0.0538,0.0538,0.0538,0.0538,0.0538,0.0538,0.0538,0.0538,0.0539,0.0539,0.0539,0.0539,0.0539,0.0539,0.054,0.054,0.054,0.054,0.054,0.054,0.054,0.054,0.054,0.054,0.054,0.054,0.054,0.054,0.054,0.054,0.054,0.054,0.054,0.054,0.054,0.054,0.054,0.054,0.054,0.054,0.054,0.054,0.054,0.0541,0.0541,0.0542,0.0542,0.0543,0.0549,0.4038,0.4041,0.4043,0.4045,0.4048,0.405,0.4053,0.4055,0.4057,0.406,0.4062,0.4065,0.4067,0.4069,0.4072,0.4074,0.4077,0.4079,0.4081,0.4084,0.4086,0.4089,0.4091,0.4094,0.4096,0.4099,0.4102,0.4105,0.4108,0.411,0.4113,0.4116,0.4119,0.4122,0.4124,0.4127,0.413,0.4133,0.4136,0.4134,0.412,0.4106,0.4092,0.4079,0.4065,0.4051,0.4038,0.4025,0.4018,0.401,0.4008,0.4007,0.4006,0.4005,0.4004,0.4003,0.4002,0.4002,0.4002,0.4002,0.4002,0.4001,0.3999,0.3998,0.3996,0.3995,0.3993,0.3992,0.399,0.3988,0.3987,0.3985,0.3984,0.3982,0.398,0.3979,0.3977,0.3976,0.3974,0.3973,0.3971,0.3969,0.3968,0.3966,0.3965,0.3963,0.3962,0.396,0.3958,0.3957,0.3955,0.3954,0.3952,0.3951,0.3949,0.3947,0.3946,0.3944,0.3943
0.4561,0.5122,0.5152,0.5182,0.5223,0.525,0.527,0.5291,0.5312,0.5333,0.5355,0.5376,0.5393,0.5408,0.5421,0.5434,0.5448,0.5461,0.5474,0.5488,0.5501,0.5515,0.5526,0.5535,0.5544,0.5553,0.5562,0.5578,0.5594,0.561,0.5627,0.5646,0.5664,0.5683,0.5702,0.5719,0.573,0.5741,0.5752,0.5763,0.5774,0.5786,0.5797,0.5808,0.5819,0.5831,0.5842,0.5853,0.5864,0.5875,0.5886,0.5897,0.5907,0.5918,0.5927,0.5936,0.5945,0.5954,0.5963,0.5973,0.5982,0.5991,0.5999,0.6003,0.6007,0.6011,0.6015,0.6019,0.5255,0.517,0.5125,0.5105,0.5092,0.5095,0.5099,0.5103,0.5105,0.404,0.4037,0.4033,0.4028,0.4022,0.4017,0.4011,0.4006,0.4,0.3995,0.3989,0.3984,0.3979,0.3973,0.3972,0.3971,0.397,0.3969,0.3968,0.3967,0.3966,0.3964,0.0555,0.0548,0.0547,0.0546,0.0546,0.0545,0.0544,0.0544,0.0543,0.0543,0.0542,0.0543,0.0543,0.0543,0.0543,0.0543,0.0543,0.0543,0.0544,0.0544,0.0544,0.0544,0.0544,0.0544,0.0544,0.0544,0.0544,0.0544,0.0544,0.0544,0.0544,0.0544,0.0545,0.0545,0.0545,0.0545,0.0545,0.0545,0.0545,0.0545,0.0545,0.0545,0.0545,0.0545,0.0545,0.0545,0.0545,0.0545,0.0545,0.0545,0.0545,0.0545,0.0545,0.0546,0.0547,0.0547,0.0549,0.0557,0.4048,0.4051,0.4053,0.4055,0.4058,0.406,0.4062,0.4065,0.4067,0.407,0.4072,0.4074,0.4077,0.4079,0.4082,0.4084,0.4086,0.4089,0.4091,0.4094,0.4096,0.4099,0.4101,0.4104,0.4107,0.411,0.4113,0.4115,0.4118,0.4121,0.4124,0.4127,0.413,0.4132,0.4135,0.4138,0.4141,0.4135,0.4121,0.4107,0.4093,0.4079,0.4066,0.4052,0.4038,0.403,0.4022,0.4015,0.4013,0.4012,0.4011,0.401,0.401,0.4009,0.4008,0.4007,0.4007,0.4007,0.4007,0.4007,0.4007,0.4006,0.4004,0.4003,0.4001,0.3999,0.3998,0.3996,0.3995,0.3993,0.3991,0.399,0.3988,0.3987,0.3985,0.3983,0.3982,0.398,0.3979,0.3977,0.3976,0.3974,0.3972,0.3971,0.3969,0.3968,0.3966,0.3965,0.3963,0.3961,0.396,0.3958,0.3957,0.3955,0.3954,0.3952,0.395,0.3948,0.3945
0.4542,0.5131,0.5161,0.5198,0.5229,0.5261,0.5288,0.5309,0.533,0.5352,0.5373,0.5395,0.5414,0.543,0.5446,0.5462,0.5478,0.5494,0.5508,0.5522,0.5536,0.5549,0.5563,0.5577,0.5588,0.5597,0.5606,0.5618,0.5635,0.5651,0.5669,0.5688,0.5707,0.5725,0.5736,0.5747,0.5758,0.5769,0.578,0.5791,0.5803,0.5814,0.5825,0.5836,0.5846,0.5857,0.5868,0.5879,0.589,0.5901,0.5912,0.5928,0.5933,0.5944,0.5955,0.5965,0.5974,0.5983,0.5992,0.6002,0.6011,0.602,0.603,0.6035,0.6039,0.6043,0.6047,0.6052,0.5282,0.5209,0.5147,0.5126,0.5105,0.51,0.5104,0.5108,0.5104,0.404,0.4036,0.4032,0.4028,0.4023,0.4017,0.4012,0.4006,0.4001,0.3995,0.399,0.3985,0.3979,0.3974,0.3973,0.3972,0.3971,0.397,0.3969,0.3968,0.3966,0.3965,0.0562,0.0555,0.0552,0.0551,0.0551,0.055,0.0549,0.0549,0.0548,0.0548,0.0547,0.0548,0.0548,0.0548,0.0548,0.0548,0.0548,0.0548,0.0549,0.0549,0.0549,0.0549,0.0549,0.0549,0.0549,0.0549,0.0549,0.0549,0.0549,0.0549,0.0549,0.0549,0.0549,0.0549,0.0549,0.0549,0.0549,0.055,0.055,0.055,0.055,0.055,0.055,0.055,0.055,0.055,0.055,0.055,0.055,0.055,0.055,0.055,0.0551,0.0551,0.0552,0.0552,0.0556,0.4056,0.4058,0.406,0.4063,0.4065,0.4068,0.407,0.4072,0.4075,0.4077,0.408,0.4082,0.4084,0.4087,0.4089,0.4092,0.4094,0.4097,0.4099,0.4101,0.4104,0.4107,0.4109,0.4112,0.4115,0.4118,0.4121,0.4123,0.4126,0.4129,0.4132,0.4135,0.4137,0.414,0.4143,0.4146,0.4135,0.4121,0.4107,0.4094,0.408,0.4066,0.4053,0.4042,0.4034,0.4027,0.402,0.4019,0.4018,0.4017,0.4016,0.4015,0.4014,0.4013,0.4013,0.4012,0.4012,0.4012,0.4012,0.4012,0.4011,0.4011,0.401,0.4009,0.4007,0.4006,0.4004,0.4002,0.4001,0.3999,0.3998,0.3996,0.3994,0.3993,0.3991,0.399,0.3988,0.3986,0.3985,0.3983,0.3982,0.398,0.3979,0.3977,0.3975,0.3974,0.3972,0.3971,0.3969,0.3967,0.3966,0.3964,0.3963,0.3961,0.396,0.3958,0.3955,0.3952,0.395,0.3947
0.4524,0.4568,0.517,0.5204,0.5235,0.5267,0.5299,0.5327,0.5348,0.537,0.5392,0.5413,0.5435,0.5452,0.5468,0.5484,0.55,0.5517,0.5533,0.555,0.5566,0.5583,0.5598,0.5612,0.5627,0.5641,0.5651,0.566,0.5676,0.5693,0.5712,0.5731,0.5742,0.5753,0.5764,0.5775,0.5786,0.5797,0.5807,0.5818,0.5829,0.584,0.5851,0.5861,0.5872,0.5883,0.5894,0.5905,0.5916,0.5928,0.5939,0.596,0.5967,0.597,0.5981,0.5992,0.6003,0.6012,0.6022,0.6031,0.6041,0.605,0.606,0.6068,0.6072,0.6076,0.608,0.6085,0.5309,0.5248,0.5168,0.5147,0.5126,0.5106,0.5109,0.5113,0.5102,0.404,0.4036,0.4032,0.4028,0.4023,0.4018,0.4012,0.4007,0.4001,0.3996,0.3991,0.3985,0.398,0.3975,0.3974,0.3973,0.3972,0.3971,0.397,0.3968,0.3967,0.3966,0.0569,0.0562,0.0557,0.0557,0.0556,0.0555,0.0555,0.0554,0.0553,0.0553,0.0552,0.0553,0.0553,0.0553,0.0553,0.0553,0.0553,0.0553,0.0554,0.0554,0.0554,0.0554,0.0554,0.0554,0.0554,0.0554,0.0554,0.0554,0.0554,0.0554,0.0554,0.0554,0.0554,0.0554,0.0554,0.0554,0.0554,0.0554,0.0554,0.0555,0.0555,0.0555,0.0555,0.0555,0.0555,0.0555,0.0555,0.0555,0.0555,0.0555,0.0555,0.0555,0.0556,0.0556,0.0557,0.0558,0.0563,0.4066,0.4068,0.407,0.4073,0.4075,0.4078,0.408,0.4082,0.4085,0.4087,0.409,0.4092,0.4094,0.4097,0.4099,0.4102,0.4104,0.4107,0.4109,0.4112,0.4114,0.4117,0.412,0.4123,0.4126,0.4128,0.4131,0.4134,0.4137,0.414,0.4143,0.4145,0.4148,0.415,0.4136,0.4122,0.4108,0.4094,0.408,0.4067,0.4054,0.4046,0.4039,0.4031,0.4026,0.4025,0.4024,0.4023,0.4022,0.4021,0.402,0.4019,0.4018,0.4017,0.4017,0.4017,0.4017,0.4017,0.4016,0.4016,0.4016,0.4016,0.4015,0.4013,0.4012,0.401,0.4009,0.4007,0.4005,0.4004,0.4002,0.4001,0.3999,0.3997,0.3996,0.3994,0.3993,0.3991,0.3989,0.3988,0.3986,0.3985,0.3983,0.3982,0.398,0.3978,0.3977,0.3975,0.3974,0.3972,0.397,0.3969,0.3967,0.3965,0.3962,0.396,0.3957,0.3954,0.3951,0.3949
0.4506,0.4548,0.5172,0.521,0.5242,0.5274,0.5306,0.5338,0.5367,0.5388,0.541,0.5432,0.5454,0.5474,0.549,0.5507,0.5523,0.5539,0.5556,0.5573,0.5589,0.5606,0.5623,0.564,0.5657,0.5675,0.5691,0.5706,0.5718,0.5736,0.5747,0.5758,0.5769,0.5779,0.579,0.5801,0.5811,0.5822,0.5833,0.5844,0.5855,0.5865,0.5876,0.5887,0.5898,0.5909,0.592,0.5932,0.5943,0.5954,0.5966,0.5992,0.6007,0.5996,0.6008,0.6019,0.603,0.6041,0.6051,0.6061,0.607,0.608,0.609,0.6099,0.6105,0.611,0.6114,0.6118,0.6122,0.528,0.5201,0.5169,0.5148,0.5127,0.5114,0.5116,0.51,0.5086,0.4036,0.4032,0.4028,0.4024,0.4018,0.4013,0.4008,0.4002,0.3997,0.3991,0.3986,0.398,0.3976,0.3975,0.3974,0.3973,0.3972,0.397,0.3969,0.3968,0.3967,0.3966,0.0569,0.0563,0.0562,0.0561,0.0561,0.056,0.0559,0.0559,0.0558,0.0558,0.0558,0.0558,0.0558,0.0558,0.0558,0.0558,0.0559,0.0559,0.0559,0.0559,0.0559,0.0559,0.0559,0.0559,0.0559,0.0559,0.0559,0.0559,0.0559,0.0559,0.0559,0.0559,0.0559,0.0559,0.0559,0.0559,0.0559,0.056,0.056,0.056,0.056,0.056,0.056,0.056,0.056,0.056,0.056,0.056,0.056,0.056,0.056,0.0561,0.0562,0.0562,0.0563,0.0571,0.4075,0.4078,0.408,0.4083,0.4085,0.4088,0.409,0.4092,0.4095,0.4097,0.41,0.4102,0.4105,0.4107,0.4109,0.4112,0.4114,0.4117,0.4119,0.4122,0.4125,0.4128,0.4131,0.4134,0.4136,0.4139,0.4142,0.4145,0.4148,0.4151,0.4153,0.4151,0.4137,0.4123,0.4109,0.4095,0.4081,0.4067,0.4058,0.4051,0.4043,0.4036,0.4032,0.4031,0.403,0.4029,0.4028,0.4027,0.4026,0.4025,0.4024,0.4023,0.4022,0.4022,0.4022,0.4022,0.4022,0.4021,0.4021,0.4021,0.4021,0.4021,0.402,0.4018,0.4016,0.4015,0.4013,0.4012,0.401,0.4008,0.4007,0.4005,0.4004,0.4002,0.4,0.3999,0.3997,0.3996,0.3994,0.3992,0.3991,0.3989,0.3988,0.3986,0.3985,0.3983,0.3981,0.398,0.3978,0.3977,0.3975,0.3973,0.397,0.3967,0.3964,0.3962,0.3959,0.3956,0.3953,0.395
0.4487,0.453,0.4576,0.5206,0.5248,0.528,0.5312,0.5345,0.5378,0.5407,0.5429,0.5451,0.5473,0.5496,0.5513,0.5529,0.5546,0.5562,0.5579,0.5596,0.5613,0.563,0.5647,0.5664,0.5681,0.5699,0.5716,0.5734,0.5754,0.5762,0.5773,0.5783,0.5794,0.5805,0.5815,0.5826,0.5837,0.5848,0.5859,0.5869,0.588,0.5891,0.5902,0.5914,0.5925,0.5936,0.5947,0.5958,0.5969,0.5981,0.5998,0.6024,0.6048,0.6023,0.6034,0.6045,0.6057,0.6068,0.608,0.6091,0.61,0.611,0.612,0.613,0.6139,0.6143,0.6147,0.6152,0.6156,0.5307,0.5241,0.519,0.5169,0.5148,0.5127,0.5115,0.5102,0.5089,0.4035,0.4032,0.4028,0.4024,0.4019,0.4014,0.4008,0.4003,0.3997,0.3992,0.3986,0.3981,0.3977,0.3976,0.3975,0.3973,0.3972,0.3971,0.397,0.3969,0.3968,0.3967,0.0576,0.0569,0.0567,0.0567,0.0566,0.0565,0.0564,0.0564,0.0563,0.0563,0.0563,0.0563,0.0563,0.0563,0.0563,0.0564,0.0564,0.0564,0.0564,0.0564,0.0564,0.0564,0.0564,0.0564,0.0564,0.0564,0.0564,0.0564,0.0564,0.0564,0.0564,0.0564,0.0564,0.0564,0.0565,0.0565,0.0565,0.0565,0.0565,0.0565,0.0565,0.0565,0.0565,0.0565,0.0565,0.0565,0.0565,0.0565,0.0565,0.0565,0.0566,0.0566,0.0567,0.0568,0.057,0.4083,0.4085,0.4088,0.409,0.4093,0.4095,0.4098,0.41,0.4102,0.4105,0.4107,0.411,0.4112,0.4115,0.4117,0.412,0.4122,0.4125,0.4127,0.413,0.4133,0.4136,0.4139,0.4141,0.4144,0.4147,0.415,0.4153,0.4156,0.4159,0.4152,0.4137,0.4123,0.4109,0.4096,0.4082,0.407,0.4063,0.4055,0.4048,0.4041,0.4037,0.4037,0.4036,0.4035,0.4034,0.4033,0.4032,0.4031,0.403,0.4029,0.4028,0.4027,0.4027,0.4027,0.4027,0.4026,0.4026,0.4026,0.4026,0.4026,0.4026,0.4025,0.4024,0.4023,0.4021,0.402,0.4018,0.4016,0.4015,0.4013,0.4011,0.401,0.4008,0.4007,0.4005,0.4003,0.4002,0.4,0.3999,0.3997,0.3995,0.3994,0.3992,0.3991,0.3989,0.3988,0.3986,0.3984,0.3983,0.398,0.3977,0.3975,0.3972,0.3969,0.3966,0.3963,0.3961,0.3958,0.3955,0.3952
0.4470,0.4512,0.4556,0.5184,0.5235,0.528,0.5319,0.5351,0.5385,0.5418,0.5448,0.547,0.5492,0.5515,0.5536,0.5552,0.5569,0.5585,0.5602,0.5619,0.5636,0.5653,0.567,0.5688,0.5705,0.5723,0.574,0.5761,0.4851,0.5788,0.5798,0.5809,0.5819,0.583,0.5841,0.5852,0.5863,0.5874,0.5884,0.5895,0.5907,0.5918,0.5929,0.594,0.5951,0.5962,0.5974,0.5985,0.5996,0.6008,0.6031,0.6056,0.6083,0.6052,0.6061,0.6072,0.6084,0.6095,0.6107,0.6119,0.613,0.6141,0.615,0.616,0.617,0.6177,0.6182,0.6186,0.619,0.5334,0.5278,0.5212,0.5191,0.517,0.5149,0.5122,0.5105,0.5092,0.4035,0.4031,0.4028,0.4024,0.402,0.4014,0.4009,0.4003,0.3998,0.3992,0.3987,0.3982,0.3978,0.3977,0.3975,0.3974,0.3973,0.3972,0.3971,0.397,0.3969,0.3968,0.0584,0.0577,0.0573,0.0572,0.0571,0.0571,0.057,0.0569,0.0569,0.0568,0.0568,0.0568,0.0568,0.0569,0.0569,0.0569,0.0569,0.0569,0.0569,0.0569,0.0569,0.0569,0.0569,0.0569,0.0569,0.0569,0.0569,0.057,0.057,0.057,0.057,0.057,0.057,0.057,0.057,0.057,0.057,0.057,0.057,0.057,0.057,0.057,0.057,0.057,0.057,0.057,0.057,0.057,0.057,0.0571,0.0571,0.0572,0.0572,0.0573,0.0578,0.4093,0.4095,0.4098,0.41,0.4103,0.4105,0.4108,0.411,0.4113,0.4115,0.4117,0.412,0.4122,0.4125,0.4127,0.413,0.4132,0.4135,0.4138,0.4141,0.4144,0.4147,0.4149,0.4152,0.4155,0.4158,0.4161,0.4164,0.4152,0.4138,0.4124,0.411,0.4096,0.4083,0.4075,0.4068,0.406,0.4053,0.4045,0.4043,0.4042,0.4041,0.404,0.404,0.4039,0.4038,0.4037,0.4036,0.4035,0.4034,0.4033,0.4032,0.4032,0.4032,0.4031,0.4031,0.4031,0.4031,0.4031,0.4031,0.4031,0.403,0.403,0.4029,0.4027,0.4026,0.4024,0.4023,0.4021,0.4019,0.4018,0.4016,0.4015,0.4013,0.4011,0.401,0.4008,0.4006,0.4005,0.4003,0.4002,0.4,0.3998,0.3997,0.3995,0.3994,0.3992,0.3991,0.3988,0.3985,0.3982,0.3979,0.3976,0.3974,0.3971,0.3968,0.3965,0.3962,0.396,0.3957,0.3954
0.4452,0.4494,0.4536,0.4583,0.522,0.5264,0.5308,0.5358,0.5391,0.5425,0.5459,0.5489,0.5512,0.5534,0.5558,0.5575,0.5592,0.5609,0.5626,0.5643,0.566,0.5677,0.5694,0.5712,0.573,0.5747,0.4863,0.4849,0.4835,0.4872,0.5824,0.5835,0.5845,0.5856,0.5867,0.5878,0.5889,0.59,0.5911,0.5922,0.5933,0.5944,0.5955,0.5967,0.5978,0.5989,0.6001,0.6012,0.6024,0.6037,0.6063,0.6089,0.6116,0.6094,0.6088,0.61,0.6111,0.6123,0.6134,0.6146,0.6158,0.617,0.6181,0.6191,0.6201,0.6211,0.6216,0.622,0.6225,0.5361,0.5304,0.5234,0.5213,0.5191,0.516,0.5138,0.5115,0.5096,0.4035,0.4031,0.4027,0.4024,0.402,0.4015,0.4009,0.4004,0.3999,0.3993,0.3988,0.3982,0.3979,0.3977,0.3976,0.3975,0.3974,0.3973,0.3972,0.3971,0.397,0.3969,0.3968,0.0584,0.0578,0.0578,0.0577,0.0576,0.0575,0.0575,0.0574,0.0574,0.0573,0.0574,0.0574,0.0574,0.0574,0.0574,0.0574,0.0575,0.0575,0.0575,0.0575,0.0575,0.0575,0.0575,0.0575,0.0575,0.0575,0.0575,0.0575,0.0575,0.0575,0.0575,0.0575,0.0575,0.0575,0.0575,0.0575,0.0575,0.0575,0.0575,0.0575,0.0575,0.0575,0.0575,0.0575,0.0575,0.0575,0.0575,0.0575,0.0576,0.0577,0.0577,0.0578,0.0579,0.0586,0.4103,0.4106,0.4108,0.411,0.4113,0.4115,0.4118,0.412,0.4123,0.4125,0.4128,0.413,0.4133,0.4135,0.4138,0.414,0.4143,0.4146,0.4149,0.4152,0.4155,0.4157,0.416,0.4163,0.4166,0.4167,0.4153,0.4139,0.4125,0.4111,0.4097,0.4087,0.408,0.4072,0.4065,0.4057,0.405,0.4049,0.4048,0.4047,0.4046,0.4045,0.4044,0.4044,0.4043,0.4042,0.4041,0.404,0.4039,0.4038,0.4037,0.4037,0.4037,0.4036,0.4036,0.4036,0.4036,0.4036,0.4036,0.4035,0.4035,0.4035,0.4035,0.4034,0.4032,0.403,0.4029,0.4027,0.4026,0.4024,0.4022,0.4021,0.4019,0.4018,0.4016,0.4014,0.4013,0.4011,0.401,0.4008,0.4006,0.4005,0.4003,0.4002,0.4,0.3998,0.3995,0.3992,0.399,0.3987,0.3984,0.3981,0.3978,0.3976,0.3973,0.397,0.3967,0.3964,0.3962,0.3959,0.3956
0.4434,0.4476,0.4518,0.4563,0.5197,0.5249,0.5293,0.5338,0.5389,0.5432,0.5466,0.55,0.5531,0.5554,0.5577,0.5598,0.5615,0.5632,0.5649,0.5666,0.5684,0.5701,0.5719,0.5736,0.4876,0.4862,0.4848,0.4834,0.482,0.4843,0.4911,0.5861,0.5872,0.5883,0.5893,0.5904,0.5915,0.5926,0.5937,0.5948,0.596,0.5971,0.5982,0.5993,0.6005,0.6016,0.6028,0.6039,0.6051,0.607,0.6096,0.6123,0.6149,0.6136,0.6115,0.6127,0.6139,0.615,0.6162,0.6174,0.6186,0.6198,0.621,0.6222,0.6232,0.6243,0.6251,0.6255,0.626,0.5388,0.5331,0.5273,0.5235,0.5213,0.517,0.5153,0.513,0.5107,0.4035,0.4031,0.4027,0.4023,0.402,0.4015,0.401,0.4005,0.3999,0.3994,0.3988,0.3983,0.3979,0.3978,0.3977,0.3976,0.3975,0.3974,0.3973,0.3972,0.3971,0.397,0.3969,0.0592,0.0584,0.0583,0.0583,0.0582,0.0581,0.058,0.058,0.0579,0.0579,0.0579,0.0579,0.058,0.058,0.058,0.058,0.058,0.058,0.058,0.058,0.058,0.058,0.058,0.058,0.058,0.058,0.058,0.058,0.058,0.058,0.058,0.058,0.058,0.058,0.058,0.0581,0.0581,0.0581,0.0581,0.0581,0.0581,0.0581,0.0581,0.0581,0.0581,0.0581,0.0581,0.0581,0.0582,0.0582,0.0583,0.0584,0.0586,0.0594,0.4113,0.4116,0.4118,0.4121,0.4123,0.4126,0.4128,0.413,0.4133,0.4135,0.4138,0.414,0.4143,0.4146,0.4148,0.4151,0.4154,0.4157,0.416,0.4163,0.4166,0.4168,0.4171,0.4168,0.4154,0.4139,0.4125,0.4111,0.41,0.4092,0.4084,0.4077,0.4069,0.4062,0.4056,0.4055,0.4054,0.4053,0.4052,0.4051,0.405,0.4049,0.4048,0.4047,0.4047,0.4046,0.4045,0.4044,0.4043,0.4042,0.4042,0.4042,0.4041,0.4041,0.4041,0.4041,0.4041,0.4041,0.404,0.404,0.404,0.404,0.404,0.4038,0.4037,0.4035,0.4034,0.4032,0.403,0.4029,0.4027,0.4025,0.4024,0.4022,0.4021,0.4019,0.4017,0.4016,0.4014,0.4013,0.4011,0.4009,0.4008,0.4006,0.4003,0.4,0.3997,0.3994,0.3991,0.3989,0.3986,0.3983,0.398,0.3977,0.3975,0.3972,0.3969,0.3966,0.3963,0.3961,0.3958
0.4417,0.4458,0.45,0.4543,0.4591,0.5233,0.5279,0.5323,0.5369,0.5418,0.5472,0.5507,0.5542,0.5574,0.5597,0.5621,0.5639,0.5656,0.5673,0.569,0.5708,0.5725,0.5743,0.4874,0.486,0.4846,0.4832,0.4818,0.4805,0.4817,0.4871,0.495,0.5899,0.5909,0.592,0.5931,0.5942,0.5953,0.5964,0.5976,0.5987,0.5998,0.6009,0.6021,0.6032,0.6044,0.6055,0.6067,0.6079,0.6103,0.6129,0.6156,0.6183,0.6179,0.6143,0.6155,0.6166,0.6178,0.619,0.6202,0.6214,0.6226,0.6238,0.625,0.6263,0.6274,0.6285,0.6291,0.6295,0.5416,0.5359,0.5302,0.5257,0.5224,0.5181,0.5169,0.5145,0.5122,0.5099,0.403,0.4027,0.4023,0.4019,0.4016,0.4011,0.4005,0.4,0.3994,0.3989,0.3984,0.398,0.3979,0.3978,0.3977,0.3976,0.3975,0.3974,0.3973,0.3972,0.3971,0.3969,0.3968,0.0592,0.0589,0.0588,0.0588,0.0587,0.0586,0.0585,0.0585,0.0585,0.0585,0.0585,0.0585,0.0585,0.0585,0.0585,0.0585,0.0585,0.0585,0.0585,0.0586,0.0586,0.0586,0.0586,0.0586,0.0586,0.0586,0.0586,0.0586,0.0586,0.0586,0.0586,0.0586,0.0586,0.0586,0.0586,0.0586,0.0586,0.0586,0.0586,0.0586,0.0586,0.0586,0.0586,0.0586,0.0586,0.0586,0.0587,0.0588,0.0588,0.0589,0.059,0.0594,0.4121,0.4123,0.4126,0.4128,0.4131,0.4133,0.4136,0.4138,0.4141,0.4143,0.4146,0.4148,0.4151,0.4154,0.4156,0.4159,0.4162,0.4165,0.4168,0.4171,0.4174,0.4176,0.4169,0.4154,0.414,0.4126,0.4112,0.4104,0.4097,0.4089,0.4082,0.4074,0.4067,0.4062,0.4061,0.406,0.4059,0.4058,0.4057,0.4056,0.4055,0.4054,0.4053,0.4052,0.4051,0.4051,0.405,0.4049,0.4048,0.4047,0.4047,0.4046,0.4046,0.4046,0.4046,0.4046,0.4046,0.4046,0.4045,0.4045,0.4045,0.4045,0.4045,0.4045,0.4043,0.4042,0.404,0.4038,0.4037,0.4035,0.4033,0.4032,0.403,0.4029,0.4027,0.4025,0.4024,0.4022,0.402,0.4019,0.4017,0.4016,0.4013,0.401,0.4008,0.4005,0.4002,0.3999,0.3996,0.3993,0.3991,0.3988,0.3985,0.3982,0.3979,0.3976,0.3974,0.3971,0.3968,0.3965,0.3963,0.396
0.4399,0.444,0.4482,0.4524,0.4571,0.5209,0.5264,0.5308,0.5354,0.54,0.5448,0.5503,0.555,0.5585,0.5617,0.5641,0.5662,0.568,0.5697,0.5715,0.5732,0.4886,0.4872,0.4858,0.4845,0.4833,0.4822,0.481,0.4799,0.4799,0.4844,0.4902,0.499,0.5936,0.5947,0.5958,0.5969,0.598,0.5992,0.6003,0.6014,0.6026,0.6037,0.6049,0.606,0.6072,0.6083,0.6095,0.611,0.6139,0.617,0.6201,0.6232,0.6222,0.6183,0.6182,0.6194,0.6206,0.6218,0.623,0.6243,0.6255,0.6267,0.6279,0.6291,0.6304,0.6316,0.6326,0.6325,0.5444,0.5386,0.5329,0.5279,0.5234,0.5196,0.5185,0.5161,0.5138,0.5115,0.403,0.4026,0.4023,0.4019,0.4015,0.4011,0.4006,0.4,0.3995,0.399,0.3984,0.3981,0.398,0.3979,0.3978,0.3977,0.3976,0.3975,0.3974,0.3973,0.3971,0.397,0.3969,0.3968,0.0595,0.0594,0.0594,0.0593,0.0592,0.0591,0.0591,0.059,0.059,0.0591,0.0591,0.0591,0.0591,0.0591,0.0591,0.0591,0.0591,0.0591,0.0591,0.0591,0.0591,0.0591,0.0591,0.0591,0.0591,0.0591,0.0591,0.0591,0.0591,0.0592,0.0592,0.0592,0.0592,0.0592,0.0592,0.0592,0.0592,0.0592,0.0592,0.0592,0.0592,0.0592,0.0592,0.0592,0.0592,0.0593,0.0593,0.0594,0.0595,0.0595,0.4129,0.4131,0.4134,0.4136,0.4139,0.4141,0.4144,0.4146,0.4149,0.4151,0.4154,0.4156,0.4159,0.4162,0.4164,0.4167,0.417,0.4173,0.4176,0.4179,0.4182,0.4169,0.4155,0.4141,0.4127,0.4117,0.4109,0.4101,0.4094,0.4086,0.4079,0.4071,0.4068,0.4067,0.4066,0.4065,0.4064,0.4063,0.4062,0.4061,0.406,0.4059,0.4058,0.4057,0.4056,0.4055,0.4055,0.4054,0.4053,0.4052,0.4052,0.4051,0.4051,0.4051,0.4051,0.4051,0.4051,0.405,0.405,0.405,0.405,0.405,0.405,0.405,0.4049,0.4048,0.4046,0.4045,0.4043,0.4041,0.404,0.4038,0.4036,0.4035,0.4033,0.4032,0.403,0.4028,0.4027,0.4025,0.4024,0.4021,0.4018,0.4015,0.4012,0.4009,0.4007,0.4004,0.4001,0.3998,0.3995,0.3992,0.399,0.3987,0.3984,0.3981,0.3978,0.3976,0.3973,0.397,0.3967,0.3964,0.3962
0.4382,0.4423,0.4464,0.4506,0.4551,0.5185,0.5246,0.5293,0.5338,0.5384,0.5431,0.5478,0.5533,0.559,0.5629,0.5661,0.5685,0.5704,0.5721,0.5739,0.4893,0.4882,0.487,0.4858,0.4846,0.4835,0.4823,0.4811,0.48,0.4802,0.4823,0.4871,0.4941,0.503,0.5975,0.5986,0.5997,0.6008,0.6019,0.6031,0.6042,0.6054,0.6065,0.6077,0.6088,0.61,0.6112,0.6123,0.6142,0.6191,0.6222,0.6254,0.6273,0.6254,0.6226,0.6211,0.6223,0.6235,0.6247,0.6259,0.6271,0.6283,0.6296,0.6308,0.6321,0.6333,0.6343,0.6339,0.634,0.5497,0.544,0.5383,0.5288,0.5244,0.5211,0.52,0.5177,0.5153,0.513,0.403,0.4026,0.4022,0.4019,0.4015,0.4011,0.4006,0.4001,0.3996,0.399,0.3985,0.3982,0.3981,0.398,0.3979,0.3978,0.3977,0.3976,0.3975,0.3973,0.3972,0.3971,0.397,0.3969,0.3968,0.0602,0.06,0.0599,0.0598,0.0597,0.0596,0.0596,0.0596,0.0596,0.0597,0.0597,0.0597,0.0597,0.0597,0.0597,0.0597,0.0597,0.0597,0.0597,0.0597,0.0597,0.0597,0.0597,0.0597,0.0597,0.0597,0.0597,0.0597,0.0597,0.0597,0.0597,0.0597,0.0597,0.0597,0.0597,0.0597,0.0598,0.0598,0.0598,0.0598,0.0598,0.0598,0.0598,0.0598,0.0599,0.0599,0.06,0.0601,0.4136,0.4139,0.4141,0.4144,0.4146,0.4149,0.4151,0.4154,0.4156,0.4159,0.4161,0.4164,0.4167,0.417,0.4173,0.4175,0.4178,0.4181,0.4184,0.4184,0.417,0.4156,0.4141,0.4129,0.4122,0.4114,0.4106,0.4099,0.4091,0.4083,0.4076,0.4074,0.4073,0.4072,0.4071,0.407,0.4069,0.4068,0.4067,0.4066,0.4065,0.4064,0.4063,0.4062,0.4061,0.406,0.4059,0.4058,0.4058,0.4057,0.4057,0.4056,0.4056,0.4056,0.4056,0.4056,0.4056,0.4055,0.4055,0.4055,0.4055,0.4055,0.4055,0.4055,0.4054,0.4054,0.4053,0.4051,0.4049,0.4048,0.4046,0.4044,0.4043,0.4041,0.404,0.4038,0.4036,0.4035,0.4033,0.4031,0.4029,0.4026,0.4023,0.402,0.4017,0.4014,0.4011,0.4009,0.4006,0.4003,0.4,0.3997,0.3994,0.3991,0.3989,0.3986,0.3983,0.398,0.3977,0.3975,0.3972,0.3969,0.3966,0.3964
0.4365,0.4405,0.4446,0.4488,0.4531,0.4578,0.5221,0.5279,0.5323,0.5369,0.5415,0.5462,0.551,0.5564,0.5621,0.5673,0.5706,0.5728,0.5746,0.4914,0.4897,0.4883,0.4871,0.4859,0.4847,0.4836,0.4824,0.4813,0.4801,0.4804,0.4825,0.4846,0.4899,0.4981,0.5071,0.6014,0.6025,0.6036,0.6047,0.6059,0.607,0.6082,0.6093,0.6105,0.6117,0.6128,0.614,0.6152,0.6167,0.6225,0.6276,0.6308,0.6306,0.6287,0.6268,0.6239,0.6251,0.6263,0.6276,0.6288,0.63,0.6313,0.6325,0.6337,0.6336,0.6332,0.6328,0.6324,0.6322,0.6326,0.5507,0.5317,0.5292,0.5255,0.5225,0.5215,0.5193,0.5169,0.5146,0.5122,0.4026,0.4022,0.4018,0.4015,0.4011,0.4007,0.4002,0.3996,0.3991,0.3985,0.3983,0.3982,0.3981,0.398,0.3979,0.3978,0.3977,0.3975,0.3974,0.3973,0.3972,0.3971,0.397,0.3969,0.3968,0.0609,0.0606,0.0604,0.0603,0.0602,0.0602,0.0602,0.0602,0.0602,0.0602,0.0602,0.0602,0.0603,0.0603,0.0603,0.0603,0.0603,0.0603,0.0603,0.0603,0.0603,0.0603,0.0603,0.0603,0.0603,0.0603,0.0603,0.0603,0.0603,0.0603,0.0603,0.0603,0.0603,0.0603,0.0603,0.0603,0.0603,0.0603,0.0603,0.0603,0.0604,0.0604,0.0604,0.0605,0.0606,0.0608,0.4142,0.4147,0.4149,0.4152,0.4154,0.4157,0.4159,0.4162,0.4164,0.4167,0.4169,0.4172,0.4175,0.4178,0.4181,0.4184,0.4186,0.4189,0.4185,0.417,0.4156,0.4142,0.4134,0.4126,0.4119,0.4111,0.4103,0.4096,0.4088,0.4081,0.408,0.4079,0.4078,0.4077,0.4076,0.4075,0.4074,0.4073,0.4072,0.4071,0.407,0.4069,0.4068,0.4067,0.4066,0.4065,0.4064,0.4063,0.4063,0.4062,0.4062,0.4061,0.4061,0.4061,0.4061,0.4061,0.4061,0.406,0.406,0.406,0.406,0.406,0.406,0.406,0.4059,0.4059,0.4059,0.4057,0.4056,0.4054,0.4052,0.4051,0.4049,0.4048,0.4046,0.4044,0.4043,0.4041,0.4039,0.4036,0.4033,0.4031,0.4028,0.4025,0.4022,0.4019,0.4016,0.4013,0.401,0.4008,0.4005,0.4002,0.3999,0.3996,0.3993,0.3991,0.3988,0.3985,0.3982,0.3979,0.3976,0.3974,0.3971,0.3968,0.3966
0.4348,0.4388,0.4428,0.447,0.4512,0.4558,0.5197,0.5258,0.5308,0.5354,0.54,0.5446,0.5494,0.5543,0.5595,0.5653,0.5712,0.5751,0.577,0.4918,0.4902,0.4885,0.4872,0.486,0.4849,0.4837,0.4825,0.4814,0.4802,0.4807,0.4828,0.4849,0.4872,0.4932,0.5021,0.5113,0.6053,0.6064,0.6076,0.6087,0.6099,0.611,0.6122,0.6134,0.6145,0.6157,0.6169,0.6181,0.6193,0.625,0.6309,0.6359,0.6339,0.632,0.6301,0.6274,0.628,0.6292,0.6305,0.6317,0.6329,0.6334,0.6329,0.6325,0.6321,0.6317,0.6313,0.6309,0.6305,0.6309,0.5346,0.5321,0.5296,0.5265,0.524,0.523,0.5208,0.5185,0.5161,0.5138,0.4937,0.4093,0.4018,0.4014,0.4011,0.4007,0.4002,0.3997,0.3991,0.3986,0.3984,0.3983,0.3982,0.3981,0.398,0.3979,0.3977,0.3976,0.3975,0.3974,0.3973,0.3972,0.3971,0.397,0.3969,0.3968,0.0616,0.0613,0.061,0.0609,0.0608,0.0608,0.0608,0.0608,0.0608,0.0608,0.0608,0.0608,0.0609,0.0609,0.0609,0.0609,0.0609,0.0609,0.0609,0.0609,0.0609,0.0609,0.0609,0.0609,0.0609,0.0609,0.0609,0.0609,0.0609,0.0609,0.0609,0.0609,0.0609,0.0609,0.0609,0.0609,0.0609,0.0609,0.0609,0.0609,0.061,0.061,0.0611,0.0615,0.4149,0.4153,0.4157,0.416,0.4162,0.4165,0.4167,0.417,0.4172,0.4175,0.4177,0.418,0.4183,0.4186,0.4189,0.4192,0.4195,0.4186,0.4171,0.4157,0.4147,0.4139,0.4131,0.4123,0.4116,0.4108,0.41,0.4093,0.4087,0.4086,0.4085,0.4084,0.4083,0.4082,0.4081,0.408,0.4079,0.4078,0.4077,0.4076,0.4075,0.4074,0.4073,0.4072,0.4071,0.407,0.4069,0.4068,0.4067,0.4067,0.4067,0.4066,0.4066,0.4066,0.4066,0.4066,0.4066,0.4065,0.4065,0.4065,0.4065,0.4065,0.4065,0.4065,0.4064,0.4064,0.4064,0.4064,0.4062,0.4061,0.4059,0.4057,0.4056,0.4054,0.4052,0.4051,0.4049,0.4047,0.4044,0.4041,0.4038,0.4035,0.4032,0.403,0.4027,0.4024,0.4021,0.4018,0.4015,0.4012,0.4009,0.4007,0.4004,0.4001,0.3998,0.3995,0.3992,0.399,0.3987,0.3984,0.3981,0.3978,0.3976,0.3973,0.397,0.3967
0.4331,0.4371,0.4411,0.4452,0.4494,0.4539,0.4586,0.5234,0.5293,0.5338,0.5384,0.5431,0.5478,0.5526,0.5575,0.5627,0.5685,0.5745,0.5796,0.4923,0.4907,0.489,0.4874,0.4861,0.485,0.4838,0.4826,0.4815,0.4803,0.4809,0.483,0.4851,0.4873,0.49,0.4972,0.5062,0.6081,0.6093,0.6104,0.6116,0.6127,0.6139,0.6151,0.6163,0.6174,0.6186,0.6198,0.6211,0.6223,0.6275,0.6335,0.6361,0.6355,0.6348,0.6334,0.6314,0.6309,0.6321,0.6331,0.6327,0.6323,0.6319,0.6314,0.631,0.6306,0.6302,0.6298,0.6294,0.5774,0.5371,0.5351,0.5325,0.53,0.5275,0.5255,0.5245,0.5224,0.5201,0.5177,0.4902,0.4911,0.4921,0.4143,0.4014,0.401,0.4007,0.4003,0.3997,0.3992,0.3987,0.3985,0.3984,0.3983,0.3982,0.3981,0.3979,0.3978,0.3977,0.3976,0.3975,0.3974,0.3973,0.3972,0.3971,0.397,0.3969,0.3967,0.3966,0.0621,0.0618,0.0615,0.0615,0.0615,0.0615,0.0614,0.0614,0.0614,0.0615,0.0615,0.0615,0.0615,0.0615,0.0615,0.0615,0.0615,0.0615,0.0615,0.0615,0.0615,0.0615,0.0615,0.0615,0.0615,0.0615,0.0615,0.0615,0.0615,0.0615,0.0615,0.0615,0.0615,0.0615,0.0615,0.0615,0.0616,0.0616,0.0616,0.0617,0.4151,0.4156,0.416,0.4165,0.4167,0.417,0.4173,0.4175,0.4178,0.418,0.4183,0.4185,0.4188,0.4191,0.4194,0.4197,0.42,0.4186,0.4172,0.4159,0.4152,0.4144,0.4136,0.4128,0.412,0.4113,0.4105,0.4098,0.4093,0.4092,0.4091,0.409,0.4089,0.4088,0.4087,0.4086,0.4085,0.4084,0.4083,0.4082,0.4081,0.408,0.4079,0.4078,0.4077,0.4076,0.4075,0.4074,0.4073,0.4072,0.4072,0.4072,0.4071,0.4071,0.4071,0.4071,0.4071,0.4071,0.407,0.407,0.407,0.407,0.407,0.407,0.407,0.4069,0.4069,0.4069,0.4069,0.4069,0.4067,0.4065,0.4064,0.4062,0.406,0.4059,0.4057,0.4055,0.4052,0.4049,0.4046,0.4043,0.404,0.4037,0.4034,0.4032,0.4029,0.4026,0.4023,0.402,0.4017,0.4014,0.4011,0.4009,0.4006,0.4003,0.4,0.3997,0.3994,0.3991,0.3989,0.3986,0.3983,0.398,0.3977,0.3975,0.3972,0.3969
0.4315,0.4354,0.4394,0.4434,0.4476,0.4519,0.4566,0.5209,0.5271,0.5323,0.5369,0.5415,0.5462,0.551,0.5559,0.5609,0.5659,0.5718,0.5778,0.4928,0.4911,0.4895,0.4878,0.4863,0.4851,0.4839,0.4827,0.4816,0.4804,0.4812,0.4833,0.4854,0.4875,0.4897,0.4928,0.5012,0.5104,0.6122,0.6133,0.6145,0.6156,0.6168,0.618,0.6192,0.6204,0.6216,0.6228,0.624,0.6252,0.6301,0.6361,0.6357,0.6351,0.6344,0.6338,0.6332,0.6327,0.6322,0.6318,0.6313,0.6308,0.6304,0.63,0.6295,0.6291,0.6287,0.5674,0.5378,0.5358,0.5338,0.5318,0.5299,0.5285,0.5275,0.527,0.526,0.5241,0.5216,0.4869,0.4876,0.4886,0.4895,0.4904,0.4194,0.401,0.4006,0.4003,0.3998,0.3993,0.3987,0.3986,0.3985,0.3984,0.3983,0.3981,0.398,0.3979,0.3978,0.3977,0.3976,0.3975,0.3974,0.3973,0.3972,0.3971,0.3969,0.3968,0.3967,0.3972,0.4001,0.0626,0.0624,0.0624,0.0624,0.0624,0.0624,0.0624,0.0624,0.0624,0.0624,0.0623,0.0623,0.0623,0.0623,0.0623,0.0623,0.0623,0.0623,0.0623,0.0623,0.0622,0.0622,0.0622,0.0622,0.0622,0.0622,0.0622,0.0622,0.0622,0.0622,0.0622,0.0622,0.0622,0.0622,0.0622,0.0622,0.4154,0.4158,0.4162,0.4167,0.4171,0.4175,0.4178,0.418,0.4183,0.4186,0.4188,0.4191,0.4193,0.4196,0.4199,0.4202,0.4201,0.4187,0.4172,0.4164,0.4156,0.4149,0.4141,0.4133,0.4125,0.4118,0.411,0.4102,0.4099,0.4098,0.4097,0.4096,0.4095,0.4094,0.4093,0.4092,0.4091,0.409,0.4089,0.4088,0.4087,0.4086,0.4085,0.4084,0.4083,0.4082,0.4081,0.408,0.4079,0.4078,0.4077,0.4077,0.4077,0.4076,0.4076,0.4076,0.4076,0.4076,0.4076,0.4076,0.4075,0.4075,0.4075,0.4075,0.4075,0.4075,0.4074,0.4074,0.4074,0.4074,0.4074,0.4073,0.4072,0.407,0.4068,0.4067,0.4065,0.4063,0.406,0.4057,0.4054,0.4051,0.4048,0.4045,0.4042,0.4039,0.4036,0.4033,0.4031,0.4028,0.4025,0.4022,0.4019,0.4016,0.4013,0.401,0.4008,0.4005,0.4002,0.3999,0.3996,0.3993,0.3991,0.3988,0.3985,0.3982,0.3979,0.3977,0.3974,0.3971
0.4298,0.4337,0.4377,0.4417,0.4458,0.45,0.4546,0.4593,0.5246,0.5308,0.5354,0.54,0.5446,0.5494,0.5543,0.5592,0.5642,0.5693,0.495,0.4933,0.4916,0.49,0.4883,0.4867,0.4852,0.484,0.4829,0.4817,0.4805,0.4814,0.4835,0.4856,0.4878,0.4899,0.4921,0.4963,0.5053,0.5146,0.6162,0.6174,0.6186,0.6198,0.621,0.6222,0.6234,0.6246,0.6258,0.627,0.6282,0.6326,0.6359,0.6353,0.6347,0.634,0.6335,0.633,0.6327,0.6322,0.6318,0.6313,0.6309,0.6304,0.6299,0.6295,0.5405,0.5384,0.5365,0.5345,0.533,0.532,0.5309,0.5299,0.5289,0.5279,0.5285,0.5275,0.5257,0.5233,0.4871,0.4869,0.4867,0.487,0.4879,0.4888,0.4222,0.4006,0.4002,0.3999,0.3993,0.3988,0.3987,0.3986,0.3985,0.3983,0.3982,0.3981,0.398,0.3979,0.3978,0.3977,0.3976,0.3975,0.3974,0.3973,0.3971,0.397,0.3969,0.3968,0.3967,0.399,0.402,0.405,0.4081,0.4112,0.4144,0.4186,0.4325,0.4407,0.4457,0.4509,0.4502,0.4483,0.4465,0.4446,0.4428,0.441,0.4392,0.4374,0.4357,0.4339,0.4322,0.4305,0.4288,0.4271,0.4254,0.4237,0.4221,0.4204,0.4188,0.4172,0.4156,0.4145,0.4147,0.4152,0.4156,0.416,0.4165,0.4169,0.4174,0.4178,0.4182,0.4186,0.4188,0.4191,0.4194,0.4196,0.4199,0.4202,0.4205,0.4207,0.4202,0.4188,0.4177,0.4169,0.4161,0.4153,0.4146,0.4138,0.413,0.4122,0.4115,0.4107,0.4105,0.4104,0.4103,0.4102,0.4101,0.41,0.4099,0.4098,0.4097,0.4096,0.4095,0.4094,0.4093,0.4092,0.4091,0.409,0.4089,0.4088,0.4087,0.4086,0.4085,0.4084,0.4083,0.4082,0.4082,0.4082,0.4082,0.4081,0.4081,0.4081,0.4081,0.4081,0.4081,0.408,0.408,0.408,0.408,0.408,0.408,0.4079,0.4079,0.4079,0.4079,0.4079,0.4079,0.4078,0.4077,0.4075,0.4073,0.407,0.4067,0.4064,0.4062,0.4059,0.4056,0.4053,0.405,0.4047,0.4044,0.4041,0.4038,0.4035,0.4032,0.403,0.4027,0.4024,0.4021,0.4018,0.4015,0.4012,0.4009,0.4007,0.4004,0.4001,0.3998,0.3995,0.3992,0.399,0.3987,0.3984,0.3981,0.3979,0.3976,0.3973
0.4284,0.432,0.436,0.44,0.444,0.4482,0.4526,0.4573,0.5222,0.5283,0.5338,0.5384,0.5431,0.5478,0.5526,0.5575,0.5625,0.5676,0.4955,0.4938,0.4921,0.4904,0.4888,0.4871,0.4855,0.4841,0.483,0.4818,0.4807,0.4817,0.4838,0.4859,0.488,0.4902,0.4923,0.4946,0.5003,0.5094,0.5189,0.6204,0.6215,0.6227,0.6239,0.6252,0.6264,0.6276,0.6288,0.63,0.6313,0.6352,0.6355,0.6349,0.6343,0.6338,0.6333,0.6329,0.6327,0.6323,0.6318,0.6313,0.6309,0.6304,0.5412,0.5391,0.5376,0.5365,0.5355,0.5344,0.5334,0.5323,0.5313,0.5303,0.5292,0.5282,0.5272,0.529,0.5273,0.5249,0.4877,0.4871,0.4869,0.4867,0.4865,0.4863,0.43,0.4193,0.4002,0.3998,0.3994,0.3989,0.3988,0.3987,0.3985,0.3984,0.3983,0.3982,0.3981,0.398,0.3979,0.3978,0.3977,0.3976,0.3975,0.3973,0.3972,0.3971,0.397,0.3969,0.3968,0.3979,0.4008,0.4038,0.4069,0.41,0.4132,0.4164,0.4252,0.4389,0.4439,0.449,0.4511,0.4492,0.4473,0.4455,0.4437,0.4419,0.4401,0.4383,0.4365,0.4348,0.433,0.4313,0.4296,0.4279,0.4262,0.4245,0.4229,0.4212,0.4196,0.418,0.4168,0.416,0.4163,0.4164,0.4167,0.4171,0.4176,0.418,0.4185,0.4189,0.4194,0.4196,0.4199,0.4202,0.4204,0.4207,0.421,0.4213,0.4203,0.419,0.4182,0.4174,0.4166,0.4158,0.415,0.4143,0.4135,0.4127,0.4119,0.4112,0.4111,0.411,0.4109,0.4108,0.4107,0.4106,0.4105,0.4104,0.4103,0.4102,0.4101,0.41,0.4099,0.4098,0.4097,0.4096,0.4095,0.4094,0.4093,0.4092,0.4091,0.409,0.4089,0.4088,0.4087,0.4087,0.4087,0.4087,0.4086,0.4086,0.4086,0.4086,0.4086,0.4086,0.4085,0.4085,0.4085,0.4085,0.4085,0.4085,0.4084,0.4084,0.4084,0.4084,0.4084,0.4084,0.4083,0.4083,0.4081,0.4078,0.4075,0.4072,0.4069,0.4066,0.4064,0.4061,0.4058,0.4055,0.4052,0.4049,0.4046,0.4043,0.404,0.4037,0.4034,0.4031,0.4029,0.4026,0.4023,0.402,0.4017,0.4014,0.4011,0.4009,0.4006,0.4003,0.4,0.3997,0.3994,0.3991,0.3989,0.3986,0.3983,0.398,0.3978,0.3975
0.4271,0.4304,0.4343,0.4382,0.4423,0.4464,0.4507,0.4553,0.5194,0.5259,0.5321,0.5369,0.5415,0.5462,0.551,0.5559,0.5609,0.5659,0.496,0.4943,0.4926,0.4909,0.4893,0.4876,0.486,0.4844,0.4831,0.4819,0.4808,0.482,0.484,0.4862,0.4883,0.4904,0.4931,0.4961,0.4997,0.5057,0.514,0.5233,0.6245,0.6257,0.627,0.6282,0.6294,0.6306,0.6319,0.6331,0.6343,0.6357,0.6352,0.6347,0.6342,0.6337,0.6332,0.6329,0.6327,0.6323,0.6318,0.6313,0.542,0.5411,0.5401,0.539,0.5379,0.5369,0.5358,0.5348,0.5337,0.5327,0.5317,0.5306,0.5296,0.5286,0.5276,0.5305,0.5289,0.4937,0.4886,0.4872,0.4871,0.4869,0.4867,0.4865,0.4362,0.427,0.4165,0.4053,0.3994,0.399,0.3989,0.3987,0.3986,0.3985,0.3984,0.3983,0.3982,0.3981,0.398,0.3979,0.3978,0.3977,0.3975,0.3974,0.3973,0.3972,0.3971,0.397,0.3969,0.3968,0.3997,0.4027,0.4057,0.4088,0.4119,0.4151,0.4183,0.4319,0.442,0.4471,0.452,0.4501,0.4482,0.4464,0.4445,0.4427,0.4409,0.4391,0.4374,0.4356,0.4338,0.4321,0.4304,0.4287,0.427,0.4253,0.4237,0.422,0.4204,0.4192,0.4181,0.4176,0.4181,0.4181,0.4181,0.4183,0.4187,0.4192,0.4196,0.42,0.4204,0.4207,0.421,0.4212,0.4215,0.4218,0.4203,0.4195,0.4187,0.4179,0.4171,0.4163,0.4155,0.4147,0.414,0.4132,0.4124,0.4118,0.4117,0.4116,0.4115,0.4114,0.4113,0.4112,0.4111,0.411,0.4109,0.4108,0.4107,0.4106,0.4105,0.4104,0.4103,0.4102,0.4101,0.41,0.4099,0.4098,0.4097,0.4096,0.4095,0.4094,0.4093,0.4093,0.4092,0.4092,0.4092,0.4091,0.4091,0.4091,0.4091,0.4091,0.4091,0.409,0.409,0.409,0.409,0.409,0.409,0.409,0.4089,0.4089,0.4089,0.4089,0.4089,0.4089,0.4088,0.4086,0.4083,0.408,0.4077,0.4074,0.4071,0.4068,0.4065,0.4063,0.406,0.4057,0.4054,0.4051,0.4048,0.4045,0.4042,0.4039,0.4036,0.4033,0.4031,0.4028,0.4025,0.4022,0.4019,0.4016,0.4013,0.401,0.4008,0.4005,0.4002,0.3999,0.3996,0.3993,0.3991,0.3988,0.3985,0.3982,0.398,0.3977
0.4257,0.4291,0.4326,0.4365,0.4405,0.4446,0.4488,0.4534,0.4581,0.5232,0.5296,0.5354,0.54,0.5446,0.5494,0.5543,0.5592,0.4982,0.4965,0.4948,0.4931,0.4914,0.4898,0.4881,0.4865,0.4848,0.4832,0.482,0.4809,0.4822,0.4843,0.4864,0.4886,0.4916,0.4946,0.4976,0.501,0.5052,0.5113,0.5198,0.5286,0.5349,0.5366,0.5384,0.5402,0.542,0.5439,0.5457,0.5476,0.5494,0.5513,0.6345,0.634,0.6335,0.6331,0.6329,0.6328,0.6323,0.5429,0.5424,0.5419,0.541,0.5401,0.5392,0.5383,0.5372,0.5362,0.5351,0.5341,0.5331,0.532,0.531,0.53,0.5289,0.5279,0.5269,0.5306,0.4949,0.4895,0.4875,0.4872,0.4871,0.4869,0.4867,0.4865,0.4347,0.424,0.4102,0.4026,0.3991,0.3989,0.3988,0.3987,0.3986,0.3985,0.3984,0.3983,0.3982,0.3981,0.398,0.3979,0.3977,0.3976,0.3975,0.3974,0.3973,0.3972,0.3971,0.397,0.3969,0.3985,0.4015,0.4045,0.4076,0.4107,0.4139,0.4171,0.4246,0.4389,0.4452,0.4504,0.451,0.4491,0.4473,0.4454,0.4436,0.4418,0.44,0.4382,0.4364,0.4347,0.4329,0.4312,0.4295,0.4278,0.4261,0.4244,0.4229,0.4217,0.4206,0.4195,0.4191,0.4198,0.4198,0.4198,0.4199,0.4199,0.4203,0.4207,0.4212,0.4215,0.4218,0.422,0.4219,0.4208,0.42,0.4192,0.4184,0.4176,0.4168,0.416,0.4152,0.4145,0.4137,0.4129,0.4124,0.4123,0.4122,0.4121,0.412,0.4119,0.4118,0.4117,0.4116,0.4115,0.4114,0.4113,0.4112,0.4111,0.411,0.4109,0.4108,0.4107,0.4106,0.4105,0.4104,0.4103,0.4102,0.4101,0.41,0.4099,0.4099,0.4098,0.4097,0.4097,0.4097,0.4097,0.4096,0.4096,0.4096,0.4096,0.4096,0.4096,0.4095,0.4095,0.4095,0.4095,0.4095,0.4095,0.4094,0.4094,0.4094,0.4094,0.4094,0.4093,0.4091,0.4089,0.4088,0.4085,0.4082,0.4079,0.4076,0.4073,0.407,0.4067,0.4064,0.4062,0.4059,0.4056,0.4053,0.405,0.4047,0.4044,0.4041,0.4038,0.4035,0.4032,0.403,0.4027,0.4024,0.4021,0.4018,0.4015,0.4012,0.4009,0.4007,0.4004,0.4001,0.3998,0.3995,0.3992,0.399,0.3987,0.3984,0.3982,0.3979
0.4244,0.4277,0.4311,0.4348,0.4388,0.4429,0.447,0.4514,0.4561,0.5204,0.527,0.5334,0.5384,0.5431,0.5478,0.5526,0.5575,0.4982,0.4969,0.4953,0.4936,0.4919,0.4902,0.4886,0.4869,0.4853,0.4837,0.4821,0.481,0.4825,0.4846,0.4871,0.49,0.493,0.496,0.4991,0.5023,0.5065,0.5108,0.517,0.5218,0.5253,0.5288,0.5323,0.536,0.5389,0.5407,0.5426,0.5444,0.5462,0.5481,0.5499,0.6339,0.6334,0.6331,0.6329,0.5437,0.5432,0.5428,0.5423,0.5417,0.5408,0.5399,0.539,0.5382,0.5373,0.5364,0.5355,0.5345,0.5334,0.5324,0.5313,0.5303,0.5293,0.5283,0.5272,0.5323,0.4962,0.4905,0.4885,0.4874,0.4872,0.4871,0.4869,0.4867,0.4411,0.4319,0.4212,0.4074,0.3991,0.399,0.3989,0.3988,0.3987,0.3986,0.3985,0.3984,0.3983,0.3982,0.3981,0.3979,0.3978,0.3977,0.3976,0.3975,0.3974,0.3973,0.3972,0.3971,0.397,0.3974,0.4004,0.4034,0.4064,0.4095,0.4127,0.4159,0.4191,0.4313,0.4434,0.4485,0.4519,0.45,0.4481,0.4463,0.4445,0.4426,0.4408,0.4391,0.4373,0.4355,0.4338,0.432,0.4303,0.4286,0.4269,0.4254,0.4243,0.4231,0.422,0.4209,0.4206,0.4215,0.4216,0.4216,0.4216,0.4216,0.4216,0.4219,0.4223,0.4226,0.4221,0.4213,0.4205,0.4197,0.4189,0.4181,0.4173,0.4165,0.4157,0.4149,0.4142,0.4134,0.413,0.4129,0.4128,0.4127,0.4126,0.4125,0.4124,0.4123,0.4122,0.4121,0.412,0.4119,0.4118,0.4117,0.4116,0.4115,0.4114,0.4113,0.4112,0.4111,0.411,0.4109,0.4108,0.4107,0.4106,0.4106,0.4105,0.4104,0.4103,0.4102,0.4102,0.4102,0.4102,0.4101,0.4101,0.4101,0.4101,0.4101,0.4101,0.41,0.41,0.41,0.41,0.41,0.41,0.41,0.4099,0.4099,0.4099,0.4097,0.4096,0.4094,0.4092,0.4091,0.4089,0.4087,0.4084,0.4081,0.4078,0.4075,0.4072,0.4069,0.4066,0.4063,0.4061,0.4058,0.4055,0.4052,0.4049,0.4046,0.4043,0.404,0.4037,0.4034,0.4031,0.4029,0.4026,0.4023,0.402,0.4017,0.4014,0.4011,0.4008,0.4006,0.4003,0.4,0.3997,0.3994,0.3992,0.3989,0.3986,0.3983,0.3981
0.4231,0.4264,0.4297,0.4331,0.4371,0.4411,0.4452,0.4495,0.4541,0.4588,0.5242,0.5309,0.5369,0.5415,0.5462,0.551,0.5559,0.5609,0.4946,0.4934,0.4922,0.4909,0.4897,0.4885,0.4873,0.4858,0.4842,0.4825,0.4811,0.4827,0.4856,0.4885,0.4915,0.4945,0.4975,0.5006,0.5037,0.5079,0.5122,0.5159,0.518,0.5201,0.5223,0.5244,0.5266,0.5297,0.5332,0.5369,0.5406,0.5431,0.5449,0.5467,0.5525,0.5651,0.5445,0.5441,0.5436,0.5431,0.5426,0.5422,0.5415,0.5406,0.5397,0.5388,0.538,0.5371,0.5362,0.5354,0.5345,0.5336,0.5327,0.5317,0.5307,0.5296,0.5286,0.5276,0.5267,0.4974,0.4914,0.4894,0.4876,0.4874,0.4873,0.4871,0.4869,0.4476,0.4396,0.4289,0.4124,0.3992,0.3991,0.399,0.3989,0.3988,0.3987,0.3986,0.3985,0.3984,0.3983,0.3981,0.398,0.3979,0.3978,0.3977,0.3976,0.3975,0.3974,0.3973,0.3972,0.3971,0.3969,0.3992,0.4022,0.4052,0.4083,0.4114,0.4146,0.4178,0.424,0.4383,0.4466,0.4518,0.4509,0.449,0.4472,0.4453,0.4435,0.4417,0.4399,0.4381,0.4364,0.4346,0.4329,0.4311,0.4294,0.4279,0.4268,0.4257,0.4245,0.4234,0.4223,0.4222,0.4231,0.4233,0.4233,0.4234,0.4234,0.4234,0.4234,0.4226,0.4218,0.421,0.4202,0.4194,0.4186,0.4178,0.417,0.4162,0.4154,0.4146,0.4139,0.4136,0.4135,0.4134,0.4133,0.4132,0.4131,0.413,0.4129,0.4128,0.4127,0.4126,0.4125,0.4124,0.4123,0.4122,0.4121,0.412,0.4119,0.4118,0.4117,0.4116,0.4115,0.4115,0.4114,0.4113,0.4112,0.4111,0.411,0.4109,0.4108,0.4107,0.4107,0.4107,0.4107,0.4107,0.4106,0.4106,0.4106,0.4106,0.4106,0.4106,0.4105,0.4105,0.4105,0.4105,0.4105,0.4105,0.4104,0.4104,0.4102,0.4101,0.4099,0.4097,0.4096,0.4094,0.4092,0.4091,0.4089,0.4086,0.4083,0.408,0.4077,0.4074,0.4071,0.4068,0.4065,0.4063,0.406,0.4057,0.4054,0.4051,0.4048,0.4045,0.4042,0.4039,0.4036,0.4033,0.403,0.4028,0.4025,0.4022,0.4019,0.4016,0.4013,0.401,0.4008,0.4005,0.4002,0.3999,0.3996,0.3994,0.3991,0.3988,0.3985,0.3983
0.4217,0.425,0.4283,0.4317,0.4354,0.4394,0.4434,0.4476,0.4522,0.4568,0.5213,0.528,0.5347,0.54,0.5446,0.5494,0.5543,0.5592,0.4942,0.4912,0.4899,0.4887,0.4875,0.4863,0.4851,0.4839,0.4827,0.4815,0.4806,0.4841,0.487,0.49,0.493,0.496,0.499,0.5021,0.5053,0.5092,0.5136,0.5166,0.5187,0.5208,0.523,0.5252,0.5274,0.5296,0.5318,0.5341,0.5364,0.5387,0.541,0.5433,0.5454,0.5449,0.5444,0.544,0.5435,0.543,0.5425,0.5421,0.5413,0.5404,0.5395,0.5387,0.5378,0.5369,0.536,0.5352,0.5343,0.5334,0.5326,0.5317,0.5309,0.53,0.529,0.528,0.5269,0.4986,0.4924,0.4903,0.4883,0.4876,0.4874,0.4873,0.4871,0.4544,0.4461,0.4369,0.3993,0.3992,0.3991,0.399,0.399,0.3989,0.3988,0.3987,0.3986,0.3985,0.3983,0.3982,0.3981,0.398,0.3979,0.3978,0.3977,0.3976,0.3975,0.3974,0.3973,0.3971,0.397,0.3981,0.4011,0.4041,0.4071,0.4102,0.4134,0.4166,0.4199,0.4307,0.4448,0.4499,0.4518,0.4499,0.4481,0.4462,0.4444,0.4426,0.4408,0.439,0.4372,0.4354,0.4337,0.432,0.4305,0.4294,0.4282,0.4271,0.4259,0.4248,0.4237,0.4238,0.4247,0.4251,0.4251,0.4251,0.4252,0.4244,0.4224,0.4215,0.4207,0.4199,0.4191,0.4183,0.4175,0.4167,0.4159,0.4151,0.4143,0.4142,0.4141,0.414,0.4139,0.4138,0.4137,0.4136,0.4135,0.4134,0.4133,0.4132,0.4131,0.413,0.4129,0.4128,0.4127,0.4126,0.4126,0.4125,0.4124,0.4123,0.4122,0.4121,0.412,0.4119,0.4118,0.4117,0.4116,0.4115,0.4114,0.4113,0.4112,0.4112,0.4112,0.4112,0.4112,0.4112,0.4111,0.4111,0.4111,0.4111,0.4111,0.4111,0.411,0.411,0.411,0.411,0.411,0.4109,0.4107,0.4105,0.4104,0.4102,0.41,0.4099,0.4097,0.4095,0.4094,0.4092,0.409,0.4088,0.4085,0.4082,0.4079,0.4076,0.4073,0.407,0.4067,0.4064,0.4062,0.4059,0.4056,0.4053,0.405,0.4047,0.4044,0.4041,0.4038,0.4035,0.4032,0.403,0.4027,0.4024,0.4021,0.4018,0.4015,0.4012,0.4009,0.4007,0.4004,0.4001,0.3998,0.3995,0.3993,0.399,0.3987,0.3985
0.4204,0.4237,0.427,0.4303,0.4337,0.4377,0.4417,0.4458,0.4502,0.4549,0.4596,0.5251,0.5319,0.5384,0.5431,0.5478,0.5526,0.5576,0.4944,0.4905,0.4877,0.4865,0.4853,0.4841,0.4829,0.4817,0.4806,0.4794,0.4798,0.4803,0.4842,0.4914,0.4944,0.4975,0.5005,0.5037,0.5068,0.5105,0.5149,0.5174,0.5195,0.5216,0.5237,0.5259,0.5281,0.5304,0.5326,0.5349,0.5371,0.5394,0.5418,0.5441,0.5459,0.5448,0.5443,0.5438,0.5434,0.5429,0.5424,0.542,0.5411,0.5402,0.5393,0.5385,0.5376,0.5367,0.5358,0.535,0.5341,0.5332,0.5324,0.5315,0.5307,0.5298,0.529,0.5281,0.5273,0.4998,0.4933,0.4913,0.4892,0.4878,0.4876,0.4874,0.4873,0.4871,0.4528,0.4446,0.3993,0.3992,0.3991,0.3991,0.399,0.3989,0.3988,0.3988,0.3987,0.3985,0.3984,0.3983,0.3982,0.3981,0.398,0.3979,0.3978,0.3977,0.3976,0.3974,0.3973,0.3972,0.3971,0.397,0.3999,0.4029,0.4059,0.409,0.4122,0.4154,0.4186,0.4235,0.4377,0.448,0.4527,0.4508,0.449,0.4471,0.4453,0.4434,0.4416,0.4398,0.4381,0.4363,0.4345,0.4332,0.432,0.4308,0.4297,0.4285,0.4274,0.4262,0.4251,0.4253,0.4263,0.4269,0.4269,0.4269,0.4248,0.4228,0.4212,0.4204,0.4196,0.4188,0.418,0.4172,0.4164,0.4156,0.4149,0.4148,0.4147,0.4146,0.4145,0.4144,0.4143,0.4143,0.4142,0.4141,0.414,0.4139,0.4138,0.4137,0.4136,0.4135,0.4134,0.4133,0.4132,0.4131,0.413,0.4129,0.4128,0.4127,0.4126,0.4125,0.4124,0.4123,0.4122,0.4121,0.412,0.4119,0.4118,0.4117,0.4117,0.4117,0.4117,0.4117,0.4117,0.4116,0.4116,0.4116,0.4116,0.4116,0.4116,0.4116,0.4115,0.4115,0.4115,0.4114,0.4112,0.411,0.4109,0.4107,0.4105,0.4104,0.4102,0.41,0.4099,0.4097,0.4095,0.4094,0.4092,0.409,0.4087,0.4084,0.4081,0.4078,0.4075,0.4072,0.4069,0.4066,0.4063,0.4061,0.4058,0.4055,0.4052,0.4049,0.4046,0.4043,0.404,0.4037,0.4034,0.4031,0.4029,0.4026,0.4023,0.402,0.4017,0.4014,0.4011,0.4008,0.4006,0.4003,0.4,0.3997,0.3995,0.3992,0.3989,0.3986
0.4191,0.4223,0.4256,0.429,0.4324,0.436,0.44,0.444,0.4483,0.4529,0.4576,0.5223,0.529,0.5359,0.5415,0.5462,0.551,0.556,0.5612,0.4907,0.4868,0.4844,0.4832,0.482,0.4808,0.4796,0.4784,0.4785,0.479,0.4795,0.4799,0.4831,0.4929,0.499,0.5021,0.5052,0.5084,0.5119,0.5161,0.5182,0.5203,0.5224,0.5245,0.5267,0.5289,0.5311,0.5334,0.5356,0.5379,0.5402,0.5425,0.5446,0.5466,0.5447,0.5442,0.5437,0.5433,0.5428,0.5423,0.5418,0.5409,0.54,0.5391,0.5383,0.5374,0.5365,0.5356,0.5348,0.5339,0.5331,0.5322,0.5313,0.5305,0.5296,0.5288,0.5279,0.5272,0.5011,0.4943,0.4922,0.4902,0.4881,0.4878,0.4796,0.4748,0.4701,0.4597,0.3994,0.3993,0.3992,0.3992,0.3991,0.399,0.3989,0.3989,0.3988,0.3987,0.3986,0.3985,0.3984,0.3983,0.3982,0.3981,0.398,0.3979,0.3978,0.3976,0.3975,0.3974,0.3973,0.3972,0.3971,0.3988,0.4017,0.4048,0.4078,0.411,0.4141,0.4173,0.4206,0.4302,0.4448,0.4513,0.4517,0.4499,0.448,0.4461,0.4443,0.4425,0.4407,0.4389,0.4371,0.4358,0.4346,0.4335,0.4323,0.4311,0.4299,0.4288,0.4276,0.4265,0.4269,0.4279,0.4287,0.4272,0.4251,0.4231,0.4211,0.4201,0.4193,0.4185,0.4177,0.4169,0.4161,0.4156,0.4155,0.4154,0.4153,0.4152,0.4151,0.415,0.4149,0.4148,0.4147,0.4146,0.4145,0.4144,0.4143,0.4142,0.4141,0.414,0.4139,0.4138,0.4137,0.4136,0.4135,0.4134,0.4133,0.4132,0.4131,0.413,0.4129,0.4128,0.4127,0.4126,0.4125,0.4124,0.4123,0.4123,0.4122,0.4122,0.4122,0.4122,0.4122,0.4122,0.4121,0.4121,0.4121,0.4121,0.4121,0.4121,0.412,0.412,0.4118,0.4117,0.4115,0.4113,0.4112,0.411,0.4108,0.4107,0.4105,0.4103,0.4102,0.41,0.4098,0.4097,0.4095,0.4093,0.4092,0.4089,0.4086,0.4083,0.408,0.4077,0.4074,0.4071,0.4068,0.4065,0.4062,0.406,0.4057,0.4054,0.4051,0.4048,0.4045,0.4042,0.4039,0.4036,0.4033,0.403,0.4028,0.4025,0.4022,0.4019,0.4016,0.4013,0.401,0.4008,0.4005,0.4002,0.3999,0.3997,0.3994,0.3991,0.3988
0.4178,0.421,0.4243,0.4276,0.431,0.4344,0.4382,0.4423,0.4464,0.451,0.4556,0.4604,0.5261,0.5329,0.5399,0.5446,0.5495,0.5545,0.5596,0.4908,0.487,0.4832,0.481,0.4799,0.4787,0.4775,0.4772,0.4777,0.4782,0.4786,0.4791,0.4798,0.482,0.4918,0.502,0.5067,0.5099,0.5133,0.5169,0.519,0.5211,0.5232,0.5253,0.5274,0.5296,0.5319,0.5341,0.5364,0.5387,0.5409,0.5431,0.5452,0.5473,0.5447,0.5441,0.5436,0.5432,0.5427,0.5422,0.5416,0.5407,0.5398,0.5389,0.5381,0.5372,0.5363,0.5355,0.5346,0.5337,0.5329,0.532,0.5312,0.5303,0.5294,0.5286,0.5281,0.5276,0.5023,0.4952,0.4932,0.4911,0.4877,0.4827,0.4778,0.4731,0.4699,0.4668,0.3994,0.3993,0.3993,0.3992,0.3991,0.399,0.399,0.3989,0.3988,0.3988,0.3987,0.3986,0.3985,0.3984,0.3983,0.3982,0.3981,0.398,0.3978,0.3977,0.3976,0.3975,0.3974,0.3973,0.3972,0.3976,0.4006,0.4036,0.4067,0.4098,0.4129,0.4161,0.4193,0.4229,0.4371,0.4494,0.4526,0.4507,0.4489,0.447,0.4452,0.4434,0.4416,0.4398,0.4385,0.4373,0.4361,0.4349,0.4337,0.4326,0.4314,0.4302,0.4291,0.4279,0.4285,0.4295,0.4286,0.4255,0.4234,0.4214,0.4198,0.419,0.4182,0.4174,0.4166,0.4162,0.4161,0.416,0.4159,0.4158,0.4157,0.4156,0.4155,0.4154,0.4153,0.4152,0.4151,0.415,0.4149,0.4148,0.4147,0.4146,0.4145,0.4144,0.4143,0.4142,0.4141,0.414,0.4139,0.4138,0.4137,0.4136,0.4135,0.4134,0.4133,0.4132,0.4131,0.413,0.4129,0.4128,0.4128,0.4128,0.4127,0.4127,0.4127,0.4127,0.4127,0.4127,0.4126,0.4126,0.4126,0.4126,0.4126,0.4125,0.4123,0.4122,0.412,0.4118,0.4117,0.4115,0.4113,0.4112,0.411,0.4108,0.4107,0.4105,0.4103,0.4102,0.41,0.4098,0.4097,0.4095,0.4093,0.4091,0.4088,0.4085,0.4082,0.4079,0.4076,0.4073,0.407,0.4067,0.4064,0.4062,0.4059,0.4056,0.4053,0.405,0.4047,0.4044,0.4041,0.4038,0.4035,0.4032,0.403,0.4027,0.4024,0.4021,0.4018,0.4015,0.4012,0.4009,0.4007,0.4004,0.4001,0.3998,0.3996,0.3993,0.399
0.4165,0.4197,0.423,0.4263,0.4296,0.433,0.4365,0.4405,0.4446,0.449,0.4536,0.4584,0.5232,0.53,0.5369,0.5432,0.548,0.553,0.5581,0.491,0.4871,0.4834,0.4797,0.4777,0.4766,0.4759,0.4764,0.4769,0.4773,0.4778,0.4783,0.4788,0.4797,0.4818,0.4907,0.5008,0.5114,0.5147,0.5177,0.5198,0.5218,0.524,0.5261,0.5282,0.5304,0.5326,0.5349,0.5372,0.5394,0.5415,0.5437,0.5458,0.548,0.5454,0.544,0.5435,0.543,0.5426,0.5421,0.5414,0.5405,0.5396,0.5388,0.5379,0.537,0.5361,0.5353,0.5344,0.5335,0.5327,0.5318,0.531,0.5301,0.5296,0.5291,0.5286,0.5281,0.5276,0.4962,0.4941,0.4911,0.4861,0.4811,0.4778,0.4748,0.4719,0.4694,0.3994,0.3994,0.3993,0.3992,0.3991,0.3991,0.399,0.3989,0.3989,0.3988,0.3987,0.3986,0.3986,0.3985,0.3984,0.3983,0.3982,0.398,0.3979,0.3978,0.3977,0.3976,0.3975,0.3974,0.3973,0.3972,0.3994,0.4024,0.4055,0.4086,0.4117,0.4149,0.4181,0.4214,0.4296,0.4442,0.4528,0.4516,0.4498,0.4479,0.4461,0.4442,0.4425,0.4412,0.44,0.4388,0.4376,0.4364,0.4352,0.434,0.4329,0.4317,0.4305,0.4294,0.4301,0.4311,0.4284,0.4242,0.4218,0.4197,0.4187,0.4179,0.4171,0.4168,0.4167,0.4166,0.4165,0.4164,0.4163,0.4162,0.4161,0.416,0.4159,0.4158,0.4157,0.4156,0.4155,0.4154,0.4153,0.4152,0.4151,0.415,0.4149,0.4148,0.4147,0.4146,0.4145,0.4144,0.4143,0.4142,0.4141,0.414,0.4139,0.4138,0.4137,0.4136,0.4135,0.4134,0.4133,0.4133,0.4133,0.4133,0.4132,0.4132,0.4132,0.4132,0.4132,0.4132,0.4131,0.4131,0.4131,0.413,0.4128,0.4126,0.4125,0.4123,0.4121,0.412,0.4118,0.4116,0.4115,0.4113,0.4111,0.411,0.4108,0.4106,0.4105,0.4103,0.4101,0.41,0.4098,0.4096,0.4095,0.4093,0.409,0.4087,0.4084,0.4081,0.4078,0.4075,0.4072,0.4069,0.4066,0.4063,0.4061,0.4058,0.4055,0.4052,0.4049,0.4046,0.4043,0.404,0.4037,0.4034,0.4031,0.4029,0.4026,0.4023,0.402,0.4017,0.4014,0.4011,0.4009,0.4006,0.4003,0.4,0.3998,0.3995,0.3992
0.4152,0.4184,0.4216,0.4249,0.4282,0.4316,0.435,0.4388,0.4429,0.4471,0.4517,0.4564,0.5204,0.5271,0.5339,0.5439,0.5482,0.5526,0.557,0.4911,0.4873,0.4835,0.4798,0.4762,0.4747,0.4751,0.4756,0.4761,0.4765,0.477,0.4775,0.4779,0.4784,0.4796,0.4817,0.4896,0.4997,0.5102,0.5184,0.5205,0.5226,0.5248,0.5269,0.5291,0.5312,0.5334,0.5357,0.5378,0.5399,0.5421,0.5442,0.5464,0.5486,0.5461,0.5439,0.5434,0.5429,0.5425,0.542,0.5412,0.5403,0.5394,0.5386,0.5377,0.5368,0.5359,0.5351,0.5342,0.5333,0.5325,0.5316,0.531,0.5305,0.53,0.5295,0.529,0.5285,0.528,0.4972,0.4946,0.4894,0.4859,0.4828,0.4798,0.4769,0.4739,0.3995,0.3995,0.3994,0.3993,0.3992,0.3992,0.3991,0.399,0.399,0.3989,0.3988,0.3987,0.3987,0.3986,0.3985,0.3985,0.3984,0.3982,0.3981,0.398,0.3979,0.3978,0.3977,0.3976,0.3975,0.3974,0.3973,0.3983,0.4013,0.4043,0.4074,0.4105,0.4136,0.4168,0.4201,0.4282,0.4365,0.4508,0.4526,0.4507,0.4488,0.4469,0.4452,0.444,0.4428,0.4415,0.4403,0.4391,0.4379,0.4367,0.4355,0.4343,0.4331,0.432,0.4308,0.4318,0.4324,0.4281,0.424,0.4201,0.4184,0.4176,0.4174,0.4173,0.4172,0.4171,0.417,0.4169,0.4168,0.4167,0.4166,0.4165,0.4164,0.4163,0.4162,0.4161,0.416,0.4159,0.4158,0.4157,0.4156,0.4155,0.4154,0.4153,0.4152,0.4151,0.415,0.4149,0.4148,0.4147,0.4146,0.4145,0.4144,0.4143,0.4142,0.4141,0.414,0.4139,0.4138,0.4138,0.4138,0.4138,0.4138,0.4137,0.4137,0.4137,0.4137,0.4137,0.4137,0.4136,0.4135,0.4133,0.4131,0.413,0.4128,0.4126,0.4125,0.4123,0.4121,0.412,0.4118,0.4116,0.4115,0.4113,0.4111,0.411,0.4108,0.4106,0.4105,0.4103,0.4101,0.41,0.4098,0.4096,0.4095,0.4092,0.4089,0.4086,0.4083,0.408,0.4077,0.4074,0.4071,0.4068,0.4065,0.4062,0.406,0.4057,0.4054,0.4051,0.4048,0.4045,0.4042,0.4039,0.4036,0.4033,0.403,0.4028,0.4025,0.4022,0.4019,0.4016,0.4013,0.4011,0.4008,0.4005,0.4002,0.4,0.3997,0.3994
0.4140,0.4171,0.4203,0.4236,0.4269,0.4302,0.4336,0.4371,0.4411,0.4452,0.4498,0.4544,0.4591,0.5242,0.5331,0.5447,0.549,0.5534,0.5578,0.5624,0.4874,0.4837,0.48,0.4763,0.4739,0.4733,0.4744,0.4752,0.4757,0.4762,0.4766,0.4771,0.4776,0.478,0.4796,0.4817,0.4885,0.4985,0.5116,0.5213,0.5234,0.5255,0.5277,0.5298,0.532,0.5342,0.5369,0.5384,0.5405,0.5427,0.5448,0.547,0.5492,0.5468,0.5442,0.5433,0.5428,0.5424,0.5419,0.541,0.5401,0.5392,0.5384,0.5375,0.5366,0.5357,0.5349,0.534,0.5332,0.5325,0.532,0.5314,0.5309,0.5304,0.5299,0.5294,0.5289,0.5284,0.4981,0.4942,0.4911,0.488,0.4849,0.4819,0.4789,0.4759,0.3996,0.3995,0.3994,0.3993,0.3993,0.3992,0.3991,0.3991,0.399,0.3989,0.3988,0.3988,0.3987,0.3986,0.3986,0.3985,0.3984,0.3983,0.3982,0.3981,0.398,0.3979,0.3978,0.3977,0.3976,0.3975,0.3974,0.3972,0.4001,0.4031,0.4062,0.4093,0.4124,0.4156,0.4188,0.4221,0.4353,0.4436,0.4535,0.4516,0.4497,0.448,0.4468,0.4455,0.4443,0.4431,0.4418,0.4406,0.4394,0.4382,0.437,0.4358,0.4346,0.4334,0.4324,0.4334,0.4322,0.4279,0.4238,0.4197,0.4179,0.418,0.4179,0.4178,0.4177,0.4176,0.4174,0.4173,0.4172,0.4171,0.417,0.4169,0.4168,0.4167,0.4166,0.4165,0.4164,0.4163,0.4162,0.4161,0.416,0.4159,0.4158,0.4157,0.4156,0.4155,0.4154,0.4153,0.4152,0.4151,0.415,0.4149,0.4148,0.4147,0.4146,0.4145,0.4144,0.4144,0.4143,0.4143,0.4143,0.4143,0.4143,0.4142,0.4142,0.4142,0.4142,0.4141,0.414,0.4138,0.4136,0.4135,0.4133,0.4131,0.4129,0.4128,0.4126,0.4124,0.4123,0.4121,0.4119,0.4118,0.4116,0.4114,0.4113,0.4111,0.4109,0.4108,0.4106,0.4104,0.4103,0.4101,0.4099,0.4098,0.4096,0.4094,0.4091,0.4088,0.4085,0.4082,0.4079,0.4076,0.4073,0.407,0.4067,0.4064,0.4061,0.4059,0.4056,0.4053,0.405,0.4047,0.4044,0.4041,0.4038,0.4035,0.4032,0.4029,0.4027,0.4024,0.4021,0.4018,0.4015,0.4012,0.401,0.4007,0.4004,0.4001,0.3999,0.3996
0.4127,0.4158,0.419,0.4222,0.4255,0.4289,0.4323,0.4357,0.4394,0.4435,0.4478,0.4524,0.4571,0.5213,0.5366,0.5455,0.5498,0.5542,0.5587,0.5632,0.4876,0.4838,0.4801,0.4765,0.4739,0.4733,0.4728,0.4722,0.4722,0.4734,0.4746,0.4758,0.4768,0.4772,0.4777,0.4795,0.4816,0.4874,0.4997,0.514,0.5241,0.5263,0.5284,0.5306,0.5328,0.535,0.5392,0.5398,0.5411,0.5433,0.5454,0.5476,0.5498,0.5475,0.5449,0.5432,0.5427,0.5422,0.5417,0.5408,0.5399,0.539,0.5382,0.5373,0.5364,0.5356,0.5347,0.5339,0.5334,0.5329,0.5324,0.5319,0.5314,0.5309,0.5304,0.5299,0.5294,0.5289,0.4997,0.4964,0.4933,0.4901,0.487,0.484,0.4809,0.3995,0.3994,0.3994,0.3994,0.3993,0.3993,0.3992,0.3992,0.3991,0.399,0.3989,0.3989,0.3988,0.3987,0.3987,0.3986,0.3985,0.3984,0.3984,0.3983,0.3982,0.3981,0.398,0.3979,0.3978,0.3977,0.3976,0.3974,0.3973,0.399,0.402,0.405,0.4081,0.4112,0.4144,0.4176,0.4209,0.4364,0.4426,0.4509,0.4525,0.4509,0.4496,0.4483,0.4471,0.4458,0.4446,0.4434,0.4421,0.4409,0.4397,0.4385,0.4373,0.4361,0.4349,0.4341,0.4351,0.432,0.4277,0.4236,0.4204,0.4175,0.4173,0.4173,0.4176,0.418,0.418,0.4179,0.4178,0.4177,0.4176,0.4175,0.4174,0.4173,0.4172,0.4171,0.417,0.4169,0.4168,0.4167,0.4166,0.4165,0.4164,0.4163,0.4162,0.4161,0.416,0.4159,0.4158,0.4157,0.4156,0.4155,0.4154,0.4153,0.4152,0.4151,0.415,0.4149,0.4149,0.4148,0.4148,0.4148,0.4148,0.4148,0.4148,0.4147,0.4146,0.4144,0.4143,0.4141,0.4139,0.4138,0.4136,0.4134,0.4133,0.4131,0.4129,0.4128,0.4126,0.4124,0.4123,0.4121,0.4119,0.4118,0.4116,0.4114,0.4113,0.4111,0.4109,0.4108,0.4106,0.4104,0.4103,0.4101,0.4099,0.4098,0.4096,0.4093,0.409,0.4087,0.4084,0.4081,0.4078,0.4075,0.4072,0.4069,0.4066,0.4063,0.4061,0.4058,0.4055,0.4052,0.4049,0.4046,0.4043,0.404,0.4037,0.4034,0.4031,0.4029,0.4026,0.4023,0.402,0.4017,0.4014,0.4012,0.4009,0.4006,0.4003,0.4001,0.3998
0.4114,0.4145,0.4177,0.4209,0.4242,0.4275,0.4309,0.4343,0.4378,0.4417,0.4459,0.4505,0.4551,0.4599,0.5409,0.5463,0.5506,0.555,0.5595,0.5641,0.4877,0.484,0.4803,0.4766,0.4739,0.4733,0.4728,0.4722,0.4717,0.4711,0.4707,0.4721,0.4735,0.4749,0.4763,0.4778,0.4798,0.4818,0.4883,0.502,0.5165,0.527,0.5292,0.5314,0.5336,0.5358,0.5406,0.5429,0.5427,0.5438,0.546,0.5482,0.5504,0.5482,0.5456,0.5431,0.5426,0.5421,0.5415,0.5406,0.5397,0.5389,0.538,0.5371,0.5362,0.5354,0.5349,0.5344,0.5339,0.5334,0.5328,0.5323,0.5318,0.5313,0.5308,0.5303,0.5298,0.5293,0.5288,0.4986,0.4954,0.4923,0.4891,0.4861,0.402,0.3993,0.3993,0.3993,0.3992,0.3992,0.3992,0.3992,0.3991,0.3991,0.399,0.399,0.3989,0.3988,0.3987,0.3987,0.3986,0.3985,0.3985,0.3984,0.3983,0.3982,0.3982,0.3981,0.398,0.3979,0.3978,0.3976,0.3975,0.3974,0.3979,0.4008,0.4038,0.4069,0.41,0.4131,0.4163,0.4196,0.4229,0.4437,0.4502,0.4537,0.4525,0.4512,0.4499,0.4486,0.4474,0.4461,0.4449,0.4437,0.4424,0.4412,0.44,0.4388,0.4376,0.4364,0.4357,0.4361,0.4318,0.4275,0.4242,0.4213,0.4184,0.417,0.4167,0.4165,0.4167,0.417,0.4174,0.4178,0.4181,0.418,0.4179,0.4178,0.4177,0.4176,0.4175,0.4174,0.4173,0.4172,0.4171,0.417,0.4169,0.4168,0.4167,0.4166,0.4165,0.4164,0.4163,0.4162,0.4161,0.416,0.4159,0.4158,0.4157,0.4156,0.4155,0.4154,0.4154,0.4154,0.4153,0.4153,0.4153,0.4153,0.4153,0.4151,0.4149,0.4148,0.4146,0.4144,0.4143,0.4141,0.4139,0.4138,0.4136,0.4134,0.4132,0.4131,0.4129,0.4127,0.4126,0.4124,0.4122,0.4121,0.4119,0.4117,0.4116,0.4114,0.4112,0.4111,0.4109,0.4107,0.4106,0.4104,0.4102,0.4101,0.4099,0.4097,0.4095,0.4092,0.4089,0.4086,0.4083,0.408,0.4077,0.4074,0.4071,0.4068,0.4065,0.4062,0.406,0.4057,0.4054,0.4051,0.4048,0.4045,0.4042,0.4039,0.4036,0.4033,0.403,0.4028,0.4025,0.4022,0.4019,0.4016,0.4014,0.4011,0.4008,0.4005,0.4003,0.4
0.4102,0.4133,0.4164,0.4196,0.4229,0.4262,0.4295,0.4329,0.4364,0.44,0.444,0.4486,0.4532,0.4579,0.5428,0.547,0.5514,0.5557,0.5594,0.5631,0.5669,0.4841,0.4804,0.4767,0.4739,0.4733,0.4728,0.4722,0.4716,0.4711,0.4708,0.4714,0.4727,0.4741,0.4755,0.4769,0.4786,0.4806,0.483,0.4881,0.5044,0.519,0.53,0.5321,0.5343,0.5372,0.542,0.5459,0.5458,0.5457,0.5466,0.5488,0.551,0.5489,0.5463,0.5436,0.5425,0.542,0.5413,0.5404,0.5395,0.5387,0.5378,0.5369,0.5364,0.5358,0.5353,0.5348,0.5343,0.5338,0.5333,0.5328,0.5323,0.5318,0.5313,0.5308,0.5303,0.5297,0.5292,0.5009,0.4976,0.4944,0.4913,0.4882,0.3992,0.3992,0.3992,0.3992,0.3991,0.3991,0.3991,0.399,0.399,0.399,0.3989,0.3989,0.3989,0.3988,0.3988,0.3987,0.3986,0.3986,0.3985,0.3984,0.3983,0.3983,0.3982,0.3981,0.3981,0.398,0.3978,0.3977,0.3976,0.3975,0.3974,0.3997,0.4027,0.4057,0.4088,0.4119,0.4151,0.4183,0.4216,0.4449,0.4514,0.454,0.4533,0.4523,0.4513,0.4502,0.449,0.4477,0.4464,0.4452,0.444,0.4427,0.4415,0.4403,0.4391,0.4379,0.4374,0.4359,0.4316,0.4281,0.4251,0.4222,0.4193,0.4168,0.4165,0.4162,0.416,0.4157,0.4161,0.4165,0.4168,0.4172,0.4176,0.4179,0.4181,0.418,0.4179,0.4178,0.4177,0.4176,0.4175,0.4174,0.4173,0.4172,0.4171,0.417,0.4169,0.4168,0.4167,0.4166,0.4165,0.4164,0.4163,0.4162,0.4161,0.416,0.4159,0.4159,0.4159,0.4159,0.4158,0.4158,0.4158,0.4156,0.4154,0.4153,0.4151,0.4149,0.4148,0.4146,0.4144,0.4142,0.4141,0.4139,0.4137,0.4136,0.4134,0.4132,0.4131,0.4129,0.4127,0.4126,0.4124,0.4122,0.4121,0.4119,0.4117,0.4116,0.4114,0.4112,0.4111,0.4109,0.4107,0.4106,0.4104,0.4102,0.4101,0.4099,0.4097,0.4094,0.4091,0.4088,0.4085,0.4082,0.4079,0.4076,0.4073,0.407,0.4067,0.4064,0.4061,0.4059,0.4056,0.4053,0.405,0.4047,0.4044,0.4041,0.4038,0.4035,0.4032,0.4029,0.4027,0.4024,0.4021,0.4018,0.4016,0.4013,0.401,0.4007,0.4005,0.4002
0.4089,0.412,0.4151,0.4183,0.4215,0.4248,0.4281,0.4315,0.4349,0.4384,0.4423,0.4466,0.4512,0.4559,0.4606,0.5456,0.549,0.5526,0.5563,0.56,0.5637,0.4843,0.4805,0.4769,0.4738,0.4733,0.4727,0.4722,0.4716,0.4711,0.4709,0.471,0.472,0.4733,0.4747,0.4761,0.4775,0.4794,0.4814,0.4851,0.4906,0.502,0.5215,0.5329,0.5351,0.5386,0.5435,0.5484,0.5489,0.5488,0.5487,0.5494,0.5516,0.5496,0.547,0.5443,0.5424,0.5419,0.5411,0.5402,0.5393,0.5385,0.5378,0.5373,0.5368,0.5363,0.5358,0.5353,0.5348,0.5342,0.5337,0.5332,0.5327,0.5322,0.5317,0.5312,0.5307,0.5302,0.5297,0.5034,0.4999,0.4966,0.4935,0.4026,0.3991,0.3991,0.3991,0.399,0.399,0.399,0.3989,0.3989,0.3989,0.3988,0.3988,0.3988,0.3987,0.3987,0.3987,0.3986,0.3986,0.3986,0.3985,0.3984,0.3984,0.3983,0.3982,0.3982,0.3981,0.398,0.3979,0.3978,0.3977,0.3976,0.3975,0.3985,0.4015,0.4045,0.4076,0.4107,0.4139,0.4171,0.4204,0.4461,0.4508,0.4533,0.4539,0.4529,0.4519,0.4509,0.45,0.449,0.448,0.4468,0.4455,0.4443,0.443,0.4418,0.4406,0.4394,0.4391,0.4357,0.432,0.429,0.426,0.4231,0.4202,0.4173,0.4163,0.416,0.4157,0.4154,0.4152,0.4152,0.4155,0.4159,0.4162,0.4166,0.417,0.4173,0.4177,0.4181,0.4181,0.418,0.4179,0.4178,0.4177,0.4176,0.4175,0.4174,0.4173,0.4172,0.4171,0.417,0.4169,0.4168,0.4167,0.4166,0.4165,0.4164,0.4164,0.4164,0.4164,0.4164,0.4163,0.4161,0.4159,0.4158,0.4156,0.4154,0.4152,0.4151,0.4149,0.4147,0.4146,0.4144,0.4142,0.4141,0.4139,0.4137,0.4135,0.4134,0.4132,0.413,0.4129,0.4127,0.4125,0.4124,0.4122,0.412,0.4119,0.4117,0.4115,0.4114,0.4112,0.411,0.4109,0.4107,0.4105,0.4104,0.4102,0.41,0.4099,0.4096,0.4093,0.409,0.4087,0.4084,0.4081,0.4078,0.4075,0.4072,0.4069,0.4066,0.4063,0.406,0.4058,0.4055,0.4052,0.4049,0.4046,0.4043,0.404,0.4037,0.4034,0.4031,0.4029,0.4026,0.4023,0.402,0.4017,0.4015,0.4012,0.4009,0.4006,0.4004
0.4077,0.4108,0.4139,0.417,0.4202,0.4235,0.4268,0.4301,0.4335,0.437,0.4406,0.4448,0.4493,0.4539,0.4586,0.5434,0.5468,0.5501,0.5535,0.557,0.5605,0.4844,0.4807,0.477,0.4738,0.4733,0.4727,0.4722,0.4716,0.4712,0.471,0.4708,0.4717,0.4727,0.4739,0.4753,0.4767,0.4783,0.4803,0.4832,0.4876,0.4932,0.499,0.5204,0.5359,0.54,0.5449,0.5499,0.5521,0.552,0.5518,0.5517,0.5523,0.5503,0.5477,0.545,0.5424,0.5418,0.5409,0.54,0.5393,0.5388,0.5383,0.5378,0.5373,0.5367,0.5362,0.5357,0.5352,0.5347,0.5342,0.5337,0.5332,0.5327,0.5321,0.5316,0.5311,0.5306,0.5301,0.506,0.5021,0.4988,0.4074,0.399,0.399,0.399,0.3989,0.3989,0.3989,0.3988,0.3988,0.3988,0.3987,0.3987,0.3987,0.3986,0.3986,0.3986,0.3985,0.3985,0.3985,0.3984,0.3984,0.3984,0.3984,0.3983,0.3983,0.3982,0.3981,0.398,0.398,0.3979,0.3978,0.3977,0.3976,0.3975,0.4004,0.4034,0.4064,0.4095,0.4127,0.4159,0.4191,0.4224,0.4501,0.4525,0.4545,0.4535,0.4525,0.4515,0.4506,0.4496,0.4486,0.4476,0.4467,0.4457,0.4446,0.4433,0.4421,0.4409,0.4398,0.436,0.433,0.4299,0.427,0.424,0.4211,0.4182,0.416,0.4157,0.4155,0.4152,0.4149,0.4147,0.4144,0.4146,0.4149,0.4153,0.4157,0.416,0.4164,0.4168,0.4171,0.4175,0.4179,0.4182,0.4182,0.4181,0.418,0.4179,0.4178,0.4177,0.4176,0.4175,0.4173,0.4172,0.4171,0.417,0.417,0.4169,0.4169,0.4169,0.4168,0.4166,0.4164,0.4163,0.4161,0.4159,0.4157,0.4156,0.4154,0.4152,0.4151,0.4149,0.4147,0.4145,0.4144,0.4142,0.414,0.4139,0.4137,0.4135,0.4134,0.4132,0.413,0.4129,0.4127,0.4125,0.4124,0.4122,0.412,0.4119,0.4117,0.4115,0.4113,0.4112,0.411,0.4108,0.4107,0.4105,0.4103,0.4102,0.41,0.4098,0.4095,0.4092,0.4089,0.4086,0.4083,0.408,0.4077,0.4074,0.4071,0.4068,0.4065,0.4062,0.4059,0.4057,0.4054,0.4051,0.4048,0.4045,0.4042,0.4039,0.4036,0.4033,0.4031,0.4028,0.4025,0.4022,0.4019,0.4017,0.4014,0.4011,0.4008,0.4006
0.4065,0.4095,0.4126,0.4157,0.4189,0.4221,0.4254,0.4288,0.4322,0.4356,0.4391,0.4429,0.4474,0.452,0.4566,0.5363,0.5446,0.548,0.5513,0.5548,0.5583,0.5618,0.4808,0.4772,0.4738,0.4733,0.4727,0.4722,0.4716,0.4713,0.4711,0.471,0.4713,0.4723,0.4734,0.4745,0.4759,0.4773,0.4791,0.4814,0.4851,0.4902,0.4959,0.5017,0.5145,0.5409,0.5462,0.5514,0.5553,0.5551,0.5549,0.5547,0.5546,0.5528,0.5489,0.5457,0.5431,0.5416,0.5408,0.5403,0.5398,0.5393,0.5388,0.5382,0.5377,0.5372,0.5367,0.5362,0.5357,0.5351,0.5346,0.5341,0.5336,0.5331,0.5326,0.5321,0.5316,0.5311,0.5306,0.5301,0.5045,0.4102,0.4033,0.3989,0.3989,0.3988,0.3988,0.3988,0.3987,0.3987,0.3987,0.3986,0.3986,0.3986,0.3985,0.3985,0.3985,0.3984,0.3984,0.3984,0.3983,0.3983,0.3983,0.3983,0.3982,0.3982,0.3982,0.3981,0.3981,0.3981,0.398,0.3979,0.3979,0.3978,0.3977,0.3976,0.3992,0.4022,0.4052,0.4083,0.4114,0.4146,0.4179,0.4211,0.4493,0.4518,0.4543,0.4541,0.4531,0.4521,0.4512,0.4502,0.4492,0.4482,0.4473,0.4463,0.4453,0.4444,0.4434,0.4424,0.4401,0.437,0.4339,0.4309,0.4279,0.4249,0.422,0.4191,0.4163,0.4155,0.4152,0.415,0.4147,0.4144,0.4141,0.4139,0.4136,0.414,0.4144,0.4147,0.4151,0.4154,0.4158,0.4162,0.4165,0.4169,0.4173,0.4176,0.418,0.4183,0.4182,0.4181,0.418,0.4179,0.4178,0.4177,0.4176,0.4175,0.4175,0.4174,0.4173,0.4171,0.4169,0.4167,0.4166,0.4164,0.4162,0.4161,0.4159,0.4157,0.4155,0.4154,0.4152,0.415,0.4149,0.4147,0.4145,0.4144,0.4142,0.414,0.4139,0.4137,0.4135,0.4133,0.4132,0.413,0.4128,0.4127,0.4125,0.4123,0.4122,0.412,0.4118,0.4117,0.4115,0.4113,0.4112,0.411,0.4108,0.4107,0.4105,0.4103,0.4102,0.41,0.4097,0.4094,0.4091,0.4088,0.4085,0.4082,0.4079,0.4076,0.4073,0.407,0.4067,0.4064,0.4061,0.4059,0.4056,0.4053,0.405,0.4047,0.4044,0.4041,0.4038,0.4035,0.4032,0.403,0.4027,0.4024,0.4021,0.4019,0.4016,0.4013,0.401,0.4008
0.4052,0.4083,0.4113,0.4145,0.4176,0.4208,0.4241,0.4274,0.4308,0.4342,0.4377,0.4412,0.4455,0.4509,0.46,0.529,0.5414,0.5458,0.5492,0.5526,0.556,0.5595,0.481,0.4773,0.4738,0.4733,0.4727,0.4721,0.4716,0.4714,0.4713,0.4711,0.471,0.472,0.473,0.474,0.4751,0.4765,0.4779,0.4799,0.4834,0.4872,0.4928,0.4985,0.5044,0.5104,0.534,0.5517,0.5568,0.5579,0.5577,0.5576,0.5575,0.5574,0.5544,0.5505,0.5467,0.5417,0.5413,0.5408,0.5403,0.5397,0.5392,0.5387,0.5382,0.5377,0.5371,0.5366,0.5361,0.5356,0.5351,0.5346,0.5341,0.5335,0.533,0.5325,0.532,0.5315,0.531,0.4104,0.4078,0.4052,0.3992,0.3988,0.3987,0.3987,0.3987,0.3986,0.3986,0.3986,0.3985,0.3985,0.3985,0.3984,0.3984,0.3984,0.3983,0.3983,0.3983,0.3982,0.3982,0.3982,0.3982,0.3981,0.3981,0.3981,0.398,0.398,0.398,0.3979,0.3979,0.3979,0.3978,0.3978,0.3977,0.3977,0.3981,0.401,0.4041,0.4071,0.4102,0.4134,0.4166,0.4199,0.4232,0.4511,0.4535,0.4547,0.4537,0.4527,0.4518,0.4508,0.4498,0.4488,0.4479,0.4469,0.4459,0.445,0.444,0.4432,0.4407,0.4378,0.4349,0.4318,0.4288,0.4258,0.4229,0.42,0.4172,0.4153,0.415,0.4147,0.4144,0.4142,0.4139,0.4136,0.4134,0.4131,0.4131,0.4134,0.4138,0.4141,0.4145,0.4149,0.4152,0.4156,0.416,0.4163,0.4167,0.4171,0.4174,0.4178,0.4182,0.4183,0.4182,0.4181,0.418,0.4179,0.4178,0.4176,0.4174,0.4172,0.4171,0.4169,0.4167,0.4166,0.4164,0.4162,0.416,0.4159,0.4157,0.4155,0.4154,0.4152,0.415,0.4149,0.4147,0.4145,0.4143,0.4142,0.414,0.4138,0.4137,0.4135,0.4133,0.4132,0.413,0.4128,0.4127,0.4125,0.4123,0.4121,0.412,0.4118,0.4116,0.4115,0.4113,0.4111,0.411,0.4108,0.4106,0.4105,0.4103,0.4101,0.4099,0.4096,0.4093,0.409,0.4087,0.4084,0.4081,0.4078,0.4075,0.4072,0.4069,0.4066,0.4063,0.406,0.4058,0.4055,0.4052,0.4049,0.4046,0.4043,0.404,0.4037,0.4034,0.4032,0.4029,0.4026,0.4023,0.4021,0.4018,0.4015,0.4012,0.4009
0.4040,0.407,0.4101,0.4132,0.4163,0.4195,0.4228,0.4261,0.4294,0.4328,0.4363,0.4398,0.4463,0.4552,0.4679,0.5295,0.5322,0.5437,0.547,0.5504,0.5538,0.5573,0.4811,0.4775,0.4738,0.4732,0.4727,0.4721,0.4717,0.4716,0.4714,0.4712,0.471,0.4716,0.4726,0.4736,0.4747,0.4757,0.4771,0.4788,0.4816,0.4853,0.4898,0.4955,0.5012,0.5072,0.5132,0.5277,0.5567,0.5607,0.5606,0.5605,0.5605,0.5604,0.5599,0.5559,0.552,0.5427,0.5414,0.5411,0.5407,0.5402,0.5397,0.5391,0.5386,0.5381,0.5376,0.5371,0.5366,0.536,0.5355,0.535,0.5345,0.534,0.5335,0.533,0.5325,0.4106,0.408,0.4054,0.4029,0.4004,0.3987,0.3986,0.3986,0.3986,0.3985,0.3985,0.3985,0.3984,0.3984,0.3984,0.3983,0.3983,0.3983,0.3982,0.3982,0.3982,0.3982,0.3981,0.3981,0.3981,0.398,0.398,0.398,0.3979,0.3979,0.3979,0.3978,0.3978,0.3978,0.3977,0.3977,0.3977,0.3977,0.3976,0.3976,0.3999,0.4029,0.4059,0.409,0.4122,0.4154,0.4186,0.4219,0.4503,0.4528,0.4553,0.4543,0.4534,0.4524,0.4514,0.4504,0.4494,0.4484,0.4475,0.4465,0.4457,0.4449,0.4436,0.4408,0.438,0.4352,0.4325,0.4298,0.4268,0.4238,0.4209,0.4181,0.4152,0.4147,0.4145,0.4142,0.4139,0.4137,0.4134,0.4131,0.4129,0.4126,0.4123,0.4125,0.4129,0.4132,0.4136,0.4139,0.4143,0.4147,0.415,0.4154,0.4157,0.4161,0.4165,0.4168,0.4172,0.4176,0.4183,0.4183,0.4181,0.4179,0.4177,0.4176,0.4174,0.4172,0.4171,0.4169,0.4167,0.4165,0.4164,0.4162,0.416,0.4159,0.4157,0.4155,0.4153,0.4152,0.415,0.4148,0.4147,0.4145,0.4143,0.4142,0.414,0.4138,0.4136,0.4135,0.4133,0.4131,0.413,0.4128,0.4126,0.4125,0.4123,0.4121,0.412,0.4118,0.4116,0.4115,0.4113,0.4111,0.411,0.4108,0.4106,0.4105,0.4103,0.4101,0.4098,0.4095,0.4092,0.4089,0.4086,0.4083,0.408,0.4077,0.4074,0.4071,0.4068,0.4065,0.4062,0.4059,0.4057,0.4054,0.4051,0.4048,0.4045,0.4042,0.4039,0.4036,0.4034,0.4031,0.4028,0.4025,0.4022,0.402,0.4017,0.4014,0.4011
0.4028,0.4058,0.4088,0.4119,0.415,0.4182,0.4214,0.4247,0.428,0.4314,0.4348,0.4383,0.4419,0.4595,0.5042,0.5301,0.5327,0.5366,0.5449,0.5482,0.5516,0.555,0.5585,0.4776,0.474,0.4732,0.4727,0.4721,0.4719,0.4717,0.4715,0.4713,0.4712,0.4712,0.4723,0.4733,0.4743,0.4753,0.4764,0.4777,0.4799,0.4836,0.4873,0.4924,0.4981,0.504,0.51,0.5161,0.5224,0.5587,0.5619,0.5635,0.5634,0.5634,0.5633,0.5615,0.5575,0.5447,0.5413,0.541,0.5408,0.5406,0.5401,0.5396,0.5391,0.5386,0.538,0.5375,0.537,0.5365,0.536,0.5355,0.535,0.5344,0.5339,0.4108,0.4082,0.4056,0.4031,0.4006,0.3988,0.3986,0.3986,0.3985,0.3985,0.3985,0.3984,0.3984,0.3984,0.3984,0.3983,0.3983,0.3983,0.3982,0.3982,0.3982,0.3981,0.3981,0.3981,0.398,0.398,0.398,0.3979,0.3979,0.3979,0.3979,0.3978,0.3978,0.3978,0.3977,0.3977,0.3977,0.3976,0.3976,0.3976,0.3975,0.3975,0.3988,0.4017,0.4048,0.4078,0.411,0.4141,0.4174,0.4206,0.4239,0.4521,0.4546,0.455,0.454,0.453,0.452,0.451,0.45,0.449,0.4481,0.4473,0.4466,0.4458,0.4438,0.4409,0.4381,0.4354,0.4326,0.4299,0.4272,0.4246,0.4218,0.4189,0.4161,0.4145,0.4142,0.414,0.4137,0.4134,0.4132,0.4129,0.4126,0.4123,0.4121,0.4118,0.4116,0.4119,0.4123,0.4126,0.413,0.4134,0.4137,0.4141,0.4144,0.4148,0.4153,0.416,0.4167,0.4174,0.4181,0.4185,0.4183,0.4181,0.4179,0.4177,0.4176,0.4174,0.4172,0.417,0.4169,0.4167,0.4165,0.4163,0.4162,0.416,0.4158,0.4157,0.4155,0.4153,0.4152,0.415,0.4148,0.4146,0.4145,0.4143,0.4141,0.414,0.4138,0.4136,0.4135,0.4133,0.4131,0.413,0.4128,0.4126,0.4125,0.4123,0.4121,0.4119,0.4118,0.4116,0.4114,0.4113,0.4111,0.4109,0.4108,0.4106,0.4104,0.4103,0.41,0.4097,0.4094,0.4091,0.4088,0.4085,0.4082,0.4079,0.4076,0.4073,0.407,0.4067,0.4064,0.4061,0.4058,0.4056,0.4053,0.405,0.4047,0.4044,0.4041,0.4038,0.4036,0.4033,0.403,0.4027,0.4024,0.4022,0.4019,0.4016,0.4013
0.4016,0.4046,0.4076,0.4107,0.4138,0.4169,0.4201,0.4234,0.4267,0.43,0.4334,0.4369,0.4405,0.4657,0.4999,0.5084,0.5333,0.536,0.5417,0.546,0.5494,0.5528,0.5562,0.4777,0.4741,0.4732,0.4727,0.4722,0.472,0.4718,0.4716,0.4715,0.4713,0.4711,0.4719,0.4729,0.4739,0.475,0.476,0.477,0.4784,0.4818,0.4855,0.4894,0.495,0.5008,0.5067,0.5128,0.519,0.5253,0.5416,0.5625,0.5649,0.5664,0.5663,0.5662,0.5631,0.5467,0.5411,0.5409,0.5407,0.5405,0.5403,0.5401,0.5395,0.539,0.5385,0.538,0.5375,0.5369,0.5364,0.5359,0.5354,0.411,0.4084,0.4058,0.4033,0.399,0.3989,0.3988,0.3986,0.3986,0.3985,0.3985,0.3984,0.3984,0.3984,0.3983,0.3983,0.3983,0.3982,0.3982,0.3982,0.3981,0.3981,0.3981,0.398,0.398,0.398,0.398,0.3979,0.3979,0.3979,0.3978,0.3978,0.3978,0.3977,0.3977,0.3977,0.3976,0.3976,0.3976,0.3976,0.3975,0.3975,0.3975,0.3975,0.3978,0.4006,0.4036,0.4067,0.4098,0.4129,0.4161,0.4194,0.4227,0.4513,0.4538,0.4556,0.4546,0.4536,0.4526,0.4516,0.4506,0.4498,0.449,0.4483,0.4475,0.4467,0.4439,0.4411,0.4383,0.4355,0.4328,0.43,0.4274,0.4247,0.4221,0.4195,0.417,0.4143,0.414,0.4137,0.4135,0.4132,0.4129,0.4126,0.4124,0.4121,0.4118,0.4116,0.4113,0.411,0.411,0.4114,0.4117,0.4121,0.4124,0.413,0.4137,0.4144,0.4151,0.4158,0.4165,0.4172,0.4179,0.4186,0.4186,0.4183,0.4181,0.4179,0.4177,0.4175,0.4174,0.4172,0.417,0.4168,0.4167,0.4165,0.4163,0.4162,0.416,0.4158,0.4156,0.4155,0.4153,0.4151,0.415,0.4148,0.4146,0.4145,0.4143,0.4141,0.4139,0.4138,0.4136,0.4134,0.4133,0.4131,0.4129,0.4128,0.4126,0.4124,0.4123,0.4121,0.4119,0.4118,0.4116,0.4114,0.4113,0.4111,0.4109,0.4108,0.4106,0.4104,0.4102,0.4099,0.4096,0.4093,0.409,0.4087,0.4084,0.4081,0.4078,0.4075,0.4072,0.4069,0.4066,0.4063,0.406,0.4058,0.4055,0.4052,0.4049,0.4046,0.4043,0.404,0.4038,0.4035,0.4032,0.4029,0.4026,0.4024,0.4021,0.4018,0.4015
0.4004,0.4034,0.4064,0.4094,0.4125,0.4156,0.4188,0.4221,0.4253,0.4287,0.4321,0.4355,0.4391,0.4769,0.4955,0.5039,0.5126,0.5366,0.5393,0.5439,0.5473,0.5505,0.5537,0.4779,0.4743,0.4732,0.4726,0.4723,0.4721,0.4719,0.4718,0.4716,0.4714,0.4712,0.4715,0.4725,0.4736,0.4746,0.4756,0.4767,0.4777,0.4801,0.4838,0.4875,0.492,0.4977,0.5035,0.5095,0.5156,0.5219,0.5283,0.5352,0.563,0.5654,0.5679,0.5693,0.5688,0.5487,0.543,0.5408,0.5406,0.5404,0.5402,0.54,0.5398,0.5395,0.539,0.5384,0.5379,0.5374,0.5369,0.4112,0.4086,0.4061,0.4035,0.3992,0.399,0.3989,0.3988,0.3986,0.3986,0.3985,0.3984,0.3984,0.3983,0.3983,0.3983,0.3982,0.3982,0.3982,0.3982,0.3981,0.3981,0.3981,0.398,0.398,0.398,0.3979,0.3979,0.3979,0.3978,0.3978,0.3978,0.3977,0.3977,0.3977,0.3977,0.3976,0.3976,0.3976,0.3975,0.3975,0.3975,0.3974,0.3974,0.3974,0.3975,0.3977,0.3995,0.4024,0.4055,0.4086,0.4117,0.4149,0.4181,0.4214,0.4508,0.4531,0.4556,0.4552,0.4542,0.4532,0.4523,0.4515,0.4507,0.45,0.4492,0.4484,0.447,0.4441,0.4412,0.4384,0.4356,0.4329,0.4302,0.4275,0.4249,0.4222,0.4197,0.4172,0.415,0.414,0.4137,0.4135,0.4132,0.4129,0.4126,0.4123,0.412,0.4117,0.4114,0.4112,0.4109,0.4106,0.4103,0.4107,0.4114,0.4121,0.4128,0.4135,0.4142,0.4148,0.4155,0.4162,0.4169,0.4176,0.4183,0.4188,0.4186,0.4184,0.4181,0.4179,0.4177,0.4175,0.4173,0.4172,0.417,0.4168,0.4167,0.4165,0.4163,0.4161,0.416,0.4158,0.4156,0.4155,0.4153,0.4151,0.4149,0.4148,0.4146,0.4144,0.4143,0.4141,0.4139,0.4138,0.4136,0.4134,0.4133,0.4131,0.4129,0.4128,0.4126,0.4124,0.4122,0.4121,0.4119,0.4117,0.4116,0.4114,0.4112,0.4111,0.4109,0.4107,0.4106,0.4104,0.4101,0.4098,0.4095,0.4092,0.4089,0.4086,0.4083,0.408,0.4077,0.4074,0.4071,0.4068,0.4065,0.4062,0.4059,0.4057,0.4054,0.4051,0.4048,0.4045,0.4042,0.4039,0.4037,0.4034,0.4031,0.4028,0.4026,0.4023,0.402,0.4017
0.4001,0.4022,0.4052,0.4082,0.4112,0.4144,0.4175,0.4207,0.424,0.4273,0.4307,0.4341,0.4377,0.4413,0.4913,0.4995,0.508,0.5171,0.5341,0.539,0.5449,0.548,0.5512,0.491,0.4744,0.4732,0.4726,0.4724,0.4722,0.4721,0.4719,0.4717,0.4715,0.4714,0.4712,0.4722,0.4732,0.4742,0.4753,0.4763,0.4773,0.4781,0.482,0.4857,0.4895,0.4946,0.5004,0.5063,0.5123,0.5185,0.5248,0.5313,0.538,0.5635,0.566,0.5685,0.571,0.5507,0.545,0.5407,0.5405,0.5403,0.5401,0.5399,0.5397,0.5394,0.5392,0.5389,0.5384,0.4114,0.4088,0.4063,0.3994,0.3993,0.3992,0.399,0.3989,0.3988,0.3987,0.3986,0.3985,0.3984,0.3984,0.3983,0.3983,0.3982,0.3982,0.3982,0.3981,0.3981,0.3981,0.398,0.398,0.398,0.3979,0.3979,0.3979,0.3978,0.3978,0.3978,0.3978,0.3977,0.3977,0.3977,0.3976,0.3976,0.3976,0.3975,0.3975,0.3975,0.3974,0.3974,0.3974,0.3974,0.3973,0.3973,0.3975,0.3977,0.3984,0.4013,0.4043,0.4074,0.4105,0.4137,0.4169,0.4201,0.4234,0.4526,0.4548,0.4558,0.4548,0.454,0.4532,0.4525,0.4517,0.4509,0.4501,0.4493,0.4471,0.4442,0.4414,0.4386,0.4358,0.433,0.4303,0.4276,0.4251,0.4228,0.4205,0.4183,0.4161,0.4143,0.4141,0.4138,0.4135,0.4132,0.4129,0.4126,0.4123,0.412,0.4118,0.4115,0.4112,0.4109,0.4106,0.4105,0.4112,0.4119,0.4126,0.4132,0.4139,0.4146,0.4153,0.416,0.4167,0.4174,0.4181,0.4188,0.4189,0.4187,0.4184,0.4182,0.418,0.4177,0.4175,0.4173,0.4172,0.417,0.4168,0.4166,0.4165,0.4163,0.4161,0.416,0.4158,0.4156,0.4154,0.4153,0.4151,0.4149,0.4148,0.4146,0.4144,0.4143,0.4141,0.4139,0.4137,0.4136,0.4134,0.4132,0.4131,0.4129,0.4127,0.4126,0.4124,0.4122,0.4121,0.4119,0.4117,0.4116,0.4114,0.4112,0.4111,0.4109,0.4107,0.4106,0.4103,0.41,0.4097,0.4094,0.4091,0.4088,0.4085,0.4082,0.4079,0.4076,0.4073,0.407,0.4067,0.4064,0.4061,0.4058,0.4056,0.4053,0.405,0.4047,0.4044,0.4041,0.4039,0.4036,0.4033,0.403,0.4027,0.4025,0.4022,0.4019
0.4000,0.401,0.4039,0.4069,0.41,0.4131,0.4162,0.4194,0.4227,0.426,0.4293,0.4328,0.4363,0.4398,0.4888,0.4952,0.5036,0.5122,0.5216,0.5329,0.5436,0.5459,0.5487,0.4982,0.4745,0.4732,0.4727,0.4726,0.4724,0.4722,0.472,0.4718,0.4717,0.4715,0.4713,0.4718,0.4728,0.4739,0.4749,0.4759,0.477,0.4778,0.478,0.484,0.4877,0.4915,0.4972,0.5031,0.509,0.5152,0.5214,0.5278,0.5344,0.5411,0.5495,0.5638,0.5663,0.5528,0.547,0.5414,0.5404,0.5402,0.54,0.5398,0.5396,0.5393,0.5391,0.4116,0.409,0.3997,0.3996,0.3994,0.3993,0.3992,0.399,0.3989,0.3988,0.3987,0.3986,0.3985,0.3984,0.3984,0.3983,0.3982,0.3982,0.3981,0.3981,0.3981,0.398,0.398,0.398,0.398,0.3979,0.3979,0.3979,0.3978,0.3978,0.3978,0.3977,0.3977,0.3977,0.3976,0.3976,0.3976,0.3975,0.3975,0.3975,0.3975,0.3974,0.3974,0.3974,0.3973,0.3973,0.3973,0.3972,0.3972,0.3974,0.3977,0.3979,0.4002,0.4031,0.4062,0.4093,0.4124,0.4156,0.4189,0.4222,0.4588,0.4576,0.4561,0.4558,0.455,0.4542,0.4534,0.4526,0.4518,0.4511,0.4502,0.4473,0.4444,0.4415,0.4387,0.4359,0.4332,0.4309,0.4285,0.4262,0.4239,0.4216,0.4193,0.4171,0.4149,0.4144,0.4141,0.4138,0.4135,0.4132,0.4129,0.4126,0.4124,0.4121,0.4118,0.4115,0.4112,0.4108,0.4104,0.411,0.4117,0.4123,0.413,0.4137,0.4144,0.4151,0.4158,0.4165,0.4172,0.4179,0.4186,0.4192,0.4189,0.4187,0.4185,0.4182,0.418,0.4178,0.4175,0.4173,0.4171,0.417,0.4168,0.4166,0.4164,0.4163,0.4161,0.4159,0.4158,0.4156,0.4154,0.4153,0.4151,0.4149,0.4147,0.4146,0.4144,0.4142,0.4141,0.4139,0.4137,0.4136,0.4134,0.4132,0.4131,0.4129,0.4127,0.4125,0.4124,0.4122,0.412,0.4119,0.4117,0.4115,0.4114,0.4112,0.411,0.4109,0.4107,0.4105,0.4102,0.4099,0.4096,0.4093,0.409,0.4087,0.4084,0.4081,0.4078,0.4075,0.4072,0.4069,0.4066,0.4063,0.406,0.4058,0.4055,0.4052,0.4049,0.4046,0.4043,0.4041,0.4038,0.4035,0.4032,0.4029,0.4027,0.4024,0.4021
0.3998,0.4001,0.4027,0.4057,0.4087,0.4118,0.415,0.4181,0.4213,0.4246,0.428,0.4314,0.4349,0.4384,0.442,0.4938,0.4992,0.5077,0.5164,0.5273,0.5391,0.5449,0.5472,0.5496,0.4747,0.4732,0.4729,0.4727,0.4725,0.4723,0.4721,0.472,0.4718,0.4716,0.4714,0.4715,0.4725,0.4735,0.4745,0.4755,0.4766,0.4775,0.4779,0.478,0.478,0.4897,0.4942,0.4999,0.5058,0.5119,0.518,0.5244,0.5309,0.5375,0.5443,0.5513,0.5615,0.5549,0.549,0.5433,0.5403,0.5401,0.5399,0.5397,0.4144,0.4118,0.4092,0.3998,0.3997,0.3996,0.3994,0.3993,0.3992,0.3991,0.3989,0.3988,0.3987,0.3985,0.3985,0.3984,0.3984,0.3983,0.3982,0.3982,0.3981,0.3981,0.398,0.398,0.398,0.3979,0.3979,0.3979,0.3978,0.3978,0.3978,0.3977,0.3977,0.3977,0.3977,0.3976,0.3976,0.3976,0.3975,0.3975,0.3975,0.3974,0.3974,0.3974,0.3973,0.3973,0.3973,0.3972,0.3972,0.3972,0.3972,0.3972,0.3974,0.3977,0.3979,0.3991,0.402,0.405,0.4081,0.4112,0.4144,0.4176,0.4209,0.4242,0.4581,0.4563,0.4553,0.455,0.4548,0.4543,0.4536,0.4528,0.452,0.4504,0.4474,0.4445,0.4417,0.4392,0.4368,0.4344,0.432,0.4296,0.4273,0.425,0.4227,0.4204,0.4182,0.416,0.4147,0.4144,0.4141,0.4138,0.4135,0.4132,0.413,0.4127,0.4124,0.4121,0.4118,0.4114,0.4111,0.4107,0.4108,0.4114,0.4121,0.4128,0.4135,0.4142,0.4149,0.4156,0.4163,0.417,0.4177,0.4184,0.4191,0.4192,0.419,0.4187,0.4185,0.4183,0.418,0.4178,0.4176,0.4174,0.4171,0.4169,0.4168,0.4166,0.4164,0.4163,0.4161,0.4159,0.4157,0.4156,0.4154,0.4152,0.4151,0.4149,0.4147,0.4146,0.4144,0.4142,0.414,0.4139,0.4137,0.4135,0.4134,0.4132,0.413,0.4129,0.4127,0.4125,0.4124,0.4122,0.412,0.4119,0.4117,0.4115,0.4114,0.4112,0.411,0.4109,0.4107,0.4104,0.4101,0.4098,0.4095,0.4092,0.4089,0.4086,0.4083,0.408,0.4077,0.4074,0.4071,0.4068,0.4065,0.4062,0.4059,0.4057,0.4054,0.4051,0.4048,0.4045,0.4043,0.404,0.4037,0.4034,0.4031,0.4029,0.4026,0.4023
0.3996,0.3999,0.4015,0.4045,0.4075,0.4106,0.4137,0.4168,0.42,0.4233,0.4266,0.43,0.4335,0.437,0.4406,0.4939,0.4989,0.504,0.5118,0.5209,0.5334,0.5439,0.5462,0.5485,0.4784,0.4732,0.473,0.4728,0.4726,0.4724,0.4723,0.4721,0.4719,0.4717,0.4716,0.4714,0.4721,0.4731,0.4742,0.4752,0.4762,0.4772,0.4777,0.4778,0.4779,0.478,0.4917,0.4968,0.5026,0.5086,0.5147,0.5209,0.5273,0.5339,0.5406,0.5475,0.5546,0.5569,0.5511,0.5453,0.5402,0.54,0.4147,0.412,0.4001,0.4,0.3998,0.3997,0.3996,0.3994,0.3993,0.3992,0.3991,0.3989,0.3988,0.3987,0.3986,0.3985,0.3984,0.3984,0.3983,0.3982,0.3982,0.3981,0.398,0.398,0.3979,0.3979,0.3979,0.3978,0.3978,0.3978,0.3978,0.3977,0.3977,0.3977,0.3976,0.3976,0.3976,0.3975,0.3975,0.3975,0.3974,0.3974,0.3974,0.3973,0.3973,0.3973,0.3973,0.3972,0.3972,0.3972,0.3971,0.3971,0.3971,0.3972,0.3974,0.3976,0.3979,0.3981,0.4009,0.4038,0.4069,0.41,0.4132,0.4164,0.4196,0.4229,0.4587,0.4565,0.4547,0.4544,0.4542,0.454,0.4538,0.4535,0.4529,0.4505,0.4479,0.4454,0.4429,0.4404,0.4379,0.4355,0.4331,0.4307,0.4284,0.4261,0.4238,0.4215,0.4192,0.417,0.415,0.4147,0.4144,0.4141,0.4138,0.4136,0.4133,0.413,0.4127,0.4124,0.412,0.4117,0.4113,0.411,0.4106,0.4112,0.4119,0.4126,0.4133,0.414,0.4147,0.4153,0.416,0.4167,0.4174,0.4181,0.4188,0.4195,0.4193,0.419,0.4188,0.4186,0.4183,0.4181,0.4179,0.4176,0.4174,0.4172,0.4169,0.4168,0.4166,0.4164,0.4162,0.4161,0.4159,0.4157,0.4156,0.4154,0.4152,0.415,0.4149,0.4147,0.4145,0.4144,0.4142,0.414,0.4139,0.4137,0.4135,0.4134,0.4132,0.413,0.4128,0.4127,0.4125,0.4123,0.4122,0.412,0.4118,0.4117,0.4115,0.4113,0.4112,0.411,0.4108,0.4106,0.4103,0.41,0.4097,0.4094,0.4091,0.4088,0.4085,0.4082,0.4079,0.4076,0.4073,0.407,0.4067,0.4064,0.4061,0.4059,0.4056,0.4053,0.405,0.4047,0.4045,0.4042,0.4039,0.4036,0.4033,0.4031,0.4028,0.4025
0.3995,0.3998,0.4003,0.4033,0.4063,0.4093,0.4124,0.4155,0.4187,0.422,0.4253,0.4287,0.4321,0.4356,0.4392,0.4428,0.499,0.5041,0.5093,0.5161,0.5266,0.5396,0.5452,0.5475,0.4854,0.4733,0.4731,0.4729,0.4728,0.4726,0.4724,0.4722,0.472,0.4719,0.4717,0.4715,0.4717,0.4728,0.4738,0.4748,0.4758,0.4768,0.4774,0.4777,0.4778,0.4779,0.4779,0.4937,0.4995,0.5054,0.5114,0.5176,0.5239,0.5304,0.537,0.5438,0.5511,0.5591,0.5531,0.5473,0.4149,0.4122,0.4002,0.4001,0.4,0.3998,0.3997,0.3996,0.3995,0.3993,0.3992,0.3991,0.3989,0.3988,0.3987,0.3986,0.3985,0.3984,0.3984,0.3983,0.3982,0.3982,0.3981,0.398,0.398,0.3979,0.3979,0.3978,0.3978,0.3978,0.3977,0.3977,0.3977,0.3976,0.3976,0.3976,0.3975,0.3975,0.3975,0.3975,0.3974,0.3974,0.3974,0.3973,0.3973,0.3973,0.3972,0.3972,0.3972,0.3971,0.3971,0.3971,0.397,0.397,0.397,0.3971,0.3974,0.3976,0.3979,0.3981,0.3998,0.4027,0.4057,0.4088,0.412,0.4151,0.4184,0.4217,0.4589,0.4567,0.4546,0.4538,0.4536,0.4534,0.4531,0.4532,0.4533,0.4518,0.4492,0.4466,0.4441,0.4416,0.4391,0.4367,0.4342,0.4319,0.4295,0.4272,0.4248,0.4226,0.4203,0.4181,0.4158,0.415,0.4147,0.4144,0.4142,0.4139,0.4136,0.4133,0.413,0.4126,0.4123,0.4119,0.4116,0.4112,0.4108,0.411,0.4117,0.4124,0.4131,0.4137,0.4144,0.4151,0.4158,0.4165,0.4172,0.4179,0.4186,0.4193,0.4195,0.4193,0.4191,0.4188,0.4186,0.4184,0.4181,0.4179,0.4177,0.4174,0.4172,0.417,0.4167,0.4166,0.4164,0.4162,0.4161,0.4159,0.4157,0.4155,0.4154,0.4152,0.415,0.4149,0.4147,0.4145,0.4144,0.4142,0.414,0.4138,0.4137,0.4135,0.4133,0.4132,0.413,0.4128,0.4127,0.4125,0.4123,0.4122,0.412,0.4118,0.4117,0.4115,0.4113,0.4112,0.411,0.4108,0.4105,0.4102,0.4099,0.4096,0.4093,0.409,0.4087,0.4084,0.4081,0.4078,0.4075,0.4072,0.4069,0.4066,0.4063,0.4061,0.4058,0.4055,0.4052,0.4049,0.4047,0.4044,0.4041,0.4038,0.4035,0.4033,0.403,0.4027
0.3993,0.3996,0.3999,0.4021,0.4051,0.4081,0.4112,0.4143,0.4174,0.4207,0.424,0.4273,0.4308,0.4342,0.4378,0.4414,0.4992,0.5043,0.5094,0.5147,0.5204,0.5337,0.5441,0.5465,0.4897,0.4733,0.4732,0.4731,0.4729,0.4727,0.4725,0.4723,0.4722,0.472,0.4718,0.4716,0.4715,0.4724,0.4734,0.4744,0.4755,0.4765,0.4771,0.4776,0.4776,0.4777,0.4778,0.4779,0.4964,0.5022,0.5081,0.5142,0.5205,0.5269,0.5334,0.5403,0.548,0.5559,0.4151,0.4005,0.4004,0.4002,0.4001,0.4,0.3998,0.3997,0.3996,0.3995,0.3993,0.3992,0.3991,0.399,0.3988,0.3987,0.3986,0.3985,0.3984,0.3983,0.3983,0.3982,0.3982,0.3981,0.398,0.398,0.3979,0.3979,0.3978,0.3977,0.3977,0.3977,0.3976,0.3976,0.3976,0.3976,0.3975,0.3975,0.3975,0.3974,0.3974,0.3974,0.3973,0.3973,0.3973,0.3972,0.3972,0.3972,0.3972,0.3971,0.3971,0.3971,0.397,0.397,0.397,0.3969,0.3969,0.3971,0.3973,0.3976,0.3978,0.3981,0.3987,0.4016,0.4046,0.4076,0.4107,0.4139,0.4171,0.4204,0.4237,0.457,0.4548,0.4532,0.453,0.4532,0.4534,0.4536,0.4537,0.4529,0.4504,0.4478,0.4453,0.4427,0.4403,0.4378,0.4354,0.433,0.4306,0.4283,0.4259,0.4236,0.4214,0.4191,0.4169,0.4153,0.4151,0.4148,0.4145,0.4142,0.4139,0.4136,0.4133,0.4129,0.4126,0.4122,0.4118,0.4115,0.4111,0.4108,0.4115,0.4122,0.4128,0.4135,0.4142,0.4149,0.4156,0.4163,0.417,0.4177,0.4184,0.4191,0.4198,0.4196,0.4193,0.4191,0.4189,0.4186,0.4184,0.4182,0.4179,0.4177,0.4175,0.4173,0.417,0.4168,0.4166,0.4164,0.4162,0.416,0.4159,0.4157,0.4155,0.4154,0.4152,0.415,0.4148,0.4147,0.4145,0.4143,0.4142,0.414,0.4138,0.4137,0.4135,0.4133,0.4132,0.413,0.4128,0.4126,0.4125,0.4123,0.4121,0.412,0.4118,0.4116,0.4115,0.4113,0.4111,0.411,0.4107,0.4104,0.4101,0.4098,0.4095,0.4092,0.4089,0.4086,0.4083,0.408,0.4077,0.4074,0.4071,0.4068,0.4065,0.4063,0.406,0.4057,0.4054,0.4051,0.4048,0.4046,0.4043,0.404,0.4037,0.4034,0.4032,0.4029
0.3989,0.3994,0.3997,0.4009,0.4038,0.4069,0.4099,0.413,0.4161,0.4194,0.4227,0.426,0.4294,0.4329,0.4364,0.4399,0.4993,0.5044,0.5096,0.5149,0.5203,0.5235,0.54,0.4975,0.4822,0.4736,0.4731,0.4732,0.473,0.4728,0.4726,0.4725,0.4723,0.4721,0.4719,0.4718,0.4716,0.472,0.4731,0.4741,0.4751,0.4761,0.4768,0.4773,0.4775,0.4776,0.4777,0.4777,0.4778,0.4779,0.5049,0.5109,0.5171,0.5234,0.5299,0.5372,0.4153,0.4006,0.4005,0.4004,0.4002,0.4001,0.4,0.3999,0.3997,0.3996,0.3995,0.3993,0.3992,0.3991,0.399,0.3988,0.3987,0.3986,0.3985,0.3984,0.3983,0.3983,0.3982,0.3982,0.3981,0.398,0.398,0.3979,0.3978,0.3978,0.3977,0.3977,0.3976,0.3976,0.3976,0.3975,0.3975,0.3975,0.3974,0.3974,0.3974,0.3973,0.3973,0.3973,0.3973,0.3972,0.3972,0.3972,0.3971,0.3971,0.3971,0.397,0.397,0.397,0.3969,0.3969,0.3969,0.3969,0.3968,0.3971,0.3973,0.3976,0.3978,0.398,0.3983,0.4005,0.4034,0.4064,0.4095,0.4127,0.4159,0.4191,0.4224,0.4501,0.4515,0.4531,0.4534,0.4536,0.4538,0.454,0.454,0.4531,0.4517,0.4491,0.4465,0.444,0.4415,0.439,0.4365,0.4341,0.4317,0.4294,0.427,0.4247,0.4224,0.4202,0.4179,0.4157,0.4154,0.4151,0.4148,0.4145,0.4142,0.4139,0.4135,0.4132,0.4128,0.4125,0.4121,0.4118,0.4114,0.4109,0.4113,0.4119,0.4126,0.4133,0.414,0.4147,0.4154,0.4161,0.4168,0.4175,0.4182,0.4189,0.4196,0.4199,0.4196,0.4194,0.4192,0.4189,0.4187,0.4185,0.4182,0.418,0.4178,0.4175,0.4173,0.4171,0.4168,0.4166,0.4164,0.4162,0.416,0.4158,0.4157,0.4155,0.4153,0.4152,0.415,0.4148,0.4147,0.4145,0.4143,0.4141,0.414,0.4138,0.4136,0.4135,0.4133,0.4131,0.413,0.4128,0.4126,0.4125,0.4123,0.4121,0.412,0.4118,0.4116,0.4115,0.4113,0.4111,0.4109,0.4106,0.4103,0.41,0.4097,0.4094,0.4091,0.4088,0.4085,0.4082,0.4079,0.4076,0.4073,0.407,0.4067,0.4065,0.4062,0.4059,0.4056,0.4053,0.405,0.4048,0.4045,0.4042,0.4039,0.4036,0.4034,0.4031
0.3983,0.3992,0.3996,0.3998,0.4026,0.4056,0.4087,0.4117,0.4149,0.4181,0.4214,0.4247,0.4281,0.4315,0.435,0.4385,0.4421,0.5045,0.5097,0.5146,0.5176,0.4938,0.4943,0.4947,0.4757,0.474,0.4732,0.473,0.4731,0.473,0.4728,0.4726,0.4724,0.4722,0.4721,0.4719,0.4717,0.4717,0.4727,0.4737,0.4747,0.4758,0.4764,0.477,0.4774,0.4775,0.4775,0.4776,0.4777,0.4778,0.5018,0.5077,0.5138,0.52,0.4009,0.4008,0.4006,0.4005,0.4004,0.4003,0.4001,0.4,0.3999,0.3997,0.3996,0.3995,0.3994,0.3992,0.3991,0.399,0.3988,0.3987,0.3986,0.3985,0.3984,0.3983,0.3983,0.3982,0.3982,0.3981,0.398,0.398,0.3979,0.3978,0.3978,0.3977,0.3977,0.3976,0.3975,0.3975,0.3975,0.3975,0.3974,0.3974,0.3974,0.3973,0.3973,0.3973,0.3972,0.3972,0.3972,0.3971,0.3971,0.3971,0.397,0.397,0.397,0.397,0.3969,0.3969,0.3969,0.3968,0.3968,0.3968,0.3968,0.3971,0.3973,0.3975,0.3978,0.398,0.3983,0.3995,0.4023,0.4053,0.4083,0.4115,0.4146,0.4179,0.4212,0.4245,0.451,0.4527,0.4538,0.454,0.4542,0.4544,0.4543,0.4533,0.4526,0.4504,0.4478,0.4452,0.4427,0.4402,0.4377,0.4353,0.4329,0.4305,0.4281,0.4258,0.4235,0.4212,0.419,0.4168,0.4157,0.4154,0.4151,0.4148,0.4145,0.4141,0.4138,0.4134,0.4131,0.4127,0.4124,0.412,0.4117,0.4112,0.4111,0.4117,0.4124,0.4131,0.4138,0.4145,0.4152,0.4158,0.4165,0.4172,0.4179,0.4186,0.4194,0.4201,0.4199,0.4197,0.4194,0.4192,0.419,0.4187,0.4185,0.4183,0.418,0.4178,0.4176,0.4173,0.4171,0.4169,0.4167,0.4164,0.4162,0.416,0.4158,0.4157,0.4155,0.4153,0.4151,0.415,0.4148,0.4146,0.4145,0.4143,0.4141,0.414,0.4138,0.4136,0.4135,0.4133,0.4131,0.4129,0.4128,0.4126,0.4124,0.4123,0.4121,0.4119,0.4118,0.4116,0.4114,0.4113,0.4111,0.4108,0.4105,0.4102,0.4099,0.4096,0.4093,0.409,0.4087,0.4084,0.4081,0.4078,0.4075,0.4072,0.4069,0.4067,0.4064,0.4061,0.4058,0.4055,0.4052,0.405,0.4047,0.4044,0.4041,0.4038,0.4036,0.4033
0.3978,0.3986,0.3994,0.3997,0.4014,0.4044,0.4074,0.4105,0.4136,0.4168,0.4201,0.4234,0.4267,0.4301,0.4336,0.4371,0.4407,0.5047,0.5089,0.5119,0.4906,0.491,0.4915,0.4919,0.4761,0.4744,0.4736,0.4728,0.4728,0.4731,0.4729,0.4727,0.4725,0.4724,0.4722,0.472,0.4718,0.4717,0.4723,0.4733,0.4744,0.4754,0.4761,0.4767,0.4772,0.4773,0.4774,0.4775,0.4776,0.4776,0.4835,0.4012,0.401,0.4009,0.4008,0.4006,0.4005,0.4004,0.4003,0.4001,0.4,0.3999,0.3997,0.3996,0.3995,0.3994,0.3992,0.3991,0.399,0.3989,0.3987,0.3986,0.3985,0.3984,0.3983,0.3983,0.3982,0.3981,0.3981,0.398,0.398,0.3979,0.3978,0.3978,0.3977,0.3976,0.3976,0.3975,0.3975,0.3974,0.3974,0.3974,0.3973,0.3973,0.3973,0.3972,0.3972,0.3972,0.3971,0.3971,0.3971,0.3971,0.397,0.397,0.397,0.3969,0.3969,0.3969,0.3968,0.3968,0.3968,0.3967,0.3967,0.3967,0.3968,0.397,0.3973,0.3975,0.3978,0.398,0.3982,0.3985,0.4012,0.4041,0.4072,0.4103,0.4134,0.4166,0.4199,0.4232,0.4506,0.4524,0.4542,0.4544,0.4546,0.4548,0.4546,0.4535,0.4528,0.4516,0.449,0.4465,0.4439,0.4414,0.4389,0.4365,0.434,0.4316,0.4293,0.4269,0.4246,0.4223,0.4201,0.4178,0.416,0.4157,0.4154,0.4151,0.4147,0.4144,0.414,0.4137,0.4133,0.413,0.4126,0.4123,0.4119,0.4116,0.411,0.4115,0.4122,0.4129,0.4136,0.4142,0.4149,0.4156,0.4163,0.417,0.4177,0.4184,0.4191,0.4198,0.4202,0.4199,0.4197,0.4195,0.4192,0.419,0.4188,0.4185,0.4183,0.4181,0.4179,0.4176,0.4174,0.4172,0.4169,0.4167,0.4165,0.4162,0.416,0.4158,0.4156,0.4155,0.4153,0.4151,0.415,0.4148,0.4146,0.4144,0.4143,0.4141,0.4139,0.4138,0.4136,0.4134,0.4133,0.4131,0.4129,0.4128,0.4126,0.4124,0.4123,0.4121,0.4119,0.4118,0.4116,0.4114,0.4113,0.411,0.4107,0.4104,0.4101,0.4098,0.4095,0.4092,0.4089,0.4086,0.4083,0.408,0.4077,0.4074,0.4071,0.4069,0.4066,0.4063,0.406,0.4057,0.4054,0.4052,0.4049,0.4046,0.4043,0.404,0.4038,0.4035
0.3972,0.3981,0.3989,0.3995,0.4002,0.4032,0.4062,0.4092,0.4124,0.4156,0.4188,0.4221,0.4254,0.4288,0.4322,0.4357,0.4393,0.4429,0.5053,0.4874,0.4878,0.4882,0.4887,0.4891,0.4765,0.4748,0.474,0.4731,0.4723,0.4727,0.473,0.4728,0.4727,0.4725,0.4723,0.4721,0.472,0.4718,0.472,0.473,0.474,0.475,0.4758,0.4763,0.4769,0.4772,0.4773,0.4773,0.4774,0.4013,0.4012,0.401,0.4009,0.4008,0.4007,0.4005,0.4004,0.4003,0.4001,0.4,0.3999,0.3998,0.3996,0.3995,0.3994,0.3992,0.3991,0.399,0.3989,0.3987,0.3986,0.3985,0.3984,0.3983,0.3983,0.3982,0.3981,0.3981,0.398,0.398,0.3979,0.3978,0.3978,0.3977,0.3976,0.3976,0.3975,0.3975,0.3974,0.3973,0.3973,0.3973,0.3973,0.3972,0.3972,0.3972,0.3971,0.3971,0.3971,0.397,0.397,0.397,0.3969,0.3969,0.3969,0.3968,0.3968,0.3968,0.3968,0.3967,0.3967,0.3967,0.3966,0.3966,0.3968,0.397,0.3972,0.3975,0.3977,0.398,0.3982,0.3985,0.4002,0.403,0.406,0.4091,0.4122,0.4154,0.4186,0.4219,0.4501,0.4521,0.4542,0.4548,0.455,0.4552,0.4549,0.4537,0.4531,0.4524,0.4503,0.4477,0.4452,0.4426,0.4401,0.4377,0.4352,0.4328,0.4304,0.428,0.4257,0.4234,0.4211,0.4189,0.4167,0.416,0.4157,0.4154,0.415,0.4146,0.4143,0.4139,0.4136,0.4132,0.4129,0.4125,0.4122,0.4118,0.4113,0.4113,0.412,0.4127,0.4133,0.414,0.4147,0.4154,0.4161,0.4168,0.4175,0.4182,0.4189,0.4196,0.4203,0.4202,0.42,0.4198,0.4195,0.4193,0.4191,0.4188,0.4186,0.4184,0.4181,0.4179,0.4177,0.4174,0.4172,0.417,0.4167,0.4165,0.4163,0.4161,0.4158,0.4156,0.4155,0.4153,0.4151,0.4149,0.4148,0.4146,0.4144,0.4143,0.4141,0.4139,0.4138,0.4136,0.4134,0.4132,0.4131,0.4129,0.4127,0.4126,0.4124,0.4122,0.4121,0.4119,0.4117,0.4116,0.4114,0.4112,0.4109,0.4106,0.4103,0.41,0.4097,0.4094,0.4091,0.4088,0.4085,0.4082,0.4079,0.4076,0.4073,0.4071,0.4068,0.4065,0.4062,0.4059,0.4056,0.4054,0.4051,0.4048,0.4045,0.4042,0.404,0.4037
0.3967,0.3975,0.3984,0.3992,0.3996,0.402,0.405,0.408,0.4111,0.4143,0.4175,0.4208,0.4241,0.4274,0.4309,0.4343,0.4379,0.4415,0.4842,0.4846,0.4851,0.4855,0.4859,0.4864,0.4769,0.4752,0.4743,0.4735,0.4727,0.4719,0.4725,0.473,0.4728,0.4726,0.4724,0.4723,0.4721,0.4719,0.4717,0.4726,0.4736,0.4747,0.4754,0.476,0.4766,0.477,0.4016,0.4014,0.4013,0.4012,0.4011,0.4009,0.4008,0.4007,0.4005,0.4004,0.4003,0.4002,0.4,0.3999,0.3998,0.3996,0.3995,0.3994,0.3993,0.3991,0.399,0.3989,0.3987,0.3986,0.3985,0.3984,0.3983,0.3983,0.3982,0.3981,0.3981,0.398,0.3979,0.3979,0.3978,0.3978,0.3977,0.3976,0.3976,0.3975,0.3975,0.3974,0.3973,0.3973,0.3972,0.3972,0.3972,0.3971,0.3971,0.3971,0.397,0.397,0.397,0.397,0.3969,0.3969,0.3969,0.3968,0.3968,0.3968,0.3967,0.3967,0.3967,0.3966,0.3966,0.3966,0.3965,0.3965,0.3967,0.397,0.3972,0.3975,0.3977,0.3979,0.3982,0.3984,0.3991,0.402,0.4049,0.4079,0.411,0.4142,0.4174,0.4207,0.424,0.4517,0.4538,0.4552,0.4554,0.4556,0.4552,0.454,0.4533,0.4526,0.4516,0.449,0.4464,0.4439,0.4414,0.4389,0.4364,0.434,0.4316,0.4292,0.4269,0.4245,0.4222,0.42,0.4177,0.4163,0.416,0.4156,0.4153,0.4149,0.4146,0.4142,0.4138,0.4135,0.4131,0.4128,0.4124,0.4121,0.4116,0.4111,0.4118,0.4124,0.4131,0.4138,0.4145,0.4152,0.4159,0.4166,0.4173,0.418,0.4187,0.4194,0.4201,0.4205,0.4203,0.42,0.4198,0.4196,0.4193,0.4191,0.4189,0.4186,0.4184,0.4182,0.4179,0.4177,0.4175,0.4172,0.417,0.4168,0.4166,0.4163,0.4161,0.4159,0.4156,0.4154,0.4153,0.4151,0.4149,0.4148,0.4146,0.4144,0.4142,0.4141,0.4139,0.4137,0.4136,0.4134,0.4132,0.4131,0.4129,0.4127,0.4126,0.4124,0.4122,0.4121,0.4119,0.4117,0.4116,0.4114,0.4111,0.4108,0.4105,0.4102,0.4099,0.4096,0.4093,0.409,0.4087,0.4084,0.4081,0.4078,0.4075,0.4073,0.407,0.4067,0.4064,0.4061,0.4058,0.4056,0.4053,0.405,0.4047,0.4044,0.4041,0.4039
0.3962,0.3969,0.3978,0.3986,0.3995,0.4008,0.4038,0.4068,0.4099,0.413,0.4162,0.4195,0.4228,0.4261,0.4295,0.433,0.4365,0.44,0.4437,0.4775,0.4819,0.4828,0.4832,0.4837,0.4773,0.4756,0.4747,0.4739,0.4731,0.4723,0.4717,0.4724,0.4729,0.4727,0.4726,0.4724,0.4722,0.472,0.4719,0.4722,0.4733,0.4743,0.4751,0.4757,0.4017,0.4016,0.4015,0.4013,0.4012,0.4011,0.4009,0.4008,0.4007,0.4005,0.4004,0.4003,0.4002,0.4,0.3999,0.3998,0.3996,0.3995,0.3994,0.3993,0.3991,0.399,0.3989,0.3988,0.3986,0.3985,0.3984,0.3983,0.3983,0.3982,0.3981,0.3981,0.398,0.3979,0.3979,0.3978,0.3978,0.3977,0.3976,0.3976,0.3975,0.3974,0.3974,0.3973,0.3973,0.3972,0.3971,0.3971,0.3971,0.3971,0.397,0.397,0.397,0.3969,0.3969,0.3969,0.3968,0.3968,0.3968,0.3967,0.3967,0.3967,0.3967,0.3966,0.3966,0.3966,0.3965,0.3965,0.3965,0.3965,0.3967,0.397,0.3972,0.3974,0.3977,0.3979,0.3982,0.3984,0.3987,0.4009,0.4038,0.4067,0.4098,0.4129,0.4161,0.4194,0.4227,0.4514,0.4535,0.4556,0.4558,0.456,0.4555,0.4543,0.4535,0.4528,0.4521,0.4503,0.4477,0.4451,0.4426,0.4401,0.4376,0.4352,0.4328,0.4304,0.428,0.4257,0.4233,0.4211,0.4188,0.4166,0.4162,0.4159,0.4155,0.4152,0.4148,0.4145,0.4141,0.4137,0.4134,0.413,0.4127,0.4123,0.412,0.4114,0.4116,0.4122,0.4129,0.4136,0.4143,0.415,0.4157,0.4164,0.4171,0.4178,0.4185,0.4192,0.4199,0.4206,0.4206,0.4203,0.4201,0.4198,0.4196,0.4194,0.4191,0.4189,0.4187,0.4185,0.4182,0.418,0.4178,0.4175,0.4173,0.4171,0.4168,0.4166,0.4164,0.4161,0.4159,0.4157,0.4155,0.4152,0.4151,0.4149,0.4147,0.4146,0.4144,0.4142,0.4141,0.4139,0.4137,0.4135,0.4134,0.4132,0.413,0.4129,0.4127,0.4125,0.4124,0.4122,0.412,0.4119,0.4117,0.4115,0.4113,0.411,0.4107,0.4104,0.4101,0.4098,0.4095,0.4092,0.4089,0.4086,0.4083,0.408,0.4077,0.4075,0.4072,0.4069,0.4066,0.4063,0.406,0.4057,0.4055,0.4052,0.4049,0.4046,0.4043,0.4041
0.3967,0.3971,0.3975,0.3981,0.3989,0.3996,0.4026,0.4056,0.4087,0.4118,0.415,0.4182,0.4215,0.4248,0.4282,0.4316,0.4351,0.4386,0.4422,0.4693,0.4721,0.4749,0.4784,0.481,0.4777,0.4759,0.4751,0.4743,0.4735,0.4727,0.4719,0.4716,0.4722,0.4729,0.4727,0.4725,0.4723,0.4722,0.472,0.4719,0.4729,0.402,0.4018,0.4017,0.4016,0.4015,0.4013,0.4012,0.4011,0.4009,0.4008,0.4007,0.4006,0.4004,0.4003,0.4002,0.4,0.3999,0.3998,0.3997,0.3995,0.3994,0.3993,0.3991,0.399,0.3989,0.3988,0.3986,0.3985,0.3984,0.3983,0.3982,0.3982,0.3981,0.3981,0.398,0.3979,0.3979,0.3978,0.3978,0.3977,0.3976,0.3976,0.3975,0.3974,0.3974,0.3973,0.3973,0.3972,0.3971,0.3971,0.397,0.397,0.397,0.3969,0.3969,0.3969,0.3968,0.3968,0.3968,0.3968,0.3967,0.3967,0.3967,0.3966,0.3966,0.3966,0.3965,0.3965,0.3965,0.3964,0.3964,0.3964,0.3964,0.3967,0.3969,0.3972,0.3974,0.3977,0.3979,0.3981,0.3984,0.3986,0.3998,0.4027,0.4056,0.4086,0.4117,0.4149,0.4181,0.4214,0.4248,0.4532,0.4553,0.4562,0.4564,0.4558,0.4545,0.4537,0.453,0.4523,0.4515,0.4489,0.4464,0.4438,0.4413,0.4388,0.4364,0.4339,0.4315,0.4292,0.4268,0.4245,0.4222,0.4199,0.4176,0.4165,0.4161,0.4158,0.4154,0.4151,0.4147,0.4144,0.414,0.4136,0.4133,0.4129,0.4126,0.4122,0.4117,0.4114,0.412,0.4127,0.4134,0.4141,0.4147,0.4154,0.4161,0.4168,0.4175,0.4182,0.4189,0.4196,0.4203,0.4208,0.4206,0.4204,0.4201,0.4199,0.4197,0.4194,0.4192,0.419,0.4187,0.4185,0.4183,0.418,0.4178,0.4176,0.4173,0.4171,0.4169,0.4166,0.4164,0.4162,0.416,0.4157,0.4155,0.4153,0.4151,0.4149,0.4147,0.4145,0.4144,0.4142,0.414,0.4139,0.4137,0.4135,0.4134,0.4132,0.413,0.4129,0.4127,0.4125,0.4124,0.4122,0.412,0.4119,0.4117,0.4115,0.4112,0.4109,0.4106,0.4103,0.41,0.4097,0.4094,0.4091,0.4088,0.4085,0.4082,0.4079,0.4077,0.4074,0.4071,0.4068,0.4065,0.4062,0.4059,0.4057,0.4054,0.4051,0.4048,0.4045,0.4043
0.3971,0.3975,0.398,0.3984,0.3988,0.3992,0.4014,0.4044,0.4075,0.4106,0.4137,0.4169,0.4202,0.4235,0.4268,0.4302,0.4337,0.4372,0.4408,0.468,0.4708,0.4735,0.4763,0.4792,0.4782,0.4763,0.4755,0.4747,0.4739,0.4731,0.4723,0.4715,0.4714,0.4721,0.4727,0.4726,0.4725,0.4723,0.4721,0.4021,0.402,0.4019,0.4017,0.4016,0.4015,0.4013,0.4012,0.4011,0.401,0.4008,0.4007,0.4006,0.4004,0.4003,0.4002,0.4001,0.3999,0.3998,0.3997,0.3995,0.3994,0.3993,0.3992,0.399,0.3989,0.3988,0.3986,0.3985,0.3984,0.3983,0.3982,0.3982,0.3981,0.3981,0.398,0.3979,0.3979,0.3978,0.3977,0.3977,0.3976,0.3976,0.3975,0.3974,0.3974,0.3973,0.3973,0.3972,0.3971,0.3971,0.397,0.397,0.3969,0.3969,0.3969,0.3968,0.3968,0.3968,0.3967,0.3967,0.3967,0.3966,0.3966,0.3966,0.3965,0.3965,0.3965,0.3965,0.3964,0.3964,0.3964,0.3963,0.3963,0.3964,0.3967,0.3969,0.3971,0.3974,0.3976,0.3979,0.3981,0.3984,0.3986,0.3988,0.4016,0.4045,0.4074,0.4105,0.4137,0.4169,0.4202,0.4235,0.4528,0.4549,0.4566,0.4568,0.4561,0.4548,0.4539,0.4532,0.4526,0.4519,0.4502,0.4476,0.4451,0.4425,0.44,0.4376,0.4351,0.4327,0.4303,0.4279,0.4256,0.4233,0.421,0.4187,0.4168,0.4164,0.416,0.4157,0.4153,0.415,0.4146,0.4143,0.4139,0.4136,0.4132,0.4128,0.4125,0.4121,0.4114,0.4118,0.4125,0.4132,0.4138,0.4145,0.4152,0.4159,0.4166,0.4173,0.418,0.4187,0.4194,0.4201,0.4208,0.4209,0.4206,0.4204,0.4202,0.4199,0.4197,0.4195,0.4192,0.419,0.4188,0.4185,0.4183,0.4181,0.4178,0.4176,0.4174,0.4172,0.4169,0.4167,0.4165,0.4162,0.416,0.4158,0.4155,0.4153,0.4151,0.4149,0.4147,0.4145,0.4144,0.4142,0.414,0.4139,0.4137,0.4135,0.4133,0.4132,0.413,0.4128,0.4127,0.4125,0.4123,0.4122,0.412,0.4118,0.4117,0.4114,0.4111,0.4108,0.4105,0.4102,0.4099,0.4096,0.4093,0.409,0.4087,0.4084,0.4081,0.4079,0.4076,0.4073,0.407,0.4067,0.4064,0.4061,0.4059,0.4056,0.4053,0.405,0.4047,0.4045
0.3976,0.398,0.3984,0.3988,0.3993,0.3997,0.4001,0.403,0.4062,0.4093,0.4125,0.4156,0.4189,0.4222,0.4255,0.4289,0.4323,0.4358,0.4394,0.443,0.4693,0.4722,0.475,0.4778,0.4786,0.4767,0.4759,0.4751,0.4743,0.4735,0.4726,0.4718,0.471,0.4712,0.4719,0.4725,0.4024,0.4023,0.4021,0.402,0.4019,0.4017,0.4016,0.4015,0.4014,0.4012,0.4011,0.401,0.4008,0.4007,0.4006,0.4004,0.4003,0.4002,0.4001,0.3999,0.3998,0.3997,0.3996,0.3994,0.3993,0.3992,0.399,0.3989,0.3988,0.3987,0.3985,0.3984,0.3983,0.3982,0.3982,0.3981,0.3981,0.398,0.3979,0.3979,0.3978,0.3977,0.3977,0.3976,0.3976,0.3975,0.3974,0.3974,0.3973,0.3973,0.3972,0.3971,0.3971,0.397,0.3969,0.3969,0.3968,0.3968,0.3968,0.3967,0.3967,0.3967,0.3967,0.3966,0.3966,0.3966,0.3965,0.3965,0.3965,0.3964,0.3964,0.3964,0.3963,0.3963,0.3963,0.3962,0.3962,0.3964,0.3966,0.3969,0.3971,0.3974,0.3976,0.3979,0.3981,0.3983,0.3986,0.3988,0.4005,0.4034,0.4063,0.4093,0.4125,0.4156,0.4189,0.4222,0.4255,0.4546,0.4567,0.4572,0.4563,0.4551,0.4541,0.4535,0.4528,0.4521,0.4514,0.4489,0.4463,0.4438,0.4412,0.4388,0.4363,0.4339,0.4315,0.4291,0.4268,0.4244,0.4221,0.4199,0.4173,0.4167,0.4163,0.4159,0.4156,0.4152,0.4149,0.4145,0.4142,0.4138,0.4135,0.4131,0.4128,0.4124,0.4118,0.4116,0.4123,0.413,0.4136,0.4143,0.415,0.4157,0.4164,0.4171,0.4178,0.4185,0.4192,0.4199,0.4206,0.4212,0.4209,0.4207,0.4205,0.4202,0.42,0.4198,0.4195,0.4193,0.4191,0.4188,0.4186,0.4184,0.4181,0.4179,0.4177,0.4174,0.4172,0.417,0.4167,0.4165,0.4163,0.416,0.4158,0.4156,0.4154,0.4151,0.4149,0.4147,0.4145,0.4143,0.4142,0.414,0.4138,0.4137,0.4135,0.4133,0.4132,0.413,0.4128,0.4127,0.4125,0.4123,0.4122,0.412,0.4118,0.4116,0.4113,0.411,0.4107,0.4104,0.4101,0.4098,0.4095,0.4092,0.4089,0.4086,0.4083,0.4081,0.4078,0.4075,0.4072,0.4069,0.4066,0.4063,0.4061,0.4058,0.4055,0.4052,0.4049,0.4047
0.3980,0.3984,0.3989,0.3993,0.3997,0.4001,0.4005,0.4009,0.4033,0.4077,0.411,0.4143,0.4176,0.4209,0.4242,0.4275,0.431,0.4344,0.438,0.4416,0.4677,0.4707,0.4737,0.4765,0.479,0.4771,0.4763,0.4755,0.4747,0.4738,0.473,0.4722,0.4714,0.4027,0.4025,0.4024,0.4023,0.4021,0.402,0.4019,0.4017,0.4016,0.4015,0.4014,0.4012,0.4011,0.401,0.4008,0.4007,0.4006,0.4005,0.4003,0.4002,0.4001,0.3999,0.3998,0.3997,0.3996,0.3994,0.3993,0.3992,0.399,0.3989,0.3988,0.3987,0.3985,0.3984,0.3983,0.3982,0.3982,0.3981,0.398,0.398,0.3979,0.3979,0.3978,0.3977,0.3977,0.3976,0.3976,0.3975,0.3974,0.3974,0.3973,0.3972,0.3972,0.3971,0.3971,0.397,0.3969,0.3969,0.3968,0.3968,0.3967,0.3967,0.3967,0.3966,0.3966,0.3966,0.3965,0.3965,0.3965,0.3964,0.3964,0.3964,0.3964,0.3963,0.3963,0.3963,0.3962,0.3962,0.3962,0.3961,0.3964,0.3966,0.3969,0.3971,0.3973,0.3976,0.3978,0.3981,0.3983,0.3986,0.3988,0.3995,0.4023,0.4052,0.4082,0.4112,0.4144,0.4176,0.4209,0.4242,0.4543,0.4564,0.4576,0.4566,0.4554,0.4544,0.4537,0.453,0.4523,0.4516,0.4501,0.4476,0.445,0.4425,0.44,0.4375,0.4351,0.4326,0.4303,0.4279,0.4256,0.4232,0.421,0.4185,0.4169,0.4166,0.4162,0.4159,0.4155,0.4151,0.4148,0.4144,0.4141,0.4137,0.4134,0.413,0.4127,0.4121,0.4115,0.4121,0.4128,0.4134,0.4141,0.4148,0.4155,0.4162,0.4169,0.4176,0.4183,0.419,0.4197,0.4204,0.4211,0.4212,0.421,0.4207,0.4205,0.4203,0.42,0.4198,0.4196,0.4193,0.4191,0.4189,0.4186,0.4184,0.4182,0.4179,0.4177,0.4175,0.4172,0.417,0.4168,0.4165,0.4163,0.4161,0.4159,0.4156,0.4154,0.4152,0.4149,0.4147,0.4145,0.4143,0.4142,0.414,0.4138,0.4136,0.4135,0.4133,0.4131,0.413,0.4128,0.4126,0.4125,0.4123,0.4121,0.412,0.4118,0.4115,0.4112,0.4109,0.4106,0.4103,0.41,0.4097,0.4094,0.4091,0.4088,0.4085,0.4083,0.408,0.4077,0.4074,0.4071,0.4068,0.4065,0.4063,0.406,0.4057,0.4054,0.4051,0.4048
0.3984,0.3989,0.3993,0.3997,0.4001,0.4005,0.4009,0.4013,0.4017,0.4035,0.4081,0.4125,0.4159,0.4192,0.4227,0.4262,0.4296,0.4331,0.4366,0.4401,0.4438,0.469,0.472,0.4751,0.4779,0.4775,0.4767,0.4759,0.475,0.4742,0.4734,0.4028,0.4027,0.4025,0.4024,0.4023,0.4021,0.402,0.4019,0.4018,0.4016,0.4015,0.4014,0.4012,0.4011,0.401,0.4009,0.4007,0.4006,0.4005,0.4003,0.4002,0.4001,0.4,0.3998,0.3997,0.3996,0.3994,0.3993,0.3992,0.3991,0.3989,0.3988,0.3987,0.3985,0.3984,0.3983,0.3982,0.3982,0.3981,0.398,0.398,0.3979,0.3979,0.3978,0.3977,0.3977,0.3976,0.3975,0.3975,0.3974,0.3974,0.3973,0.3972,0.3972,0.3971,0.3971,0.397,0.3969,0.3969,0.3968,0.3967,0.3967,0.3966,0.3966,0.3966,0.3965,0.3965,0.3965,0.3965,0.3964,0.3964,0.3964,0.3963,0.3963,0.3963,0.3962,0.3962,0.3962,0.3961,0.3961,0.3961,0.3961,0.3964,0.3966,0.3968,0.3971,0.3973,0.3976,0.3978,0.398,0.3983,0.3985,0.3988,0.399,0.4012,0.4041,0.4071,0.4101,0.4132,0.4164,0.4197,0.423,0.4539,0.456,0.458,0.4569,0.4557,0.4546,0.4539,0.4532,0.4525,0.4518,0.4512,0.4488,0.4462,0.4437,0.4412,0.4387,0.4363,0.4338,0.4314,0.429,0.4267,0.4244,0.4221,0.4196,0.4172,0.4168,0.4165,0.4161,0.4158,0.4154,0.415,0.4147,0.4143,0.414,0.4136,0.4133,0.4129,0.4125,0.4118,0.4119,0.4125,0.4132,0.4139,0.4146,0.4152,0.4159,0.4166,0.4173,0.418,0.4187,0.4194,0.4202,0.4209,0.4215,0.4213,0.421,0.4208,0.4205,0.4203,0.4201,0.4198,0.4196,0.4194,0.4191,0.4189,0.4187,0.4184,0.4182,0.418,0.4177,0.4175,0.4173,0.4171,0.4168,0.4166,0.4164,0.4161,0.4159,0.4157,0.4154,0.4152,0.415,0.4148,0.4145,0.4143,0.4141,0.414,0.4138,0.4136,0.4135,0.4133,0.4131,0.413,0.4128,0.4126,0.4125,0.4123,0.4121,0.4119,0.4117,0.4114,0.4111,0.4108,0.4105,0.4102,0.4099,0.4096,0.4093,0.409,0.4087,0.4085,0.4082,0.4079,0.4076,0.4073,0.407,0.4067,0.4065,0.4062,0.4059,0.4056,0.4053,0.405
0.3989,0.3993,0.3997,0.4001,0.4005,0.4009,0.4013,0.4017,0.4021,0.4025,0.4037,0.4083,0.4131,0.4175,0.4209,0.4243,0.4278,0.4314,0.4351,0.4387,0.4423,0.469,0.4716,0.4742,0.4768,0.478,0.4772,0.4763,0.4031,0.4029,0.4028,0.4027,0.4025,0.4024,0.4023,0.4022,0.402,0.4019,0.4018,0.4016,0.4015,0.4014,0.4012,0.4011,0.401,0.4009,0.4007,0.4006,0.4005,0.4003,0.4002,0.4001,0.4,0.3998,0.3997,0.3996,0.3995,0.3993,0.3992,0.3991,0.3989,0.3988,0.3987,0.3986,0.3984,0.3983,0.3982,0.3982,0.3981,0.398,0.398,0.3979,0.3979,0.3978,0.3977,0.3977,0.3976,0.3975,0.3975,0.3974,0.3974,0.3973,0.3972,0.3972,0.3971,0.397,0.397,0.3969,0.3969,0.3968,0.3967,0.3967,0.3966,0.3966,0.3965,0.3965,0.3965,0.3964,0.3964,0.3964,0.3963,0.3963,0.3963,0.3962,0.3962,0.3962,0.3962,0.3961,0.3961,0.3961,0.396,0.396,0.3961,0.3963,0.3966,0.3968,0.3971,0.3973,0.3975,0.3978,0.398,0.3983,0.3985,0.3987,0.399,0.4002,0.4031,0.406,0.4089,0.412,0.4152,0.4184,0.4217,0.425,0.4596,0.4576,0.4572,0.456,0.4548,0.4541,0.4534,0.4527,0.4521,0.4514,0.4501,0.4475,0.4449,0.4424,0.4399,0.4375,0.435,0.4326,0.4302,0.4278,0.4255,0.4232,0.4208,0.4181,0.4171,0.4167,0.4164,0.416,0.4157,0.4153,0.4149,0.4146,0.4142,0.4139,0.4135,0.4132,0.4128,0.4122,0.4117,0.4123,0.413,0.4137,0.4143,0.415,0.4157,0.4164,0.4171,0.4178,0.4185,0.4192,0.4199,0.4206,0.4213,0.4215,0.4213,0.4211,0.4208,0.4206,0.4204,0.4201,0.4199,0.4197,0.4194,0.4192,0.419,0.4187,0.4185,0.4183,0.418,0.4178,0.4176,0.4173,0.4171,0.4169,0.4166,0.4164,0.4162,0.4159,0.4157,0.4155,0.4153,0.415,0.4148,0.4146,0.4143,0.4141,0.414,0.4138,0.4136,0.4134,0.4133,0.4131,0.4129,0.4128,0.4126,0.4124,0.4123,0.4121,0.4119,0.4116,0.4113,0.411,0.4107,0.4104,0.4101,0.4098,0.4095,0.4092,0.4089,0.4087,0.4084,0.4081,0.4078,0.4075,0.4072,0.4069,0.4067,0.4064,0.4061,0.4058,0.4055,0.4052
0.3986,0.3997,0.4001,0.4005,0.4009,0.4013,0.4017,0.4021,0.4025,0.403,0.4034,0.404,0.4086,0.4133,0.4181,0.4225,0.426,0.4295,0.4331,0.4368,0.4405,0.4443,0.4727,0.4754,0.478,0.4803,0.4032,0.4031,0.4029,0.4028,0.4027,0.4026,0.4024,0.4023,0.4022,0.402,0.4019,0.4018,0.4016,0.4015,0.4014,0.4013,0.4011,0.401,0.4009,0.4007,0.4006,0.4005,0.4004,0.4002,0.4001,0.4,0.3998,0.3997,0.3996,0.3995,0.3993,0.3992,0.3991,0.3989,0.3988,0.3987,0.3986,0.3984,0.3983,0.3982,0.3982,0.3981,0.398,0.398,0.3979,0.3978,0.3978,0.3977,0.3977,0.3976,0.3975,0.3975,0.3974,0.3974,0.3973,0.3972,0.3972,0.3971,0.397,0.397,0.3969,0.3969,0.3968,0.3967,0.3967,0.3966,0.3966,0.3965,0.3964,0.3964,0.3964,0.3963,0.3963,0.3963,0.3963,0.3962,0.3962,0.3962,0.3961,0.3961,0.3961,0.396,0.396,0.396,0.3959,0.3959,0.3961,0.3963,0.3965,0.3968,0.397,0.3973,0.3975,0.3978,0.398,0.3982,0.3985,0.3987,0.399,0.3992,0.402,0.4049,0.4078,0.4108,0.4139,0.4171,0.4204,0.4237,0.4582,0.4566,0.4575,0.4563,0.4551,0.4543,0.4536,0.453,0.4523,0.4516,0.4509,0.4488,0.4462,0.4437,0.4411,0.4387,0.4362,0.4338,0.4314,0.429,0.4267,0.4243,0.422,0.4193,0.4174,0.417,0.4166,0.4163,0.4159,0.4156,0.4152,0.4148,0.4145,0.4141,0.4138,0.4134,0.4131,0.4125,0.4119,0.4121,0.4128,0.4135,0.4141,0.4148,0.4155,0.4162,0.4169,0.4176,0.4183,0.419,0.4197,0.4204,0.4211,0.4218,0.4216,0.4213,0.4211,0.4209,0.4206,0.4204,0.4202,0.4199,0.4197,0.4195,0.4192,0.419,0.4188,0.4185,0.4183,0.4181,0.4178,0.4176,0.4174,0.4171,0.4169,0.4167,0.4165,0.4162,0.416,0.4158,0.4155,0.4153,0.4151,0.4148,0.4146,0.4144,0.4142,0.4139,0.4138,0.4136,0.4134,0.4133,0.4131,0.4129,0.4128,0.4126,0.4124,0.4122,0.4121,0.4118,0.4115,0.4112,0.4109,0.4106,0.4103,0.41,0.4097,0.4094,0.4091,0.4089,0.4086,0.4083,0.408,0.4077,0.4074,0.4071,0.4069,0.4066,0.4063,0.406,0.4057,0.4054
0.3981,0.4,0.4005,0.4009,0.4013,0.4017,0.4022,0.4026,0.403,0.4034,0.4038,0.4042,0.4043,0.4088,0.4135,0.4184,0.4233,0.4277,0.4312,0.4349,0.4386,0.4423,0.4739,0.4035,0.4033,0.4032,0.4031,0.403,0.4028,0.4027,0.4026,0.4024,0.4023,0.4022,0.402,0.4019,0.4018,0.4017,0.4015,0.4014,0.4013,0.4011,0.401,0.4009,0.4008,0.4006,0.4005,0.4004,0.4002,0.4001,0.4,0.3999,0.3997,0.3996,0.3995,0.3993,0.3992,0.3991,0.399,0.3988,0.3987,0.3986,0.3984,0.3983,0.3982,0.3982,0.3981,0.398,0.398,0.3979,0.3978,0.3978,0.3977,0.3977,0.3976,0.3975,0.3975,0.3974,0.3973,0.3973,0.3972,0.3972,0.3971,0.397,0.397,0.3969,0.3969,0.3968,0.3967,0.3967,0.3966,0.3965,0.3965,0.3964,0.3964,0.3963,0.3963,0.3963,0.3962,0.3962,0.3962,0.3961,0.3961,0.3961,0.396,0.396,0.396,0.396,0.3959,0.3959,0.3959,0.3958,0.396,0.3963,0.3965,0.3968,0.397,0.3972,0.3975,0.3977,0.398,0.3982,0.3985,0.3987,0.3989,0.3992,0.4009,0.4038,0.4067,0.4097,0.4127,0.4159,0.4192,0.4225,0.4258,0.4557,0.4574,0.4566,0.4554,0.4545,0.4538,0.4532,0.4525,0.4518,0.4511,0.45,0.4474,0.4449,0.4424,0.4399,0.4374,0.435,0.4325,0.4302,0.4278,0.4255,0.4231,0.4205,0.4178,0.4173,0.4169,0.4165,0.4162,0.4158,0.4155,0.4151,0.4148,0.4144,0.414,0.4137,0.4133,0.4129,0.4122,0.4119,0.4126,0.4133,0.4139,0.4146,0.4153,0.416,0.4167,0.4174,0.4181,0.4188,0.4195,0.4202,0.4209,0.4216,0.4219,0.4216,0.4214,0.4212,0.4209,0.4207,0.4204,0.4202,0.42,0.4197,0.4195,0.4193,0.419,0.4188,0.4186,0.4183,0.4181,0.4179,0.4177,0.4174,0.4172,0.417,0.4167,0.4165,0.4163,0.416,0.4158,0.4156,0.4153,0.4151,0.4149,0.4147,0.4144,0.4142,0.414,0.4138,0.4136,0.4134,0.4132,0.4131,0.4129,0.4127,0.4126,0.4124,0.4122,0.412,0.4117,0.4114,0.4111,0.4108,0.4105,0.4102,0.4099,0.4096,0.4093,0.4091,0.4088,0.4085,0.4082,0.4079,0.4076,0.4073,0.4071,0.4068,0.4065,0.4062,0.4059,0.4056
0.3976,0.3995,0.4009,0.4014,0.4018,0.4022,0.4026,0.403,0.4034,0.4035,0.4036,0.4038,0.4039,0.404,0.4042,0.4082,0.4186,0.4236,0.4287,0.433,0.4366,0.4036,0.4035,0.4034,0.4032,0.4031,0.403,0.4028,0.4027,0.4026,0.4024,0.4023,0.4022,0.4021,0.4019,0.4018,0.4017,0.4015,0.4014,0.4013,0.4012,0.401,0.4009,0.4008,0.4006,0.4005,0.4004,0.4002,0.4001,0.4,0.3999,0.3997,0.3996,0.3995,0.3994,0.3992,0.3991,0.399,0.3988,0.3987,0.3986,0.3985,0.3983,0.3982,0.3981,0.3981,0.398,0.398,0.3979,0.3978,0.3978,0.3977,0.3977,0.3976,0.3975,0.3975,0.3974,0.3973,0.3973,0.3972,0.3972,0.3971,0.397,0.397,0.3969,0.3969,0.3968,0.3967,0.3967,0.3966,0.3965,0.3965,0.3964,0.3964,0.3963,0.3962,0.3962,0.3962,0.3962,0.3961,0.3961,0.3961,0.396,0.396,0.396,0.3959,0.3959,0.3959,0.3958,0.3958,0.3958,0.3958,0.396,0.3963,0.3965,0.3967,0.397,0.3972,0.3975,0.3977,0.3979,0.3982,0.3984,0.3987,0.3989,0.3992,0.3998,0.4027,0.4056,0.4086,0.4116,0.4147,0.4179,0.4212,0.4245,0.4548,0.4565,0.4569,0.4556,0.4547,0.4541,0.4534,0.4527,0.452,0.4514,0.4507,0.4487,0.4461,0.4436,0.4411,0.4386,0.4362,0.4337,0.4313,0.4289,0.4266,0.4243,0.4216,0.419,0.4175,0.4172,0.4168,0.4164,0.4161,0.4157,0.4154,0.415,0.4147,0.4143,0.4139,0.4136,0.4132,0.4126,0.4119,0.4124,0.4131,0.4137,0.4144,0.4151,0.4158,0.4164,0.4171,0.4178,0.4185,0.4193,0.42,0.4207,0.4214,0.4221,0.4219,0.4217,0.4214,0.4212,0.421,0.4207,0.4205,0.4203,0.42,0.4198,0.4196,0.4193,0.4191,0.4189,0.4186,0.4184,0.4182,0.4179,0.4177,0.4175,0.4172,0.417,0.4168,0.4165,0.4163,0.4161,0.4159,0.4156,0.4154,0.4152,0.4149,0.4147,0.4145,0.4143,0.414,0.4138,0.4136,0.4134,0.4132,0.4131,0.4129,0.4127,0.4125,0.4124,0.4122,0.4119,0.4116,0.4113,0.411,0.4107,0.4104,0.4101,0.4098,0.4095,0.4093,0.409,0.4087,0.4084,0.4081,0.4078,0.4075,0.4073,0.407,0.4067,0.4064,0.4061,0.4058
0.3971,0.3991,0.401,0.4018,0.4022,0.4026,0.4027,0.4029,0.403,0.4031,0.4032,0.4034,0.4035,0.4036,0.4038,0.4039,0.404,0.4084,0.4039,0.4038,0.4036,0.4035,0.4034,0.4032,0.4031,0.403,0.4028,0.4027,0.4026,0.4025,0.4023,0.4022,0.4021,0.4019,0.4018,0.4017,0.4015,0.4014,0.4013,0.4012,0.401,0.4009,0.4008,0.4006,0.4005,0.4004,0.4003,0.4001,0.4,0.3999,0.3997,0.3996,0.3995,0.3994,0.3992,0.3991,0.399,0.3988,0.3987,0.3986,0.3985,0.3983,0.3982,0.3981,0.3981,0.398,0.398,0.3979,0.3978,0.3978,0.3977,0.3976,0.3976,0.3975,0.3975,0.3974,0.3973,0.3973,0.3972,0.3972,0.3971,0.397,0.397,0.3969,0.3968,0.3968,0.3967,0.3967,0.3966,0.3965,0.3965,0.3964,0.3964,0.3963,0.3962,0.3962,0.3961,0.3961,0.3961,0.396,0.396,0.396,0.3959,0.3959,0.3959,0.3959,0.3958,0.3958,0.3958,0.3957,0.3957,0.3957,0.396,0.3962,0.3965,0.3967,0.397,0.3972,0.3974,0.3977,0.3979,0.3982,0.3984,0.3987,0.3989,0.3991,0.3994,0.4016,0.4045,0.4075,0.4104,0.4135,0.4167,0.4199,0.4232,0.4539,0.4556,0.4571,0.4559,0.455,0.4543,0.4536,0.4529,0.4522,0.4516,0.4509,0.45,0.4474,0.4448,0.4423,0.4398,0.4373,0.4349,0.4325,0.4301,0.4277,0.4254,0.4228,0.4201,0.4178,0.4174,0.4171,0.4167,0.4163,0.416,0.4156,0.4153,0.4149,0.4146,0.4142,0.4139,0.4135,0.4129,0.4123,0.4122,0.4128,0.4135,0.4142,0.4149,0.4155,0.4162,0.4169,0.4176,0.4183,0.419,0.4197,0.4204,0.4212,0.4219,0.4222,0.4219,0.4217,0.4215,0.4212,0.421,0.4208,0.4205,0.4203,0.4201,0.4198,0.4196,0.4194,0.4191,0.4189,0.4187,0.4184,0.4182,0.418,0.4177,0.4175,0.4173,0.417,0.4168,0.4166,0.4164,0.4161,0.4159,0.4157,0.4154,0.4152,0.415,0.4148,0.4145,0.4143,0.4141,0.4138,0.4136,0.4134,0.4132,0.413,0.4129,0.4127,0.4125,0.4124,0.4121,0.4118,0.4115,0.4112,0.4109,0.4106,0.4103,0.41,0.4097,0.4095,0.4092,0.4089,0.4086,0.4083,0.408,0.4077,0.4075,0.4072,0.4069,0.4066,0.4063,0.406
0.3972,0.399,0.4008,0.4019,0.402,0.4021,0.4022,0.4024,0.4025,0.4026,0.4027,0.4028,0.403,0.4031,0.4032,0.4033,0.4036,0.4039,0.4038,0.4036,0.4035,0.4034,0.4032,0.4031,0.403,0.4029,0.4027,0.4026,0.4025,0.4023,0.4022,0.4021,0.4019,0.4018,0.4017,0.4016,0.4014,0.4013,0.4012,0.401,0.4009,0.4008,0.4007,0.4005,0.4004,0.4003,0.4001,0.4,0.3999,0.3998,0.3996,0.3995,0.3994,0.3992,0.3991,0.399,0.3989,0.3987,0.3986,0.3985,0.3983,0.3982,0.3981,0.3981,0.398,0.398,0.3979,0.3978,0.3978,0.3977,0.3976,0.3976,0.3975,0.3975,0.3974,0.3973,0.3973,0.3972,0.3971,0.3971,0.397,0.397,0.3969,0.3968,0.3968,0.3967,0.3967,0.3966,0.3965,0.3965,0.3964,0.3963,0.3963,0.3962,0.3962,0.3961,0.396,0.396,0.396,0.396,0.3959,0.3959,0.3959,0.3958,0.3958,0.3958,0.3957,0.3957,0.3957,0.3956,0.3956,0.3957,0.396,0.3962,0.3964,0.3967,0.3969,0.3972,0.3974,0.3977,0.3979,0.3981,0.3984,0.3986,0.3989,0.3991,0.3994,0.4005,0.4034,0.4063,0.4093,0.4123,0.4154,0.4187,0.4219,0.4253,0.4547,0.4564,0.4562,0.4552,0.4545,0.4538,0.4531,0.4525,0.4518,0.4511,0.4504,0.4486,0.4461,0.4435,0.441,0.4386,0.4361,0.4337,0.4313,0.4289,0.4265,0.424,0.4213,0.4186,0.4177,0.4173,0.417,0.4166,0.4163,0.4159,0.4155,0.4152,0.4148,0.4145,0.4141,0.4138,0.4133,0.4126,0.412,0.4126,0.4133,0.414,0.4147,0.4153,0.416,0.4167,0.4174,0.4181,0.4188,0.4195,0.4202,0.4209,0.4216,0.4224,0.4222,0.422,0.4218,0.4215,0.4213,0.4211,0.4208,0.4206,0.4203,0.4201,0.4199,0.4196,0.4194,0.4192,0.4189,0.4187,0.4185,0.4182,0.418,0.4178,0.4176,0.4173,0.4171,0.4169,0.4166,0.4164,0.4162,0.4159,0.4157,0.4155,0.4153,0.415,0.4148,0.4146,0.4143,0.4141,0.4139,0.4137,0.4134,0.4132,0.413,0.4128,0.4127,0.4125,0.4123,0.412,0.4117,0.4114,0.4111,0.4108,0.4105,0.4102,0.4099,0.4097,0.4094,0.4091,0.4088,0.4085,0.4082,0.4079,0.4077,0.4074,0.4071,0.4068,0.4065,0.4062
0.3973,0.3991,0.4007,0.4012,0.4013,0.4015,0.4016,0.4017,0.4018,0.4019,0.402,0.4022,0.4023,0.4024,0.4025,0.4029,0.4036,0.4038,0.4036,0.4035,0.4034,0.4033,0.4031,0.403,0.4029,0.4027,0.4026,0.4025,0.4023,0.4022,0.4021,0.402,0.4018,0.4017,0.4016,0.4014,0.4013,0.4012,0.401,0.4009,0.4008,0.4007,0.4005,0.4004,0.4003,0.4001,0.4,0.3999,0.3998,0.3996,0.3995,0.3994,0.3993,0.3991,0.399,0.3989,0.3987,0.3986,0.3985,0.3984,0.3982,0.3981,0.3981,0.398,0.3979,0.3979,0.3978,0.3978,0.3977,0.3976,0.3976,0.3975,0.3975,0.3974,0.3973,0.3973,0.3972,0.3971,0.3971,0.397,0.397,0.3969,0.3968,0.3968,0.3967,0.3967,0.3966,0.3965,0.3965,0.3964,0.3963,0.3963,0.3962,0.3962,0.3961,0.396,0.396,0.3959,0.3959,0.3959,0.3958,0.3958,0.3958,0.3957,0.3957,0.3957,0.3957,0.3956,0.3956,0.3956,0.3955,0.3957,0.3959,0.3962,0.3964,0.3967,0.3969,0.3971,0.3974,0.3976,0.3979,0.3981,0.3984,0.3986,0.3988,0.3991,0.3993,0.3996,0.4023,0.4052,0.4082,0.4112,0.4142,0.4174,0.4207,0.424,0.4538,0.4555,0.4565,0.4554,0.4547,0.454,0.4533,0.4527,0.452,0.4513,0.4506,0.4499,0.4473,0.4448,0.4423,0.4398,0.4373,0.4349,0.4324,0.4301,0.4277,0.4252,0.4225,0.4198,0.418,0.4176,0.4172,0.4169,0.4165,0.4162,0.4158,0.4154,0.4151,0.4147,0.4144,0.414,0.4136,0.413,0.4123,0.4124,0.4131,0.4138,0.4144,0.4151,0.4158,0.4165,0.4172,0.4179,0.4186,0.4193,0.42,0.4207,0.4214,0.4221,0.4225,0.4223,0.422,0.4218,0.4216,0.4213,0.4211,0.4209,0.4206,0.4204,0.4202,0.4199,0.4197,0.4195,0.4192,0.419,0.4188,0.4185,0.4183,0.4181,0.4178,0.4176,0.4174,0.4171,0.4169,0.4167,0.4164,0.4162,0.416,0.4158,0.4155,0.4153,0.4151,0.4148,0.4146,0.4144,0.4142,0.4139,0.4137,0.4135,0.4132,0.413,0.4128,0.4127,0.4125,0.4122,0.4119,0.4116,0.4113,0.411,0.4107,0.4104,0.4101,0.4099,0.4096,0.4093,0.409,0.4087,0.4084,0.4081,0.4079,0.4076,0.4073,0.407,0.4067,0.4064
0.3975,0.399,0.4004,0.4005,0.4007,0.4008,0.4009,0.401,0.4011,0.4013,0.4014,0.4015,0.4016,0.4017,0.4023,0.403,0.4036,0.4036,0.4035,0.4034,0.4033,0.4031,0.403,0.4029,0.4027,0.4026,0.4025,0.4024,0.4022,0.4021,0.402,0.4018,0.4017,0.4016,0.4014,0.4013,0.4012,0.4011,0.4009,0.4008,0.4007,0.4005,0.4004,0.4003,0.4002,0.4,0.3999,0.3998,0.3996,0.3995,0.3994,0.3993,0.3991,0.399,0.3989,0.3988,0.3986,0.3985,0.3984,0.3982,0.3981,0.3981,0.398,0.3979,0.3979,0.3978,0.3978,0.3977,0.3976,0.3976,0.3975,0.3974,0.3974,0.3973,0.3973,0.3972,0.3971,0.3971,0.397,0.397,0.3969,0.3968,0.3968,0.3967,0.3966,0.3966,0.3965,0.3965,0.3964,0.3963,0.3963,0.3962,0.3962,0.3961,0.396,0.396,0.3959,0.3958,0.3958,0.3958,0.3958,0.3957,0.3957,0.3957,0.3956,0.3956,0.3956,0.3955,0.3955,0.3955,0.3954,0.3957,0.3959,0.3962,0.3964,0.3966,0.3969,0.3971,0.3974,0.3976,0.3978,0.3981,0.3983,0.3986,0.3988,0.3991,0.3993,0.3996,0.4013,0.4041,0.4071,0.4101,0.4131,0.4162,0.4194,0.4227,0.4261,0.4546,0.4563,0.4556,0.4549,0.4542,0.4536,0.4529,0.4522,0.4515,0.4509,0.4502,0.4486,0.446,0.4435,0.441,0.4385,0.436,0.4336,0.4312,0.4288,0.4264,0.4237,0.421,0.4183,0.4179,0.4175,0.4171,0.4168,0.4164,0.4161,0.4157,0.4153,0.415,0.4146,0.4143,0.4139,0.4133,0.4127,0.4122,0.4129,0.4136,0.4142,0.4149,0.4156,0.4163,0.417,0.4177,0.4184,0.4191,0.4198,0.4205,0.4212,0.4219,0.4226,0.4226,0.4223,0.4221,0.4219,0.4216,0.4214,0.4211,0.4209,0.4207,0.4204,0.4202,0.42,0.4197,0.4195,0.4193,0.419,0.4188,0.4186,0.4183,0.4181,0.4179,0.4176,0.4174,0.4172,0.417,0.4167,0.4165,0.4163,0.416,0.4158,0.4156,0.4153,0.4151,0.4149,0.4147,0.4144,0.4142,0.414,0.4137,0.4135,0.4133,0.4131,0.4128,0.4126,0.4124,0.4121,0.4118,0.4115,0.4112,0.4109,0.4106,0.4104,0.4101,0.4098,0.4095,0.4092,0.4089,0.4086,0.4083,0.4081,0.4078,0.4075,0.4072,0.4069,0.4066
0.3973,0.3988,0.3998,0.3999,0.4,0.4001,0.4002,0.4003,0.4005,0.4006,0.4007,0.4008,0.401,0.4017,0.4023,0.403,0.4034,0.4035,0.4034,0.4033,0.4031,0.403,0.4029,0.4028,0.4026,0.4025,0.4024,0.4022,0.4021,0.402,0.4018,0.4017,0.4016,0.4015,0.4013,0.4012,0.4011,0.4009,0.4008,0.4007,0.4006,0.4004,0.4003,0.4002,0.4,0.3999,0.3998,0.3997,0.3995,0.3994,0.3993,0.3991,0.399,0.3989,0.3988,0.3986,0.3985,0.3984,0.3982,0.3981,0.3981,0.398,0.3979,0.3979,0.3978,0.3978,0.3977,0.3976,0.3976,0.3975,0.3974,0.3974,0.3973,0.3973,0.3972,0.3971,0.3971,0.397,0.397,0.3969,0.3968,0.3968,0.3967,0.3966,0.3966,0.3965,0.3965,0.3964,0.3963,0.3963,0.3962,0.3962,0.3961,0.396,0.396,0.3959,0.3958,0.3958,0.3957,0.3957,0.3957,0.3956,0.3956,0.3956,0.3956,0.3955,0.3955,0.3955,0.3954,0.3954,0.3954,0.3957,0.3959,0.3961,0.3964,0.3966,0.3969,0.3971,0.3973,0.3976,0.3978,0.3981,0.3983,0.3986,0.3988,0.399,0.3993,0.3995,0.4002,0.4031,0.406,0.4089,0.4119,0.415,0.4182,0.4214,0.4248,0.4537,0.4553,0.4559,0.4551,0.4545,0.4538,0.4531,0.4524,0.4517,0.4511,0.4504,0.4497,0.4473,0.4447,0.4422,0.4397,0.4372,0.4348,0.4324,0.43,0.4276,0.4249,0.4222,0.4195,0.4181,0.4178,0.4174,0.417,0.4167,0.4163,0.416,0.4156,0.4152,0.4149,0.4145,0.4142,0.4137,0.413,0.4124,0.4127,0.4134,0.414,0.4147,0.4154,0.4161,0.4167,0.4174,0.4181,0.4188,0.4195,0.4202,0.421,0.4217,0.4224,0.4228,0.4226,0.4224,0.4221,0.4219,0.4217,0.4214,0.4212,0.421,0.4207,0.4205,0.4202,0.42,0.4198,0.4195,0.4193,0.4191,0.4188,0.4186,0.4184,0.4182,0.4179,0.4177,0.4175,0.4172,0.417,0.4168,0.4165,0.4163,0.4161,0.4158,0.4156,0.4154,0.4152,0.4149,0.4147,0.4145,0.4142,0.414,0.4138,0.4136,0.4133,0.4131,0.4129,0.4126,0.4123,0.412,0.4117,0.4114,0.4111,0.4108,0.4106,0.4103,0.41,0.4097,0.4094,0.4091,0.4088,0.4085,0.4083,0.408,0.4077,0.4074,0.4071,0.4068
0.3971,0.3985,0.3991,0.3992,0.3993,0.3994,0.3996,0.3997,0.3998,0.3999,0.4,0.4004,0.401,0.4017,0.4024,0.403,0.4033,0.4033,0.4033,0.4032,0.403,0.4029,0.4028,0.4026,0.4025,0.4024,0.4022,0.4021,0.402,0.4019,0.4017,0.4016,0.4015,0.4013,0.4012,0.4011,0.4009,0.4008,0.4007,0.4006,0.4004,0.4003,0.4002,0.4,0.3999,0.3998,0.3997,0.3995,0.3994,0.3993,0.3992,0.399,0.3989,0.3988,0.3986,0.3985,0.3984,0.3983,0.3981,0.3981,0.398,0.3979,0.3979,0.3978,0.3977,0.3977,0.3976,0.3976,0.3975,0.3974,0.3974,0.3973,0.3973,0.3972,0.3971,0.3971,0.397,0.3969,0.3969,0.3968,0.3968,0.3967,0.3966,0.3966,0.3965,0.3965,0.3964,0.3963,0.3963,0.3962,0.3961,0.3961,0.396,0.396,0.3959,0.3958,0.3958,0.3957,0.3957,0.3956,0.3956,0.3956,0.3955,0.3955,0.3955,0.3954,0.3954,0.3954,0.3953,0.3953,0.3954,0.3956,0.3959,0.3961,0.3963,0.3966,0.3968,0.3971,0.3973,0.3976,0.3978,0.398,0.3983,0.3985,0.3988,0.399,0.3993,0.3995,0.3997,0.402,0.4049,0.4078,0.4108,0.4138,0.4169,0.4202,0.4235,0.4528,0.4544,0.4561,0.4554,0.4547,0.454,0.4533,0.4526,0.452,0.4513,0.4506,0.4499,0.4485,0.446,0.4434,0.4409,0.4384,0.436,0.4336,0.4312,0.4288,0.4261,0.4233,0.4206,0.4184,0.418,0.4177,0.4173,0.4169,0.4166,0.4162,0.4159,0.4155,0.4151,0.4148,0.4144,0.414,0.4134,0.4127,0.4125,0.4131,0.4138,0.4145,0.4152,0.4158,0.4165,0.4172,0.4179,0.4186,0.4193,0.42,0.4207,0.4214,0.4222,0.4229,0.4229,0.4227,0.4224,0.4222,0.4219,0.4217,0.4215,0.4212,0.421,0.4208,0.4205,0.4203,0.4201,0.4198,0.4196,0.4194,0.4191,0.4189,0.4187,0.4184,0.4182,0.418,0.4177,0.4175,0.4173,0.417,0.4168,0.4166,0.4163,0.4161,0.4159,0.4157,0.4154,0.4152,0.415,0.4147,0.4145,0.4143,0.4141,0.4138,0.4136,0.4134,0.4131,0.4127,0.4125,0.4122,0.4119,0.4116,0.4113,0.411,0.4108,0.4105,0.4102,0.4099,0.4096,0.4093,0.409,0.4087,0.4085,0.4082,0.4079,0.4076,0.4073,0.407
0.3968,0.3983,0.3984,0.3985,0.3987,0.3988,0.3989,0.399,0.3991,0.3992,0.3998,0.4004,0.4011,0.4017,0.4024,0.403,0.4031,0.4032,0.4032,0.403,0.4029,0.4028,0.4026,0.4025,0.4024,0.4023,0.4021,0.402,0.4019,0.4017,0.4016,0.4015,0.4013,0.4012,0.4011,0.401,0.4008,0.4007,0.4006,0.4004,0.4003,0.4002,0.4001,0.3999,0.3998,0.3997,0.3995,0.3994,0.3993,0.3992,0.399,0.3989,0.3988,0.3987,0.3985,0.3984,0.3983,0.3981,0.3981,0.398,0.3979,0.3979,0.3978,0.3977,0.3977,0.3976,0.3976,0.3975,0.3974,0.3974,0.3973,0.3972,0.3972,0.3971,0.3971,0.397,0.3969,0.3969,0.3968,0.3968,0.3967,0.3966,0.3966,0.3965,0.3964,0.3964,0.3963,0.3963,0.3962,0.3961,0.3961,0.396,0.396,0.3959,0.3958,0.3958,0.3957,0.3957,0.3956,0.3955,0.3955,0.3955,0.3954,0.3954,0.3954,0.3954,0.3953,0.3953,0.3953,0.3952,0.3954,0.3956,0.3958,0.3961,0.3963,0.3966,0.3968,0.397,0.3973,0.3975,0.3978,0.398,0.3983,0.3985,0.3987,0.399,0.3992,0.3995,0.3997,0.4009,0.4038,0.4067,0.4097,0.4127,0.4158,0.4189,0.4222,0.4256,0.457,0.456,0.4556,0.4549,0.4542,0.4535,0.4529,0.4522,0.4515,0.4508,0.4502,0.4495,0.4472,0.4447,0.4422,0.4397,0.4372,0.4347,0.4323,0.43,0.4273,0.4245,0.4218,0.4191,0.4183,0.4179,0.4176,0.4172,0.4168,0.4165,0.4161,0.4158,0.4154,0.4151,0.4147,0.4143,0.4137,0.4131,0.4124,0.4129,0.4136,0.4143,0.415,0.4156,0.4163,0.417,0.4177,0.4184,0.4191,0.4198,0.4205,0.4212,0.4219,0.4226,0.4232,0.4229,0.4227,0.4225,0.4222,0.422,0.4218,0.4215,0.4213,0.421,0.4208,0.4206,0.4203,0.4201,0.4199,0.4196,0.4194,0.4192,0.4189,0.4187,0.4185,0.4182,0.418,0.4178,0.4175,0.4173,0.4171,0.4169,0.4166,0.4164,0.4162,0.4159,0.4157,0.4155,0.4152,0.415,0.4148,0.4146,0.4143,0.4141,0.4139,0.4137,0.4134,0.413,0.4126,0.4124,0.4121,0.4118,0.4115,0.4112,0.411,0.4107,0.4104,0.4101,0.4098,0.4095,0.4092,0.4089,0.4087,0.4084,0.4081,0.4078,0.4075,0.4072
0.3966,0.3977,0.3978,0.3979,0.398,0.3981,0.3982,0.3984,0.3985,0.3992,0.3998,0.4004,0.4011,0.4018,0.4024,0.403,0.403,0.403,0.403,0.4029,0.4028,0.4027,0.4025,0.4024,0.4023,0.4021,0.402,0.4019,0.4017,0.4016,0.4015,0.4014,0.4012,0.4011,0.401,0.4008,0.4007,0.4006,0.4005,0.4003,0.4002,0.4001,0.3999,0.3998,0.3997,0.3996,0.3994,0.3993,0.3992,0.399,0.3989,0.3988,0.3987,0.3985,0.3984,0.3983,0.3982,0.398,0.398,0.3979,0.3979,0.3978,0.3977,0.3977,0.3976,0.3976,0.3975,0.3974,0.3974,0.3973,0.3972,0.3972,0.3971,0.3971,0.397,0.3969,0.3969,0.3968,0.3968,0.3967,0.3966,0.3966,0.3965,0.3964,0.3964,0.3963,0.3963,0.3962,0.3961,0.3961,0.396,0.396,0.3959,0.3958,0.3958,0.3957,0.3956,0.3956,0.3955,0.3955,0.3954,0.3954,0.3954,0.3953,0.3953,0.3953,0.3952,0.3952,0.3952,0.3951,0.3953,0.3956,0.3958,0.3961,0.3963,0.3965,0.3968,0.397,0.3973,0.3975,0.3977,0.398,0.3982,0.3985,0.3987,0.399,0.3992,0.3995,0.3997,0.3999,0.4027,0.4056,0.4086,0.4116,0.4146,0.4177,0.4209,0.4243,0.4567,0.4549,0.4561,0.4551,0.4544,0.4537,0.4531,0.4524,0.4517,0.451,0.4504,0.4497,0.4485,0.4459,0.4434,0.4409,0.4384,0.4359,0.4335,0.4311,0.4285,0.4257,0.423,0.4203,0.4185,0.4182,0.4178,0.4175,0.4171,0.4167,0.4164,0.416,0.4157,0.4153,0.415,0.4146,0.4141,0.4134,0.4128,0.4127,0.4134,0.4141,0.4147,0.4154,0.4161,0.4168,0.4175,0.4182,0.4189,0.4196,0.4203,0.421,0.4217,0.4224,0.4231,0.4232,0.423,0.4227,0.4225,0.4223,0.422,0.4218,0.4216,0.4213,0.4211,0.4209,0.4206,0.4204,0.4202,0.4199,0.4197,0.4195,0.4192,0.419,0.4188,0.4185,0.4183,0.4181,0.4178,0.4176,0.4174,0.4171,0.4169,0.4167,0.4164,0.4162,0.416,0.4157,0.4155,0.4153,0.4151,0.4148,0.4146,0.4144,0.4142,0.4139,0.4136,0.4132,0.4128,0.4126,0.4123,0.412,0.4117,0.4115,0.4112,0.4109,0.4106,0.4103,0.41,0.4097,0.4094,0.4091,0.4089,0.4086,0.4083,0.408,0.4077,0.4074
0.3964,0.397,0.3971,0.3972,0.3973,0.3975,0.3976,0.3979,0.3985,0.3992,0.3998,0.4005,0.4011,0.4018,0.4024,0.4028,0.4028,0.4029,0.4029,0.4028,0.4027,0.4025,0.4024,0.4023,0.4021,0.402,0.4019,0.4018,0.4016,0.4015,0.4014,0.4012,0.4011,0.401,0.4008,0.4007,0.4006,0.4005,0.4003,0.4002,0.4001,0.3999,0.3998,0.3997,0.3996,0.3994,0.3993,0.3992,0.3991,0.3989,0.3988,0.3987,0.3985,0.3984,0.3983,0.3982,0.398,0.398,0.3979,0.3979,0.3978,0.3977,0.3977,0.3976,0.3975,0.3975,0.3974,0.3974,0.3973,0.3972,0.3972,0.3971,0.3971,0.397,0.3969,0.3969,0.3968,0.3967,0.3967,0.3966,0.3966,0.3965,0.3964,0.3964,0.3963,0.3963,0.3962,0.3961,0.3961,0.396,0.3959,0.3959,0.3958,0.3958,0.3957,0.3956,0.3956,0.3955,0.3955,0.3954,0.3953,0.3953,0.3953,0.3953,0.3952,0.3952,0.3952,0.3951,0.3951,0.3951,0.3953,0.3956,0.3958,0.396,0.3963,0.3965,0.3968,0.397,0.3972,0.3975,0.3977,0.398,0.3982,0.3985,0.3987,0.3989,0.3992,0.3994,0.3997,0.3999,0.4016,0.4045,0.4075,0.4104,0.4135,0.4165,0.4197,0.423,0.4263,0.4544,0.4561,0.4556,0.4546,0.454,0.4533,0.4526,0.4519,0.4513,0.4506,0.4499,0.4492,0.4472,0.4446,0.4421,0.4396,0.4371,0.4347,0.4323,0.4298,0.427,0.4242,0.4215,0.4188,0.4185,0.4181,0.4177,0.4174,0.417,0.4166,0.4163,0.4159,0.4156,0.4152,0.4149,0.4144,0.4138,0.4131,0.4125,0.4132,0.4139,0.4145,0.4152,0.4159,0.4166,0.4173,0.4179,0.4186,0.4193,0.4201,0.4208,0.4215,0.4222,0.4229,0.4235,0.4233,0.423,0.4228,0.4226,0.4223,0.4221,0.4218,0.4216,0.4214,0.4211,0.4209,0.4207,0.4204,0.4202,0.42,0.4197,0.4195,0.4193,0.419,0.4188,0.4186,0.4183,0.4181,0.4179,0.4176,0.4174,0.4172,0.4169,0.4167,0.4165,0.4163,0.416,0.4158,0.4156,0.4153,0.4151,0.4149,0.4146,0.4144,0.4142,0.4138,0.4134,0.413,0.4127,0.4125,0.4122,0.4119,0.4117,0.4114,0.4111,0.4108,0.4105,0.4102,0.4099,0.4096,0.4093,0.4091,0.4088,0.4085,0.4082,0.4079,0.4076
0.3961,0.3963,0.3965,0.3966,0.3967,0.3968,0.3973,0.3979,0.3986,0.3992,0.3999,0.4005,0.4012,0.4018,0.4025,0.4027,0.4027,0.4027,0.4027,0.4027,0.4025,0.4024,0.4023,0.4022,0.402,0.4019,0.4018,0.4016,0.4015,0.4014,0.4012,0.4011,0.401,0.4009,0.4007,0.4006,0.4005,0.4003,0.4002,0.4001,0.4,0.3998,0.3997,0.3996,0.3994,0.3993,0.3992,0.3991,0.3989,0.3988,0.3987,0.3986,0.3984,0.3983,0.3982,0.398,0.398,0.3979,0.3979,0.3978,0.3977,0.3977,0.3976,0.3975,0.3975,0.3974,0.3974,0.3973,0.3972,0.3972,0.3971,0.397,0.397,0.3969,0.3969,0.3968,0.3967,0.3967,0.3966,0.3966,0.3965,0.3964,0.3964,0.3963,0.3962,0.3962,0.3961,0.3961,0.396,0.3959,0.3959,0.3958,0.3958,0.3957,0.3956,0.3956,0.3955,0.3955,0.3954,0.3953,0.3953,0.3952,0.3952,0.3952,0.3951,0.3951,0.3951,0.395,0.395,0.3951,0.3953,0.3955,0.3958,0.396,0.3962,0.3965,0.3967,0.397,0.3972,0.3975,0.3977,0.3979,0.3982,0.3984,0.3987,0.3989,0.3992,0.3994,0.3996,0.3999,0.4005,0.4034,0.4063,0.4093,0.4123,0.4154,0.4185,0.4217,0.425,0.454,0.4557,0.4562,0.4551,0.4542,0.4535,0.4528,0.4521,0.4515,0.4508,0.4501,0.4494,0.4484,0.4459,0.4433,0.4408,0.4383,0.4359,0.4335,0.431,0.4282,0.4254,0.4227,0.42,0.4187,0.4184,0.418,0.4176,0.4173,0.4169,0.4166,0.4162,0.4158,0.4155,0.4151,0.4148,0.4141,0.4135,0.4128,0.413,0.4137,0.4143,0.415,0.4157,0.4164,0.417,0.4177,0.4184,0.4191,0.4198,0.4205,0.4212,0.422,0.4227,0.4234,0.4235,0.4233,0.4231,0.4228,0.4226,0.4224,0.4221,0.4219,0.4217,0.4214,0.4212,0.4209,0.4207,0.4205,0.4202,0.42,0.4198,0.4195,0.4193,0.4191,0.4188,0.4186,0.4184,0.4181,0.4179,0.4177,0.4174,0.4172,0.417,0.4168,0.4165,0.4163,0.4161,0.4158,0.4156,0.4154,0.4152,0.4149,0.4147,0.4144,0.414,0.4136,0.4132,0.4128,0.4126,0.4124,0.4121,0.4119,0.4116,0.4113,0.411,0.4107,0.4104,0.4101,0.4098,0.4095,0.4093,0.409,0.4087,0.4084,0.4081,0.4078
0.3956,0.3957,0.3958,0.3959,0.396,0.3967,0.3973,0.3979,0.3986,0.3992,0.3999,0.4005,0.4012,0.4018,0.4025,0.4025,0.4025,0.4026,0.4026,0.4026,0.4024,0.4023,0.4022,0.402,0.4019,0.4018,0.4016,0.4015,0.4014,0.4013,0.4011,0.401,0.4009,0.4007,0.4006,0.4005,0.4004,0.4002,0.4001,0.4,0.3998,0.3997,0.3996,0.3995,0.3993,0.3992,0.3991,0.3989,0.3988,0.3987,0.3986,0.3984,0.3983,0.3982,0.3981,0.398,0.3979,0.3978,0.3978,0.3977,0.3977,0.3976,0.3975,0.3975,0.3974,0.3974,0.3973,0.3972,0.3972,0.3971,0.397,0.397,0.3969,0.3969,0.3968,0.3967,0.3967,0.3966,0.3966,0.3965,0.3964,0.3964,0.3963,0.3962,0.3962,0.3961,0.3961,0.396,0.3959,0.3959,0.3958,0.3958,0.3957,0.3956,0.3956,0.3955,0.3954,0.3954,0.3953,0.3953,0.3952,0.3951,0.3951,0.3951,0.3951,0.395,0.395,0.395,0.3949,0.395,0.3953,0.3955,0.3957,0.396,0.3962,0.3965,0.3967,0.3969,0.3972,0.3974,0.3977,0.3979,0.3982,0.3984,0.3986,0.3989,0.3991,0.3994,0.3996,0.3999,0.4001,0.4023,0.4052,0.4082,0.4112,0.4142,0.4173,0.4204,0.4238,0.4271,0.4552,0.4569,0.4558,0.4547,0.4537,0.453,0.4524,0.4517,0.451,0.4503,0.4497,0.449,0.4471,0.4446,0.442,0.4395,0.4371,0.4346,0.4322,0.4294,0.4266,0.4239,0.4211,0.419,0.4186,0.4183,0.4179,0.4175,0.4172,0.4168,0.4165,0.4161,0.4157,0.4154,0.415,0.4145,0.4138,0.4132,0.4128,0.4134,0.4141,0.4148,0.4155,0.4162,0.4168,0.4175,0.4182,0.4189,0.4196,0.4203,0.421,0.4217,0.4225,0.4232,0.4238,0.4236,0.4234,0.4231,0.4229,0.4226,0.4224,0.4222,0.4219,0.4217,0.4215,0.4212,0.421,0.4208,0.4205,0.4203,0.4201,0.4198,0.4196,0.4194,0.4191,0.4189,0.4187,0.4184,0.4182,0.418,0.4177,0.4175,0.4173,0.417,0.4168,0.4166,0.4163,0.4161,0.4159,0.4157,0.4154,0.4152,0.415,0.4146,0.4142,0.4138,0.4134,0.413,0.4127,0.4126,0.4124,0.4121,0.4118,0.4115,0.4112,0.4109,0.4106,0.4103,0.41,0.4097,0.4095,0.4092,0.4089,0.4086,0.4083,0.408
0.3949,0.395,0.3951,0.3954,0.3961,0.3967,0.3973,0.398,0.3986,0.3993,0.3999,0.4006,0.4012,0.4019,0.4024,0.4024,0.4024,0.4024,0.4024,0.4024,0.4023,0.4022,0.402,0.4019,0.4018,0.4017,0.4015,0.4014,0.4013,0.4011,0.401,0.4009,0.4007,0.4006,0.4005,0.4004,0.4002,0.4001,0.4,0.3998,0.3997,0.3996,0.3995,0.3993,0.3992,0.3991,0.399,0.3988,0.3987,0.3986,0.3984,0.3983,0.3982,0.3981,0.398,0.3979,0.3978,0.3978,0.3977,0.3977,0.3976,0.3975,0.3975,0.3974,0.3973,0.3973,0.3972,0.3972,0.3971,0.397,0.397,0.3969,0.3969,0.3968,0.3967,0.3967,0.3966,0.3965,0.3965,0.3964,0.3964,0.3963,0.3962,0.3962,0.3961,0.3961,0.396,0.3959,0.3959,0.3958,0.3957,0.3957,0.3956,0.3956,0.3955,0.3954,0.3954,0.3953,0.3953,0.3952,0.3951,0.3951,0.395,0.395,0.395,0.3949,0.3949,0.3949,0.3949,0.395,0.3952,0.3955,0.3957,0.396,0.3962,0.3964,0.3967,0.3969,0.3972,0.3974,0.3976,0.3979,0.3981,0.3984,0.3986,0.3989,0.3991,0.3994,0.3996,0.3998,0.4001,0.4013,0.4042,0.4071,0.4101,0.4131,0.4162,0.4193,0.4225,0.4258,0.4547,0.4564,0.4564,0.4553,0.4542,0.4532,0.4526,0.4519,0.4512,0.4505,0.4499,0.4492,0.4484,0.4458,0.4433,0.4408,0.4383,0.4358,0.4334,0.4306,0.4278,0.4251,0.4223,0.4196,0.4189,0.4185,0.4182,0.4178,0.4174,0.4171,0.4167,0.4164,0.416,0.4156,0.4153,0.4148,0.4142,0.4135,0.4129,0.4132,0.4139,0.4146,0.4153,0.4159,0.4166,0.4173,0.418,0.4187,0.4194,0.4201,0.4208,0.4215,0.4222,0.4229,0.4237,0.4239,0.4236,0.4234,0.4232,0.4229,0.4227,0.4225,0.4222,0.422,0.4217,0.4215,0.4213,0.421,0.4208,0.4206,0.4203,0.4201,0.4199,0.4196,0.4194,0.4192,0.4189,0.4187,0.4185,0.4182,0.418,0.4178,0.4175,0.4173,0.4171,0.4168,0.4166,0.4164,0.4162,0.4159,0.4157,0.4155,0.4152,0.4148,0.4144,0.414,0.4136,0.4132,0.4128,0.4127,0.4125,0.4123,0.412,0.4117,0.4114,0.4111,0.4108,0.4105,0.4102,0.4099,0.4097,0.4094,0.4091,0.4088,0.4085,0.4082
0.3943,0.3944,0.3948,0.3955,0.3961,0.3967,0.3974,0.398,0.3986,0.3993,0.3999,0.4006,0.4012,0.4019,0.4022,0.4022,0.4022,0.4023,0.4023,0.4023,0.4022,0.402,0.4019,0.4018,0.4017,0.4015,0.4014,0.4013,0.4011,0.401,0.4009,0.4008,0.4006,0.4005,0.4004,0.4002,0.4001,0.4,0.3999,0.3997,0.3996,0.3995,0.3993,0.3992,0.3991,0.399,0.3988,0.3987,0.3986,0.3985,0.3983,0.3982,0.3981,0.398,0.3979,0.3978,0.3978,0.3977,0.3977,0.3976,0.3975,0.3975,0.3974,0.3973,0.3973,0.3972,0.3972,0.3971,0.397,0.397,0.3969,0.3968,0.3968,0.3967,0.3967,0.3966,0.3965,0.3965,0.3964,0.3964,0.3963,0.3962,0.3962,0.3961,0.3961,0.396,0.3959,0.3959,0.3958,0.3957,0.3957,0.3956,0.3956,0.3955,0.3954,0.3954,0.3953,0.3953,0.3952,0.3951,0.3951,0.395,0.395,0.3949,0.3949,0.3949,0.3948,0.3948,0.3948,0.395,0.3952,0.3955,0.3957,0.3959,0.3962,0.3964,0.3967,0.3969,0.3971,0.3974,0.3976,0.3979,0.3981,0.3984,0.3986,0.3988,0.3991,0.3993,0.3996,0.3998,0.4001,0.4003,0.4031,0.406,0.4089,0.4119,0.415,0.4181,0.4212,0.4245,0.4542,0.456,0.457,0.4559,0.4548,0.4537,0.4528,0.4521,0.4514,0.4508,0.4501,0.4494,0.4487,0.4471,0.4445,0.442,0.4395,0.437,0.4346,0.4319,0.4291,0.4263,0.4235,0.4208,0.4191,0.4188,0.4184,0.4181,0.4177,0.4173,0.417,0.4166,0.4163,0.4159,0.4155,0.4152,0.4145,0.4139,0.4133,0.413,0.4137,0.4144,0.4151,0.4157,0.4164,0.4171,0.4178,0.4185,0.4192,0.4199,0.4206,0.4213,0.422,0.4227,0.4234,0.4242,0.4239,0.4237,0.4234,0.4232,0.423,0.4227,0.4225,0.4223,0.422,0.4218,0.4216,0.4213,0.4211,0.4208,0.4206,0.4204,0.4201,0.4199,0.4197,0.4194,0.4192,0.419,0.4187,0.4185,0.4183,0.418,0.4178,0.4176,0.4174,0.4171,0.4169,0.4167,0.4164,0.4162,0.416,0.4157,0.4155,0.4151,0.4147,0.4143,0.4139,0.4135,0.4131,0.4127,0.4126,0.4125,0.4122,0.4119,0.4116,0.4113,0.411,0.4107,0.4104,0.4102,0.4099,0.4096,0.4093,0.409,0.4087,0.4084
0.3936,0.3942,0.3948,0.3955,0.3961,0.3968,0.3974,0.398,0.3987,0.3993,0.4,0.4006,0.4013,0.4019,0.4021,0.4021,0.4021,0.4021,0.4021,0.4021,0.4021,0.4019,0.4018,0.4017,0.4015,0.4014,0.4013,0.4012,0.401,0.4009,0.4008,0.4006,0.4005,0.4004,0.4003,0.4001,0.4,0.3999,0.3997,0.3996,0.3995,0.3994,0.3992,0.3991,0.399,0.3988,0.3987,0.3986,0.3985,0.3983,0.3982,0.3981,0.398,0.3979,0.3978,0.3978,0.3977,0.3976,0.3976,0.3975,0.3975,0.3974,0.3973,0.3973,0.3972,0.3972,0.3971,0.397,0.397,0.3969,0.3968,0.3968,0.3967,0.3967,0.3966,0.3965,0.3965,0.3964,0.3964,0.3963,0.3962,0.3962,0.3961,0.396,0.396,0.3959,0.3959,0.3958,0.3957,0.3957,0.3956,0.3956,0.3955,0.3954,0.3954,0.3953,0.3952,0.3952,0.3951,0.3951,0.395,0.3949,0.3949,0.3948,0.3948,0.3948,0.3947,0.3947,0.3947,0.395,0.3952,0.3954,0.3957,0.3959,0.3962,0.3964,0.3966,0.3969,0.3971,0.3974,0.3976,0.3978,0.3981,0.3983,0.3986,0.3988,0.3991,0.3993,0.3995,0.3998,0.4,0.4003,0.402,0.4049,0.4078,0.4108,0.4139,0.4169,0.4201,0.4232,0.4266,0.4555,0.4572,0.4565,0.4554,0.4544,0.4533,0.4523,0.4516,0.451,0.4503,0.4496,0.449,0.4483,0.4458,0.4432,0.4407,0.4382,0.4358,0.4331,0.4303,0.4275,0.4247,0.422,0.4194,0.4191,0.4187,0.4183,0.418,0.4176,0.4172,0.4169,0.4165,0.4162,0.4158,0.4155,0.4149,0.4142,0.4136,0.413,0.4135,0.4142,0.4148,0.4155,0.4162,0.4169,0.4176,0.4183,0.4189,0.4196,0.4203,0.4211,0.4218,0.4225,0.4232,0.4239,0.4242,0.424,0.4237,0.4235,0.4233,0.423,0.4228,0.4225,0.4223,0.4221,0.4218,0.4216,0.4214,0.4211,0.4209,0.4207,0.4204,0.4202,0.42,0.4197,0.4195,0.4193,0.419,0.4188,0.4186,0.4183,0.4181,0.4179,0.4176,0.4174,0.4172,0.4169,0.4167,0.4165,0.4162,0.416,0.4157,0.4153,0.4149,0.4145,0.4141,0.4137,0.4133,0.4129,0.4127,0.4126,0.4124,0.4121,0.4118,0.4115,0.4112,0.4109,0.4106,0.4104,0.4101,0.4098,0.4095,0.4092,0.4089,0.4086
0.3936,0.3942,0.3949,0.3955,0.3961,0.3968,0.3974,0.3981,0.3987,0.3994,0.4,0.4007,0.4013,0.4019,0.4019,0.4019,0.4019,0.402,0.402,0.402,0.4019,0.4018,0.4017,0.4016,0.4014,0.4013,0.4012,0.401,0.4009,0.4008,0.4006,0.4005,0.4004,0.4003,0.4001,0.4,0.3999,0.3997,0.3996,0.3995,0.3994,0.3992,0.3991,0.399,0.3989,0.3987,0.3986,0.3985,0.3983,0.3982,0.3981,0.398,0.3979,0.3978,0.3978,0.3977,0.3976,0.3976,0.3975,0.3975,0.3974,0.3973,0.3973,0.3972,0.3971,0.3971,0.397,0.397,0.3969,0.3968,0.3968,0.3967,0.3967,0.3966,0.3965,0.3965,0.3964,0.3963,0.3963,0.3962,0.3962,0.3961,0.396,0.396,0.3959,0.3959,0.3958,0.3957,0.3957,0.3956,0.3956,0.3955,0.3954,0.3954,0.3953,0.3952,0.3952,0.3951,0.3951,0.395,0.3949,0.3949,0.3948,0.3948,0.3947,0.3947,0.3947,0.3946,0.3947,0.3949,0.3952,0.3954,0.3956,0.3959,0.3961,0.3964,0.3966,0.3968,0.3971,0.3973,0.3976,0.3978,0.3981,0.3983,0.3985,0.3988,0.399,0.3993,0.3995,0.3998,0.4,0.4003,0.4009,0.4038,0.4067,0.4097,0.4127,0.4158,0.4189,0.422,0.4253,0.455,0.4567,0.4572,0.4561,0.455,0.4539,0.4528,0.4519,0.4512,0.4505,0.4498,0.4492,0.4485,0.447,0.4445,0.4419,0.4394,0.437,0.4344,0.4315,0.4287,0.4259,0.4232,0.4205,0.4193,0.419,0.4186,0.4182,0.4179,0.4175,0.4171,0.4168,0.4164,0.4161,0.4157,0.4152,0.4146,0.414,0.4133,0.4133,0.414,0.4146,0.4153,0.416,0.4167,0.4174,0.418,0.4187,0.4194,0.4201,0.4208,0.4215,0.4223,0.423,0.4237,0.4244,0.4243,0.424,0.4238,0.4235,0.4233,0.4231,0.4228,0.4226,0.4224,0.4221,0.4219,0.4216,0.4214,0.4212,0.4209,0.4207,0.4205,0.4202,0.42,0.4198,0.4195,0.4193,0.4191,0.4188,0.4186,0.4184,0.4181,0.4179,0.4177,0.4174,0.4172,0.417,0.4167,0.4165,0.4163,0.4159,0.4155,0.4151,0.4147,0.4143,0.4139,0.4135,0.4131,0.4128,0.4126,0.4125,0.4123,0.412,0.4117,0.4114,0.4111,0.4108,0.4106,0.4103,0.41,0.4097,0.4094,0.4091,0.4088
0.3936,0.3943,0.3949,0.3955,0.3962,0.3968,0.3974,0.3981,0.3987,0.3994,0.4,0.4007,0.4013,0.4018,0.4018,0.4018,0.4018,0.4018,0.4018,0.4018,0.4018,0.4017,0.4016,0.4014,0.4013,0.4012,0.401,0.4009,0.4008,0.4007,0.4005,0.4004,0.4003,0.4001,0.4,0.3999,0.3998,0.3996,0.3995,0.3994,0.3992,0.3991,0.399,0.3989,0.3987,0.3986,0.3985,0.3984,0.3982,0.3981,0.398,0.3979,0.3978,0.3978,0.3977,0.3976,0.3976,0.3975,0.3975,0.3974,0.3973,0.3973,0.3972,0.3971,0.3971,0.397,0.397,0.3969,0.3968,0.3968,0.3967,0.3967,0.3966,0.3965,0.3965,0.3964,0.3963,0.3963,0.3962,0.3962,0.3961,0.396,0.396,0.3959,0.3959,0.3958,0.3957,0.3957,0.3956,0.3955,0.3955,0.3954,0.3954,0.3953,0.3952,0.3952,0.3951,0.3951,0.395,0.3949,0.3949,0.3948,0.3948,0.3947,0.3946,0.3946,0.3946,0.3946,0.3947,0.3949,0.3951,0.3954,0.3956,0.3959,0.3961,0.3963,0.3966,0.3968,0.3971,0.3973,0.3976,0.3978,0.398,0.3983,0.3985,0.3988,0.399,0.3993,0.3995,0.3997,0.4,0.4002,0.4005,0.4027,0.4056,0.4086,0.4116,0.4146,0.4177,0.4208,0.424,0.4274,0.4563,0.4578,0.4567,0.4556,0.4545,0.4534,0.4523,0.4514,0.4507,0.4501,0.4494,0.4487,0.448,0.4457,0.4432,0.4407,0.4382,0.4356,0.4328,0.4299,0.4271,0.4244,0.4216,0.4196,0.4192,0.4189,0.4185,0.4181,0.4178,0.4174,0.417,0.4167,0.4163,0.416,0.4156,0.415,0.4143,0.4137,0.4131,0.4138,0.4144,0.4151,0.4158,0.4165,0.4171,0.4178,0.4185,0.4192,0.4199,0.4206,0.4213,0.422,0.4227,0.4235,0.4242,0.4245,0.4243,0.4241,0.4238,0.4236,0.4233,0.4231,0.4229,0.4226,0.4224,0.4222,0.4219,0.4217,0.4215,0.4212,0.421,0.4207,0.4205,0.4203,0.42,0.4198,0.4196,0.4193,0.4191,0.4189,0.4186,0.4184,0.4182,0.4179,0.4177,0.4175,0.4173,0.417,0.4168,0.4165,0.4161,0.4157,0.4153,0.4149,0.4145,0.4141,0.4137,0.4133,0.4129,0.4127,0.4126,0.4125,0.4122,0.4119,0.4116,0.4113,0.411,0.4108,0.4105,0.4102,0.4099,0.4096,0.4093,0.409
0.3937,0.3943,0.3949,0.3956,0.3962,0.3968,0.3975,0.3981,0.3988,0.3994,0.4001,0.4007,0.4014,0.4016,0.4016,0.4016,0.4016,0.4017,0.4017,0.4017,0.4017,0.4016,0.4014,0.4013,0.4012,0.4011,0.4009,0.4008,0.4007,0.4005,0.4004,0.4003,0.4002,0.4,0.3999,0.3998,0.3996,0.3995,0.3994,0.3993,0.3991,0.399,0.3989,0.3987,0.3986,0.3985,0.3984,0.3982,0.3981,0.398,0.3979,0.3978,0.3978,0.3977,0.3976,0.3976,0.3975,0.3974,0.3974,0.3973,0.3973,0.3972,0.3971,0.3971,0.397,0.397,0.3969,0.3968,0.3968,0.3967,0.3966,0.3966,0.3965,0.3965,0.3964,0.3963,0.3963,0.3962,0.3962,0.3961,0.396,0.396,0.3959,0.3958,0.3958,0.3957,0.3957,0.3956,0.3955,0.3955,0.3954,0.3954,0.3953,0.3952,0.3952,0.3951,0.3951,0.395,0.3949,0.3949,0.3948,0.3947,0.3947,0.3946,0.3946,0.3945,0.3945,0.3945,0.3946,0.3949,0.3951,0.3954,0.3956,0.3958,0.3961,0.3963,0.3966,0.3968,0.397,0.3973,0.3975,0.3978,0.398,0.3983,0.3985,0.3987,0.399,0.3992,0.3995,0.3997,0.4,0.4002,0.4005,0.4016,0.4045,0.4075,0.4104,0.4135,0.4165,0.4197,0.4228,0.4261,0.4558,0.4575,0.4573,0.4562,0.4551,0.454,0.453,0.4519,0.4509,0.4503,0.4496,0.4489,0.4483,0.4469,0.4444,0.4419,0.4394,0.4369,0.434,0.4312,0.4284,0.4256,0.4228,0.4201,0.4195,0.4191,0.4188,0.4184,0.418,0.4177,0.4173,0.417,0.4166,0.4162,0.4159,0.4153,0.4147,0.414,0.4134,0.4135,0.4142,0.4149,0.4156,0.4162,0.4169,0.4176,0.4183,0.419,0.4197,0.4204,0.4211,0.4218,0.4225,0.4232,0.424,0.4247,0.4246,0.4243,0.4241,0.4239,0.4236,0.4234,0.4232,0.4229,0.4227,0.4224,0.4222,0.422,0.4217,0.4215,0.4213,0.421,0.4208,0.4206,0.4203,0.4201,0.4199,0.4196,0.4194,0.4192,0.4189,0.4187,0.4185,0.4182,0.418,0.4178,0.4175,0.4173,0.4171,0.4167,0.4163,0.4159,0.4155,0.4151,0.4147,0.4143,0.4139,0.4135,0.4131,0.4128,0.4127,0.4125,0.4124,0.4121,0.4118,0.4115,0.4113,0.411,0.4107,0.4104,0.4101,0.4098,0.4095,0.4092
0.3937,0.3943,0.395,0.3956,0.3962,0.3969,0.3975,0.3981,0.3988,0.3994,0.4001,0.4007,0.4014,0.4015,0.4015,0.4015,0.4015,0.4015,0.4015,0.4015,0.4015,0.4015,0.4013,0.4012,0.4011,0.4009,0.4008,0.4007,0.4005,0.4004,0.4003,0.4002,0.4,0.3999,0.3998,0.3996,0.3995,0.3994,0.3993,0.3991,0.399,0.3989,0.3988,0.3986,0.3985,0.3984,0.3982,0.3981,0.398,0.3979,0.3978,0.3978,0.3977,0.3976,0.3976,0.3975,0.3974,0.3974,0.3973,0.3973,0.3972,0.3971,0.3971,0.397,0.3969,0.3969,0.3968,0.3968,0.3967,0.3966,0.3966,0.3965,0.3965,0.3964,0.3963,0.3963,0.3962,0.3961,0.3961,0.396,0.396,0.3959,0.3958,0.3958,0.3957,0.3957,0.3956,0.3955,0.3955,0.3954,0.3954,0.3953,0.3952,0.3952,0.3951,0.395,0.395,0.3949,0.3949,0.3948,0.3947,0.3947,0.3946,0.3946,0.3945,0.3944,0.3944,0.3944,0.3946,0.3949,0.3951,0.3953,0.3956,0.3958,0.3961,0.3963,0.3965,0.3968,0.397,0.3973,0.3975,0.3977,0.398,0.3982,0.3985,0.3987,0.399,0.3992,0.3994,0.3997,0.3999,0.4002,0.4005,0.4009,0.4034,0.4064,0.4093,0.4123,0.4154,0.4185,0.4216,0.4248,0.4553,0.457,0.458,0.4569,0.4558,0.4547,0.4536,0.4525,0.4514,0.4505,0.4498,0.4491,0.4485,0.4478,0.4456,0.4431,0.4406,0.4381,0.4353,0.4324,0.4296,0.4268,0.424,0.4213,0.4197,0.4194,0.419,0.4187,0.4183,0.4179,0.4176,0.4172,0.4169,0.4165,0.4161,0.4157,0.415,0.4144,0.4137,0.4133,0.414,0.4147,0.4154,0.416,0.4167,0.4174,0.4181,0.4188,0.4195,0.4202,0.4209,0.4216,0.4223,0.423,0.4237,0.4244,0.4249,0.4246,0.4244,0.4242,0.4239,0.4237,0.4234,0.4232,0.423,0.4227,0.4225,0.4223,0.422,0.4218,0.4215,0.4213,0.4211,0.4208,0.4206,0.4204,0.4201,0.4199,0.4197,0.4194,0.4192,0.419,0.4187,0.4185,0.4183,0.418,0.4178,0.4176,0.4173,0.417,0.4166,0.4161,0.4157,0.4153,0.4149,0.4145,0.4141,0.4137,0.4133,0.4129,0.4127,0.4126,0.4125,0.4123,0.412,0.4117,0.4115,0.4112,0.4109,0.4106,0.4103,0.41,0.4097,0.4094
0.3937,0.3944,0.395,0.3956,0.3963,0.3969,0.3975,0.3982,0.3988,0.3995,0.4001,0.4008,0.4013,0.4013,0.4013,0.4013,0.4013,0.4014,0.4014,0.4014,0.4014,0.4013,0.4012,0.4011,0.4009,0.4008,0.4007,0.4006,0.4004,0.4003,0.4002,0.4,0.3999,0.3998,0.3997,0.3995,0.3994,0.3993,0.3991,0.399,0.3989,0.3988,0.3986,0.3985,0.3984,0.3983,0.3981,0.398,0.3979,0.3978,0.3977,0.3977,0.3976,0.3976,0.3975,0.3974,0.3974,0.3973,0.3973,0.3972,0.3971,0.3971,0.397,0.3969,0.3969,0.3968,0.3968,0.3967,0.3966,0.3966,0.3965,0.3965,0.3964,0.3963,0.3963,0.3962,0.3961,0.3961,0.396,0.396,0.3959,0.3958,0.3958,0.3957,0.3957,0.3956,0.3955,0.3955,0.3954,0.3953,0.3953,0.3952,0.3952,0.3951,0.395,0.395,0.3949,0.3949,0.3948,0.3947,0.3947,0.3946,0.3946,0.3945,0.3944,0.3944,0.3943,0.3944,0.3946,0.3948,0.3951,0.3953,0.3955,0.3958,0.396,0.3963,0.3965,0.3968,0.397,0.3972,0.3975,0.3977,0.398,0.3982,0.3986,0.399,0.3994,0.3998,0.4002,0.4007,0.4011,0.4015,0.4019,0.4021,0.4036,0.4059,0.4082,0.4112,0.4142,0.4173,0.4205,0.4236,0.4269,0.4566,0.4583,0.4575,0.4564,0.4553,0.4542,0.4531,0.452,0.451,0.45,0.4493,0.4487,0.448,0.4469,0.4443,0.4418,0.4393,0.4365,0.4337,0.4308,0.428,0.4252,0.4225,0.42,0.4197,0.4193,0.4189,0.4186,0.4182,0.4178,0.4175,0.4171,0.4168,0.4164,0.416,0.4154,0.4147,0.4141,0.4134,0.4138,0.4145,0.4151,0.4158,0.4165,0.4172,0.4179,0.4186,0.4192,0.4199,0.4206,0.4213,0.4221,0.4228,0.4235,0.4242,0.4249,0.4249,0.4247,0.4244,0.4242,0.424,0.4237,0.4235,0.4232,0.423,0.4228,0.4225,0.4223,0.4221,0.4218,0.4216,0.4214,0.4211,0.4209,0.4207,0.4204,0.4202,0.4199,0.4197,0.4195,0.4192,0.419,0.4188,0.4185,0.4183,0.4181,0.4179,0.4176,0.4172,0.4168,0.4164,0.416,0.4156,0.4152,0.4147,0.4143,0.4139,0.4135,0.4131,0.4128,0.4127,0.4126,0.4125,0.4122,0.4119,0.4117,0.4114,0.4111,0.4108,0.4105,0.4102,0.4099,0.4096
0.3938,0.3944,0.395,0.3956,0.3963,0.3969,0.3976,0.3982,0.3988,0.3995,0.4001,0.4008,0.4011,0.4012,0.4012,0.4012,0.4012,0.4012,0.4012,0.4012,0.4012,0.4012,0.4011,0.401,0.4008,0.4007,0.4006,0.4004,0.4003,0.4002,0.4001,0.3999,0.3998,0.3997,0.3995,0.3994,0.3993,0.3992,0.399,0.3989,0.3988,0.3986,0.3985,0.3984,0.3983,0.3981,0.398,0.3979,0.3978,0.3977,0.3977,0.3976,0.3976,0.3975,0.3974,0.3974,0.3973,0.3972,0.3972,0.3971,0.3971,0.397,0.3969,0.3969,0.3968,0.3968,0.3967,0.3966,0.3966,0.3965,0.3964,0.3964,0.3963,0.3963,0.3962,0.3961,0.3961,0.396,0.396,0.3959,0.3958,0.3958,0.3957,0.3956,0.3956,0.3955,0.3955,0.3954,0.3953,0.3953,0.3952,0.3952,0.3951,0.395,0.395,0.3949,0.3949,0.3948,0.3947,0.3947,0.3946,0.3946,0.3945,0.3944,0.3944,0.3943,0.3943,0.3943,0.3946,0.3948,0.395,0.3953,0.3955,0.3958,0.396,0.3962,0.3966,0.397,0.3974,0.3979,0.3983,0.3987,0.3991,0.3995,0.3999,0.4004,0.4008,0.4012,0.4016,0.402,0.4025,0.4029,0.4031,0.4033,0.404,0.4063,0.4087,0.4111,0.4135,0.4162,0.4193,0.4224,0.4256,0.4561,0.4578,0.4581,0.457,0.4559,0.4548,0.4537,0.4527,0.4516,0.4505,0.4496,0.4489,0.4482,0.4476,0.4456,0.4431,0.4406,0.4378,0.4349,0.4321,0.4292,0.4264,0.4237,0.421,0.4199,0.4196,0.4192,0.4188,0.4185,0.4181,0.4177,0.4174,0.417,0.4167,0.4163,0.4157,0.4151,0.4144,0.4138,0.4136,0.4143,0.4149,0.4156,0.4163,0.417,0.4177,0.4183,0.419,0.4197,0.4204,0.4211,0.4218,0.4225,0.4233,0.424,0.4247,0.4252,0.425,0.4247,0.4245,0.4242,0.424,0.4238,0.4235,0.4233,0.4231,0.4228,0.4226,0.4223,0.4221,0.4219,0.4216,0.4214,0.4212,0.4209,0.4207,0.4205,0.4202,0.42,0.4198,0.4195,0.4193,0.4191,0.4188,0.4186,0.4184,0.4181,0.4178,0.4174,0.417,0.4166,0.4162,0.4158,0.4154,0.415,0.4146,0.4142,0.4138,0.4134,0.413,0.4128,0.4127,0.4125,0.4124,0.4122,0.4119,0.4116,0.4113,0.411,0.4107,0.4104,0.4101,0.4098
0.3939,0.3944,0.395,0.3957,0.3963,0.3969,0.3976,0.3982,0.3989,0.3995,0.4002,0.4008,0.401,0.401,0.401,0.401,0.401,0.4011,0.4011,0.4011,0.4011,0.4011,0.401,0.4008,0.4007,0.4006,0.4004,0.4003,0.4002,0.4001,0.3999,0.3998,0.3997,0.3995,0.3994,0.3993,0.3992,0.399,0.3989,0.3988,0.3987,0.3985,0.3984,0.3983,0.3981,0.398,0.3979,0.3978,0.3977,0.3977,0.3976,0.3976,0.3975,0.3974,0.3974,0.3973,0.3972,0.3972,0.3971,0.3971,0.397,0.3969,0.3969,0.3968,0.3967,0.3967,0.3966,0.3966,0.3965,0.3964,0.3964,0.3963,0.3963,0.3962,0.3961,0.3961,0.396,0.396,0.3959,0.3958,0.3958,0.3957,0.3956,0.3956,0.3955,0.3955,0.3954,0.3953,0.3953,0.3952,0.3952,0.3951,0.395,0.395,0.3949,0.3949,0.3948,0.3947,0.3947,0.3946,0.3945,0.3945,0.3944,0.3944,0.3943,0.3942,0.3942,0.3943,0.3947,0.3951,0.3955,0.3959,0.3963,0.3967,0.3972,0.3976,0.398,0.3984,0.3988,0.3992,0.3996,0.4001,0.4005,0.4009,0.4013,0.4017,0.4022,0.4026,0.403,0.4034,0.4039,0.4041,0.4043,0.4045,0.4047,0.4068,0.4091,0.4115,0.414,0.4164,0.4189,0.4214,0.4244,0.4277,0.4573,0.4588,0.4577,0.4566,0.4555,0.4544,0.4533,0.4522,0.4511,0.45,0.4491,0.4484,0.4478,0.4468,0.4443,0.4418,0.4391,0.4362,0.4333,0.4305,0.4277,0.4249,0.4221,0.4202,0.4198,0.4195,0.4191,0.4187,0.4184,0.418,0.4176,0.4173,0.4169,0.4166,0.4161,0.4154,0.4148,0.4141,0.4135,0.4141,0.4147,0.4154,0.4161,0.4168,0.4174,0.4181,0.4188,0.4195,0.4202,0.4209,0.4216,0.4223,0.423,0.4238,0.4245,0.4252,0.4253,0.425,0.4248,0.4245,0.4243,0.4241,0.4238,0.4236,0.4233,0.4231,0.4229,0.4226,0.4224,0.4222,0.4219,0.4217,0.4214,0.4212,0.421,0.4207,0.4205,0.4203,0.42,0.4198,0.4196,0.4193,0.4191,0.4189,0.4186,0.4184,0.418,0.4176,0.4172,0.4168,0.4164,0.416,0.4156,0.4152,0.4148,0.4144,0.414,0.4136,0.4132,0.4128,0.4127,0.4126,0.4125,0.4124,0.4121,0.4118,0.4115,0.4112,0.4109,0.4106,0.4103,0.41
0.3940,0.3945,0.3951,0.3957,0.3963,0.397,0.3976,0.3983,0.3989,0.3996,0.4002,0.4008,0.4008,0.4009,0.4009,0.4009,0.4009,0.4009,0.4009,0.4009,0.4009,0.401,0.4008,0.4007,0.4006,0.4005,0.4003,0.4002,0.4001,0.3999,0.3998,0.3997,0.3996,0.3994,0.3993,0.3992,0.399,0.3989,0.3988,0.3987,0.3985,0.3984,0.3983,0.3982,0.398,0.3979,0.3978,0.3977,0.3977,0.3976,0.3975,0.3975,0.3974,0.3974,0.3973,0.3972,0.3972,0.3971,0.3971,0.397,0.3969,0.3969,0.3968,0.3967,0.3967,0.3966,0.3966,0.3965,0.3964,0.3964,0.3963,0.3963,0.3962,0.3961,0.3961,0.396,0.3959,0.3959,0.3958,0.3958,0.3957,0.3956,0.3956,0.3955,0.3955,0.3954,0.3953,0.3953,0.3952,0.3952,0.3951,0.395,0.395,0.3949,0.3948,0.3948,0.3947,0.3947,0.3946,0.3945,0.3945,0.3944,0.3944,0.3943,0.3944,0.3946,0.3946,0.3946,0.3956,0.3965,0.3969,0.3973,0.3977,0.3981,0.3985,0.3989,0.3993,0.3998,0.4002,0.4006,0.401,0.4014,0.4019,0.4023,0.4027,0.4031,0.4035,0.404,0.4044,0.4048,0.4051,0.4053,0.4055,0.4057,0.4059,0.4072,0.4096,0.412,0.4144,0.4169,0.4194,0.4219,0.4244,0.427,0.4564,0.4586,0.4583,0.4572,0.4561,0.455,0.4539,0.4528,0.4517,0.4507,0.4496,0.4486,0.448,0.4473,0.4455,0.443,0.4404,0.4375,0.4346,0.4317,0.4289,0.4261,0.4233,0.4206,0.4201,0.4197,0.4194,0.419,0.4186,0.4183,0.4179,0.4175,0.4172,0.4168,0.4164,0.4158,0.4151,0.4145,0.4138,0.4138,0.4145,0.4152,0.4159,0.4166,0.4172,0.4179,0.4186,0.4193,0.42,0.4207,0.4214,0.4221,0.4228,0.4235,0.4242,0.425,0.4255,0.4253,0.4251,0.4248,0.4246,0.4243,0.4241,0.4239,0.4236,0.4234,0.4231,0.4229,0.4227,0.4224,0.4222,0.422,0.4217,0.4215,0.4213,0.421,0.4208,0.4206,0.4203,0.4201,0.4199,0.4196,0.4194,0.4191,0.4189,0.4187,0.4182,0.4178,0.4174,0.417,0.4166,0.4162,0.4158,0.4154,0.415,0.4146,0.4142,0.4138,0.4134,0.413,0.4128,0.4127,0.4126,0.4124,0.4123,0.412,0.4117,0.4114,0.4111,0.4108,0.4105,0.4102
0.3941,0.3946,0.3951,0.3957,0.3964,0.397,0.3976,0.3983,0.3989,0.3996,0.4002,0.4007,0.4007,0.4007,0.4007,0.4007,0.4007,0.4008,0.4008,0.4008,0.4008,0.4008,0.4007,0.4006,0.4005,0.4003,0.4002,0.4001,0.4,0.3998,0.3997,0.3996,0.3994,0.3993,0.3992,0.3991,0.3989,0.3988,0.3987,0.3985,0.3984,0.3983,0.3982,0.398,0.3979,0.3978,0.3977,0.3977,0.3976,0.3975,0.3975,0.3974,0.3974,0.3973,0.3972,0.3972,0.3971,0.397,0.397,0.3969,0.3969,0.3968,0.3967,0.3967,0.3966,0.3966,0.3965,0.3964,0.3964,0.3963,0.3962,0.3962,0.3961,0.3961,0.396,0.3959,0.3959,0.3958,0.3958,0.3957,0.3956,0.3956,0.3955,0.3955,0.3954,0.3953,0.3953,0.3952,0.3951,0.3951,0.395,0.395,0.3949,0.3948,0.3948,0.3947,0.3947,0.3946,0.3945,0.3945,0.3944,0.3946,0.3949,0.395,0.3951,0.3951,0.3951,0.3951,0.3952,0.3959,0.3976,0.3986,0.399,0.3995,0.3999,0.4003,0.4007,0.4011,0.4016,0.402,0.4024,0.4028,0.4032,0.4037,0.4041,0.4045,0.405,0.4054,0.4058,0.4062,0.4064,0.4066,0.4067,0.4069,0.4071,0.4076,0.41,0.4124,0.4149,0.4173,0.4193,0.4206,0.4219,0.4233,0.4554,0.4576,0.4591,0.4578,0.4567,0.4556,0.4545,0.4534,0.4523,0.4513,0.4502,0.4491,0.4482,0.4475,0.4468,0.4442,0.4417,0.4387,0.4358,0.4329,0.4301,0.4273,0.4245,0.4218,0.4204,0.42,0.4196,0.4193,0.4189,0.4185,0.4182,0.4178,0.4174,0.4171,0.4167,0.4161,0.4155,0.4148,0.4142,0.4136,0.4143,0.415,0.4157,0.4163,0.417,0.4177,0.4184,0.4191,0.4198,0.4205,0.4212,0.4219,0.4226,0.4233,0.424,0.4247,0.4255,0.4256,0.4253,0.4251,0.4249,0.4246,0.4244,0.4241,0.4239,0.4237,0.4234,0.4232,0.423,0.4227,0.4225,0.4222,0.422,0.4218,0.4215,0.4213,0.4211,0.4208,0.4206,0.4204,0.4201,0.4199,0.4197,0.4194,0.4192,0.4189,0.4185,0.4181,0.4177,0.4172,0.4168,0.4164,0.416,0.4156,0.4152,0.4148,0.4144,0.414,0.4136,0.4132,0.4129,0.4128,0.4126,0.4125,0.4124,0.4122,0.4119,0.4116,0.4113,0.411,0.4107,0.4104
0.3942,0.3947,0.3952,0.3958,0.3964,0.397,0.3977,0.3983,0.399,0.3996,0.4003,0.4005,0.4005,0.4006,0.4006,0.4006,0.4006,0.4006,0.4006,0.4006,0.4006,0.4007,0.4006,0.4005,0.4003,0.4002,0.4001,0.4,0.3998,0.3997,0.3996,0.3995,0.3993,0.3992,0.3991,0.3989,0.3988,0.3987,0.3986,0.3984,0.3983,0.3982,0.398,0.3979,0.3978,0.3977,0.3977,0.3976,0.3975,0.3975,0.3974,0.3974,0.3973,0.3972,0.3972,0.3971,0.397,0.397,0.3969,0.3969,0.3968,0.3967,0.3967,0.3966,0.3966,0.3965,0.3964,0.3964,0.3963,0.3962,0.3962,0.3961,0.3961,0.396,0.3959,0.3959,0.3958,0.3958,0.3957,0.3956,0.3956,0.3955,0.3954,0.3954,0.3953,0.3953,0.3952,0.3951,0.3951,0.395,0.395,0.3949,0.3948,0.3948,0.3947,0.3947,0.3946,0.3945,0.3948,0.3951,0.3953,0.3955,0.3956,0.3956,0.3956,0.3955,0.3955,0.3956,0.3956,0.3957,0.3963,0.3979,0.3995,0.4008,0.4013,0.4017,0.4021,0.4025,0.4029,0.4034,0.4038,0.4042,0.4046,0.4051,0.4055,0.4059,0.4064,0.4068,0.4072,0.4074,0.4076,0.4078,0.408,0.4082,0.4084,0.4085,0.4105,0.4118,0.4131,0.4143,0.4156,0.4169,0.4182,0.4195,0.4231,0.4566,0.4592,0.4589,0.4578,0.4564,0.4552,0.4541,0.453,0.4519,0.4508,0.4497,0.4487,0.4477,0.4471,0.4455,0.4429,0.44,0.4371,0.4342,0.4313,0.4285,0.4257,0.423,0.4206,0.4203,0.4199,0.4195,0.4192,0.4188,0.4184,0.4181,0.4177,0.4174,0.417,0.4165,0.4158,0.4152,0.4145,0.4139,0.4141,0.4148,0.4155,0.4161,0.4168,0.4175,0.4182,0.4189,0.4196,0.4203,0.4209,0.4216,0.4223,0.4231,0.4238,0.4245,0.4252,0.4259,0.4256,0.4254,0.4252,0.4249,0.4247,0.4244,0.4242,0.424,0.4237,0.4235,0.4232,0.423,0.4228,0.4225,0.4223,0.4221,0.4218,0.4216,0.4213,0.4211,0.4209,0.4206,0.4204,0.4202,0.4199,0.4197,0.4195,0.4191,0.4187,0.4183,0.4179,0.4175,0.4171,0.4166,0.4162,0.4158,0.4154,0.415,0.4146,0.4142,0.4138,0.4134,0.413,0.4128,0.4127,0.4126,0.4125,0.4123,0.4121,0.4118,0.4115,0.4112,0.4109,0.4106
0.3942,0.3948,0.3953,0.3958,0.3964,0.3971,0.3977,0.3983,0.399,0.3996,0.4003,0.4004,0.4004,0.4004,0.4004,0.4004,0.4004,0.4005,0.4005,0.4005,0.4005,0.4005,0.4005,0.4004,0.4002,0.4001,0.4,0.3998,0.3997,0.3996,0.3995,0.3993,0.3992,0.3991,0.3989,0.3988,0.3987,0.3986,0.3984,0.3983,0.3982,0.3981,0.3979,0.3978,0.3977,0.3977,0.3976,0.3975,0.3975,0.3974,0.3973,0.3973,0.3972,0.3972,0.3971,0.397,0.397,0.3969,0.3969,0.3968,0.3967,0.3967,0.3966,0.3965,0.3965,0.3964,0.3964,0.3963,0.3962,0.3962,0.3961,0.3961,0.396,0.3959,0.3959,0.3958,0.3957,0.3957,0.3956,0.3956,0.3955,0.3954,0.3954,0.3953,0.3953,0.3952,0.3951,0.3951,0.395,0.395,0.3949,0.3948,0.3948,0.3947,0.3946,0.3949,0.3953,0.3956,0.3957,0.3959,0.396,0.3961,0.3961,0.3961,0.396,0.396,0.396,0.396,0.3961,0.3962,0.3962,0.3966,0.3982,0.3999,0.4015,0.4031,0.4035,0.4039,0.4043,0.4048,0.4052,0.4056,0.4061,0.4065,0.4069,0.4074,0.4078,0.4082,0.4084,0.4086,0.4088,0.409,0.4092,0.4094,0.4091,0.4085,0.4083,0.4084,0.4095,0.4108,0.412,0.4133,0.4146,0.4159,0.4173,0.4574,0.4594,0.459,0.4587,0.4578,0.4564,0.455,0.4537,0.4525,0.4514,0.4504,0.4493,0.4482,0.4473,0.4466,0.4442,0.4413,0.4384,0.4355,0.4326,0.4298,0.427,0.4242,0.4215,0.4205,0.4202,0.4198,0.4194,0.4191,0.4187,0.4183,0.418,0.4176,0.4173,0.4168,0.4162,0.4155,0.4149,0.4142,0.4139,0.4146,0.4152,0.4159,0.4166,0.4173,0.418,0.4187,0.4193,0.42,0.4207,0.4214,0.4221,0.4228,0.4236,0.4243,0.425,0.4257,0.4259,0.4257,0.4254,0.4252,0.425,0.4247,0.4245,0.4242,0.424,0.4238,0.4235,0.4233,0.423,0.4228,0.4226,0.4223,0.4221,0.4219,0.4216,0.4214,0.4212,0.4209,0.4207,0.4205,0.4202,0.42,0.4197,0.4193,0.4189,0.4185,0.4181,0.4177,0.4173,0.4169,0.4165,0.4161,0.4157,0.4152,0.4148,0.4144,0.414,0.4136,0.4132,0.4129,0.4128,0.4127,0.4125,0.4124,0.4123,0.412,0.4117,0.4114,0.4111,0.4108
0.3943,0.3949,0.3954,0.3959,0.3965,0.3971,0.3977,0.3984,0.399,0.3997,0.4002,0.4002,0.4003,0.4003,0.4003,0.4003,0.4003,0.4003,0.4003,0.4003,0.4003,0.4004,0.4004,0.4002,0.4001,0.4,0.3999,0.3997,0.3996,0.3995,0.3993,0.3992,0.3991,0.399,0.3988,0.3987,0.3986,0.3984,0.3983,0.3982,0.3981,0.3979,0.3978,0.3977,0.3977,0.3976,0.3975,0.3975,0.3974,0.3973,0.3973,0.3972,0.3972,0.3971,0.397,0.397,0.3969,0.3968,0.3968,0.3967,0.3967,0.3966,0.3965,0.3965,0.3964,0.3964,0.3963,0.3962,0.3962,0.3961,0.396,0.396,0.3959,0.3959,0.3958,0.3957,0.3957,0.3956,0.3956,0.3955,0.3954,0.3954,0.3953,0.3953,0.3952,0.3951,0.3951,0.395,0.3949,0.3949,0.3948,0.3948,0.3951,0.3954,0.3958,0.396,0.3962,0.3963,0.3965,0.3966,0.3966,0.3966,0.3966,0.3965,0.3965,0.3965,0.3965,0.3965,0.3966,0.3966,0.3967,0.3968,0.3969,0.3986,0.4002,0.4019,0.4036,0.4053,0.4058,0.4062,0.4066,0.407,0.4075,0.4079,0.4083,0.4088,0.4092,0.4095,0.4097,0.4099,0.4101,0.4103,0.4096,0.409,0.4083,0.4077,0.4076,0.4076,0.4077,0.4077,0.4083,0.4098,0.411,0.4123,0.4136,0.4265,0.4595,0.4592,0.4589,0.4585,0.4577,0.4564,0.455,0.4537,0.4523,0.451,0.4499,0.4488,0.4478,0.4468,0.4454,0.4426,0.4397,0.4367,0.4338,0.431,0.4282,0.4254,0.4227,0.4208,0.4204,0.4201,0.4197,0.4193,0.419,0.4186,0.4182,0.4179,0.4175,0.4172,0.4165,0.4159,0.4152,0.4146,0.4139,0.4144,0.415,0.4157,0.4164,0.4171,0.4178,0.4184,0.4191,0.4198,0.4205,0.4212,0.4219,0.4226,0.4233,0.424,0.4248,0.4255,0.4262,0.426,0.4257,0.4255,0.4252,0.425,0.4248,0.4245,0.4243,0.424,0.4238,0.4236,0.4233,0.4231,0.4229,0.4226,0.4224,0.4221,0.4219,0.4217,0.4214,0.4212,0.421,0.4207,0.4205,0.4203,0.42,0.4195,0.4191,0.4187,0.4183,0.4179,0.4175,0.4171,0.4167,0.4163,0.4159,0.4155,0.4151,0.4147,0.4143,0.4139,0.4135,0.4131,0.4129,0.4127,0.4126,0.4125,0.4124,0.4122,0.4119,0.4116,0.4113,0.4111
0.3944,0.3949,0.3955,0.396,0.3965,0.3971,0.3978,0.3984,0.399,0.3997,0.4001,0.4001,0.4001,0.4001,0.4001,0.4001,0.4001,0.4002,0.4002,0.4002,0.4002,0.4002,0.4002,0.4001,0.4,0.3999,0.3997,0.3996,0.3995,0.3994,0.3992,0.3991,0.399,0.3988,0.3987,0.3986,0.3985,0.3983,0.3982,0.3981,0.3979,0.3978,0.3977,0.3976,0.3976,0.3975,0.3975,0.3974,0.3973,0.3973,0.3972,0.3972,0.3971,0.397,0.397,0.3969,0.3968,0.3968,0.3967,0.3967,0.3966,0.3965,0.3965,0.3964,0.3964,0.3963,0.3962,0.3962,0.3961,0.396,0.396,0.3959,0.3959,0.3958,0.3957,0.3957,0.3956,0.3956,0.3955,0.3954,0.3954,0.3953,0.3952,0.3952,0.3951,0.3951,0.395,0.3949,0.3949,0.3953,0.3956,0.3959,0.3963,0.3964,0.3966,0.3967,0.3969,0.3971,0.3971,0.3971,0.3971,0.3971,0.397,0.397,0.397,0.397,0.3969,0.397,0.397,0.3971,0.3972,0.3972,0.3973,0.3973,0.3989,0.4006,0.4022,0.4039,0.4056,0.4073,0.408,0.4085,0.4089,0.4093,0.4098,0.4102,0.4105,0.4107,0.4109,0.4108,0.4102,0.4095,0.4089,0.4082,0.4076,0.4069,0.4069,0.4069,0.4069,0.407,0.407,0.407,0.4071,0.4086,0.41,0.4206,0.4596,0.4593,0.459,0.4587,0.4583,0.4577,0.4563,0.455,0.4536,0.4523,0.451,0.4496,0.4484,0.4473,0.4464,0.4439,0.4409,0.438,0.4351,0.4322,0.4294,0.4266,0.4239,0.4211,0.4207,0.4203,0.42,0.4196,0.4192,0.4189,0.4185,0.4181,0.4178,0.4174,0.4169,0.4162,0.4156,0.4149,0.4143,0.4142,0.4148,0.4155,0.4162,0.4169,0.4175,0.4182,0.4189,0.4196,0.4203,0.421,0.4217,0.4224,0.4231,0.4238,0.4245,0.4253,0.426,0.4263,0.426,0.4258,0.4255,0.4253,0.4251,0.4248,0.4246,0.4243,0.4241,0.4239,0.4236,0.4234,0.4231,0.4229,0.4227,0.4224,0.4222,0.422,0.4217,0.4215,0.4213,0.421,0.4208,0.4205,0.4202,0.4198,0.4194,0.4189,0.4185,0.4181,0.4177,0.4173,0.4169,0.4165,0.4161,0.4157,0.4153,0.4149,0.4145,0.4141,0.4137,0.4133,0.4129,0.4128,0.4127,0.4126,0.4124,0.4123,0.4121,0.4118,0.4115,0.4113
0.3945,0.395,0.3955,0.3961,0.3966,0.3971,0.3978,0.3984,0.3991,0.3997,0.3999,0.3999,0.4,0.4,0.4,0.4,0.4,0.4,0.4,0.4,0.4,0.4001,0.4001,0.4,0.3999,0.3997,0.3996,0.3995,0.3994,0.3992,0.3991,0.399,0.3988,0.3987,0.3986,0.3985,0.3983,0.3982,0.3981,0.398,0.3978,0.3977,0.3976,0.3976,0.3975,0.3975,0.3974,0.3973,0.3973,0.3972,0.3971,0.3971,0.397,0.397,0.3969,0.3968,0.3968,0.3967,0.3967,0.3966,0.3965,0.3965,0.3964,0.3963,0.3963,0.3962,0.3962,0.3961,0.396,0.396,0.3959,0.3959,0.3958,0.3957,0.3957,0.3956,0.3955,0.3955,0.3954,0.3954,0.3953,0.3952,0.3952,0.3951,0.3951,0.3951,0.3954,0.3957,0.3961,0.3964,0.3967,0.3969,0.397,0.3972,0.3973,0.3975,0.3976,0.3976,0.3976,0.3976,0.3975,0.3975,0.3975,0.3975,0.3975,0.3974,0.3974,0.3975,0.3975,0.3976,0.3976,0.3977,0.3978,0.3978,0.3979,0.3993,0.4009,0.4026,0.4043,0.406,0.4077,0.4094,0.4103,0.4108,0.4112,0.4116,0.4118,0.4114,0.4107,0.4101,0.4094,0.4087,0.4081,0.4074,0.4068,0.4062,0.4062,0.4062,0.4062,0.4063,0.4063,0.4063,0.4063,0.4064,0.4089,0.4149,0.4598,0.4595,0.4591,0.4588,0.4585,0.4582,0.4577,0.4563,0.455,0.4536,0.4523,0.4509,0.4496,0.4483,0.447,0.4452,0.4422,0.4393,0.4364,0.4335,0.4306,0.4278,0.4251,0.4223,0.421,0.4206,0.4202,0.4199,0.4195,0.4191,0.4188,0.4184,0.418,0.4177,0.4173,0.4166,0.4159,0.4153,0.4146,0.414,0.4146,0.4153,0.416,0.4167,0.4173,0.418,0.4187,0.4194,0.4201,0.4208,0.4215,0.4222,0.4229,0.4236,0.4243,0.425,0.4258,0.4265,0.4263,0.4261,0.4258,0.4256,0.4253,0.4251,0.4249,0.4246,0.4244,0.4241,0.4239,0.4237,0.4234,0.4232,0.423,0.4227,0.4225,0.4222,0.422,0.4218,0.4215,0.4213,0.4211,0.4208,0.4204,0.42,0.4196,0.4192,0.4188,0.4183,0.4179,0.4175,0.4171,0.4167,0.4163,0.4159,0.4155,0.4151,0.4147,0.4143,0.4139,0.4135,0.4131,0.4129,0.4128,0.4126,0.4125,0.4124,0.4123,0.412,0.4117,0.4115
0.3946,0.3951,0.3956,0.3962,0.3967,0.3972,0.3978,0.3985,0.3991,0.3998,0.3998,0.3998,0.3998,0.3998,0.3998,0.3998,0.3999,0.3999,0.3999,0.3999,0.3999,0.3999,0.3999,0.3999,0.3998,0.3996,0.3995,0.3994,0.3992,0.3991,0.399,0.3989,0.3987,0.3986,0.3985,0.3983,0.3982,0.3981,0.398,0.3978,0.3977,0.3976,0.3976,0.3975,0.3975,0.3974,0.3973,0.3973,0.3972,0.3971,0.3971,0.397,0.397,0.3969,0.3968,0.3968,0.3967,0.3967,0.3966,0.3965,0.3965,0.3964,0.3963,0.3963,0.3962,0.3962,0.3961,0.396,0.396,0.3959,0.3959,0.3958,0.3957,0.3957,0.3956,0.3955,0.3955,0.3954,0.3954,0.3953,0.3952,0.3952,0.3952,0.3956,0.3959,0.3963,0.3966,0.3969,0.3972,0.3973,0.3975,0.3976,0.3978,0.3979,0.3981,0.3981,0.3981,0.3981,0.3981,0.398,0.398,0.398,0.398,0.398,0.3979,0.3979,0.3979,0.3979,0.398,0.3981,0.3981,0.3982,0.3982,0.3983,0.3984,0.3984,0.3996,0.4012,0.4029,0.4046,0.4063,0.408,0.4097,0.4115,0.4126,0.4119,0.4112,0.4106,0.4099,0.4093,0.4086,0.408,0.4073,0.4067,0.406,0.4054,0.4055,0.4055,0.4055,0.4055,0.4056,0.4056,0.4056,0.4062,0.407,0.4136,0.4239,0.4596,0.4593,0.459,0.4586,0.4583,0.458,0.4577,0.4563,0.4549,0.4536,0.4522,0.4509,0.4494,0.4476,0.4463,0.4436,0.4406,0.4376,0.4347,0.4319,0.429,0.4263,0.4235,0.4212,0.4209,0.4205,0.4201,0.4198,0.4194,0.419,0.4187,0.4183,0.4179,0.4176,0.417,0.4163,0.4156,0.415,0.4143,0.4144,0.4151,0.4158,0.4164,0.4171,0.4178,0.4185,0.4192,0.4199,0.4206,0.4213,0.422,0.4227,0.4234,0.4241,0.4248,0.4255,0.4263,0.4266,0.4263,0.4261,0.4259,0.4256,0.4254,0.4251,0.4249,0.4247,0.4244,0.4242,0.4239,0.4237,0.4235,0.4232,0.423,0.4228,0.4225,0.4223,0.422,0.4218,0.4216,0.4213,0.421,0.4206,0.4202,0.4198,0.4194,0.419,0.4186,0.4182,0.4177,0.4173,0.4169,0.4165,0.4161,0.4157,0.4153,0.4149,0.4145,0.4141,0.4137,0.4133,0.413,0.4128,0.4127,0.4126,0.4125,0.4124,0.4122,0.412,0.4117
0.3947,0.3952,0.3957,0.3962,0.3968,0.3973,0.3978,0.3985,0.3991,0.3996,0.3996,0.3996,0.3997,0.3997,0.3997,0.3997,0.3997,0.3997,0.3997,0.3997,0.3998,0.3998,0.3998,0.3998,0.3996,0.3995,0.3994,0.3993,0.3991,0.399,0.3989,0.3987,0.3986,0.3985,0.3984,0.3982,0.3981,0.398,0.3978,0.3977,0.3976,0.3976,0.3975,0.3974,0.3974,0.3973,0.3973,0.3972,0.3971,0.3971,0.397,0.397,0.3969,0.3968,0.3968,0.3967,0.3966,0.3966,0.3965,0.3965,0.3964,0.3963,0.3963,0.3962,0.3962,0.3961,0.396,0.396,0.3959,0.3958,0.3958,0.3957,0.3957,0.3956,0.3955,0.3955,0.3954,0.3954,0.3953,0.3954,0.3957,0.3961,0.3964,0.3968,0.3971,0.3974,0.3976,0.3977,0.3979,0.398,0.3982,0.3983,0.3985,0.3987,0.3986,0.3986,0.3986,0.3986,0.3985,0.3985,0.3985,0.3985,0.3985,0.3984,0.3984,0.3984,0.3984,0.3984,0.3985,0.3985,0.3986,0.3987,0.3987,0.3988,0.3988,0.3989,0.399,0.3999,0.4016,0.4033,0.405,0.4067,0.4086,0.4106,0.4112,0.4111,0.4105,0.4098,0.4091,0.4085,0.4078,0.4072,0.4065,0.4059,0.4053,0.4047,0.4048,0.4048,0.4048,0.4048,0.4049,0.4049,0.4054,0.4062,0.4069,0.4123,0.4184,0.4597,0.4594,0.4591,0.4588,0.4584,0.4581,0.4578,0.4575,0.4563,0.4549,0.4532,0.4513,0.4494,0.4482,0.4468,0.4449,0.4419,0.4389,0.436,0.4331,0.4303,0.4275,0.4247,0.422,0.4211,0.4208,0.4204,0.42,0.4197,0.4193,0.4189,0.4186,0.4182,0.4178,0.4173,0.4167,0.416,0.4153,0.4147,0.4142,0.4149,0.4156,0.4162,0.4169,0.4176,0.4183,0.419,0.4197,0.4204,0.421,0.4217,0.4224,0.4231,0.4239,0.4246,0.4253,0.426,0.4268,0.4266,0.4264,0.4262,0.4259,0.4257,0.4254,0.4252,0.425,0.4247,0.4245,0.4242,0.424,0.4238,0.4235,0.4233,0.423,0.4228,0.4226,0.4223,0.4221,0.4219,0.4216,0.4213,0.4208,0.4204,0.42,0.4196,0.4192,0.4188,0.4184,0.418,0.4176,0.4171,0.4167,0.4163,0.4159,0.4155,0.4151,0.4147,0.4143,0.4139,0.4135,0.4131,0.4129,0.4128,0.4127,0.4126,0.4124,0.4123,0.4122,0.4119
0.3956,0.3953,0.3958,0.3963,0.3969,0.3974,0.3979,0.3985,0.3992,0.3995,0.3995,0.3995,0.3995,0.3995,0.3995,0.3995,0.3996,0.3996,0.3996,0.3996,0.3996,0.3996,0.3996,0.3996,0.3995,0.3994,0.3993,0.3991,0.399,0.3989,0.3987,0.3986,0.3985,0.3984,0.3982,0.3981,0.398,0.3979,0.3977,0.3976,0.3976,0.3975,0.3974,0.3974,0.3973,0.3973,0.3972,0.3971,0.3971,0.397,0.3969,0.3969,0.3968,0.3968,0.3967,0.3966,0.3966,0.3965,0.3965,0.3964,0.3963,0.3963,0.3962,0.3961,0.3961,0.396,0.396,0.3959,0.3958,0.3958,0.3957,0.3957,0.3956,0.3955,0.3955,0.3954,0.3956,0.3959,0.3962,0.3966,0.3969,0.3973,0.3976,0.3979,0.398,0.3982,0.3983,0.3985,0.3986,0.3988,0.3989,0.3991,0.3992,0.3991,0.3991,0.3991,0.3991,0.399,0.399,0.399,0.399,0.399,0.3989,0.3989,0.3989,0.3989,0.3988,0.3989,0.399,0.399,0.3991,0.3991,0.3992,0.3993,0.3993,0.3994,0.3995,0.3995,0.4004,0.4023,0.4041,0.406,0.4079,0.4095,0.4095,0.4096,0.4097,0.409,0.4084,0.4077,0.4071,0.4064,0.4058,0.4051,0.4045,0.404,0.4041,0.4041,0.4041,0.4041,0.4042,0.4046,0.4054,0.4061,0.4069,0.409,0.4181,0.4273,0.4596,0.4592,0.4589,0.4586,0.4583,0.4579,0.4576,0.4571,0.4551,0.4532,0.4513,0.45,0.4488,0.4474,0.4461,0.4432,0.4402,0.4373,0.4344,0.4315,0.4287,0.4259,0.4232,0.4214,0.421,0.4207,0.4203,0.4199,0.4196,0.4192,0.4188,0.4185,0.4181,0.4177,0.417,0.4164,0.4157,0.4151,0.4144,0.4147,0.4153,0.416,0.4167,0.4174,0.4181,0.4188,0.4194,0.4201,0.4208,0.4215,0.4222,0.4229,0.4236,0.4243,0.4251,0.4258,0.4265,0.4269,0.4267,0.4264,0.4262,0.426,0.4257,0.4255,0.4252,0.425,0.4248,0.4245,0.4243,0.424,0.4238,0.4236,0.4233,0.4231,0.4229,0.4226,0.4224,0.4221,0.4219,0.4215,0.4211,0.4207,0.4202,0.4198,0.4194,0.419,0.4186,0.4182,0.4178,0.4174,0.417,0.4166,0.4161,0.4157,0.4153,0.4149,0.4145,0.4141,0.4137,0.4133,0.413,0.4129,0.4128,0.4126,0.4125,0.4124,0.4123,0.4121
0.3994,0.3995,0.3982,0.3968,0.3969,0.3975,0.398,0.3985,0.3992,0.3993,0.3993,0.3993,0.3994,0.3994,0.3994,0.3994,0.3994,0.3994,0.3994,0.3994,0.3995,0.3995,0.3995,0.3995,0.3994,0.3993,0.3991,0.399,0.3989,0.3988,0.3986,0.3985,0.3984,0.3982,0.3981,0.398,0.3979,0.3977,0.3976,0.3976,0.3975,0.3974,0.3974,0.3973,0.3973,0.3972,0.3971,0.3971,0.397,0.3969,0.3969,0.3968,0.3968,0.3967,0.3966,0.3966,0.3965,0.3965,0.3964,0.3963,0.3963,0.3962,0.3961,0.3961,0.396,0.396,0.3959,0.3958,0.3958,0.3957,0.3957,0.3956,0.3955,0.3957,0.3961,0.3964,0.3967,0.3971,0.3974,0.3978,0.3981,0.3983,0.3984,0.3986,0.3988,0.3989,0.3991,0.3992,0.3994,0.3995,0.3997,0.3997,0.3996,0.3996,0.3996,0.3996,0.3995,0.3995,0.3995,0.3995,0.3995,0.3994,0.3994,0.3994,0.3994,0.3993,0.3993,0.3994,0.3994,0.3995,0.3996,0.3996,0.3997,0.3998,0.3998,0.3998,0.3997,0.3996,0.3997,0.4016,0.4034,0.4053,0.4072,0.4078,0.4079,0.408,0.4081,0.4081,0.4076,0.4069,0.4063,0.4057,0.405,0.4044,0.4037,0.4033,0.4034,0.4034,0.4034,0.4034,0.4038,0.4045,0.4053,0.4061,0.4068,0.4076,0.4148,0.4241,0.4597,0.4594,0.459,0.4587,0.4585,0.4585,0.4585,0.4571,0.4551,0.4532,0.4519,0.4506,0.4494,0.4481,0.4468,0.4445,0.4415,0.4385,0.4356,0.4328,0.4299,0.4271,0.4244,0.4217,0.4213,0.4209,0.4206,0.4202,0.4198,0.4195,0.4191,0.4187,0.4184,0.418,0.4174,0.4167,0.4161,0.4154,0.4148,0.4145,0.4151,0.4158,0.4165,0.4172,0.4179,0.4185,0.4192,0.4199,0.4206,0.4213,0.422,0.4227,0.4234,0.4241,0.4248,0.4256,0.4263,0.427,0.427,0.4267,0.4265,0.4262,0.426,0.4258,0.4255,0.4253,0.425,0.4248,0.4246,0.4243,0.4241,0.4238,0.4236,0.4234,0.4231,0.4229,0.4227,0.4224,0.4221,0.4217,0.4213,0.4209,0.4205,0.4201,0.4196,0.4192,0.4188,0.4184,0.418,0.4176,0.4172,0.4168,0.4164,0.416,0.4156,0.4152,0.4147,0.4143,0.4139,0.4135,0.4131,0.413,0.4128,0.4127,0.4126,0.4125,0.4123,0.4122
0.4004,0.402,0.4035,0.4021,0.4007,0.3993,0.3981,0.3986,0.3992,0.3992,0.3992,0.3992,0.3992,0.3992,0.3992,0.3992,0.3993,0.3993,0.3993,0.3993,0.3993,0.3993,0.3993,0.3993,0.3993,0.3992,0.399,0.3989,0.3988,0.3986,0.3985,0.3984,0.3983,0.3981,0.398,0.3979,0.3978,0.3976,0.3976,0.3975,0.3974,0.3974,0.3973,0.3972,0.3972,0.3971,0.3971,0.397,0.3969,0.3969,0.3968,0.3968,0.3967,0.3966,0.3966,0.3965,0.3964,0.3964,0.3963,0.3963,0.3962,0.3961,0.3961,0.396,0.396,0.3959,0.3958,0.3958,0.3957,0.3956,0.3959,0.3962,0.3966,0.3969,0.3973,0.3976,0.3979,0.3983,0.3986,0.3987,0.3989,0.399,0.3992,0.3993,0.3995,0.3997,0.3998,0.4,0.4001,0.4002,0.4002,0.4001,0.4001,0.4001,0.4001,0.4,0.4,0.4,0.4,0.4,0.3999,0.3999,0.3999,0.3999,0.3998,0.3998,0.3998,0.3999,0.3999,0.4,0.4001,0.4001,0.4002,0.4001,0.4,0.3999,0.3998,0.3997,0.3996,0.4009,0.4027,0.4046,0.4061,0.4062,0.4063,0.4064,0.4064,0.4065,0.4066,0.4062,0.4055,0.4049,0.4042,0.4036,0.403,0.4026,0.4026,0.4027,0.4027,0.403,0.4037,0.4045,0.4052,0.406,0.4068,0.4076,0.4115,0.4207,0.4598,0.4595,0.4594,0.4594,0.4594,0.4594,0.459,0.4571,0.4551,0.4537,0.4525,0.4512,0.45,0.4487,0.4472,0.4458,0.4428,0.4398,0.4369,0.434,0.4312,0.4283,0.4256,0.4228,0.4216,0.4212,0.4208,0.4205,0.4201,0.4197,0.4194,0.419,0.4186,0.4183,0.4177,0.4171,0.4164,0.4158,0.4151,0.4145,0.4149,0.4156,0.4163,0.417,0.4176,0.4183,0.419,0.4197,0.4204,0.4211,0.4218,0.4225,0.4232,0.4239,0.4246,0.4253,0.4261,0.4268,0.4273,0.427,0.4268,0.4265,0.4263,0.4261,0.4258,0.4256,0.4253,0.4251,0.4248,0.4246,0.4244,0.4241,0.4239,0.4237,0.4234,0.4232,0.4229,0.4227,0.4224,0.4219,0.4215,0.4211,0.4207,0.4203,0.4199,0.4194,0.419,0.4186,0.4182,0.4178,0.4174,0.417,0.4166,0.4162,0.4158,0.4154,0.415,0.4146,0.4142,0.4138,0.4134,0.413,0.4129,0.4128,0.4127,0.4125,0.4124,0.4123
0.4014,0.403,0.4046,0.4063,0.4062,0.4048,0.4033,0.4019,0.3991,0.399,0.399,0.3991,0.3991,0.3991,0.3991,0.3991,0.3991,0.3991,0.3991,0.3991,0.3992,0.3992,0.3992,0.3992,0.3992,0.399,0.3989,0.3988,0.3987,0.3985,0.3984,0.3983,0.3981,0.398,0.3979,0.3978,0.3976,0.3976,0.3975,0.3974,0.3974,0.3973,0.3972,0.3972,0.3971,0.3971,0.397,0.3969,0.3969,0.3968,0.3967,0.3967,0.3966,0.3966,0.3965,0.3964,0.3964,0.3963,0.3963,0.3962,0.3961,0.3961,0.396,0.3959,0.3959,0.3958,0.3958,0.3961,0.3964,0.3967,0.3971,0.3974,0.3978,0.3981,0.3984,0.3988,0.399,0.3992,0.3993,0.3995,0.3996,0.3998,0.3999,0.4001,0.4002,0.4004,0.4006,0.4007,0.4007,0.4007,0.4006,0.4006,0.4006,0.4006,0.4006,0.4005,0.4005,0.4005,0.4005,0.4004,0.4004,0.4004,0.4004,0.4003,0.4003,0.4003,0.4003,0.4004,0.4004,0.4005,0.4005,0.4004,0.4003,0.4002,0.4001,0.4,0.3999,0.3998,0.3997,0.4002,0.402,0.4039,0.4045,0.4046,0.4047,0.4047,0.4048,0.4049,0.405,0.4051,0.4048,0.4041,0.4035,0.4029,0.4022,0.4019,0.4019,0.402,0.4022,0.4029,0.4037,0.4044,0.4052,0.406,0.4067,0.4075,0.4083,0.4173,0.4267,0.4604,0.4603,0.4603,0.4603,0.4603,0.459,0.4571,0.4556,0.4543,0.4531,0.4518,0.4506,0.4493,0.4476,0.4468,0.4441,0.4411,0.4382,0.4353,0.4324,0.4296,0.4268,0.424,0.4218,0.4215,0.4211,0.4207,0.4204,0.42,0.4196,0.4193,0.4189,0.4185,0.4181,0.4174,0.4168,0.4161,0.4155,0.4148,0.4147,0.4154,0.4161,0.4167,0.4174,0.4181,0.4188,0.4195,0.4202,0.4209,0.4216,0.4223,0.423,0.4237,0.4244,0.4251,0.4258,0.4266,0.4273,0.4273,0.4271,0.4268,0.4266,0.4263,0.4261,0.4259,0.4256,0.4254,0.4251,0.4249,0.4247,0.4244,0.4242,0.4239,0.4237,0.4235,0.4232,0.423,0.4226,0.4222,0.4217,0.4213,0.4209,0.4205,0.4201,0.4197,0.4193,0.4188,0.4184,0.418,0.4176,0.4172,0.4168,0.4164,0.416,0.4156,0.4152,0.4148,0.4144,0.414,0.4136,0.4132,0.413,0.4129,0.4127,0.4126,0.4125,0.4124
0.4023,0.404,0.4056,0.4073,0.409,0.4103,0.4089,0.4074,0.3992,0.399,0.3989,0.3989,0.3989,0.3989,0.3989,0.399,0.399,0.399,0.399,0.399,0.399,0.399,0.399,0.399,0.399,0.3989,0.3988,0.3987,0.3985,0.3984,0.3983,0.3982,0.398,0.3979,0.3978,0.3976,0.3975,0.3975,0.3974,0.3974,0.3973,0.3972,0.3972,0.3971,0.3971,0.397,0.3969,0.3969,0.3968,0.3967,0.3967,0.3966,0.3966,0.3965,0.3964,0.3964,0.3963,0.3963,0.3962,0.3961,0.3961,0.396,0.3959,0.3959,0.3962,0.3966,0.3969,0.3972,0.3976,0.3979,0.3983,0.3986,0.3989,0.3993,0.3994,0.3996,0.3998,0.3999,0.4001,0.4002,0.4004,0.4005,0.4007,0.4008,0.401,0.4012,0.4012,0.4012,0.4012,0.4012,0.4011,0.4011,0.4011,0.4011,0.401,0.401,0.401,0.401,0.4009,0.4009,0.4009,0.4009,0.4008,0.4008,0.4008,0.4008,0.4008,0.4008,0.4008,0.4007,0.4006,0.4005,0.4004,0.4003,0.4002,0.4001,0.4,0.3999,0.3998,0.3997,0.4014,0.4028,0.4029,0.403,0.4031,0.4032,0.4032,0.4033,0.4034,0.4035,0.4035,0.4034,0.4027,0.4021,0.4015,0.4012,0.4013,0.4014,0.4021,0.4029,0.4036,0.4044,0.4051,0.4059,0.4067,0.4075,0.4082,0.414,0.4232,0.4612,0.4612,0.4612,0.4612,0.461,0.459,0.4575,0.4562,0.4549,0.4537,0.4524,0.4512,0.4499,0.448,0.4473,0.4454,0.4424,0.4395,0.4365,0.4337,0.4308,0.428,0.4252,0.4225,0.4217,0.4214,0.421,0.4206,0.4203,0.4199,0.4195,0.4192,0.4188,0.4184,0.4178,0.4171,0.4165,0.4158,0.4152,0.4145,0.4152,0.4159,0.4165,0.4172,0.4179,0.4186,0.4193,0.42,0.4207,0.4214,0.4221,0.4228,0.4235,0.4242,0.4249,0.4256,0.4263,0.4271,0.4276,0.4274,0.4271,0.4269,0.4266,0.4264,0.4261,0.4259,0.4257,0.4254,0.4252,0.4249,0.4247,0.4245,0.4242,0.424,0.4237,0.4235,0.4232,0.4228,0.4224,0.422,0.4215,0.4211,0.4207,0.4203,0.4199,0.4195,0.4191,0.4187,0.4182,0.4178,0.4174,0.417,0.4166,0.4162,0.4158,0.4154,0.415,0.4146,0.4142,0.4138,0.4134,0.4131,0.4129,0.4128,0.4127,0.4126,0.4124
0.4033,0.405,0.4066,0.4083,0.41,0.4117,0.4134,0.3996,0.3994,0.3992,0.399,0.3988,0.3988,0.3988,0.3988,0.3988,0.3988,0.3988,0.3988,0.3989,0.3989,0.3989,0.3989,0.3989,0.3989,0.3988,0.3987,0.3985,0.3984,0.3983,0.3982,0.398,0.3979,0.3978,0.3977,0.3975,0.3975,0.3974,0.3974,0.3973,0.3972,0.3972,0.3971,0.397,0.397,0.3969,0.3969,0.3968,0.3967,0.3967,0.3966,0.3966,0.3965,0.3964,0.3964,0.3963,0.3962,0.3962,0.3961,0.3961,0.3961,0.3964,0.3967,0.3971,0.3974,0.3978,0.3981,0.3984,0.3988,0.3991,0.3994,0.3997,0.3999,0.4,0.4002,0.4003,0.4005,0.4007,0.4008,0.401,0.4011,0.4013,0.4014,0.4016,0.4017,0.4017,0.4017,0.4017,0.4017,0.4016,0.4016,0.4016,0.4016,0.4015,0.4015,0.4015,0.4015,0.4014,0.4014,0.4014,0.4014,0.4014,0.4013,0.4013,0.4013,0.4013,0.401,0.4009,0.4009,0.4008,0.4007,0.4006,0.4005,0.4004,0.4003,0.4002,0.4001,0.4,0.3999,0.3998,0.4007,0.4013,0.4013,0.4014,0.4015,0.4016,0.4016,0.4017,0.4018,0.4019,0.4019,0.402,0.402,0.4013,0.4007,0.4005,0.4006,0.4013,0.4021,0.4028,0.4036,0.4043,0.4051,0.4059,0.4066,0.4074,0.4082,0.4107,0.4198,0.4621,0.4621,0.4621,0.4621,0.461,0.4594,0.4581,0.4568,0.4556,0.4543,0.453,0.4518,0.4505,0.4486,0.4477,0.4465,0.4437,0.4408,0.4378,0.4349,0.432,0.4292,0.4264,0.4237,0.422,0.4216,0.4213,0.4209,0.4205,0.4202,0.4198,0.4194,0.4191,0.4187,0.4181,0.4175,0.4168,0.4162,0.4155,0.4149,0.415,0.4156,0.4163,0.417,0.4177,0.4184,0.4191,0.4198,0.4204,0.4211,0.4218,0.4225,0.4232,0.4239,0.4247,0.4254,0.4261,0.4268,0.4276,0.4276,0.4274,0.4272,0.4269,0.4267,0.4264,0.4262,0.4259,0.4257,0.4255,0.4252,0.425,0.4247,0.4245,0.4243,0.424,0.4238,0.4234,0.423,0.4226,0.4222,0.4218,0.4214,0.4209,0.4205,0.4201,0.4197,0.4193,0.4189,0.4185,0.4181,0.4177,0.4172,0.4168,0.4164,0.416,0.4156,0.4152,0.4148,0.4144,0.414,0.4136,0.4132,0.413,0.4129,0.4128,0.4126,0.4125
0.4043,0.406,0.4076,0.4093,0.411,0.4122,0.4133,0.3997,0.3995,0.3993,0.3991,0.3989,0.3987,0.3986,0.3986,0.3987,0.3987,0.3987,0.3987,0.3987,0.3987,0.3987,0.3987,0.3988,0.3988,0.3987,0.3986,0.3984,0.3983,0.3982,0.398,0.3979,0.3978,0.3977,0.3975,0.3975,0.3974,0.3974,0.3973,0.3972,0.3972,0.3971,0.397,0.397,0.3969,0.3969,0.3968,0.3967,0.3967,0.3966,0.3965,0.3965,0.3964,0.3964,0.3963,0.3962,0.3962,0.3962,0.3966,0.3969,0.3972,0.3976,0.3979,0.3983,0.3986,0.3989,0.3993,0.3996,0.4,0.4002,0.4003,0.4005,0.4006,0.4008,0.4009,0.4011,0.4013,0.4014,0.4016,0.4017,0.4019,0.402,0.4022,0.4023,0.4022,0.4022,0.4022,0.4022,0.4021,0.4021,0.4021,0.4021,0.402,0.402,0.402,0.402,0.402,0.4019,0.4019,0.4019,0.4019,0.4018,0.4018,0.4014,0.4008,0.4012,0.4009,0.4006,0.4003,0.4003,0.4002,0.4002,0.4001,0.4001,0.4,0.4,0.3999,0.3999,0.3998,0.3998,0.3997,0.3997,0.3998,0.3998,0.3999,0.4,0.4001,0.4002,0.4002,0.4003,0.4004,0.4005,0.4005,0.4006,0.4,0.3998,0.4005,0.4013,0.402,0.4028,0.4035,0.4043,0.405,0.4058,0.4066,0.4073,0.4081,0.4089,0.4165,0.4255,0.463,0.463,0.463,0.4613,0.46,0.4587,0.4575,0.4562,0.4549,0.4536,0.4524,0.4512,0.4492,0.4481,0.4474,0.4451,0.4421,0.4391,0.4362,0.4333,0.4305,0.4276,0.4249,0.4223,0.4219,0.4215,0.4212,0.4208,0.4204,0.4201,0.4197,0.4193,0.419,0.4185,0.4178,0.4172,0.4165,0.4159,0.4152,0.4148,0.4154,0.4161,0.4168,0.4175,0.4182,0.4189,0.4195,0.4202,0.4209,0.4216,0.4223,0.423,0.4237,0.4244,0.4251,0.4259,0.4266,0.4273,0.4279,0.4277,0.4274,0.4272,0.427,0.4267,0.4265,0.4262,0.426,0.4258,0.4255,0.4253,0.425,0.4248,0.4246,0.4243,0.4241,0.4237,0.4233,0.4228,0.4224,0.422,0.4216,0.4212,0.4208,0.4203,0.4199,0.4195,0.4191,0.4187,0.4183,0.4179,0.4175,0.4171,0.4166,0.4162,0.4158,0.4154,0.415,0.4146,0.4142,0.4138,0.4134,0.4131,0.413,0.4128,0.4127,0.4126
0.4044,0.4055,0.4066,0.4077,0.4088,0.41,0.4111,0.3999,0.3997,0.3995,0.3993,0.3991,0.3989,0.3987,0.3985,0.3985,0.3985,0.3985,0.3985,0.3986,0.3986,0.3986,0.3986,0.3986,0.3986,0.3986,0.3984,0.3983,0.3982,0.3981,0.3979,0.3978,0.3977,0.3975,0.3975,0.3974,0.3973,0.3973,0.3972,0.3972,0.3971,0.397,0.397,0.3969,0.3969,0.3968,0.3967,0.3967,0.3966,0.3965,0.3965,0.3964,0.3964,0.3963,0.3964,0.3967,0.3971,0.3974,0.3978,0.3981,0.3984,0.3988,0.3991,0.3994,0.3998,0.4001,0.4004,0.4006,0.4008,0.4009,0.4011,0.4012,0.4014,0.4015,0.4017,0.4018,0.402,0.4022,0.4023,0.4025,0.4026,0.4028,0.4028,0.4027,0.4027,0.4027,0.4027,0.4027,0.4026,0.4026,0.4026,0.4026,0.4025,0.4025,0.4025,0.4025,0.4024,0.4024,0.4024,0.4024,0.4023,0.4015,0.4009,0.4004,0.4009,0.401,0.4008,0.4005,0.4002,0.3999,0.3997,0.3996,0.3996,0.3995,0.3995,0.3994,0.3994,0.3993,0.3993,0.3992,0.3992,0.3992,0.3992,0.3992,0.3992,0.3992,0.3992,0.3992,0.3991,0.3991,0.3991,0.3991,0.3991,0.3991,0.3991,0.3998,0.4005,0.4012,0.402,0.4027,0.4035,0.4042,0.405,0.4057,0.4065,0.4073,0.4081,0.4088,0.4132,0.4223,0.4628,0.4636,0.4633,0.462,0.4607,0.4594,0.4581,0.4568,0.4555,0.4543,0.453,0.4518,0.4499,0.4484,0.4479,0.4462,0.4434,0.4404,0.4374,0.4346,0.4317,0.4289,0.4261,0.4233,0.4222,0.4218,0.4214,0.4211,0.4207,0.4203,0.42,0.4196,0.4192,0.4189,0.4182,0.4175,0.4169,0.4162,0.4156,0.4149,0.4152,0.4159,0.4166,0.4173,0.418,0.4186,0.4193,0.42,0.4207,0.4214,0.4221,0.4228,0.4235,0.4242,0.4249,0.4256,0.4264,0.4271,0.4278,0.428,0.4277,0.4275,0.4273,0.427,0.4268,0.4265,0.4263,0.426,0.4258,0.4256,0.4253,0.4251,0.4248,0.4246,0.4243,0.4239,0.4235,0.4231,0.4226,0.4222,0.4218,0.4214,0.421,0.4206,0.4201,0.4197,0.4193,0.4189,0.4185,0.4181,0.4177,0.4173,0.4169,0.4165,0.4161,0.4157,0.4152,0.4148,0.4144,0.414,0.4136,0.4132,0.413,0.4129,0.4128,0.4127
0.4023,0.4034,0.4044,0.4055,0.4066,0.4078,0.4002,0.4,0.3998,0.3996,0.3994,0.3992,0.399,0.3988,0.3986,0.3984,0.3984,0.3984,0.3984,0.3984,0.3984,0.3984,0.3984,0.3985,0.3985,0.3984,0.3983,0.3982,0.3981,0.3979,0.3978,0.3977,0.3976,0.3975,0.3974,0.3973,0.3973,0.3972,0.3972,0.3971,0.397,0.397,0.3969,0.3968,0.3968,0.3967,0.3967,0.3966,0.3965,0.3965,0.3964,0.3966,0.3969,0.3972,0.3976,0.3979,0.3983,0.3986,0.3989,0.3993,0.3996,0.4,0.4003,0.4006,0.4009,0.401,0.4012,0.4013,0.4015,0.4017,0.4018,0.402,0.4021,0.4023,0.4024,0.4026,0.4028,0.4029,0.4031,0.4032,0.4033,0.4033,0.4033,0.4032,0.4032,0.4032,0.4032,0.4031,0.4031,0.4031,0.4031,0.403,0.403,0.403,0.403,0.403,0.4029,0.4029,0.4027,0.4016,0.401,0.4005,0.4002,0.4007,0.4012,0.4009,0.4006,0.4004,0.4001,0.3998,0.3995,0.3993,0.399,0.399,0.3989,0.3989,0.3988,0.3988,0.3987,0.3987,0.3986,0.3986,0.3986,0.3986,0.3986,0.3986,0.3986,0.3986,0.3986,0.3986,0.3986,0.3986,0.3986,0.3988,0.3991,0.3997,0.4004,0.4012,0.4019,0.4026,0.4034,0.4042,0.4049,0.4057,0.4065,0.4072,0.408,0.4088,0.4099,0.419,0.4275,0.4627,0.4639,0.4626,0.4613,0.46,0.4587,0.4574,0.4561,0.4549,0.4536,0.4524,0.4505,0.4488,0.4482,0.4471,0.4447,0.4417,0.4387,0.4358,0.4329,0.4301,0.4273,0.4245,0.4224,0.4221,0.4217,0.4213,0.421,0.4206,0.4202,0.4199,0.4195,0.4191,0.4186,0.4179,0.4172,0.4166,0.4159,0.4153,0.415,0.4157,0.4164,0.4171,0.4177,0.4184,0.4191,0.4198,0.4205,0.4212,0.4219,0.4226,0.4233,0.424,0.4247,0.4254,0.4261,0.4269,0.4276,0.4283,0.428,0.4278,0.4275,0.4273,0.4271,0.4268,0.4266,0.4263,0.4261,0.4258,0.4256,0.4254,0.4251,0.4249,0.4245,0.4241,0.4237,0.4233,0.4229,0.4224,0.422,0.4216,0.4212,0.4208,0.4204,0.42,0.4195,0.4191,0.4187,0.4183,0.4179,0.4175,0.4171,0.4167,0.4163,0.4159,0.4155,0.4151,0.4147,0.4143,0.4139,0.4135,0.4131,0.413,0.4129,0.4127
0.4001,0.4012,0.4023,0.4034,0.4045,0.4056,0.4004,0.4002,0.4,0.3998,0.3996,0.3994,0.3992,0.399,0.3988,0.3986,0.3984,0.3982,0.3982,0.3983,0.3983,0.3983,0.3983,0.3983,0.3983,0.3983,0.3982,0.3981,0.3979,0.3978,0.3977,0.3976,0.3975,0.3974,0.3973,0.3973,0.3972,0.3972,0.3971,0.397,0.397,0.3969,0.3968,0.3968,0.3967,0.3967,0.3966,0.3965,0.3967,0.3971,0.3974,0.3977,0.3981,0.3984,0.3988,0.3991,0.3994,0.3998,0.4001,0.4005,0.4008,0.4011,0.4013,0.4015,0.4016,0.4018,0.4019,0.4021,0.4023,0.4024,0.4026,0.4027,0.4029,0.403,0.4032,0.4034,0.4035,0.4037,0.4038,0.4038,0.4038,0.4038,0.4037,0.4037,0.4037,0.4037,0.4037,0.4036,0.4036,0.4036,0.4036,0.4035,0.4035,0.4035,0.4035,0.4034,0.4027,0.4017,0.4011,0.4006,0.4,0.3999,0.4005,0.401,0.4011,0.4008,0.4005,0.4002,0.4,0.3997,0.3994,0.3991,0.3989,0.3986,0.3984,0.3983,0.3983,0.3982,0.3982,0.3981,0.3981,0.398,0.398,0.398,0.398,0.398,0.398,0.398,0.398,0.398,0.398,0.398,0.3984,0.3988,0.3992,0.3996,0.4004,0.4011,0.4018,0.4026,0.4033,0.4041,0.4049,0.4056,0.4064,0.4072,0.408,0.4087,0.4095,0.4157,0.4242,0.4619,0.4631,0.4632,0.4619,0.4606,0.4593,0.458,0.4568,0.4555,0.4542,0.453,0.4511,0.4492,0.4486,0.4481,0.4459,0.443,0.44,0.4371,0.4342,0.4313,0.4285,0.4257,0.423,0.4223,0.422,0.4216,0.4212,0.4209,0.4205,0.4201,0.4198,0.4194,0.4189,0.4183,0.4176,0.4169,0.4163,0.4156,0.415,0.4155,0.4162,0.4168,0.4175,0.4182,0.4189,0.4196,0.4203,0.421,0.4217,0.4224,0.4231,0.4238,0.4245,0.4252,0.4259,0.4266,0.4274,0.4281,0.4283,0.4281,0.4278,0.4276,0.4273,0.4271,0.4269,0.4266,0.4264,0.4261,0.4259,0.4257,0.4254,0.4252,0.4248,0.4244,0.4239,0.4235,0.4231,0.4227,0.4223,0.4218,0.4214,0.421,0.4206,0.4202,0.4198,0.4194,0.4189,0.4185,0.4181,0.4177,0.4173,0.4169,0.4165,0.4161,0.4157,0.4153,0.4149,0.4145,0.4141,0.4137,0.4133,0.4131,0.4129,0.4128
0.4003,0.4003,0.4003,0.4012,0.4023,0.4034,0.4005,0.4003,0.4001,0.3999,0.3997,0.3995,0.3993,0.3991,0.3989,0.3987,0.3985,0.3983,0.3981,0.3981,0.3981,0.3981,0.3981,0.3982,0.3982,0.3982,0.3981,0.398,0.3978,0.3977,0.3976,0.3975,0.3974,0.3973,0.3973,0.3972,0.3971,0.3971,0.397,0.397,0.3969,0.3968,0.3968,0.3967,0.3967,0.3969,0.3972,0.3976,0.3979,0.3983,0.3986,0.3989,0.3993,0.3996,0.4,0.4003,0.4006,0.401,0.4013,0.4016,0.4018,0.4019,0.4021,0.4022,0.4024,0.4025,0.4027,0.4029,0.403,0.4032,0.4033,0.4035,0.4036,0.4038,0.404,0.4041,0.4043,0.4044,0.4043,0.4043,0.4043,0.4043,0.4042,0.4042,0.4042,0.4042,0.4041,0.4041,0.4041,0.4041,0.404,0.404,0.404,0.404,0.4027,0.4018,0.4012,0.4007,0.4001,0.3995,0.3997,0.4003,0.4008,0.4012,0.4009,0.4006,0.4004,0.4001,0.3998,0.3996,0.3993,0.399,0.3987,0.3985,0.3982,0.3979,0.3977,0.3977,0.3976,0.3976,0.3975,0.3975,0.3975,0.3975,0.3975,0.3975,0.3975,0.3975,0.3975,0.3975,0.3977,0.3981,0.3985,0.3989,0.3993,0.3997,0.4003,0.401,0.4018,0.4025,0.4033,0.4041,0.4048,0.4056,0.4064,0.4071,0.4079,0.4087,0.4095,0.4124,0.421,0.461,0.4618,0.4639,0.4626,0.4613,0.46,0.4587,0.4574,0.4561,0.4549,0.4536,0.4517,0.4498,0.449,0.4484,0.4468,0.4443,0.4413,0.4384,0.4355,0.4326,0.4297,0.427,0.4242,0.4226,0.4222,0.4219,0.4215,0.4211,0.4208,0.4204,0.42,0.4197,0.4193,0.4186,0.418,0.4173,0.4166,0.416,0.4153,0.4153,0.416,0.4166,0.4173,0.418,0.4187,0.4194,0.4201,0.4208,0.4215,0.4222,0.4229,0.4236,0.4243,0.425,0.4257,0.4264,0.4271,0.4279,0.4286,0.4284,0.4281,0.4279,0.4276,0.4274,0.4271,0.4269,0.4267,0.4264,0.4262,0.4259,0.4257,0.4254,0.425,0.4246,0.4242,0.4237,0.4233,0.4229,0.4225,0.4221,0.4216,0.4212,0.4208,0.4204,0.42,0.4196,0.4192,0.4188,0.4183,0.4179,0.4175,0.4171,0.4167,0.4163,0.4159,0.4155,0.4151,0.4147,0.4143,0.4139,0.4135,0.4131,0.413,0.4129
0.4008,0.4008,0.4009,0.4009,0.4009,0.4009,0.4007,0.4005,0.4003,0.4001,0.3999,0.3997,0.3995,0.3993,0.3991,0.3989,0.3987,0.3985,0.3983,0.3981,0.398,0.398,0.398,0.398,0.398,0.398,0.398,0.3978,0.3977,0.3976,0.3975,0.3974,0.3973,0.3973,0.3972,0.3971,0.3971,0.397,0.397,0.3969,0.3968,0.3968,0.3971,0.3974,0.3977,0.3981,0.3984,0.3988,0.3991,0.3994,0.3998,0.4001,0.4005,0.4008,0.4011,0.4015,0.4018,0.402,0.4022,0.4024,0.4025,0.4027,0.4028,0.403,0.4031,0.4033,0.4035,0.4036,0.4038,0.4039,0.4041,0.4043,0.4044,0.4046,0.4047,0.4049,0.4049,0.4048,0.4048,0.4048,0.4048,0.4048,0.4047,0.4047,0.4047,0.4047,0.4046,0.4046,0.4046,0.4046,0.4045,0.4041,0.4027,0.4019,0.4014,0.4008,0.4002,0.3996,0.3991,0.3995,0.4,0.4006,0.4012,0.4011,0.4008,0.4005,0.4002,0.4,0.3997,0.3994,0.3992,0.3989,0.3986,0.3983,0.3981,0.3978,0.3975,0.3973,0.3971,0.3971,0.397,0.397,0.3969,0.3969,0.3969,0.3969,0.3969,0.3969,0.397,0.3974,0.3978,0.3982,0.3986,0.399,0.3994,0.3998,0.4002,0.401,0.4017,0.4025,0.4032,0.404,0.4048,0.4055,0.4063,0.4071,0.4079,0.4086,0.4094,0.4102,0.4179,0.4261,0.4609,0.4641,0.4632,0.4619,0.4606,0.4593,0.458,0.4567,0.4555,0.4543,0.4524,0.4504,0.4493,0.4488,0.4478,0.4456,0.4426,0.4396,0.4367,0.4338,0.431,0.4282,0.4254,0.4229,0.4225,0.4221,0.4218,0.4214,0.421,0.4207,0.4203,0.4199,0.4196,0.419,0.4183,0.4177,0.417,0.4163,0.4157,0.4151,0.4157,0.4164,0.4171,0.4178,0.4185,0.4192,0.4199,0.4205,0.4212,0.4219,0.4226,0.4233,0.424,0.4248,0.4255,0.4262,0.4269,0.4276,0.4284,0.4287,0.4284,0.4282,0.4279,0.4277,0.4274,0.4272,0.427,0.4267,0.4265,0.4262,0.426,0.4257,0.4252,0.4248,0.4244,0.424,0.4235,0.4231,0.4227,0.4223,0.4219,0.4215,0.421,0.4206,0.4202,0.4198,0.4194,0.419,0.4186,0.4182,0.4177,0.4173,0.4169,0.4165,0.4161,0.4157,0.4153,0.4149,0.4145,0.4141,0.4137,0.4133,0.4131,0.413
0.4014,0.4014,0.4014,0.4014,0.4015,0.4015,0.4014,0.401,0.4006,0.4003,0.4,0.3998,0.3996,0.3994,0.3992,0.399,0.3988,0.3986,0.3984,0.3983,0.3981,0.3979,0.3979,0.3979,0.3979,0.3979,0.3978,0.3977,0.3976,0.3975,0.3974,0.3973,0.3973,0.3972,0.3971,0.3971,0.397,0.397,0.3969,0.3972,0.3976,0.3979,0.3983,0.3986,0.3989,0.3993,0.3996,0.3999,0.4003,0.4006,0.401,0.4013,0.4017,0.402,0.4023,0.4025,0.4026,0.4028,0.403,0.4031,0.4033,0.4034,0.4036,0.4037,0.4039,0.4041,0.4042,0.4044,0.4045,0.4047,0.4049,0.405,0.4052,0.4053,0.4054,0.4054,0.4054,0.4053,0.4053,0.4053,0.4053,0.4052,0.4052,0.4052,0.4052,0.4051,0.4051,0.4051,0.4051,0.4041,0.4027,0.402,0.4015,0.4009,0.4003,0.3998,0.3992,0.3987,0.3993,0.3998,0.4004,0.4009,0.4012,0.4009,0.4007,0.4004,0.4001,0.3998,0.3996,0.3993,0.399,0.3988,0.3985,0.3982,0.3979,0.3977,0.3974,0.3971,0.3969,0.3966,0.3965,0.3964,0.3964,0.3963,0.3963,0.3963,0.3963,0.3967,0.3971,0.3975,0.3979,0.3983,0.3987,0.3991,0.3995,0.3998,0.4002,0.4009,0.4017,0.4024,0.4032,0.404,0.4047,0.4055,0.4063,0.407,0.4078,0.4086,0.4094,0.4101,0.4148,0.4229,0.4601,0.4627,0.4638,0.4625,0.4612,0.4599,0.4586,0.4574,0.4561,0.4549,0.453,0.451,0.4497,0.4491,0.4488,0.4465,0.4439,0.4409,0.438,0.4351,0.4322,0.4294,0.4266,0.4238,0.4228,0.4224,0.422,0.4217,0.4213,0.4209,0.4206,0.4202,0.4198,0.4193,0.4187,0.418,0.4174,0.4167,0.416,0.4154,0.4155,0.4162,0.4169,0.4176,0.4183,0.4189,0.4196,0.4203,0.421,0.4217,0.4224,0.4231,0.4238,0.4245,0.4252,0.426,0.4267,0.4274,0.4281,0.4289,0.4287,0.4285,0.4282,0.428,0.4277,0.4275,0.4272,0.427,0.4268,0.4265,0.4263,0.4259,0.4255,0.425,0.4246,0.4242,0.4238,0.4234,0.4229,0.4225,0.4221,0.4217,0.4213,0.4208,0.4204,0.42,0.4196,0.4192,0.4188,0.4184,0.418,0.4176,0.4171,0.4167,0.4163,0.4159,0.4155,0.4151,0.4147,0.4143,0.4139,0.4135,0.4132,0.4131
0.4019,0.402,0.402,0.402,0.4021,0.4021,0.4022,0.402,0.4016,0.4012,0.4008,0.4005,0.4001,0.3997,0.3994,0.3992,0.399,0.3988,0.3986,0.3984,0.3982,0.398,0.3978,0.3977,0.3977,0.3977,0.3977,0.3976,0.3975,0.3974,0.3973,0.3973,0.3972,0.3971,0.3971,0.3971,0.3974,0.3977,0.3981,0.3984,0.3988,0.3991,0.3994,0.3998,0.4001,0.4005,0.4008,0.4011,0.4015,0.4018,0.4022,0.4025,0.4028,0.4029,0.4031,0.4032,0.4034,0.4036,0.4037,0.4039,0.404,0.4042,0.4044,0.4045,0.4047,0.4048,0.405,0.4051,0.4053,0.4055,0.4056,0.4058,0.4059,0.4059,0.4059,0.4059,0.4059,0.4058,0.4058,0.4058,0.4058,0.4057,0.4057,0.4057,0.4057,0.4056,0.4054,0.4041,0.4027,0.4022,0.4016,0.401,0.4004,0.3999,0.3993,0.3987,0.3985,0.399,0.3996,0.4001,0.4007,0.4013,0.4011,0.4008,0.4005,0.4003,0.4,0.3997,0.3994,0.3992,0.3989,0.3986,0.3984,0.3981,0.3978,0.3975,0.3973,0.397,0.3967,0.3965,0.3962,0.3959,0.3958,0.3958,0.3958,0.396,0.3964,0.3968,0.3972,0.3976,0.398,0.3983,0.3987,0.3991,0.3995,0.3999,0.4003,0.4009,0.4016,0.4024,0.4031,0.4039,0.4047,0.4054,0.4062,0.407,0.4077,0.4085,0.4093,0.4101,0.4116,0.4197,0.4592,0.4613,0.4645,0.4632,0.4619,0.4606,0.4593,0.458,0.4567,0.4555,0.4536,0.4517,0.4501,0.4495,0.4489,0.4475,0.4452,0.4422,0.4393,0.4364,0.4335,0.4306,0.4278,0.425,0.423,0.4227,0.4223,0.4219,0.4216,0.4212,0.4208,0.4205,0.4201,0.4197,0.419,0.4184,0.4177,0.4171,0.4164,0.4157,0.4153,0.416,0.4167,0.4174,0.418,0.4187,0.4194,0.4201,0.4208,0.4215,0.4222,0.4229,0.4236,0.4243,0.425,0.4257,0.4264,0.4272,0.4279,0.4286,0.429,0.4287,0.4285,0.4283,0.428,0.4278,0.4275,0.4273,0.427,0.4268,0.4265,0.4261,0.4257,0.4253,0.4248,0.4244,0.424,0.4236,0.4232,0.4227,0.4223,0.4219,0.4215,0.4211,0.4207,0.4202,0.4198,0.4194,0.419,0.4186,0.4182,0.4178,0.4174,0.417,0.4166,0.4161,0.4157,0.4153,0.4149,0.4145,0.4141,0.4137,0.4133,0.4131
0.4025,0.4026,0.4026,0.4026,0.4027,0.4027,0.4028,0.4028,0.4026,0.4022,0.4018,0.4014,0.4011,0.4007,0.4003,0.3999,0.3996,0.3992,0.3988,0.3986,0.3984,0.3982,0.398,0.3978,0.3976,0.3976,0.3976,0.3975,0.3974,0.3973,0.3973,0.3972,0.3972,0.3976,0.3979,0.3982,0.3986,0.3989,0.3993,0.3996,0.3999,0.4003,0.4006,0.401,0.4013,0.4017,0.402,0.4023,0.4027,0.403,0.4032,0.4034,0.4035,0.4037,0.4038,0.404,0.4042,0.4043,0.4045,0.4046,0.4048,0.405,0.4051,0.4053,0.4054,0.4056,0.4058,0.4059,0.4061,0.4062,0.4064,0.4065,0.4064,0.4064,0.4064,0.4064,0.4064,0.4063,0.4063,0.4063,0.4063,0.4062,0.4062,0.4062,0.4054,0.4041,0.4028,0.4023,0.4017,0.4011,0.4005,0.4,0.3994,0.3988,0.3983,0.3983,0.3988,0.3994,0.3999,0.4005,0.401,0.4012,0.401,0.4007,0.4004,0.4001,0.3999,0.3996,0.3993,0.399,0.3988,0.3985,0.3982,0.398,0.3977,0.3974,0.3972,0.3969,0.3966,0.3963,0.3961,0.3958,0.3955,0.3951,0.3953,0.3955,0.3958,0.396,0.3963,0.3965,0.3967,0.397,0.3972,0.3975,0.3978,0.3993,0.4003,0.4006,0.4012,0.402,0.4028,0.4036,0.4044,0.4052,0.406,0.4068,0.4076,0.4084,0.4092,0.41,0.4108,0.4166,0.4248,0.4599,0.4637,0.4638,0.4625,0.4612,0.4599,0.4586,0.4574,0.4561,0.4543,0.4523,0.4505,0.4499,0.4493,0.4485,0.4462,0.4435,0.4406,0.4376,0.4347,0.4319,0.429,0.4263,0.4235,0.4229,0.4226,0.4222,0.4218,0.4215,0.4211,0.4207,0.4204,0.42,0.4194,0.4187,0.4181,0.4174,0.4168,0.4161,0.4154,0.4158,0.4165,0.4172,0.4178,0.4185,0.4192,0.4199,0.4206,0.4213,0.422,0.4227,0.4234,0.4241,0.4248,0.4255,0.4262,0.4269,0.4277,0.4284,0.4291,0.429,0.4288,0.4286,0.4283,0.4281,0.4278,0.4276,0.4273,0.4271,0.4268,0.4263,0.4259,0.4255,0.4251,0.4246,0.4242,0.4238,0.4234,0.423,0.4225,0.4221,0.4217,0.4213,0.4209,0.4205,0.4201,0.4196,0.4192,0.4188,0.4184,0.418,0.4176,0.4172,0.4168,0.4164,0.416,0.4156,0.4152,0.4147,0.4143,0.4139,0.4135,0.4132
0.4031,0.4032,0.4032,0.4032,0.4033,0.4033,0.4034,0.4034,0.4034,0.4031,0.4028,0.4024,0.402,0.4016,0.4013,0.4009,0.4005,0.4001,0.3998,0.3994,0.399,0.3987,0.3983,0.3979,0.3977,0.3975,0.3975,0.3974,0.3973,0.3974,0.3977,0.3981,0.3984,0.3988,0.3991,0.3994,0.3998,0.4001,0.4005,0.4008,0.4011,0.4015,0.4018,0.4022,0.4025,0.4029,0.4032,0.4035,0.4037,0.4038,0.404,0.4041,0.4043,0.4045,0.4046,0.4048,0.4049,0.4051,0.4052,0.4054,0.4056,0.4057,0.4059,0.406,0.4062,0.4064,0.4065,0.4067,0.4068,0.407,0.407,0.407,0.4069,0.4069,0.4069,0.4069,0.4068,0.4068,0.4068,0.4068,0.4068,0.4067,0.4054,0.4041,0.4029,0.4024,0.4018,0.4012,0.4007,0.4001,0.3995,0.3989,0.3984,0.3978,0.398,0.3986,0.3991,0.3997,0.4003,0.4008,0.4014,0.4011,0.4008,0.4006,0.4003,0.4,0.3997,0.3995,0.3992,0.3989,0.3986,0.3984,0.3981,0.3978,0.3976,0.3973,0.397,0.3968,0.3965,0.3962,0.396,0.3935,0.3928,0.393,0.3932,0.3935,0.3937,0.3939,0.3942,0.3944,0.3946,0.3949,0.3958,0.3973,0.3989,0.4,0.4003,0.4006,0.4008,0.4016,0.4024,0.4032,0.404,0.4048,0.4056,0.4064,0.4072,0.408,0.4088,0.4096,0.4104,0.4135,0.4216,0.4586,0.4623,0.4644,0.4631,0.4618,0.4605,0.4592,0.458,0.4567,0.4549,0.4529,0.451,0.4502,0.4497,0.4494,0.4472,0.4449,0.4419,0.4389,0.436,0.4331,0.4303,0.4275,0.4247,0.4232,0.4229,0.4225,0.4221,0.4217,0.4214,0.421,0.4206,0.4203,0.4197,0.4191,0.4184,0.4178,0.4171,0.4165,0.4158,0.4156,0.4163,0.4169,0.4176,0.4183,0.419,0.4197,0.4204,0.4211,0.4218,0.4225,0.4232,0.4239,0.4246,0.4253,0.426,0.4267,0.4274,0.4282,0.4289,0.4293,0.4291,0.4288,0.4286,0.4284,0.4281,0.4279,0.4276,0.4274,0.427,0.4266,0.4261,0.4257,0.4253,0.4249,0.4245,0.424,0.4236,0.4232,0.4228,0.4224,0.4219,0.4215,0.4211,0.4207,0.4203,0.4199,0.4194,0.419,0.4186,0.4182,0.4178,0.4174,0.417,0.4166,0.4162,0.4158,0.4154,0.415,0.4146,0.4142,0.4138,0.4134
0.4037,0.4038,0.4038,0.4039,0.4039,0.4039,0.404,0.404,0.4041,0.4041,0.4037,0.4033,0.403,0.4026,0.4022,0.4018,0.4015,0.4011,0.4007,0.4003,0.4,0.3996,0.3992,0.3989,0.3985,0.3981,0.3978,0.3978,0.3982,0.3986,0.3989,0.3993,0.3996,0.3999,0.4003,0.4006,0.401,0.4013,0.4017,0.402,0.4023,0.4027,0.403,0.4034,0.4037,0.4039,0.4041,0.4043,0.4044,0.4046,0.4047,0.4049,0.4051,0.4052,0.4054,0.4055,0.4057,0.4059,0.406,0.4062,0.4063,0.4065,0.4067,0.4068,0.407,0.4071,0.4073,0.4075,0.4075,0.4075,0.4075,0.4075,0.4074,0.4074,0.4074,0.4074,0.4073,0.4073,0.4073,0.4068,0.4054,0.4041,0.4031,0.4025,0.4019,0.4013,0.4008,0.4002,0.3996,0.3991,0.3985,0.3979,0.3974,0.3978,0.3984,0.3989,0.3995,0.4,0.4006,0.4011,0.4013,0.401,0.4007,0.4004,0.4002,0.3999,0.3996,0.3993,0.3991,0.3988,0.3985,0.3983,0.398,0.3977,0.3974,0.3972,0.3969,0.3966,0.3964,0.3928,0.3902,0.3905,0.3907,0.3909,0.3912,0.3914,0.3916,0.3919,0.3921,0.3924,0.3939,0.3954,0.3969,0.3984,0.3997,0.4,0.4003,0.4005,0.4008,0.4012,0.402,0.4028,0.4035,0.4043,0.4051,0.4059,0.4067,0.4075,0.4084,0.4092,0.41,0.4111,0.4184,0.4574,0.4609,0.4647,0.4638,0.4625,0.4611,0.4599,0.4586,0.4574,0.4555,0.4536,0.4516,0.4506,0.45,0.4495,0.4482,0.4459,0.4432,0.4402,0.4373,0.4344,0.4315,0.4287,0.4259,0.4235,0.4231,0.4228,0.4224,0.422,0.4216,0.4213,0.4209,0.4205,0.4201,0.4194,0.4188,0.4181,0.4175,0.4168,0.4162,0.4155,0.416,0.4167,0.4174,0.4181,0.4188,0.4195,0.4202,0.4209,0.4216,0.4223,0.423,0.4237,0.4244,0.4251,0.4258,0.4265,0.4272,0.4279,0.4287,0.4294,0.4294,0.4291,0.4289,0.4286,0.4284,0.4282,0.4279,0.4277,0.4272,0.4268,0.4264,0.4259,0.4255,0.4251,0.4247,0.4243,0.4238,0.4234,0.423,0.4226,0.4222,0.4217,0.4213,0.4209,0.4205,0.4201,0.4197,0.4193,0.4188,0.4184,0.418,0.4176,0.4172,0.4168,0.4164,0.416,0.4156,0.4152,0.4148,0.4144,0.414,0.4136
0.4043,0.4044,0.4044,0.4045,0.4045,0.4045,0.4046,0.4046,0.4047,0.4047,0.4047,0.4043,0.4039,0.4036,0.4032,0.4028,0.4024,0.402,0.4017,0.4013,0.4009,0.4006,0.4002,0.3998,0.3994,0.3991,0.3987,0.3982,0.3987,0.3994,0.4001,0.4005,0.4008,0.4011,0.4015,0.4018,0.4022,0.4025,0.4029,0.4032,0.4036,0.4039,0.4042,0.4044,0.4046,0.4047,0.4049,0.405,0.4052,0.4053,0.4055,0.4057,0.4058,0.406,0.4061,0.4063,0.4065,0.4066,0.4068,0.4069,0.4071,0.4073,0.4074,0.4076,0.4078,0.4079,0.4081,0.4081,0.408,0.408,0.408,0.408,0.4079,0.4079,0.4079,0.4079,0.4078,0.4068,0.4054,0.4041,0.4032,0.4026,0.402,0.4014,0.4009,0.4003,0.3997,0.3992,0.3986,0.398,0.3975,0.3971,0.3976,0.3982,0.3987,0.3992,0.3998,0.4004,0.4009,0.4014,0.4011,0.4009,0.4006,0.4003,0.4,0.3998,0.3995,0.3992,0.3989,0.3987,0.3984,0.3981,0.3979,0.3976,0.3973,0.397,0.3957,0.392,0.3883,0.388,0.3882,0.3884,0.3887,0.3889,0.3891,0.3894,0.3896,0.3905,0.392,0.3935,0.3949,0.3965,0.398,0.3994,0.3997,0.4,0.4002,0.4005,0.4007,0.401,0.4015,0.4023,0.4031,0.4039,0.4047,0.4055,0.4063,0.4071,0.4079,0.4087,0.4096,0.4106,0.4153,0.4235,0.4596,0.4633,0.4644,0.4631,0.4618,0.4605,0.4592,0.458,0.4562,0.4542,0.4522,0.451,0.4504,0.4498,0.4491,0.4469,0.4445,0.4415,0.4385,0.4356,0.4328,0.4299,0.4271,0.4244,0.4234,0.423,0.4227,0.4223,0.4219,0.4215,0.4212,0.4208,0.4204,0.4198,0.4191,0.4185,0.4178,0.4172,0.4165,0.4159,0.4158,0.4165,0.4172,0.4179,0.4186,0.4193,0.42,0.4206,0.4213,0.422,0.4227,0.4234,0.4241,0.4249,0.4256,0.4263,0.427,0.4277,0.4284,0.4292,0.4297,0.4294,0.4292,0.4289,0.4287,0.4284,0.4282,0.4279,0.4275,0.427,0.4266,0.4262,0.4258,0.4253,0.4249,0.4245,0.4241,0.4236,0.4232,0.4228,0.4224,0.422,0.4216,0.4211,0.4207,0.4203,0.4199,0.4195,0.4191,0.4187,0.4182,0.4178,0.4174,0.417,0.4166,0.4162,0.4158,0.4154,0.415,0.4146,0.4142,0.4138
0.4050,0.405,0.405,0.4051,0.4051,0.4052,0.4052,0.4052,0.4053,0.4053,0.4054,0.4053,0.4049,0.4045,0.4041,0.4038,0.4034,0.403,0.4026,0.4023,0.4019,0.4015,0.4011,0.4008,0.4004,0.4,0.3996,0.3991,0.399,0.3996,0.4003,0.401,0.4016,0.4023,0.4027,0.403,0.4034,0.4037,0.4041,0.4044,0.4047,0.4048,0.405,0.4052,0.4053,0.4055,0.4056,0.4058,0.406,0.4061,0.4063,0.4064,0.4066,0.4068,0.4069,0.4071,0.4072,0.4074,0.4076,0.4077,0.4079,0.408,0.4082,0.4084,0.4085,0.4086,0.4086,0.4086,0.4085,0.4085,0.4085,0.4085,0.4084,0.4084,0.4082,0.4068,0.4054,0.4041,0.4033,0.4027,0.4021,0.4016,0.401,0.4004,0.3998,0.3993,0.3987,0.3981,0.3976,0.397,0.3968,0.3974,0.3979,0.3985,0.399,0.3996,0.4001,0.4007,0.4012,0.4013,0.401,0.4007,0.4005,0.4002,0.3999,0.3996,0.3994,0.3991,0.3988,0.3985,0.3983,0.398,0.3977,0.3975,0.395,0.3912,0.3876,0.3855,0.3858,0.386,0.3862,0.3864,0.3867,0.3869,0.3872,0.3886,0.3901,0.3915,0.393,0.3945,0.396,0.3975,0.3991,0.3994,0.3997,0.3999,0.4002,0.4004,0.4007,0.401,0.4012,0.4019,0.4027,0.4035,0.4043,0.4051,0.4059,0.4067,0.4075,0.4083,0.4091,0.4102,0.4123,0.4203,0.4582,0.462,0.465,0.4637,0.4624,0.4611,0.4599,0.4586,0.4568,0.4548,0.4529,0.4514,0.4508,0.4502,0.4501,0.4478,0.4456,0.4428,0.4398,0.4369,0.434,0.4312,0.4283,0.4256,0.4237,0.4233,0.4229,0.4226,0.4222,0.4218,0.4214,0.4211,0.4207,0.4202,0.4195,0.4188,0.4182,0.4175,0.4169,0.4162,0.4156,0.4163,0.417,0.4177,0.4184,0.419,0.4197,0.4204,0.4211,0.4218,0.4225,0.4232,0.4239,0.4246,0.4253,0.4261,0.4268,0.4275,0.4282,0.4289,0.4297,0.4297,0.4295,0.4292,0.429,0.4287,0.4285,0.4281,0.4277,0.4273,0.4268,0.4264,0.426,0.4256,0.4251,0.4247,0.4243,0.4239,0.4234,0.423,0.4226,0.4222,0.4218,0.4214,0.4209,0.4205,0.4201,0.4197,0.4193,0.4189,0.4185,0.4181,0.4177,0.4172,0.4168,0.4164,0.416,0.4156,0.4152,0.4148,0.4144,0.414
0.4056,0.4056,0.4056,0.4057,0.4057,0.4058,0.4058,0.4059,0.4059,0.4059,0.406,0.406,0.4059,0.4055,0.4051,0.4047,0.4044,0.404,0.4036,0.4032,0.4028,0.4025,0.4021,0.4017,0.4013,0.401,0.4006,0.4001,0.3995,0.3999,0.4005,0.4012,0.4019,0.4026,0.4032,0.4039,0.4046,0.4049,0.4051,0.4053,0.4054,0.4056,0.4058,0.4059,0.4061,0.4062,0.4064,0.4066,0.4067,0.4069,0.4071,0.4072,0.4074,0.4075,0.4077,0.4079,0.408,0.4082,0.4083,0.4085,0.4087,0.4088,0.409,0.4092,0.4091,0.4091,0.4091,0.4091,0.409,0.409,0.409,0.409,0.4082,0.4068,0.4054,0.4041,0.4034,0.4028,0.4022,0.4017,0.4011,0.4005,0.3999,0.3994,0.399,0.3985,0.3981,0.3977,0.3972,0.3968,0.3971,0.3977,0.3983,0.3988,0.3994,0.3999,0.4005,0.401,0.4014,0.4011,0.4009,0.4006,0.4003,0.4,0.3998,0.3995,0.3992,0.399,0.3987,0.3984,0.3981,0.3979,0.3942,0.3905,0.3868,0.3833,0.3833,0.3836,0.3838,0.384,0.3842,0.3845,0.3853,0.3868,0.3882,0.3897,0.3911,0.3926,0.3941,0.3956,0.3971,0.3986,0.3991,0.3994,0.3996,0.3999,0.4001,0.4004,0.4007,0.4009,0.4012,0.4015,0.4023,0.4031,0.4039,0.4047,0.4055,0.4063,0.4071,0.4079,0.4087,0.4097,0.4111,0.4172,0.4254,0.4606,0.4644,0.4644,0.4631,0.4618,0.4605,0.4593,0.4575,0.4555,0.4535,0.4517,0.4511,0.4506,0.45,0.4488,0.4466,0.4441,0.4411,0.4382,0.4353,0.4324,0.4296,0.4268,0.424,0.4236,0.4232,0.4228,0.4225,0.4221,0.4217,0.4213,0.421,0.4205,0.4199,0.4192,0.4185,0.4179,0.4172,0.4166,0.4159,0.4161,0.4168,0.4175,0.4181,0.4188,0.4195,0.4202,0.4209,0.4216,0.4223,0.423,0.4237,0.4244,0.4251,0.4258,0.4265,0.4273,0.428,0.4287,0.4294,0.43,0.4298,0.4295,0.4293,0.429,0.4288,0.4283,0.4279,0.4275,0.4271,0.4266,0.4262,0.4258,0.4254,0.4249,0.4245,0.4241,0.4237,0.4233,0.4228,0.4224,0.422,0.4216,0.4212,0.4208,0.4203,0.4199,0.4195,0.4191,0.4187,0.4183,0.4179,0.4175,0.4171,0.4166,0.4162,0.4158,0.4154,0.415,0.4146,0.4142
0.4062,0.4062,0.4063,0.4063,0.4063,0.4064,0.4064,0.4065,0.4065,0.4065,0.4066,0.4066,0.4067,0.4065,0.4061,0.4057,0.4053,0.4049,0.4046,0.4042,0.4038,0.4034,0.403,0.4027,0.4023,0.4019,0.4015,0.4011,0.4004,0.4001,0.4008,0.4014,0.4021,0.4028,0.4035,0.4044,0.4056,0.4067,0.4059,0.4061,0.4062,0.4064,0.4065,0.4067,0.4069,0.407,0.4072,0.4073,0.4075,0.4077,0.4078,0.408,0.4081,0.4083,0.4085,0.4086,0.4088,0.409,0.4091,0.4093,0.4094,0.4096,0.4097,0.4097,0.4096,0.4096,0.4096,0.4096,0.4095,0.4095,0.4082,0.4068,0.4054,0.4041,0.4035,0.4029,0.4023,0.4018,0.4014,0.401,0.4005,0.4001,0.3996,0.3992,0.3988,0.3983,0.3979,0.3974,0.397,0.3967,0.3974,0.398,0.3986,0.3991,0.3997,0.4002,0.4008,0.4013,0.4013,0.401,0.4007,0.4005,0.4002,0.3999,0.3996,0.3994,0.3991,0.3988,0.3986,0.3972,0.3934,0.3897,0.3861,0.3825,0.3809,0.3812,0.3814,0.3816,0.3818,0.3821,0.3835,0.3849,0.3863,0.3878,0.3892,0.3907,0.3922,0.3936,0.3951,0.3966,0.3982,0.3988,0.3991,0.3993,0.3996,0.3998,0.4001,0.4004,0.4006,0.4009,0.4011,0.4014,0.4019,0.4026,0.4034,0.4042,0.405,0.4058,0.4066,0.4074,0.4082,0.4092,0.4106,0.4141,0.4222,0.4592,0.463,0.465,0.4637,0.4624,0.4611,0.4599,0.4581,0.4561,0.4541,0.4522,0.4515,0.4509,0.4504,0.4498,0.4475,0.4453,0.4424,0.4395,0.4365,0.4336,0.4308,0.428,0.4252,0.4238,0.4235,0.4231,0.4227,0.4224,0.422,0.4216,0.4212,0.4209,0.4202,0.4196,0.4189,0.4182,0.4176,0.4169,0.4163,0.4159,0.4166,0.4172,0.4179,0.4186,0.4193,0.42,0.4207,0.4214,0.4221,0.4228,0.4235,0.4242,0.4249,0.4256,0.4263,0.427,0.4278,0.4285,0.4292,0.4299,0.4301,0.4298,0.4296,0.4293,0.429,0.4286,0.4281,0.4277,0.4273,0.4269,0.4264,0.426,0.4256,0.4252,0.4247,0.4243,0.4239,0.4235,0.4231,0.4226,0.4222,0.4218,0.4214,0.421,0.4206,0.4201,0.4197,0.4193,0.4189,0.4185,0.4181,0.4177,0.4173,0.4169,0.4165,0.4161,0.4157,0.4152,0.4148,0.4144
0.4068,0.4068,0.4069,0.4069,0.407,0.407,0.407,0.4071,0.4071,0.4072,0.4072,0.4072,0.4073,0.4073,0.4071,0.4067,0.4063,0.4059,0.4055,0.4052,0.4048,0.4044,0.404,0.4036,0.4033,0.4029,0.4025,0.402,0.4014,0.4008,0.401,0.4017,0.4026,0.4037,0.4049,0.406,0.4072,0.4083,0.4095,0.4076,0.407,0.4072,0.4073,0.4075,0.4076,0.4078,0.408,0.4081,0.4083,0.4084,0.4086,0.4088,0.4089,0.4091,0.4093,0.4094,0.4096,0.4097,0.4099,0.4101,0.4102,0.4102,0.4102,0.4102,0.4101,0.4101,0.4101,0.4096,0.4082,0.4068,0.4054,0.404,0.4039,0.4034,0.403,0.4025,0.4021,0.4016,0.4012,0.4007,0.4003,0.3999,0.3994,0.399,0.3985,0.3981,0.3977,0.3972,0.3968,0.397,0.3977,0.3983,0.3989,0.3995,0.4,0.4006,0.4011,0.4014,0.4012,0.4009,0.4006,0.4003,0.4001,0.3998,0.3995,0.3992,0.399,0.3964,0.3927,0.389,0.3854,0.3818,0.3786,0.3788,0.379,0.3792,0.3794,0.3803,0.3817,0.3831,0.3845,0.3859,0.3874,0.3888,0.3903,0.3917,0.3932,0.3947,0.3962,0.3977,0.3985,0.3988,0.399,0.3993,0.3995,0.3998,0.4001,0.4003,0.4006,0.4008,0.4011,0.4014,0.4016,0.4022,0.403,0.4038,0.4046,0.4054,0.4062,0.407,0.4078,0.4087,0.4102,0.4116,0.419,0.4579,0.4616,0.4654,0.4643,0.4631,0.4618,0.4605,0.4588,0.4568,0.4548,0.4528,0.4519,0.4513,0.4507,0.4508,0.4485,0.4463,0.4437,0.4408,0.4378,0.4349,0.432,0.4292,0.4264,0.4241,0.4237,0.4234,0.423,0.4226,0.4223,0.4219,0.4215,0.4211,0.4206,0.4199,0.4193,0.4186,0.4179,0.4173,0.4166,0.416,0.4164,0.417,0.4177,0.4184,0.4191,0.4198,0.4205,0.4212,0.4219,0.4226,0.4233,0.424,0.4247,0.4254,0.4261,0.4268,0.4275,0.4283,0.429,0.4297,0.4304,0.4301,0.4299,0.4296,0.4292,0.4288,0.4284,0.428,0.4275,0.4271,0.4267,0.4262,0.4258,0.4254,0.425,0.4245,0.4241,0.4237,0.4233,0.4229,0.4224,0.422,0.4216,0.4212,0.4208,0.4204,0.42,0.4195,0.4191,0.4187,0.4183,0.4179,0.4175,0.4171,0.4167,0.4163,0.4159,0.4155,0.4151,0.4147
0.4074,0.4075,0.4075,0.4075,0.4076,0.4076,0.4077,0.4077,0.4077,0.4078,0.4078,0.4079,0.4079,0.4079,0.408,0.4077,0.4073,0.4069,0.4065,0.4061,0.4057,0.4054,0.405,0.4046,0.4042,0.4038,0.4035,0.403,0.4024,0.4017,0.4015,0.4029,0.4041,0.4053,0.4064,0.4076,0.4088,0.41,0.4112,0.4123,0.4111,0.4079,0.4081,0.4083,0.4084,0.4086,0.4087,0.4089,0.4091,0.4092,0.4094,0.4095,0.4097,0.4099,0.41,0.4102,0.4104,0.4105,0.4107,0.4108,0.4107,0.4107,0.4107,0.4107,0.4106,0.4096,0.4082,0.4068,0.4054,0.4039,0.4023,0.403,0.4029,0.4028,0.4026,0.4023,0.4019,0.4014,0.401,0.4005,0.4001,0.3996,0.3992,0.3988,0.3983,0.3979,0.3975,0.397,0.3966,0.3972,0.3979,0.3986,0.3992,0.3998,0.4003,0.4009,0.4014,0.4013,0.401,0.4008,0.4005,0.4002,0.3999,0.3997,0.3994,0.3956,0.3919,0.3882,0.3846,0.3811,0.3776,0.3765,0.3767,0.3769,0.3771,0.3785,0.3799,0.3813,0.3827,0.3841,0.3855,0.3869,0.3884,0.3898,0.3913,0.3928,0.3943,0.3958,0.3973,0.3982,0.3985,0.3987,0.399,0.3992,0.3995,0.3998,0.4,0.4003,0.4005,0.4008,0.4011,0.4013,0.4016,0.4018,0.4026,0.4034,0.4042,0.405,0.4058,0.4066,0.4074,0.4082,0.4097,0.4111,0.4159,0.4241,0.4602,0.464,0.465,0.4637,0.4624,0.4612,0.4594,0.4574,0.4554,0.4534,0.4523,0.4517,0.4511,0.4505,0.4495,0.4472,0.445,0.442,0.4391,0.4362,0.4333,0.4304,0.4276,0.4249,0.424,0.4236,0.4233,0.4229,0.4225,0.4222,0.4218,0.4214,0.421,0.4203,0.4196,0.419,0.4183,0.4176,0.417,0.4163,0.4161,0.4168,0.4175,0.4182,0.4189,0.4196,0.4203,0.421,0.4217,0.4224,0.4231,0.4238,0.4245,0.4252,0.4259,0.4266,0.4273,0.428,0.4288,0.4295,0.4302,0.4304,0.4302,0.4299,0.4295,0.429,0.4286,0.4282,0.4278,0.4273,0.4269,0.4265,0.426,0.4256,0.4252,0.4248,0.4244,0.4239,0.4235,0.4231,0.4227,0.4223,0.4218,0.4214,0.421,0.4206,0.4202,0.4198,0.4194,0.4189,0.4185,0.4181,0.4177,0.4173,0.4169,0.4165,0.4161,0.4157,0.4153,0.4149
0.4080,0.4081,0.4081,0.4082,0.4082,0.4082,0.4083,0.4083,0.4084,0.4084,0.4084,0.4085,0.4085,0.4086,0.4086,0.4086,0.4083,0.4079,0.4075,0.4071,0.4067,0.4063,0.406,0.4056,0.4052,0.4048,0.4044,0.404,0.4033,0.4027,0.4026,0.4032,0.4046,0.4061,0.4076,0.4091,0.4104,0.4116,0.4128,0.414,0.4152,0.4147,0.4089,0.409,0.4092,0.4094,0.4095,0.4097,0.4098,0.41,0.4102,0.4103,0.4105,0.4107,0.4108,0.411,0.4112,0.4113,0.4113,0.4113,0.4113,0.4112,0.411,0.4096,0.4082,0.4067,0.4056,0.4037,0.4022,0.4007,0.4013,0.402,0.4019,0.4017,0.4016,0.4014,0.4013,0.4011,0.4008,0.4003,0.3999,0.3994,0.399,0.3986,0.3981,0.3977,0.3972,0.3968,0.3968,0.3975,0.3982,0.3989,0.3995,0.4001,0.4007,0.4012,0.4015,0.4012,0.4009,0.4006,0.4004,0.4001,0.3987,0.3949,0.3911,0.3875,0.3839,0.3804,0.3769,0.3741,0.3744,0.3746,0.3754,0.3767,0.3781,0.3795,0.3809,0.3823,0.3837,0.3851,0.3865,0.388,0.3894,0.3909,0.3924,0.3938,0.3953,0.3968,0.3979,0.3982,0.3984,0.3987,0.3989,0.3992,0.3995,0.3997,0.4,0.4002,0.4005,0.4008,0.401,0.4013,0.4015,0.4018,0.4022,0.403,0.4038,0.4045,0.4053,0.4061,0.407,0.4078,0.4092,0.4106,0.4128,0.4209,0.4589,0.4638,0.4656,0.4643,0.4631,0.4618,0.4601,0.458,0.456,0.4541,0.4526,0.4521,0.4515,0.4509,0.4505,0.4482,0.446,0.4434,0.4404,0.4374,0.4345,0.4317,0.4289,0.4261,0.4243,0.4239,0.4235,0.4232,0.4228,0.4224,0.4221,0.4217,0.4213,0.4206,0.42,0.4193,0.4187,0.418,0.4173,0.4167,0.416,0.4166,0.4173,0.418,0.4187,0.4194,0.42,0.4207,0.4214,0.4221,0.4228,0.4235,0.4242,0.425,0.4257,0.4264,0.4271,0.4278,0.4285,0.4293,0.43,0.4307,0.4304,0.4301,0.4297,0.4293,0.4288,0.4284,0.428,0.4276,0.4271,0.4267,0.4263,0.4259,0.4254,0.425,0.4246,0.4242,0.4237,0.4233,0.4229,0.4225,0.4221,0.4216,0.4212,0.4208,0.4204,0.42,0.4196,0.4192,0.4188,0.4183,0.4179,0.4175,0.4171,0.4167,0.4163,0.4159,0.4155,0.4151
0.4087,0.4087,0.4087,0.4088,0.4088,0.4089,0.4089,0.4089,0.409,0.409,0.4091,0.4091,0.4092,0.4092,0.4092,0.4093,0.4092,0.4089,0.4085,0.4081,0.4077,0.4073,0.4069,0.4065,0.4062,0.4058,0.4054,0.4049,0.4043,0.4037,0.4037,0.404,0.4049,0.4063,0.4078,0.4093,0.4108,0.4123,0.4139,0.4154,0.4169,0.4181,0.4184,0.4115,0.41,0.4101,0.4103,0.4105,0.4106,0.4108,0.411,0.4111,0.4113,0.4115,0.4116,0.4118,0.4119,0.4118,0.4118,0.4118,0.411,0.4096,0.4081,0.4067,0.4057,0.4036,0.402,0.4005,0.399,0.3994,0.4007,0.401,0.4009,0.4007,0.4006,0.4004,0.4003,0.4001,0.4,0.3998,0.3997,0.3992,0.3988,0.3983,0.3979,0.3975,0.397,0.3966,0.3971,0.3978,0.3985,0.3991,0.3998,0.4004,0.401,0.4016,0.4013,0.4011,0.4008,0.4005,0.3979,0.3941,0.3904,0.3867,0.3832,0.3797,0.3762,0.3728,0.3721,0.3723,0.3736,0.375,0.3763,0.3777,0.3791,0.3805,0.3819,0.3833,0.3847,0.3861,0.3875,0.389,0.3905,0.3919,0.3934,0.3949,0.3964,0.3976,0.3979,0.3981,0.3984,0.3987,0.3989,0.3992,0.3994,0.3997,0.3999,0.4002,0.4005,0.4007,0.401,0.4012,0.4015,0.4018,0.402,0.4025,0.4033,0.4041,0.4049,0.4057,0.4065,0.4073,0.4087,0.4102,0.4116,0.4177,0.4607,0.4664,0.4661,0.465,0.4637,0.4624,0.4607,0.4587,0.4567,0.4547,0.453,0.4524,0.4518,0.4513,0.4515,0.4492,0.4469,0.4447,0.4417,0.4387,0.4358,0.4329,0.4301,0.4273,0.4245,0.4242,0.4238,0.4234,0.4231,0.4227,0.4223,0.422,0.4216,0.421,0.4203,0.4197,0.419,0.4184,0.4177,0.417,0.4164,0.4164,0.4171,0.4178,0.4185,0.4191,0.4198,0.4205,0.4212,0.4219,0.4226,0.4233,0.424,0.4247,0.4254,0.4262,0.4269,0.4276,0.4283,0.429,0.4298,0.4305,0.4307,0.4304,0.4299,0.4295,0.4291,0.4286,0.4282,0.4278,0.4274,0.4269,0.4265,0.4261,0.4257,0.4252,0.4248,0.4244,0.424,0.4235,0.4231,0.4227,0.4223,0.4219,0.4215,0.421,0.4206,0.4202,0.4198,0.4194,0.419,0.4186,0.4182,0.4177,0.4173,0.4169,0.4165,0.4161,0.4157,0.4153
0.4093,0.4093,0.4094,0.4094,0.4094,0.4095,0.4095,0.4096,0.4096,0.4097,0.4097,0.4097,0.4098,0.4098,0.4099,0.4099,0.4099,0.4099,0.4095,0.4091,0.4087,0.4083,0.4079,0.4075,0.4071,0.4068,0.4064,0.4059,0.4053,0.4047,0.4048,0.4051,0.4054,0.4066,0.4081,0.4096,0.4111,0.4126,0.4141,0.4157,0.4172,0.4188,0.4204,0.4208,0.4151,0.4109,0.4111,0.4113,0.4114,0.4116,0.4117,0.4119,0.4121,0.4122,0.4124,0.4124,0.4124,0.4123,0.411,0.4095,0.4079,0.407,0.4053,0.4034,0.4019,0.4004,0.3989,0.3974,0.3975,0.3988,0.4001,0.4,0.3998,0.3997,0.3995,0.3994,0.3993,0.3991,0.399,0.3988,0.3987,0.3985,0.3984,0.3981,0.3977,0.3973,0.3968,0.3967,0.3974,0.398,0.3987,0.3994,0.4001,0.4008,0.4013,0.4015,0.4012,0.4009,0.3971,0.3933,0.3896,0.386,0.3824,0.3789,0.3755,0.3722,0.3698,0.3706,0.3719,0.3732,0.3746,0.3759,0.3773,0.3787,0.3801,0.3814,0.3829,0.3843,0.3857,0.3871,0.3886,0.39,0.3915,0.393,0.3945,0.396,0.3973,0.3976,0.3978,0.3981,0.3984,0.3986,0.3989,0.3991,0.3994,0.3996,0.3999,0.4002,0.4004,0.4007,0.4009,0.4012,0.4015,0.4017,0.402,0.4022,0.4029,0.4037,0.4045,0.4053,0.4061,0.4069,0.4082,0.4097,0.4111,0.4146,0.4228,0.4667,0.4663,0.4656,0.4644,0.4631,0.4614,0.4593,0.4573,0.4553,0.4534,0.4528,0.4522,0.4516,0.451,0.4502,0.4479,0.4456,0.443,0.44,0.4371,0.4342,0.4313,0.4285,0.4257,0.4244,0.4241,0.4237,0.4233,0.423,0.4226,0.4222,0.4219,0.4214,0.4207,0.42,0.4194,0.4187,0.4181,0.4174,0.4167,0.4162,0.4169,0.4176,0.4182,0.4189,0.4196,0.4203,0.421,0.4217,0.4224,0.4231,0.4238,0.4245,0.4252,0.4259,0.4267,0.4274,0.4281,0.4288,0.4295,0.4303,0.431,0.4306,0.4302,0.4297,0.4293,0.4289,0.4284,0.428,0.4276,0.4272,0.4267,0.4263,0.4259,0.4255,0.425,0.4246,0.4242,0.4238,0.4234,0.4229,0.4225,0.4221,0.4217,0.4213,0.4208,0.4204,0.42,0.4196,0.4192,0.4188,0.4184,0.418,0.4176,0.4171,0.4167,0.4163,0.4159,0.4155
0.4099,0.4099,0.41,0.41,0.4101,0.4101,0.4102,0.4102,0.4102,0.4103,0.4103,0.4104,0.4104,0.4104,0.4105,0.4105,0.4106,0.4106,0.4105,0.4101,0.4097,0.4093,0.4089,0.4085,0.4081,0.4077,0.4074,0.4069,0.4063,0.4056,0.4059,0.4062,0.4065,0.4068,0.4083,0.4098,0.4113,0.4128,0.4144,0.4159,0.4175,0.419,0.4205,0.4199,0.4193,0.4187,0.4119,0.412,0.4122,0.4124,0.4125,0.4127,0.4129,0.413,0.4129,0.4124,0.4109,0.4093,0.4081,0.4072,0.405,0.4033,0.4017,0.4002,0.3987,0.3973,0.3958,0.3956,0.3969,0.3982,0.3991,0.399,0.3988,0.3987,0.3985,0.3984,0.3983,0.3981,0.398,0.3978,0.3977,0.3975,0.3974,0.3972,0.3971,0.397,0.3966,0.397,0.3976,0.3983,0.399,0.3997,0.4003,0.401,0.4016,0.4001,0.3963,0.3926,0.3889,0.3853,0.3817,0.3782,0.3748,0.3715,0.3682,0.3689,0.3702,0.3715,0.3729,0.3742,0.3755,0.3769,0.3783,0.3797,0.381,0.3824,0.3839,0.3853,0.3867,0.3881,0.3896,0.3911,0.3925,0.394,0.3955,0.397,0.3973,0.3975,0.3978,0.3981,0.3983,0.3986,0.3988,0.3991,0.3993,0.3996,0.3999,0.4001,0.4004,0.4006,0.4009,0.4012,0.4014,0.4017,0.4019,0.4022,0.4025,0.4033,0.4041,0.4049,0.4057,0.4065,0.4077,0.4092,0.4106,0.4121,0.4196,0.4669,0.4666,0.4663,0.465,0.4637,0.462,0.46,0.458,0.456,0.454,0.4532,0.4526,0.452,0.4514,0.4511,0.4489,0.4466,0.4443,0.4413,0.4384,0.4354,0.4326,0.4297,0.4269,0.4247,0.4243,0.424,0.4236,0.4232,0.4229,0.4225,0.4221,0.4217,0.4211,0.4204,0.4197,0.4191,0.4184,0.4178,0.4171,0.4164,0.4167,0.4173,0.418,0.4187,0.4194,0.4201,0.4208,0.4215,0.4222,0.4229,0.4236,0.4243,0.425,0.4257,0.4264,0.4271,0.4279,0.4286,0.4293,0.43,0.4308,0.4308,0.4304,0.43,0.4295,0.4291,0.4287,0.4282,0.4278,0.4274,0.427,0.4265,0.4261,0.4257,0.4253,0.4248,0.4244,0.424,0.4236,0.4232,0.4227,0.4223,0.4219,0.4215,0.4211,0.4207,0.4202,0.4198,0.4194,0.419,0.4186,0.4182,0.4178,0.4174,0.417,0.4166,0.4161,0.4157
0.4105,0.4105,0.4106,0.4106,0.4107,0.4107,0.4108,0.4108,0.4109,0.4109,0.411,0.411,0.411,0.4111,0.4111,0.4112,0.4112,0.4112,0.4113,0.4111,0.4107,0.4103,0.4099,0.4095,0.4091,0.4087,0.4083,0.4079,0.4073,0.4068,0.4071,0.4073,0.4076,0.4079,0.4085,0.41,0.4116,0.4131,0.4146,0.4162,0.4177,0.4193,0.4195,0.4189,0.4184,0.4178,0.4172,0.4155,0.413,0.4132,0.4133,0.4135,0.4135,0.4123,0.4107,0.4092,0.4084,0.4075,0.4046,0.4031,0.4016,0.4001,0.3986,0.3971,0.3956,0.3942,0.3937,0.395,0.3963,0.3977,0.3981,0.398,0.3978,0.3977,0.3975,0.3974,0.3973,0.3971,0.397,0.3968,0.3967,0.3965,0.3964,0.3962,0.3961,0.3959,0.3946,0.3946,0.3953,0.396,0.3631,0.3647,0.3663,0.368,0.3696,0.3713,0.373,0.3747,0.3764,0.3777,0.3743,0.371,0.3691,0.3689,0.3686,0.3698,0.3711,0.3725,0.3738,0.3752,0.3765,0.3779,0.3793,0.3806,0.382,0.3834,0.3849,0.3863,0.3877,0.3892,0.3906,0.3921,0.3936,0.3951,0.3966,0.397,0.3972,0.3975,0.3978,0.398,0.3983,0.3985,0.3988,0.399,0.3993,0.3996,0.3998,0.4001,0.4003,0.4006,0.4009,0.4011,0.4014,0.4016,0.4019,0.4022,0.4024,0.4029,0.4036,0.4044,0.4052,0.406,0.4073,0.4087,0.4102,0.4116,0.4165,0.4672,0.4669,0.4665,0.4656,0.4644,0.4627,0.4606,0.4586,0.4566,0.4546,0.4536,0.453,0.4524,0.4518,0.4521,0.4498,0.4476,0.4453,0.4426,0.4396,0.4367,0.4338,0.431,0.4282,0.4254,0.4246,0.4242,0.4239,0.4235,0.4231,0.4228,0.4224,0.422,0.4214,0.4208,0.4201,0.4194,0.4188,0.4181,0.4175,0.4168,0.4165,0.4171,0.4178,0.4185,0.4192,0.4199,0.4206,0.4213,0.422,0.4227,0.4234,0.4241,0.4248,0.4255,0.4262,0.4269,0.4276,0.4284,0.4291,0.4298,0.4305,0.431,0.4306,0.4302,0.4298,0.4293,0.4289,0.4285,0.428,0.4276,0.4272,0.4268,0.4263,0.4259,0.4255,0.4251,0.4246,0.4242,0.4238,0.4234,0.423,0.4225,0.4221,0.4217,0.4213,0.4209,0.4205,0.4201,0.4196,0.4192,0.4188,0.4184,0.418,0.4176,0.4172,0.4168,0.4164,0.416
0.4111,0.4112,0.4112,0.4113,0.4113,0.4114,0.4114,0.4114,0.4115,0.4115,0.4116,0.4116,0.4117,0.4117,0.4118,0.4118,0.4118,0.4119,0.4119,0.412,0.4117,0.4113,0.4109,0.4105,0.4101,0.4097,0.4093,0.4089,0.4083,0.4079,0.4082,0.4085,0.4088,0.4091,0.4094,0.4103,0.4118,0.4133,0.4149,0.4164,0.418,0.4191,0.4186,0.418,0.4174,0.4168,0.4163,0.4157,0.4151,0.414,0.4138,0.4121,0.4104,0.4095,0.4086,0.4073,0.4045,0.403,0.4014,0.3999,0.3985,0.397,0.3955,0.394,0.3926,0.392,0.3932,0.3945,0.3958,0.3971,0.3971,0.397,0.3968,0.3967,0.3965,0.3964,0.3963,0.3961,0.396,0.3958,0.3957,0.3955,0.3954,0.3951,0.3948,0.3945,0.3906,0.3911,0.3611,0.3612,0.362,0.3631,0.3641,0.3652,0.3663,0.3673,0.3684,0.3701,0.3717,0.3705,0.3701,0.3698,0.3695,0.3692,0.3695,0.3708,0.3721,0.3734,0.3748,0.3761,0.3775,0.3789,0.3802,0.3816,0.383,0.3844,0.3859,0.3873,0.3888,0.3902,0.3917,0.3932,0.3947,0.3962,0.3967,0.397,0.3972,0.3975,0.3977,0.398,0.3982,0.3985,0.3987,0.399,0.3993,0.3995,0.3998,0.4,0.4003,0.4006,0.4008,0.4011,0.4013,0.4016,0.4019,0.4021,0.4024,0.4027,0.4032,0.404,0.4048,0.4056,0.4068,0.4082,0.4097,0.4111,0.4134,0.4215,0.4671,0.4668,0.4663,0.465,0.4633,0.4613,0.4593,0.4573,0.4553,0.4539,0.4533,0.4528,0.4522,0.4516,0.4508,0.4486,0.4463,0.4439,0.4409,0.438,0.4351,0.4322,0.4294,0.4266,0.4249,0.4245,0.4241,0.4238,0.4234,0.423,0.4227,0.4223,0.4218,0.4211,0.4205,0.4198,0.4191,0.4185,0.4178,0.4172,0.4165,0.4169,0.4176,0.4183,0.419,0.4197,0.4204,0.4211,0.4218,0.4225,0.4232,0.4239,0.4246,0.4253,0.426,0.4267,0.4274,0.4281,0.4289,0.4296,0.4303,0.4311,0.4308,0.4304,0.43,0.4296,0.4291,0.4287,0.4283,0.4279,0.4274,0.427,0.4266,0.4261,0.4257,0.4253,0.4249,0.4245,0.424,0.4236,0.4232,0.4228,0.4224,0.4219,0.4215,0.4211,0.4207,0.4203,0.4199,0.4194,0.419,0.4186,0.4182,0.4178,0.4174,0.417,0.4166,0.4162
0.4117,0.4118,0.4118,0.4119,0.4119,0.412,0.412,0.4121,0.4121,0.4122,0.4122,0.4123,0.4123,0.4123,0.4124,0.4124,0.4125,0.4125,0.4126,0.4126,0.4126,0.4123,0.4119,0.4115,0.4111,0.4107,0.4103,0.4099,0.4093,0.4091,0.4093,0.4096,0.4099,0.4102,0.4105,0.4108,0.412,0.4136,0.4151,0.4167,0.4182,0.4182,0.4176,0.417,0.4165,0.4159,0.4153,0.4148,0.4135,0.4118,0.4106,0.4098,0.4089,0.4069,0.4043,0.4028,0.4013,0.3998,0.3983,0.3968,0.3954,0.3939,0.3926,0.3923,0.3921,0.392,0.3926,0.3939,0.3952,0.3963,0.3961,0.396,0.3958,0.3957,0.3955,0.3954,0.3953,0.3951,0.395,0.3948,0.3946,0.3943,0.394,0.3937,0.3934,0.3924,0.3617,0.3604,0.3601,0.3607,0.3614,0.3625,0.3635,0.3646,0.3656,0.3667,0.3678,0.3689,0.37,0.3707,0.3704,0.3702,0.3699,0.3696,0.3705,0.3717,0.373,0.3744,0.3757,0.3771,0.3784,0.3798,0.3812,0.3826,0.384,0.3855,0.3869,0.3883,0.3898,0.3913,0.3927,0.3942,0.3957,0.3964,0.3967,0.3969,0.3972,0.3974,0.3977,0.3979,0.3982,0.3985,0.3987,0.399,0.3992,0.3995,0.3997,0.4,0.4003,0.4005,0.4008,0.401,0.4013,0.4016,0.4018,0.4021,0.4023,0.4026,0.4029,0.4036,0.4044,0.4052,0.4063,0.4077,0.4092,0.4106,0.4121,0.4183,0.4674,0.4671,0.4667,0.4657,0.464,0.462,0.4599,0.4579,0.4559,0.4543,0.4537,0.4531,0.4525,0.452,0.4518,0.4495,0.4473,0.445,0.4422,0.4393,0.4363,0.4335,0.4306,0.4278,0.4252,0.4248,0.4244,0.424,0.4237,0.4233,0.4229,0.4226,0.4222,0.4215,0.4208,0.4202,0.4195,0.4188,0.4182,0.4175,0.4169,0.4167,0.4174,0.4181,0.4188,0.4195,0.4201,0.4208,0.4215,0.4222,0.4229,0.4236,0.4243,0.4251,0.4258,0.4265,0.4272,0.4279,0.4286,0.4294,0.4301,0.4308,0.4309,0.4306,0.4302,0.4298,0.4294,0.4289,0.4285,0.4281,0.4277,0.4272,0.4268,0.4264,0.4259,0.4255,0.4251,0.4247,0.4243,0.4238,0.4234,0.423,0.4226,0.4222,0.4217,0.4213,0.4209,0.4205,0.4201,0.4197,0.4193,0.4188,0.4184,0.418,0.4176,0.4172,0.4168,0.4164
0.4123,0.4124,0.4124,0.4125,0.4125,0.4126,0.4126,0.4127,0.4127,0.4128,0.4128,0.4129,0.4129,0.413,0.413,0.4131,0.4131,0.4131,0.4132,0.4132,0.4133,0.4133,0.4129,0.4125,0.4121,0.4117,0.4113,0.4109,0.4103,0.4102,0.4105,0.4108,0.4111,0.4114,0.4117,0.412,0.4123,0.4138,0.4154,0.4169,0.4178,0.4173,0.4167,0.4161,0.4155,0.4149,0.4132,0.4117,0.4109,0.41,0.4092,0.4065,0.4042,0.4027,0.4011,0.3996,0.3982,0.3967,0.3952,0.3938,0.393,0.3927,0.3924,0.3922,0.3921,0.392,0.3921,0.3934,0.3947,0.3953,0.3951,0.395,0.3948,0.3947,0.3946,0.3944,0.3943,0.3941,0.3938,0.3935,0.3932,0.393,0.3927,0.3924,0.3623,0.361,0.3598,0.3591,0.3597,0.3603,0.3609,0.3619,0.3629,0.364,0.365,0.3661,0.3672,0.3682,0.3696,0.3711,0.3708,0.3705,0.3703,0.3703,0.3715,0.3726,0.374,0.3753,0.3767,0.3781,0.3794,0.3808,0.3822,0.3836,0.385,0.3865,0.3879,0.3894,0.3908,0.3923,0.3938,0.3953,0.3961,0.3964,0.3966,0.3969,0.3971,0.3974,0.3976,0.3979,0.3982,0.3984,0.3987,0.3989,0.3992,0.3994,0.3997,0.4,0.4002,0.4005,0.4007,0.401,0.4013,0.4015,0.4018,0.402,0.4023,0.4026,0.4028,0.4032,0.404,0.4048,0.4058,0.4073,0.4087,0.4102,0.4116,0.4152,0.4234,0.4673,0.467,0.4663,0.4647,0.4626,0.4606,0.4586,0.4566,0.4547,0.4541,0.4535,0.4529,0.4523,0.4526,0.4505,0.4482,0.446,0.4435,0.4406,0.4376,0.4347,0.4319,0.429,0.4262,0.4251,0.4247,0.4243,0.4239,0.4236,0.4232,0.4228,0.4225,0.4219,0.4212,0.4205,0.4199,0.4192,0.4185,0.4179,0.4172,0.4166,0.4172,0.4179,0.4186,0.4192,0.4199,0.4206,0.4213,0.422,0.4227,0.4234,0.4241,0.4248,0.4255,0.4263,0.427,0.4277,0.4284,0.4291,0.4299,0.4306,0.4311,0.4307,0.4304,0.43,0.4296,0.4292,0.4287,0.4283,0.4279,0.4275,0.427,0.4266,0.4262,0.4258,0.4253,0.4249,0.4245,0.4241,0.4236,0.4232,0.4228,0.4224,0.422,0.4216,0.4211,0.4207,0.4203,0.4199,0.4195,0.4191,0.4187,0.4182,0.4178,0.4174,0.417,0.4166
0.4130,0.413,0.4131,0.4131,0.4132,0.4132,0.4133,0.4133,0.4134,0.4134,0.4135,0.4135,0.4136,0.4136,0.4137,0.4137,0.4137,0.4138,0.4138,0.4139,0.4139,0.414,0.4139,0.4135,0.4131,0.4127,0.4123,0.4119,0.4113,0.4114,0.4117,0.412,0.4123,0.4126,0.4129,0.4132,0.4135,0.4141,0.4156,0.4172,0.4169,0.4163,0.4158,0.4147,0.413,0.412,0.4112,0.4103,0.4092,0.4061,0.404,0.4025,0.401,0.3995,0.398,0.3965,0.3951,0.3936,0.3933,0.3931,0.3928,0.3925,0.3923,0.3922,0.3921,0.392,0.3919,0.3928,0.3941,0.3943,0.3941,0.394,0.3939,0.3937,0.3936,0.3933,0.3931,0.3928,0.3925,0.3922,0.3919,0.3916,0.3629,0.3616,0.3604,0.3591,0.3581,0.3587,0.3593,0.3599,0.3605,0.3613,0.3623,0.3634,0.3644,0.3655,0.3665,0.3677,0.3692,0.3707,0.3712,0.3709,0.3706,0.3712,0.3724,0.3736,0.3749,0.3763,0.3777,0.379,0.3804,0.3818,0.3832,0.3846,0.3861,0.3875,0.3889,0.3904,0.3919,0.3933,0.3948,0.3958,0.3961,0.3963,0.3966,0.3968,0.3971,0.3973,0.3976,0.3979,0.3981,0.3984,0.3986,0.3989,0.3991,0.3994,0.3997,0.3999,0.4002,0.4004,0.4007,0.401,0.4012,0.4015,0.4017,0.402,0.4023,0.4025,0.4028,0.4031,0.4035,0.4043,0.4054,0.4068,0.4082,0.4097,0.4111,0.4126,0.4202,0.4676,0.4673,0.467,0.4653,0.4633,0.4612,0.4592,0.4572,0.4552,0.4545,0.4539,0.4533,0.4527,0.4521,0.4515,0.4492,0.447,0.4447,0.4419,0.4389,0.436,0.4331,0.4303,0.4275,0.4253,0.425,0.4246,0.4242,0.4238,0.4235,0.4231,0.4227,0.4222,0.4215,0.4209,0.4202,0.4195,0.4189,0.4182,0.4176,0.4169,0.417,0.4177,0.4183,0.419,0.4197,0.4204,0.4211,0.4218,0.4225,0.4232,0.4239,0.4246,0.4253,0.426,0.4268,0.4275,0.4282,0.4289,0.4296,0.4304,0.4312,0.4309,0.4305,0.4302,0.4298,0.4294,0.429,0.4285,0.4281,0.4277,0.4273,0.4268,0.4264,0.426,0.4256,0.4251,0.4247,0.4243,0.4239,0.4234,0.423,0.4226,0.4222,0.4218,0.4214,0.4209,0.4205,0.4201,0.4197,0.4193,0.4189,0.4185,0.4181,0.4177,0.4172,0.4168
0.4136,0.4136,0.4137,0.4137,0.4138,0.4138,0.4139,0.4139,0.414,0.414,0.4141,0.4141,0.4142,0.4142,0.4143,0.4143,0.4144,0.4144,0.4145,0.4145,0.4146,0.4146,0.4146,0.4145,0.4141,0.4137,0.4133,0.4129,0.4123,0.4125,0.4128,0.4131,0.4134,0.4137,0.414,0.4143,0.4146,0.4149,0.4159,0.4165,0.416,0.4144,0.4132,0.4123,0.4115,0.4106,0.4088,0.4058,0.4039,0.4024,0.4008,0.3993,0.3979,0.3964,0.3949,0.394,0.3937,0.3934,0.3931,0.3929,0.3926,0.3924,0.3922,0.3921,0.3921,0.392,0.3919,0.3923,0.3934,0.3933,0.3932,0.393,0.3929,0.3926,0.3923,0.392,0.3917,0.3914,0.3911,0.3908,0.3635,0.3622,0.361,0.3597,0.3585,0.3572,0.3576,0.3582,0.3588,0.3594,0.36,0.3607,0.3617,0.3627,0.3638,0.3649,0.3659,0.3673,0.3688,0.3703,0.3716,0.3713,0.371,0.3722,0.3734,0.3746,0.3759,0.3773,0.3786,0.38,0.3814,0.3828,0.3842,0.3856,0.3871,0.3885,0.39,0.3914,0.3929,0.3944,0.3955,0.3958,0.396,0.3963,0.3965,0.3968,0.3971,0.3973,0.3976,0.3978,0.3981,0.3983,0.3986,0.3988,0.3991,0.3994,0.3996,0.3999,0.4001,0.4004,0.4007,0.4009,0.4012,0.4014,0.4017,0.402,0.4022,0.4025,0.4028,0.403,0.4033,0.4039,0.4049,0.4063,0.4077,0.4092,0.4107,0.4121,0.4171,0.4651,0.4669,0.4672,0.466,0.4639,0.4619,0.4599,0.4578,0.4558,0.4548,0.4543,0.4537,0.4531,0.4525,0.4525,0.4502,0.4479,0.4457,0.4432,0.4402,0.4373,0.4344,0.4315,0.4287,0.4259,0.4252,0.4249,0.4245,0.4241,0.4237,0.4234,0.423,0.4226,0.4219,0.4212,0.4206,0.4199,0.4192,0.4186,0.4179,0.4173,0.4168,0.4174,0.4181,0.4188,0.4195,0.4202,0.4209,0.4216,0.4223,0.423,0.4237,0.4244,0.4251,0.4258,0.4265,0.4272,0.428,0.4287,0.4294,0.4301,0.4314,0.431,0.4307,0.4303,0.43,0.4296,0.4292,0.4288,0.4283,0.4279,0.4275,0.4271,0.4266,0.4262,0.4258,0.4254,0.4249,0.4245,0.4241,0.4237,0.4233,0.4228,0.4224,0.422,0.4216,0.4212,0.4208,0.4203,0.4199,0.4195,0.4191,0.4187,0.4183,0.4179,0.4175,0.4171
0.4142,0.4143,0.4143,0.4144,0.4144,0.4145,0.4145,0.4146,0.4146,0.4147,0.4147,0.4148,0.4148,0.4149,0.4149,0.415,0.415,0.4151,0.4151,0.4152,0.4152,0.4152,0.4153,0.4153,0.4152,0.4148,0.4144,0.414,0.4134,0.4137,0.414,0.4143,0.4146,0.4149,0.4152,0.4155,0.4158,0.4161,0.4158,0.4143,0.4135,0.4126,0.4117,0.4109,0.4084,0.4054,0.4037,0.4022,0.4007,0.3992,0.3977,0.3962,0.3948,0.3943,0.394,0.3938,0.3935,0.3932,0.3929,0.3927,0.3924,0.3923,0.3922,0.3921,0.3921,0.392,0.3919,0.3918,0.3925,0.3923,0.3921,0.3918,0.3915,0.3912,0.3909,0.3906,0.3904,0.3901,0.3898,0.3628,0.3616,0.3603,0.3591,0.3578,0.3566,0.3566,0.3572,0.3578,0.3584,0.359,0.3596,0.3602,0.3611,0.3621,0.3632,0.3642,0.3654,0.3669,0.3684,0.3699,0.3715,0.3717,0.3719,0.3731,0.3744,0.3756,0.3769,0.3782,0.3796,0.381,0.3824,0.3838,0.3852,0.3867,0.3881,0.3895,0.391,0.3925,0.394,0.3952,0.3955,0.3957,0.396,0.3962,0.3965,0.3968,0.397,0.3973,0.3975,0.3978,0.398,0.3983,0.3985,0.3988,0.3991,0.3993,0.3996,0.3998,0.4001,0.4004,0.4006,0.4009,0.4011,0.4014,0.4017,0.4019,0.4022,0.4024,0.4027,0.403,0.4032,0.4035,0.4044,0.4058,0.4073,0.4087,0.4102,0.4116,0.414,0.4221,0.4624,0.4641,0.4667,0.4646,0.4625,0.4605,0.4585,0.4565,0.4552,0.4546,0.454,0.4535,0.4529,0.4531,0.4512,0.4489,0.4467,0.4444,0.4415,0.4385,0.4356,0.4328,0.4299,0.4271,0.4255,0.4251,0.4248,0.4244,0.424,0.4236,0.4233,0.4229,0.4223,0.4216,0.4209,0.4203,0.4196,0.4189,0.4183,0.4176,0.417,0.4172,0.4179,0.4186,0.4193,0.42,0.4207,0.4214,0.4221,0.4228,0.4235,0.4242,0.4249,0.4256,0.4263,0.427,0.4277,0.4285,0.4292,0.4299,0.4306,0.4312,0.4308,0.4305,0.4301,0.4298,0.4294,0.429,0.4286,0.4281,0.4277,0.4273,0.4269,0.4264,0.426,0.4256,0.4252,0.4247,0.4243,0.4239,0.4235,0.4231,0.4226,0.4222,0.4218,0.4214,0.421,0.4206,0.4201,0.4197,0.4193,0.4189,0.4185,0.4181,0.4177,0.4173
0.4148,0.4149,0.4149,0.415,0.415,0.4151,0.4151,0.4152,0.4152,0.4153,0.4153,0.4154,0.4154,0.4155,0.4155,0.4156,0.4156,0.4157,0.4157,0.4158,0.4158,0.4159,0.4159,0.416,0.416,0.4158,0.4154,0.415,0.4146,0.4149,0.4152,0.4155,0.4158,0.4161,0.4164,0.4167,0.4156,0.4146,0.4137,0.4129,0.412,0.4112,0.4081,0.4051,0.4036,0.4021,0.4005,0.3991,0.3976,0.3961,0.395,0.3947,0.3944,0.3941,0.3939,0.3936,0.3933,0.393,0.3928,0.3925,0.3924,0.3923,0.3922,0.3921,0.392,0.392,0.3919,0.3918,0.3914,0.391,0.3907,0.3905,0.3902,0.3899,0.3896,0.3893,0.389,0.3634,0.3622,0.3609,0.3597,0.3584,0.3572,0.356,0.3556,0.3562,0.3568,0.3574,0.3579,0.3585,0.3591,0.3597,0.3605,0.3615,0.3626,0.3636,0.365,0.3665,0.368,0.3695,0.3711,0.3721,0.3729,0.3741,0.3753,0.3766,0.3778,0.3792,0.3806,0.382,0.3834,0.3848,0.3862,0.3877,0.3891,0.3906,0.3921,0.3935,0.3949,0.3952,0.3954,0.3957,0.396,0.3962,0.3965,0.3967,0.397,0.3972,0.3975,0.3977,0.398,0.3983,0.3985,0.3988,0.399,0.3993,0.3995,0.3998,0.4001,0.4003,0.4006,0.4008,0.4011,0.4014,0.4016,0.4019,0.4021,0.4024,0.4027,0.4029,0.4032,0.4035,0.4039,0.4054,0.4068,0.4082,0.4097,0.4111,0.4126,0.4189,0.4589,0.4628,0.4668,0.4653,0.4632,0.4612,0.4591,0.4571,0.4556,0.455,0.4544,0.4538,0.4532,0.4526,0.4522,0.4499,0.4476,0.4454,0.4428,0.4398,0.4369,0.434,0.4312,0.4283,0.4258,0.4254,0.425,0.4247,0.4243,0.4239,0.4235,0.4232,0.4226,0.422,0.4213,0.4206,0.42,0.4193,0.4186,0.418,0.4173,0.417,0.4177,0.4184,0.4191,0.4198,0.4205,0.4212,0.4219,0.4226,0.4233,0.424,0.4247,0.4254,0.4261,0.4268,0.4275,0.4282,0.429,0.4297,0.4304,0.4313,0.431,0.4306,0.4303,0.4299,0.4296,0.4292,0.4288,0.4284,0.428,0.4275,0.4271,0.4267,0.4262,0.4258,0.4254,0.425,0.4245,0.4241,0.4237,0.4233,0.4229,0.4224,0.422,0.4216,0.4212,0.4208,0.4204,0.42,0.4195,0.4191,0.4187,0.4183,0.4179,0.4175
0.4155,0.4155,0.4156,0.4156,0.4157,0.4157,0.4158,0.4158,0.4159,0.4159,0.416,0.416,0.4161,0.4161,0.4162,0.4162,0.4163,0.4163,0.4164,0.4164,0.4165,0.4165,0.4166,0.4166,0.4167,0.4167,0.4164,0.416,0.4158,0.4161,0.4164,0.4167,0.417,0.417,0.4158,0.4149,0.414,0.4132,0.4123,0.4108,0.4077,0.4049,0.4034,0.4019,0.4004,0.3989,0.3974,0.3959,0.3953,0.395,0.3948,0.3945,0.3942,0.3939,0.3937,0.3934,0.3931,0.3929,0.3926,0.3924,0.3924,0.3923,0.3922,0.3921,0.392,0.3919,0.3918,0.3913,0.3903,0.3902,0.3899,0.3895,0.3891,0.3887,0.3883,0.364,0.3628,0.3615,0.3603,0.359,0.3577,0.3554,0.3544,0.3553,0.3557,0.3558,0.3563,0.3569,0.3575,0.3581,0.3587,0.3593,0.3599,0.3609,0.362,0.3631,0.3646,0.3661,0.3676,0.3691,0.3706,0.3727,0.3739,0.3751,0.3763,0.3775,0.3788,0.3802,0.3816,0.383,0.3844,0.3858,0.3873,0.3887,0.3902,0.3916,0.3931,0.3946,0.3949,0.3952,0.3954,0.3957,0.3959,0.3962,0.3964,0.3967,0.3969,0.3972,0.3974,0.3977,0.398,0.3982,0.3985,0.3987,0.399,0.3992,0.3995,0.3998,0.4,0.4003,0.4005,0.4008,0.4011,0.4013,0.4016,0.4018,0.4021,0.4024,0.4026,0.4029,0.4033,0.4035,0.4037,0.4049,0.4063,0.4078,0.4092,0.4107,0.4121,0.4158,0.4577,0.4615,0.4654,0.4659,0.4639,0.4618,0.4598,0.4578,0.456,0.4554,0.4548,0.4542,0.4536,0.453,0.4532,0.4509,0.4486,0.4463,0.4441,0.4411,0.4382,0.4353,0.4324,0.4296,0.4268,0.4257,0.4253,0.4249,0.4246,0.4242,0.4238,0.4234,0.423,0.4223,0.4217,0.421,0.4203,0.4197,0.419,0.4183,0.4177,0.417,0.4175,0.4182,0.4189,0.4196,0.4202,0.4209,0.4216,0.4223,0.423,0.4237,0.4244,0.4252,0.4259,0.4266,0.4273,0.428,0.4287,0.4295,0.4302,0.4315,0.4311,0.4308,0.4304,0.4301,0.4297,0.4293,0.429,0.4286,0.4282,0.4278,0.4273,0.4269,0.4265,0.426,0.4256,0.4252,0.4248,0.4244,0.4239,0.4235,0.4231,0.4227,0.4223,0.4218,0.4214,0.421,0.4206,0.4202,0.4198,0.4194,0.4189,0.4185,0.4181,0.4177
0.4161,0.4162,0.4162,0.4163,0.4163,0.4164,0.4164,0.4165,0.4165,0.4166,0.4166,0.4167,0.4167,0.4168,0.4168,0.4169,0.4169,0.417,0.417,0.4171,0.4171,0.4172,0.4172,0.4173,0.4173,0.4173,0.4174,0.417,0.417,0.4173,0.4176,0.4169,0.4161,0.4152,0.4143,0.4135,0.4126,0.4104,0.4073,0.4048,0.4033,0.4018,0.4002,0.3988,0.3973,0.396,0.3957,0.3954,0.3951,0.3949,0.3946,0.3943,0.394,0.3937,0.3935,0.3932,0.3929,0.3927,0.3925,0.3924,0.3923,0.3923,0.3922,0.3921,0.392,0.3918,0.3916,0.3903,0.3891,0.389,0.3889,0.3888,0.3885,0.3647,0.3634,0.3621,0.3599,0.3575,0.3552,0.3529,0.3535,0.3543,0.3552,0.356,0.3566,0.3567,0.3568,0.3569,0.3571,0.3577,0.3583,0.3589,0.3595,0.3603,0.3613,0.3627,0.3642,0.3657,0.3673,0.3698,0.3723,0.3736,0.3748,0.3761,0.3773,0.3785,0.3798,0.3812,0.3826,0.384,0.3854,0.3868,0.3883,0.3897,0.3912,0.3927,0.3942,0.3946,0.3949,0.3951,0.3954,0.3956,0.3959,0.3961,0.3964,0.3966,0.3969,0.3971,0.3974,0.3977,0.3979,0.3982,0.3984,0.3987,0.3989,0.3992,0.3995,0.3997,0.4,0.4002,0.4005,0.4008,0.401,0.4013,0.4015,0.4018,0.4022,0.4027,0.4029,0.4031,0.4033,0.4034,0.4036,0.4044,0.4058,0.4073,0.4087,0.4102,0.4116,0.4131,0.4208,0.4602,0.4641,0.4673,0.4645,0.4625,0.4604,0.4584,0.4564,0.4558,0.4552,0.4546,0.454,0.4534,0.4537,0.4519,0.4496,0.4473,0.4451,0.4424,0.4395,0.4365,0.4336,0.4308,0.428,0.426,0.4256,0.4252,0.4248,0.4245,0.4241,0.4237,0.4233,0.4227,0.422,0.4214,0.4207,0.42,0.4194,0.4187,0.418,0.4174,0.4173,0.418,0.4186,0.4193,0.42,0.4207,0.4214,0.4221,0.4228,0.4235,0.4242,0.4249,0.4256,0.4264,0.4271,0.4278,0.4285,0.4292,0.43,0.4316,0.4313,0.4309,0.4306,0.4302,0.4299,0.4295,0.4291,0.4288,0.4284,0.428,0.4276,0.4271,0.4267,0.4263,0.4259,0.4254,0.425,0.4246,0.4242,0.4237,0.4233,0.4229,0.4225,0.4221,0.4216,0.4212,0.4208,0.4204,0.42,0.4196,0.4192,0.4188,0.4183,0.4179
0.4167,0.4168,0.4168,0.4169,0.4169,0.417,0.417,0.4171,0.4171,0.4172,0.4172,0.4173,0.4173,0.4174,0.4174,0.4175,0.4175,0.4176,0.4176,0.4177,0.4177,0.4178,0.4178,0.4179,0.4179,0.418,0.418,0.4181,0.4182,0.4172,0.4164,0.4155,0.4146,0.4137,0.4129,0.41,0.4069,0.4046,0.4031,0.4016,0.4001,0.3986,0.3971,0.3963,0.3961,0.3958,0.3955,0.3952,0.3949,0.3947,0.3944,0.3941,0.3938,0.3935,0.3933,0.393,0.3928,0.3926,0.3925,0.3924,0.3923,0.3923,0.3922,0.3921,0.3918,0.3916,0.391,0.3894,0.3879,0.3878,0.3877,0.3645,0.3621,0.3597,0.3574,0.355,0.3528,0.3517,0.3526,0.3534,0.3542,0.3551,0.3559,0.3568,0.3575,0.3576,0.3577,0.3578,0.3579,0.358,0.3581,0.3584,0.359,0.3597,0.3609,0.3623,0.3642,0.3667,0.3691,0.3716,0.3733,0.3746,0.3758,0.3771,0.3783,0.3795,0.3808,0.3822,0.3836,0.385,0.3864,0.3879,0.3893,0.3908,0.3922,0.3937,0.3943,0.3946,0.3948,0.3951,0.3953,0.3956,0.3958,0.3961,0.3963,0.3966,0.3969,0.3971,0.3974,0.3976,0.3979,0.3981,0.3984,0.3986,0.3989,0.3992,0.3994,0.3997,0.3999,0.4002,0.4005,0.4007,0.4011,0.4015,0.402,0.4024,0.4025,0.4027,0.4029,0.403,0.4032,0.4034,0.4035,0.4037,0.4054,0.4068,0.4082,0.4097,0.4111,0.4126,0.4176,0.461,0.4636,0.4668,0.4652,0.4631,0.4611,0.4591,0.4571,0.4562,0.4556,0.455,0.4544,0.4538,0.4532,0.4528,0.4506,0.4483,0.446,0.4437,0.4407,0.4378,0.4349,0.432,0.4292,0.4264,0.4259,0.4255,0.4251,0.4247,0.4244,0.424,0.4236,0.4231,0.4224,0.4217,0.4211,0.4204,0.4197,0.4191,0.4184,0.4177,0.4171,0.4177,0.4184,0.4191,0.4198,0.4205,0.4212,0.4219,0.4226,0.4233,0.424,0.4247,0.4254,0.4261,0.4269,0.4276,0.4283,0.429,0.4297,0.4305,0.4314,0.4311,0.4307,0.4304,0.43,0.4297,0.4293,0.4289,0.4286,0.4282,0.4278,0.4274,0.4269,0.4265,0.4261,0.4257,0.4252,0.4248,0.4244,0.424,0.4235,0.4231,0.4227,0.4223,0.4219,0.4215,0.421,0.4206,0.4202,0.4198,0.4194,0.419,0.4186,0.4182
0.4174,0.4174,0.4175,0.4175,0.4176,0.4176,0.4177,0.4177,0.4178,0.4178,0.4179,0.4179,0.418,0.418,0.4181,0.4181,0.4182,0.4182,0.4183,0.4183,0.4184,0.4184,0.4185,0.4185,0.4186,0.4186,0.4184,0.4175,0.4166,0.4158,0.4149,0.414,0.4128,0.4096,0.4066,0.4045,0.403,0.4015,0.4,0.3985,0.397,0.3967,0.3964,0.3961,0.3959,0.3956,0.3953,0.395,0.3947,0.3945,0.3942,0.3939,0.3936,0.3934,0.3931,0.3929,0.3927,0.3926,0.3925,0.3924,0.3923,0.3922,0.3922,0.3918,0.3916,0.3914,0.3901,0.3885,0.3764,0.3629,0.3595,0.3572,0.3548,0.3526,0.3503,0.3508,0.3516,0.3525,0.3533,0.3541,0.355,0.3558,0.3567,0.3576,0.3584,0.3585,0.3586,0.3587,0.3588,0.3589,0.359,0.3591,0.3591,0.3592,0.3612,0.3636,0.366,0.3684,0.3709,0.3731,0.3743,0.3755,0.3768,0.378,0.3793,0.3805,0.3818,0.3832,0.3846,0.386,0.3874,0.3889,0.3903,0.3918,0.3933,0.394,0.3943,0.3945,0.3948,0.395,0.3953,0.3955,0.3958,0.396,0.3963,0.3966,0.3968,0.3971,0.3973,0.3976,0.3978,0.3981,0.3983,0.3986,0.3989,0.3991,0.3994,0.3996,0.4,0.4004,0.4008,0.4012,0.4017,0.402,0.4021,0.4023,0.4025,0.4026,0.4028,0.403,0.4031,0.4033,0.4035,0.4036,0.4049,0.4063,0.4078,0.4092,0.4107,0.4121,0.4145,0.4618,0.4645,0.4671,0.4659,0.4638,0.4618,0.4597,0.4577,0.4565,0.4559,0.4553,0.4547,0.4542,0.4536,0.4538,0.4515,0.4493,0.447,0.4448,0.442,0.4391,0.4362,0.4333,0.4304,0.4276,0.4261,0.4258,0.4254,0.425,0.4246,0.4243,0.4239,0.4234,0.4228,0.4221,0.4214,0.4207,0.4201,0.4194,0.4188,0.4181,0.4174,0.4175,0.4182,0.4189,0.4196,0.4203,0.421,0.4217,0.4224,0.4231,0.4238,0.4245,0.4252,0.4259,0.4266,0.4273,0.4281,0.4288,0.4295,0.4302,0.4316,0.4312,0.4309,0.4305,0.4302,0.4298,0.4294,0.4291,0.4287,0.4284,0.428,0.4276,0.4272,0.4267,0.4263,0.4259,0.4255,0.425,0.4246,0.4242,0.4238,0.4234,0.4229,0.4225,0.4221,0.4217,0.4213,0.4208,0.4204,0.42,0.4196,0.4192,0.4188,0.4184
0.4180,0.4181,0.4181,0.4182,0.4182,0.4183,0.4183,0.4184,0.4184,0.4185,0.4185,0.4186,0.4186,0.4187,0.4187,0.4188,0.4188,0.4189,0.4189,0.419,0.419,0.4191,0.4191,0.4192,0.4187,0.4178,0.4169,0.4161,0.4152,0.4143,0.4124,0.4092,0.4062,0.4043,0.4028,0.4013,0.3998,0.3983,0.3973,0.3971,0.3968,0.3965,0.3962,0.3959,0.3957,0.3954,0.3951,0.3948,0.3945,0.3943,0.394,0.3937,0.3934,0.3932,0.393,0.3928,0.3926,0.3926,0.3925,0.3924,0.3923,0.3922,0.3918,0.3916,0.3913,0.3908,0.3651,0.3615,0.358,0.3548,0.3524,0.3501,0.349,0.3499,0.3507,0.3515,0.3524,0.3532,0.354,0.3549,0.3557,0.3566,0.3575,0.3583,0.3592,0.3594,0.3595,0.3596,0.3597,0.3598,0.3599,0.36,0.3601,0.3605,0.3629,0.3653,0.3678,0.3703,0.3728,0.374,0.3753,0.3765,0.3778,0.379,0.3803,0.3816,0.3828,0.3842,0.3856,0.387,0.3885,0.3899,0.3914,0.3929,0.3937,0.394,0.3942,0.3945,0.3947,0.395,0.3952,0.3955,0.3958,0.396,0.3963,0.3965,0.3968,0.397,0.3973,0.3975,0.3978,0.3981,0.3983,0.3986,0.3989,0.3993,0.3997,0.4001,0.4005,0.401,0.4014,0.4016,0.4017,0.4019,0.4021,0.4022,0.4024,0.4026,0.4028,0.4029,0.4031,0.4033,0.4034,0.4036,0.4041,0.4058,0.4073,0.4087,0.4102,0.4116,0.4131,0.4195,0.4654,0.468,0.4679,0.4645,0.4624,0.4604,0.4584,0.4569,0.4563,0.4557,0.4551,0.4545,0.4539,0.4542,0.4525,0.4502,0.448,0.4457,0.4434,0.4404,0.4374,0.4345,0.4317,0.4289,0.4264,0.426,0.4257,0.4253,0.4249,0.4245,0.4242,0.4238,0.4231,0.4225,0.4218,0.4211,0.4204,0.4198,0.4191,0.4185,0.4178,0.4173,0.418,0.4187,0.4194,0.4201,0.4208,0.4215,0.4222,0.4229,0.4236,0.4243,0.425,0.4257,0.4264,0.4271,0.4278,0.4286,0.4293,0.43,0.4317,0.4314,0.431,0.4307,0.4303,0.43,0.4296,0.4292,0.4289,0.4285,0.4282,0.4278,0.4274,0.427,0.4265,0.4261,0.4257,0.4253,0.4248,0.4244,0.424,0.4236,0.4232,0.4227,0.4223,0.4219,0.4215,0.4211,0.4207,0.4202,0.4198,0.4194,0.419,0.4186
0.4187,0.4187,0.4188,0.4188,0.4189,0.4189,0.419,0.419,0.4191,0.4191,0.4192,0.4192,0.4193,0.4193,0.4194,0.4194,0.4195,0.4195,0.4196,0.4196,0.4197,0.4196,0.419,0.4181,0.4172,0.4163,0.4155,0.4146,0.412,0.4089,0.4058,0.4042,0.4027,0.4012,0.3997,0.3982,0.3977,0.3974,0.3972,0.3969,0.3966,0.3963,0.396,0.3957,0.3955,0.3952,0.3949,0.3946,0.3943,0.3941,0.3938,0.3935,0.3933,0.3931,0.3928,0.3927,0.3926,0.3925,0.3925,0.3924,0.3921,0.3918,0.3916,0.3616,0.3606,0.3597,0.3567,0.3533,0.3502,0.3477,0.3481,0.3489,0.3498,0.3506,0.3514,0.3522,0.3531,0.3539,0.3548,0.3556,0.3565,0.3573,0.3582,0.3591,0.36,0.3604,0.3604,0.3605,0.3606,0.3607,0.3608,0.3609,0.361,0.3623,0.3647,0.3671,0.3696,0.3721,0.3738,0.375,0.3762,0.3775,0.3788,0.38,0.3813,0.3826,0.3838,0.3852,0.3866,0.388,0.3895,0.391,0.3924,0.3934,0.3937,0.3939,0.3942,0.3945,0.3947,0.395,0.3952,0.3955,0.3957,0.396,0.3962,0.3965,0.3967,0.397,0.3972,0.3975,0.3978,0.3982,0.3986,0.399,0.3994,0.3998,0.4003,0.4007,0.401,0.4012,0.4014,0.4015,0.4017,0.4019,0.402,0.4022,0.4024,0.4025,0.4027,0.4029,0.403,0.4032,0.4034,0.4035,0.4037,0.4053,0.4068,0.4082,0.4097,0.4111,0.4126,0.4164,0.4662,0.4678,0.4677,0.4651,0.4631,0.461,0.459,0.4573,0.4567,0.4561,0.4555,0.4549,0.4543,0.4537,0.4535,0.4512,0.4489,0.4467,0.4445,0.4417,0.4387,0.4358,0.4329,0.4301,0.4273,0.4263,0.4259,0.4255,0.4252,0.4248,0.4244,0.4241,0.4235,0.4228,0.4221,0.4215,0.4208,0.4201,0.4195,0.4188,0.4182,0.4175,0.4178,0.4185,0.4192,0.4199,0.4206,0.4213,0.422,0.4227,0.4234,0.4241,0.4248,0.4255,0.4262,0.4269,0.4276,0.4283,0.4291,0.4298,0.4319,0.4315,0.4312,0.4308,0.4305,0.4301,0.4298,0.4294,0.429,0.4287,0.4283,0.428,0.4276,0.4272,0.4268,0.4263,0.4259,0.4255,0.4251,0.4246,0.4242,0.4238,0.4234,0.423,0.4225,0.4221,0.4217,0.4213,0.4209,0.4205,0.4201,0.4196,0.4192,0.4188
0.4193,0.4193,0.4194,0.4194,0.4195,0.4195,0.4196,0.4196,0.4197,0.4197,0.4198,0.4198,0.4199,0.4199,0.42,0.42,0.4201,0.4202,0.4202,0.4199,0.4193,0.4184,0.4175,0.4166,0.4158,0.4147,0.4116,0.4085,0.4056,0.404,0.4025,0.401,0.3995,0.3984,0.3981,0.3978,0.3975,0.3972,0.397,0.3967,0.3964,0.3961,0.3958,0.3955,0.3953,0.395,0.3947,0.3944,0.3942,0.3939,0.3936,0.3934,0.3932,0.3929,0.3928,0.3927,0.3926,0.3925,0.3925,0.3547,0.3538,0.3529,0.352,0.3511,0.3502,0.3493,0.3484,0.3468,0.3472,0.3482,0.3488,0.3497,0.3505,0.3513,0.3521,0.353,0.3538,0.3547,0.3555,0.3564,0.3572,0.3581,0.359,0.3598,0.3607,0.3613,0.3614,0.3615,0.3615,0.3616,0.3617,0.3618,0.3619,0.364,0.3664,0.3689,0.3714,0.3735,0.3747,0.376,0.3772,0.3785,0.3797,0.381,0.3823,0.3836,0.3849,0.3862,0.3876,0.3891,0.3905,0.392,0.3932,0.3934,0.3937,0.3939,0.3942,0.3944,0.3947,0.3949,0.3952,0.3954,0.3957,0.3959,0.3962,0.3964,0.3967,0.3971,0.3975,0.3979,0.3983,0.3987,0.3992,0.3996,0.4,0.4004,0.4006,0.4008,0.401,0.4011,0.4013,0.4015,0.4016,0.4018,0.402,0.4021,0.4023,0.4025,0.4026,0.4028,0.403,0.4031,0.4033,0.4035,0.4036,0.4045,0.4063,0.4078,0.4092,0.4107,0.4121,0.4136,0.4214,0.4675,0.4674,0.4673,0.4637,0.4617,0.4597,0.4577,0.4571,0.4565,0.4559,0.4553,0.4547,0.4541,0.4545,0.4522,0.4499,0.4477,0.4454,0.443,0.44,0.4371,0.4342,0.4313,0.4285,0.4266,0.4262,0.4258,0.4254,0.4251,0.4247,0.4243,0.4239,0.4232,0.4225,0.4218,0.4212,0.4205,0.4198,0.4192,0.4185,0.4179,0.4176,0.4183,0.419,0.4196,0.4203,0.421,0.4217,0.4224,0.4231,0.4238,0.4245,0.4253,0.426,0.4267,0.4274,0.4281,0.4288,0.4296,0.4304,0.4317,0.4313,0.431,0.4306,0.4303,0.4299,0.4295,0.4292,0.4288,0.4285,0.4281,0.4278,0.4274,0.427,0.4266,0.4261,0.4257,0.4253,0.4249,0.4245,0.424,0.4236,0.4232,0.4228,0.4224,0.4219,0.4215,0.4211,0.4207,0.4203,0.4199,0.4194,0.419
0.4199,0.42,0.42,0.4201,0.4201,0.4202,0.4202,0.4203,0.4203,0.4204,0.4204,0.4205,0.4205,0.4206,0.4206,0.4207,0.4207,0.4202,0.4196,0.4187,0.4178,0.4169,0.4161,0.4144,0.4112,0.4081,0.4054,0.4039,0.4024,0.4009,0.3994,0.3987,0.3985,0.3982,0.3979,0.3976,0.3973,0.397,0.3968,0.3965,0.3962,0.3959,0.3956,0.3954,0.3951,0.3948,0.3945,0.3942,0.394,0.3937,0.3935,0.3933,0.393,0.3928,0.3928,0.3481,0.3478,0.3476,0.3474,0.3472,0.347,0.3468,0.3466,0.3464,0.3462,0.3464,0.3467,0.3472,0.3481,0.3496,0.35,0.3504,0.3512,0.352,0.3529,0.3537,0.3546,0.3554,0.3563,0.3571,0.358,0.3589,0.3597,0.3606,0.3615,0.3622,0.3623,0.3624,0.3625,0.3626,0.3627,0.3627,0.3634,0.3658,0.3682,0.3707,0.3732,0.3745,0.3757,0.3769,0.3782,0.3795,0.3807,0.382,0.3833,0.3846,0.3859,0.3872,0.3887,0.3901,0.3916,0.3929,0.3931,0.3934,0.3936,0.3939,0.3941,0.3944,0.3946,0.3949,0.3951,0.3954,0.3956,0.396,0.3964,0.3968,0.3972,0.3976,0.3981,0.3985,0.3989,0.3993,0.3997,0.4001,0.4002,0.4004,0.4006,0.4007,0.4009,0.4011,0.4012,0.4014,0.4016,0.4017,0.4019,0.4021,0.4022,0.4024,0.4026,0.4027,0.4029,0.4031,0.4032,0.4034,0.4036,0.4038,0.4057,0.4073,0.4087,0.4102,0.4116,0.4131,0.4182,0.4673,0.4672,0.4671,0.4644,0.4623,0.4603,0.4583,0.4575,0.4569,0.4563,0.4557,0.4551,0.4545,0.4547,0.4532,0.4509,0.4486,0.4464,0.4442,0.4413,0.4383,0.4354,0.4326,0.4297,0.4269,0.4265,0.4261,0.4257,0.4253,0.425,0.4246,0.4242,0.4236,0.4229,0.4222,0.4215,0.4209,0.4202,0.4195,0.4189,0.4182,0.4176,0.4181,0.4187,0.4194,0.4201,0.4208,0.4215,0.4222,0.4229,0.4236,0.4243,0.425,0.4257,0.4265,0.4272,0.4279,0.4286,0.4293,0.4301,0.4318,0.4315,0.4311,0.4308,0.4304,0.4301,0.4297,0.4293,0.429,0.4286,0.4283,0.4279,0.4276,0.4272,0.4268,0.4264,0.4259,0.4255,0.4251,0.4247,0.4243,0.4238,0.4234,0.423,0.4226,0.4222,0.4217,0.4213,0.4209,0.4205,0.4201,0.4197,0.4193
0.4206,0.4206,0.4207,0.4207,0.4208,0.4208,0.4209,0.4209,0.421,0.421,0.4211,0.4211,0.4212,0.4212,0.421,0.4206,0.4199,0.419,0.4181,0.4172,0.4163,0.414,0.4108,0.4077,0.4053,0.4037,0.4022,0.4007,0.3994,0.3991,0.3988,0.3985,0.3983,0.398,0.3977,0.3974,0.3971,0.3968,0.3966,0.3963,0.396,0.3957,0.3954,0.3952,0.3949,0.3946,0.3943,0.394,0.3938,0.3936,0.3933,0.3931,0.3929,0.3473,0.3471,0.3469,0.3467,0.3465,0.3463,0.3462,0.346,0.3458,0.3457,0.346,0.3463,0.3467,0.3472,0.348,0.3491,0.3506,0.3516,0.3518,0.3519,0.3528,0.3536,0.3545,0.3553,0.3562,0.357,0.3579,0.3588,0.3596,0.3605,0.3614,0.3623,0.3631,0.3632,0.3633,0.3634,0.3635,0.3636,0.3637,0.3651,0.3676,0.37,0.3725,0.3742,0.3754,0.3767,0.3779,0.3792,0.3805,0.3817,0.383,0.3843,0.3856,0.3869,0.3882,0.3897,0.3911,0.3926,0.3928,0.3931,0.3933,0.3936,0.3938,0.3941,0.3943,0.3946,0.395,0.3954,0.3958,0.3962,0.3966,0.397,0.3974,0.3978,0.3982,0.3986,0.399,0.3994,0.3997,0.3999,0.4,0.4002,0.4004,0.4005,0.4007,0.4009,0.401,0.4012,0.4014,0.4015,0.4017,0.4019,0.402,0.4022,0.4024,0.4025,0.4027,0.4029,0.403,0.4032,0.4034,0.4035,0.4037,0.4049,0.4068,0.4082,0.4097,0.4111,0.4126,0.4151,0.4671,0.467,0.4669,0.4651,0.463,0.461,0.4589,0.4578,0.4572,0.4566,0.456,0.4554,0.4549,0.4543,0.4542,0.4519,0.4496,0.4474,0.4451,0.4426,0.4396,0.4367,0.4338,0.431,0.4282,0.4267,0.4264,0.426,0.4256,0.4252,0.4249,0.4245,0.4239,0.4232,0.4226,0.4219,0.4212,0.4206,0.4199,0.4192,0.4186,0.4179,0.4178,0.4185,0.4192,0.4199,0.4206,0.4213,0.422,0.4227,0.4234,0.4241,0.4248,0.4255,0.4262,0.427,0.4277,0.4284,0.4291,0.4298,0.432,0.4316,0.4313,0.4309,0.4306,0.4302,0.4299,0.4295,0.4291,0.4288,0.4284,0.4281,0.4277,0.4274,0.427,0.4266,0.4262,0.4258,0.4253,0.4249,0.4245,0.4241,0.4236,0.4232,0.4228,0.4224,0.422,0.4216,0.4211,0.4207,0.4203,0.4199,0.4195
0.4212,0.4213,0.4213,0.4214,0.4214,0.4215,0.4215,0.4216,0.4216,0.4217,0.4217,0.4218,0.4214,0.4209,0.4202,0.4193,0.4184,0.4175,0.4166,0.4136,0.4104,0.4074,0.4051,0.4036,0.4021,0.4006,0.3998,0.3995,0.3992,0.3989,0.3986,0.3983,0.3981,0.3978,0.3975,0.3972,0.3969,0.3966,0.3964,0.3961,0.3958,0.3955,0.3952,0.395,0.3947,0.3944,0.3941,0.3939,0.3937,0.3934,0.3932,0.393,0.3465,0.3463,0.3461,0.3459,0.3457,0.3455,0.3453,0.3451,0.3454,0.3457,0.346,0.3463,0.3466,0.3471,0.3479,0.3488,0.3501,0.3516,0.3531,0.3534,0.3535,0.3537,0.3544,0.3552,0.3561,0.3569,0.3578,0.3587,0.3595,0.3604,0.3613,0.3622,0.3631,0.3639,0.3642,0.3643,0.3644,0.3644,0.3645,0.3646,0.3669,0.3693,0.3719,0.3739,0.3751,0.3764,0.3776,0.3789,0.3802,0.3815,0.3827,0.384,0.3853,0.3866,0.388,0.3893,0.3907,0.3922,0.3925,0.3928,0.393,0.3933,0.3935,0.3939,0.3943,0.3947,0.3951,0.3955,0.3959,0.3963,0.3967,0.3971,0.3975,0.3979,0.3983,0.3987,0.3991,0.3993,0.3995,0.3996,0.3998,0.4,0.4001,0.4003,0.4005,0.4006,0.4008,0.401,0.4011,0.4013,0.4015,0.4016,0.4018,0.402,0.4021,0.4023,0.4025,0.4026,0.4028,0.403,0.4031,0.4033,0.4035,0.4036,0.4041,0.4061,0.4078,0.4092,0.4107,0.4121,0.4136,0.4201,0.4667,0.4666,0.4665,0.4637,0.4616,0.4596,0.4582,0.4576,0.457,0.4564,0.4558,0.4552,0.4546,0.4552,0.4529,0.4506,0.4483,0.4461,0.4439,0.4409,0.438,0.4351,0.4322,0.4294,0.427,0.4266,0.4263,0.4259,0.4255,0.4251,0.4248,0.4243,0.4236,0.4229,0.4223,0.4216,0.4209,0.4203,0.4196,0.4189,0.4183,0.4176,0.4183,0.419,0.4197,0.4204,0.4211,0.4218,0.4225,0.4232,0.4239,0.4246,0.4253,0.426,0.4267,0.4274,0.4282,0.4289,0.4296,0.4322,0.4318,0.4314,0.4311,0.4307,0.4304,0.43,0.4296,0.4293,0.4289,0.4286,0.4282,0.4279,0.4275,0.4272,0.4268,0.4264,0.426,0.4256,0.4251,0.4247,0.4243,0.4239,0.4234,0.423,0.4226,0.4222,0.4218,0.4214,0.4209,0.4205,0.4201,0.4197
0.4219,0.4219,0.422,0.422,0.4221,0.4221,0.4222,0.4222,0.4223,0.4222,0.4217,0.4212,0.4205,0.4196,0.4187,0.4178,0.4164,0.4132,0.4101,0.407,0.405,0.4034,0.4019,0.4004,0.4001,0.3998,0.3996,0.3993,0.399,0.3987,0.3984,0.3981,0.3979,0.3976,0.3973,0.397,0.3967,0.3964,0.3962,0.3959,0.3956,0.3953,0.395,0.3948,0.3945,0.3942,0.394,0.3938,0.3935,0.3933,0.3931,0.3457,0.3455,0.3453,0.3451,0.3449,0.3447,0.3447,0.345,0.3453,0.3456,0.3459,0.3462,0.3465,0.3471,0.3479,0.3487,0.3497,0.3512,0.3526,0.3541,0.355,0.3552,0.3553,0.3555,0.356,0.3568,0.3577,0.3586,0.3594,0.3603,0.3612,0.3621,0.3629,0.3638,0.3647,0.3651,0.3652,0.3653,0.3654,0.3655,0.3662,0.3687,0.3712,0.3736,0.3749,0.3761,0.3774,0.3786,0.3799,0.3812,0.3825,0.3837,0.385,0.3864,0.3877,0.389,0.3903,0.3918,0.3923,0.3925,0.3928,0.3932,0.3936,0.394,0.3944,0.3948,0.3952,0.3956,0.396,0.3964,0.3968,0.3972,0.3976,0.398,0.3984,0.3988,0.3989,0.3991,0.3993,0.3994,0.3996,0.3997,0.3999,0.4001,0.4002,0.4004,0.4006,0.4007,0.4009,0.4011,0.4012,0.4014,0.4016,0.4017,0.4019,0.4021,0.4022,0.4024,0.4026,0.4027,0.4029,0.4031,0.4032,0.4034,0.4036,0.4037,0.4053,0.4072,0.4087,0.4102,0.4116,0.4131,0.4169,0.4665,0.4664,0.4663,0.4643,0.4623,0.4602,0.4586,0.458,0.4574,0.4568,0.4562,0.4556,0.455,0.4552,0.4539,0.4516,0.4493,0.447,0.4448,0.4422,0.4393,0.4363,0.4335,0.4306,0.4278,0.4269,0.4265,0.4262,0.4258,0.4254,0.425,0.4247,0.424,0.4233,0.4226,0.422,0.4213,0.4206,0.42,0.4193,0.4186,0.418,0.4181,0.4188,0.4195,0.4202,0.4209,0.4216,0.4223,0.423,0.4237,0.4244,0.4251,0.4258,0.4265,0.4272,0.4279,0.4287,0.4294,0.4303,0.4319,0.4316,0.4312,0.4309,0.4305,0.4302,0.4298,0.4294,0.4291,0.4287,0.4284,0.428,0.4277,0.4273,0.427,0.4266,0.4262,0.4258,0.4254,0.4249,0.4245,0.4241,0.4237,0.4233,0.4228,0.4224,0.422,0.4216,0.4212,0.4208,0.4203,0.4199
0.4225,0.4226,0.4226,0.4227,0.4227,0.4228,0.4228,0.4225,0.422,0.4216,0.4208,0.4199,0.419,0.4181,0.416,0.4128,0.4097,0.4066,0.4048,0.4033,0.4018,0.4008,0.4005,0.4002,0.3999,0.3996,0.3994,0.3991,0.3988,0.3985,0.3982,0.3979,0.3977,0.3974,0.3971,0.3968,0.3965,0.3962,0.396,0.3957,0.3954,0.3951,0.3948,0.3946,0.3943,0.3941,0.3938,0.3936,0.3934,0.3932,0.3449,0.3447,0.3445,0.3443,0.3441,0.3443,0.3446,0.3449,0.3452,0.3455,0.3458,0.3462,0.3465,0.3471,0.3479,0.3487,0.3495,0.3507,0.3522,0.3537,0.3552,0.3567,0.3568,0.357,0.3571,0.3573,0.3576,0.3584,0.3593,0.3602,0.3611,0.3619,0.3628,0.3637,0.3646,0.3655,0.3661,0.3662,0.3662,0.3663,0.3664,0.368,0.3705,0.373,0.3746,0.3758,0.3771,0.3783,0.3796,0.3809,0.3822,0.3835,0.3848,0.3861,0.3874,0.3887,0.3901,0.3914,0.3921,0.3925,0.3929,0.3933,0.3937,0.3941,0.3945,0.3949,0.3953,0.3957,0.3961,0.3965,0.3969,0.3973,0.3977,0.3981,0.3984,0.3985,0.3987,0.3989,0.399,0.3992,0.3994,0.3995,0.3997,0.3999,0.4,0.4002,0.4004,0.4005,0.4007,0.4008,0.401,0.4012,0.4013,0.4015,0.4017,0.4018,0.402,0.4022,0.4023,0.4025,0.4027,0.4028,0.403,0.4032,0.4034,0.4035,0.4037,0.4045,0.4065,0.4082,0.4097,0.4111,0.4126,0.4141,0.4662,0.4661,0.466,0.4659,0.4629,0.4609,0.459,0.4584,0.4578,0.4572,0.4566,0.456,0.4554,0.4548,0.4549,0.4526,0.4503,0.448,0.4458,0.4435,0.4406,0.4376,0.4347,0.4319,0.429,0.4272,0.4268,0.4264,0.4261,0.4257,0.4253,0.4249,0.4243,0.4237,0.423,0.4223,0.4217,0.421,0.4203,0.4196,0.419,0.4183,0.4179,0.4186,0.4193,0.42,0.4207,0.4214,0.4221,0.4228,0.4235,0.4242,0.4249,0.4256,0.4263,0.427,0.4277,0.4284,0.4292,0.4299,0.4321,0.4317,0.4314,0.431,0.4307,0.4303,0.43,0.4296,0.4292,0.4289,0.4285,0.4282,0.4278,0.4275,0.4271,0.4268,0.4264,0.426,0.4256,0.4252,0.4247,0.4243,0.4239,0.4235,0.4231,0.4226,0.4222,0.4218,0.4214,0.421,0.4206,0.4201
0.4232,0.4232,0.4233,0.4233,0.4233,0.4228,0.4224,0.4219,0.4211,0.4202,0.4193,0.4184,0.4156,0.4124,0.4093,0.4062,0.4047,0.4031,0.4016,0.4012,0.4009,0.4006,0.4003,0.4,0.3997,0.3994,0.3992,0.3989,0.3986,0.3983,0.398,0.3977,0.3975,0.3972,0.3969,0.3966,0.3963,0.396,0.3958,0.3955,0.3952,0.3949,0.3946,0.3944,0.3942,0.3939,0.3937,0.3935,0.3932,0.3441,0.3439,0.3437,0.3436,0.3439,0.3443,0.3446,0.3449,0.3452,0.3455,0.3458,0.3461,0.3464,0.347,0.3478,0.3487,0.3495,0.3503,0.3517,0.3532,0.3547,0.3562,0.3577,0.3585,0.3587,0.3588,0.359,0.3591,0.3593,0.3601,0.361,0.3618,0.3627,0.3636,0.3645,0.3654,0.3663,0.367,0.3671,0.3672,0.3673,0.3674,0.3698,0.3723,0.3743,0.3756,0.3768,0.3781,0.3793,0.3806,0.3819,0.3832,0.3845,0.3858,0.3871,0.3884,0.3897,0.391,0.3923,0.3927,0.393,0.3934,0.3938,0.3942,0.3946,0.395,0.3954,0.3958,0.3962,0.3966,0.397,0.3974,0.3978,0.398,0.3982,0.3983,0.3985,0.3986,0.3988,0.399,0.3991,0.3993,0.3995,0.3996,0.3998,0.4,0.4001,0.4003,0.4005,0.4006,0.4008,0.401,0.4011,0.4013,0.4015,0.4016,0.4018,0.402,0.4021,0.4023,0.4025,0.4026,0.4028,0.403,0.4031,0.4033,0.4035,0.4036,0.4038,0.4057,0.4076,0.4092,0.4107,0.4121,0.4136,0.4188,0.4659,0.4658,0.4657,0.4636,0.4615,0.4595,0.4588,0.4582,0.4576,0.457,0.4564,0.4558,0.4552,0.4559,0.4536,0.4513,0.449,0.4467,0.4445,0.4419,0.4389,0.436,0.4331,0.4303,0.4275,0.4271,0.4267,0.4263,0.426,0.4256,0.4252,0.4247,0.424,0.4234,0.4227,0.422,0.4213,0.4207,0.42,0.4193,0.4187,0.418,0.4184,0.4191,0.4197,0.4204,0.4211,0.4218,0.4225,0.4232,0.4239,0.4246,0.4254,0.4261,0.4268,0.4275,0.4282,0.4289,0.4297,0.4323,0.4319,0.4315,0.4312,0.4308,0.4305,0.4301,0.4297,0.4294,0.429,0.4287,0.4283,0.428,0.4276,0.4273,0.4269,0.4266,0.4262,0.4258,0.4254,0.425,0.4245,0.4241,0.4237,0.4233,0.4229,0.4224,0.422,0.4216,0.4212,0.4208,0.4204
0.4238,0.4239,0.4237,0.4232,0.4227,0.4222,0.4214,0.4205,0.4196,0.4184,0.4152,0.412,0.4089,0.406,0.4045,0.403,0.4018,0.4015,0.4013,0.401,0.4007,0.4004,0.4001,0.3998,0.3995,0.3992,0.399,0.3987,0.3984,0.3981,0.3978,0.3975,0.3973,0.397,0.3967,0.3964,0.3961,0.3959,0.3956,0.3953,0.395,0.3947,0.3945,0.3943,0.394,0.3495,0.3487,0.3478,0.3433,0.3431,0.3433,0.3436,0.3439,0.3442,0.3445,0.3448,0.3451,0.3454,0.3457,0.346,0.3463,0.347,0.3478,0.3486,0.3494,0.3503,0.3513,0.3527,0.3542,0.3557,0.3573,0.3588,0.3602,0.3603,0.3605,0.3607,0.3608,0.361,0.3611,0.3617,0.3626,0.3635,0.3644,0.3653,0.3662,0.3671,0.368,0.3681,0.3682,0.3683,0.3691,0.3716,0.3741,0.3753,0.3765,0.3778,0.3791,0.3803,0.3816,0.3829,0.3842,0.3855,0.3868,0.3881,0.3893,0.3906,0.3919,0.3928,0.3932,0.3936,0.3939,0.3943,0.3947,0.3951,0.3955,0.3959,0.3963,0.3967,0.3971,0.3974,0.3976,0.3978,0.3979,0.3981,0.3983,0.3984,0.3986,0.3988,0.3989,0.3991,0.3992,0.3994,0.3996,0.3997,0.3999,0.4001,0.4002,0.4004,0.4006,0.4007,0.4009,0.4011,0.4012,0.4014,0.4016,0.4017,0.4019,0.4021,0.4022,0.4024,0.4026,0.4027,0.4029,0.4031,0.4032,0.4034,0.4036,0.4037,0.4049,0.4069,0.4087,0.4102,0.4116,0.4131,0.4157,0.4657,0.4656,0.4655,0.4643,0.4622,0.4602,0.4592,0.4586,0.458,0.4574,0.4568,0.4562,0.4556,0.4558,0.4546,0.4523,0.45,0.4477,0.4455,0.4432,0.4402,0.4373,0.4344,0.4315,0.4287,0.4274,0.427,0.4266,0.4262,0.4259,0.4255,0.4251,0.4244,0.4237,0.4231,0.4224,0.4217,0.421,0.4204,0.4197,0.419,0.4184,0.4182,0.4188,0.4195,0.4202,0.4209,0.4216,0.4223,0.423,0.4237,0.4244,0.4251,0.4258,0.4266,0.4273,0.428,0.4287,0.4294,0.4322,0.432,0.4317,0.4313,0.431,0.4306,0.4303,0.4299,0.4295,0.4292,0.4288,0.4285,0.4281,0.4278,0.4274,0.4271,0.4267,0.4264,0.426,0.4256,0.4252,0.4248,0.4244,0.4239,0.4235,0.4231,0.4227,0.4223,0.4218,0.4214,0.421,0.4206
0.4240,0.4235,0.423,0.4225,0.4217,0.4208,0.4199,0.418,0.4148,0.4116,0.4085,0.4059,0.4043,0.4028,0.4022,0.4019,0.4016,0.4013,0.4011,0.4008,0.4005,0.4002,0.3999,0.3996,0.3993,0.399,0.3988,0.3985,0.3982,0.3979,0.3976,0.3973,0.3971,0.3968,0.3965,0.3962,0.3959,0.351,0.3501,0.3492,0.3484,0.3475,0.3467,0.3458,0.345,0.3441,0.3433,0.3426,0.3429,0.3432,0.3435,0.3438,0.3441,0.3444,0.3447,0.3451,0.3454,0.3457,0.346,0.3463,0.347,0.3478,0.3486,0.3494,0.3502,0.3511,0.3523,0.3538,0.3553,0.3568,0.3583,0.3599,0.3614,0.3621,0.3622,0.3624,0.3625,0.3627,0.3628,0.363,0.3634,0.3643,0.3652,0.3661,0.367,0.3679,0.3688,0.369,0.3691,0.3692,0.3709,0.3735,0.375,0.3763,0.3775,0.3788,0.38,0.3813,0.3826,0.3839,0.3852,0.3865,0.3877,0.389,0.3902,0.3915,0.3927,0.3933,0.3937,0.3941,0.3945,0.3949,0.3953,0.3957,0.3961,0.3965,0.3969,0.3971,0.3972,0.3974,0.3976,0.3977,0.3979,0.398,0.3982,0.3984,0.3985,0.3987,0.3989,0.399,0.3992,0.3994,0.3995,0.3997,0.3999,0.4,0.4002,0.4003,0.4005,0.4007,0.4008,0.401,0.4012,0.4013,0.4015,0.4017,0.4018,0.402,0.4022,0.4023,0.4025,0.4027,0.4028,0.403,0.4032,0.4033,0.4035,0.4037,0.4042,0.4061,0.4081,0.4097,0.4112,0.4126,0.4141,0.4654,0.4653,0.4652,0.4651,0.4629,0.4608,0.4595,0.4589,0.4583,0.4577,0.4571,0.4565,0.4559,0.4553,0.4556,0.4532,0.451,0.4487,0.4464,0.4442,0.4415,0.4385,0.4356,0.4327,0.4299,0.4276,0.4273,0.4269,0.4265,0.4261,0.4258,0.4254,0.4248,0.4241,0.4234,0.4227,0.4221,0.4214,0.4207,0.4201,0.4194,0.4187,0.4181,0.4186,0.4193,0.42,0.4207,0.4214,0.4221,0.4228,0.4235,0.4242,0.4249,0.4256,0.4263,0.4271,0.4278,0.4285,0.4292,0.4303,0.4322,0.4318,0.4315,0.4311,0.4308,0.4304,0.4301,0.4297,0.4293,0.429,0.4286,0.4283,0.4279,0.4276,0.4272,0.4269,0.4265,0.4262,0.4258,0.4254,0.425,0.4246,0.4242,0.4237,0.4233,0.4229,0.4225,0.4221,0.4216,0.4212,0.4208
0.4234,0.4229,0.422,0.4211,0.4202,0.4176,0.4144,0.4113,0.4082,0.4057,0.4042,0.4029,0.4026,0.4023,0.402,0.4017,0.4014,0.4011,0.4008,0.4006,0.4003,0.4,0.3997,0.3994,0.3991,0.3988,0.3986,0.3983,0.398,0.3524,0.3516,0.3507,0.3501,0.3494,0.3488,0.3482,0.3475,0.3469,0.3463,0.3457,0.3451,0.3445,0.3439,0.3433,0.3426,0.3428,0.3428,0.3429,0.3432,0.3435,0.3438,0.3441,0.3444,0.3447,0.345,0.3453,0.3456,0.3459,0.3462,0.3469,0.3477,0.3486,0.3494,0.3502,0.351,0.3518,0.3533,0.3548,0.3563,0.3579,0.3594,0.3609,0.3625,0.3638,0.3639,0.3641,0.3643,0.3644,0.3646,0.3647,0.3649,0.3651,0.366,0.3669,0.3678,0.3687,0.3696,0.37,0.3701,0.3703,0.3728,0.3747,0.376,0.3772,0.3785,0.3798,0.381,0.3823,0.3836,0.3848,0.3861,0.3873,0.3886,0.3898,0.3911,0.3923,0.3934,0.3938,0.3942,0.3946,0.395,0.3954,0.3958,0.3962,0.3965,0.3967,0.3968,0.397,0.3972,0.3973,0.3975,0.3977,0.3978,0.398,0.3982,0.3983,0.3985,0.3986,0.3988,0.399,0.3991,0.3993,0.3995,0.3996,0.3998,0.4,0.4001,0.4003,0.4005,0.4006,0.4008,0.401,0.4011,0.4013,0.4015,0.4016,0.4018,0.402,0.4021,0.4023,0.4025,0.4026,0.4028,0.403,0.4031,0.4033,0.4035,0.4036,0.4038,0.4053,0.4073,0.4092,0.4107,0.4121,0.4136,0.4175,0.4651,0.465,0.4649,0.4635,0.4615,0.4599,0.4593,0.4587,0.4581,0.4575,0.4569,0.4563,0.4557,0.4566,0.4542,0.4519,0.4497,0.4474,0.4452,0.4428,0.4398,0.4369,0.434,0.4311,0.4283,0.4275,0.4272,0.4268,0.4264,0.426,0.4257,0.4251,0.4245,0.4238,0.4231,0.4224,0.4218,0.4211,0.4204,0.4198,0.4191,0.4184,0.4184,0.4191,0.4198,0.4205,0.4212,0.4219,0.4226,0.4233,0.424,0.4247,0.4254,0.4261,0.4268,0.4275,0.4283,0.429,0.4297,0.4324,0.432,0.4316,0.4313,0.4309,0.4306,0.4302,0.4298,0.4295,0.4291,0.4288,0.4284,0.4281,0.4277,0.4274,0.427,0.4267,0.4263,0.426,0.4256,0.4252,0.4248,0.4244,0.424,0.4235,0.4231,0.4227,0.4223,0.4219,0.4215,0.421
0.4223,0.4214,0.4205,0.4172,0.414,0.4109,0.4078,0.4056,0.404,0.4033,0.403,0.4027,0.4024,0.4021,0.4018,0.4015,0.4012,0.4009,0.4006,0.4004,0.4001,0.3998,0.3995,0.3992,0.3989,0.3986,0.3522,0.3516,0.3509,0.3503,0.3497,0.349,0.3484,0.3478,0.3472,0.3465,0.3459,0.3453,0.3447,0.3441,0.3435,0.3429,0.3424,0.3429,0.3434,0.3431,0.3428,0.3431,0.3434,0.3437,0.344,0.3443,0.3446,0.3449,0.3452,0.3455,0.3459,0.3462,0.3469,0.3477,0.3485,0.3493,0.3502,0.351,0.3518,0.3528,0.3543,0.3559,0.3574,0.3589,0.3605,0.362,0.3636,0.3652,0.3657,0.3658,0.366,0.3662,0.3663,0.3665,0.3666,0.3668,0.367,0.3677,0.3686,0.3695,0.3704,0.371,0.3711,0.3721,0.3745,0.3757,0.377,0.3782,0.3795,0.3808,0.382,0.3832,0.3845,0.3857,0.3869,0.3882,0.3894,0.3907,0.3919,0.3932,0.3939,0.3943,0.3947,0.3951,0.3955,0.3959,0.3961,0.3963,0.3965,0.3966,0.3968,0.397,0.3971,0.3973,0.3974,0.3976,0.3978,0.3979,0.3981,0.3983,0.3984,0.3986,0.3987,0.3989,0.3991,0.3992,0.3994,0.3996,0.3997,0.3999,0.4001,0.4002,0.4004,0.4006,0.4007,0.4009,0.4011,0.4012,0.4014,0.4016,0.4017,0.4019,0.4021,0.4022,0.4024,0.4026,0.4027,0.4029,0.4031,0.4032,0.4034,0.4036,0.4037,0.4046,0.4065,0.4085,0.4102,0.4116,0.4131,0.4146,0.4648,0.4647,0.4646,0.4645,0.4621,0.4603,0.4597,0.4591,0.4585,0.4579,0.4573,0.4567,0.4561,0.4563,0.4552,0.4529,0.4506,0.4484,0.4461,0.4439,0.4411,0.4382,0.4353,0.4324,0.4296,0.4278,0.4274,0.4271,0.4267,0.4263,0.4259,0.4255,0.4248,0.4242,0.4235,0.4228,0.4221,0.4215,0.4208,0.4201,0.4195,0.4188,0.4182,0.4189,0.4196,0.4203,0.421,0.4217,0.4224,0.4231,0.4238,0.4245,0.4252,0.4259,0.4266,0.4273,0.428,0.4288,0.4295,0.4325,0.4321,0.4318,0.4314,0.4311,0.4307,0.4304,0.43,0.4296,0.4293,0.4289,0.4286,0.4282,0.4279,0.4275,0.4272,0.4268,0.4265,0.4261,0.4258,0.4254,0.425,0.4246,0.4242,0.4238,0.4234,0.4229,0.4225,0.4221,0.4217,0.4213
0.4201,0.4168,0.4136,0.4105,0.4074,0.4054,0.4039,0.4036,0.4033,0.403,0.4028,0.4025,0.4022,0.4019,0.4016,0.4013,0.401,0.4007,0.4004,0.4002,0.3999,0.3996,0.3993,0.399,0.3987,0.3512,0.3505,0.3499,0.3493,0.3486,0.348,0.3474,0.3468,0.3462,0.3455,0.3449,0.3443,0.3437,0.3431,0.3425,0.3426,0.3431,0.3435,0.3438,0.3435,0.3431,0.343,0.3433,0.3436,0.344,0.3443,0.3446,0.3449,0.3452,0.3455,0.3458,0.3461,0.3469,0.3477,0.3485,0.3493,0.3501,0.3509,0.3518,0.3526,0.3539,0.3554,0.3569,0.3584,0.36,0.3615,0.3631,0.3647,0.3663,0.3674,0.3676,0.3678,0.3679,0.3681,0.3683,0.3684,0.3686,0.3687,0.3689,0.3694,0.3703,0.3713,0.3719,0.372,0.3739,0.3754,0.3767,0.3779,0.3792,0.3804,0.3817,0.3829,0.3841,0.3853,0.3865,0.3878,0.389,0.3903,0.3915,0.3928,0.394,0.3944,0.3948,0.3952,0.3956,0.3958,0.3959,0.3961,0.3962,0.3964,0.3966,0.3967,0.3969,0.3971,0.3972,0.3974,0.3975,0.3977,0.3979,0.398,0.3982,0.3984,0.3985,0.3987,0.3989,0.399,0.3992,0.3994,0.3995,0.3997,0.3998,0.4,0.4002,0.4003,0.4005,0.4007,0.4008,0.401,0.4012,0.4013,0.4015,0.4017,0.4018,0.402,0.4022,0.4023,0.4025,0.4027,0.4028,0.403,0.4032,0.4033,0.4035,0.4037,0.4038,0.4057,0.4077,0.4096,0.4112,0.4126,0.4141,0.4194,0.4645,0.4644,0.4643,0.4628,0.4608,0.4601,0.4595,0.4589,0.4583,0.4577,0.4571,0.4565,0.4559,0.4563,0.4539,0.4516,0.4493,0.4471,0.4449,0.4424,0.4394,0.4365,0.4336,0.4308,0.4281,0.4277,0.4273,0.427,0.4266,0.4262,0.4258,0.4252,0.4245,0.4238,0.4232,0.4225,0.4218,0.4212,0.4205,0.4198,0.4192,0.4185,0.4187,0.4194,0.4201,0.4208,0.4215,0.4221,0.4228,0.4236,0.4243,0.425,0.4257,0.4264,0.4271,0.4278,0.4285,0.4293,0.4321,0.4323,0.4319,0.4316,0.4312,0.4309,0.4305,0.4302,0.4298,0.4294,0.4291,0.4287,0.4284,0.428,0.4277,0.4273,0.427,0.4266,0.4263,0.4259,0.4256,0.4252,0.4248,0.4244,0.424,0.4236,0.4232,0.4227,0.4223,0.4219,0.4215
0.4132,0.4101,0.407,0.4053,0.4043,0.404,0.4037,0.4034,0.4031,0.4028,0.4026,0.4023,0.402,0.4017,0.4014,0.4011,0.4008,0.4005,0.4002,0.4,0.3997,0.3994,0.3991,0.3508,0.3501,0.3495,0.3489,0.3483,0.3476,0.347,0.3464,0.3458,0.3452,0.3446,0.3439,0.3433,0.3427,0.3422,0.3427,0.3432,0.3437,0.3441,0.3442,0.3438,0.3434,0.3431,0.3433,0.3436,0.3439,0.3442,0.3445,0.3448,0.3451,0.3454,0.3457,0.346,0.3468,0.3476,0.3485,0.3493,0.3501,0.3509,0.3517,0.3526,0.3534,0.3549,0.3564,0.358,0.3595,0.3611,0.3626,0.3642,0.3658,0.3674,0.369,0.3694,0.3695,0.3697,0.3699,0.37,0.3702,0.3704,0.3705,0.3707,0.3709,0.3712,0.3721,0.3729,0.3732,0.3752,0.3764,0.3777,0.3789,0.3801,0.3813,0.3825,0.3837,0.3849,0.3861,0.3874,0.3886,0.3899,0.3911,0.3924,0.3937,0.3945,0.3949,0.3952,0.3954,0.3955,0.3957,0.3959,0.396,0.3962,0.3964,0.3965,0.3967,0.3968,0.397,0.3972,0.3973,0.3975,0.3977,0.3978,0.398,0.3981,0.3983,0.3985,0.3986,0.3988,0.399,0.3991,0.3993,0.3995,0.3996,0.3998,0.4,0.4001,0.4003,0.4004,0.4006,0.4008,0.4009,0.4011,0.4013,0.4014,0.4016,0.4018,0.4019,0.4021,0.4023,0.4024,0.4026,0.4028,0.4029,0.4031,0.4033,0.4035,0.4036,0.4038,0.405,0.4069,0.4089,0.4107,0.4121,0.4136,0.4162,0.4633,0.4642,0.4641,0.4637,0.4614,0.4605,0.4599,0.4593,0.4587,0.4581,0.4575,0.4569,0.4563,0.4573,0.4549,0.4526,0.4503,0.4481,0.4458,0.4436,0.4407,0.4378,0.4349,0.432,0.4292,0.428,0.4276,0.4272,0.4269,0.4265,0.4261,0.4256,0.4249,0.4242,0.4235,0.4229,0.4222,0.4215,0.4209,0.4202,0.4195,0.4189,0.4185,0.4192,0.4198,0.4205,0.4212,0.4219,0.4226,0.4233,0.424,0.4247,0.4255,0.4262,0.4269,0.4276,0.4283,0.429,0.4302,0.4325,0.4321,0.4317,0.4314,0.431,0.4307,0.4303,0.4299,0.4296,0.4292,0.4289,0.4285,0.4282,0.4278,0.4275,0.4271,0.4268,0.4264,0.4261,0.4257,0.4254,0.425,0.4246,0.4242,0.4238,0.4234,0.423,0.4225,0.4221,0.4217
0.4067,0.4051,0.4047,0.4044,0.4041,0.4038,0.4035,0.4032,0.4029,0.4026,0.4023,0.4021,0.4018,0.4015,0.4012,0.4009,0.4006,0.4003,0.4,0.3998,0.3995,0.3992,0.3497,0.3491,0.3485,0.3479,0.3472,0.3466,0.346,0.3454,0.3448,0.3442,0.3436,0.343,0.3424,0.3424,0.3429,0.3433,0.3438,0.3443,0.3448,0.3445,0.3442,0.3438,0.3434,0.3432,0.3435,0.3438,0.3441,0.3444,0.3448,0.3451,0.3454,0.3457,0.346,0.3468,0.3476,0.3484,0.3492,0.3501,0.3509,0.3517,0.3525,0.3534,0.3544,0.356,0.3575,0.359,0.3606,0.3621,0.3637,0.3653,0.3669,0.3685,0.3702,0.3712,0.3713,0.3715,0.3717,0.3718,0.372,0.3722,0.3723,0.3725,0.3727,0.3728,0.373,0.3738,0.3749,0.3761,0.3773,0.3785,0.3797,0.3809,0.3821,0.3833,0.3845,0.3858,0.387,0.3882,0.3895,0.3907,0.392,0.3933,0.3946,0.3948,0.395,0.3952,0.3953,0.3955,0.3956,0.3958,0.396,0.3961,0.3963,0.3965,0.3966,0.3968,0.3969,0.3971,0.3973,0.3974,0.3976,0.3978,0.3979,0.3981,0.3983,0.3984,0.3986,0.3987,0.3989,0.3991,0.3992,0.3994,0.3996,0.3997,0.3999,0.4001,0.4002,0.4004,0.4006,0.4007,0.4009,0.4011,0.4012,0.4014,0.4016,0.4017,0.4019,0.4021,0.4022,0.4024,0.4026,0.4027,0.4029,0.4031,0.4032,0.4034,0.4036,0.4037,0.4042,0.4061,0.4081,0.4101,0.4116,0.4131,0.4146,0.4618,0.4632,0.4638,0.4637,0.4621,0.4609,0.4603,0.4597,0.4591,0.4585,0.4578,0.4572,0.4566,0.4568,0.4559,0.4536,0.4513,0.449,0.4468,0.4445,0.442,0.4391,0.4362,0.4333,0.4304,0.4283,0.4279,0.4275,0.4271,0.4268,0.4264,0.4259,0.4253,0.4246,0.4239,0.4232,0.4226,0.4219,0.4212,0.4205,0.4199,0.4192,0.4186,0.4189,0.4196,0.4203,0.421,0.4217,0.4224,0.4231,0.4238,0.4245,0.4252,0.4259,0.4267,0.4274,0.4281,0.4288,0.4295,0.4326,0.4322,0.4319,0.4315,0.4312,0.4308,0.4305,0.4301,0.4297,0.4294,0.429,0.4287,0.4283,0.428,0.4276,0.4273,0.4269,0.4266,0.4262,0.4259,0.4255,0.4252,0.4248,0.4245,0.424,0.4236,0.4232,0.4228,0.4224,0.4219
0.4051,0.4048,0.4045,0.4042,0.4039,0.4036,0.4033,0.403,0.4027,0.4024,0.4021,0.4019,0.4016,0.4013,0.401,0.4007,0.4004,0.4001,0.3998,0.3996,0.3993,0.3487,0.3481,0.3475,0.3469,0.3462,0.3456,0.345,0.3444,0.3438,0.3432,0.3426,0.3421,0.3425,0.343,0.3435,0.344,0.3444,0.3449,0.3453,0.3449,0.3445,0.3441,0.3438,0.3434,0.3435,0.3438,0.3441,0.3444,0.3447,0.345,0.3453,0.3456,0.346,0.3468,0.3476,0.3484,0.3492,0.35,0.3508,0.3517,0.3525,0.3533,0.3542,0.3555,0.357,0.3585,0.3601,0.3617,0.3632,0.3648,0.3664,0.368,0.3697,0.3713,0.373,0.3732,0.3733,0.3735,0.3737,0.3738,0.374,0.3742,0.3743,0.3745,0.3747,0.3748,0.375,0.3761,0.3773,0.3786,0.3799,0.3812,0.3825,0.3838,0.3851,0.3865,0.3878,0.3892,0.3905,0.3919,0.3933,0.3943,0.3944,0.3946,0.3948,0.3949,0.3951,0.3953,0.3954,0.3956,0.3958,0.3959,0.3961,0.3962,0.3964,0.3966,0.3967,0.3969,0.3971,0.3972,0.3974,0.3975,0.3977,0.3979,0.398,0.3982,0.3984,0.3985,0.3987,0.3989,0.399,0.3992,0.3993,0.3995,0.3997,0.3998,0.4,0.4002,0.4003,0.4005,0.4007,0.4008,0.401,0.4012,0.4013,0.4015,0.4017,0.4018,0.402,0.4022,0.4023,0.4025,0.4027,0.4028,0.403,0.4032,0.4033,0.4035,0.4037,0.4038,0.4054,0.4073,0.4093,0.4112,0.4126,0.4141,0.4181,0.4617,0.4631,0.4635,0.4627,0.4613,0.4607,0.46,0.4594,0.4588,0.4582,0.4576,0.457,0.4564,0.4569,0.4546,0.4523,0.45,0.4477,0.4455,0.4433,0.4404,0.4374,0.4345,0.4317,0.4289,0.4282,0.4278,0.4274,0.427,0.4267,0.4263,0.4256,0.425,0.4243,0.4236,0.4229,0.4222,0.4216,0.4209,0.4202,0.4196,0.4189,0.4187,0.4194,0.4201,0.4208,0.4215,0.4222,0.4229,0.4236,0.4243,0.425,0.4257,0.4264,0.4272,0.4279,0.4286,0.4293,0.4328,0.4324,0.432,0.4317,0.4313,0.431,0.4306,0.4303,0.4299,0.4295,0.4292,0.4288,0.4285,0.4281,0.4278,0.4274,0.4271,0.4267,0.4264,0.426,0.4257,0.4253,0.425,0.4246,0.4243,0.4238,0.4234,0.423,0.4226,0.4222
0.4049,0.4046,0.4043,0.404,0.4037,0.4034,0.4031,0.4028,0.4025,0.4022,0.4019,0.4017,0.4014,0.4011,0.4008,0.4005,0.4002,0.3999,0.3996,0.3483,0.3477,0.3471,0.3465,0.3459,0.3452,0.3446,0.344,0.3434,0.3428,0.3422,0.3422,0.3427,0.3431,0.3436,0.3441,0.3446,0.3451,0.3455,0.3456,0.3452,0.3449,0.3445,0.3441,0.3437,0.3434,0.3437,0.344,0.3443,0.3446,0.3449,0.3452,0.3456,0.3459,0.3467,0.3475,0.3484,0.3492,0.35,0.3508,0.3516,0.3525,0.3533,0.3541,0.355,0.3565,0.3581,0.3596,0.3612,0.3627,0.3643,0.3659,0.3675,0.3692,0.3708,0.3724,0.3741,0.375,0.3752,0.3753,0.3755,0.3757,0.3758,0.376,0.3762,0.3763,0.3765,0.3767,0.3775,0.3788,0.3801,0.3813,0.3827,0.384,0.3853,0.3866,0.388,0.3893,0.3907,0.392,0.3934,0.394,0.3941,0.3942,0.3943,0.3945,0.3946,0.3948,0.395,0.3952,0.3954,0.3955,0.3957,0.3959,0.396,0.3962,0.3963,0.3965,0.3967,0.3968,0.397,0.3972,0.3973,0.3975,0.3976,0.3978,0.398,0.3981,0.3983,0.3985,0.3986,0.3988,0.399,0.3991,0.3993,0.3995,0.3996,0.3998,0.3999,0.4001,0.4003,0.4004,0.4006,0.4008,0.4009,0.4011,0.4013,0.4014,0.4016,0.4018,0.4019,0.4021,0.4023,0.4024,0.4026,0.4028,0.4029,0.4031,0.4033,0.4034,0.4036,0.4038,0.4046,0.4065,0.4085,0.4105,0.4121,0.4136,0.4151,0.4602,0.4616,0.463,0.4632,0.4617,0.461,0.4604,0.4598,0.4592,0.4586,0.458,0.4574,0.4568,0.458,0.4556,0.4533,0.451,0.4487,0.4465,0.4442,0.4417,0.4387,0.4358,0.4329,0.4301,0.4284,0.4281,0.4277,0.4273,0.4269,0.4266,0.426,0.4253,0.4246,0.424,0.4233,0.4226,0.4219,0.4213,0.4206,0.4199,0.4193,0.4186,0.4192,0.4199,0.4206,0.4213,0.422,0.4227,0.4234,0.4241,0.4248,0.4255,0.4262,0.4269,0.4277,0.4284,0.4291,0.432,0.4326,0.4322,0.4318,0.4315,0.4311,0.4308,0.4304,0.43,0.4297,0.4293,0.429,0.4286,0.4283,0.4279,0.4276,0.4272,0.4269,0.4265,0.4262,0.4258,0.4255,0.4251,0.4248,0.4244,0.4241,0.4236,0.4232,0.4228,0.4224
0.4046,0.4044,0.4041,0.4038,0.4035,0.4032,0.4029,0.4026,0.4023,0.402,0.4017,0.4014,0.4012,0.4009,0.4006,0.4003,0.4,0.3997,0.3473,0.3467,0.3461,0.3455,0.3449,0.3443,0.3436,0.343,0.3424,0.3419,0.3423,0.3428,0.3433,0.3438,0.3442,0.3447,0.3452,0.3457,0.3462,0.346,0.3456,0.3452,0.3448,0.3445,0.3441,0.3437,0.3437,0.344,0.3443,0.3446,0.3449,0.3452,0.3455,0.3459,0.3467,0.3475,0.3483,0.3491,0.35,0.3508,0.3516,0.3524,0.3533,0.3541,0.3549,0.3561,0.3576,0.3591,0.3607,0.3622,0.3638,0.3654,0.367,0.3686,0.3703,0.3719,0.3736,0.3753,0.3768,0.377,0.3772,0.3773,0.3775,0.3777,0.3779,0.378,0.3782,0.3784,0.3792,0.3802,0.3815,0.3828,0.3841,0.3854,0.3868,0.3881,0.3895,0.3908,0.3922,0.3935,0.3936,0.3937,0.3939,0.394,0.3941,0.3942,0.3943,0.3945,0.3947,0.3949,0.3951,0.3953,0.3955,0.3956,0.3958,0.396,0.3961,0.3963,0.3965,0.3966,0.3968,0.3969,0.3971,0.3973,0.3974,0.3976,0.3978,0.3979,0.3981,0.3982,0.3984,0.3986,0.3987,0.3989,0.3991,0.3992,0.3994,0.3996,0.3997,0.3999,0.4001,0.4002,0.4004,0.4006,0.4007,0.4009,0.401,0.4012,0.4014,0.4015,0.4017,0.4019,0.402,0.4022,0.4024,0.4025,0.4027,0.4029,0.4031,0.4032,0.4034,0.4036,0.4037,0.4039,0.4058,0.4077,0.4097,0.4116,0.4131,0.4146,0.4587,0.4601,0.4615,0.4629,0.462,0.4614,0.4608,0.4602,0.4596,0.459,0.4584,0.4578,0.4572,0.4574,0.4566,0.4543,0.452,0.4497,0.4474,0.4452,0.443,0.44,0.4371,0.4342,0.4313,0.4287,0.4283,0.428,0.4276,0.4272,0.4268,0.4264,0.4257,0.425,0.4243,0.4237,0.423,0.4223,0.4216,0.421,0.4203,0.4196,0.419,0.419,0.4197,0.4204,0.4211,0.4218,0.4225,0.4232,0.4239,0.4246,0.4253,0.426,0.4267,0.4274,0.4281,0.4289,0.4301,0.4327,0.4324,0.432,0.4316,0.4313,0.4309,0.4306,0.4302,0.4298,0.4295,0.4291,0.4288,0.4284,0.4281,0.4277,0.4274,0.427,0.4267,0.4263,0.426,0.4256,0.4253,0.4249,0.4246,0.4242,0.4239,0.4234,0.423,0.4226
0.4044,0.4041,0.4039,0.4036,0.4033,0.403,0.4027,0.4024,0.4021,0.4018,0.4015,0.4012,0.401,0.4007,0.4004,0.4001,0.3469,0.3463,0.3457,0.3451,0.3445,0.3439,0.3433,0.3427,0.3421,0.342,0.3425,0.3429,0.3434,0.3439,0.3444,0.3449,0.3453,0.3458,0.3463,0.3467,0.3463,0.3459,0.3456,0.3452,0.3448,0.3444,0.3441,0.3437,0.3439,0.3442,0.3445,0.3448,0.3451,0.3454,0.3459,0.3467,0.3475,0.3483,0.3491,0.3499,0.3507,0.3516,0.3524,0.3532,0.3541,0.3549,0.3558,0.3571,0.3587,0.3602,0.3618,0.3633,0.3649,0.3665,0.3681,0.3698,0.3714,0.3731,0.3748,0.3764,0.3781,0.3789,0.379,0.3792,0.3794,0.3796,0.3797,0.3799,0.3801,0.381,0.3819,0.383,0.3843,0.3856,0.3869,0.3883,0.3896,0.391,0.3924,0.3931,0.3933,0.3934,0.3935,0.3936,0.3937,0.3939,0.394,0.3941,0.3942,0.3944,0.3946,0.3948,0.395,0.3952,0.3953,0.3955,0.3957,0.3959,0.3961,0.3962,0.3964,0.3966,0.3967,0.3969,0.397,0.3972,0.3974,0.3975,0.3977,0.3979,0.398,0.3982,0.3984,0.3985,0.3987,0.3988,0.399,0.3992,0.3993,0.3995,0.3997,0.3998,0.4,0.4002,0.4003,0.4005,0.4007,0.4008,0.401,0.4012,0.4013,0.4015,0.4017,0.4018,0.402,0.4022,0.4023,0.4025,0.4027,0.4028,0.403,0.4032,0.4033,0.4035,0.4037,0.4038,0.405,0.4069,0.4089,0.4109,0.4126,0.4141,0.4168,0.4586,0.46,0.4614,0.4626,0.4618,0.4612,0.4606,0.46,0.4594,0.4588,0.4582,0.4576,0.457,0.4576,0.4553,0.453,0.4507,0.4484,0.4462,0.4439,0.4413,0.4383,0.4354,0.4326,0.4297,0.4286,0.4282,0.4279,0.4275,0.4271,0.4267,0.4261,0.4254,0.4247,0.424,0.4233,0.4227,0.422,0.4213,0.4207,0.42,0.4193,0.4188,0.4195,0.4202,0.4209,0.4215,0.4222,0.4229,0.4237,0.4244,0.4251,0.4258,0.4265,0.4272,0.4279,0.4286,0.4294,0.4329,0.4325,0.4321,0.4318,0.4314,0.4311,0.4307,0.4304,0.43,0.4296,0.4293,0.4289,0.4286,0.4282,0.4279,0.4275,0.4272,0.4268,0.4265,0.4261,0.4258,0.4254,0.4251,0.4247,0.4244,0.424,0.4237,0.4233,0.4228
0.4045,0.4042,0.4039,0.4036,0.4033,0.4031,0.4028,0.4025,0.4022,0.4019,0.4016,0.4013,0.401,0.4007,0.3553,0.3459,0.3453,0.3447,0.3441,0.3435,0.3429,0.3423,0.3417,0.3421,0.3426,0.3431,0.3436,0.344,0.3445,0.345,0.3455,0.346,0.3464,0.3469,0.347,0.3467,0.3463,0.3459,0.3455,0.3452,0.3448,0.3444,0.344,0.3438,0.3441,0.3445,0.3448,0.3451,0.3454,0.3458,0.3466,0.3474,0.3482,0.3491,0.3499,0.3507,0.3515,0.3524,0.3532,0.354,0.3549,0.3557,0.3566,0.3582,0.3597,0.3613,0.3628,0.3644,0.366,0.3676,0.3693,0.3709,0.3726,0.3742,0.3759,0.3776,0.3793,0.3808,0.3809,0.3811,0.3813,0.3815,0.3816,0.3818,0.3827,0.3836,0.3845,0.3857,0.3871,0.3884,0.3898,0.3911,0.3925,0.3928,0.3929,0.393,0.3931,0.3933,0.3934,0.3935,0.3936,0.3937,0.3939,0.394,0.3941,0.3943,0.3945,0.3947,0.3949,0.395,0.3952,0.3954,0.3956,0.3958,0.396,0.3961,0.3963,0.3965,0.3967,0.3968,0.397,0.3972,0.3973,0.3975,0.3976,0.3978,0.398,0.3981,0.3983,0.3985,0.3986,0.3988,0.399,0.3991,0.3993,0.3994,0.3996,0.3998,0.3999,0.4001,0.4003,0.4004,0.4006,0.4008,0.4009,0.4011,0.4013,0.4014,0.4016,0.4018,0.4019,0.4021,0.4023,0.4024,0.4026,0.4028,0.4029,0.4031,0.4033,0.4034,0.4036,0.4038,0.4042,0.4062,0.4081,0.4101,0.4121,0.4136,0.4151,0.4572,0.4585,0.4599,0.4621,0.4622,0.4616,0.461,0.4604,0.4598,0.4592,0.4586,0.458,0.4574,0.4587,0.4563,0.454,0.4517,0.4494,0.4471,0.4449,0.4426,0.4396,0.4367,0.4338,0.431,0.4289,0.4285,0.4281,0.4278,0.4274,0.427,0.4264,0.4258,0.4251,0.4244,0.4237,0.423,0.4224,0.4217,0.421,0.4204,0.4197,0.419,0.4193,0.4199,0.4206,0.4213,0.422,0.4227,0.4234,0.4241,0.4248,0.4256,0.4263,0.427,0.4277,0.4284,0.4291,0.433,0.4327,0.4323,0.4319,0.4316,0.4312,0.4309,0.4305,0.4301,0.4298,0.4294,0.4291,0.4287,0.4284,0.428,0.4277,0.4273,0.427,0.4266,0.4263,0.4259,0.4256,0.4252,0.4249,0.4245,0.4242,0.4238,0.4235,0.4231
0.4046,0.4043,0.404,0.4037,0.4034,0.4031,0.4029,0.4026,0.4023,0.402,0.4017,0.356,0.3543,0.3527,0.3449,0.3443,0.3437,0.3431,0.3425,0.3419,0.3418,0.3423,0.3427,0.3432,0.3437,0.3442,0.3447,0.3451,0.3456,0.3461,0.3466,0.3471,0.3476,0.3474,0.347,0.3466,0.3463,0.3459,0.3455,0.3451,0.3448,0.3444,0.344,0.3441,0.3444,0.3447,0.345,0.3453,0.3458,0.3466,0.3474,0.3482,0.349,0.3498,0.3507,0.3515,0.3523,0.3532,0.354,0.3548,0.3557,0.3565,0.3577,0.3592,0.3608,0.3624,0.3639,0.3655,0.3671,0.3688,0.3704,0.372,0.3737,0.3754,0.3771,0.3788,0.3805,0.3823,0.3828,0.383,0.3832,0.3834,0.3836,0.3845,0.3854,0.3863,0.3872,0.3886,0.3899,0.3913,0.3923,0.3924,0.3925,0.3927,0.3928,0.3929,0.393,0.3931,0.3933,0.3934,0.3935,0.3936,0.3937,0.3939,0.394,0.3942,0.3944,0.3946,0.3947,0.3949,0.3951,0.3953,0.3955,0.3957,0.3958,0.396,0.3962,0.3964,0.3966,0.3968,0.3969,0.3971,0.3973,0.3974,0.3976,0.3978,0.3979,0.3981,0.3982,0.3984,0.3986,0.3987,0.3989,0.3991,0.3992,0.3994,0.3996,0.3997,0.3999,0.4001,0.4002,0.4004,0.4005,0.4007,0.4009,0.401,0.4012,0.4014,0.4015,0.4017,0.4019,0.402,0.4022,0.4024,0.4025,0.4027,0.4029,0.403,0.4032,0.4034,0.4035,0.4037,0.4039,0.4054,0.4073,0.4093,0.4113,0.4131,0.4146,0.454,0.457,0.4598,0.4627,0.4626,0.462,0.4614,0.4608,0.4602,0.4596,0.4589,0.4583,0.4577,0.4579,0.4573,0.455,0.4527,0.4504,0.4481,0.4459,0.4436,0.4409,0.438,0.4351,0.4322,0.4294,0.4288,0.4284,0.428,0.4277,0.4273,0.4268,0.4261,0.4254,0.4248,0.4241,0.4234,0.4227,0.4221,0.4214,0.4207,0.4201,0.4194,0.419,0.4197,0.4204,0.4211,0.4218,0.4225,0.4232,0.4239,0.4246,0.4253,0.426,0.4268,0.4275,0.4282,0.4289,0.432,0.4328,0.4325,0.4321,0.4317,0.4314,0.431,0.4307,0.4303,0.4299,0.4296,0.4292,0.4289,0.4285,0.4282,0.4278,0.4275,0.4271,0.4268,0.4264,0.4261,0.4257,0.4254,0.425,0.4247,0.4243,0.424,0.4236,0.4233
0.4047,0.4044,0.4041,0.4038,0.4035,0.4032,0.4029,0.4027,0.3567,0.355,0.3534,0.3517,0.3446,0.344,0.3434,0.3427,0.3421,0.3415,0.3419,0.3424,0.3429,0.3434,0.3438,0.3443,0.3448,0.3453,0.3458,0.3462,0.3467,0.3472,0.3477,0.3481,0.3477,0.3474,0.347,0.3466,0.3462,0.3459,0.3455,0.3451,0.3447,0.3444,0.344,0.3443,0.3446,0.3449,0.3453,0.3458,0.3466,0.3474,0.3482,0.349,0.3498,0.3506,0.3515,0.3523,0.3531,0.354,0.3548,0.3556,0.3565,0.3574,0.3588,0.3603,0.3619,0.3634,0.365,0.3666,0.3683,0.3699,0.3715,0.3732,0.3749,0.3766,0.3783,0.38,0.3817,0.3835,0.3848,0.385,0.3851,0.3854,0.3863,0.3872,0.3881,0.3891,0.3901,0.3915,0.392,0.3921,0.3922,0.3923,0.3924,0.3925,0.3927,0.3928,0.3929,0.393,0.3931,0.3933,0.3934,0.3935,0.3936,0.3937,0.3939,0.3941,0.3943,0.3944,0.3946,0.3948,0.395,0.3952,0.3954,0.3955,0.3957,0.3959,0.3961,0.3963,0.3965,0.3967,0.3969,0.397,0.3972,0.3974,0.3975,0.3977,0.3979,0.398,0.3982,0.3983,0.3985,0.3987,0.3988,0.399,0.3992,0.3993,0.3995,0.3997,0.3998,0.4,0.4002,0.4003,0.4005,0.4007,0.4008,0.401,0.4012,0.4013,0.4015,0.4017,0.4018,0.402,0.4022,0.4023,0.4025,0.4027,0.4028,0.403,0.4032,0.4033,0.4035,0.4037,0.4038,0.4046,0.4066,0.4085,0.4105,0.4125,0.4141,0.4156,0.4574,0.4604,0.4633,0.4663,0.4624,0.4618,0.4612,0.4605,0.4599,0.4593,0.4587,0.4581,0.4575,0.4583,0.456,0.4537,0.4514,0.4491,0.4468,0.4446,0.4422,0.4393,0.4363,0.4335,0.4306,0.4291,0.4287,0.4283,0.4279,0.4276,0.4272,0.4265,0.4258,0.4251,0.4245,0.4238,0.4231,0.4224,0.4218,0.4211,0.4204,0.4198,0.4191,0.4195,0.4202,0.4209,0.4216,0.4223,0.423,0.4237,0.4244,0.4251,0.4258,0.4265,0.4273,0.428,0.4287,0.4301,0.433,0.4326,0.4322,0.4319,0.4315,0.4312,0.4308,0.4305,0.4301,0.4297,0.4294,0.429,0.4287,0.4283,0.428,0.4276,0.4273,0.4269,0.4266,0.4262,0.4259,0.4255,0.4252,0.4248,0.4245,0.4241,0.4238,0.4234
0.4047,0.4045,0.4042,0.4039,0.4036,0.3574,0.3557,0.354,0.3524,0.3507,0.3491,0.3436,0.343,0.3424,0.3418,0.3416,0.3421,0.3426,0.343,0.3435,0.344,0.3445,0.3449,0.3454,0.3459,0.3464,0.3469,0.3474,0.3479,0.3483,0.3485,0.3481,0.3477,0.3473,0.347,0.3466,0.3462,0.3458,0.3455,0.3451,0.3447,0.3443,0.3443,0.3446,0.3449,0.3452,0.3457,0.3465,0.3473,0.3481,0.349,0.3498,0.3506,0.3514,0.3523,0.3531,0.3539,0.3548,0.3556,0.3565,0.3573,0.3583,0.3598,0.3614,0.363,0.3645,0.3661,0.3678,0.3694,0.371,0.3727,0.3743,0.376,0.3777,0.3795,0.3812,0.3829,0.3847,0.3865,0.3869,0.3872,0.3881,0.389,0.39,0.3909,3.2983,0.3916,0.3917,0.3918,0.392,0.3921,0.3922,0.3923,0.3924,0.3925,0.3927,0.3928,0.3929,0.393,0.3931,0.3933,0.3934,0.3935,0.3936,0.3938,0.394,0.3941,0.3943,0.3945,0.3947,0.3949,0.3951,0.3953,0.3954,0.3956,0.3958,0.396,0.3962,0.3964,0.3965,0.3967,0.3969,0.3971,0.3973,0.3975,0.3976,0.3978,0.398,0.3981,0.3983,0.3985,0.3986,0.3988,0.3989,0.3991,0.3993,0.3994,0.3996,0.3998,0.3999,0.4001,0.4003,0.4004,0.4006,0.4008,0.4009,0.4011,0.4013,0.4014,0.4016,0.4018,0.4019,0.4021,0.4023,0.4024,0.4026,0.4028,0.4029,0.4031,0.4033,0.4034,0.4036,0.4038,0.4039,0.4058,0.4077,0.4097,0.4117,0.4136,0.4151,0.4572,0.4605,0.4639,0.4669,0.4628,0.4622,0.4615,0.4609,0.4603,0.4597,0.4591,0.4585,0.4579,0.4593,0.457,0.4547,0.4523,0.4501,0.4478,0.4456,0.4433,0.4406,0.4376,0.4347,0.4318,0.4294,0.429,0.4286,0.4282,0.4278,0.4275,0.4269,0.4262,0.4255,0.4248,0.4241,0.4235,0.4228,0.4221,0.4214,0.4208,0.4201,0.4194,0.4193,0.42,0.4207,0.4214,0.4221,0.4228,0.4235,0.4242,0.4249,0.4256,0.4263,0.427,0.4278,0.4285,0.4292,0.4331,0.4328,0.4324,0.432,0.4317,0.4313,0.431,0.4306,0.4302,0.4299,0.4295,0.4292,0.4288,0.4285,0.4281,0.4278,0.4274,0.4271,0.4267,0.4264,0.426,0.4257,0.4253,0.425,0.4246,0.4243,0.4239,0.4236
0.4044,0.4042,0.3581,0.3564,0.3547,0.353,0.3514,0.3498,0.3481,0.3432,0.3426,0.342,0.3414,0.3417,0.3422,0.3427,0.3432,0.3436,0.3441,0.3446,0.3451,0.3456,0.346,0.3465,0.347,0.3475,0.348,0.3485,0.349,0.3488,0.3484,0.3481,0.3477,0.3473,0.3469,0.3466,0.3462,0.3458,0.3454,0.3451,0.3447,0.3443,0.3445,0.3448,0.3451,0.3457,0.3465,0.3473,0.3481,0.3489,0.3497,0.3506,0.3514,0.3522,0.3531,0.3539,0.3547,0.3556,0.3564,0.3573,0.3581,0.3593,0.3609,0.3625,0.364,0.3656,0.3673,0.3689,0.3705,0.3722,0.3738,0.3755,0.3772,0.3789,0.3806,0.3824,0.3842,0.3859,0.3877,0.389,0.3898,0.3905,0.3912,3.2747,3.2267,3.18,3.1347,0.3916,0.3917,0.3918,0.392,0.3921,0.3922,0.3923,0.3924,0.3925,0.3927,0.3928,0.3929,0.393,0.3931,0.3933,0.3934,0.3935,0.3937,0.3938,0.394,0.3942,0.3944,0.3946,0.3948,0.395,0.3951,0.3953,0.3955,0.3957,0.3959,0.3961,0.3962,0.3964,0.3966,0.3968,0.397,0.3972,0.3974,0.3976,0.3977,0.3979,0.3981,0.3982,0.3984,0.3986,0.3987,0.3989,0.3991,0.3992,0.3994,0.3996,0.3997,0.3999,0.4,0.4002,0.4004,0.4005,0.4007,0.4009,0.401,0.4012,0.4014,0.4015,0.4017,0.4019,0.402,0.4022,0.4024,0.4025,0.4027,0.4029,0.403,0.4032,0.4034,0.4035,0.4037,0.4039,0.405,0.407,0.4089,0.4109,0.4129,0.4146,0.4174,0.4602,0.4636,0.467,0.4641,0.4626,0.4619,0.4613,0.4607,0.4601,0.4595,0.4589,0.4583,0.4584,0.458,0.4557,0.4533,0.451,0.4488,0.4465,0.4443,0.4418,0.4389,0.436,0.4331,0.4303,0.4293,0.4289,0.4285,0.4281,0.4277,0.4272,0.4266,0.4259,0.4252,0.4245,0.4238,0.4232,0.4225,0.4218,0.4211,0.4205,0.4198,0.4191,0.4198,0.4205,0.4212,0.4219,0.4226,0.4233,0.424,0.4247,0.4254,0.4261,0.4268,0.4275,0.4282,0.429,0.4333,0.4329,0.4326,0.4322,0.4318,0.4315,0.4311,0.4308,0.4304,0.43,0.4297,0.4293,0.429,0.4286,0.4283,0.4279,0.4276,0.4272,0.4269,0.4265,0.4262,0.4258,0.4255,0.4251,0.4248,0.4244,0.4241,0.4237
0.3571,0.3554,0.3537,0.3521,0.3504,0.3488,0.3472,0.3456,0.3422,0.3416,0.3414,0.3419,0.3424,0.3428,0.3433,0.3438,0.3443,0.3447,0.3452,0.3457,0.3462,0.3467,0.3472,0.3477,0.3481,0.3486,0.3491,0.3496,0.3492,0.3488,0.3484,0.348,0.3477,0.3473,0.3469,0.3465,0.3462,0.3458,0.3454,0.345,0.3447,0.3445,0.3448,0.3451,0.3457,0.3465,0.3473,0.3481,0.3489,0.3497,0.3505,0.3514,0.3522,0.353,0.3539,0.3547,0.3555,0.3564,0.3572,0.3581,0.359,0.3604,0.362,0.3636,0.3651,0.3668,0.3684,0.37,0.3716,0.3733,0.375,0.3767,0.3784,0.3801,0.3818,0.384,0.3864,0.3889,0.39,0.3907,3.3003,3.2514,3.2041,3.158,3.1133,3.0699,3.0275,0.3915,0.3916,0.3917,0.3918,0.392,0.3921,0.3922,0.3923,0.3924,0.3925,0.3927,0.3928,0.3929,0.393,0.3931,0.3933,0.3934,0.3935,0.3937,0.3939,0.3941,0.3943,0.3945,0.3947,0.3948,0.395,0.3952,0.3954,0.3956,0.3958,0.3959,0.3961,0.3963,0.3965,0.3967,0.3969,0.3971,0.3973,0.3974,0.3976,0.3978,0.398,0.3982,0.3983,0.3985,0.3987,0.3988,0.399,0.3992,0.3993,0.3995,0.3997,0.3998,0.4,0.4002,0.4003,0.4005,0.4006,0.4008,0.401,0.4011,0.4013,0.4015,0.4016,0.4018,0.402,0.4021,0.4023,0.4025,0.4026,0.4028,0.403,0.4032,0.4033,0.4035,0.4037,0.4038,0.4043,0.4062,0.4082,0.4101,0.4121,0.4141,0.4156,0.46,0.4633,0.4668,0.4692,0.463,0.4623,0.4617,0.4611,0.4605,0.4599,0.4593,0.4587,0.4581,0.459,0.4567,0.4543,0.452,0.4497,0.4475,0.4452,0.443,0.4402,0.4372,0.4344,0.4315,0.4295,0.4291,0.4288,0.4284,0.428,0.4276,0.4269,0.4262,0.4256,0.4249,0.4242,0.4235,0.4228,0.4222,0.4215,0.4208,0.4202,0.4195,0.4196,0.4203,0.421,0.4216,0.4223,0.423,0.4238,0.4245,0.4252,0.4259,0.4266,0.4273,0.428,0.4287,0.4319,0.4331,0.4327,0.4323,0.432,0.4316,0.4313,0.4309,0.4306,0.4302,0.4298,0.4295,0.4291,0.4288,0.4284,0.4281,0.4277,0.4274,0.427,0.4267,0.4263,0.426,0.4256,0.4253,0.4249,0.4246,0.4242,0.4239
0.3527,0.3511,0.3495,0.3478,0.3462,0.3446,0.3431,0.3412,0.3416,0.342,0.3425,0.343,0.3435,0.3439,0.3444,0.3449,0.3454,0.3459,0.3463,0.3468,0.3473,0.3478,0.3483,0.3488,0.3493,0.3498,0.3499,0.3495,0.3492,0.3488,0.3484,0.348,0.3476,0.3473,0.3469,0.3465,0.3461,0.3458,0.3454,0.345,0.3446,0.3447,0.345,0.3456,0.3464,0.3472,0.348,0.3489,0.3497,0.3505,0.3513,0.3522,0.353,0.3538,0.3547,0.3555,0.3564,0.3572,0.3581,0.3589,0.3599,0.3615,0.3631,0.3647,0.3663,0.3679,0.3695,0.3711,0.3728,0.3745,0.3765,0.3789,0.3812,0.3837,0.3861,0.3886,0.3902,3.3263,3.2766,3.2285,3.1818,3.1364,3.0923,3.0493,3.0076,2.9668,2.9273,0.3914,0.3915,0.3916,0.3917,0.3918,0.392,0.3921,0.3922,0.3923,0.3924,0.3925,0.3927,0.3928,0.3929,0.393,0.3931,0.3933,0.3934,0.3936,0.3938,0.394,0.3942,0.3944,0.3945,0.3947,0.3949,0.3951,0.3953,0.3955,0.3956,0.3958,0.396,0.3962,0.3964,0.3966,0.3968,0.397,0.3971,0.3973,0.3975,0.3977,0.3979,0.3981,0.3983,0.3985,0.3986,0.3988,0.3989,0.3991,0.3993,0.3994,0.3996,0.3998,0.3999,0.4001,0.4003,0.4004,0.4006,0.4008,0.4009,0.4011,0.4013,0.4014,0.4016,0.4018,0.4019,0.4021,0.4023,0.4024,0.4026,0.4028,0.4029,0.4031,0.4033,0.4034,0.4036,0.4038,0.4039,0.4054,0.4074,0.4093,0.4113,0.4133,0.4151,0.4597,0.4631,0.4665,0.4685,0.4637,0.4627,0.4621,0.4615,0.4609,0.4603,0.4597,0.4591,0.4585,0.4598,0.4577,0.4553,0.453,0.4507,0.4485,0.4462,0.444,0.4415,0.4385,0.4356,0.4327,0.4299,0.4294,0.429,0.4287,0.4283,0.4279,0.4273,0.4266,0.4259,0.4253,0.4246,0.4239,0.4232,0.4225,0.4219,0.4212,0.4205,0.4199,0.4193,0.42,0.4207,0.4214,0.4221,0.4228,0.4235,0.4242,0.4249,0.4257,0.4264,0.4271,0.4278,0.4285,0.43,0.4332,0.4329,0.4325,0.4321,0.4318,0.4314,0.4311,0.4307,0.4303,0.43,0.4296,0.4293,0.4289,0.4286,0.4282,0.4279,0.4275,0.4272,0.4268,0.4265,0.4261,0.4258,0.4254,0.4251,0.4247,0.4244,0.424
0.3485,0.3469,0.3453,0.3437,0.3421,0.3412,0.3417,0.3422,0.3426,0.3431,0.3436,0.3441,0.3445,0.345,0.3455,0.346,0.3465,0.347,0.3475,0.3479,0.3484,0.3489,0.3494,0.3499,0.3504,0.3503,0.3499,0.3495,0.3491,0.3487,0.3484,0.348,0.3476,0.3472,0.3469,0.3465,0.3461,0.3457,0.3454,0.345,0.3447,0.345,0.3456,0.3464,0.3472,0.348,0.3488,0.3496,0.3505,0.3513,0.3521,0.3529,0.3538,0.3546,0.3555,0.3563,0.3572,0.358,0.3589,0.3598,0.361,0.3626,0.3642,0.3658,0.3674,0.3693,0.3716,0.3739,0.3762,0.3786,0.3809,0.3834,0.3858,0.3883,0.3904,3.3023,3.2533,3.2058,3.1598,3.115,3.0714,3.0291,2.9879,2.9477,2.9085,2.8707,2.8337,2.7975,0.3914,0.3915,0.3916,0.3917,0.3918,0.392,0.3921,0.3922,0.3923,0.3924,0.3925,0.3927,0.3928,0.3929,0.393,0.3931,0.3933,0.3935,0.3937,0.3939,0.3941,0.3942,0.3944,0.3946,0.3948,0.395,0.3952,0.3953,0.3955,0.3957,0.3959,0.3961,0.3963,0.3965,0.3966,0.3968,0.397,0.3972,0.3974,0.3976,0.3978,0.398,0.3981,0.3983,0.3985,0.3987,0.3989,0.3991,0.3992,0.3994,0.3995,0.3997,0.3999,0.4,0.4002,0.4004,0.4005,0.4007,0.4009,0.401,0.4012,0.4014,0.4015,0.4017,0.4019,0.402,0.4022,0.4024,0.4025,0.4027,0.4029,0.403,0.4032,0.4034,0.4035,0.4037,0.4039,0.4047,0.4066,0.4086,0.4105,0.4125,0.4146,0.4161,0.4628,0.4657,0.4677,0.4685,0.4632,0.4625,0.4619,0.4613,0.4607,0.4601,0.4594,0.4588,0.459,0.4587,0.4563,0.454,0.4517,0.4494,0.4472,0.4449,0.4427,0.4398,0.4369,0.434,0.4311,0.4297,0.4293,0.4289,0.4286,0.4282,0.4277,0.427,0.4263,0.4256,0.4249,0.4243,0.4236,0.4229,0.4222,0.4216,0.4209,0.4202,0.4196,0.4198,0.4205,0.4212,0.4219,0.4226,0.4233,0.424,0.4247,0.4254,0.4261,0.4269,0.4276,0.4283,0.429,0.4334,0.433,0.4327,0.4323,0.4319,0.4316,0.4312,0.4309,0.4305,0.4301,0.4298,0.4294,0.4291,0.4287,0.4284,0.428,0.4277,0.4273,0.427,0.4266,0.4263,0.4259,0.4256,0.4252,0.4249,0.4245,0.4242
0.3443,0.3436,0.3433,0.343,0.3426,0.3423,0.3419,0.3424,0.3428,0.3433,0.3438,0.3443,0.3447,0.3452,0.3457,0.3462,0.3466,0.3471,0.3476,0.3481,0.3486,0.3491,0.3496,0.3501,0.3507,0.3523,0.3539,0.3527,0.3516,0.3504,0.3493,0.3481,0.3476,0.3472,0.3468,0.3465,0.3461,0.3457,0.3453,0.345,0.3449,0.3456,0.3464,0.3472,0.348,0.3488,0.3496,0.3504,0.3513,0.3521,0.3529,0.3538,0.3546,0.3554,0.3563,0.3571,0.358,0.3589,0.3597,0.3606,0.3624,3.5093,3.5255,3.5406,3.5684,3.5882,3.6059,3.6016,3.543,3.4866,3.4321,3.3793,3.3281,3.2786,3.2303,3.1835,3.1381,3.0939,3.0509,3.0091,2.9685,2.9289,2.8903,2.8527,2.8162,2.7806,2.7469,2.7141,0.3913,0.3914,0.3915,0.3916,0.3917,0.3918,0.392,0.3921,0.3922,0.3923,0.3924,0.3925,0.3927,0.3928,0.3929,0.393,0.3932,0.3934,0.3936,0.3938,0.3939,0.3941,0.3943,0.3945,0.3947,0.3949,0.395,0.3952,0.3954,0.3956,0.3958,0.396,0.3962,0.3963,0.3965,0.3967,0.3969,0.3971,0.3973,0.3975,0.3977,0.3978,0.398,0.3982,0.3984,0.3986,0.3988,0.399,0.3992,0.3993,0.3995,0.3997,0.3998,0.4,0.4001,0.4003,0.4005,0.4006,0.4008,0.401,0.4011,0.4013,0.4015,0.4016,0.4018,0.402,0.4021,0.4023,0.4025,0.4026,0.4028,0.403,0.4031,0.4033,0.4035,0.4036,0.4038,0.404,0.4058,0.4078,0.4098,0.4117,0.4138,0.4156,0.4626,0.465,0.467,0.469,0.4639,0.4629,0.4623,0.4617,0.4611,0.4604,0.4598,0.4592,0.4586,0.4597,0.4574,0.455,0.4527,0.4504,0.4481,0.4459,0.4437,0.4411,0.4382,0.4353,0.4324,0.43,0.4296,0.4292,0.4288,0.4285,0.4281,0.4274,0.4267,0.426,0.4253,0.4246,0.424,0.4233,0.4226,0.4219,0.4213,0.4206,0.4199,0.4196,0.4203,0.421,0.4217,0.4224,0.4231,0.4238,0.4245,0.4252,0.4259,0.4266,0.4274,0.4281,0.4288,0.4335,0.4332,0.4328,0.4324,0.4321,0.4317,0.4314,0.431,0.4307,0.4303,0.4299,0.4296,0.4292,0.4289,0.4285,0.4282,0.4278,0.4275,0.4271,0.4268,0.4264,0.4261,0.4257,0.4254,0.425,0.4247,0.4243
0.3455,0.3451,0.3448,0.3444,0.3441,0.3437,0.3434,0.3431,0.343,0.3435,0.3439,0.3444,0.3449,0.3454,0.3458,0.3463,0.3468,0.3473,0.3478,0.3483,0.3487,0.3492,0.3497,0.3502,0.3514,0.353,0.3547,0.3563,0.3568,0.3556,0.3545,0.3533,0.3522,0.351,0.3499,0.3487,0.3476,0.3465,0.3454,0.3449,0.3455,0.3463,0.3472,0.3481,0.3491,0.35,0.351,0.3519,0.3529,0.3539,0.3549,0.3558,0.3568,0.3578,0.3588,0.3598,0.3608,3.456,3.4672,3.4811,3.5008,3.5169,3.5333,3.5454,3.5621,3.5705,3.5159,3.4602,3.4064,3.3545,3.3039,3.2551,3.2076,3.1614,3.1166,3.073,3.0306,2.9894,2.9492,2.9101,2.8722,2.8349,2.7989,2.7639,2.7307,2.6983,2.6666,2.6357,2.6055,0.3912,0.3914,0.3915,0.3916,0.3917,0.3918,0.392,0.3921,0.3922,0.3923,0.3924,0.3925,0.3927,0.3928,0.3929,0.3931,0.3933,0.3935,0.3936,0.3938,0.394,0.3942,0.3944,0.3946,0.3948,0.3949,0.3951,0.3953,0.3955,0.3957,0.3959,0.396,0.3962,0.3964,0.3966,0.3968,0.397,0.3972,0.3974,0.3975,0.3977,0.3979,0.3981,0.3983,0.3985,0.3987,0.3989,0.399,0.3992,0.3994,0.3996,0.3998,0.3999,0.4001,0.4003,0.4004,0.4006,0.4008,0.4009,0.4011,0.4012,0.4014,0.4016,0.4017,0.4019,0.4021,0.4023,0.4024,0.4026,0.4028,0.4029,0.4031,0.4033,0.4034,0.4036,0.4038,0.4039,0.4051,0.407,0.409,0.411,0.413,0.415,0.4623,0.4643,0.4663,0.4683,0.4645,0.4634,0.4627,0.4621,0.4614,0.4608,0.4602,0.4596,0.459,0.4604,0.4584,0.456,0.4537,0.4514,0.4491,0.4469,0.4446,0.4424,0.4394,0.4365,0.4336,0.4308,0.4299,0.4295,0.4291,0.4287,0.4284,0.4277,0.4271,0.4264,0.4257,0.425,0.4243,0.4236,0.423,0.4223,0.4216,0.421,0.4203,0.4196,0.4201,0.4208,0.4215,0.4222,0.4229,0.4236,0.4243,0.425,0.4257,0.4264,0.4271,0.4279,0.4286,0.4318,0.4333,0.433,0.4326,0.4322,0.4319,0.4315,0.4312,0.4308,0.4304,0.4301,0.4297,0.4294,0.429,0.4287,0.4283,0.428,0.4276,0.4273,0.4269,0.4266,0.4262,0.4259,0.4255,0.4252,0.4248,0.4245
0.3470,0.3466,0.3463,0.3459,0.3456,0.3452,0.3449,0.3445,0.3442,0.3438,0.3441,0.3445,0.345,0.3455,0.346,0.3465,0.3469,0.3474,0.3479,0.3484,0.3489,0.3494,0.3499,0.3504,0.352,0.3537,0.3553,0.357,0.3587,0.3604,0.3598,0.3586,0.3574,0.3562,0.3551,0.3539,0.3528,0.3512,0.3497,0.3481,0.3485,0.3495,0.3505,0.3514,0.3524,0.3534,0.3543,0.3553,0.3563,0.3573,0.3583,0.3593,0.3603,0.3613,0.3624,3.4477,3.4536,3.4619,3.4687,3.4915,3.5084,3.5199,3.5278,3.524,3.4896,3.4343,3.3814,3.33,3.2803,3.2321,3.1852,3.1397,3.0955,3.0524,3.0106,2.9699,2.9302,2.8917,2.8542,2.8176,2.7819,2.7475,2.7147,2.6826,2.6513,2.6207,2.5909,2.5617,2.5331,0.3911,0.3912,0.3914,0.3915,0.3916,0.3917,0.3918,0.392,0.3921,0.3922,0.3923,0.3924,0.3925,0.3927,0.3928,0.393,0.3932,0.3933,0.3935,0.3937,0.3939,0.3941,0.3943,0.3945,0.3946,0.3948,0.395,0.3952,0.3954,0.3956,0.3957,0.3959,0.3961,0.3963,0.3965,0.3967,0.3969,0.3971,0.3972,0.3974,0.3976,0.3978,0.398,0.3982,0.3984,0.3986,0.3987,0.3989,0.3991,0.3993,0.3995,0.3997,0.3999,0.4,0.4002,0.4004,0.4005,0.4007,0.4009,0.401,0.4012,0.4014,0.4015,0.4017,0.4019,0.402,0.4022,0.4024,0.4025,0.4027,0.4029,0.403,0.4032,0.4034,0.4035,0.4037,0.4039,0.4043,0.4062,0.4082,0.4102,0.4122,0.4142,0.4161,0.4636,0.4656,0.4675,0.4696,0.464,0.4631,0.4624,0.4618,0.4612,0.4606,0.46,0.4594,0.4595,0.4594,0.457,0.4547,0.4524,0.4501,0.4478,0.4456,0.4434,0.4407,0.4378,0.4349,0.432,0.4302,0.4298,0.4294,0.429,0.4286,0.4281,0.4274,0.4267,0.4261,0.4254,0.4247,0.424,0.4233,0.4227,0.422,0.4213,0.4206,0.42,0.4199,0.4206,0.4213,0.422,0.4227,0.4234,0.4241,0.4248,0.4255,0.4262,0.4269,0.4276,0.4283,0.4299,0.4335,0.4331,0.4328,0.4324,0.432,0.4317,0.4313,0.431,0.4306,0.4302,0.4299,0.4295,0.4292,0.4288,0.4285,0.4281,0.4278,0.4274,0.4271,0.4267,0.4264,0.426,0.4257,0.4253,0.425,0.4246
0.3485,0.3481,0.3478,0.3474,0.3471,0.3467,0.3464,0.346,0.3457,0.3453,0.345,0.3447,0.3452,0.3457,0.3461,0.3466,0.3471,0.3476,0.3481,0.3486,0.349,0.3495,0.35,0.351,0.3527,0.3543,0.356,0.3577,0.3594,0.3611,0.3629,0.3641,0.3629,0.3615,0.3599,0.3582,0.3566,0.355,0.3534,0.3519,0.3515,0.3526,0.3537,0.3548,0.3558,0.3568,0.3578,0.3588,0.3598,0.3608,0.3618,0.3628,3.4355,3.4364,3.4398,3.4526,3.4615,3.4758,3.4882,3.4969,3.5069,3.5002,3.4644,3.4089,3.3567,3.3061,3.257,3.2094,3.1632,3.1182,3.0746,3.0321,2.9909,2.9508,2.9117,2.8735,2.8364,2.8002,2.765,2.7312,2.6988,2.6671,2.6362,2.606,2.5764,2.5475,2.5193,2.4917,2.4647,0.391,0.3911,0.3912,0.3914,0.3915,0.3916,0.3917,0.3918,0.392,0.3921,0.3922,0.3923,0.3924,0.3925,0.3927,0.3929,0.3931,0.3932,0.3934,0.3936,0.3938,0.394,0.3942,0.3943,0.3945,0.3947,0.3949,0.3951,0.3953,0.3954,0.3956,0.3958,0.396,0.3962,0.3964,0.3966,0.3967,0.3969,0.3971,0.3973,0.3975,0.3977,0.3979,0.3981,0.3982,0.3984,0.3986,0.3988,0.399,0.3992,0.3994,0.3996,0.3998,0.3999,0.4001,0.4003,0.4005,0.4006,0.4008,0.401,0.4011,0.4013,0.4015,0.4016,0.4018,0.402,0.4021,0.4023,0.4025,0.4026,0.4028,0.403,0.4031,0.4033,0.4035,0.4036,0.4038,0.404,0.4055,0.4074,0.4094,0.4114,0.4134,0.4154,0.4629,0.4648,0.4668,0.4688,0.4647,0.4636,0.4628,0.4622,0.4616,0.461,0.4604,0.4598,0.4592,0.4604,0.458,0.4557,0.4534,0.4511,0.4488,0.4466,0.4443,0.442,0.4391,0.4362,0.4333,0.4304,0.4301,0.4297,0.4293,0.4289,0.4285,0.4278,0.4271,0.4264,0.4257,0.4251,0.4244,0.4237,0.423,0.4224,0.4217,0.421,0.4203,0.4197,0.4204,0.421,0.4217,0.4224,0.4231,0.4239,0.4246,0.4253,0.426,0.4267,0.4274,0.4281,0.4288,0.4336,0.4333,0.4329,0.4325,0.4322,0.4318,0.4315,0.4311,0.4308,0.4304,0.43,0.4297,0.4293,0.429,0.4286,0.4283,0.4279,0.4276,0.4272,0.4269,0.4265,0.4262,0.4258,0.4255,0.4251,0.4248
0.3500,0.3496,0.3493,0.3489,0.3486,0.3482,0.3479,0.3475,0.3472,0.3468,0.3465,0.3461,0.3458,0.3458,0.3463,0.3468,0.3472,0.3477,0.3482,0.3487,0.3492,0.3497,0.3502,0.3517,0.3534,0.355,0.3567,0.3584,0.3601,0.3618,0.3636,0.3654,0.3658,0.3655,0.3639,0.3622,0.3605,0.3589,0.3573,0.3557,0.3546,0.3557,0.3569,0.358,0.3591,0.3602,0.3613,0.3623,0.3633,3.4362,3.4382,3.4396,3.4438,3.4474,3.4489,3.4569,3.4691,3.4814,3.4864,3.4784,3.4389,3.3843,3.3323,3.2825,3.2341,3.1871,3.1414,3.0971,3.054,3.0122,2.9715,2.9319,2.8933,2.8556,2.8189,2.7832,2.7483,2.7152,2.6831,2.6518,2.6213,2.5914,2.5622,2.5336,2.5057,2.4783,2.4516,2.4255,2.3999,2.3748,0.391,0.3911,0.3912,0.3914,0.3915,0.3916,0.3917,0.3918,0.392,0.3921,0.3922,0.3923,0.3924,0.3926,0.3928,0.3929,0.3931,0.3933,0.3935,0.3937,0.3939,0.394,0.3942,0.3944,0.3946,0.3948,0.395,0.3951,0.3953,0.3955,0.3957,0.3959,0.3961,0.3963,0.3964,0.3966,0.3968,0.397,0.3972,0.3974,0.3976,0.3978,0.3979,0.3981,0.3983,0.3985,0.3987,0.3989,0.3991,0.3993,0.3994,0.3996,0.3998,0.4,0.4002,0.4004,0.4006,0.4007,0.4009,0.4011,0.4012,0.4014,0.4016,0.4017,0.4019,0.4021,0.4022,0.4024,0.4026,0.4027,0.4029,0.4031,0.4032,0.4034,0.4036,0.4038,0.4039,0.4047,0.4066,0.4086,0.4106,0.4126,0.4146,0.4621,0.4641,0.4661,0.4681,0.4687,0.4642,0.4632,0.4626,0.462,0.4614,0.4608,0.4602,0.4596,0.4609,0.4591,0.4567,0.4544,0.4521,0.4498,0.4475,0.4453,0.4431,0.4404,0.4374,0.4345,0.4317,0.4303,0.43,0.4296,0.4292,0.4288,0.4282,0.4275,0.4268,0.4261,0.4254,0.4247,0.4241,0.4234,0.4227,0.422,0.4214,0.4207,0.42,0.4201,0.4208,0.4215,0.4222,0.4229,0.4236,0.4243,0.425,0.4258,0.4265,0.4272,0.4279,0.4286,0.4337,0.4334,0.4331,0.4327,0.4323,0.432,0.4316,0.4313,0.4309,0.4305,0.4302,0.4298,0.4295,0.4291,0.4288,0.4284,0.4281,0.4277,0.4274,0.427,0.4267,0.4263,0.426,0.4256,0.4253,0.4249
0.3515,0.3512,0.3508,0.3505,0.3501,0.3497,0.3494,0.349,0.3487,0.3483,0.348,0.3476,0.3473,0.3469,0.3466,0.3469,0.3474,0.3479,0.3484,0.3489,0.3493,0.3498,0.3507,0.3524,0.354,0.3557,0.3574,0.3591,0.3608,0.3626,0.3645,0.3661,0.366,0.3659,0.3658,0.3657,0.3645,0.3628,0.3612,0.3595,0.3579,0.3589,0.3601,0.3612,0.3624,0.3635,0.3647,3.4333,3.4362,3.4404,3.4495,3.4523,3.4566,3.4588,3.46,3.4633,3.4693,3.4605,3.4137,3.3605,3.308,3.2589,3.2113,3.165,3.12,3.0762,3.0337,2.9924,2.9523,2.9131,2.875,2.8379,2.8016,2.7663,2.7319,2.6993,2.6676,2.6367,2.6065,2.5769,2.5481,2.5198,2.4922,2.4651,2.4387,2.4128,2.3875,2.3626,2.3383,2.3145,0.3909,0.391,0.3911,0.3912,0.3914,0.3915,0.3916,0.3917,0.3918,0.392,0.3921,0.3922,0.3923,0.3925,0.3926,0.3928,0.393,0.3932,0.3934,0.3936,0.3937,0.3939,0.3941,0.3943,0.3945,0.3947,0.3948,0.395,0.3952,0.3954,0.3956,0.3958,0.396,0.3961,0.3963,0.3965,0.3967,0.3969,0.3971,0.3973,0.3975,0.3976,0.3978,0.398,0.3982,0.3984,0.3986,0.3988,0.399,0.3991,0.3993,0.3995,0.3997,0.3999,0.4001,0.4003,0.4005,0.4007,0.4009,0.401,0.4012,0.4014,0.4015,0.4017,0.4019,0.402,0.4022,0.4024,0.4025,0.4027,0.4029,0.403,0.4032,0.4034,0.4035,0.4037,0.4039,0.404,0.4059,0.4078,0.4098,0.4118,0.4138,0.4158,0.4634,0.4654,0.4674,0.4694,0.4649,0.4638,0.463,0.4624,0.4618,0.4612,0.4606,0.4599,0.4601,0.4601,0.4577,0.4554,0.4531,0.4508,0.4485,0.4462,0.444,0.4417,0.4387,0.4358,0.4329,0.4306,0.4302,0.4299,0.4295,0.4291,0.4286,0.4279,0.4272,0.4265,0.4258,0.4251,0.4244,0.4238,0.4231,0.4224,0.4217,0.4211,0.4204,0.4199,0.4206,0.4213,0.422,0.4227,0.4234,0.4241,0.4248,0.4255,0.4262,0.427,0.4277,0.4284,0.4318,0.4336,0.4332,0.4329,0.4325,0.4321,0.4318,0.4314,0.4311,0.4307,0.4303,0.43,0.4296,0.4293,0.4289,0.4286,0.4282,0.4279,0.4275,0.4272,0.4268,0.4265,0.4261,0.4258,0.4254,0.4251
0.3531,0.3527,0.3524,0.352,0.3516,0.3513,0.3509,0.3506,0.3502,0.3498,0.3495,0.3491,0.3488,0.3484,0.3481,0.3477,0.3475,0.348,0.3485,0.349,0.3495,0.35,0.3514,0.353,0.3547,0.3564,0.3581,0.3599,0.3617,0.3636,0.3654,0.3663,0.3662,0.3661,0.366,0.366,0.3659,0.3658,0.3652,0.3635,0.3618,0.3622,0.3633,0.3645,3.4345,3.4339,3.4333,3.4363,3.4458,3.4567,3.4698,3.4823,3.4658,3.464,3.4602,3.4426,3.3888,3.3364,3.2851,3.2358,3.1888,3.1432,3.0987,3.0556,3.0137,2.973,2.9333,2.8946,2.8569,2.8202,2.7845,2.7496,2.7157,2.6837,2.6523,2.6218,2.5919,2.5626,2.5341,2.5061,2.4788,2.4521,2.4259,2.4003,2.3752,2.3506,2.3266,2.303,2.2799,2.2572,2.235,0.3909,0.391,0.3911,0.3912,0.3914,0.3915,0.3916,0.3917,0.3918,0.392,0.3921,0.3922,0.3923,0.3925,0.3927,0.3929,0.3931,0.3933,0.3934,0.3936,0.3938,0.394,0.3942,0.3944,0.3946,0.3947,0.3949,0.3951,0.3953,0.3955,0.3957,0.3958,0.396,0.3962,0.3964,0.3966,0.3968,0.397,0.3972,0.3973,0.3975,0.3977,0.3979,0.3981,0.3983,0.3985,0.3987,0.3988,0.399,0.3992,0.3994,0.3996,0.3998,0.4,0.4002,0.4004,0.4005,0.4007,0.4009,0.4011,0.4013,0.4015,0.4016,0.4018,0.402,0.4021,0.4023,0.4025,0.4026,0.4028,0.403,0.4031,0.4033,0.4035,0.4036,0.4038,0.404,0.4051,0.407,0.409,0.411,0.413,0.4149,0.4165,0.4646,0.4666,0.4686,0.4655,0.4644,0.4634,0.4628,0.4622,0.4616,0.4609,0.4603,0.4597,0.4611,0.4587,0.4564,0.4541,0.4518,0.4495,0.4472,0.445,0.4428,0.44,0.4371,0.4342,0.4313,0.4305,0.4301,0.4297,0.4294,0.4289,0.4282,0.4275,0.4269,0.4262,0.4255,0.4248,0.4241,0.4235,0.4228,0.4221,0.4214,0.4208,0.4201,0.4204,0.4211,0.4218,0.4225,0.4232,0.4239,0.4246,0.4253,0.426,0.4267,0.4275,0.4282,0.4299,0.4337,0.4334,0.433,0.4326,0.4323,0.4319,0.4316,0.4312,0.4309,0.4305,0.4301,0.4298,0.4294,0.4291,0.4287,0.4284,0.428,0.4277,0.4273,0.427,0.4266,0.4262,0.4259,0.4256,0.4252
0.3546,0.3543,0.3539,0.3535,0.3532,0.3528,0.3525,0.3521,0.3517,0.3514,0.351,0.3507,0.3503,0.35,0.3496,0.3492,0.3489,0.3485,0.3487,0.3492,0.3497,0.3504,0.3521,0.3537,0.3554,0.3572,0.359,0.3608,0.3627,0.3645,0.3664,0.3665,0.3664,0.3663,0.3663,0.3662,0.3661,0.366,0.366,0.3659,0.3658,0.3655,3.4335,3.4346,3.4376,3.4387,3.439,3.4502,3.4611,3.4718,3.4726,3.4621,3.452,3.4172,3.3644,3.3127,3.2626,3.213,3.1667,3.1216,3.0779,3.0355,2.9941,2.9539,2.9146,2.8764,2.8392,2.803,2.7676,2.7332,2.6998,2.6682,2.6372,2.607,2.5774,2.5485,2.5203,2.4926,2.4656,2.4391,2.4132,2.3879,2.363,2.3387,2.3149,2.2916,2.2687,2.2463,2.2243,2.2027,2.1816,0.3908,0.3909,0.391,0.3911,0.3912,0.3914,0.3915,0.3916,0.3917,0.3918,0.392,0.3921,0.3922,0.3924,0.3926,0.3928,0.393,0.3932,0.3933,0.3935,0.3937,0.3939,0.3941,0.3943,0.3944,0.3946,0.3948,0.395,0.3952,0.3954,0.3955,0.3957,0.3959,0.3961,0.3963,0.3965,0.3967,0.3968,0.397,0.3972,0.3974,0.3976,0.3978,0.398,0.3982,0.3983,0.3985,0.3987,0.3989,0.3991,0.3993,0.3995,0.3997,0.3999,0.4,0.4002,0.4004,0.4006,0.4008,0.401,0.4012,0.4014,0.4016,0.4017,0.4019,0.4021,0.4022,0.4024,0.4026,0.4027,0.4029,0.4031,0.4032,0.4034,0.4036,0.4037,0.4039,0.4043,0.4063,0.4082,0.4102,0.4122,0.414,0.4156,0.4639,0.4659,0.4679,0.4699,0.4651,0.464,0.4632,0.4626,0.4619,0.4613,0.4607,0.4601,0.4615,0.4598,0.4574,0.4551,0.4527,0.4505,0.4482,0.4459,0.4437,0.4413,0.4383,0.4354,0.4326,0.4308,0.4304,0.43,0.4296,0.4293,0.4286,0.4279,0.4272,0.4265,0.4259,0.4252,0.4245,0.4238,0.4231,0.4225,0.4218,0.4211,0.4205,0.4202,0.4209,0.4216,0.4223,0.423,0.4237,0.4244,0.4251,0.4258,0.4265,0.4272,0.428,0.4287,0.4339,0.4335,0.4332,0.4328,0.4324,0.4321,0.4317,0.4314,0.431,0.4306,0.4303,0.4299,0.4296,0.4292,0.4289,0.4285,0.4282,0.4278,0.4275,0.4271,0.4268,0.4264,0.426,0.4257,0.4254
0.3557,0.3554,0.3551,0.3548,0.3546,0.3543,0.354,0.3537,0.3533,0.3529,0.3526,0.3522,0.3518,0.3515,0.3511,0.3508,0.3504,0.3501,0.3497,0.3494,0.3498,0.3511,0.3528,0.3545,0.3563,0.3581,0.3599,0.3617,0.3636,0.3655,0.3668,0.3667,0.3666,0.3666,0.3665,0.3664,0.3663,0.3662,0.3662,4.111,4.0356,3.9629,3.4263,3.4403,3.4457,3.459,3.4606,3.4608,3.4653,3.4554,3.4438,3.3922,3.3402,3.2892,3.2398,3.1917,3.1448,3.1004,3.0574,3.0155,2.9746,2.9349,2.8961,2.8584,2.8216,2.7858,2.7509,2.7169,2.6842,2.6528,2.6222,2.5923,2.5631,2.5345,2.5066,2.4793,2.4525,2.4263,2.4007,2.3756,2.3511,2.327,2.3034,2.2803,2.2576,2.2354,2.2137,2.1923,2.1714,2.1508,2.1307,0.3907,0.3908,0.3909,0.391,0.3911,0.3912,0.3914,0.3915,0.3916,0.3917,0.3918,0.392,0.3921,0.3923,0.3925,0.3927,0.3929,0.393,0.3932,0.3934,0.3936,0.3938,0.394,0.3941,0.3943,0.3945,0.3947,0.3949,0.3951,0.3952,0.3954,0.3956,0.3958,0.396,0.3962,0.3964,0.3965,0.3967,0.3969,0.3971,0.3973,0.3975,0.3977,0.3979,0.398,0.3982,0.3984,0.3986,0.3988,0.399,0.3992,0.3994,0.3996,0.3997,0.3999,0.4001,0.4003,0.4005,0.4007,0.4009,0.4011,0.4013,0.4015,0.4016,0.4018,0.402,0.4022,0.4023,0.4025,0.4027,0.4029,0.403,0.4032,0.4034,0.4035,0.4037,0.4039,0.404,0.4055,0.4074,0.4094,0.4114,0.4131,0.4147,0.4163,0.4652,0.4672,0.4692,0.4657,0.4646,0.4636,0.4629,0.4623,0.4617,0.4611,0.4605,0.4606,0.4608,0.4584,0.4561,0.4537,0.4514,0.4492,0.4469,0.4447,0.4425,0.4396,0.4367,0.4338,0.4311,0.4307,0.4303,0.4299,0.4295,0.429,0.4283,0.4276,0.4269,0.4262,0.4255,0.4249,0.4242,0.4235,0.4228,0.4222,0.4215,0.4208,0.4202,0.4207,0.4214,0.4221,0.4228,0.4235,0.4242,0.4249,0.4256,0.4263,0.427,0.4277,0.4285,0.4336,0.4337,0.4333,0.433,0.4326,0.4322,0.4319,0.4315,0.4312,0.4308,0.4304,0.4301,0.4297,0.4294,0.429,0.4287,0.4283,0.428,0.4276,0.4273,0.4269,0.4265,0.4262,0.4258,0.4255
0.3557,0.3554,0.3551,0.3548,0.3545,0.3542,0.354,0.3537,0.3534,0.3531,0.3528,0.3525,0.3522,0.3519,0.3516,0.3514,0.3511,0.3508,0.3505,0.3505,0.3512,0.3519,0.3537,0.3554,0.3572,0.359,0.3608,0.3627,0.3645,0.3664,0.367,0.3669,0.3669,0.3668,0.3667,0.3666,0.3665,4.0753,4.0012,3.9298,3.8618,3.796,3.4384,3.448,3.4591,3.4703,3.4691,3.4526,3.4198,3.3675,3.3164,3.2662,3.2174,3.1701,3.1235,3.0796,3.0371,2.9957,2.9554,2.9161,2.8778,2.8406,2.8043,2.769,2.7345,2.7008,2.6687,2.6377,2.6075,2.5779,2.549,2.5208,2.4931,2.466,2.4396,2.4137,2.3883,2.3635,2.3392,2.3153,2.292,2.2691,2.2467,2.2247,2.2031,2.182,2.1612,2.1409,2.1209,2.1013,2.082,2.0631,0.3907,0.3908,0.3909,0.391,0.3911,0.3912,0.3914,0.3915,0.3916,0.3917,0.3918,0.392,0.3922,0.3924,0.3926,0.3927,0.3929,0.3931,0.3933,0.3935,0.3937,0.3938,0.394,0.3942,0.3944,0.3946,0.3948,0.3949,0.3951,0.3953,0.3955,0.3957,0.3959,0.3961,0.3962,0.3964,0.3966,0.3968,0.397,0.3972,0.3974,0.3976,0.3977,0.3979,0.3981,0.3983,0.3985,0.3987,0.3989,0.3991,0.3992,0.3994,0.3996,0.3998,0.4,0.4002,0.4004,0.4006,0.4008,0.401,0.4011,0.4013,0.4015,0.4017,0.4019,0.4021,0.4023,0.4025,0.4026,0.4028,0.403,0.4031,0.4033,0.4035,0.4036,0.4038,0.404,0.4047,0.4067,0.4086,0.4106,0.4122,0.4138,0.4154,0.4645,0.4664,0.4684,0.4689,0.4653,0.4642,0.4633,0.4627,0.4621,0.4615,0.4609,0.4603,0.4618,0.4594,0.4571,0.4547,0.4524,0.4501,0.4479,0.4456,0.4434,0.4409,0.438,0.4351,0.4322,0.431,0.4306,0.4302,0.4298,0.4294,0.4287,0.428,0.4273,0.4266,0.4259,0.4252,0.4246,0.4239,0.4232,0.4225,0.4219,0.4212,0.4205,0.4205,0.4211,0.4218,0.4225,0.4232,0.424,0.4247,0.4254,0.4261,0.4268,0.4275,0.4282,0.4317,0.4338,0.4335,0.4331,0.4328,0.4324,0.432,0.4317,0.4313,0.431,0.4306,0.4302,0.4299,0.4295,0.4292,0.4288,0.4285,0.4281,0.4278,0.4274,0.427,0.4267,0.4263,0.426,0.4256
0.3557,0.3554,0.3551,0.3548,0.3545,0.3542,0.3539,0.3537,0.3534,0.3531,0.3528,0.3525,0.3522,0.3519,0.3516,0.3513,0.3518,0.3525,0.3531,0.3538,0.3545,0.3552,0.3559,0.3566,0.3581,0.3599,0.3618,0.3636,0.3655,0.3673,0.3672,0.3672,0.3671,0.367,4.1194,4.0402,3.9673,3.8971,3.8302,3.7655,3.703,3.6427,3.5841,3.4663,3.459,3.4479,3.3947,3.3432,3.2929,3.2434,3.1953,3.1487,3.1034,3.0589,3.017,2.9762,2.9363,2.8976,2.8598,2.823,2.7872,2.7522,2.7182,2.6849,2.6533,2.6227,2.5928,2.5636,2.535,2.5071,2.4797,2.4529,2.4268,2.4011,2.376,2.3515,2.3274,2.3038,2.2807,2.258,2.2358,2.214,2.1927,2.1717,2.1512,2.131,2.1112,2.0918,2.0727,2.054,2.0356,2.0175,0.3905,0.3907,0.3908,0.3909,0.391,0.3911,0.3912,0.3914,0.3915,0.3916,0.3917,0.3919,0.3921,0.3923,0.3924,0.3926,0.3928,0.393,0.3932,0.3934,0.3935,0.3937,0.3939,0.3941,0.3943,0.3945,0.3946,0.3948,0.395,0.3952,0.3954,0.3956,0.3958,0.3959,0.3961,0.3963,0.3965,0.3967,0.3969,0.3971,0.3973,0.3974,0.3976,0.3978,0.398,0.3982,0.3984,0.3986,0.3988,0.3989,0.3991,0.3993,0.3995,0.3997,0.3999,0.4001,0.4003,0.4005,0.4006,0.4008,0.401,0.4012,0.4014,0.4016,0.4018,0.402,0.4022,0.4024,0.4026,0.4027,0.4029,0.4031,0.4032,0.4034,0.4036,0.4037,0.4039,0.4041,0.4059,0.4079,0.4097,0.4113,0.4129,0.4145,0.4162,0.4657,0.4677,0.4697,0.4659,0.4648,0.4637,0.4631,0.4625,0.4619,0.4613,0.4607,0.462,0.4605,0.4581,0.4557,0.4534,0.4511,0.4489,0.4466,0.4444,0.4422,0.4393,0.4363,0.4334,0.4313,0.4309,0.4305,0.4301,0.4297,0.429,0.4284,0.4277,0.427,0.4263,0.4256,0.4249,0.4242,0.4236,0.4229,0.4222,0.4215,0.4209,0.4202,0.4209,0.4216,0.4223,0.423,0.4237,0.4244,0.4251,0.4259,0.4266,0.4273,0.428,0.4298,0.434,0.4336,0.4333,0.4329,0.4325,0.4322,0.4318,0.4315,0.4311,0.4307,0.4304,0.43,0.4297,0.4293,0.429,0.4286,0.4283,0.4279,0.4276,0.4272,0.4268,0.4265,0.4261,0.4258
0.3557,0.3554,0.3551,0.3548,0.3545,0.3542,0.3539,0.3536,0.3534,0.3531,0.3528,0.3525,0.3524,0.3531,0.3537,0.3544,0.3551,0.3558,0.3565,0.3572,0.3579,0.3586,0.3593,0.36,0.3608,0.3615,0.3627,0.3645,0.3664,0.3675,0.3675,0.3674,4.0994,4.0093,3.934,3.865,3.7992,3.7356,3.6741,3.6146,3.5572,3.5063,3.4687,3.4224,3.37,3.3193,3.2698,3.221,3.1736,3.1275,3.0828,3.039,2.997,2.9569,2.9176,2.8793,2.842,2.8057,2.7703,2.7357,2.7021,2.6692,2.6382,2.6079,2.5784,2.5494,2.5212,2.4936,2.4665,2.44,2.4141,2.3887,2.3639,2.3396,2.3157,2.2924,2.2695,2.2471,2.2251,2.2035,2.1823,2.1616,2.1412,2.1212,2.1016,2.0824,2.0635,2.0449,2.0266,2.0087,1.9911,1.9739,0.3904,0.3905,0.3907,0.3908,0.3909,0.391,0.3911,0.3912,0.3914,0.3915,0.3916,0.3918,0.392,0.3922,0.3923,0.3925,0.3927,0.3929,0.3931,0.3932,0.3934,0.3936,0.3938,0.394,0.3942,0.3944,0.3945,0.3947,0.3949,0.3951,0.3953,0.3955,0.3956,0.3958,0.396,0.3962,0.3964,0.3966,0.3968,0.3969,0.3971,0.3973,0.3975,0.3977,0.3979,0.3981,0.3983,0.3984,0.3986,0.3988,0.399,0.3992,0.3994,0.3996,0.3998,0.4,0.4001,0.4003,0.4005,0.4007,0.4009,0.4011,0.4013,0.4015,0.4017,0.4019,0.4021,0.4022,0.4024,0.4026,0.4028,0.403,0.4032,0.4033,0.4035,0.4037,0.4039,0.404,0.4051,0.4071,0.4088,0.4104,0.412,0.4136,0.4152,0.4169,0.467,0.469,0.4666,0.4655,0.4643,0.4635,0.4629,0.4623,0.4617,0.4611,0.4611,0.4615,0.4591,0.4568,0.4544,0.4521,0.4498,0.4476,0.4453,0.4431,0.4405,0.4376,0.4347,0.4318,0.4311,0.4308,0.4304,0.43,0.4294,0.4287,0.428,0.4274,0.4267,0.426,0.4253,0.4246,0.4239,0.4233,0.4226,0.4219,0.4212,0.4206,0.4207,0.4214,0.4221,0.4228,0.4235,0.4242,0.4249,0.4256,0.4263,0.4271,0.4278,0.4285,0.4341,0.4338,0.4334,0.4331,0.4327,0.4323,0.432,0.4316,0.4313,0.4309,0.4305,0.4302,0.4298,0.4295,0.4291,0.4288,0.4284,0.4281,0.4277,0.4274,0.427,0.4266,0.4263,0.4259
0.3557,0.3554,0.3551,0.3548,0.3545,0.3542,0.3539,0.3536,0.3533,0.3537,0.3544,0.3551,0.3558,0.3564,0.3571,0.3578,0.3586,0.3593,0.36,0.3607,0.3614,0.3621,0.3628,0.3636,0.3643,0.365,0.3658,0.3665,0.3674,2.6631,4.0385,3.9838,3.905,3.8334,3.7687,3.7067,3.6469,3.5891,3.5331,3.4767,3.4344,3.3973,3.3456,3.2957,3.247,3.1988,3.152,3.1066,3.0625,3.0196,2.9778,2.9377,2.8991,2.8613,2.8245,2.7886,2.7536,2.7195,2.6862,2.6539,2.6232,2.5933,2.5641,2.5355,2.5075,2.4801,2.4534,2.4272,2.4016,2.3764,2.3518,2.3278,2.3042,2.2811,2.2584,2.2362,2.2144,2.193,2.1721,2.1515,2.1314,2.1115,2.0921,2.073,2.0543,2.0359,2.0178,2,1.9826,1.9655,1.9487,1.9323,1.9161,0.3904,0.3905,0.3907,0.3908,0.3909,0.391,0.3911,0.3912,0.3914,0.3915,0.3917,0.3919,0.392,0.3922,0.3924,0.3926,0.3928,0.393,0.3931,0.3933,0.3935,0.3937,0.3939,0.3941,0.3942,0.3944,0.3946,0.3948,0.395,0.3952,0.3953,0.3955,0.3957,0.3959,0.3961,0.3963,0.3965,0.3966,0.3968,0.397,0.3972,0.3974,0.3976,0.3978,0.398,0.3981,0.3983,0.3985,0.3987,0.3989,0.3991,0.3993,0.3995,0.3997,0.3998,0.4,0.4002,0.4004,0.4006,0.4008,0.401,0.4012,0.4014,0.4016,0.4017,0.4019,0.4021,0.4023,0.4025,0.4027,0.4029,0.4031,0.4033,0.4035,0.4036,0.4038,0.404,0.4044,0.4063,0.408,0.4095,0.4111,0.4127,0.4143,0.416,0.4663,0.4683,0.4703,0.4661,0.465,0.4639,0.4633,0.4627,0.4621,0.4614,0.4608,0.4625,0.4601,0.4578,0.4554,0.4531,0.4508,0.4485,0.4463,0.4441,0.4418,0.4389,0.436,0.4331,0.4314,0.431,0.4307,0.4303,0.4298,0.4291,0.4284,0.4277,0.427,0.4264,0.4257,0.425,0.4243,0.4236,0.423,0.4223,0.4216,0.4209,0.4205,0.4212,0.4219,0.4226,0.4233,0.424,0.4247,0.4254,0.4261,0.4268,0.4276,0.4283,0.4335,0.4339,0.4336,0.4332,0.4329,0.4325,0.4321,0.4318,0.4314,0.4311,0.4307,0.4303,0.43,0.4296,0.4293,0.4289,0.4286,0.4282,0.4279,0.4275,0.4271,0.4268,0.4264,0.4261
0.3557,0.3554,0.3551,0.3548,0.3545,0.3543,0.355,0.3557,0.3564,0.3571,0.3578,0.3585,0.3592,0.3599,0.3606,0.3613,0.362,0.3628,0.3635,0.3642,0.3649,0.3657,0.3664,0.3671,0.3679,0.3685,2.6754,2.6256,2.5909,2.6204,3.8808,3.8042,3.7413,3.6805,3.6216,3.5645,3.5093,3.4531,3.4017,3.3654,3.3217,3.2724,3.2245,3.177,3.1309,3.0861,3.0425,3.0002,2.9589,2.9191,2.8808,2.8435,2.8071,2.7717,2.7371,2.7034,2.6705,2.6387,2.6084,2.5788,2.5499,2.5216,2.494,2.4669,2.4405,2.4145,2.3892,2.3643,2.3399,2.3161,2.2927,2.2699,2.2474,2.2254,2.2038,2.1827,2.1619,2.1416,2.1216,2.102,2.0827,2.0638,2.0452,2.027,2.0091,1.9915,1.9742,1.9571,1.9404,1.9241,1.9081,1.8923,1.8768,0.3903,0.3904,0.3905,0.3907,0.3908,0.3909,0.391,0.3911,0.3912,0.3914,0.3916,0.3917,0.3919,0.3921,0.3923,0.3925,0.3927,0.3928,0.393,0.3932,0.3934,0.3936,0.3938,0.3939,0.3941,0.3943,0.3945,0.3947,0.3949,0.395,0.3952,0.3954,0.3956,0.3958,0.396,0.3962,0.3963,0.3965,0.3967,0.3969,0.3971,0.3973,0.3975,0.3977,0.3978,0.398,0.3982,0.3984,0.3986,0.3988,0.399,0.3992,0.3993,0.3995,0.3997,0.3999,0.4001,0.4003,0.4005,0.4007,0.4009,0.4011,0.4012,0.4014,0.4016,0.4018,0.402,0.4022,0.4024,0.4026,0.4028,0.403,0.4032,0.4034,0.4035,0.4037,0.4039,0.4041,0.4055,0.4071,0.4087,0.4102,0.4118,0.4135,0.4151,0.4167,0.4675,0.4695,0.4668,0.4657,0.4645,0.4637,0.4631,0.4624,0.4618,0.4612,0.4626,0.4612,0.4588,0.4564,0.4541,0.4518,0.4495,0.4473,0.445,0.4428,0.4402,0.4372,0.4343,0.4317,0.4313,0.4309,0.4306,0.4302,0.4295,0.4288,0.4281,0.4274,0.4267,0.426,0.4254,0.4247,0.424,0.4233,0.4226,0.422,0.4213,0.4206,0.421,0.4217,0.4224,0.4231,0.4238,0.4245,0.4252,0.4259,0.4266,0.4273,0.4281,0.4316,0.4341,0.4337,0.4334,0.433,0.4326,0.4323,0.4319,0.4316,0.4312,0.4308,0.4305,0.4301,0.4298,0.4294,0.4291,0.4287,0.4284,0.428,0.4277,0.4273,0.4269,0.4266,0.4262
0.3557,0.3554,0.3556,0.3563,0.357,0.3577,0.3584,0.3591,0.3598,0.3605,0.3612,0.362,0.3627,0.3634,0.3641,0.3649,0.3656,0.3663,0.3671,0.3678,0.3685,0.369,0.3695,2.6849,2.6376,2.5892,2.5232,2.5479,2.5823,2.6045,3.7146,3.6546,3.5965,3.5403,3.4852,3.4298,3.3758,3.3331,3.298,3.2495,3.2022,3.1554,3.1099,3.0657,3.0228,2.981,2.9405,2.9006,2.8627,2.8259,2.79,2.755,2.7208,2.6875,2.6549,2.6237,2.5938,2.5645,2.5359,2.5079,2.4806,2.4538,2.4276,2.402,2.3769,2.3523,2.3282,2.3046,2.2814,2.2588,2.2365,2.2147,2.1934,2.1724,2.1519,2.1317,2.1119,2.0924,2.0734,2.0546,2.0362,2.0181,2.0004,1.9829,1.9658,1.9489,1.9323,1.916,1.9001,1.8845,1.8691,1.854,1.8391,1.8245,0.3903,0.3904,0.3905,0.3907,0.3908,0.3909,0.391,0.3911,0.3913,0.3915,0.3916,0.3918,0.392,0.3922,0.3924,0.3925,0.3927,0.3929,0.3931,0.3933,0.3935,0.3936,0.3938,0.394,0.3942,0.3944,0.3946,0.3947,0.3949,0.3951,0.3953,0.3955,0.3957,0.3959,0.396,0.3962,0.3964,0.3966,0.3968,0.397,0.3972,0.3973,0.3975,0.3977,0.3979,0.3981,0.3983,0.3985,0.3987,0.3989,0.399,0.3992,0.3994,0.3996,0.3998,0.4,0.4002,0.4004,0.4006,0.4007,0.4009,0.4011,0.4013,0.4015,0.4017,0.4019,0.4021,0.4023,0.4025,0.4027,0.4029,0.403,0.4032,0.4034,0.4036,0.4038,0.404,0.4047,0.4062,0.4078,0.4094,0.411,0.4126,0.4142,0.4158,0.4668,0.4688,0.4691,0.4663,0.4652,0.4641,0.4635,0.4628,0.4622,0.4616,0.4617,0.4622,0.4598,0.4574,0.4551,0.4528,0.4505,0.4482,0.446,0.4438,0.4415,0.4385,0.4356,0.4327,0.4316,0.4312,0.4308,0.4305,0.4299,0.4292,0.4285,0.4278,0.4271,0.4264,0.4257,0.425,0.4244,0.4237,0.423,0.4223,0.4217,0.421,0.4208,0.4215,0.4222,0.4229,0.4236,0.4243,0.425,0.4257,0.4264,0.4271,0.4278,0.4297,0.4342,0.4339,0.4335,0.4332,0.4328,0.4324,0.4321,0.4317,0.4314,0.431,0.4306,0.4303,0.4299,0.4296,0.4292,0.4289,0.4285,0.4282,0.4278,0.4274,0.4271,0.4267,0.4264
0.3576,0.3583,0.359,0.3597,0.3605,0.3612,0.3619,0.3626,0.3633,0.3641,0.3648,0.3655,0.3663,0.367,0.3677,0.3685,0.369,0.3695,0.3701,0.3706,3.8822,2.6665,2.6081,2.5538,2.4879,2.4957,2.5131,2.5266,2.5436,3.629,3.5718,3.5163,3.4614,3.4068,3.3535,3.3039,3.2682,3.2267,3.1802,3.1342,3.0893,3.0457,3.0033,2.9621,2.9221,2.883,2.8448,2.8085,2.773,2.7384,2.7047,2.6717,2.6396,2.6089,2.5793,2.5504,2.5221,2.4944,2.4673,2.4408,2.4149,2.3895,2.3647,2.3404,2.3165,2.2931,2.2702,2.2478,2.2258,2.2042,2.183,2.1623,2.1419,2.1219,2.1023,2.083,2.0641,2.0455,2.0273,2.0094,1.9917,1.9744,1.9574,1.9407,1.9243,1.9081,1.8922,1.8767,1.8615,1.8465,1.8317,1.8172,1.8029,1.7888,0.3902,0.3903,0.3904,0.3905,0.3907,0.3908,0.3909,0.391,0.3912,0.3913,0.3915,0.3917,0.3919,0.3921,0.3922,0.3924,0.3926,0.3928,0.393,0.3932,0.3933,0.3935,0.3937,0.3939,0.3941,0.3943,0.3944,0.3946,0.3948,0.395,0.3952,0.3954,0.3956,0.3957,0.3959,0.3961,0.3963,0.3965,0.3967,0.3969,0.397,0.3972,0.3974,0.3976,0.3978,0.398,0.3982,0.3984,0.3985,0.3987,0.3989,0.3991,0.3993,0.3995,0.3997,0.3999,0.4001,0.4002,0.4004,0.4006,0.4008,0.401,0.4012,0.4014,0.4016,0.4018,0.402,0.4022,0.4023,0.4025,0.4027,0.4029,0.4031,0.4033,0.4035,0.4038,0.404,0.4043,0.4045,0.4061,0.4077,0.4094,0.4111,0.4128,0.4145,0.4162,0.4681,0.4701,0.467,0.4658,0.4647,0.4638,0.4632,0.4626,0.462,0.4614,0.4632,0.4608,0.4585,0.4561,0.4538,0.4515,0.4492,0.4469,0.4447,0.4425,0.4398,0.4369,0.434,0.4319,0.4315,0.4311,0.4307,0.4302,0.4295,0.4289,0.4282,0.4275,0.4268,0.4261,0.4254,0.4247,0.4241,0.4234,0.4227,0.422,0.4214,0.4207,0.4212,0.4219,0.4226,0.4233,0.4241,0.4248,0.4255,0.4262,0.4269,0.4276,0.4283,0.4344,0.434,0.4337,0.4333,0.433,0.4326,0.4322,0.4319,0.4315,0.4312,0.4308,0.4304,0.4301,0.4297,0.4294,0.429,0.4287,0.4283,0.428,0.4276,0.4272,0.4269,0.4265
0.3611,0.3618,0.3625,0.3633,0.364,0.3647,0.3654,0.3662,0.3669,0.3677,0.3684,0.369,0.3695,0.3701,0.3706,0.3712,0.3717,3.8878,3.8829,2.642,2.5833,2.5282,2.4766,2.4724,2.4776,2.4888,2.506,2.5273,2.5477,3.4927,3.4379,3.384,3.3315,3.2805,3.2392,3.2044,3.1586,3.1132,3.0689,3.0259,2.984,2.9433,2.9038,2.8653,2.8271,2.7913,2.7563,2.7221,2.6888,2.6562,2.6245,2.5943,2.5651,2.5364,2.5084,2.481,2.4542,2.428,2.4024,2.3772,2.3527,2.3286,2.305,2.2818,2.2591,2.2369,2.2151,2.1937,2.1728,2.1522,2.132,2.1122,2.0928,2.0737,2.0549,2.0365,2.0184,2.0007,1.9832,1.9661,1.9492,1.9326,1.9163,1.9003,1.8845,1.8691,1.8539,1.839,1.8244,1.81,1.7958,1.7818,1.7681,1.7545,0.3901,0.3902,0.3903,0.3904,0.3905,0.3907,0.3908,0.3909,0.391,0.3912,0.3914,0.3916,0.3918,0.392,0.3921,0.3923,0.3925,0.3927,0.3929,0.3931,0.3932,0.3934,0.3936,0.3938,0.394,0.3942,0.3943,0.3945,0.3947,0.3949,0.3951,0.3953,0.3954,0.3956,0.3958,0.396,0.3962,0.3964,0.3966,0.3967,0.3969,0.3971,0.3973,0.3975,0.3977,0.3979,0.3981,0.3982,0.3984,0.3986,0.3988,0.399,0.3992,0.3994,0.3996,0.3998,0.3999,0.4001,0.4003,0.4005,0.4007,0.4009,0.4011,0.4013,0.4015,0.4017,0.4018,0.402,0.4022,0.4024,0.4026,0.4029,0.4031,0.4033,0.4036,0.4038,0.404,0.4043,0.4024,0.404,0.4056,0.4073,0.4089,0.4106,0.4123,0.4163,0.4673,0.4693,0.4676,0.4665,0.4654,0.4643,0.4636,0.463,0.4624,0.4618,0.4631,0.4619,0.4595,0.4571,0.4548,0.4525,0.4502,0.4479,0.4457,0.4435,0.4411,0.4382,0.4352,0.4324,0.4318,0.4314,0.431,0.4306,0.4299,0.4292,0.4285,0.4278,0.4272,0.4265,0.4258,0.4251,0.4244,0.4237,0.4231,0.4224,0.4217,0.4211,0.421,0.4217,0.4224,0.4231,0.4238,0.4245,0.4252,0.426,0.4267,0.4274,0.4281,0.4335,0.4342,0.4338,0.4335,0.4331,0.4327,0.4324,0.432,0.4317,0.4313,0.4309,0.4306,0.4302,0.4299,0.4295,0.4292,0.4288,0.4285,0.4281,0.4278,0.4274,0.427,0.4267
0.3646,0.3654,0.3661,0.3668,0.3676,0.3683,0.369,0.3696,0.3701,0.3706,0.3712,0.3717,0.3723,0.3728,2.8084,2.82,4.1953,2.6179,2.559,2.5049,2.4566,2.4503,2.4537,2.4674,2.4773,2.482,2.5155,2.5334,3.4148,3.3616,3.3097,3.2595,3.2117,3.177,3.1372,3.0925,3.0488,3.0063,2.965,2.9248,2.8857,2.8477,2.8107,2.7744,2.7398,2.706,2.673,2.6409,2.6095,2.5798,2.5508,2.5226,2.4949,2.4678,2.4413,2.4153,2.3899,2.3651,2.3407,2.3169,2.2935,2.2706,2.2481,2.2261,2.2045,2.1834,2.1626,2.1422,2.1222,2.1026,2.0833,2.0644,2.0458,2.0276,2.0097,1.992,1.9747,1.9577,1.941,1.9246,1.9084,1.8925,1.8769,1.8615,1.8464,1.8316,1.8171,1.8028,1.7887,1.7749,1.7612,1.7478,0,0,0,0.3901,0.3902,0.3903,0.3904,0.3905,0.3907,0.3908,0.3909,0.3911,0.3913,0.3915,0.3917,0.3918,0.392,0.3922,0.3924,0.3926,0.3928,0.3929,0.3931,0.3933,0.3935,0.3937,0.3939,0.394,0.3942,0.3944,0.3946,0.3948,0.395,0.3951,0.3953,0.3955,0.3957,0.3959,0.3961,0.3963,0.3964,0.3966,0.3968,0.397,0.3972,0.3974,0.3976,0.3978,0.3979,0.3981,0.3983,0.3985,0.3987,0.3989,0.3991,0.3993,0.3994,0.3996,0.3998,0.4,0.4002,0.4004,0.4006,0.4008,0.401,0.4012,0.4013,0.4015,0.4018,0.402,0.4022,0.4024,0.4027,0.4029,0.4031,0.4033,0.4036,0.4038,0.404,0.4044,0.4003,0.402,0.4036,0.4052,0.4068,0.4085,0.4117,0.4161,0.4666,0.4686,0.4706,0.4672,0.466,0.4649,0.464,0.4634,0.4628,0.4622,0.4622,0.4629,0.4605,0.4581,0.4558,0.4535,0.4512,0.4489,0.4466,0.4444,0.4422,0.4394,0.4365,0.4336,0.4321,0.4317,0.4313,0.4309,0.4303,0.4296,0.4289,0.4282,0.4275,0.4268,0.4262,0.4255,0.4248,0.4241,0.4234,0.4228,0.4221,0.4214,0.4208,0.4215,0.4222,0.4229,0.4236,0.4243,0.425,0.4257,0.4265,0.4272,0.4279,0.4316,0.4344,0.434,0.4336,0.4333,0.4329,0.4325,0.4322,0.4318,0.4315,0.4311,0.4307,0.4304,0.43,0.4297,0.4293,0.429,0.4286,0.4283,0.4279,0.4275,0.4272,0.4268
0.3682,0.369,0.3696,0.3701,0.3706,0.3712,0.3717,0.3723,0.3728,0.3734,0.3739,2.7489,2.7669,2.7852,2.8089,2.5942,2.5352,2.482,2.4378,2.4291,2.4335,2.444,2.4547,2.4678,2.4816,2.5104,2.5259,3.3394,3.2883,3.2387,3.1905,3.1504,3.116,3.0721,3.0291,2.987,2.9461,2.9065,2.8679,2.8304,2.7938,2.7575,2.7235,2.6901,2.6575,2.6257,2.5948,2.5655,2.5368,2.5088,2.4816,2.4548,2.4285,2.4028,2.3776,2.353,2.3289,2.3053,2.2822,2.2595,2.2373,2.2155,2.1941,2.1731,2.1525,2.1323,2.1125,2.0931,2.074,2.0552,2.0368,2.0187,2.001,1.9835,1.9663,1.9495,1.9329,1.9166,1.9006,1.8848,1.8693,1.8541,1.8391,1.8243,1.8098,1.7957,1.7817,1.768,1.7544,0,0,0,0,0,0,0.39,0.3901,0.3902,0.3903,0.3904,0.3905,0.3907,0.3908,0.391,0.3912,0.3914,0.3915,0.3917,0.3919,0.3921,0.3923,0.3925,0.3926,0.3928,0.393,0.3932,0.3934,0.3936,0.3937,0.3939,0.3941,0.3943,0.3945,0.3947,0.3948,0.395,0.3952,0.3954,0.3956,0.3958,0.396,0.3961,0.3963,0.3965,0.3967,0.3969,0.3971,0.3973,0.3974,0.3976,0.3978,0.398,0.3982,0.3984,0.3986,0.3988,0.399,0.3991,0.3993,0.3995,0.3997,0.3999,0.4001,0.4003,0.4005,0.4007,0.4009,0.4011,0.4013,0.4016,0.4018,0.402,0.4022,0.4025,0.4027,0.4029,0.4031,0.4034,0.4036,0.4038,0.4041,0.4045,0.4049,0.3999,0.4015,0.4031,0.4047,0.4065,0.4134,0.4159,0.4175,0.4679,0.4699,0.4678,0.4667,0.4656,0.4644,0.4638,0.4632,0.4626,0.462,0.4639,0.4615,0.4592,0.4568,0.4545,0.4522,0.4499,0.4476,0.4454,0.4432,0.4407,0.4378,0.4349,0.4323,0.432,0.4316,0.4312,0.4307,0.43,0.4293,0.4286,0.4279,0.4272,0.4265,0.4258,0.4252,0.4245,0.4238,0.4231,0.4225,0.4218,0.4211,0.4213,0.422,0.4227,0.4234,0.4241,0.4248,0.4255,0.4262,0.4269,0.4277,0.4297,0.4345,0.4341,0.4338,0.4334,0.4331,0.4327,0.4323,0.432,0.4316,0.4313,0.4309,0.4305,0.4302,0.4298,0.4295,0.4291,0.4288,0.4284,0.4281,0.4277,0.4273,0.427
0.3712,0.3717,0.3723,0.3728,0.3734,0.3739,0.3745,2.6762,2.6931,2.7103,2.7276,2.7453,2.7632,2.5709,2.5128,2.4596,2.4193,2.4084,2.4137,2.4241,2.4345,2.4451,2.4557,3.4228,3.3694,3.3176,3.2671,3.2181,3.1706,3.1244,3.0915,3.052,3.0095,2.968,2.9276,2.8885,2.8504,2.8133,2.7771,2.7419,2.7073,2.6743,2.6421,2.6107,2.5803,2.5513,2.523,2.4953,2.4684,2.4418,2.4159,2.3904,2.3655,2.3411,2.3173,2.2939,2.271,2.2485,2.2265,2.2049,2.1837,2.1629,2.1425,2.1225,2.1029,2.0836,2.0647,2.0461,2.0279,2.0099,1.9923,1.975,1.958,1.9413,1.9249,1.9087,1.8928,1.8772,1.8618,1.8467,1.8318,1.8171,1.8027,1.7886,1.7748,1.7611,0,0,0,0,0,0,0,0,0,0,0.39,0.3901,0.3902,0.3903,0.3904,0.3905,0.3907,0.3909,0.3911,0.3913,0.3914,0.3916,0.3918,0.392,0.3922,0.3923,0.3925,0.3927,0.3929,0.3931,0.3933,0.3934,0.3936,0.3938,0.394,0.3942,0.3944,0.3945,0.3947,0.3949,0.3951,0.3953,0.3955,0.3957,0.3958,0.396,0.3962,0.3964,0.3966,0.3968,0.397,0.3971,0.3973,0.3975,0.3977,0.3979,0.3981,0.3983,0.3985,0.3986,0.3988,0.399,0.3992,0.3994,0.3996,0.3998,0.4,0.4002,0.4004,0.4007,0.4009,0.4011,0.4014,0.4016,0.4018,0.402,0.4023,0.4025,0.4027,0.4029,0.4032,0.4034,0.4036,0.4039,0.4042,0.4045,0.4049,0.3979,0.3995,0.4011,0.4027,0.4081,0.4136,0.4156,0.4174,0.4671,0.4692,0.4693,0.4674,0.4662,0.4651,0.4642,0.4636,0.463,0.4623,0.4637,0.4626,0.4602,0.4578,0.4555,0.4532,0.4509,0.4486,0.4463,0.4441,0.4419,0.4391,0.4361,0.4333,0.4322,0.4319,0.4315,0.4311,0.4304,0.4297,0.429,0.4283,0.4276,0.4269,0.4262,0.4255,0.4249,0.4242,0.4235,0.4228,0.4221,0.4215,0.4211,0.4218,0.4225,0.4232,0.4239,0.4246,0.4253,0.426,0.4267,0.4274,0.4282,0.4347,0.4343,0.4339,0.4336,0.4332,0.4328,0.4325,0.4321,0.4318,0.4314,0.431,0.4307,0.4303,0.43,0.4296,0.4293,0.4289,0.4286,0.4282,0.4278,0.4275,0.4271
0.3739,0.3745,0.375,0.3756,2.6244,2.6399,2.6562,2.6728,2.6896,2.7067,2.724,2.7416,2.4909,2.4385,2.4035,2.395,2.4017,2.4046,2.4149,2.4253,2.4358,3.3999,3.3472,3.296,3.2462,3.1978,3.1509,3.1053,3.0664,3.0321,2.9902,2.9493,2.9093,2.8706,2.833,2.7964,2.7606,2.7257,2.6916,2.6588,2.6269,2.5959,2.566,2.5374,2.5093,2.4819,2.4551,2.429,2.4033,2.3782,2.3535,2.3294,2.3057,2.2825,2.2599,2.2376,2.2158,2.1944,2.1734,2.1529,2.1327,2.1128,2.0934,2.0743,2.0555,2.0371,2.019,2.0012,1.9838,1.9666,1.9497,1.9332,1.9169,1.9008,1.8851,1.8696,1.8543,1.8393,1.8245,1.81,1.7957,1.7816,1.7679,1.7543,0,0,0,0,0,0,0,0,0,0,0,0,0.3898,0.39,0.3901,0.3902,0.3903,0.3904,0.3906,0.3908,0.391,0.3911,0.3913,0.3915,0.3917,0.3919,0.3921,0.3922,0.3924,0.3926,0.3928,0.393,0.3931,0.3933,0.3935,0.3937,0.3939,0.3941,0.3942,0.3944,0.3946,0.3948,0.395,0.3952,0.3954,0.3955,0.3957,0.3959,0.3961,0.3963,0.3965,0.3967,0.3968,0.397,0.3972,0.3974,0.3976,0.3978,0.398,0.3982,0.3983,0.3985,0.3987,0.3989,0.3991,0.3994,0.3996,0.3998,0.4,0.4002,0.4005,0.4007,0.4009,0.4012,0.4014,0.4016,0.4018,0.4021,0.4023,0.4025,0.4027,0.403,0.4032,0.4034,0.4037,0.4039,0.4042,0.4046,0.405,0.4054,0.3975,0.399,0.403,0.4098,0.4134,0.4154,0.4172,0.4664,0.4684,0.4704,0.468,0.4669,0.4658,0.4646,0.464,0.4633,0.4627,0.4628,0.4636,0.4612,0.4588,0.4565,0.4541,0.4518,0.4496,0.4473,0.4451,0.4429,0.4404,0.4374,0.4345,0.4325,0.4321,0.4318,0.4314,0.4307,0.43,0.4294,0.4287,0.428,0.4273,0.4266,0.4259,0.4252,0.4245,0.4239,0.4232,0.4225,0.4218,0.4212,0.4216,0.4223,0.423,0.4237,0.4244,0.4251,0.4258,0.4265,0.4272,0.4279,0.4334,0.4345,0.4341,0.4337,0.4334,0.433,0.4326,0.4323,0.4319,0.4316,0.4312,0.4308,0.4305,0.4301,0.4298,0.4294,0.4291,0.4287,0.4284,0.428,0.4276,0.4273
0.3767,2.5693,2.5854,2.6015,2.6191,2.6367,2.653,2.6695,2.6862,2.7032,2.4686,2.4221,2.3989,2.3846,2.383,2.3907,2.3999,2.4059,2.4163,3.3772,3.3252,3.2747,3.2256,3.1778,3.1315,3.0864,3.0426,3.0076,2.9714,2.9309,2.8914,2.8531,2.8158,2.7796,2.7443,2.7098,2.6762,2.6434,2.6119,2.5812,2.5518,2.5235,2.4958,2.4687,2.4421,2.4163,2.3909,2.366,2.3416,2.3177,2.2943,2.2714,2.2489,2.2269,2.2053,2.1841,2.1633,2.1429,2.1229,2.1032,2.0839,2.065,2.0464,2.0282,2.0102,1.9926,1.9753,1.9583,1.9416,1.9251,1.909,1.8931,1.8774,1.862,1.8469,1.832,1.8174,1.803,1.7888,1.7748,1.7611,0,0,0,0,0,0,0,0,0,0,0,0,0,0,0,0.3897,0.3898,0.39,0.3901,0.3902,0.3903,0.3905,0.3907,0.3909,0.391,0.3912,0.3914,0.3916,0.3918,0.3919,0.3921,0.3923,0.3925,0.3927,0.3929,0.393,0.3932,0.3934,0.3936,0.3938,0.394,0.3941,0.3943,0.3945,0.3947,0.3949,0.3951,0.3952,0.3954,0.3956,0.3958,0.396,0.3962,0.3964,0.3965,0.3967,0.3969,0.3971,0.3973,0.3975,0.3977,0.3979,0.398,0.3983,0.3985,0.3987,0.3989,0.3992,0.3994,0.3996,0.3998,0.4001,0.4003,0.4005,0.4007,0.401,0.4012,0.4014,0.4016,0.4019,0.4021,0.4023,0.4025,0.4028,0.403,0.4032,0.4035,0.4037,0.4039,0.4043,0.4047,0.4051,0.4054,0.3955,0.398,0.4046,0.4111,0.4131,0.4152,0.4171,0.418,0.4677,0.4697,0.4687,0.4676,0.4664,0.4653,0.4644,0.4637,0.4631,0.4625,0.4647,0.4622,0.4599,0.4575,0.4552,0.4528,0.4505,0.4483,0.446,0.4438,0.4416,0.4387,0.4358,0.4329,0.4324,0.432,0.4316,0.4311,0.4304,0.4297,0.429,0.4283,0.4277,0.427,0.4263,0.4256,0.4249,0.4242,0.4236,0.4229,0.4222,0.4215,0.4213,0.422,0.4227,0.4234,0.4242,0.4249,0.4256,0.4263,0.427,0.4277,0.4315,0.4346,0.4342,0.4339,0.4335,0.4332,0.4328,0.4324,0.4321,0.4317,0.4314,0.431,0.4306,0.4303,0.4299,0.4296,0.4292,0.4289,0.4285,0.4282,0.4278,0.4274
2.5489,2.5645,2.5802,2.5976,2.6165,2.6335,2.6497,2.6662,2.4215,2.4099,2.3942,2.3799,2.381,2.3832,2.3798,2.391,2.4013,2.508,3.3035,3.2538,3.2052,3.158,3.1122,3.0678,3.0245,2.9867,2.9532,2.9132,2.8741,2.836,2.7989,2.7631,2.7281,2.6941,2.6609,2.6284,2.5971,2.5667,2.5379,2.5098,2.4824,2.4556,2.4293,2.4036,2.3785,2.3539,2.3298,2.3062,2.283,2.2603,2.238,2.2162,2.1948,2.1738,2.1532,2.133,2.1132,2.0937,2.0746,2.0558,2.0374,2.0193,2.0015,1.9841,1.9669,1.95,1.9334,1.9171,1.9011,1.8853,1.8698,1.8545,1.8395,1.8247,1.8102,1.7959,1.7818,1.7679,1.7543,0,0,0,0,0,0,0,0,0,0,0,0,0,0,0,0,0,0,0.3897,0.3898,0.39,0.3901,0.3902,0.3904,0.3906,0.3907,0.3909,0.3911,0.3913,0.3915,0.3916,0.3918,0.392,0.3922,0.3924,0.3926,0.3927,0.3929,0.3931,0.3933,0.3935,0.3937,0.3938,0.394,0.3942,0.3944,0.3946,0.3948,0.3949,0.3951,0.3953,0.3955,0.3957,0.3959,0.3961,0.3962,0.3964,0.3966,0.3968,0.397,0.3972,0.3974,0.3976,0.3978,0.3981,0.3983,0.3985,0.3987,0.399,0.3992,0.3994,0.3996,0.3999,0.4001,0.4003,0.4005,0.4008,0.401,0.4012,0.4014,0.4017,0.4019,0.4021,0.4023,0.4026,0.4028,0.403,0.4033,0.4035,0.4037,0.404,0.4044,0.4047,0.4051,0.4055,0.3998,0.3996,0.4062,0.4109,0.4129,0.415,0.4167,0.4179,0.467,0.469,0.471,0.4682,0.4671,0.466,0.4648,0.4641,0.4635,0.4629,0.4642,0.4633,0.4609,0.4585,0.4562,0.4538,0.4515,0.4492,0.447,0.4448,0.4425,0.44,0.4371,0.4342,0.4327,0.4323,0.4319,0.4315,0.4308,0.4301,0.4294,0.4287,0.428,0.4273,0.4267,0.426,0.4253,0.4246,0.4239,0.4232,0.4226,0.4219,0.4212,0.4218,0.4225,0.4232,0.4239,0.4246,0.4253,0.4261,0.4268,0.4275,0.4296,0.4348,0.4344,0.434,0.4337,0.4333,0.4329,0.4326,0.4322,0.4319,0.4315,0.4312,0.4308,0.4304,0.4301,0.4297,0.4294,0.429,0.4287,0.4283,0.4279,0.4276
2.5440,2.5594,2.5765,2.5951,2.614,2.6303,2.6465,2.3873,2.3884,2.3739,2.3758,2.3799,2.3823,2.3849,2.3901,2.8142,2.8463,3.233,3.1853,3.1385,3.0932,3.0492,3.0064,2.965,2.9282,2.8957,2.8571,2.8194,2.7828,2.7471,2.7123,2.6785,2.6457,2.6137,2.5824,2.5524,2.524,2.4963,2.4692,2.4426,2.4166,2.3912,2.3663,2.342,2.3182,2.2948,2.2718,2.2493,2.2273,2.2056,2.1844,2.1636,2.1432,2.1232,2.1036,2.0843,2.0653,2.0467,2.0284,2.0105,1.9928,1.9755,1.9585,1.9417,1.9253,1.9091,1.8932,1.8775,1.8621,1.847,1.8321,1.8174,1.803,1.7888,1.7748,1.7611,1.7475,0,0,0,0,0,0,0,0,0,0,0,0,0,0,0,0,0,0,0,0,0.3896,0.3897,0.3898,0.39,0.3901,0.3903,0.3904,0.3906,0.3908,0.391,0.3912,0.3914,0.3915,0.3917,0.3919,0.3921,0.3923,0.3924,0.3926,0.3928,0.393,0.3932,0.3934,0.3935,0.3937,0.3939,0.3941,0.3943,0.3945,0.3946,0.3948,0.395,0.3952,0.3954,0.3956,0.3958,0.3959,0.3961,0.3963,0.3965,0.3968,0.397,0.3972,0.3974,0.3976,0.3979,0.3981,0.3983,0.3985,0.3988,0.399,0.3992,0.3994,0.3997,0.3999,0.4001,0.4003,0.4006,0.4008,0.401,0.4012,0.4015,0.4017,0.4019,0.4021,0.4024,0.4026,0.4028,0.4031,0.4033,0.4035,0.4037,0.4041,0.4044,0.4048,0.4052,0.4056,0.4059,0.4012,0.4079,0.4107,0.4127,0.4144,0.4162,0.4178,0.4662,0.4682,0.4702,0.4689,0.4677,0.4666,0.4655,0.4645,0.4639,0.4633,0.4633,0.4643,0.4619,0.4595,0.4572,0.4548,0.4525,0.4502,0.448,0.4457,0.4435,0.4413,0.4383,0.4354,0.433,0.4326,0.4322,0.4318,0.4312,0.4305,0.4298,0.4291,0.4284,0.4277,0.427,0.4263,0.4257,0.425,0.4243,0.4236,0.4229,0.4223,0.4216,0.4216,0.4223,0.423,0.4237,0.4244,0.4251,0.4258,0.4266,0.4273,0.428,0.4349,0.4346,0.4342,0.4338,0.4335,0.4331,0.4327,0.4324,0.432,0.4317,0.4313,0.4309,0.4306,0.4302,0.4299,0.4295,0.4292,0.4288,0.4285,0.4281,0.4277
2.5408,2.5572,2.574,2.5926,2.6104,2.6266,2.6425,2.3783,2.389,2.4003,2.3733,2.3829,2.3972,2.7642,2.7845,2.813,2.8477,3.1192,3.0745,3.031,2.9888,2.9478,2.8978,2.8785,2.8404,2.8031,2.7669,2.7316,2.6972,2.6636,2.6309,2.599,2.5681,2.5384,2.5103,2.4829,2.456,2.4298,2.4041,2.3789,2.3542,2.3301,2.3066,2.2834,2.2606,2.2384,2.2165,2.1951,2.1741,2.1534,2.1332,2.1133,2.0938,2.0747,2.056,2.0375,2.0194,2.0016,1.9841,1.9669,1.9501,1.9335,1.9171,1.9011,1.8853,1.8698,1.8545,1.8395,1.8247,1.8102,1.7959,1.7818,1.7679,1.7543,1.7408,1.7275,1.7146,0,0,0,0,0,0,0,0,0,0,0,0,0,0,0,0,0,0,0,0,0,0.3896,0.3897,0.3898,0.39,0.3902,0.3903,0.3905,0.3907,0.3909,0.3911,0.3912,0.3914,0.3916,0.3918,0.392,0.3921,0.3923,0.3925,0.3927,0.3929,0.3931,0.3932,0.3934,0.3936,0.3938,0.394,0.3942,0.3943,0.3945,0.3947,0.3949,0.3951,0.3953,0.3955,0.3957,0.3959,0.3961,0.3963,0.3966,0.3968,0.397,0.3972,0.3974,0.3977,0.3979,0.3981,0.3983,0.3986,0.3988,0.399,0.3992,0.3995,0.3997,0.3999,0.4001,0.4004,0.4006,0.4008,0.401,0.4013,0.4015,0.4017,0.4019,0.4022,0.4024,0.4026,0.4029,0.4031,0.4033,0.4035,0.4038,0.4041,0.4045,0.4049,0.4053,0.4056,0.406,0.4028,0.4085,0.4104,0.4121,0.4138,0.4156,0.4174,0.4655,0.4675,0.4695,0.4696,0.4684,0.4673,0.4661,0.465,0.4643,0.4637,0.4631,0.4654,0.4629,0.4606,0.4582,0.4558,0.4535,0.4512,0.4489,0.4467,0.4445,0.4422,0.4396,0.4367,0.4338,0.4329,0.4325,0.4321,0.4316,0.4309,0.4302,0.4295,0.4288,0.4281,0.4274,0.4267,0.426,0.4253,0.4247,0.424,0.4233,0.4226,0.422,0.4214,0.4221,0.4228,0.4235,0.4242,0.4249,0.4256,0.4263,0.427,0.4278,0.4333,0.4347,0.4343,0.434,0.4336,0.4333,0.4329,0.4325,0.4322,0.4318,0.4315,0.4311,0.4307,0.4304,0.43,0.4297,0.4293,0.429,0.4286,0.4283,0.4279
2.5378,2.5544,2.5711,2.5879,2.6048,2.6212,2.3945,2.3769,2.3883,2.3984,2.4103,2.7281,2.7436,2.7604,2.7821,2.8088,2.844,3.013,2.9712,2.905,2.8679,2.853,2.8238,2.787,2.7512,2.7162,2.6822,2.649,2.6167,2.5851,2.5543,2.5245,2.4967,2.4696,2.4429,2.4169,2.3915,2.3665,2.3421,2.3182,2.2948,2.2719,2.2494,2.2273,2.2058,2.1846,2.1637,2.1433,2.1232,2.1036,2.0843,2.0653,2.0467,2.0284,2.0105,1.9928,1.9755,1.9585,1.9417,1.9253,1.9091,1.8932,1.8775,1.8621,1.847,1.8321,1.8174,1.803,1.7888,1.7748,1.7611,1.7475,1.7342,1.721,1.7081,1.6955,0,0,0,0,0,0,0,0,0,0,0,0,0,0,0,0,0,0,0,0,0,0,0.3895,0.3896,0.3897,0.3899,0.39,0.3902,0.3904,0.3906,0.3908,0.3909,0.3911,0.3913,0.3915,0.3917,0.3919,0.392,0.3922,0.3924,0.3926,0.3928,0.3929,0.3931,0.3933,0.3935,0.3937,0.3939,0.3941,0.3942,0.3944,0.3946,0.3948,0.395,0.3953,0.3955,0.3957,0.3959,0.3961,0.3964,0.3966,0.3968,0.397,0.3973,0.3975,0.3977,0.3979,0.3981,0.3984,0.3986,0.3988,0.399,0.3993,0.3995,0.3997,0.3999,0.4002,0.4004,0.4006,0.4008,0.4011,0.4013,0.4015,0.4017,0.402,0.4022,0.4024,0.4027,0.4029,0.4031,0.4033,0.4036,0.4038,0.4042,0.4046,0.4049,0.4053,0.4057,0.4061,0.4065,0.4081,0.4098,0.4116,0.4133,0.415,0.4168,0.4184,0.4668,0.4688,0.4708,0.4691,0.4679,0.4668,0.4657,0.4647,0.4641,0.4635,0.4648,0.464,0.4616,0.4592,0.4568,0.4545,0.4522,0.4499,0.4477,0.4454,0.4432,0.4409,0.438,0.4351,0.4332,0.4328,0.4324,0.432,0.4312,0.4305,0.4299,0.4292,0.4285,0.4278,0.4271,0.4264,0.4257,0.425,0.4244,0.4237,0.423,0.4223,0.4217,0.4219,0.4226,0.4233,0.424,0.4247,0.4254,0.4261,0.4268,0.4275,0.4314,0.4349,0.4345,0.4341,0.4338,0.4334,0.4331,0.4327,0.4323,0.432,0.4316,0.4313,0.4309,0.4305,0.4302,0.4298,0.4295,0.4291,0.4288,0.4284,0.428
2.5329,2.5495,2.5659,2.5824,2.5993,2.6157,2.6321,2.6487,2.3874,2.3986,2.7137,2.7297,2.7451,2.7624,2.7802,2.8046,2.8288,2.8674,2.8441,2.824,2.8074,2.771,2.7356,2.7011,2.6674,2.6346,2.6026,2.5714,2.5409,2.5114,2.4831,2.4562,2.4299,2.4042,2.379,2.3543,2.3302,2.3065,2.2833,2.2606,2.2383,2.2164,2.195,2.1741,2.1535,2.1333,2.1133,2.0938,2.0747,2.056,2.0375,2.0194,2.0016,1.9841,1.9669,1.9501,1.9335,1.9171,1.9011,1.8853,1.8698,1.8545,1.8395,1.8247,1.8102,1.7959,1.7818,1.7679,1.7543,1.7408,1.7276,1.7145,1.7017,1.6892,1.6769,0,0,0,0,0,0,0,0,0,0,0,0,0,0,0,0,0,0,0,0,0,0,0,0.3894,0.3895,0.3896,0.3898,0.3899,0.3901,0.3903,0.3905,0.3907,0.3908,0.391,0.3912,0.3914,0.3916,0.3917,0.3919,0.3921,0.3923,0.3925,0.3927,0.3928,0.393,0.3932,0.3934,0.3936,0.3938,0.394,0.3942,0.3944,0.3946,0.3948,0.3951,0.3953,0.3955,0.3957,0.3959,0.3962,0.3964,0.3966,0.3968,0.3971,0.3973,0.3975,0.3977,0.3979,0.3982,0.3984,0.3986,0.3988,0.3991,0.3993,0.3995,0.3997,0.4,0.4002,0.4004,0.4006,0.4009,0.4011,0.4013,0.4015,0.4018,0.402,0.4022,0.4024,0.4027,0.4029,0.4031,0.4034,0.4036,0.4039,0.4043,0.4046,0.405,0.4054,0.4058,0.4061,0.4068,0.4079,0.4095,0.4112,0.4128,0.4145,0.4162,0.418,0.466,0.468,0.4701,0.4698,0.4686,0.4675,0.4663,0.4652,0.4645,0.4639,0.4639,0.465,0.4626,0.4602,0.4579,0.4555,0.4532,0.4509,0.4486,0.4464,0.4441,0.4419,0.4392,0.4363,0.4334,0.4331,0.4327,0.4323,0.4316,0.4309,0.4302,0.4295,0.4288,0.4281,0.4275,0.4268,0.4261,0.4254,0.4247,0.424,0.4234,0.4227,0.422,0.4217,0.4224,0.4231,0.4238,0.4245,0.4252,0.4259,0.4266,0.4273,0.4295,0.435,0.4347,0.4343,0.4339,0.4336,0.4332,0.4328,0.4325,0.4321,0.4318,0.4314,0.431,0.4307,0.4303,0.43,0.4296,0.4293,0.4289,0.4286,0.4282
2.5281,2.5445,2.5607,2.5771,2.5938,2.6102,2.6272,2.6489,2.6703,2.692,2.7154,2.7313,2.7476,2.7652,2.7829,2.7941,2.8055,2.7956,2.7814,2.7553,2.7202,2.6861,2.6528,2.6204,2.5887,2.5578,2.5278,2.4986,2.4702,2.443,2.417,2.3915,2.3666,2.3422,2.3183,2.2948,2.2719,2.2494,2.2273,2.2057,2.1845,2.1637,2.1433,2.1233,2.1036,2.0843,2.0653,2.0467,2.0284,2.0105,1.9928,1.9755,1.9585,1.9417,1.9253,1.9091,1.8932,1.8775,1.8621,1.847,1.8321,1.8174,1.803,1.7888,1.7748,1.7611,1.7475,1.7342,1.721,1.7081,1.6953,1.6829,1.6707,1.6586,0,0,0,0,0,0,0,0,0,0,0,0,0,0,0,0,0,0,0,0,0,0,0,0,0,0.3894,0.3895,0.3896,0.3898,0.39,0.3902,0.3904,0.3905,0.3907,0.3909,0.3911,0.3913,0.3914,0.3916,0.3918,0.392,0.3922,0.3924,0.3925,0.3927,0.3929,0.3931,0.3933,0.3936,0.3938,0.394,0.3942,0.3944,0.3947,0.3949,0.3951,0.3953,0.3955,0.3958,0.396,0.3962,0.3964,0.3966,0.3969,0.3971,0.3973,0.3975,0.3977,0.398,0.3982,0.3984,0.3986,0.3989,0.3991,0.3993,0.3995,0.3998,0.4,0.4002,0.4004,0.4007,0.4009,0.4011,0.4013,0.4016,0.4018,0.402,0.4022,0.4025,0.4027,0.4029,0.4032,0.4034,0.4036,0.4039,0.4043,0.4047,0.4051,0.4055,0.4058,0.4062,0.4073,0.4082,0.4098,0.4114,0.413,0.4147,0.4163,0.418,0.4652,0.4673,0.4693,0.4713,0.4693,0.4681,0.467,0.4659,0.4649,0.4642,0.4636,0.4661,0.4637,0.4613,0.4589,0.4565,0.4542,0.4519,0.4496,0.4473,0.4451,0.4429,0.4405,0.4376,0.4347,0.4333,0.433,0.4326,0.432,0.4313,0.4306,0.4299,0.4292,0.4285,0.4278,0.4271,0.4265,0.4258,0.4251,0.4244,0.4237,0.4231,0.4224,0.4217,0.4221,0.4228,0.4235,0.4242,0.425,0.4257,0.4264,0.4271,0.4278,0.4352,0.4348,0.4344,0.4341,0.4337,0.4334,0.433,0.4326,0.4323,0.4319,0.4316,0.4312,0.4308,0.4305,0.4301,0.4298,0.4294,0.4291,0.4287,0.4283
2.5233,2.5393,2.5555,2.5718,2.5884,2.6085,2.6299,2.6516,2.6725,2.6943,2.7172,2.7331,2.7504,2.7637,2.7728,2.7678,2.7538,2.7397,2.705,2.6713,2.6384,2.6063,2.5749,2.5445,2.5148,2.4859,2.4578,2.4304,2.4042,2.379,2.3544,2.3302,2.3065,2.2833,2.2606,2.2383,2.2164,2.195,2.174,2.1534,2.1332,2.1134,2.0939,2.0747,2.056,2.0375,2.0194,2.0016,1.9841,1.967,1.9501,1.9335,1.9172,1.9011,1.8853,1.8698,1.8545,1.8395,1.8247,1.8102,1.7959,1.7818,1.7679,1.7543,1.7408,1.7276,1.7145,1.7017,1.689,1.6767,1.6645,1.6526,1.6408,1.6291,0,0,0,0,0,0,0,0,0,0,0,0,0,0,0,0,0,0,0,0,0,0,0,0,0,0.3893,0.3894,0.3895,0.3897,0.3899,0.3901,0.3903,0.3904,0.3906,0.3908,0.391,0.3912,0.3913,0.3915,0.3917,0.3919,0.3921,0.3923,0.3925,0.3927,0.3929,0.3932,0.3934,0.3936,0.3938,0.394,0.3942,0.3945,0.3947,0.3949,0.3951,0.3953,0.3956,0.3958,0.396,0.3962,0.3964,0.3967,0.3969,0.3971,0.3973,0.3976,0.3978,0.398,0.3982,0.3984,0.3987,0.3989,0.3991,0.3993,0.3996,0.3998,0.4,0.4002,0.4005,0.4007,0.4009,0.4011,0.4014,0.4016,0.4018,0.402,0.4023,0.4025,0.4027,0.403,0.4032,0.4034,0.4036,0.404,0.4044,0.4048,0.4051,0.4055,0.4059,0.4073,0.4079,0.4086,0.41,0.4116,0.4133,0.4149,0.4166,0.42,0.4375,0.4665,0.4686,0.4706,0.4699,0.4688,0.4677,0.4665,0.4654,0.4646,0.464,0.4653,0.4647,0.4623,0.4599,0.4575,0.4552,0.4529,0.4506,0.4483,0.4461,0.4438,0.4416,0.4389,0.436,0.4336,0.4332,0.4329,0.4324,0.4317,0.431,0.4303,0.4296,0.4289,0.4282,0.4275,0.4268,0.4261,0.4255,0.4248,0.4241,0.4234,0.4227,0.4221,0.4219,0.4226,0.4233,0.424,0.4247,0.4254,0.4262,0.4269,0.4276,0.4333,0.435,0.4346,0.4342,0.4339,0.4335,0.4332,0.4328,0.4324,0.4321,0.4317,0.4314,0.431,0.4306,0.4303,0.4299,0.4296,0.4292,0.4289,0.4285
2.5183,2.5342,2.5512,2.5703,2.5905,2.6112,2.6326,2.6543,2.6748,2.6965,2.719,2.7339,2.7427,2.7467,2.7268,2.7133,2.69,2.6566,2.6241,2.5923,2.5614,2.5313,2.502,2.4734,2.4455,2.4184,2.3918,2.3666,2.3422,2.3183,2.2949,2.2719,2.2494,2.2274,2.2057,2.1845,2.1637,2.1433,2.1232,2.1036,2.0843,2.0653,2.0467,2.0284,2.0104,1.9928,1.9755,1.9585,1.9417,1.9253,1.9091,1.8932,1.8775,1.8621,1.847,1.8321,1.8174,1.803,1.7888,1.7748,1.7611,1.7475,1.7342,1.7211,1.7081,1.6954,1.6828,1.6705,1.6584,1.6465,1.6348,1.6233,1.6119,0,0,0,0,0,0,0,0,0,0,0,0,0,0,0,0,0,0,0,0,0,0,0,0,0,0,0.3891,0.3893,0.3894,0.3896,0.3898,0.39,0.3901,0.3903,0.3905,0.3907,0.3909,0.391,0.3912,0.3914,0.3917,0.3919,0.3921,0.3923,0.3925,0.3927,0.393,0.3932,0.3934,0.3936,0.3938,0.3941,0.3943,0.3945,0.3947,0.3949,0.3951,0.3954,0.3956,0.3958,0.396,0.3962,0.3965,0.3967,0.3969,0.3971,0.3974,0.3976,0.3978,0.398,0.3982,0.3985,0.3987,0.3989,0.3991,0.3994,0.3996,0.3998,0.4,0.4003,0.4005,0.4007,0.4009,0.4012,0.4014,0.4016,0.4018,0.4021,0.4023,0.4025,0.4028,0.403,0.4032,0.4034,0.4037,0.4041,0.4045,0.4048,0.4052,0.4056,0.4061,0.4079,0.4085,0.4092,0.4103,0.4119,0.4135,0.4151,0.4168,0.4263,0.4365,0.4657,0.4678,0.4699,0.4706,0.4695,0.4683,0.4672,0.4661,0.465,0.4644,0.4644,0.4657,0.4633,0.4609,0.4586,0.4562,0.4539,0.4516,0.4493,0.447,0.4448,0.4426,0.4402,0.4372,0.4343,0.4335,0.4331,0.4327,0.4321,0.4314,0.4307,0.43,0.4293,0.4286,0.4279,0.4272,0.4265,0.4258,0.4251,0.4245,0.4238,0.4231,0.4224,0.4218,0.4224,0.4231,0.4238,0.4245,0.4252,0.4259,0.4267,0.4274,0.4314,0.4351,0.4348,0.4344,0.434,0.4337,0.4333,0.4329,0.4326,0.4322,0.4319,0.4315,0.4311,0.4308,0.4304,0.4301,0.4297,0.4294,0.429,0.4287
2.5154,2.534,2.5529,2.5729,2.5932,2.6139,2.6353,2.6563,2.677,2.6988,2.7131,2.7217,2.7076,2.6871,2.674,2.6421,2.6099,2.5785,2.5481,2.5183,2.4893,2.461,2.4334,2.4065,2.3802,2.3545,2.3302,2.3066,2.2834,2.2606,2.2384,2.2165,2.1951,2.1741,2.1534,2.1332,2.1134,2.0939,2.0748,2.056,2.0375,2.0194,2.0016,1.9841,1.9669,1.9501,1.9335,1.9172,1.9011,1.8853,1.8698,1.8545,1.8395,1.8247,1.8102,1.7959,1.7818,1.7679,1.7543,1.7408,1.7276,1.7145,1.7017,1.6891,1.6765,1.6644,1.6524,1.6406,1.6289,1.6175,1.6062,1.595,0,0,0,0,0,0,0,0,0,0,0,0,0,0,0,0,0,0,0,0,0,0,0,0,0,0,0,0,0.3891,0.3893,0.3895,0.3897,0.3898,0.39,0.3902,0.3904,0.3906,0.3908,0.391,0.3913,0.3915,0.3917,0.3919,0.3921,0.3923,0.3926,0.3928,0.393,0.3932,0.3934,0.3936,0.3939,0.3941,0.3943,0.3945,0.3947,0.395,0.3952,0.3954,0.3956,0.3958,0.3961,0.3963,0.3965,0.3967,0.3969,0.3972,0.3974,0.3976,0.3978,0.398,0.3983,0.3985,0.3987,0.3989,0.3992,0.3994,0.3996,0.3998,0.4001,0.4003,0.4005,0.4007,0.401,0.4012,0.4014,0.4016,0.4019,0.4021,0.4023,0.4026,0.4028,0.403,0.4032,0.4035,0.4038,0.4041,0.4045,0.4049,0.4053,0.4057,0.4077,0.4085,0.4091,0.4098,0.4105,0.4121,0.4137,0.4154,0.417,0.4321,0.4345,0.4368,0.467,0.4691,0.4712,0.4701,0.469,0.4679,0.4667,0.4656,0.4648,0.4642,0.4668,0.4644,0.462,0.4596,0.4572,0.4549,0.4526,0.4503,0.448,0.4458,0.4435,0.4413,0.4385,0.4356,0.4338,0.4334,0.433,0.4325,0.4318,0.4311,0.4304,0.4297,0.429,0.4283,0.4276,0.4269,0.4262,0.4255,0.4248,0.4242,0.4235,0.4228,0.4221,0.4222,0.4229,0.4236,0.4243,0.425,0.4257,0.4264,0.4271,0.4294,0.4353,0.4349,0.4346,0.4342,0.4338,0.4335,0.4331,0.4327,0.4324,0.432,0.4317,0.4313,0.4309,0.4306,0.4302,0.4299,0.4295,0.4292,0.4288
2.5131,2.5357,2.5555,2.5756,2.596,2.6168,2.638,2.6581,2.6767,2.6886,2.6875,2.6683,2.6485,2.6278,2.5959,2.565,2.5348,2.5055,2.4767,2.4487,2.4214,2.3947,2.3687,2.3432,2.3183,2.2949,2.2719,2.2495,2.2274,2.2058,2.1845,2.1637,2.1433,2.1232,2.1036,2.0843,2.0653,2.0467,2.0284,2.0104,1.9928,1.9755,1.9585,1.9417,1.9253,1.9091,1.8932,1.8775,1.8621,1.847,1.8321,1.8174,1.803,1.7888,1.7748,1.7611,1.7475,1.7342,1.7211,1.7081,1.6954,1.6828,1.6704,1.6583,1.6463,1.6346,1.6231,1.6117,1.6005,1.5894,1.5785,0,0,0,0,0,0,0,0,0,0,0,0,0,0,0,0,0,0,0,0,0,0,0,0,0,0,0,0,0,0.389,0.3892,0.3894,0.3896,0.3898,0.39,0.3902,0.3904,0.3906,0.3909,0.3911,0.3913,0.3915,0.3917,0.3919,0.3921,0.3924,0.3926,0.3928,0.393,0.3932,0.3934,0.3937,0.3939,0.3941,0.3943,0.3945,0.3948,0.395,0.3952,0.3954,0.3956,0.3959,0.3961,0.3963,0.3965,0.3967,0.397,0.3972,0.3974,0.3976,0.3979,0.3981,0.3983,0.3985,0.3987,0.399,0.3992,0.3994,0.3996,0.3999,0.4001,0.4003,0.4005,0.4008,0.401,0.4012,0.4014,0.4017,0.4019,0.4021,0.4024,0.4026,0.4028,0.403,0.4033,0.4035,0.4038,0.4042,0.4046,0.405,0.4053,0.4065,0.4084,0.4091,0.4097,0.4104,0.411,0.4124,0.414,0.4156,0.4219,0.4301,0.4325,0.4348,0.4662,0.4683,0.4704,0.4708,0.4697,0.4685,0.4674,0.4663,0.4652,0.4646,0.4659,0.4654,0.463,0.4606,0.4582,0.4559,0.4536,0.4513,0.449,0.4467,0.4445,0.4423,0.4398,0.4369,0.4341,0.4337,0.4333,0.4328,0.4321,0.4314,0.4307,0.43,0.4293,0.4286,0.428,0.4273,0.4266,0.4259,0.4252,0.4245,0.4238,0.4232,0.4225,0.422,0.4227,0.4234,0.4241,0.4248,0.4255,0.4262,0.4269,0.4276,0.4351,0.4351,0.4347,0.4343,0.434,0.4336,0.4333,0.4329,0.4325,0.4322,0.4318,0.4315,0.4311,0.4307,0.4304,0.43,0.4297,0.4293,0.429
2.5164,2.5353,2.5557,2.5765,2.5976,2.619,2.6407,2.649,2.6537,2.6501,2.6301,2.611,2.5821,2.5516,2.5218,2.4927,2.4643,2.4365,2.4094,2.3831,2.3573,2.332,2.3073,2.2834,2.2606,2.2384,2.2165,2.1951,2.1741,2.1535,2.1333,2.1134,2.0939,2.0748,2.056,2.0375,2.0194,2.0016,1.9841,1.9669,1.95,1.9335,1.9171,1.9011,1.8853,1.8698,1.8546,1.8395,1.8247,1.8102,1.7959,1.7818,1.7679,1.7543,1.7408,1.7276,1.7145,1.7017,1.6891,1.6766,1.6643,1.6522,1.6404,1.6287,1.6173,1.606,1.5949,1.5839,1.573,1.5623,1.5202,0,0,0,0,0,0,0,0,0,0,0,0,0,0,0,0,0,0,0,0,0,0,0,0,0,0,0,0,0,0,0.3893,0.3894,0.3896,0.3898,0.39,0.3902,0.3904,0.3907,0.3909,0.3911,0.3913,0.3915,0.3917,0.392,0.3922,0.3924,0.3926,0.3928,0.393,0.3933,0.3935,0.3937,0.3939,0.3941,0.3943,0.3946,0.3948,0.395,0.3952,0.3954,0.3957,0.3959,0.3961,0.3963,0.3965,0.3968,0.397,0.3972,0.3974,0.3977,0.3979,0.3981,0.3983,0.3985,0.3988,0.399,0.3992,0.3994,0.3997,0.3999,0.4001,0.4003,0.4006,0.4008,0.401,0.4012,0.4015,0.4017,0.4019,0.4022,0.4024,0.4026,0.4028,0.4031,0.4033,0.4035,0.4039,0.4043,0.4046,0.405,0.4054,0.4081,0.409,0.4096,0.4103,0.411,0.4116,0.4126,0.4142,0.4159,0.4258,0.4282,0.4306,0.4329,0.4352,0.4675,0.4696,0.4717,0.4703,0.4692,0.468,0.4669,0.4658,0.465,0.465,0.4665,0.464,0.4616,0.4592,0.4569,0.4546,0.4522,0.45,0.4477,0.4455,0.4432,0.441,0.4381,0.4352,0.434,0.4336,0.4332,0.4325,0.4318,0.4311,0.4304,0.4297,0.429,0.4283,0.4276,0.4269,0.4263,0.4256,0.4249,0.4242,0.4235,0.4229,0.4222,0.4225,0.4232,0.4239,0.4246,0.4253,0.426,0.4267,0.4274,0.4332,0.4352,0.4349,0.4345,0.4341,0.4338,0.4334,0.433,0.4327,0.4323,0.432,0.4316,0.4312,0.4309,0.4305,0.4302,0.4298,0.4295,0.4291
2.5158,2.5349,2.5553,2.576,2.5971,2.6151,2.6284,2.6229,2.6055,2.5895,2.5686,2.5384,2.5089,2.4801,2.4519,2.4245,2.3976,2.3715,2.346,2.321,2.2965,2.2725,2.2495,2.2274,2.2058,2.1846,2.1637,2.1433,2.1233,2.1036,2.0843,2.0653,2.0467,2.0284,2.0105,1.9928,1.9755,1.9584,1.9417,1.9252,1.9091,1.8932,1.8775,1.8621,1.847,1.8321,1.8174,1.803,1.7888,1.7748,1.7611,1.7475,1.7342,1.7211,1.7081,1.6954,1.6828,1.6704,1.6582,1.6462,1.6345,1.6229,1.6115,1.6003,1.5892,1.5783,1.5676,1.557,1.5465,1.5361,0,0,0,0,0,0,0,0,0,0,0,0,0,0,0,0,0,0,0,0,0,0,0,0,0,0,0,0,0,0,0,0.3901,0.3902,0.3903,0.3903,0.3903,0.3903,0.3905,0.3907,0.3909,0.3911,0.3913,0.3915,0.3918,0.392,0.3922,0.3924,0.3926,0.3928,0.3931,0.3933,0.3935,0.3937,0.3939,0.3942,0.3944,0.3946,0.3948,0.395,0.3952,0.3955,0.3957,0.3959,0.3961,0.3964,0.3966,0.3968,0.397,0.3972,0.3975,0.3977,0.3979,0.3981,0.3984,0.3986,0.3988,0.399,0.3992,0.3995,0.3997,0.3999,0.4001,0.4004,0.4006,0.4008,0.401,0.4013,0.4015,0.4017,0.402,0.4022,0.4024,0.4026,0.4029,0.4031,0.4033,0.4036,0.404,0.4043,0.4047,0.4051,0.407,0.4089,0.4096,0.4102,0.4109,0.4116,0.4122,0.4129,0.4145,0.4176,0.424,0.4263,0.4286,0.4309,0.4332,0.4667,0.4689,0.471,0.471,0.4699,0.4687,0.4676,0.4664,0.4654,0.4648,0.4673,0.4651,0.4627,0.4603,0.4579,0.4556,0.4532,0.4509,0.4487,0.4464,0.4442,0.442,0.4394,0.4365,0.4343,0.4339,0.4335,0.4329,0.4322,0.4315,0.4308,0.4301,0.4294,0.4287,0.428,0.4273,0.4266,0.426,0.4253,0.4246,0.4239,0.4232,0.4226,0.4222,0.4229,0.4236,0.4243,0.4251,0.4258,0.4265,0.4272,0.4313,0.4354,0.435,0.4347,0.4343,0.4339,0.4336,0.4332,0.4328,0.4325,0.4321,0.4318,0.4314,0.431,0.4307,0.4303,0.43,0.4296,0.4293
2.5152,2.5345,2.5548,2.5756,2.5898,2.5997,2.5841,2.5685,2.553,2.5253,2.4962,2.4676,2.4397,2.4126,2.386,2.3601,2.3348,2.31,2.2858,2.262,2.2388,2.2165,2.1951,2.1741,2.1535,2.1333,2.1134,2.0939,2.0748,2.056,2.0375,2.0194,2.0016,1.9841,1.9669,1.95,1.9334,1.9171,1.9011,1.8853,1.8698,1.8545,1.8395,1.8247,1.8102,1.7959,1.7818,1.7679,1.7543,1.7408,1.7276,1.7146,1.7017,1.6891,1.6766,1.6643,1.6521,1.6403,1.6286,1.6171,1.6058,1.5947,1.5837,1.5728,1.5622,1.5516,1.5412,1.5309,1.5208,0,0,0,0,0,0,0,0,0,0,0,0,0,0,0,0,0,0,0,0,0,0,0,0,0,0,0,0,0,0,0,0,0,0.3909,0.3911,0.3913,0.3913,0.3913,0.3913,0.3913,0.3913,0.3913,0.3914,0.3916,0.3918,0.392,0.3922,0.3924,0.3927,0.3929,0.3931,0.3933,0.3935,0.3937,0.394,0.3942,0.3944,0.3946,0.3948,0.3951,0.3953,0.3955,0.3957,0.3959,0.3962,0.3964,0.3966,0.3968,0.397,0.3973,0.3975,0.3977,0.3979,0.3982,0.3984,0.3986,0.3988,0.399,0.3993,0.3995,0.3997,0.3999,0.4002,0.4004,0.4006,0.4008,0.4011,0.4013,0.4015,0.4018,0.402,0.4022,0.4024,0.4027,0.4029,0.4031,0.4033,0.4037,0.404,0.4044,0.4048,0.4058,0.4086,0.4095,0.4102,0.4108,0.4115,0.4122,0.4129,0.4135,0.4147,0.4198,0.4221,0.4244,0.4267,0.429,0.4312,0.466,0.4681,0.4702,0.4717,0.4705,0.4694,0.4682,0.4671,0.466,0.4652,0.4664,0.4661,0.4637,0.4613,0.4589,0.4566,0.4542,0.4519,0.4496,0.4474,0.4451,0.4429,0.4407,0.4378,0.4349,0.4342,0.4338,0.4333,0.4326,0.4319,0.4312,0.4305,0.4298,0.4291,0.4284,0.4277,0.427,0.4263,0.4256,0.425,0.4243,0.4236,0.4229,0.4223,0.4227,0.4234,0.4241,0.4248,0.4255,0.4263,0.427,0.4294,0.4355,0.4352,0.4348,0.4344,0.4341,0.4337,0.4334,0.433,0.4326,0.4323,0.4319,0.4316,0.4312,0.4308,0.4305,0.4301,0.4298,0.4294
2.5145,2.534,2.5514,2.5677,2.5631,2.5477,2.5325,2.5124,2.4835,2.4553,2.4277,2.4007,2.3744,2.3488,2.3237,2.2992,2.2751,2.2516,2.2286,2.206,2.1846,2.1637,2.1433,2.1233,2.1036,2.0843,2.0653,2.0467,2.0285,2.0105,1.9928,1.9755,1.9584,1.9417,1.9252,1.9091,1.8931,1.8775,1.8621,1.847,1.8321,1.8174,1.803,1.7888,1.7748,1.7611,1.7475,1.7342,1.7211,1.7081,1.6954,1.6828,1.6704,1.6582,1.6461,1.6344,1.6228,1.6114,1.6001,1.5891,1.5781,1.5674,1.5568,1.5463,1.536,1.5258,1.5157,1.5058,0,0,0,0,0,0,0,0,0,0,0,0,0,0,0,0,0,0,0,0,0,0,0,0,0,0,0,0,0,0,0,0,0,0,0.3922,0.3918,0.392,0.3922,0.3924,0.3924,0.3924,0.3924,0.3924,0.3924,0.3924,0.3924,0.3924,0.3924,0.3925,0.3927,0.3929,0.3931,0.3933,0.3936,0.3938,0.394,0.3942,0.3944,0.3946,0.3949,0.3951,0.3953,0.3955,0.3957,0.396,0.3962,0.3964,0.3966,0.3968,0.3971,0.3973,0.3975,0.3977,0.398,0.3982,0.3984,0.3986,0.3989,0.3991,0.3993,0.3995,0.3997,0.4,0.4002,0.4004,0.4006,0.4009,0.4011,0.4013,0.4016,0.4018,0.402,0.4022,0.4025,0.4027,0.4029,0.4031,0.4034,0.4037,0.4041,0.4045,0.4048,0.4074,0.4094,0.4101,0.4108,0.4114,0.4121,0.4128,0.4135,0.4141,0.415,0.4179,0.4202,0.4225,0.4248,0.427,0.4293,0.4315,0.4673,0.4694,0.4715,0.4712,0.4701,0.4689,0.4678,0.4666,0.4656,0.4655,0.4672,0.4647,0.4623,0.4599,0.4576,0.4552,0.4529,0.4506,0.4484,0.4461,0.4439,0.4417,0.4391,0.4361,0.4345,0.4341,0.4337,0.433,0.4323,0.4316,0.4309,0.4302,0.4295,0.4288,0.4281,0.4274,0.4267,0.426,0.4253,0.4246,0.424,0.4233,0.4226,0.4225,0.4232,0.4239,0.4246,0.4253,0.426,0.4268,0.4275,0.4351,0.4353,0.435,0.4346,0.4342,0.4339,0.4335,0.4331,0.4328,0.4324,0.4321,0.4317,0.4313,0.431,0.4306,0.4303,0.4299,0.4296
2.5151,2.5319,2.5385,2.5272,2.5123,2.4975,2.471,2.443,2.4157,2.3891,2.363,2.3376,2.3127,2.2884,2.2646,2.2413,2.2185,2.1961,2.1742,2.1535,2.1333,2.1134,2.0939,2.0748,2.056,2.0376,2.0194,2.0017,1.9841,1.9669,1.95,1.9334,1.9171,1.9011,1.8853,1.8698,1.8545,1.8395,1.8247,1.8102,1.7959,1.7818,1.7679,1.7543,1.7408,1.7276,1.7146,1.7017,1.6891,1.6766,1.6643,1.6522,1.6402,1.6285,1.617,1.6056,1.5945,1.5835,1.5727,1.562,1.5514,1.541,1.5308,1.5206,1.5106,1.5008,1.4911,1.4554,0,0,0,0,0,0,0,0,0,0,0,0,0,0,0,0,0,0,0,0,0,0,0,0,0,0,0,0,0,0,0,0,0,0,0,0.3929,0.3926,0.3929,0.3931,0.3934,0.3934,0.3934,0.3934,0.3934,0.3934,0.3934,0.3934,0.3934,0.3934,0.3934,0.3934,0.3934,0.3934,0.3936,0.3938,0.394,0.3942,0.3945,0.3947,0.3949,0.3951,0.3953,0.3955,0.3958,0.396,0.3962,0.3964,0.3967,0.3969,0.3971,0.3973,0.3975,0.3978,0.398,0.3982,0.3984,0.3987,0.3989,0.3991,0.3993,0.3995,0.3998,0.4,0.4002,0.4005,0.4007,0.4009,0.4011,0.4014,0.4016,0.4018,0.402,0.4023,0.4025,0.4027,0.4029,0.4032,0.4034,0.4038,0.4042,0.4045,0.4062,0.409,0.41,0.4107,0.4114,0.412,0.4127,0.4134,0.4141,0.4146,0.4146,0.4161,0.4184,0.4207,0.4229,0.4251,0.4273,0.4296,0.4665,0.4686,0.4707,0.4719,0.4707,0.4696,0.4684,0.4673,0.4662,0.4653,0.4679,0.4658,0.4634,0.461,0.4586,0.4562,0.4539,0.4516,0.4493,0.4471,0.4448,0.4426,0.4403,0.4374,0.4347,0.4343,0.434,0.4333,0.4326,0.4319,0.4312,0.4305,0.4298,0.4291,0.4284,0.4278,0.4271,0.4264,0.4257,0.425,0.4243,0.4237,0.423,0.4223,0.423,0.4237,0.4244,0.4251,0.4258,0.4265,0.4272,0.4331,0.4355,0.4351,0.4348,0.4344,0.434,0.4337,0.4333,0.4329,0.4326,0.4322,0.4319,0.4315,0.4311,0.4308,0.4304,0.4301,0.4297
2.5088,2.5037,2.4924,2.4778,2.4586,2.4309,2.4038,2.3774,2.3517,2.3264,2.3018,2.2778,2.2542,2.2311,2.2085,2.1863,2.1646,2.1433,2.1233,2.1036,2.0843,2.0654,2.0467,2.0285,2.0105,1.9929,1.9755,1.9585,1.9417,1.9252,1.909,1.8931,1.8775,1.8621,1.847,1.8321,1.8174,1.803,1.7888,1.7749,1.7611,1.7475,1.7342,1.7211,1.7081,1.6954,1.6828,1.6704,1.6582,1.6462,1.6344,1.6227,1.6113,1.6,1.5889,1.578,1.5672,1.5566,1.5461,1.5358,1.5256,1.5155,1.5056,1.4958,1.4862,1.4766,1.4672,0,0,0,0,0,0,0,0,0,0,0,0,0,0,0,0,0,0,0,0,0,0,0,0,0,0,0,0,0,0,0,0,0,0,0,0,0,0.3937,0.3935,0.3938,0.394,0.3942,0.3945,0.3945,0.3945,0.3945,0.3945,0.3945,0.3945,0.3945,0.3945,0.3945,0.3945,0.3945,0.3945,0.3945,0.3945,0.3945,0.3945,0.3947,0.3949,0.3951,0.3954,0.3956,0.3958,0.396,0.3962,0.3965,0.3967,0.3969,0.3971,0.3973,0.3976,0.3978,0.398,0.3982,0.3985,0.3987,0.3989,0.3991,0.3994,0.3996,0.3998,0.4,0.4003,0.4005,0.4007,0.4009,0.4012,0.4014,0.4016,0.4018,0.4021,0.4023,0.4025,0.4027,0.403,0.4032,0.4035,0.4038,0.4042,0.4051,0.4078,0.41,0.4106,0.4113,0.412,0.4126,0.4133,0.4138,0.414,0.4142,0.414,0.4143,0.4166,0.4188,0.421,0.4232,0.4254,0.4277,0.4299,0.4678,0.4694,0.4704,0.4704,0.4702,0.4691,0.468,0.4668,0.4657,0.467,0.4669,0.4644,0.462,0.4596,0.4573,0.4549,0.4526,0.4503,0.448,0.4458,0.4436,0.4414,0.4387,0.4358,0.4346,0.4342,0.4337,0.433,0.4323,0.4316,0.4309,0.4302,0.4295,0.4288,0.4281,0.4274,0.4268,0.4261,0.4254,0.4247,0.424,0.4233,0.4227,0.4228,0.4235,0.4242,0.4249,0.4256,0.4263,0.427,0.4312,0.4356,0.4353,0.4349,0.4345,0.4342,0.4338,0.4335,0.4331,0.4327,0.4324,0.432,0.4317,0.4313,0.4309,0.4306,0.4302,0.4299
2.4699,2.4585,2.4443,2.4189,2.3921,2.366,2.3404,2.3154,2.2911,2.2672,2.2439,2.221,2.1986,2.1766,2.155,2.1339,2.1134,2.0939,2.0748,2.056,2.0376,2.0194,2.0016,1.9842,1.967,1.9501,1.9335,1.9171,1.9011,1.8853,1.8697,1.8545,1.8395,1.8247,1.8102,1.7959,1.7818,1.7679,1.7543,1.7408,1.7276,1.7146,1.7017,1.6891,1.6766,1.6643,1.6522,1.6403,1.6285,1.6169,1.6056,1.5944,1.5833,1.5725,1.5618,1.5512,1.5409,1.5306,1.5205,1.5105,1.5006,1.4909,1.4813,1.4718,1.4624,1.4532,0,0,0,0,0,0,0,0,0,0,0,0,0,0,0,0,0,0,0,0,0,0,0,0,0,0,0,0,0,0,0,0,0,0,0,0,0,0,0.3951,0.3944,0.3944,0.3946,0.3949,0.3951,0.3954,0.3956,0.3956,0.3955,0.3955,0.3955,0.3955,0.3955,0.3955,0.3955,0.3955,0.3955,0.3955,0.3955,0.3955,0.3955,0.3955,0.3955,0.3955,0.3955,0.3956,0.3958,0.396,0.3963,0.3965,0.3967,0.3969,0.3971,0.3974,0.3976,0.3978,0.398,0.3983,0.3985,0.3987,0.3989,0.3992,0.3994,0.3996,0.3998,0.4001,0.4003,0.4005,0.4007,0.401,0.4012,0.4014,0.4016,0.4019,0.4021,0.4023,0.4025,0.4028,0.403,0.4032,0.4035,0.4039,0.4043,0.4067,0.4094,0.4106,0.4112,0.4119,0.4126,0.4131,0.4133,0.4135,0.4137,0.4138,0.4133,0.4128,0.4148,0.417,0.4192,0.4213,0.4235,0.4257,0.428,0.4666,0.4676,0.4687,0.4689,0.4689,0.4689,0.4686,0.4675,0.4664,0.4661,0.4679,0.4655,0.463,0.4606,0.4583,0.4559,0.4536,0.4513,0.449,0.4468,0.4445,0.4423,0.44,0.437,0.4349,0.4345,0.4341,0.4334,0.4327,0.432,0.4313,0.4306,0.4299,0.4292,0.4285,0.4278,0.4271,0.4264,0.4258,0.4251,0.4244,0.4237,0.423,0.4226,0.4233,0.424,0.4247,0.4254,0.4261,0.4268,0.4293,0.4358,0.4354,0.4351,0.4347,0.4343,0.434,0.4336,0.4332,0.4329,0.4325,0.4322,0.4318,0.4314,0.4311,0.4307,0.4304,0.43
2.4255,2.4071,2.3805,2.3546,2.3293,2.3045,2.2804,2.2568,2.2336,2.2109,2.1887,2.1669,2.1456,2.1247,2.1041,2.0843,2.0654,2.0468,2.0285,2.0105,1.9929,1.9755,1.9585,1.9418,1.9253,1.9091,1.8931,1.8775,1.8621,1.847,1.8321,1.8174,1.803,1.7888,1.7748,1.7611,1.7475,1.7342,1.7211,1.7081,1.6954,1.6828,1.6704,1.6582,1.6462,1.6344,1.6227,1.6112,1.5999,1.5888,1.5778,1.567,1.5564,1.5459,1.5356,1.5254,1.5154,1.5055,1.4957,1.486,1.4764,1.467,1.4577,1.4485,1.4395,0,0,0,0,0,0,0,0,0,0,0,0,0,0,0,0,0,0,0,0,0,0,0,0,0,0,0,0,0,0,0,0,0,0,0,0,0,0,0,0,0.3958,0.3952,0.3953,0.3955,0.3958,0.396,0.3963,0.3965,0.3966,0.3966,0.3966,0.3966,0.3966,0.3966,0.3966,0.3966,0.3966,0.3966,0.3966,0.3966,0.3966,0.3966,0.3966,0.3966,0.3966,0.3966,0.3966,0.3966,0.3966,0.3966,0.3967,0.397,0.3972,0.3974,0.3976,0.3978,0.3981,0.3983,0.3985,0.3987,0.399,0.3992,0.3994,0.3996,0.3999,0.4001,0.4003,0.4005,0.4008,0.401,0.4012,0.4014,0.4017,0.4019,0.4021,0.4023,0.4026,0.4028,0.403,0.4033,0.4036,0.404,0.4055,0.4083,0.4105,0.4112,0.4118,0.4123,0.4125,0.4127,0.4129,0.4131,0.4133,0.4133,0.4127,0.4122,0.413,0.4152,0.4173,0.4195,0.4217,0.4238,0.426,0.4283,0.4659,0.4669,0.4674,0.4674,0.4674,0.4675,0.4675,0.467,0.4659,0.4684,0.4665,0.4641,0.4617,0.4593,0.4569,0.4546,0.4523,0.45,0.4477,0.4455,0.4433,0.4411,0.4383,0.4354,0.4348,0.4344,0.4338,0.4331,0.4324,0.4317,0.431,0.4303,0.4296,0.4289,0.4282,0.4275,0.4268,0.4261,0.4254,0.4248,0.4241,0.4234,0.4227,0.423,0.4237,0.4244,0.4252,0.4259,0.4266,0.4274,0.435,0.4356,0.4352,0.4349,0.4345,0.4341,0.4338,0.4334,0.433,0.4327,0.4323,0.432,0.4316,0.4312,0.4309,0.4305,0.4302
2.3690,2.3434,2.3183,2.2937,2.2698,2.2464,2.2235,2.201,2.179,2.1574,2.1362,2.1155,2.0951,2.0752,2.0561,2.0376,2.0195,2.0017,1.9842,1.967,1.9501,1.9335,1.9172,1.9011,1.8853,1.8698,1.8545,1.8395,1.8247,1.8102,1.7959,1.7818,1.7679,1.7543,1.7408,1.7276,1.7146,1.7017,1.6891,1.6766,1.6643,1.6522,1.6403,1.6285,1.6169,1.6055,1.5943,1.5833,1.5724,1.5616,1.5511,1.5407,1.5304,1.5203,1.5103,1.5005,1.4907,1.4811,1.4716,1.4623,1.453,1.4439,1.4349,1.426,1.3959,0,0,0,0,0,0,0,0,0,0,0,0,0,0,0,0,0,0,0,0,0,0,0,0,0,0,0,0,0,0,0,0,0,0,0,0,0,0,0,0,0.3972,0.3966,0.396,0.3962,0.3964,0.3967,0.3969,0.3972,0.3974,0.3977,0.3977,0.3977,0.3977,0.3977,0.3977,0.3977,0.3977,0.3977,0.3977,0.3977,0.3977,0.3977,0.3977,0.3977,0.3977,0.3977,0.3976,0.3976,0.3976,0.3976,0.3976,0.3976,0.3976,0.3976,0.3976,0.3979,0.3981,0.3983,0.3985,0.3988,0.399,0.3992,0.3994,0.3997,0.3999,0.4001,0.4003,0.4006,0.4008,0.401,0.4012,0.4015,0.4017,0.4019,0.4021,0.4024,0.4026,0.4028,0.4031,0.4033,0.4037,0.4044,0.4071,0.4099,0.4111,0.4116,0.4118,0.412,0.4122,0.4124,0.4125,0.4127,0.4129,0.4127,0.4121,0.4116,0.4112,0.4134,0.4155,0.4176,0.4198,0.422,0.4241,0.4264,0.4641,0.4651,0.4659,0.4659,0.466,0.466,0.466,0.466,0.466,0.4675,0.4676,0.4651,0.4627,0.4603,0.4579,0.4556,0.4533,0.451,0.4487,0.4465,0.4442,0.442,0.4396,0.4367,0.4351,0.4347,0.4342,0.4335,0.4328,0.4321,0.4314,0.4307,0.43,0.4293,0.4286,0.4279,0.4272,0.4265,0.4258,0.4251,0.4245,0.4238,0.4231,0.4228,0.4235,0.4242,0.4249,0.4256,0.4264,0.4271,0.4331,0.4357,0.4354,0.435,0.4346,0.4343,0.4339,0.4336,0.4332,0.4328,0.4325,0.4321,0.4318,0.4314,0.431,0.4307,0.4303
2.3074,2.2831,2.2593,2.2361,2.2134,2.1911,2.1693,2.1479,2.127,2.1064,2.0862,2.0664,2.047,2.0285,2.0105,1.9929,1.9756,1.9585,1.9418,1.9253,1.9091,1.8932,1.8775,1.8621,1.8469,1.832,1.8174,1.803,1.7888,1.7748,1.7611,1.7475,1.7342,1.721,1.7081,1.6954,1.6828,1.6704,1.6582,1.6462,1.6344,1.6227,1.6112,1.5998,1.5887,1.5777,1.5669,1.5563,1.5458,1.5354,1.5253,1.5152,1.5053,1.4955,1.4858,1.4763,1.4669,1.4576,1.4484,1.4393,1.4304,1.4215,1.4128,1.4041,0,0,0,0,0,0,0,0,0,0,0,0,0,0,0,0,0,0,0,0,0,0,0,0,0,0,0,0,0,0,0,0,0,0,0,0,0,0,0,0,0,0,0.398,0.3973,0.3968,0.3971,0.3973,0.3976,0.3978,0.3981,0.3983,0.3986,0.3988,0.3988,0.3988,0.3988,0.3988,0.3988,0.3988,0.3988,0.3988,0.3987,0.3987,0.3987,0.3987,0.3987,0.3987,0.3987,0.3987,0.3987,0.3987,0.3987,0.3987,0.3987,0.3987,0.3987,0.3987,0.3987,0.3987,0.3987,0.3988,0.399,0.3992,0.3995,0.3997,0.3999,0.4001,0.4004,0.4006,0.4008,0.401,0.4013,0.4015,0.4017,0.4019,0.4022,0.4024,0.4026,0.4029,0.4031,0.4034,0.4037,0.4059,0.4087,0.4109,0.4111,0.4112,0.4114,0.4116,0.4118,0.412,0.4122,0.4124,0.4126,0.412,0.4115,0.411,0.4104,0.4116,0.4137,0.4158,0.4179,0.4201,0.4223,0.4245,0.4267,0.4634,0.4644,0.4645,0.4645,0.4645,0.4645,0.4645,0.4653,0.4666,0.4686,0.4662,0.4637,0.4613,0.459,0.4566,0.4543,0.452,0.4497,0.4474,0.4452,0.443,0.4408,0.438,0.4354,0.435,0.4346,0.4339,0.4331,0.4324,0.4317,0.431,0.4303,0.4296,0.4289,0.4283,0.4276,0.4269,0.4262,0.4255,0.4248,0.4241,0.4235,0.4228,0.4233,0.424,0.4247,0.4254,0.4261,0.4269,0.4311,0.4359,0.4355,0.4352,0.4348,0.4344,0.4341,0.4337,0.4334,0.433,0.4326,0.4323,0.4319,0.4315,0.4312,0.4308,0.4305
2.2490,2.226,2.2035,2.1814,2.1598,2.1385,2.1177,2.0973,2.0773,2.0577,2.0384,2.0195,2.0017,1.9842,1.967,1.9501,1.9335,1.9172,1.9011,1.8854,1.8698,1.8545,1.8395,1.8247,1.8101,1.7958,1.7818,1.7679,1.7543,1.7408,1.7276,1.7145,1.7017,1.6891,1.6766,1.6643,1.6522,1.6403,1.6285,1.6169,1.6055,1.5942,1.5832,1.5723,1.5615,1.5509,1.5405,1.5303,1.5201,1.5101,1.5003,1.4906,1.481,1.4715,1.4621,1.4529,1.4438,1.4347,1.4258,1.4171,1.4084,1.3998,1.3913,0,0,0,0,0,0,0,0,0,0,0,0,0,0,0,0,0,0,0,0,0,0,0,0,0,0,0,0,0,0,0,0,0,0,0,0,0,0,0,0,0,0,0,0.3994,0.3988,0.3981,0.3977,0.398,0.3982,0.3985,0.3987,0.399,0.3992,0.3995,0.3997,0.3999,0.3999,0.3999,0.3999,0.3998,0.3998,0.3998,0.3998,0.3998,0.3998,0.3998,0.3998,0.3998,0.3998,0.3998,0.3998,0.3998,0.3998,0.3998,0.3998,0.3998,0.3998,0.3998,0.3998,0.3998,0.3998,0.3998,0.3998,0.3998,0.3998,0.3998,0.3999,0.4002,0.4004,0.4006,0.4008,0.4011,0.4013,0.4015,0.4017,0.402,0.4022,0.4024,0.4027,0.4029,0.4031,0.4034,0.4048,0.4075,0.41,0.4109,0.4109,0.411,0.4111,0.4113,0.4114,0.4116,0.4118,0.412,0.412,0.4114,0.4109,0.4103,0.4098,0.4099,0.4119,0.414,0.4161,0.4182,0.4204,0.4226,0.4248,0.4616,0.4626,0.463,0.463,0.463,0.4634,0.4643,0.4651,0.4662,0.469,0.4672,0.4648,0.4624,0.46,0.4576,0.4553,0.453,0.4507,0.4484,0.4462,0.4439,0.4417,0.4392,0.4363,0.4353,0.4349,0.4342,0.4335,0.4328,0.4321,0.4314,0.4307,0.43,0.4293,0.4286,0.4279,0.4272,0.4266,0.4259,0.4252,0.4245,0.4238,0.4232,0.4231,0.4238,0.4245,0.4252,0.4259,0.4266,0.4292,0.4361,0.4357,0.4353,0.435,0.4346,0.4342,0.4339,0.4335,0.4331,0.4328,0.4324,0.4321,0.4317,0.4313,0.431,0.4306
2.1936,2.1717,2.1503,2.1292,2.1086,2.0884,2.0685,2.0491,2.03,2.0112,1.9929,1.9756,1.9585,1.9418,1.9253,1.9091,1.8932,1.8776,1.8621,1.847,1.8321,1.8174,1.803,1.7887,1.7748,1.761,1.7475,1.7342,1.721,1.7081,1.6954,1.6828,1.6704,1.6582,1.6462,1.6344,1.6227,1.6112,1.5999,1.5886,1.5777,1.5669,1.5562,1.5457,1.5353,1.5251,1.515,1.5051,1.4953,1.4857,1.4761,1.4667,1.4574,1.4482,1.4392,1.4302,1.4214,1.4126,1.404,1.3955,1.3871,1.3787,0,0,0,0,0,0,0,0,0,0,0,0,0,0,0,0,0,0,0,0,0,0,0,0,0,0,0,0,0,0,0,0,0,0,0,0,0,0,0,0,0,0,0,0,0,0.4002,0.3995,0.3989,0.3987,0.3989,0.3991,0.3994,0.3996,0.3999,0.4001,0.4004,0.4006,0.4009,0.4009,0.4009,0.4009,0.4009,0.4009,0.4009,0.4009,0.4009,0.4009,0.4009,0.4009,0.4009,0.4009,0.4009,0.4009,0.4009,0.4009,0.4009,0.4009,0.4009,0.4009,0.4009,0.4009,0.4009,0.4009,0.4009,0.4009,0.4009,0.4009,0.4009,0.4009,0.4009,0.4009,0.4009,0.4011,0.4013,0.4015,0.4018,0.402,0.4022,0.4025,0.4027,0.4029,0.4031,0.4037,0.4064,0.4087,0.4108,0.4109,0.4109,0.4109,0.411,0.411,0.4111,0.4113,0.4115,0.4117,0.4114,0.4108,0.4103,0.4097,0.4095,0.4092,0.4101,0.4122,0.4143,0.4164,0.4185,0.4207,0.4229,0.4251,0.4609,0.4615,0.4616,0.4624,0.4632,0.464,0.4648,0.4659,0.4681,0.4683,0.4658,0.4634,0.461,0.4586,0.4563,0.454,0.4517,0.4494,0.4471,0.4449,0.4427,0.4405,0.4376,0.4356,0.4352,0.4346,0.4339,0.4332,0.4325,0.4318,0.4311,0.4304,0.4297,0.429,0.4283,0.4276,0.4269,0.4262,0.4256,0.4249,0.4242,0.4235,0.4229,0.4236,0.4243,0.425,0.4257,0.4264,0.4274,0.4349,0.4358,0.4355,0.4351,0.4348,0.4344,0.434,0.4337,0.4333,0.4329,0.4326,0.4322,0.4319,0.4315,0.4311,0.4308
2.1408,2.12,2.0996,2.0795,2.0598,2.0405,2.0216,2.003,1.9848,1.967,1.9501,1.9335,1.9172,1.9011,1.8853,1.8698,1.8546,1.8395,1.8247,1.8101,1.7958,1.7817,1.7679,1.7542,1.7408,1.7276,1.7145,1.7017,1.689,1.6766,1.6643,1.6522,1.6403,1.6285,1.6169,1.6055,1.5942,1.5831,1.5722,1.5615,1.5509,1.5404,1.5301,1.52,1.51,1.5001,1.4904,1.4808,1.4713,1.462,1.4527,1.4436,1.4346,1.4257,1.4169,1.4082,1.3997,1.3912,1.3828,1.3746,1.3664,1.3411,0,0,0,0,0,0,0,0,0,0,0,0,0,0,0,0,0,0,0,0,0,0,0,0,0,0,0,0,0,0,0,0,0,0,0,0,0,0,0,0,0,0,0,0,0,0,0.4009,0.4003,0.3997,0.3996,0.3998,0.4001,0.4003,0.4006,0.4008,0.4011,0.4013,0.4015,0.4018,0.402,0.402,0.402,0.402,0.402,0.402,0.402,0.402,0.402,0.402,0.402,0.402,0.402,0.402,0.402,0.402,0.402,0.402,0.402,0.402,0.402,0.402,0.402,0.402,0.402,0.402,0.402,0.402,0.402,0.402,0.402,0.402,0.402,0.402,0.402,0.4019,0.4019,0.402,0.4023,0.4025,0.4027,0.4029,0.4032,0.4052,0.4074,0.4096,0.4108,0.4109,0.4109,0.4109,0.411,0.411,0.4111,0.4111,0.4111,0.4113,0.4108,0.4106,0.4103,0.4101,0.4098,0.4096,0.4093,0.4108,0.4125,0.4146,0.4167,0.4188,0.421,0.4232,0.4492,0.4605,0.4614,0.4622,0.463,0.4638,0.4646,0.4656,0.4673,0.4694,0.4669,0.4645,0.462,0.4597,0.4573,0.455,0.4526,0.4504,0.4481,0.4458,0.4436,0.4414,0.4389,0.436,0.4355,0.435,0.4343,0.4336,0.4329,0.4322,0.4315,0.4308,0.4301,0.4294,0.4287,0.428,0.4273,0.4266,0.4259,0.4253,0.4246,0.4239,0.4232,0.4234,0.4241,0.4248,0.4255,0.4262,0.4269,0.433,0.436,0.4356,0.4353,0.4349,0.4345,0.4342,0.4338,0.4335,0.4331,0.4327,0.4324,0.432,0.4316,0.4313,0.4309
2.0906,2.0707,2.0512,2.0321,2.0133,1.9948,1.9767,1.9589,1.9418,1.9253,1.9091,1.8932,1.8775,1.8621,1.847,1.8321,1.8174,1.803,1.7888,1.7748,1.761,1.7475,1.7341,1.721,1.7081,1.6953,1.6828,1.6704,1.6582,1.6462,1.6344,1.6227,1.6112,1.5999,1.5887,1.5776,1.5668,1.5561,1.5456,1.5352,1.525,1.5149,1.505,1.4952,1.4855,1.476,1.4666,1.4573,1.4481,1.439,1.4301,1.4212,1.4125,1.4039,1.3953,1.3869,1.3786,1.3704,1.3623,1.3542,1.3463,0,0,0,0,0,0,0,0,0,0,0,0,0,0,0,0,0,0,0,0,0,0,0,0,0,0,0,0,0,0,0,0,0,0,0,0,0,0,0,0,0,0,0,0,0,0,0,0.4024,0.4017,0.4011,0.4004,0.4005,0.4007,0.401,0.4012,0.4015,0.4017,0.402,0.4022,0.4025,0.4027,0.403,0.4032,0.4031,0.4031,0.4031,0.4031,0.4031,0.4031,0.4031,0.4031,0.4031,0.4031,0.4031,0.4031,0.4031,0.4031,0.4031,0.4031,0.4031,0.4031,0.4031,0.4031,0.4031,0.4031,0.4031,0.4031,0.4031,0.4031,0.4031,0.4031,0.4031,0.4031,0.4031,0.4031,0.4031,0.4031,0.403,0.403,0.403,0.403,0.403,0.4039,0.4061,0.4083,0.4105,0.4108,0.4109,0.4109,0.4109,0.411,0.411,0.4111,0.4111,0.411,0.4111,0.4112,0.4109,0.4107,0.4104,0.4102,0.4099,0.4097,0.4097,0.4114,0.413,0.4149,0.417,0.4191,0.4213,0.439,0.448,0.4611,0.4619,0.4627,0.4636,0.4644,0.4653,0.467,0.4696,0.468,0.4655,0.4631,0.4607,0.4583,0.456,0.4536,0.4513,0.4491,0.4468,0.4446,0.4424,0.4402,0.4372,0.4357,0.4354,0.4347,0.434,0.4333,0.4326,0.4319,0.4312,0.4305,0.4298,0.4291,0.4284,0.4277,0.427,0.4263,0.4256,0.4249,0.4243,0.4236,0.4231,0.4238,0.4245,0.4253,0.426,0.4267,0.4311,0.4362,0.4358,0.4354,0.4351,0.4347,0.4343,0.434,0.4336,0.4332,0.4329,0.4325,0.4322,0.4318,0.4314,0.4311
2.0427,2.0237,2.005,1.9867,1.9688,1.9512,1.9338,1.9172,1.9011,1.8854,1.8698,1.8546,1.8395,1.8247,1.8102,1.7959,1.7817,1.7679,1.7542,1.7408,1.7275,1.7145,1.7017,1.689,1.6766,1.6643,1.6522,1.6403,1.6285,1.6169,1.6055,1.5942,1.5831,1.5721,1.5614,1.5508,1.5403,1.53,1.5199,1.5098,1.5,1.4902,1.4806,1.4712,1.4618,1.4526,1.4435,1.4344,1.4255,1.4168,1.4081,1.3995,1.391,1.3827,1.3744,1.3662,1.3582,1.3502,1.3423,1.3345,0,0,0,0,0,0,0,0,0,0,0,0,0,0,0,0,0,0,0,0,0,0,0,0,0,0,0,0,0,0,0,0,0,0,0,0,0,0,0,0,0,0,0,0,0,0,0,0,0,0.4032,0.4025,0.4019,0.4012,0.4014,0.4016,0.4019,0.4021,0.4024,0.4026,0.4029,0.4031,0.4034,0.4037,0.4039,0.4042,0.4043,0.4043,0.4043,0.4042,0.4042,0.4042,0.4042,0.4042,0.4042,0.4042,0.4042,0.4042,0.4042,0.4042,0.4042,0.4042,0.4042,0.4042,0.4042,0.4042,0.4042,0.4042,0.4042,0.4042,0.4042,0.4042,0.4042,0.4042,0.4042,0.4042,0.4042,0.4042,0.4041,0.404,0.4039,0.4038,0.4037,0.4035,0.4048,0.407,0.4092,0.4108,0.4108,0.4108,0.4109,0.4109,0.411,0.411,0.4109,0.4108,0.4107,0.4109,0.4111,0.4113,0.411,0.4108,0.4105,0.4103,0.41,0.4098,0.4103,0.412,0.4137,0.4154,0.4173,0.4194,0.4216,0.4378,0.4609,0.4617,0.4625,0.4633,0.4641,0.4649,0.4666,0.4687,0.469,0.4666,0.4641,0.4617,0.4593,0.457,0.4546,0.4523,0.45,0.4478,0.4455,0.4433,0.4411,0.4385,0.436,0.4356,0.4351,0.4344,0.4337,0.4329,0.4322,0.4315,0.4308,0.4301,0.4294,0.4288,0.4281,0.4274,0.4267,0.426,0.4253,0.4246,0.424,0.4233,0.4236,0.4243,0.425,0.4257,0.4265,0.4292,0.4363,0.4359,0.4356,0.4352,0.4349,0.4345,0.4341,0.4338,0.4334,0.433,0.4327,0.4323,0.432,0.4316,0.4312
1.9969,1.9787,1.9609,1.9434,1.9262,1.9093,1.8932,1.8776,1.8622,1.847,1.8321,1.8174,1.803,1.7888,1.7748,1.761,1.7475,1.7341,1.721,1.7081,1.6953,1.6828,1.6704,1.6582,1.6462,1.6344,1.6227,1.6112,1.5998,1.5887,1.5776,1.5667,1.556,1.5455,1.5351,1.5249,1.5148,1.5048,1.495,1.4853,1.4758,1.4664,1.4571,1.4479,1.4389,1.4299,1.4211,1.4123,1.4037,1.3952,1.3868,1.3785,1.3702,1.3621,1.3541,1.3462,1.3383,1.3306,1.3229,1.2942,0,0,0,0,0,0,0,0,0,0,0,0,0,0,0,0,0,0,0,0,0,0,0,0,0,0,0,0,0,0,0,0,0,0,0,0,0,0,0,0,0,0,0,0,0,0,0,0,0,0.4046,0.4039,0.4033,0.4026,0.4021,0.4023,0.4026,0.4028,0.4031,0.4033,0.4036,0.4038,0.4041,0.4043,0.4046,0.4048,0.4051,0.4053,0.4054,0.4054,0.4054,0.4054,0.4054,0.4054,0.4054,0.4054,0.4053,0.4053,0.4053,0.4053,0.4053,0.4053,0.4053,0.4053,0.4053,0.4053,0.4053,0.4053,0.4053,0.4053,0.4053,0.4052,0.4051,0.405,0.4049,0.4048,0.4047,0.4046,0.4045,0.4044,0.4043,0.4042,0.4041,0.404,0.4058,0.4079,0.4101,0.4108,0.4108,0.4108,0.4109,0.4108,0.4108,0.4107,0.4106,0.4105,0.4105,0.4107,0.4109,0.4111,0.4113,0.4111,0.4109,0.4106,0.4104,0.4101,0.4099,0.4109,0.4126,0.4143,0.416,0.4177,0.4197,0.4281,0.4572,0.4615,0.4623,0.4631,0.4639,0.4647,0.4663,0.4681,0.4701,0.4676,0.4652,0.4628,0.4604,0.458,0.4556,0.4533,0.451,0.4488,0.4465,0.4443,0.4421,0.4398,0.4369,0.4359,0.4355,0.4348,0.434,0.4333,0.4326,0.4319,0.4312,0.4305,0.4298,0.4291,0.4284,0.4277,0.4271,0.4264,0.4257,0.425,0.4243,0.4236,0.4234,0.4241,0.4248,0.4255,0.4262,0.4273,0.4349,0.4361,0.4357,0.4354,0.435,0.4346,0.4343,0.4339,0.4336,0.4332,0.4328,0.4325,0.4321,0.4318,0.4314
1.9531,1.9357,1.9187,1.9019,1.8854,1.8698,1.8546,1.8395,1.8248,1.8102,1.7959,1.7818,1.7679,1.7542,1.7408,1.7275,1.7145,1.7017,1.689,1.6765,1.6643,1.6522,1.6403,1.6285,1.6169,1.6055,1.5942,1.5831,1.5722,1.5614,1.5507,1.5403,1.53,1.5198,1.5097,1.4999,1.4901,1.4805,1.471,1.4616,1.4524,1.4433,1.4343,1.4254,1.4166,1.4079,1.3994,1.3909,1.3825,1.3743,1.3661,1.358,1.3501,1.3422,1.3344,1.3267,1.3191,1.3115,1.2904,0,0,0,0,0,0,0,0,0,0,0,0,0,0,0,0,0,0,0,0,0,0,0,0,0,0,0,0,0,0,0,0,0,0,0,0,0,0,0,0,0,0,0,0,0,0,0,0,0,0,0,0.4054,0.4047,0.4041,0.4034,0.403,0.4032,0.4035,0.4038,0.404,0.4043,0.4045,0.4048,0.405,0.4053,0.4055,0.4058,0.406,0.4063,0.4065,0.4065,0.4065,0.4065,0.4065,0.4065,0.4065,0.4065,0.4065,0.4065,0.4065,0.4065,0.4065,0.4065,0.4065,0.4064,0.4063,0.4062,0.4061,0.406,0.4059,0.4058,0.4057,0.4055,0.4054,0.4053,0.4052,0.4051,0.405,0.4049,0.4048,0.4047,0.4046,0.4045,0.4047,0.4068,0.4088,0.4107,0.4107,0.4108,0.4107,0.4106,0.4105,0.4105,0.4104,0.4103,0.4102,0.4103,0.4105,0.4108,0.411,0.4112,0.4114,0.4112,0.411,0.4107,0.4105,0.4102,0.41,0.4115,0.4132,0.4149,0.4166,0.4183,0.4201,0.4535,0.4612,0.462,0.4628,0.4637,0.4645,0.466,0.4677,0.4701,0.4687,0.4662,0.4638,0.4614,0.459,0.4567,0.4543,0.452,0.4497,0.4475,0.4452,0.443,0.4408,0.4381,0.4362,0.4358,0.4351,0.4344,0.4337,0.433,0.4323,0.4316,0.4309,0.4302,0.4295,0.4288,0.4281,0.4274,0.4267,0.4261,0.4254,0.4247,0.424,0.4233,0.4239,0.4246,0.4253,0.426,0.4267,0.4329,0.4363,0.4359,0.4355,0.4352,0.4348,0.4344,0.4341,0.4337,0.4333,0.433,0.4326,0.4323,0.4319,0.4315
1.9112,1.8945,1.8782,1.8622,1.847,1.8321,1.8175,1.803,1.7888,1.7748,1.7611,1.7475,1.7341,1.721,1.708,1.6953,1.6828,1.6704,1.6582,1.6462,1.6343,1.6227,1.6112,1.5998,1.5886,1.5776,1.5667,1.556,1.5454,1.5351,1.5248,1.5147,1.5048,1.4949,1.4852,1.4756,1.4662,1.4569,1.4478,1.4387,1.4298,1.4209,1.4122,1.4036,1.395,1.3866,1.3783,1.3701,1.362,1.354,1.346,1.3382,1.3305,1.3228,1.3152,1.3077,1.3004,1.293,0,0,0,0,0,0,0,0,0,0,0,0,0,0,0,0,0,0,0,0,0,0,0,0,0,0,0,0,0,0,0,0,0,0,0,0,0,0,0,0,0,0,0,0,0,0,0,0,0,0,0,0,0.4069,0.4062,0.4055,0.4049,0.4042,0.4039,0.4042,0.4044,0.4047,0.4049,0.4052,0.4054,0.4057,0.406,0.4062,0.4065,0.4067,0.407,0.4072,0.4075,0.4076,0.4076,0.4076,0.4076,0.4076,0.4076,0.4076,0.4075,0.4074,0.4073,0.4071,0.407,0.4069,0.4068,0.4067,0.4066,0.4065,0.4064,0.4063,0.4062,0.4061,0.406,0.4059,0.4057,0.4056,0.4055,0.4054,0.4053,0.4052,0.4051,0.405,0.4049,0.4057,0.4077,0.4098,0.4106,0.4106,0.4105,0.4104,0.4103,0.4102,0.4102,0.4101,0.41,0.41,0.4102,0.4104,0.4106,0.4108,0.411,0.4112,0.4114,0.4113,0.4111,0.4108,0.4106,0.4103,0.4105,0.4121,0.4138,0.4155,0.4173,0.419,0.4354,0.4576,0.4618,0.4626,0.4634,0.4642,0.4657,0.4674,0.4692,0.4697,0.4673,0.4648,0.4624,0.46,0.4577,0.4553,0.453,0.4507,0.4484,0.4462,0.444,0.4418,0.4394,0.4365,0.4361,0.4355,0.4348,0.4341,0.4334,0.4327,0.432,0.4313,0.4306,0.4299,0.4292,0.4285,0.4278,0.4271,0.4264,0.4257,0.4251,0.4244,0.4237,0.4237,0.4244,0.4251,0.4258,0.4265,0.431,0.4364,0.4361,0.4357,0.4353,0.435,0.4346,0.4342,0.4339,0.4335,0.4331,0.4328,0.4324,0.4321,0.4317
1.8710,1.8551,1.8396,1.8248,1.8102,1.7959,1.7818,1.7679,1.7543,1.7408,1.7276,1.7145,1.7017,1.689,1.6765,1.6643,1.6522,1.6402,1.6285,1.6169,1.6055,1.5942,1.5831,1.5722,1.5614,1.5507,1.5402,1.5299,1.5197,1.5097,1.4998,1.49,1.4803,1.4708,1.4615,1.4523,1.4431,1.4341,1.4253,1.4165,1.4078,1.3992,1.3908,1.3824,1.3741,1.366,1.3579,1.3499,1.342,1.3342,1.3266,1.3189,1.3114,1.304,1.2966,1.2893,1.2822,0,0,0,0,0,0,0,0,0,0,0,0,0,0,0,0,0,0,0,0,0,0,0,0,0,0,0,0,0,0,0,0,0,0,0,0,0,0,0,0,0,0,0,0,0,0,0,0,0,0,0,0,0,0,0.4077,0.407,0.4063,0.4057,0.405,0.4049,0.4051,0.4054,0.4056,0.4059,0.4061,0.4064,0.4066,0.4069,0.4072,0.4074,0.4077,0.4079,0.4082,0.4084,0.4085,0.4084,0.4083,0.4082,0.4081,0.408,0.4079,0.4078,0.4077,0.4076,0.4075,0.4073,0.4072,0.4071,0.407,0.4069,0.4068,0.4067,0.4066,0.4065,0.4064,0.4063,0.4062,0.4061,0.4059,0.4058,0.4057,0.4056,0.4055,0.4054,0.4053,0.4067,0.4087,0.4107,0.4103,0.4103,0.4102,0.4101,0.41,0.4099,0.4099,0.4098,0.4097,0.4098,0.41,0.4102,0.4104,0.4106,0.4108,0.411,0.4112,0.4115,0.4114,0.4112,0.4109,0.4107,0.4104,0.4111,0.4128,0.4145,0.4162,0.4179,0.4209,0.4539,0.4616,0.4624,0.4632,0.464,0.4654,0.4671,0.4688,0.4708,0.4683,0.4659,0.4635,0.4611,0.4587,0.4563,0.454,0.4517,0.4494,0.4472,0.4449,0.4427,0.4405,0.4378,0.4364,0.4359,0.4352,0.4345,0.4338,0.4331,0.4324,0.4317,0.431,0.4303,0.4296,0.4289,0.4282,0.4275,0.4268,0.4261,0.4254,0.4248,0.4241,0.4235,0.4242,0.4249,0.4256,0.4263,0.4291,0.4366,0.4362,0.4358,0.4355,0.4351,0.4347,0.4344,0.434,0.4337,0.4333,0.4329,0.4326,0.4322,0.4319
1.8325,1.8175,1.8031,1.7888,1.7749,1.7611,1.7475,1.7342,1.721,1.7081,1.6953,1.6828,1.6704,1.6582,1.6462,1.6343,1.6227,1.6112,1.5998,1.5886,1.5776,1.5667,1.556,1.5454,1.535,1.5247,1.5146,1.5047,1.4948,1.4851,1.4755,1.4661,1.4568,1.4476,1.4386,1.4296,1.4208,1.412,1.4034,1.3949,1.3865,1.3782,1.37,1.3619,1.3538,1.3459,1.3381,1.3303,1.3227,1.3151,1.3076,1.3002,1.2929,1.2857,1.2785,1.2715,1.247,0,0,0,0,0,0,0,0,0,0,0,0,0,0,0,0,0,0,0,0,0,0,0,0,0,0,0,0,0,0,0,0,0,0,0,0,0,0,0,0,0,0,0,0,0,0,0,0,0,0,0,0,0,0,0,0.4085,0.4078,0.4071,0.4065,0.4058,0.4058,0.4061,0.4063,0.4066,0.4068,0.4071,0.4073,0.4076,0.4078,0.4081,0.4084,0.4129,0.4109,0.4089,0.4088,0.4088,0.4087,0.4086,0.4085,0.4084,0.4083,0.4082,0.4081,0.408,0.4079,0.4078,0.4077,0.4075,0.4074,0.4073,0.4072,0.4071,0.407,0.4069,0.4068,0.4067,0.4066,0.4065,0.4064,0.4062,0.4061,0.406,0.4059,0.4058,0.4057,0.4077,0.4097,0.4106,0.41,0.41,0.4099,0.4098,0.4097,0.4096,0.4096,0.4095,0.4094,0.4096,0.4098,0.41,0.4102,0.4104,0.4106,0.4109,0.4111,0.4113,0.4115,0.4115,0.4113,0.411,0.4108,0.4105,0.4117,0.4134,0.4151,0.4168,0.4185,0.4503,0.458,0.4621,0.463,0.4638,0.4651,0.4668,0.4685,0.4707,0.4694,0.4669,0.4645,0.4621,0.4597,0.4573,0.455,0.4527,0.4504,0.4481,0.4459,0.4437,0.4415,0.4391,0.4367,0.4363,0.4356,0.4349,0.4342,0.4335,0.4327,0.432,0.4313,0.4306,0.4299,0.4292,0.4286,0.4279,0.4272,0.4265,0.4258,0.4251,0.4244,0.4238,0.4239,0.4246,0.4254,0.4261,0.4272,0.4348,0.4364,0.436,0.4356,0.4353,0.4349,0.4345,0.4342,0.4338,0.4334,0.4331,0.4327,0.4324,0.4321
1.7959,1.7818,1.768,1.7543,1.7408,1.7276,1.7145,1.7017,1.689,1.6766,1.6643,1.6521,1.6402,1.6285,1.6169,1.6055,1.5942,1.5831,1.5722,1.5614,1.5507,1.5402,1.5298,1.5196,1.5096,1.4997,1.4899,1.4803,1.4708,1.4614,1.4521,1.443,1.434,1.4251,1.4163,1.4077,1.3991,1.3906,1.3823,1.374,1.3658,1.3578,1.3498,1.3419,1.3341,1.3264,1.3188,1.3113,1.3039,1.2965,1.2892,1.282,1.2749,1.2679,1.2609,1.2541,0,0,0,0,0,0,0,0,0,0,0,0,0,0,0,0,0,0,0,0,0,0,0,0,0,0,0,0,0,0,0,0,0,0,0,0,0,0,0,0,0,0,0,0,0,0,0,0,0,0,0,0,0,0,0,0,0.4099,0.4093,0.4086,0.4079,0.4073,0.4066,0.4067,0.407,0.4073,0.4075,0.4078,0.408,0.4083,0.4085,0.4161,0.4141,0.4121,0.4101,0.4087,0.4091,0.4091,0.409,0.409,0.4089,0.4088,0.4087,0.4086,0.4085,0.4084,0.4083,0.4082,0.4081,0.408,0.4079,0.4077,0.4076,0.4075,0.4074,0.4073,0.4072,0.4071,0.407,0.4069,0.4068,0.4067,0.4066,0.4064,0.4063,0.4062,0.4066,0.4086,0.4107,0.4104,0.4099,0.4097,0.4096,0.4095,0.4094,0.4094,0.4093,0.4092,0.4092,0.4094,0.4096,0.4098,0.4101,0.4103,0.4105,0.4107,0.4109,0.4111,0.4113,0.4115,0.4116,0.4114,0.4111,0.4109,0.4106,0.4123,0.414,0.4157,0.4174,0.4467,0.4543,0.4619,0.4627,0.4635,0.4648,0.4665,0.4682,0.4699,0.4705,0.468,0.4656,0.4631,0.4607,0.4584,0.456,0.4537,0.4514,0.4491,0.4469,0.4446,0.4424,0.4402,0.4374,0.4366,0.436,0.4353,0.4346,0.4338,0.4331,0.4324,0.4317,0.431,0.4303,0.4296,0.4289,0.4282,0.4275,0.4269,0.4262,0.4255,0.4248,0.4241,0.4237,0.4244,0.4251,0.4258,0.4266,0.4329,0.4365,0.4362,0.4358,0.4354,0.4351,0.4347,0.4343,0.434,0.4336,0.4333,0.433,0.4326,0.4321
1.7611,1.7476,1.7342,1.721,1.7081,1.6953,1.6828,1.6704,1.6582,1.6462,1.6343,1.6227,1.6111,1.5998,1.5886,1.5776,1.5667,1.556,1.5454,1.535,1.5247,1.5146,1.5046,1.4948,1.4851,1.4755,1.466,1.4567,1.4475,1.4384,1.4295,1.4206,1.4119,1.4033,1.3948,1.3864,1.378,1.3698,1.3617,1.3537,1.3458,1.3379,1.3302,1.3225,1.315,1.3075,1.3001,1.2928,1.2856,1.2784,1.2713,1.2643,1.2574,1.2506,1.2438,0,0,0,0,0,0,0,0,0,0,0,0,0,0,0,0,0,0,0,0,0,0,0,0,0,0,0,0,0,0,0,0,0,0,0,0,0,0,0,0,0,0,0,0,0,0,0,0,0,0,0,0,0,0,0,0,0,0,0.4108,0.4101,0.4094,0.4087,0.4081,0.4074,0.4077,0.4079,0.4082,0.4085,0.4131,0.4137,0.4143,0.415,0.4133,0.4113,0.4093,0.409,0.4094,0.4094,0.4093,0.4093,0.4093,0.4092,0.4091,0.409,0.4089,0.4088,0.4087,0.4086,0.4085,0.4084,0.4083,0.4082,0.4081,0.4079,0.4078,0.4077,0.4076,0.4075,0.4074,0.4073,0.4072,0.4071,0.407,0.4069,0.4068,0.4066,0.4076,0.4096,0.4108,0.4103,0.4097,0.4094,0.4093,0.4092,0.4091,0.4091,0.409,0.4089,0.409,0.4093,0.4095,0.4097,0.4099,0.4101,0.4103,0.4105,0.4107,0.4109,0.4111,0.4113,0.4116,0.4117,0.4115,0.4112,0.411,0.4112,0.4129,0.4146,0.4163,0.4247,0.4507,0.4584,0.4625,0.4633,0.4645,0.4662,0.4679,0.4696,0.4716,0.4691,0.4666,0.4642,0.4618,0.4594,0.457,0.4547,0.4524,0.4501,0.4478,0.4456,0.4434,0.4412,0.4387,0.4369,0.4364,0.4357,0.4349,0.4342,0.4335,0.4328,0.4321,0.4314,0.4307,0.43,0.4293,0.4286,0.4279,0.4272,0.4265,0.4259,0.4252,0.4245,0.4238,0.4242,0.4249,0.4256,0.4263,0.4309,0.4367,0.4363,0.4359,0.4356,0.4352,0.4349,0.4346,0.4342,0.4337,0.4332,0.4328,0.4323,0.4318
1.7276,1.7145,1.7017,1.689,1.6766,1.6643,1.6522,1.6402,1.6285,1.6169,1.6055,1.5942,1.5831,1.5721,1.5613,1.5507,1.5402,1.5298,1.5196,1.5095,1.4996,1.4899,1.4802,1.4707,1.4613,1.452,1.4428,1.4338,1.425,1.4162,1.4075,1.3989,1.3905,1.3821,1.3739,1.3657,1.3576,1.3497,1.3418,1.334,1.3263,1.3187,1.3112,1.3037,1.2964,1.2891,1.2819,1.2748,1.2678,1.2608,1.254,1.2471,1.2404,1.2338,0,0,0,0,0,0,0,0,0,0,0,0,0,0,0,0,0,0,0,0,0,0,0,0,0,0,0,0,0,0,0,0,0,0,0,0,0,0,0,0,0,0,0,0,0,0,0,0,0,0,0,0,0,0,0,0,0,0,0,0.4123,0.4116,0.4109,0.4102,0.4096,0.4089,0.4084,0.4086,0.4104,0.411,0.4116,0.4122,0.4129,0.4135,0.4124,0.4104,0.4086,0.4093,0.4097,0.4097,0.4096,0.4096,0.4096,0.4095,0.4095,0.4094,0.4093,0.4092,0.4091,0.409,0.4089,0.4088,0.4087,0.4086,0.4085,0.4084,0.4083,0.4081,0.408,0.4079,0.4078,0.4077,0.4076,0.4075,0.4074,0.4073,0.4072,0.4071,0.4086,0.4106,0.4106,0.4101,0.4095,0.4091,0.409,0.4089,0.4088,0.4088,0.4087,0.4087,0.4089,0.4091,0.4093,0.4095,0.4097,0.4099,0.4101,0.4103,0.4105,0.4107,0.411,0.4112,0.4114,0.4116,0.4118,0.4116,0.4113,0.4111,0.4119,0.4135,0.4152,0.417,0.4471,0.4547,0.4622,0.4631,0.4642,0.4659,0.4676,0.4693,0.4713,0.4701,0.4677,0.4652,0.4628,0.4604,0.458,0.4557,0.4534,0.4511,0.4488,0.4465,0.4443,0.4421,0.4399,0.4372,0.4368,0.436,0.4353,0.4346,0.4339,0.4332,0.4325,0.4318,0.4311,0.4304,0.4297,0.429,0.4283,0.4276,0.4269,0.4262,0.4255,0.4249,0.4242,0.424,0.4247,0.4254,0.4261,0.429,0.4367,0.4365,0.4361,0.4358,0.4353,0.4348,0.4343,0.4338,0.4334,0.4329,0.4324,0.4319,0.4315
1.6954,1.6828,1.6704,1.6582,1.6462,1.6344,1.6227,1.6111,1.5998,1.5886,1.5776,1.5667,1.556,1.5454,1.535,1.5247,1.5145,1.5045,1.4947,1.485,1.4754,1.4659,1.4566,1.4474,1.4383,1.4293,1.4205,1.4118,1.4031,1.3946,1.3862,1.3779,1.3697,1.3616,1.3536,1.3456,1.3378,1.3301,1.3224,1.3149,1.3074,1.3,1.2927,1.2854,1.2783,1.2712,1.2642,1.2573,1.2505,1.2437,1.237,1.2304,1.2238,1.203,0,0,0,0,0,0,0,0,0,0,0,0,0,0,0,0,0,0,0,0,0,0,0,0,0,0,0,0,0,0,0,0,0,0,0,0,0,0,0,0,0,0,0,0,0,0,0,0,0,0,0,0,0,0,0,0,0,0,0,0,0.4131,0.4124,0.4116,0.4108,0.4099,0.4092,0.4089,0.4089,0.4095,0.4102,0.4108,0.4114,0.412,0.4116,0.4096,0.409,0.4096,0.41,0.41,0.4099,0.4099,0.4098,0.4098,0.4098,0.4097,0.4097,0.4097,0.4095,0.4094,0.4093,0.4092,0.4091,0.409,0.4089,0.4088,0.4087,0.4086,0.4085,0.4083,0.4082,0.4081,0.408,0.4079,0.4078,0.4077,0.4076,0.4075,0.4095,0.411,0.4105,0.4099,0.4094,0.4088,0.4087,0.4086,0.4085,0.4085,0.4084,0.4085,0.4087,0.4089,0.4091,0.4093,0.4095,0.4097,0.4099,0.4102,0.4104,0.4106,0.4108,0.411,0.4112,0.4114,0.4116,0.4118,0.4117,0.4114,0.4111,0.4125,0.4142,0.4159,0.4436,0.4511,0.4588,0.4628,0.4639,0.4656,0.4673,0.469,0.4707,0.4712,0.4687,0.4663,0.4638,0.4614,0.4591,0.4567,0.4544,0.4521,0.4498,0.4475,0.4453,0.4431,0.4409,0.4383,0.437,0.4364,0.4357,0.435,0.4343,0.4336,0.4329,0.4322,0.4315,0.4308,0.4301,0.4294,0.4287,0.428,0.4273,0.4266,0.4259,0.4252,0.4246,0.4239,0.4245,0.4252,0.4259,0.4272,0.4347,0.4364,0.4359,0.4354,0.4349,0.4345,0.434,0.4335,0.433,0.4325,0.4321,0.4316,0.4311
1.6643,1.6522,1.6402,1.6285,1.6169,1.6055,1.5942,1.5831,1.5721,1.5613,1.5507,1.5402,1.5298,1.5196,1.5095,1.4995,1.4898,1.4801,1.4706,1.4612,1.4519,1.4428,1.4337,1.4248,1.416,1.4074,1.3988,1.3903,1.382,1.3737,1.3656,1.3575,1.3495,1.3416,1.3339,1.3262,1.3186,1.311,1.3036,1.2963,1.289,1.2818,1.2747,1.2677,1.2607,1.2538,1.247,1.2403,1.2336,1.2271,1.2205,1.2141,1.2077,0,0,0,0,0,0,0,0,0,0,0,0,0,0,0,0,0,0,0,0,0,0,0,0,0,0,0,0,0,0,0,0,0,0,0,0,0,0,0,0,0,0,0,0,0,0,0,0,0,0,0,0,0,0,0,0,0,0,0,0,0,0.4138,0.413,0.4121,0.4113,0.4104,0.4099,0.4095,0.4093,0.409,0.4087,0.4093,0.41,0.4106,0.4108,0.4088,0.4093,0.4099,0.4103,0.4103,0.4102,0.4102,0.4101,0.4101,0.4101,0.41,0.41,0.41,0.4099,0.4099,0.4098,0.4096,0.4095,0.4094,0.4093,0.4092,0.4091,0.409,0.4089,0.4088,0.4087,0.4085,0.4084,0.4083,0.4082,0.4081,0.408,0.4085,0.4105,0.4109,0.4103,0.4098,0.4092,0.4087,0.4084,0.4083,0.4082,0.4082,0.4081,0.4083,0.4085,0.4087,0.4089,0.4091,0.4094,0.4096,0.4098,0.41,0.4102,0.4104,0.4106,0.4108,0.411,0.4112,0.4114,0.4117,0.4119,0.4118,0.4115,0.4114,0.4131,0.4148,0.4401,0.4475,0.4551,0.4626,0.4636,0.4653,0.467,0.4687,0.4704,0.4723,0.4698,0.4673,0.4649,0.4625,0.4601,0.4577,0.4554,0.4531,0.4508,0.4485,0.4462,0.444,0.4418,0.4396,0.4373,0.4368,0.4361,0.4354,0.4347,0.434,0.4333,0.4325,0.4318,0.4311,0.4304,0.4297,0.4291,0.4284,0.4277,0.427,0.4263,0.4256,0.4249,0.4242,0.4243,0.425,0.4257,0.4264,0.4328,0.436,0.4355,0.4351,0.4346,0.4341,0.4336,0.4331,0.4327,0.4322,0.4317,0.4312,0.4308
1.6343,1.6227,1.6112,1.5998,1.5886,1.5776,1.5667,1.556,1.5454,1.535,1.5247,1.5145,1.5045,1.4946,1.4849,1.4753,1.4659,1.4565,1.4473,1.4382,1.4292,1.4203,1.4116,1.403,1.3945,1.3861,1.3778,1.3696,1.3614,1.3534,1.3455,1.3377,1.3299,1.3223,1.3147,1.3073,1.2999,1.2925,1.2853,1.2782,1.2711,1.2641,1.2572,1.2504,1.2436,1.2369,1.2303,1.2237,1.2173,1.2108,1.2045,1.1982,0,0,0,0,0,0,0,0,0,0,0,0,0,0,0,0,0,0,0,0,0,0,0,0,0,0,0,0,0,0,0,0,0,0,0,0,0,0,0,0,0,0,0,0,0,0,0,0,0,0,0,0,0,0,0,0,0,0,0,0,0,0,0,0.4135,0.4126,0.4117,0.4109,0.4105,0.4101,0.4099,0.4097,0.4095,0.4092,0.4088,0.4091,0.4097,0.4089,0.4096,0.4103,0.4106,0.4106,0.4105,0.4105,0.4104,0.4104,0.4104,0.4103,0.4103,0.4103,0.4102,0.4102,0.4101,0.4101,0.41,0.4098,0.4097,0.4096,0.4095,0.4094,0.4093,0.4092,0.4091,0.409,0.4089,0.4088,0.4086,0.4085,0.4084,0.4095,0.4113,0.4107,0.4102,0.4096,0.4091,0.4085,0.4081,0.408,0.4079,0.4079,0.4079,0.4081,0.4084,0.4086,0.4088,0.409,0.4092,0.4094,0.4096,0.4098,0.41,0.4102,0.4104,0.4106,0.4109,0.4111,0.4113,0.4115,0.4117,0.4119,0.4119,0.4116,0.412,0.4137,0.4154,0.4439,0.4515,0.4592,0.4633,0.4649,0.4667,0.4684,0.4701,0.4719,0.4709,0.4684,0.4659,0.4635,0.4611,0.4587,0.4564,0.4541,0.4517,0.4495,0.4472,0.445,0.4428,0.4406,0.438,0.4372,0.4365,0.4358,0.4351,0.4344,0.4336,0.4329,0.4322,0.4315,0.4308,0.4301,0.4294,0.4287,0.428,0.4274,0.4267,0.426,0.4253,0.4246,0.424,0.4247,0.4255,0.4262,0.4309,0.4356,0.4352,0.4347,0.4342,0.4338,0.4333,0.4328,0.4323,0.4319,0.4314,0.4309,0.4304
1.6055,1.5942,1.5831,1.5721,1.5613,1.5507,1.5402,1.5298,1.5196,1.5095,1.4995,1.4897,1.4801,1.4705,1.4612,1.4519,1.4427,1.4337,1.4247,1.4159,1.4072,1.3987,1.3902,1.3818,1.3736,1.3654,1.3574,1.3494,1.3415,1.3337,1.326,1.3184,1.3109,1.3035,1.2961,1.2889,1.2817,1.2746,1.2675,1.2606,1.2537,1.2469,1.2402,1.2335,1.227,1.2204,1.214,1.2076,1.2013,1.1951,1.1889,0,0,0,0,0,0,0,0,0,0,0,0,0,0,0,0,0,0,0,0,0,0,0,0,0,0,0,0,0,0,0,0,0,0,0,0,0,0,0,0,0,0,0,0,0,0,0,0,0,0,0,0,0,0,0,0,0,0,0,0,0,0,0,0,0.4139,0.4131,0.4122,0.4116,0.4112,0.4108,0.4105,0.4103,0.4102,0.41,0.4096,0.4093,0.409,0.4092,0.4099,0.4106,0.4109,0.4108,0.4108,0.4108,0.4107,0.4107,0.4107,0.4106,0.4106,0.4105,0.4105,0.4105,0.4104,0.4104,0.4104,0.4103,0.4102,0.41,0.4099,0.4098,0.4097,0.4096,0.4095,0.4094,0.4093,0.4092,0.4091,0.409,0.4088,0.4105,0.4111,0.4105,0.41,0.4094,0.4089,0.4083,0.4078,0.4077,0.4077,0.4076,0.4078,0.408,0.4082,0.4084,0.4086,0.4088,0.409,0.4092,0.4094,0.4096,0.4098,0.41,0.4103,0.4105,0.4107,0.4109,0.4111,0.4113,0.4115,0.4117,0.4119,0.412,0.4117,0.4126,0.4143,0.4405,0.4479,0.4555,0.4629,0.4646,0.4663,0.4681,0.4698,0.4715,0.4719,0.4695,0.467,0.4646,0.4621,0.4598,0.4574,0.4551,0.4527,0.4504,0.4482,0.4459,0.4437,0.4415,0.4392,0.4375,0.4369,0.4362,0.4355,0.4347,0.434,0.4333,0.4326,0.4319,0.4312,0.4305,0.4298,0.4291,0.4284,0.4277,0.427,0.4264,0.4257,0.425,0.4243,0.4245,0.4252,0.4259,0.429,0.4351,0.4349,0.4344,0.4339,0.4334,0.4329,0.4325,0.432,0.4315,0.431,0.4306,0.4301
1.5776,1.5667,1.556,1.5454,1.535,1.5247,1.5145,1.5045,1.4946,1.4848,1.4752,1.4658,1.4565,1.4472,1.4381,1.4292,1.4203,1.4115,1.4028,1.3943,1.3859,1.3776,1.3694,1.3613,1.3533,1.3454,1.3375,1.3298,1.3222,1.3146,1.3071,1.2997,1.2924,1.2852,1.2781,1.271,1.264,1.2571,1.2503,1.2435,1.2368,1.2302,1.2236,1.2172,1.2107,1.2044,1.1981,1.1919,1.1858,1.1797,1.1621,0,0,0,0,0,0,0,0,0,0,0,0,0,0,0,0,0,0,0,0,0,0,0,0,0,0,0,0,0,0,0,0,0,0,0,0,0,0,0,0,0,0,0,0,0,0,0,0,0,0,0,0,0,0,0,0,0,0,0,0,0,0,0,0,0,0.4135,0.4127,0.4123,0.4119,0.4115,0.4111,0.4109,0.4107,0.4106,0.4104,0.4101,0.4098,0.4096,0.4102,0.4109,0.4112,0.4111,0.4111,0.4111,0.411,0.411,0.411,0.4109,0.4109,0.4108,0.4108,0.4108,0.4107,0.4107,0.4107,0.4106,0.4106,0.4105,0.4104,0.4103,0.4101,0.41,0.4099,0.4098,0.4097,0.4096,0.4095,0.4094,0.4094,0.4115,0.4109,0.4104,0.4098,0.4093,0.4087,0.4082,0.4076,0.4074,0.4074,0.4074,0.4076,0.4078,0.408,0.4082,0.4084,0.4086,0.4088,0.409,0.4093,0.4095,0.4097,0.4099,0.4101,0.4103,0.4105,0.4107,0.4109,0.4111,0.4113,0.4115,0.4118,0.412,0.4121,0.4118,0.4133,0.4371,0.4443,0.4519,0.4607,0.4685,0.4695,0.4705,0.4714,0.4724,0.473,0.4705,0.468,0.4656,0.4632,0.4608,0.4584,0.4561,0.4537,0.4514,0.4492,0.4469,0.4447,0.4425,0.4403,0.4378,0.4373,0.4366,0.4358,0.4351,0.4344,0.4337,0.433,0.4323,0.4316,0.4309,0.4302,0.4295,0.4288,0.4281,0.4274,0.4267,0.426,0.4254,0.4247,0.4243,0.425,0.4257,0.4271,0.4346,0.4344,0.434,0.4335,0.4331,0.4326,0.4321,0.4316,0.4312,0.4307,0.4302,0.4297
1.5507,1.5401,1.5298,1.5196,1.5095,1.4995,1.4897,1.48,1.4705,1.4611,1.4518,1.4426,1.4336,1.4247,1.4158,1.4071,1.3985,1.3901,1.3817,1.3734,1.3653,1.3572,1.3493,1.3414,1.3336,1.3259,1.3183,1.3108,1.3034,1.296,1.2887,1.2816,1.2745,1.2674,1.2605,1.2536,1.2468,1.2401,1.2334,1.2268,1.2203,1.2139,1.2075,1.2012,1.195,1.1888,1.1827,1.1766,1.1706,1.1647,0,0,0,0,0,0,0,0,0,0,0,0,0,0,0,0,0,0,0,0,0,0,0,0,0,0,0,0,0,0,0,0,0,0,0,0,0,0,0,0,0,0,0,0,0,0,0,0,0,0,0,0,0,0,0,0,0,0,0,0,0,0,0,0,0,0,0.414,0.4134,0.413,0.4126,0.4122,0.4118,0.4115,0.4113,0.4112,0.411,0.4108,0.4106,0.4102,0.4106,0.4112,0.4115,0.4114,0.4114,0.4114,0.4113,0.4113,0.4113,0.4112,0.4112,0.4111,0.4111,0.4111,0.411,0.411,0.411,0.4109,0.4109,0.4108,0.4108,0.4107,0.4106,0.4105,0.4103,0.4102,0.4101,0.41,0.4099,0.4098,0.4104,0.4113,0.4108,0.4102,0.4097,0.4091,0.4086,0.408,0.4075,0.4071,0.4071,0.4072,0.4074,0.4076,0.4078,0.408,0.4082,0.4085,0.4087,0.4089,0.4091,0.4093,0.4095,0.4097,0.4099,0.4101,0.4103,0.4105,0.4107,0.411,0.4112,0.4114,0.4116,0.4118,0.412,0.4122,0.4122,0.4337,0.4409,0.4483,0.4582,0.4738,0.4743,0.4739,0.4736,0.4733,0.473,0.4716,0.4691,0.4667,0.4642,0.4618,0.4594,0.4571,0.4547,0.4524,0.4501,0.4479,0.4456,0.4434,0.4412,0.4389,0.4377,0.4369,0.4362,0.4355,0.4348,0.4341,0.4334,0.4327,0.432,0.4313,0.4306,0.4299,0.4292,0.4285,0.4278,0.4271,0.4264,0.4257,0.425,0.4244,0.4248,0.4255,0.4262,0.4327,0.4339,0.4337,0.4332,0.4327,0.4322,0.4318,0.4313,0.4308,0.4303,0.4299,0.4294
1.5246,1.5145,1.5045,1.4946,1.4848,1.4752,1.4657,1.4564,1.4472,1.4381,1.4291,1.4202,1.4114,1.4028,1.3942,1.3858,1.3775,1.3693,1.3612,1.3532,1.3452,1.3374,1.3297,1.322,1.3145,1.307,1.2996,1.2923,1.2851,1.2779,1.2709,1.2639,1.257,1.2501,1.2434,1.2367,1.2301,1.2235,1.217,1.2106,1.2043,1.198,1.1918,1.1857,1.1796,1.1735,1.1676,1.1617,1.1558,0,0,0,0,0,0,0,0,0,0,0,0,0,0,0,0,0,0,0,0,0,0,0,0,0,0,0,0,0,0,0,0,0,0,0,0,0,0,0,0,0,0,0,0,0,0,0,0,0,0,0,0,0,0,0,0,0,0,0,0,0,0,0,0,0,0,0,0.4145,0.4141,0.4137,0.4133,0.4129,0.4125,0.4121,0.4119,0.4117,0.4116,0.4114,0.4113,0.411,0.4109,0.4115,0.4118,0.4117,0.4117,0.4117,0.4116,0.4116,0.4116,0.4115,0.4115,0.4114,0.4114,0.4114,0.4113,0.4113,0.4113,0.4112,0.4112,0.4111,0.4111,0.4111,0.411,0.4109,0.4108,0.4107,0.4105,0.4104,0.4103,0.4102,0.4114,0.4112,0.4106,0.4101,0.4095,0.409,0.4084,0.4079,0.4073,0.4069,0.4068,0.407,0.4072,0.4075,0.4077,0.4079,0.4081,0.4083,0.4085,0.4087,0.4089,0.4091,0.4093,0.4095,0.4097,0.4099,0.4102,0.4104,0.4106,0.4108,0.411,0.4112,0.4114,0.4116,0.4118,0.412,0.4122,0.4128,0.4374,0.4447,0.4556,0.4747,0.4747,0.4744,0.4741,0.4738,0.4734,0.4727,0.4702,0.4677,0.4653,0.4628,0.4605,0.4581,0.4557,0.4534,0.4511,0.4488,0.4466,0.4444,0.4422,0.44,0.438,0.4373,0.4366,0.4359,0.4352,0.4345,0.4338,0.4331,0.4324,0.4316,0.4309,0.4302,0.4296,0.4289,0.4282,0.4275,0.4268,0.4261,0.4254,0.4247,0.4246,0.4253,0.426,0.4308,0.4334,0.4332,0.4328,0.4324,0.4319,0.4314,0.431,0.4305,0.43,0.4295,0.4291
1.4995,1.4897,1.48,1.4704,1.461,1.4517,1.4426,1.4335,1.4246,1.4158,1.4071,1.3985,1.39,1.3816,1.3733,1.3651,1.3571,1.3491,1.3413,1.3335,1.3258,1.3182,1.3107,1.3032,1.2959,1.2886,1.2814,1.2743,1.2673,1.2604,1.2535,1.2467,1.24,1.2333,1.2267,1.2202,1.2138,1.2074,1.2011,1.1949,1.1887,1.1826,1.1765,1.1705,1.1646,1.1587,1.1529,1.1471,1.1267,0,0,0,0,0,0,0,0,0,0,0,0,0,0,0,0,0,0,0,0,0,0,0,0,0,0,0,0,0,0,0,0,0,0,0,0,0,0,0,0,0,0,0,0,0,0,0,0,0,0,0,0,0,0,0,0,0,0,0,0,0,0,0,0,0,0,0,0,0.4145,0.4144,0.414,0.4136,0.4132,0.4128,0.4125,0.4123,0.4122,0.412,0.4119,0.4117,0.4115,0.4119,0.4121,0.412,0.412,0.412,0.4119,0.4119,0.4119,0.4118,0.4118,0.4117,0.4117,0.4117,0.4116,0.4116,0.4115,0.4115,0.4115,0.4114,0.4114,0.4114,0.4113,0.4113,0.4112,0.4111,0.411,0.4109,0.4108,0.4106,0.4115,0.411,0.4104,0.4099,0.4093,0.4088,0.4082,0.4077,0.4072,0.4066,0.4067,0.4069,0.4071,0.4073,0.4075,0.4077,0.4079,0.4081,0.4083,0.4085,0.4087,0.4089,0.4091,0.4094,0.4096,0.4098,0.41,0.4102,0.4104,0.4106,0.4108,0.411,0.4112,0.4114,0.4117,0.4119,0.4121,0.4123,0.4341,0.4416,0.4531,0.4737,0.4742,0.4744,0.4745,0.4742,0.4739,0.4738,0.4713,0.4688,0.4663,0.4639,0.4615,0.4591,0.4567,0.4544,0.4521,0.4498,0.4476,0.4453,0.4431,0.4409,0.4385,0.4377,0.437,0.4363,0.4356,0.4349,0.4342,0.4334,0.4327,0.432,0.4313,0.4306,0.4299,0.4292,0.4285,0.4278,0.4272,0.4265,0.4258,0.4251,0.4244,0.4251,0.4258,0.4289,0.4329,0.4328,0.4325,0.432,0.4316,0.4311,0.4306,0.4301,0.4297,0.4292,0.4287
1.4752,1.4657,1.4563,1.4471,1.438,1.429,1.4201,1.4114,1.4027,1.3942,1.3857,1.3774,1.3691,1.361,1.353,1.3451,1.3373,1.3296,1.3219,1.3143,1.3069,1.2995,1.2922,1.285,1.2778,1.2708,1.2638,1.2569,1.25,1.2433,1.2366,1.23,1.2234,1.2169,1.2105,1.2042,1.1979,1.1917,1.1856,1.1795,1.1734,1.1675,1.1616,1.1558,1.15,1.1442,1.1386,1.1238,0,0,0,0,0,0,0,0,0,0,0,0,0,0,0,0,0,0,0,0,0,0,0,0,0,0,0,0,0,0,0,0,0,0,0,0,0,0,0,0,0,0,0,0,0,0,0,0,0,0,0,0,0,0,0,0,0,0,0,0,0,0,0,0,0,0,0,0,0,0,0.4144,0.4143,0.4142,0.4139,0.4135,0.4131,0.4129,0.4128,0.4126,0.4124,0.4123,0.4121,0.4122,0.4124,0.4123,0.4123,0.4123,0.4122,0.4122,0.4122,0.4121,0.4121,0.412,0.412,0.412,0.4119,0.4119,0.4118,0.4118,0.4118,0.4117,0.4117,0.4117,0.4116,0.4116,0.4115,0.4115,0.4114,0.4113,0.4112,0.4113,0.4114,0.4108,0.4103,0.4097,0.4092,0.4086,0.4081,0.4078,0.4076,0.4073,0.4067,0.4072,0.4078,0.4084,0.409,0.4096,0.4101,0.4103,0.4105,0.4107,0.4109,0.4111,0.4113,0.4115,0.4117,0.4119,0.4121,0.4123,0.4125,0.4127,0.4129,0.4131,0.4133,0.4135,0.4137,0.4139,0.4141,0.4143,0.4307,0.4393,0.4507,0.47,0.4737,0.4738,0.474,0.4741,0.4742,0.4741,0.4723,0.4698,0.4674,0.4649,0.4625,0.4601,0.4578,0.4554,0.4531,0.4508,0.4485,0.4463,0.4441,0.4419,0.4397,0.4381,0.4374,0.4367,0.436,0.4353,0.4345,0.4338,0.4331,0.4324,0.4317,0.431,0.4303,0.4296,0.4289,0.4282,0.4275,0.4268,0.4262,0.4255,0.4248,0.4248,0.4256,0.427,0.4325,0.4323,0.4321,0.4317,0.4312,0.4307,0.4303,0.4298,0.4293,0.4289,0.4284
1.4517,1.4425,1.4334,1.4245,1.4157,1.407,1.3984,1.3899,1.3815,1.3732,1.365,1.357,1.349,1.3411,1.3333,1.3257,1.3181,1.3105,1.3031,1.2958,1.2885,1.2813,1.2742,1.2672,1.2602,1.2534,1.2466,1.2398,1.2332,1.2266,1.2201,1.2137,1.2073,1.201,1.1947,1.1886,1.1825,1.1764,1.1704,1.1645,1.1586,1.1528,1.1471,1.1414,1.1357,1.1301,1.1246,0,0,0,0,0,0,0,0,0,0,0,0,0,0,0,0,0,0,0,0,0,0,0,0,0,0,0,0,0,0,0,0,0,0,0,0,0,0,0,0,0,0,0,0,0,0,0,0,0,0,0,0,0,0,0,0,0,0,0,0,0,0,0,0,0,0,0,0,0,0,0,0,0.4143,0.4142,0.4141,0.414,0.4138,0.4135,0.4133,0.4132,0.4131,0.413,0.4128,0.4127,0.4127,0.4126,0.4126,0.4126,0.4125,0.4125,0.4125,0.4124,0.4124,0.4123,0.4123,0.4123,0.4122,0.4122,0.4121,0.4121,0.4121,0.412,0.412,0.412,0.4119,0.4119,0.4118,0.4118,0.4118,0.4117,0.4116,0.4118,0.4112,0.4107,0.4101,0.4098,0.4096,0.4094,0.4092,0.409,0.4088,0.4081,0.4072,0.4071,0.4074,0.408,0.4086,0.4092,0.4098,0.4104,0.411,0.4116,0.4122,0.4128,0.4134,0.414,0.4146,0.4152,0.4155,0.4157,0.4159,0.4161,0.4163,0.4165,0.4167,0.4169,0.4171,0.4173,0.4175,0.4177,0.4275,0.437,0.4482,0.4665,0.4731,0.4733,0.4734,0.4735,0.4737,0.4738,0.4735,0.4712,0.4684,0.466,0.4636,0.4612,0.4588,0.4564,0.4541,0.4518,0.4495,0.4472,0.445,0.4428,0.4406,0.4385,0.4378,0.4371,0.4364,0.4356,0.4349,0.4342,0.4335,0.4328,0.4321,0.4314,0.4307,0.43,0.4293,0.4286,0.4279,0.4272,0.4265,0.4258,0.4252,0.4246,0.4253,0.4261,0.432,0.4318,0.4316,0.4313,0.4309,0.4304,0.4299,0.4295,0.429,0.4285,0.4281
1.4289,1.42,1.4113,1.4026,1.3941,1.3856,1.3773,1.3691,1.3609,1.3529,1.345,1.3372,1.3294,1.3218,1.3142,1.3068,1.2994,1.2921,1.2848,1.2777,1.2706,1.2637,1.2567,1.2499,1.2431,1.2365,1.2299,1.2233,1.2168,1.2104,1.2041,1.1978,1.1916,1.1855,1.1794,1.1734,1.1674,1.1615,1.1557,1.1499,1.1442,1.1385,1.1329,1.1273,1.1218,1.1164,0,0,0,0,0,0,0,0,0,0,0,0,0,0,0,0,0,0,0,0,0,0,0,0,0,0,0,0,0,0,0,0,0,0,0,0,0,0,0,0,0,0,0,0,0,0,0,0,0,0,0,0,0,0,0,0,0,0,0,0,0,0,0,0,0,0,0,0,0,0,0,0,0,0,0.4142,0.4141,0.414,0.4139,0.4138,0.4137,0.4135,0.4133,0.4132,0.413,0.4128,0.414,0.4154,0.4167,0.4165,0.4163,0.4161,0.416,0.4158,0.4156,0.4154,0.4152,0.415,0.4148,0.4147,0.4145,0.4143,0.4141,0.4139,0.4137,0.4136,0.4134,0.4132,0.413,0.4128,0.4127,0.4125,0.4123,0.4119,0.4117,0.4115,0.4112,0.411,0.4108,0.4106,0.4104,0.4102,0.41,0.4089,0.4076,0.4075,0.4075,0.4076,0.4082,0.4088,0.4094,0.41,0.4106,0.4112,0.4118,0.4124,0.413,0.4136,0.4142,0.4148,0.4154,0.416,0.4166,0.4173,0.4179,0.4185,0.4191,0.4197,0.4204,0.4208,0.421,0.4212,0.4243,0.4347,0.4458,0.4629,0.4702,0.4727,0.4728,0.473,0.4731,0.4733,0.4741,0.4724,0.4702,0.4678,0.4654,0.4622,0.4598,0.4574,0.4551,0.4528,0.4505,0.4482,0.446,0.4438,0.4415,0.4394,0.4382,0.4375,0.4367,0.436,0.4353,0.4346,0.4339,0.4332,0.4325,0.4318,0.4311,0.4304,0.4297,0.429,0.4283,0.4276,0.4269,0.4262,0.4255,0.4249,0.4251,0.4258,0.4307,0.4313,0.4311,0.4309,0.4305,0.4301,0.4296,0.4291,0.4286,0.4282,0.4279
1.4069,1.3983,1.3898,1.3814,1.3731,1.3649,1.3568,1.3489,1.341,1.3332,1.3255,1.3179,1.3104,1.303,1.2956,1.2884,1.2812,1.2741,1.2671,1.2601,1.2533,1.2465,1.2397,1.2331,1.2265,1.22,1.2136,1.2072,1.2009,1.1946,1.1885,1.1824,1.1763,1.1703,1.1644,1.1585,1.1527,1.147,1.1413,1.1356,1.13,1.1245,1.119,1.1136,1.1083,1.0908,0,0,0,0,0,0,0,0,0,0,0,0,0,0,0,0,0,0,0,0,0,0,0,0,0,0,0,0,0,0,0,0,0,0,0,0,0,0,0,0,0,0,0,0,0,0,0,0,0,0,0,0,0,0,0,0,0,0,0,0,0,0,0,0,0,0,0,0,0,0,0,0,0,0,0,0.4142,0.4141,0.414,0.4139,0.4137,0.4136,0.4134,0.4132,0.413,0.4129,0.4143,0.4157,0.4171,0.4185,0.42,0.421,0.4208,0.4206,0.4204,0.4202,0.4201,0.4199,0.4197,0.4195,0.4193,0.4191,0.4189,0.4187,0.4186,0.4184,0.4177,0.4169,0.4162,0.4155,0.4149,0.4142,0.4135,0.4131,0.4129,0.4127,0.4125,0.4123,0.412,0.4118,0.4116,0.4114,0.4112,0.4097,0.4082,0.408,0.4079,0.4079,0.4079,0.4084,0.409,0.4096,0.4102,0.4108,0.4114,0.412,0.4126,0.4132,0.4138,0.4144,0.415,0.4156,0.4162,0.4168,0.4175,0.4181,0.4187,0.4193,0.4199,0.4206,0.4212,0.4218,0.4227,0.4324,0.4434,0.4594,0.4666,0.4721,0.4723,0.4724,0.4726,0.4728,0.4738,0.4732,0.4712,0.4692,0.4668,0.4645,0.4621,0.4598,0.4575,0.4538,0.4515,0.4492,0.4469,0.4447,0.4425,0.4403,0.4386,0.4379,0.4371,0.4364,0.4357,0.435,0.4343,0.4336,0.4329,0.4322,0.4314,0.4307,0.4301,0.4294,0.4287,0.428,0.4273,0.4266,0.4259,0.4252,0.4249,0.4256,0.4288,0.4308,0.4306,0.4304,0.4302,0.4297,0.4292,0.4288,0.4284,0.4282,0.428
1.3856,1.3772,1.369,1.3609,1.3528,1.3448,1.337,1.3293,1.3216,1.3141,1.3066,1.2992,1.2919,1.2847,1.2776,1.2705,1.2635,1.2566,1.2498,1.243,1.2363,1.2297,1.2232,1.2167,1.2103,1.204,1.1977,1.1915,1.1853,1.1793,1.1733,1.1673,1.1614,1.1556,1.1498,1.1441,1.1384,1.1328,1.1272,1.1217,1.1163,1.1109,1.1055,1.1003,1.088,0,0,0,0,0,0,0,0,0,0,0,0,0,0,0,0,0,0,0,0,0,0,0,0,0,0,0,0,0,0,0,0,0,0,0,0,0,0,0,0,0,0,0,0,0,0,0,0,0,0,0,0,0,0,0,0,0,0,0,0,0,0,0,0,0,0,0,0,0,0,0,0,0,0,0,0,0.4142,0.4141,0.414,0.4139,0.4138,0.4136,0.4134,0.4133,0.4131,0.4132,0.4146,0.416,0.4174,0.4188,0.4203,0.4217,0.4232,0.4246,0.4254,0.4252,0.425,0.4248,0.4246,0.4239,0.4232,0.4224,0.4217,0.421,0.4203,0.4196,0.4189,0.4182,0.4175,0.4167,0.416,0.4153,0.4147,0.4143,0.4141,0.4139,0.4137,0.4135,0.4133,0.413,0.4128,0.4126,0.412,0.4105,0.409,0.4084,0.4084,0.4083,0.4083,0.4083,0.4086,0.4092,0.4098,0.4104,0.411,0.4116,0.4122,0.4128,0.4134,0.414,0.4146,0.4152,0.4158,0.4164,0.417,0.4177,0.4183,0.4189,0.4195,0.4201,0.4208,0.4214,0.4226,0.4301,0.4411,0.456,0.463,0.4703,0.4717,0.4719,0.472,0.4725,0.4734,0.4741,0.472,0.47,0.468,0.4659,0.4635,0.4612,0.4589,0.4566,0.4543,0.4521,0.4498,0.4457,0.4434,0.4412,0.439,0.4383,0.4375,0.4368,0.4361,0.4354,0.4347,0.434,0.4332,0.4325,0.4318,0.4311,0.4304,0.4297,0.429,0.4283,0.4277,0.427,0.4263,0.4256,0.4249,0.4254,0.427,0.4303,0.4302,0.43,0.4298,0.4294,0.429,0.4288,0.4285,0.4283,0.4282
1.3649,1.3568,1.3488,1.3409,1.3331,1.3254,1.3178,1.3103,1.3029,1.2955,1.2883,1.2811,1.274,1.267,1.26,1.2531,1.2464,1.2396,1.233,1.2264,1.2199,1.2134,1.2071,1.2008,1.1945,1.1884,1.1822,1.1762,1.1702,1.1643,1.1584,1.1526,1.1469,1.1412,1.1355,1.13,1.1244,1.1189,1.1135,1.1082,1.1028,1.0976,1.0924,1.0872,0,0,0,0,0,0,0,0,0,0,0,0,0,0,0,0,0,0,0,0,0,0,0,0,0,0,0,0,0,0,0,0,0,0,0,0,0,0,0,0,0,0,0,0,0,0,0,0,0,0,0,0,0,0,0,0,0,0,0,0,0,0,0,0,0,0,0,0,0,0,0,0,0,0,0,0,0,0,0.4141,0.414,0.4139,0.4138,0.4137,0.4135,0.4133,0.4132,0.4134,0.4148,0.4163,0.4177,0.4191,0.4206,0.422,0.4235,0.4249,0.4264,0.4274,0.4273,0.4266,0.4259,0.4251,0.4244,0.4237,0.423,0.4222,0.4215,0.4208,0.4201,0.4194,0.4187,0.418,0.4173,0.4165,0.4158,0.4155,0.4154,0.4151,0.4149,0.4147,0.4145,0.4143,0.4141,0.4138,0.4128,0.4113,0.4098,0.4088,0.4088,0.4088,0.4087,0.4087,0.4087,0.4088,0.4094,0.41,0.4106,0.4112,0.4118,0.4124,0.413,0.4136,0.4142,0.4148,0.4154,0.416,0.4166,0.4172,0.4179,0.4185,0.4191,0.4197,0.4203,0.4213,0.4225,0.4279,0.4387,0.4526,0.4596,0.4667,0.4712,0.4713,0.4714,0.4722,0.4731,0.474,0.4729,0.4709,0.4689,0.4669,0.4649,0.4626,0.4602,0.4579,0.4557,0.4534,0.4512,0.449,0.4471,0.4457,0.44,0.4386,0.4379,0.4372,0.4365,0.4358,0.435,0.4343,0.4336,0.4329,0.4322,0.4315,0.4308,0.4301,0.4294,0.4287,0.428,0.4273,0.4267,0.426,0.4253,0.4252,0.4259,0.4299,0.4297,0.4295,0.4293,0.4293,0.4291,0.4289,0.4287,0.4286,0.4284
1.3448,1.3369,1.3292,1.3215,1.314,1.3065,1.2991,1.2918,1.2846,1.2775,1.2704,1.2634,1.2565,1.2497,1.2429,1.2362,1.2296,1.2231,1.2166,1.2102,1.2039,1.1976,1.1914,1.1852,1.1792,1.1731,1.1672,1.1613,1.1555,1.1497,1.144,1.1383,1.1327,1.1271,1.1216,1.1162,1.1108,1.1054,1.1002,1.0949,1.0897,1.0846,1.0795,0,0,0,0,0,0,0,0,0,0,0,0,0,0,0,0,0,0,0,0,0,0,0,0,0,0,0,0,0,0,0,0,0,0,0,0,0,0,0,0,0,0,0,0,0,0,0,0,0,0,0,0,0,0,0,0,0,0,0,0,0,0,0,0,0,0,0,0,0,0,0,0,0,0,0,0,0,0,0,0,0.414,0.4139,0.4138,0.4137,0.4136,0.4134,0.4132,0.4137,0.4151,0.4165,0.418,0.4194,0.4208,0.4223,0.4238,0.4252,0.4267,0.4273,0.4275,0.4277,0.4271,0.4264,0.4257,0.4249,0.4242,0.4235,0.4227,0.422,0.4213,0.4206,0.4199,0.4192,0.4185,0.4178,0.4171,0.4167,0.4166,0.4164,0.4162,0.4159,0.4157,0.4155,0.4153,0.4151,0.4136,0.4121,0.4106,0.4092,0.4092,0.4092,0.4092,0.4091,0.4091,0.4091,0.409,0.4096,0.4102,0.4107,0.4113,0.4119,0.4126,0.4132,0.4138,0.4144,0.415,0.4156,0.4162,0.4168,0.4174,0.4181,0.4187,0.4193,0.42,0.4212,0.4225,0.4265,0.4364,0.4493,0.4561,0.4632,0.4705,0.4708,0.4709,0.4718,0.4728,0.4737,0.4737,0.4717,0.4697,0.4677,0.4657,0.4638,0.4616,0.4593,0.457,0.4547,0.4533,0.4519,0.4505,0.4491,0.4419,0.4387,0.4382,0.4376,0.4369,0.4362,0.4354,0.4347,0.434,0.4333,0.4326,0.4319,0.4312,0.4305,0.4298,0.4291,0.4284,0.4277,0.427,0.4263,0.4257,0.425,0.4257,0.4294,0.4292,0.429,0.4288,0.429,0.4292,0.429,0.4288,0.4286,0.4285
1.3253,1.3177,1.3102,1.3027,1.2954,1.2881,1.281,1.2739,1.2668,1.2599,1.253,1.2462,1.2395,1.2329,1.2263,1.2198,1.2133,1.207,1.2007,1.1944,1.1883,1.1821,1.1761,1.1701,1.1642,1.1583,1.1525,1.1468,1.1411,1.1354,1.1299,1.1243,1.1189,1.1134,1.1081,1.1028,1.0975,1.0923,1.0871,1.082,1.0769,1.0719,1.057,0,0,0,0,0,0,0,0,0,0,0,0,0,0,0,0,0,0,0,0,0,0,0,0,0,0,0,0,0,0,0,0,0,0,0,0,0,0,0,0,0,0,0,0,0,0,0,0,0,0,0,0,0,0,0,0,0,0,0,0,0,0,0,0,0,0,0,0,0,0,0,0,0,0,0,0,0,0,0,0,0,0.414,0.4139,0.4138,0.4136,0.4134,0.4133,0.414,0.4154,0.4168,0.4183,0.4197,0.4211,0.4226,0.4241,0.4256,0.4269,0.4272,0.4273,0.4275,0.4277,0.4277,0.4269,0.4262,0.4254,0.4247,0.424,0.4233,0.4225,0.4218,0.4211,0.4204,0.4197,0.419,0.4183,0.4179,0.4178,0.4176,0.4174,0.4172,0.417,0.4168,0.4165,0.416,0.4144,0.4129,0.4114,0.4099,0.4096,0.4096,0.4096,0.4095,0.4095,0.4095,0.4095,0.4094,0.4097,0.4103,0.4109,0.4115,0.4121,0.4127,0.4134,0.414,0.4146,0.4152,0.4158,0.4164,0.417,0.4176,0.4183,0.4189,0.4199,0.4211,0.4224,0.4252,0.4341,0.446,0.4527,0.4597,0.4669,0.4702,0.4706,0.4715,0.4724,0.4734,0.4743,0.4726,0.4705,0.4685,0.4666,0.4646,0.4626,0.4608,0.4597,0.4583,0.4568,0.4554,0.454,0.4526,0.4448,0.439,0.4381,0.4375,0.437,0.4364,0.4358,0.4351,0.4344,0.4337,0.433,0.4323,0.4316,0.4309,0.4302,0.4295,0.4288,0.4281,0.4274,0.4267,0.426,0.4253,0.4254,0.4288,0.4287,0.4285,0.4284,0.4287,0.429,0.4291,0.4289,0.4287,0.4285
1.3064,1.299,1.2917,1.2845,1.2773,1.2703,1.2633,1.2564,1.2496,1.2428,1.2361,1.2295,1.223,1.2165,1.2101,1.2038,1.1975,1.1913,1.1851,1.1791,1.173,1.1671,1.1612,1.1554,1.1496,1.1439,1.1382,1.1326,1.127,1.1215,1.1161,1.1107,1.1054,1.1001,1.0948,1.0896,1.0845,1.0794,1.0744,1.0694,1.0644,1.0544,0,0,0,0,0,0,0,0,0,0,0,0,0,0,0,0,0,0,0,0,0,0,0,0,0,0,0,0,0,0,0,0,0,0,0,0,0,0,0,0,0,0,0,0,0,0,0,0,0,0,0,0,0,0,0,0,0,0,0,0,0,0,0,0,0,0,0,0,0,0,0,0,0,0,0,0,0,0,0,0,0,0,0,0.4139,0.4138,0.4137,0.4135,0.4133,0.4143,0.4157,0.4171,0.4185,0.42,0.4214,0.4229,0.4244,0.4259,0.4267,0.427,0.4272,0.4274,0.4276,0.4278,0.428,0.4274,0.4267,0.426,0.4252,0.4245,0.4238,0.4231,0.4223,0.4216,0.4209,0.4202,0.4195,0.4191,0.419,0.4189,0.4187,0.4184,0.4182,0.418,0.4178,0.4168,0.4152,0.4137,0.4122,0.4107,0.4101,0.41,0.41,0.41,0.4099,0.4099,0.4099,0.4099,0.4098,0.4099,0.4105,0.4111,0.4117,0.4123,0.4129,0.4135,0.4142,0.4148,0.4154,0.416,0.4166,0.4172,0.4178,0.4186,0.4198,0.421,0.4223,0.4238,0.4322,0.4427,0.4494,0.4563,0.4633,0.4697,0.4702,0.4712,0.4721,0.473,0.474,0.4734,0.4714,0.4694,0.4674,0.4654,0.4637,0.462,0.4584,0.4597,0.4604,0.4589,0.4575,0.4561,0.4502,0.4398,0.438,0.4375,0.4369,0.4364,0.4358,0.4353,0.4347,0.4341,0.4334,0.4327,0.432,0.4313,0.4306,0.4299,0.4292,0.4285,0.4278,0.4271,0.4264,0.4257,0.4252,0.4269,0.4282,0.4281,0.428,0.4284,0.4287,0.429,0.429,0.4288,0.4286
1.2880,1.2808,1.2737,1.2667,1.2598,1.2529,1.2461,1.2394,1.2328,1.2262,1.2197,1.2132,1.2069,1.2006,1.1943,1.1882,1.182,1.176,1.17,1.1641,1.1582,1.1524,1.1467,1.141,1.1353,1.1298,1.1242,1.1188,1.1133,1.108,1.1027,1.0974,1.0922,1.087,1.0819,1.0768,1.0718,1.0668,1.0619,1.057,1.0522,0,0,0,0,0,0,0,0,0,0,0,0,0,0,0,0,0,0,0,0,0,0,0,0,0,0,0,0,0,0,0,0,0,0,0,0,0,0,0,0,0,0,0,0,0,0,0,0,0,0,0,0,0,0,0,0,0,0,0,0,0,0,0,0,0,0,0,0,0,0,0,0,0,0,0,0,0,0,0,0,0,0,0,0,0,0.4138,0.4137,0.4135,0.4134,0.4146,0.416,0.4174,0.4188,0.4203,0.4217,0.4232,0.4247,0.4262,0.4266,0.4269,0.4271,0.4272,0.4274,0.4276,0.4278,0.428,0.428,0.4272,0.4265,0.4258,0.425,0.4243,0.4236,0.4229,0.4221,0.4214,0.4207,0.4203,0.4202,0.4201,0.4199,0.4197,0.4195,0.4193,0.419,0.4176,0.4161,0.4145,0.413,0.4115,0.4105,0.4105,0.4104,0.4104,0.4104,0.4103,0.4103,0.4103,0.4103,0.4102,0.4102,0.4107,0.4113,0.4119,0.4125,0.4131,0.4137,0.4144,0.415,0.4156,0.4162,0.4168,0.4174,0.4185,0.4197,0.421,0.4222,0.4235,0.4308,0.4396,0.4461,0.4529,0.4598,0.4669,0.4699,0.4708,0.4718,0.4727,0.4736,0.4743,0.4722,0.4702,0.4684,0.4667,0.465,0.4632,0.4615,0.4597,0.4573,0.4585,0.4598,0.4596,0.4557,0.4408,0.438,0.4374,0.4368,0.4363,0.4357,0.4352,0.4346,0.4341,0.4335,0.433,0.4323,0.4316,0.4309,0.4302,0.4295,0.4288,0.4281,0.4275,0.4268,0.4261,0.4254,0.4257,0.4278,0.4276,0.4277,0.428,0.4283,0.4286,0.429,0.4289,0.4287
1.2702,1.2632,1.2563,1.2495,1.2427,1.236,1.2294,1.2229,1.2164,1.21,1.2037,1.1974,1.1912,1.185,1.179,1.1729,1.167,1.1611,1.1553,1.1495,1.1438,1.1381,1.1325,1.1269,1.1214,1.116,1.1106,1.1053,1.1,1.0947,1.0896,1.0844,1.0793,1.0743,1.0693,1.0643,1.0594,1.0546,1.0497,1.045,0,0,0,0,0,0,0,0,0,0,0,0,0,0,0,0,0,0,0,0,0,0,0,0,0,0,0,0,0,0,0,0,0,0,0,0,0,0,0,0,0,0,0,0,0,0,0,0,0,0,0,0,0,0,0,0,0,0,0,0,0,0,0,0,0,0,0,0,0,0,0,0,0,0,0,0,0,0,0,0,0,0,0,0,0,0,0.4139,0.4138,0.4136,0.4135,0.4149,0.4163,0.4177,0.4191,0.4206,0.4221,0.4235,0.425,0.4261,0.4265,0.4267,0.4269,0.4271,0.4273,0.4275,0.4277,0.4279,0.4281,0.4282,0.4278,0.427,0.4263,0.4256,0.4248,0.4241,0.4234,0.4226,0.4219,0.4215,0.4214,0.4213,0.4212,0.421,0.4208,0.4205,0.42,0.4184,0.4169,0.4153,0.4138,0.4123,0.4109,0.4109,0.4109,0.4108,0.4108,0.4108,0.4107,0.4107,0.4107,0.4106,0.4106,0.4106,0.4109,0.4115,0.4121,0.4127,0.4133,0.4139,0.4146,0.4152,0.4158,0.4164,0.4172,0.4184,0.4196,0.4209,0.4221,0.4234,0.4294,0.4362,0.4426,0.4492,0.4559,0.4629,0.4722,0.4724,0.4727,0.4729,0.4733,0.4742,0.4731,0.4714,0.4697,0.468,0.4662,0.4644,0.4627,0.4609,0.4592,0.4551,0.4562,0.4574,0.4586,0.4417,0.4386,0.4373,0.4368,0.4362,0.4357,0.4351,0.4346,0.434,0.4335,0.4329,0.4324,0.4318,0.4313,0.4306,0.4299,0.4292,0.4285,0.4278,0.4271,0.4265,0.4258,0.4255,0.4273,0.4271,0.4273,0.4277,0.428,0.4283,0.4286,0.4289,0.4288
1.2528,1.246,1.2393,1.2326,1.2261,1.2196,1.2131,1.2068,1.2005,1.1942,1.188,1.1819,1.1759,1.1699,1.164,1.1581,1.1523,1.1466,1.1409,1.1352,1.1297,1.1241,1.1187,1.1133,1.1079,1.1026,1.0973,1.0921,1.0869,1.0818,1.0768,1.0717,1.0668,1.0618,1.0569,1.0521,1.0473,1.0426,1.0379,1.0253,0,0,0,0,0,0,0,0,0,0,0,0,0,0,0,0,0,0,0,0,0,0,0,0,0,0,0,0,0,0,0,0,0,0,0,0,0,0,0,0,0,0,0,0,0,0,0,0,0,0,0,0,0,0,0,0,0,0,0,0,0,0,0,0,0,0,0,0,0,0,0,0,0,0,0,0,0,0,0,0,0,0,0,0,0,0,0,0.4138,0.4137,0.4137,0.4151,0.4166,0.418,0.4194,0.4209,0.4224,0.4238,0.4253,0.426,0.4263,0.4266,0.4268,0.427,0.4271,0.4273,0.4275,0.4277,0.4279,0.4281,0.4283,0.4283,0.4275,0.4268,0.4261,0.4253,0.4246,0.4239,0.4232,0.4227,0.4226,0.4225,0.4224,0.4223,0.422,0.4218,0.4208,0.4193,0.4177,0.4161,0.4146,0.4131,0.4116,0.4113,0.4113,0.4113,0.4112,0.4112,0.4112,0.4111,0.4111,0.4111,0.411,0.411,0.411,0.4111,0.4117,0.4123,0.4129,0.4135,0.4141,0.4147,0.4154,0.416,0.4171,0.4183,0.4196,0.4208,0.422,0.4233,0.4281,0.4351,0.439,0.4455,0.4521,0.459,0.4745,0.4748,0.475,0.4753,0.4755,0.4758,0.4745,0.4728,0.471,0.4692,0.4674,0.4656,0.4639,0.4621,0.4604,0.4587,0.4528,0.454,0.4552,0.4466,0.4392,0.4372,0.4367,0.4361,0.4356,0.435,0.4345,0.4339,0.4334,0.4328,0.4323,0.4318,0.4312,0.4307,0.4301,0.4296,0.4289,0.4282,0.4275,0.4268,0.4261,0.4255,0.4268,0.4267,0.427,0.4273,0.4276,0.4279,0.4283,0.4286,0.4289
1.2359,1.2293,1.2228,1.2163,1.2099,1.2036,1.1973,1.1911,1.1849,1.1789,1.1729,1.1669,1.161,1.1552,1.1494,1.1437,1.138,1.1324,1.1269,1.1214,1.1159,1.1105,1.1052,1.0999,1.0947,1.0895,1.0843,1.0792,1.0742,1.0692,1.0643,1.0593,1.0545,1.0497,1.0449,1.0402,1.0355,1.0308,1.0228,0,0,0,0,0,0,0,0,0,0,0,0,0,0,0,0,0,0,0,0,0,0,0,0,0,0,0,0,0,0,0,0,0,0,0,0,0,0,0,0,0,0,0,0,0,0,0,0,0,0,0,0,0,0,0,0,0,0,0,0,0,0,0,0,0,0,0,0,0,0,0,0,0,0,0,0,0,0,0,0,0,0,0,0,0,0,0,0,0,0.4137,0.414,0.4154,0.4169,0.4183,0.4198,0.4212,0.4227,0.4242,0.4255,0.4259,0.4262,0.4264,0.4266,0.4268,0.427,0.4272,0.4274,0.4276,0.4278,0.428,0.4281,0.4283,0.4285,0.4281,0.4273,0.4266,0.4259,0.4251,0.4244,0.424,0.4239,0.4238,0.4236,0.4235,0.4233,0.4231,0.4217,0.4201,0.4185,0.417,0.4154,0.4139,0.4124,0.4117,0.4117,0.4117,0.4117,0.4116,0.4116,0.4116,0.4115,0.4115,0.4115,0.4114,0.4114,0.4114,0.4114,0.4119,0.4125,0.4131,0.4137,0.4143,0.4149,0.4158,0.417,0.4182,0.4195,0.4207,0.4219,0.4232,0.4267,0.4343,0.4354,0.4418,0.4484,0.4551,0.4745,0.4771,0.4774,0.4777,0.4779,0.4776,0.4759,0.4741,0.4723,0.4705,0.4687,0.4669,0.4651,0.4633,0.4616,0.4599,0.4581,0.4505,0.4517,0.4521,0.4398,0.4375,0.4366,0.4361,0.4355,0.435,0.4344,0.4339,0.4333,0.4328,0.4322,0.4317,0.4311,0.4306,0.4301,0.4295,0.429,0.4285,0.4279,0.4272,0.4265,0.4258,0.4263,0.4263,0.4267,0.427,0.4273,0.4276,0.4279,0.4282,0.4286
1.2195,1.213,1.2067,1.2004,1.1941,1.1879,1.1818,1.1758,1.1698,1.1639,1.158,1.1522,1.1465,1.1408,1.1351,1.1296,1.1241,1.1186,1.1132,1.1078,1.1025,1.0972,1.092,1.0869,1.0817,1.0767,1.0716,1.0667,1.0618,1.0569,1.052,1.0472,1.0425,1.0378,1.0331,1.0285,1.0239,1.0194,0,0,0,0,0,0,0,0,0,0,0,0,0,0,0,0,0,0,0,0,0,0,0,0,0,0,0,0,0,0,0,0,0,0,0,0,0,0,0,0,0,0,0,0,0,0,0,0,0,0,0,0,0,0,0,0,0,0,0,0,0,0,0,0,0,0,0,0,0,0,0,0,0,0,0,0,0,0,0,0,0,0,0,0,0,0,0,0,0,0,0,0.4143,0.4157,0.4172,0.4186,0,0,0,0,0.4254,0.4257,0.4261,0.4263,0.4265,0.4267,0.4269,0.427,0.4272,0.4274,0.4276,0.4278,0.428,0.4282,0.4284,0.4286,0.4286,0.4279,0.4271,0.4264,0.4257,0.4252,0.4251,0.425,0.4249,0.4248,0.4246,0.4241,0.4225,0.4209,0.4193,0.4178,0.4162,0.4147,0.4132,0.4122,0.4121,0.4121,0.4121,0.4121,0.412,0.412,0.412,0.4119,0.4119,0.4119,0.4118,0.4118,0.4118,0.4118,0.4121,0.4127,0.4133,0.4139,0.4145,0.4157,0.4169,0.4182,0.4194,0.4206,0.4219,0.4231,0.4254,0.4335,0.4335,0.4382,0.4447,0.4513,0.4724,0.4795,0.4798,0.4801,0.4803,0.479,0.4772,0.4754,0.4736,0.4717,0.4699,0.4681,0.4663,0.4646,0.4628,0.4611,0.4593,0.4576,0.4483,0.4495,0.4405,0.4381,0.4365,0.436,0.4354,0.4349,0.4343,0.4338,0.4332,0.4327,0.4321,0.4316,0.4311,0.4305,0.43,0.4295,0.4289,0.4284,0.4278,0.4273,0.4268,0.4262,0.4255,0.426,0.4263,0.4266,0.4269,0.4273,0.4276,0.4279,0.4282
1.2034,1.1972,1.191,1.1848,1.1788,1.1727,1.1668,1.1609,1.1551,1.1493,1.1436,1.1379,1.1323,1.1268,1.1213,1.1158,1.1104,1.1051,1.0998,1.0946,1.0894,1.0842,1.0792,1.0741,1.0691,1.0642,1.0593,1.0544,1.0496,1.0448,1.0401,1.0354,1.0308,1.0262,1.0216,1.0171,1.0126,0.9976,0,0,0,0,0,0,0,0,0,0,0,0,0,0,0,0,0,0,0,0,0,0,0,0,0,0,0,0,0,0,0,0,0,0,0,0,0,0,0,0,0,0,0,0,0,0,0,0,0,0,0,0,0,0,0,0,0,0,0,0,0,0,0,0,0,0,0,0,0,0,0,0,0,0,0,0,0,0,0,0,0,0,0,0,0,0,0,0,0,0,0,0,0,0,0,0,0,0,0,0.4252,0.4256,0.4259,0.4261,0.4263,0.4265,0.4267,0.4269,0.4271,0.4273,0.4275,0.4277,0.4278,0.428,0.4282,0.4284,0.4286,0.4288,0.4284,0.4277,0.4269,0.4265,0.4264,0.4262,0.4261,0.426,0.4259,0.425,0.4234,0.4218,0.4202,0.4186,0.4171,0.4155,0.414,0.4126,0.4126,0.4125,0.4125,0.4125,0.4125,0.4124,0.4124,0.4124,0.4123,0.4123,0.4123,0.4122,0.4122,0.4122,0.4122,0.4123,0.4129,0.4135,0.4144,0.4156,0.4169,0.4181,0.4193,0.4205,0.4218,0.423,0.4243,0.4327,0.4327,0.4347,0.441,0.4476,0.4703,0.482,0.4822,0.4825,0.4822,0.4804,0.4785,0.4767,0.4748,0.473,0.4712,0.4694,0.4676,0.4658,0.464,0.4623,0.4605,0.4588,0.4571,0.4461,0.4431,0.4387,0.4365,0.4359,0.4353,0.4348,0.4343,0.4337,0.4332,0.4326,0.4321,0.4315,0.431,0.4304,0.4299,0.4294,0.4288,0.4283,0.4278,0.4272,0.4267,0.4263,0.4259,0.4258,0.426,0.4263,0.4266,0.4269,0.4272,0.4275,0.4279
1.1878,1.1817,1.1757,1.1697,1.1638,1.1579,1.1521,1.1464,1.1407,1.1351,1.1295,1.124,1.1185,1.1131,1.1077,1.1024,1.0971,1.0919,1.0868,1.0817,1.0766,1.0716,1.0666,1.0617,1.0568,1.052,1.0472,1.0424,1.0377,1.033,1.0284,1.0238,1.0193,1.0148,1.0103,1.0059,0.9954,0,0,0,0,0,0,0,0,0,0,0,0,0,0,0,0,0,0,0,0,0,0,0,0,0,0,0,0,0,0,0,0,0,0,0,0,0,0,0,0,0,0,0,0,0,0,0,0,0,0,0,0,0,0,0,0,0,0,0,0,0,0,0,0,0,0,0,0,0,0,0,0,0,0,0,0,0,0,0,0,0,0,0,0,0,0,0,0,0,0,0,0,0,0,0,0,0,0,0,0,0,0.4255,0.4258,0.426,0.4262,0.4264,0.4266,0.4268,0.4269,0.4271,0.4273,0.4275,0.4277,0.4279,0.4281,0.4283,0.4285,0.4287,0.4288,0.4289,0.4282,0.4277,0.4276,0.4275,0.4274,0.4272,0.4269,0.4258,0.4242,0.4226,0.421,0.4194,0.4179,0.4163,0.4148,0.4132,0.413,0.413,0.4129,0.4129,0.4129,0.4129,0.4128,0.4128,0.4128,0.4127,0.4127,0.4127,0.4126,0.4126,0.4126,0.4126,0.4125,0.4132,0.4144,0.4156,0.4166,0.4175,0.4184,0.4192,0.4201,0.421,0.432,0.432,0.4319,0.4319,0.4375,0.4439,0.4682,0.4838,0.4847,0.485,0.4836,0.4817,0.4798,0.478,0.4761,0.4743,0.4724,0.4706,0.4688,0.467,0.4652,0.4635,0.4617,0.46,0.4583,0.4566,0.4439,0.4393,0.437,0.4358,0.4353,0.4347,0.4342,0.4336,0.4331,0.4325,0.432,0.4315,0.4309,0.4304,0.4298,0.4293,0.4289,0.4285,0.4281,0.4276,0.4272,0.4268,0.4265,0.4264,0.4263,0.4263,0.4263,0.4266,0.4269,0.4272,0.4275
1.1726,1.1667,1.1608,1.155,1.1492,1.1435,1.1378,1.1322,1.1267,1.1212,1.1157,1.1103,1.105,1.0997,1.0945,1.0893,1.0842,1.0791,1.074,1.069,1.0641,1.0592,1.0543,1.0495,1.0447,1.04,1.0353,1.0307,1.0261,1.0215,1.017,1.0125,1.0081,1.0037,0.9993,0.9931,0,0,0,0,0,0,0,0,0,0,0,0,0,0,0,0,0,0,0,0,0,0,0,0,0,0,0,0,0,0,0,0,0,0,0,0,0,0,0,0,0,0,0,0,0,0,0,0,0,0,0,0,0,0,0,0,0,0,0,0,0,0,0,0,0,0,0,0,0,0,0,0,0,0,0,0,0,0,0,0,0,0,0,0,0,0,0,0,0,0,0,0,0,0,0,0,0,0,0,0,0,0,0.4253,0.4257,0.4258,0.426,0.4262,0.4264,0.4266,0.4268,0.427,0.4272,0.4274,0.4276,0.4277,0.4279,0.4281,0.4283,0.4285,0.4287,0.4289,0.4291,0.429,0.4286,0.4282,0.4279,0.4275,0.4271,0.4266,0.4251,0.4234,0.4219,0.4203,0.4187,0.4171,0.4156,0.4141,0.4134,0.4134,0.4134,0.4134,0.4133,0.4133,0.4133,0.4132,0.4132,0.4132,0.4131,0.4131,0.4131,0.413,0.413,0.413,0.413,0.4135,0.4126,0.4134,0.4143,0.4151,0.416,0.4169,0.4177,0.4186,0.4312,0.4312,0.4311,0.4311,0.4339,0.4403,0.4468,0.4816,0.4872,0.4868,0.485,0.483,0.4812,0.4793,0.4774,0.4755,0.4737,0.4719,0.4701,0.4683,0.4665,0.4647,0.4629,0.4612,0.4595,0.4577,0.456,0.4399,0.4376,0.4357,0.4352,0.4346,0.4341,0.4336,0.433,0.4325,0.432,0.4315,0.4311,0.4307,0.4303,0.4298,0.4294,0.429,0.4286,0.4282,0.4277,0.4273,0.4271,0.427,0.4269,0.4269,0.4268,0.4268,0.4267,0.4269,0.4272
1.1578,1.152,1.1463,1.1406,1.135,1.1294,1.1239,1.1184,1.113,1.1076,1.1023,1.097,1.0918,1.0867,1.0816,1.0765,1.0715,1.0665,1.0616,1.0567,1.0519,1.0471,1.0423,1.0376,1.033,1.0283,1.0238,1.0192,1.0147,1.0103,1.0058,1.0015,0.9971,0.9928,0.9885,0,0,0,0,0,0,0,0,0,0,0,0,0,0,0,0,0,0,0,0,0,0,0,0,0,0,0,0,0,0,0,0,0,0,0,0,0,0,0,0,0,0,0,0,0,0,0,0,0,0,0,0,0,0,0,0,0,0,0,0,0,0,0,0,0,0,0,0,0,0,0,0,0,0,0,0,0,0,0,0,0,0,0,0,0,0,0,0,0,0,0,0,0,0,0,0,0,0,0,0,0,0,0,0,0.4255,0.4257,0.4259,0.4261,0.4263,0.4265,0.4266,0.4268,0.427,0.4272,0.4274,0.4276,0.4278,0.428,0.4282,0.4285,0.4287,0.4289,0.4291,0.4293,0.4289,0.4285,0.4282,0.4278,0.4274,0.4271,0.4259,0.4243,0.4227,0.4211,0.4195,0.418,0.4164,0.4149,0.4139,0.4138,0.4138,0.4138,0.4138,0.4137,0.4137,0.4137,0.4136,0.4136,0.4136,0.4135,0.4135,0.4135,0.4135,0.4134,0.4148,0.4156,0.4145,0.4128,0.412,0.4128,0.4137,0.4145,0.4154,0.4162,0.4305,0.4304,0.4304,0.4303,0.4305,0.4367,0.4431,0.4794,0.4897,0.4882,0.4863,0.4844,0.4825,0.4806,0.4787,0.4768,0.475,0.4731,0.4713,0.4695,0.4677,0.4659,0.4642,0.4624,0.4607,0.4589,0.4572,0.4555,0.4538,0.4359,0.4351,0.4346,0.4342,0.4338,0.4333,0.4329,0.4325,0.4321,0.4316,0.4312,0.4308,0.4304,0.4299,0.4295,0.4291,0.4287,0.4283,0.4278,0.4277,0.4276,0.4276,0.4275,0.4274,0.4274,0.4273,0.4273,0.4272
1.1434,1.1377,1.1321,1.1266,1.1211,1.1156,1.1102,1.1049,1.0996,1.0944,1.0892,1.0841,1.079,1.0739,1.069,1.064,1.0591,1.0542,1.0494,1.0447,1.0399,1.0353,1.0306,1.026,1.0214,1.0169,1.0125,1.008,1.0036,0.9992,0.9949,0.9906,0.9864,0.9822,0.9693,0,0,0,0,0,0,0,0,0,0,0,0,0,0,0,0,0,0,0,0,0,0,0,0,0,0,0,0,0,0,0,0,0,0,0,0,0,0,0,0,0,0,0,0,0,0,0,0,0,0,0,0,0,0,0,0,0,0,0,0,0,0,0,0,0,0,0,0,0,0,0,0,0,0,0,0,0,0,0,0,0,0,0,0,0,0,0,0,0,0,0,0,0,0,0,0,0,0,0,0,0,0,0,0,0.4254,0.4256,0.4257,0.4259,0.4261,0.4264,0.4266,0.4268,0.427,0.4272,0.4275,0.4277,0.4279,0.4281,0.4283,0.4286,0.4288,0.429,0.4292,0.4295,0.4292,0.4288,0.4284,0.4281,0.4277,0.4273,0.4266,0.4251,0.4235,0.4219,0.4204,0.4188,0.4172,0.4157,0.4143,0.4143,0.4142,0.4142,0.4142,0.4142,0.4141,0.4141,0.4141,0.414,0.414,0.414,0.4139,0.4139,0.4139,0.4157,0.4165,0.4173,0.4172,0.4155,0.4138,0.4121,0.4114,0.4122,0.413,0.4139,0.4297,0.4297,0.4296,0.4296,0.4295,0.4332,0.4395,0.4772,0.4916,0.4896,0.4876,0.4857,0.4838,0.4819,0.48,0.4781,0.4763,0.4744,0.4726,0.4708,0.469,0.4672,0.4654,0.4636,0.4619,0.4601,0.4584,0.4567,0.455,0.4533,0.4516,0.4352,0.4347,0.4343,0.4339,0.4334,0.433,0.4326,0.4322,0.4317,0.4313,0.4309,0.4305,0.43,0.4296,0.4292,0.4288,0.4284,0.4283,0.4282,0.4282,0.4281,0.428,0.428,0.4279,0.4279,0.4278
1.1293,1.1238,1.1183,1.1129,1.1075,1.1022,1.097,1.0918,1.0866,1.0815,1.0764,1.0714,1.0664,1.0615,1.0566,1.0518,1.047,1.0422,1.0375,1.0329,1.0283,1.0237,1.0191,1.0146,1.0102,1.0058,1.0014,0.997,0.9927,0.9885,0.9842,0.98,0.9759,0.9672,0,0,0,0,0,0,0,0,0,0,0,0,0,0,0,0,0,0,0,0,0,0,0,0,0,0,0,0,0,0,0,0,0,0,0,0,0,0,0,0,0,0,0,0,0,0,0,0,0,0,0,0,0,0,0,0,0,0,0,0,0,0,0,0,0,0,0,0,0,0,0,0,0,0,0,0,0,0,0,0,0,0,0,0,0,0,0,0,0,0,0,0,0,0,0,0,0,0,0,0,0,0,0,0,0,0,0.4256,0.4258,0.426,0.4262,0.4265,0.4267,0.4269,0.4271,0.4273,0.4276,0.4278,0.428,0.4282,0.4284,0.4287,0.4289,0.4291,0.4293,0.4296,0.4296,0.4291,0.4287,0.4283,0.428,0.4276,0.4272,0.4259,0.4244,0.4228,0.4212,0.4196,0.4181,0.4165,0.415,0.4147,0.4147,0.4147,0.4146,0.4146,0.4146,0.4145,0.4145,0.4145,0.4144,0.4144,0.4144,0.4144,0.4162,0.4174,0.4182,0.4191,0.4199,0.4182,0.4164,0.4147,0.413,0.4113,0.4108,0.4116,0.429,0.4289,0.4289,0.4288,0.4288,0.4298,0.436,0.4751,0.4917,0.4908,0.4888,0.4869,0.485,0.4831,0.4812,0.4794,0.4775,0.4757,0.4738,0.472,0.4702,0.4684,0.4666,0.4648,0.4631,0.4613,0.4596,0.4579,0.4562,0.4545,0.4528,0.4511,0.4495,0.4351,0.4344,0.434,0.4335,0.4331,0.4327,0.4323,0.4318,0.4314,0.431,0.4306,0.4301,0.4297,0.4293,0.4289,0.4289,0.4288,0.4288,0.4287,0.4287,0.4286,0.4285,0.4285,0.4284
