# shape=256x256 max_depth=10.0 scene=5cdEh9F2hJL episode=7 step=30,Column1,_1,_2,_3,_4,_5,_6,_7,_8,_9,_10,_11,_12,_13,_14,_15,_16,_17,_18,_19,_20,_21,_22,_23,_24,_25,_26,_27,_28,_29,_30,_31,_32,_33,_34,_35,_36,_37,_38,_39,_40,_41,_42,_43,_44,_45,_46,_47,_48,_49,_50,_51,_52,_53,_54,_55,_56,_57,_58,_59,_60,_61,_62,_63,_64,_65,_66,_67,_68,_69,_70,_71,_72,_73,_74,_75,_76,_77,_78,_79,_80,_81,_82,_83,_84,_85,_86,_87,_88,_89,_90,_91,_92,_93,_94,_95,_96,_97,_98,_99,_100,_101,_102,_103,_104,_105,_106,_107,_108,_109,_110,_111,_112,_113,_114,_115,_116,_117,_118,_119,_120,_121,_122,_123,_124,_125,_126,_127,_128,_129,_130,_131,_132,_133,_134,_135,_136,_137,_138,_139,_140,_141,_142,_143,_144,_145,_146,_147,_148,_149,_150,_151,_152,_153,_154,_155,_156,_157,_158,_159,_160,_161,_162,_163,_164,_165,_166,_167,_168,_169,_170,_171,_172,_173,_174,_175,_176,_177,_178,_179,_180,_181,_182,_183,_184,_185,_186,_187,_188,_189,_190,_191,_192,_193,_194,_195,_196,_197,_198,_199,_200,_201,_202,_203,_204,_205,_206,_207,_208,_209,_210,_211,_212,_213,_214,_215,_216,_217,_218,_219,_220,_221,_222,_223,_224,_225,_226,_227,_228,_229,_230,_231,_232,_233,_234,_235,_236,_237,_238,_239,_240,_241,_242,_243,_244,_245,_246,_247,_248,_249,_250,_251,_252,_253,_254
0.1188,0.119,0.1193,0.1196,0.1199,0.1201,0.1204,0.1207,0.121,0.1212,0.1215,0.1218,0.1221,0.1224,0.1226,0.1229,0.1232,0.1235,0.1238,0.1241,0.1244,0.1247,0.125,0.1253,0.1256,0.1259,0.1262,0.1265,0.1268,0.1271,0.1274,0.1277,0.128,0.1283,0.1287,0.129,0.1293,0.1296,0.1298,0.1298,0.1299,0.1295,0.1292,0.1289,0.1286,0.1284,0.1281,0.1278,0.1275,0.1272,0.1269,0.1266,0.1263,0.126,0.1257,0.1255,0.1252,0.1249,0.1246,0.1243,0.1241,0.1238,0.1235,0.0989,0.0991,0.0993,0.0996,0.0998,0.1,0.1003,0.1005,0.1007,0.101,0.1014,0.1019,0.1024,0.103,0.1035,0.104,0.1046,0.1051,0.1057,0.1062,0.1068,0.1074,0.1079,0.1085,0.1091,0.1097,0.1103,0.1109,0.1115,0.1122,0.1128,0.0489,0.0484,0.0479,0.0479,0.0478,0.0477,0.0477,0.0477,0.0476,0.0476,0.0476,0.0475,0.0475,0.0475,0.0474,0.0474,0.0474,0.0475,0.0475,0.0475,0.0475,0.0475,0.0475,0.0475,0.0475,0.0475,0.0476,0.0476,0.0476,0.0476,0.0476,0.0476,0.0476,0.0476,0.0476,0.0477,0.0477,0.0477,0.0477,0.0477,0.0477,0.0477,0.0477,0.0477,0.0477,0.0477,0.0477,0.0477,0.0477,0.0477,0.0477,0.0477,0.0478,0.0478,0.0478,0.0478,0.0478,0.0478,0.0478,0.0478,0.0478,0.0478,0.0478,0.0478,0.0479,0.0479,0.0483,1.3827,1.384,1.3801,1.3762,1.3724,1.3685,1.3647,1.361,1.3572,1.3534,1.3497,1.346,1.3423,1.3386,1.335,1.3314,1.3278,1.3242,1.3206,1.3171,1.3135,1.31,1.3065,1.3031,1.2996,1.2962,1.2928,1.2894,1.286,1.2826,1.2793,1.2759,1.2726,1.2693,1.2661,1.2628,1.2596,1.2563,1.2531,1.2499,1.2467,1.2436,1.2404,1.2374,1.2342,1.2312,1.2281,1.225,1.2219,1.2189,1.2159,1.2129,1.2099,1.2069,1.2039,1.201,1.1981,1.1951,1.1922,1.1893,1.1864,1.1836,1.1807,1.1779,1.1751,1.1723,1.1695,1.1667,1.1639,1.1611,1.1584,1.1557,1.1529,1.1502,1.1475,1.1448,1.1421,1.1394,1.1367,1.1341,1.1314,1.1288,1.1262,1.1237,1.1211,1.1185,1.116,1.1135,1.111,1.1084,1.1059,1.1035,1.101,1.0985,1.0961
0.1192,0.1195,0.1198,0.1201,0.1203,0.1206,0.1209,0.1212,0.1214,0.1217,0.122,0.1223,0.1226,0.1229,0.1232,0.1234,0.1237,0.124,0.1243,0.1246,0.1249,0.1252,0.1255,0.1258,0.1261,0.1264,0.1267,0.127,0.1273,0.1276,0.1279,0.1283,0.1286,0.1289,0.1292,0.1295,0.1298,0.1302,0.1305,0.1307,0.1306,0.1303,0.13,0.1297,0.1294,0.1291,0.1288,0.1285,0.1282,0.1279,0.1276,0.1273,0.127,0.1267,0.1265,0.1262,0.1259,0.1256,0.1253,0.125,0.1248,0.1245,0.1242,0.0994,0.0996,0.0998,0.1,0.1003,0.1005,0.1007,0.101,0.1012,0.1014,0.1017,0.1022,0.1028,0.1033,0.1038,0.1044,0.1049,0.1055,0.106,0.1066,0.1072,0.1077,0.1083,0.1089,0.1095,0.1101,0.1107,0.1113,0.1119,0.1126,0.1132,0.1138,0.0489,0.0484,0.0482,0.0482,0.0481,0.0481,0.0481,0.048,0.048,0.0479,0.0479,0.0479,0.0478,0.0478,0.0478,0.0478,0.0478,0.0478,0.0479,0.0479,0.0479,0.0479,0.0479,0.0479,0.0479,0.0479,0.0479,0.048,0.048,0.048,0.048,0.048,0.048,0.048,0.048,0.048,0.0481,0.0481,0.0481,0.0481,0.0481,0.0481,0.0481,0.0481,0.0481,0.0481,0.0481,0.0481,0.0481,0.0481,0.0481,0.0481,0.0481,0.0481,0.0481,0.0481,0.0481,0.0481,0.0481,0.0481,0.0481,0.0482,0.0482,0.0482,0.0483,0.0489,1.3823,1.3818,1.378,1.3741,1.3703,1.3665,1.3627,1.3589,1.3551,1.3514,1.3477,1.344,1.3403,1.3367,1.333,1.3294,1.3258,1.3223,1.3187,1.3152,1.3116,1.3081,1.3047,1.3012,1.2978,1.2943,1.2909,1.2875,1.2842,1.2808,1.2775,1.2742,1.2709,1.2676,1.2643,1.261,1.2578,1.2546,1.2514,1.2482,1.245,1.2419,1.2387,1.2357,1.2326,1.2295,1.2264,1.2233,1.2203,1.2173,1.2142,1.2112,1.2082,1.2053,1.2023,1.1994,1.1964,1.1935,1.1906,1.1878,1.1849,1.182,1.1792,1.1763,1.1735,1.1707,1.1679,1.1652,1.1624,1.1597,1.1569,1.1542,1.1515,1.1487,1.146,1.1433,1.1406,1.138,1.1353,1.1327,1.13,1.1274,1.1248,1.1223,1.1197,1.1172,1.1146,1.1121,1.1096,1.1071,1.1046,1.1021,1.0996,1.0972,1.0947
0.1197,0.12,0.1203,0.1205,0.1208,0.1211,0.1214,0.1217,0.1219,0.1222,0.1225,0.1228,0.1231,0.1234,0.1237,0.1239,0.1242,0.1245,0.1248,0.1251,0.1254,0.1257,0.126,0.1263,0.1266,0.1269,0.1272,0.1276,0.1279,0.1282,0.1285,0.1288,0.1291,0.1294,0.1298,0.1301,0.1304,0.1307,0.1311,0.1314,0.1315,0.1311,0.1308,0.1305,0.1302,0.1298,0.1295,0.1292,0.1289,0.1286,0.1284,0.1281,0.1278,0.1275,0.1272,0.1269,0.1266,0.1263,0.126,0.1257,0.1255,0.1252,0.1249,0.1246,0.1001,0.1003,0.1005,0.1008,0.101,0.1012,0.1015,0.1017,0.1019,0.1022,0.1026,0.1031,0.1036,0.1042,0.1047,0.1053,0.1058,0.1064,0.1069,0.1075,0.1081,0.1087,0.1093,0.1099,0.1105,0.1111,0.1117,0.1123,0.113,0.1136,0.1142,0.0495,0.0489,0.0486,0.0486,0.0485,0.0485,0.0484,0.0484,0.0484,0.0483,0.0483,0.0483,0.0482,0.0482,0.0482,0.0482,0.0482,0.0482,0.0482,0.0482,0.0483,0.0483,0.0483,0.0483,0.0483,0.0483,0.0483,0.0483,0.0483,0.0484,0.0484,0.0484,0.0484,0.0484,0.0484,0.0484,0.0484,0.0485,0.0485,0.0485,0.0485,0.0485,0.0485,0.0485,0.0485,0.0485,0.0485,0.0485,0.0485,0.0485,0.0485,0.0485,0.0485,0.0485,0.0485,0.0485,0.0485,0.0485,0.0485,0.0485,0.0485,0.0486,0.0486,0.0486,0.0488,0.0495,1.382,1.3797,1.3759,1.372,1.3682,1.3644,1.3606,1.3569,1.3531,1.3494,1.3457,1.342,1.3383,1.3347,1.3311,1.3275,1.3239,1.3203,1.3168,1.3132,1.3097,1.3062,1.3028,1.2993,1.2959,1.2925,1.2891,1.2857,1.2823,1.279,1.2757,1.2724,1.2691,1.2658,1.2625,1.2593,1.2561,1.2528,1.2497,1.2465,1.2433,1.2402,1.2371,1.234,1.2309,1.2278,1.2247,1.2217,1.2186,1.2156,1.2126,1.2096,1.2066,1.2037,1.2007,1.1978,1.1949,1.1919,1.1891,1.1862,1.1833,1.1805,1.1776,1.1748,1.172,1.1692,1.1664,1.1629,1.1582,1.1535,1.1489,1.1444,1.15,1.1473,1.1446,1.1419,1.1392,1.1365,1.1339,1.1312,1.1286,1.126,1.1234,1.1209,1.1183,1.1158,1.1133,1.1107,1.1082,1.1057,1.1032,1.1008,1.0983,1.0959,1.0934
0.1202,0.1205,0.1207,0.121,0.1213,0.1216,0.1219,0.1221,0.1224,0.1227,0.123,0.1233,0.1236,0.1239,0.1242,0.1245,0.1248,0.1251,0.1254,0.1257,0.126,0.1263,0.1266,0.1269,0.1272,0.1275,0.1278,0.1281,0.1284,0.1287,0.129,0.1294,0.1297,0.13,0.1303,0.1306,0.131,0.1313,0.1316,0.132,0.1323,0.1322,0.1316,0.1312,0.1309,0.1306,0.1303,0.13,0.1297,0.1294,0.1291,0.1288,0.1285,0.1282,0.1279,0.1276,0.1273,0.127,0.1267,0.1265,0.1262,0.1259,0.1256,0.1253,0.125,0.1008,0.101,0.1012,0.1015,0.1017,0.102,0.1022,0.1024,0.1027,0.1029,0.1034,0.104,0.1045,0.1051,0.1056,0.1062,0.1067,0.1073,0.1079,0.1085,0.1091,0.1096,0.1103,0.1109,0.1115,0.1121,0.1127,0.1134,0.114,0.1147,0.05,0.0495,0.049,0.049,0.0489,0.0489,0.0488,0.0488,0.0488,0.0487,0.0487,0.0486,0.0486,0.0486,0.0486,0.0486,0.0486,0.0486,0.0486,0.0486,0.0486,0.0487,0.0487,0.0487,0.0487,0.0487,0.0487,0.0487,0.0487,0.0488,0.0488,0.0488,0.0488,0.0488,0.0488,0.0488,0.0488,0.0488,0.0489,0.0489,0.0489,0.0489,0.0489,0.0489,0.0489,0.0489,0.0489,0.0489,0.0489,0.0489,0.0489,0.0489,0.0489,0.0489,0.0489,0.0489,0.0489,0.0489,0.0489,0.0489,0.0489,0.049,0.049,0.049,0.0494,0.0501,1.3815,1.3776,1.3738,1.37,1.3661,1.3623,1.3586,1.3548,1.3511,1.3474,1.3437,1.34,1.3364,1.3327,1.3291,1.3255,1.3219,1.3184,1.3149,1.3113,1.3078,1.3044,1.3009,1.2975,1.294,1.2906,1.2872,1.2839,1.2805,1.2772,1.2739,1.2706,1.2673,1.264,1.2608,1.2575,1.2543,1.2511,1.2479,1.2448,1.2416,1.2385,1.2354,1.2323,1.2292,1.2261,1.223,1.22,1.217,1.2139,1.211,1.208,1.205,1.2016,1.1966,1.1916,1.1869,1.183,1.1792,1.1754,1.1716,1.1678,1.1649,1.1621,1.1593,1.1566,1.1538,1.1511,1.1484,1.1457,1.143,1.1397,1.1485,1.1458,1.1431,1.1404,1.1377,1.1351,1.1324,1.1298,1.1272,1.1246,1.122,1.1195,1.1169,1.1144,1.1119,1.1094,1.1069,1.1044,1.1019,1.0994,1.097,1.0945,1.0921
0.1207,0.121,0.1212,0.1215,0.1218,0.1221,0.1224,0.1226,0.1229,0.1232,0.1235,0.1238,0.1241,0.1244,0.1247,0.125,0.1253,0.1256,0.1259,0.1262,0.1265,0.1268,0.1271,0.1274,0.1277,0.128,0.1283,0.1286,0.129,0.1293,0.1296,0.1299,0.1302,0.1306,0.1309,0.1312,0.1315,0.1319,0.1322,0.1325,0.1329,0.1332,0.133,0.1323,0.1317,0.1314,0.1311,0.1308,0.1305,0.1302,0.1298,0.1295,0.1292,0.1289,0.1286,0.1283,0.1281,0.1278,0.1275,0.1272,0.1269,0.1266,0.1263,0.126,0.1257,0.1255,0.1015,0.1017,0.102,0.1022,0.1024,0.1027,0.1029,0.1032,0.1034,0.1038,0.1043,0.1049,0.1054,0.106,0.1065,0.1071,0.1077,0.1082,0.1088,0.1094,0.11,0.1106,0.1112,0.1119,0.1125,0.1131,0.1138,0.1144,0.1151,0.0506,0.05,0.0495,0.0494,0.0493,0.0493,0.0492,0.0492,0.0492,0.0491,0.0491,0.049,0.049,0.049,0.049,0.049,0.049,0.049,0.049,0.049,0.049,0.0491,0.0491,0.0491,0.0491,0.0491,0.0491,0.0491,0.0491,0.0491,0.0492,0.0492,0.0492,0.0492,0.0492,0.0492,0.0492,0.0492,0.0492,0.0492,0.0493,0.0493,0.0493,0.0493,0.0493,0.0493,0.0493,0.0493,0.0493,0.0493,0.0493,0.0493,0.0493,0.0493,0.0493,0.0493,0.0493,0.0493,0.0493,0.0493,0.0493,0.0494,0.0494,0.0495,0.0499,1.3795,1.3794,1.3756,1.3717,1.3679,1.3641,1.3603,1.3565,1.3528,1.3491,1.3454,1.3417,1.338,1.3344,1.3308,1.3272,1.3236,1.32,1.3165,1.3129,1.3094,1.3059,1.3025,1.299,1.2956,1.2922,1.2888,1.2854,1.282,1.2787,1.2754,1.2721,1.2688,1.2655,1.2622,1.259,1.2558,1.2526,1.2494,1.2462,1.243,1.2399,1.2368,1.2313,1.2272,1.223,1.2189,1.2148,1.2108,1.2068,1.2028,1.1994,1.1964,1.1935,1.1906,1.1876,1.1848,1.1819,1.179,1.1761,1.1733,1.1705,1.1677,1.1649,1.1621,1.1593,1.1566,1.1538,1.1511,1.1484,1.1457,1.1421,1.1381,1.147,1.1443,1.1417,1.139,1.1363,1.1337,1.131,1.1284,1.1258,1.1232,1.1207,1.1181,1.1156,1.113,1.1105,1.108,1.1055,1.103,1.1006,1.0981,1.0956,1.0932,1.0908
0.1212,0.1214,0.1217,0.122,0.1223,0.1226,0.1229,0.1231,0.1234,0.1237,0.124,0.1243,0.1246,0.1249,0.1252,0.1255,0.1258,0.1261,0.1264,0.1267,0.127,0.1273,0.1276,0.1279,0.1283,0.1286,0.1289,0.1292,0.1295,0.1298,0.1302,0.1305,0.1308,0.1311,0.1315,0.1318,0.1321,0.1325,0.1328,0.1331,0.1335,0.1338,0.1341,0.1337,0.1331,0.1325,0.1318,0.1315,0.1312,0.1309,0.1306,0.1303,0.13,0.1297,0.1294,0.1291,0.1288,0.1285,0.1282,0.1279,0.1276,0.1273,0.127,0.1267,0.1264,0.1262,0.102,0.1022,0.1025,0.1027,0.1029,0.1032,0.1034,0.1037,0.1039,0.1042,0.1047,0.1052,0.1058,0.1063,0.1069,0.1075,0.108,0.1086,0.1092,0.1098,0.1104,0.111,0.1116,0.1123,0.1129,0.1135,0.1142,0.1148,0.1155,0.1162,0.0506,0.05,0.0498,0.0498,0.0497,0.0496,0.0496,0.0496,0.0495,0.0495,0.0494,0.0494,0.0494,0.0494,0.0494,0.0494,0.0494,0.0494,0.0494,0.0494,0.0495,0.0495,0.0495,0.0495,0.0495,0.0495,0.0495,0.0495,0.0496,0.0496,0.0496,0.0496,0.0496,0.0496,0.0496,0.0496,0.0496,0.0496,0.0496,0.0496,0.0496,0.0497,0.0497,0.0497,0.0497,0.0497,0.0497,0.0497,0.0497,0.0497,0.0497,0.0497,0.0497,0.0497,0.0497,0.0497,0.0497,0.0497,0.0497,0.0497,0.0498,0.0498,0.0499,0.0506,1.3792,1.3773,1.3735,1.3696,1.3658,1.362,1.3582,1.3545,1.3508,1.3471,1.3434,1.3397,1.336,1.3324,1.3288,1.3252,1.3216,1.3181,1.3146,1.311,1.3075,1.3041,1.3006,1.2972,1.2937,1.2903,1.2869,1.2836,1.2802,1.2769,1.2736,1.2703,1.267,1.2637,1.2605,1.2572,1.254,1.2508,1.2476,1.2445,1.2413,1.2382,1.2276,1.2235,1.2204,1.2174,1.2144,1.2113,1.2083,1.2053,1.2023,1.1994,1.1964,1.1935,1.1906,1.1876,1.1848,1.1819,1.179,1.1762,1.1733,1.1705,1.1677,1.1649,1.1621,1.1593,1.1566,1.1538,1.1511,1.1484,1.1446,1.1406,1.1453,1.1456,1.1429,1.1402,1.1375,1.1349,1.1322,1.1296,1.127,1.1244,1.1218,1.1193,1.1167,1.1142,1.1117,1.1091,1.1066,1.1042,1.1017,1.0992,1.0968,1.0943,1.0919,1.0895
0.1216,0.1219,0.1222,0.1225,0.1228,0.1231,0.1234,0.1237,0.1239,0.1242,0.1245,0.1248,0.1251,0.1254,0.1257,0.126,0.1263,0.1266,0.1269,0.1272,0.1276,0.1279,0.1282,0.1285,0.1288,0.1291,0.1294,0.1298,0.1301,0.1304,0.1307,0.131,0.1314,0.1317,0.132,0.1324,0.1327,0.133,0.1334,0.1337,0.1341,0.1344,0.1347,0.1351,0.1345,0.1339,0.1332,0.1326,0.132,0.1317,0.1314,0.1311,0.1308,0.1305,0.1301,0.1298,0.1295,0.1292,0.1289,0.1286,0.1283,0.1281,0.1278,0.1275,0.1272,0.1269,0.1266,0.1027,0.103,0.1032,0.1034,0.1037,0.1039,0.1042,0.1044,0.1047,0.105,0.1055,0.1061,0.1067,0.1072,0.1078,0.1084,0.109,0.1096,0.1102,0.1108,0.1114,0.112,0.1127,0.1133,0.1139,0.1146,0.1153,0.1159,0.1166,0.0511,0.0506,0.0502,0.0502,0.0501,0.0501,0.05,0.05,0.0499,0.0499,0.0499,0.0498,0.0498,0.0498,0.0498,0.0498,0.0498,0.0498,0.0498,0.0498,0.0499,0.0499,0.0499,0.0499,0.0499,0.0499,0.0499,0.0499,0.05,0.05,0.05,0.05,0.05,0.05,0.05,0.05,0.05,0.05,0.05,0.05,0.0501,0.0501,0.0501,0.0501,0.0501,0.0501,0.0501,0.0501,0.0501,0.0501,0.0501,0.0501,0.0501,0.0501,0.0501,0.0501,0.0501,0.0501,0.0501,0.0501,0.0502,0.0502,0.0505,0.0512,1.3789,1.3752,1.3714,1.3676,1.3637,1.36,1.3562,1.3525,1.3487,1.345,1.3414,1.3377,1.3341,1.3304,1.3268,1.3233,1.3197,1.3162,1.3126,1.3091,1.3057,1.3022,1.2987,1.2953,1.2919,1.2885,1.2851,1.2817,1.2784,1.2751,1.2718,1.2685,1.2652,1.2619,1.2587,1.2555,1.2522,1.2491,1.2459,1.2427,1.2377,1.2304,1.2264,1.2233,1.2203,1.2173,1.2142,1.2112,1.2082,1.2053,1.2023,1.1994,1.1964,1.1935,1.1906,1.1877,1.1848,1.1819,1.179,1.1762,1.1733,1.1705,1.1677,1.1649,1.1621,1.1593,1.1566,1.1538,1.1511,1.1471,1.143,1.139,1.144,1.1441,1.1414,1.1388,1.1361,1.1334,1.1308,1.1282,1.1256,1.123,1.1204,1.1179,1.1153,1.1128,1.1103,1.1078,1.1053,1.1028,1.1003,1.0979,1.0954,1.093,1.0906,1.0881
0.1221,0.1224,0.1227,0.123,0.1233,0.1236,0.1239,0.1242,0.1245,0.1247,0.125,0.1253,0.1256,0.1259,0.1262,0.1266,0.1269,0.1272,0.1275,0.1278,0.1281,0.1284,0.1287,0.129,0.1294,0.1297,0.13,0.1303,0.1306,0.131,0.1313,0.1316,0.132,0.1323,0.1326,0.133,0.1333,0.1336,0.134,0.1343,0.1346,0.135,0.1353,0.1357,0.1359,0.1353,0.1346,0.134,0.1334,0.1327,0.1322,0.1318,0.1315,0.1312,0.1309,0.1306,0.1303,0.13,0.1297,0.1294,0.1291,0.1288,0.1285,0.1282,0.1279,0.1276,0.1273,0.127,0.1035,0.1037,0.104,0.1042,0.1045,0.1047,0.105,0.1052,0.1055,0.1059,0.1065,0.107,0.1076,0.1082,0.1088,0.1094,0.11,0.1106,0.1112,0.1118,0.1124,0.1131,0.1137,0.1144,0.115,0.1157,0.1163,0.117,0.0517,0.0511,0.0507,0.0506,0.0506,0.0505,0.0504,0.0504,0.0504,0.0503,0.0503,0.0502,0.0502,0.0502,0.0502,0.0502,0.0502,0.0502,0.0503,0.0503,0.0503,0.0503,0.0503,0.0503,0.0503,0.0503,0.0504,0.0504,0.0504,0.0504,0.0504,0.0504,0.0504,0.0504,0.0504,0.0504,0.0505,0.0505,0.0505,0.0505,0.0505,0.0505,0.0505,0.0505,0.0505,0.0505,0.0505,0.0505,0.0505,0.0505,0.0505,0.0505,0.0505,0.0505,0.0505,0.0505,0.0505,0.0505,0.0505,0.0506,0.0506,0.0507,0.0511,1.3416,1.3769,1.3731,1.3693,1.3655,1.3617,1.3579,1.3542,1.3504,1.3467,1.343,1.3394,1.3357,1.3321,1.3285,1.3249,1.3213,1.3178,1.3142,1.3107,1.3072,1.3037,1.3003,1.2968,1.2934,1.29,1.2866,1.2832,1.2799,1.2765,1.2732,1.2699,1.2666,1.2634,1.2601,1.2569,1.2537,1.2505,1.2473,1.2441,1.2383,1.2338,1.2294,1.2262,1.2232,1.2201,1.2171,1.2141,1.2111,1.2081,1.2051,1.2022,1.1992,1.1963,1.1934,1.1905,1.1876,1.1847,1.1818,1.179,1.1762,1.1733,1.1705,1.1677,1.1649,1.1621,1.1593,1.1566,1.1536,1.1496,1.1455,1.1415,1.1375,1.1428,1.1427,1.14,1.1373,1.1347,1.132,1.1294,1.1267,1.1242,1.1216,1.119,1.1165,1.114,1.1114,1.1089,1.1064,1.1039,1.1015,1.099,1.0965,1.0941,1.0917,1.0892,1.0868
0.1226,0.1229,0.1232,0.1235,0.1238,0.1241,0.1244,0.1247,0.125,0.1253,0.1256,0.1259,0.1262,0.1265,0.1268,0.1271,0.1274,0.1277,0.128,0.1283,0.1286,0.129,0.1293,0.1296,0.1299,0.1302,0.1306,0.1309,0.1312,0.1315,0.1319,0.1322,0.1325,0.1329,0.1332,0.1335,0.1339,0.1342,0.1346,0.1349,0.1353,0.1356,0.1359,0.1363,0.1366,0.1367,0.1361,0.1354,0.1348,0.1341,0.1335,0.1328,0.1323,0.132,0.1317,0.1314,0.1311,0.1308,0.1305,0.1301,0.1298,0.1295,0.1292,0.1289,0.1286,0.1283,0.128,0.1278,0.104,0.1042,0.1045,0.1047,0.105,0.1052,0.1055,0.1057,0.106,0.1063,0.1068,0.1074,0.108,0.1086,0.1091,0.1097,0.1103,0.111,0.1116,0.1122,0.1128,0.1135,0.1141,0.1148,0.1154,0.1161,0.1168,0.1175,0.1181,0.0517,0.0511,0.0511,0.051,0.0509,0.0509,0.0508,0.0508,0.0507,0.0507,0.0507,0.0506,0.0506,0.0506,0.0506,0.0506,0.0507,0.0507,0.0507,0.0507,0.0507,0.0507,0.0507,0.0507,0.0508,0.0508,0.0508,0.0508,0.0508,0.0508,0.0508,0.0509,0.0509,0.0509,0.0509,0.0509,0.0509,0.0509,0.0509,0.0509,0.0509,0.0509,0.0509,0.0509,0.0509,0.0509,0.0509,0.0509,0.0509,0.0509,0.0509,0.0509,0.0509,0.0509,0.0509,0.0509,0.0509,0.051,0.051,0.0511,0.0511,0.0517,1.3477,1.3494,1.371,1.3672,1.3634,1.3596,1.3559,1.3521,1.3484,1.3447,1.341,1.3374,1.3337,1.3301,1.3265,1.3229,1.3194,1.3158,1.3123,1.3088,1.3053,1.3018,1.2984,1.2949,1.2915,1.2881,1.2847,1.2814,1.278,1.2747,1.2714,1.2681,1.2648,1.2616,1.2583,1.2551,1.2519,1.2487,1.2455,1.2417,1.2372,1.2327,1.2292,1.2261,1.223,1.22,1.2169,1.2139,1.2109,1.2079,1.205,1.202,1.1991,1.1961,1.1932,1.1903,1.1874,1.1846,1.1817,1.1789,1.176,1.1732,1.1704,1.1676,1.1648,1.1621,1.1593,1.1562,1.1521,1.148,1.144,1.1399,1.1365,1.1415,1.1412,1.1385,1.1359,1.1332,1.1306,1.128,1.1253,1.1228,1.1202,1.1177,1.1151,1.1126,1.1101,1.1076,1.1051,1.1026,1.1001,1.0977,1.0952,1.0928,1.0903,1.0879,1.0855
0.1231,0.1234,0.1237,0.124,0.1243,0.1246,0.1249,0.1252,0.1255,0.1258,0.1261,0.1264,0.1267,0.127,0.1273,0.1276,0.1279,0.1282,0.1286,0.1289,0.1292,0.1295,0.1298,0.1302,0.1305,0.1308,0.1311,0.1315,0.1318,0.1321,0.1324,0.1328,0.1331,0.1335,0.1338,0.1341,0.1345,0.1348,0.1352,0.1355,0.1359,0.1362,0.1366,0.1369,0.1373,0.1376,0.1376,0.1369,0.1362,0.1356,0.1349,0.1343,0.1336,0.133,0.1325,0.1322,0.1318,0.1315,0.1312,0.1309,0.1306,0.1303,0.13,0.1297,0.1294,0.1291,0.1288,0.1285,0.1282,0.1047,0.105,0.1052,0.1055,0.1058,0.106,0.1063,0.1065,0.1068,0.1072,0.1078,0.1083,0.1089,0.1095,0.1101,0.1107,0.1113,0.112,0.1126,0.1132,0.1139,0.1145,0.1152,0.1158,0.1165,0.1172,0.1179,0.1186,0.0523,0.0517,0.0515,0.0514,0.0514,0.0513,0.0513,0.0512,0.0512,0.0511,0.0511,0.0511,0.051,0.051,0.0511,0.0511,0.0511,0.0511,0.0511,0.0511,0.0511,0.0512,0.0512,0.0512,0.0512,0.0512,0.0512,0.0512,0.0512,0.0513,0.0513,0.0513,0.0513,0.0513,0.0513,0.0513,0.0513,0.0513,0.0513,0.0513,0.0513,0.0513,0.0513,0.0513,0.0513,0.0513,0.0513,0.0513,0.0513,0.0513,0.0513,0.0513,0.0513,0.0513,0.0513,0.0513,0.0514,0.0514,0.0515,0.0515,0.0517,0.0524,1.3539,1.3555,1.3545,1.361,1.3575,1.354,1.3505,1.347,1.3435,1.3401,1.3367,1.3333,1.3299,1.3265,1.3231,1.3198,1.3165,1.3131,1.3099,1.3066,1.3033,1.2999,1.2965,1.2931,1.2897,1.2863,1.2829,1.2796,1.2762,1.2729,1.2696,1.2663,1.2631,1.2598,1.2566,1.2534,1.2502,1.247,1.2438,1.2404,1.2361,1.2321,1.229,1.2259,1.2229,1.2198,1.2168,1.2138,1.2108,1.2078,1.2048,1.2019,1.1989,1.196,1.1933,1.191,1.1887,1.1863,1.184,1.1817,1.1794,1.1772,1.1749,1.1726,1.1704,1.1681,1.1659,1.1581,1.1515,1.1473,1.143,1.1387,1.1353,1.1403,1.1398,1.1371,1.1344,1.1318,1.1292,1.1265,1.1239,1.1214,1.1188,1.1163,1.1137,1.1112,1.1087,1.1062,1.1037,1.1012,1.0988,1.0963,1.0939,1.0915,1.089,1.0866,1.0842
0.1236,0.1239,0.1242,0.1245,0.1248,0.1251,0.1254,0.1257,0.126,0.1263,0.1266,0.1269,0.1272,0.1275,0.1279,0.1282,0.1285,0.1288,0.1291,0.1294,0.1297,0.1301,0.1304,0.1307,0.131,0.1314,0.1317,0.132,0.1324,0.1327,0.133,0.1334,0.1337,0.134,0.1344,0.1347,0.1351,0.1354,0.1358,0.1361,0.1365,0.1368,0.1372,0.1375,0.1379,0.1383,0.1386,0.1384,0.1377,0.137,0.1364,0.1357,0.135,0.1344,0.1337,0.1331,0.1326,0.1323,0.132,0.1317,0.1314,0.1311,0.1308,0.1305,0.1301,0.1298,0.1295,0.1292,0.1289,0.1286,0.1055,0.1058,0.106,0.1063,0.1066,0.1068,0.1071,0.1073,0.1076,0.1081,0.1087,0.1093,0.1099,0.1105,0.1111,0.1117,0.1124,0.113,0.1136,0.1143,0.1149,0.1156,0.1163,0.117,0.1176,0.1183,0.119,0.0529,0.0523,0.0519,0.0519,0.0518,0.0518,0.0517,0.0517,0.0516,0.0516,0.0515,0.0515,0.0515,0.0515,0.0515,0.0515,0.0515,0.0515,0.0516,0.0516,0.0516,0.0516,0.0516,0.0516,0.0516,0.0516,0.0517,0.0517,0.0517,0.0517,0.0517,0.0517,0.0517,0.0517,0.0517,0.0517,0.0517,0.0517,0.0517,0.0517,0.0517,0.0517,0.0517,0.0517,0.0517,0.0517,0.0517,0.0518,0.0518,0.0518,0.0518,0.0518,0.0518,0.0518,0.0518,0.0518,0.0518,0.0519,0.0519,0.052,0.0523,1.359,1.3601,1.36,1.3566,1.3566,1.3541,1.3506,1.3471,1.3435,1.34,1.3366,1.3331,1.3297,1.3262,1.3228,1.3195,1.3161,1.3127,1.3094,1.3061,1.3028,1.2995,1.2962,1.293,1.2897,1.2865,1.2833,1.2801,1.277,1.2738,1.2707,1.2675,1.2642,1.261,1.2578,1.2546,1.2514,1.2482,1.245,1.2418,1.2385,1.235,1.232,1.2295,1.227,1.2245,1.2221,1.2196,1.2172,1.2147,1.2123,1.2099,1.2075,1.2051,1.2027,1.2004,1.198,1.1957,1.1933,1.191,1.1886,1.1863,1.184,1.1817,1.1794,1.1771,1.1749,1.1724,1.1616,1.1502,1.1459,1.1414,1.1368,1.1341,1.139,1.1383,1.1357,1.133,1.1304,1.1277,1.1251,1.1225,1.12,1.1174,1.1149,1.1124,1.1099,1.1074,1.1049,1.1024,1.0999,1.0975,1.095,1.0926,1.0901,1.0877,1.0853,1.0829
0.1242,0.1244,0.1247,0.125,0.1253,0.1256,0.1259,0.1262,0.1265,0.1269,0.1272,0.1275,0.1278,0.1281,0.1284,0.1287,0.129,0.1293,0.1297,0.13,0.1303,0.1306,0.131,0.1313,0.1316,0.1319,0.1323,0.1326,0.1329,0.1333,0.1336,0.134,0.1343,0.1346,0.135,0.1353,0.1357,0.136,0.1364,0.1367,0.1371,0.1375,0.1378,0.1382,0.1385,0.1389,0.1393,0.1396,0.1392,0.1385,0.1378,0.1372,0.1365,0.1358,0.1352,0.1345,0.1339,0.1332,0.1328,0.1325,0.1322,0.1318,0.1315,0.1312,0.1309,0.1306,0.1303,0.13,0.1297,0.1294,0.1291,0.1063,0.1066,0.1068,0.1071,0.1074,0.1076,0.1079,0.1082,0.1085,0.1091,0.1097,0.1103,0.1109,0.1115,0.1121,0.1128,0.1134,0.114,0.1147,0.1154,0.116,0.1167,0.1174,0.1181,0.1188,0.1195,0.0536,0.0529,0.0524,0.0523,0.0523,0.0522,0.0522,0.0521,0.0521,0.052,0.052,0.0519,0.0519,0.0519,0.0519,0.052,0.052,0.052,0.052,0.052,0.052,0.052,0.052,0.0521,0.0521,0.0521,0.0521,0.0521,0.0521,0.0521,0.0521,0.0521,0.0521,0.0521,0.0522,0.0522,0.0522,0.0522,0.0522,0.0522,0.0522,0.0522,0.0522,0.0522,0.0522,0.0522,0.0522,0.0522,0.0522,0.0522,0.0522,0.0522,0.0522,0.0522,0.0522,0.0522,0.0523,0.0523,0.0524,0.0524,0.0529,1.3651,1.3664,1.3635,1.3601,1.358,1.3546,1.351,1.3475,1.344,1.3405,1.337,1.3335,1.3301,1.3266,1.3231,1.3195,1.316,1.3125,1.3091,1.3058,1.3025,1.2993,1.296,1.2928,1.2896,1.2864,1.2832,1.2801,1.2769,1.2742,1.2715,1.2689,1.2662,1.2636,1.261,1.2583,1.2557,1.2531,1.2505,1.248,1.2454,1.2428,1.2403,1.2378,1.2352,1.2327,1.2302,1.2277,1.2252,1.2228,1.2203,1.2178,1.2154,1.213,1.2105,1.2081,1.2057,1.2033,1.2009,1.1986,1.1962,1.1938,1.1915,1.1892,1.1868,1.1845,1.1822,1.176,1.1629,1.1488,1.1442,1.1396,1.135,1.1328,1.1378,1.1369,1.1342,1.1316,1.1289,1.1263,1.1237,1.1212,1.1186,1.1161,1.1135,1.111,1.1085,1.106,1.1035,1.101,1.0986,1.0961,1.0937,1.0912,1.0888,1.0864,1.084,1.0816
0.1247,0.125,0.1253,0.1256,0.1259,0.1262,0.1265,0.1268,0.1271,0.1274,0.1277,0.128,0.1283,0.1286,0.1289,0.1293,0.1296,0.1299,0.1302,0.1306,0.1309,0.1312,0.1315,0.1319,0.1322,0.1325,0.1329,0.1332,0.1335,0.1339,0.1342,0.1346,0.1349,0.1353,0.1356,0.136,0.1363,0.1367,0.137,0.1374,0.1377,0.1381,0.1384,0.1388,0.1392,0.1395,0.1399,0.1403,0.1406,0.14,0.1393,0.1387,0.138,0.1373,0.1366,0.136,0.1353,0.1347,0.134,0.1334,0.1329,0.1326,0.1323,0.132,0.1317,0.1314,0.1311,0.1308,0.1304,0.1301,0.1298,0.1068,0.1071,0.1074,0.1076,0.1079,0.1082,0.1085,0.1087,0.109,0.1095,0.1101,0.1107,0.1113,0.1119,0.1125,0.1132,0.1138,0.1145,0.1151,0.1158,0.1165,0.1171,0.1178,0.1185,0.1192,0.1199,0.1207,0.0536,0.0529,0.0528,0.0528,0.0527,0.0526,0.0526,0.0525,0.0525,0.0524,0.0524,0.0524,0.0524,0.0524,0.0524,0.0524,0.0524,0.0524,0.0525,0.0525,0.0525,0.0525,0.0525,0.0525,0.0525,0.0526,0.0526,0.0526,0.0526,0.0526,0.0526,0.0526,0.0526,0.0526,0.0526,0.0526,0.0526,0.0526,0.0526,0.0526,0.0526,0.0526,0.0526,0.0526,0.0526,0.0526,0.0526,0.0526,0.0526,0.0526,0.0526,0.0526,0.0526,0.0527,0.0527,0.0527,0.0528,0.0528,0.0529,0.0536,1.3712,1.3705,1.367,1.3635,1.36,1.3564,1.3529,1.3494,1.3459,1.3424,1.339,1.3355,1.3321,1.3287,1.3253,1.3224,1.3196,1.3167,1.3138,1.311,1.3082,1.3053,1.3025,1.2997,1.297,1.2942,1.2914,1.2887,1.2859,1.2832,1.2805,1.2778,1.2751,1.2724,1.2698,1.2671,1.2645,1.2618,1.2592,1.2566,1.254,1.2514,1.2488,1.2463,1.2437,1.2412,1.2386,1.2361,1.2336,1.2311,1.2286,1.2261,1.2236,1.2211,1.2187,1.2162,1.2138,1.2114,1.2089,1.2065,1.2041,1.2017,1.1994,1.197,1.1946,1.1923,1.1899,1.1795,1.1612,1.1469,1.1423,1.1377,1.1331,1.1317,1.1365,1.1354,1.1328,1.1302,1.1275,1.1249,1.1223,1.1198,1.1172,1.1147,1.1122,1.1096,1.1071,1.1046,1.1022,1.0997,1.0972,1.0948,1.0923,1.0899,1.0875,1.0851,1.0827,1.0803
0.1252,0.1255,0.1258,0.1261,0.1264,0.1267,0.127,0.1273,0.1276,0.1279,0.1282,0.1286,0.1289,0.1292,0.1295,0.1298,0.1301,0.1305,0.1308,0.1311,0.1314,0.1318,0.1321,0.1324,0.1328,0.1331,0.1334,0.1338,0.1341,0.1345,0.1348,0.1352,0.1355,0.1359,0.1362,0.1366,0.1369,0.1373,0.1376,0.138,0.1384,0.1387,0.1391,0.1394,0.1398,0.1402,0.1406,0.1409,0.1413,0.1416,0.1409,0.1402,0.1395,0.1388,0.1381,0.1374,0.1368,0.1361,0.1354,0.1348,0.1341,0.1335,0.1331,0.1328,0.1325,0.1322,0.1318,0.1315,0.1312,0.1309,0.1306,0.1303,0.1077,0.1079,0.1082,0.1085,0.1087,0.109,0.1093,0.1096,0.1098,0.1104,0.1111,0.1117,0.1123,0.1129,0.1136,0.1142,0.1149,0.1155,0.1162,0.1169,0.1176,0.1183,0.119,0.1197,0.1204,0.1211,0.0542,0.0536,0.0533,0.0532,0.0532,0.0531,0.053,0.053,0.0529,0.0529,0.0529,0.0528,0.0528,0.0528,0.0529,0.0529,0.0529,0.0529,0.0529,0.0529,0.0529,0.053,0.053,0.053,0.053,0.053,0.053,0.053,0.053,0.053,0.053,0.053,0.053,0.053,0.0531,0.0531,0.0531,0.0531,0.0531,0.0531,0.0531,0.0531,0.0531,0.0531,0.0531,0.0531,0.0531,0.0531,0.0531,0.0531,0.0531,0.0531,0.0531,0.0531,0.0531,0.0532,0.0533,0.0533,0.0536,0.0544,1.3776,1.3745,1.3714,1.3683,1.3652,1.3621,1.3591,1.356,1.353,1.35,1.347,1.344,1.341,1.338,1.3351,1.3322,1.3292,1.3263,1.3234,1.3205,1.3177,1.3148,1.312,1.3091,1.3063,1.3035,1.3007,1.2979,1.2951,1.2924,1.2896,1.2869,1.2841,1.2814,1.2787,1.276,1.2733,1.2707,1.268,1.2654,1.2627,1.2601,1.2575,1.2549,1.2523,1.2497,1.2471,1.2446,1.242,1.2395,1.2369,1.2344,1.2319,1.2294,1.2269,1.2244,1.222,1.2195,1.217,1.2146,1.2122,1.2098,1.2073,1.2049,1.2026,1.2002,1.1959,1.1813,1.154,1.145,1.1404,1.1358,1.1313,1.1306,1.1353,1.134,1.1314,1.1287,1.1261,1.1235,1.1209,1.1184,1.1158,1.1133,1.1108,1.1083,1.1058,1.1033,1.1008,1.0984,1.0959,1.0935,1.091,1.0886,1.0862,1.0838,1.0814,1.079
0.1257,0.126,0.1263,0.1266,0.1269,0.1272,0.1275,0.1278,0.1282,0.1285,0.1288,0.1291,0.1294,0.1297,0.1301,0.1304,0.1307,0.131,0.1314,0.1317,0.132,0.1324,0.1327,0.133,0.1334,0.1337,0.134,0.1344,0.1347,0.1351,0.1354,0.1358,0.1361,0.1365,0.1368,0.1372,0.1375,0.1379,0.1383,0.1386,0.139,0.1394,0.1397,0.1401,0.1405,0.1408,0.1412,0.1416,0.142,0.1423,0.1425,0.1418,0.141,0.1403,0.1396,0.1389,0.1382,0.1376,0.1369,0.1362,0.1356,0.1349,0.1343,0.1336,0.1333,0.1329,0.1326,0.1323,0.132,0.1317,0.1314,0.1311,0.1308,0.1085,0.1088,0.109,0.1093,0.1096,0.1099,0.1101,0.1104,0.1108,0.1114,0.1121,0.1127,0.1133,0.114,0.1146,0.1153,0.116,0.1166,0.1173,0.118,0.1187,0.1194,0.1201,0.1208,0.1216,0.0549,0.0542,0.0538,0.0537,0.0536,0.0536,0.0535,0.0535,0.0534,0.0534,0.0533,0.0533,0.0533,0.0533,0.0533,0.0533,0.0534,0.0534,0.0534,0.0534,0.0534,0.0534,0.0534,0.0535,0.0535,0.0535,0.0535,0.0535,0.0535,0.0535,0.0535,0.0535,0.0535,0.0535,0.0535,0.0535,0.0535,0.0535,0.0535,0.0535,0.0535,0.0535,0.0535,0.0535,0.0535,0.0535,0.0535,0.0535,0.0536,0.0536,0.0536,0.0536,0.0536,0.0536,0.0536,0.0537,0.0537,0.0538,0.0542,1.3913,1.3881,1.385,1.3818,1.3787,1.3755,1.3724,1.3693,1.3662,1.3632,1.3601,1.357,1.354,1.351,1.348,1.345,1.342,1.339,1.3361,1.3331,1.3302,1.3273,1.3244,1.3215,1.3186,1.3158,1.3129,1.3101,1.3073,1.3044,1.3016,1.2988,1.2961,1.2933,1.2905,1.2878,1.2851,1.2823,1.2796,1.2769,1.2742,1.2716,1.2689,1.2663,1.2636,1.261,1.2584,1.2558,1.2532,1.2506,1.248,1.2454,1.2429,1.2403,1.2378,1.2353,1.2328,1.2302,1.2278,1.2253,1.2228,1.2203,1.2179,1.2154,1.213,1.2106,1.2082,1.1993,1.1748,1.1475,1.1431,1.1385,1.134,1.1294,1.1295,1.1341,1.1326,1.1299,1.1273,1.1247,1.1221,1.1195,1.117,1.1145,1.1119,1.1094,1.1069,1.1044,1.1019,1.0995,1.097,1.0946,1.0921,1.0897,1.0873,1.0849,1.0825,1.0801,1.0778
0.1262,0.1265,0.1268,0.1272,0.1275,0.1278,0.1281,0.1284,0.1287,0.129,0.1293,0.1297,0.13,0.1303,0.1306,0.131,0.1313,0.1316,0.1319,0.1323,0.1326,0.1329,0.1333,0.1336,0.134,0.1343,0.1346,0.135,0.1353,0.1357,0.136,0.1364,0.1367,0.1371,0.1375,0.1378,0.1382,0.1385,0.1389,0.1393,0.1396,0.14,0.1404,0.1407,0.1411,0.1415,0.1419,0.1423,0.1426,0.143,0.1434,0.1434,0.1426,0.1419,0.1412,0.1405,0.1398,0.1391,0.1384,0.1377,0.137,0.1364,0.1357,0.135,0.1344,0.1338,0.1334,0.1331,0.1328,0.1325,0.1322,0.1318,0.1315,0.1312,0.1093,0.1096,0.1099,0.1101,0.1104,0.1107,0.111,0.1113,0.1118,0.1125,0.1131,0.1137,0.1144,0.115,0.1157,0.1164,0.1171,0.1177,0.1184,0.1191,0.1199,0.1206,0.1213,0.122,0.0555,0.0549,0.0543,0.0542,0.0541,0.0541,0.054,0.0539,0.0539,0.0538,0.0538,0.0538,0.0538,0.0538,0.0538,0.0538,0.0538,0.0538,0.0539,0.0539,0.0539,0.0539,0.0539,0.0539,0.054,0.054,0.054,0.054,0.054,0.054,0.054,0.054,0.054,0.054,0.054,0.054,0.054,0.054,0.054,0.054,0.054,0.054,0.054,0.054,0.054,0.054,0.054,0.054,0.054,0.054,0.054,0.054,0.054,0.0541,0.0541,0.0542,0.0542,0.0543,0.0549,1.4021,1.3988,1.3956,1.3924,1.3892,1.386,1.3829,1.3797,1.3766,1.3735,1.3704,1.3673,1.3642,1.3611,1.3581,1.355,1.352,1.349,1.346,1.343,1.34,1.3371,1.3341,1.3312,1.3283,1.3254,1.3225,1.3196,1.3167,1.3139,1.311,1.3082,1.3054,1.3026,1.2998,1.297,1.2942,1.2915,1.2887,1.286,1.2833,1.2806,1.2778,1.2752,1.2725,1.2698,1.2672,1.2645,1.2619,1.2593,1.2566,1.254,1.2514,1.2489,1.2463,1.2437,1.2412,1.2386,1.2361,1.2336,1.2311,1.2286,1.2261,1.2236,1.2212,1.2187,1.2163,1.2027,1.1675,1.1456,1.1412,1.1366,1.1321,1.1282,1.1284,1.1328,1.1312,1.1285,1.1259,1.1233,1.1207,1.1182,1.1156,1.1131,1.1106,1.1081,1.1056,1.1031,1.1006,1.0981,1.0957,1.0933,1.0908,1.0884,1.086,1.0836,1.0812,1.0788,1.0765
0.1268,0.1271,0.1274,0.1277,0.128,0.1283,0.1286,0.1289,0.1293,0.1296,0.1299,0.1302,0.1305,0.1309,0.1312,0.1315,0.1319,0.1322,0.1325,0.1329,0.1332,0.1335,0.1339,0.1342,0.1346,0.1349,0.1352,0.1356,0.1359,0.1363,0.1367,0.137,0.1374,0.1377,0.1381,0.1385,0.1388,0.1392,0.1395,0.1399,0.1403,0.1407,0.141,0.1414,0.1418,0.1422,0.1425,0.1429,0.1433,0.1437,0.1441,0.1445,0.1442,0.1435,0.1428,0.142,0.1413,0.1406,0.1399,0.1392,0.1385,0.1378,0.1372,0.1365,0.1358,0.1352,0.1345,0.1339,0.1336,0.1333,0.1329,0.1326,0.1323,0.132,0.1099,0.1102,0.1104,0.1107,0.111,0.1113,0.1116,0.1119,0.1122,0.1129,0.1135,0.1141,0.1148,0.1155,0.1161,0.1168,0.1175,0.1182,0.1189,0.1196,0.1203,0.121,0.1218,0.1225,0.1233,0.0555,0.0548,0.0547,0.0546,0.0546,0.0545,0.0544,0.0544,0.0543,0.0543,0.0542,0.0543,0.0543,0.0543,0.0543,0.0543,0.0543,0.0543,0.0544,0.0544,0.0544,0.0544,0.0544,0.0544,0.0544,0.0544,0.0544,0.0544,0.0544,0.0544,0.0544,0.0544,0.0545,0.0545,0.0545,0.0545,0.0545,0.0545,0.0545,0.0545,0.0545,0.0545,0.0545,0.0545,0.0545,0.0545,0.0545,0.0545,0.0545,0.0545,0.0545,0.0545,0.0546,0.0546,0.0547,0.0547,0.0549,0.0557,1.413,1.4097,1.4064,1.4032,1.3999,1.3967,1.3935,1.3903,1.3871,1.3839,1.3808,1.3776,1.3745,1.3714,1.3683,1.3652,1.3622,1.3591,1.3561,1.353,1.35,1.347,1.344,1.341,1.3381,1.3351,1.3322,1.3293,1.3264,1.3235,1.3206,1.3177,1.3148,1.312,1.3092,1.3063,1.3035,1.3007,1.2979,1.2952,1.2924,1.2896,1.2869,1.2842,1.2815,1.2788,1.2761,1.2734,1.2707,1.268,1.2654,1.2628,1.2601,1.2575,1.2549,1.2523,1.2497,1.2472,1.2446,1.242,1.2395,1.237,1.2344,1.2319,1.2294,1.2269,1.2207,1.1886,1.1598,1.1437,1.1394,1.1348,1.1302,1.1271,1.1272,1.1316,1.1297,1.1271,1.1245,1.1219,1.1193,1.1168,1.1142,1.1117,1.1092,1.1067,1.1042,1.1017,1.0993,1.0968,1.0944,1.0919,1.0895,1.0871,1.0847,1.0823,1.0799,1.0775,1.0752
0.1273,0.1276,0.1279,0.1282,0.1285,0.1289,0.1292,0.1295,0.1298,0.1301,0.1305,0.1308,0.1311,0.1314,0.1318,0.1321,0.1324,0.1328,0.1331,0.1334,0.1338,0.1341,0.1345,0.1348,0.1352,0.1355,0.1359,0.1362,0.1366,0.1369,0.1373,0.1376,0.138,0.1384,0.1387,0.1391,0.1395,0.1398,0.1402,0.1406,0.1409,0.1413,0.1417,0.1421,0.1425,0.1428,0.1432,0.1436,0.144,0.1444,0.1448,0.1452,0.1456,0.1451,0.1444,0.1437,0.1429,0.1422,0.1415,0.1408,0.1401,0.1394,0.1387,0.138,0.1373,0.1366,0.136,0.1353,0.1347,0.1341,0.1337,0.1334,0.1331,0.1328,0.1325,0.1107,0.111,0.1113,0.1116,0.1119,0.1122,0.1125,0.1128,0.1133,0.1139,0.1146,0.1152,0.1159,0.1166,0.1172,0.1179,0.1186,0.1193,0.12,0.1208,0.1215,0.1222,0.123,0.1237,0.0562,0.0555,0.0552,0.0551,0.0551,0.055,0.0549,0.0549,0.0548,0.0548,0.0547,0.0548,0.0548,0.0548,0.0548,0.0548,0.0548,0.0548,0.0549,0.0549,0.0549,0.0549,0.0549,0.0549,0.0549,0.0549,0.0549,0.0549,0.0549,0.0549,0.0549,0.0549,0.0549,0.0549,0.0549,0.0549,0.0549,0.055,0.055,0.055,0.055,0.055,0.055,0.055,0.055,0.055,0.055,0.055,0.055,0.055,0.055,0.055,0.0551,0.0551,0.0552,0.0552,0.0556,1.4275,1.4241,1.4208,1.4174,1.4141,1.4108,1.4075,1.4043,1.401,1.3978,1.3946,1.3914,1.3882,1.385,1.3819,1.3787,1.3756,1.3725,1.3694,1.3663,1.3632,1.3601,1.3571,1.3541,1.351,1.348,1.345,1.3421,1.3391,1.3361,1.3332,1.3303,1.3273,1.3244,1.3216,1.3187,1.3158,1.313,1.3101,1.3073,1.3045,1.3017,1.2989,1.2961,1.2933,1.2906,1.2878,1.2851,1.2824,1.2797,1.277,1.2743,1.2716,1.2689,1.2663,1.2637,1.261,1.2584,1.2558,1.2532,1.2506,1.248,1.2455,1.2429,1.2404,1.2378,1.2353,1.2242,1.1812,1.1518,1.1418,1.1375,1.1329,1.1284,1.126,1.1261,1.1304,1.1283,1.1257,1.1231,1.1205,1.1179,1.1154,1.1129,1.1103,1.1078,1.1053,1.1029,1.1004,1.0979,1.0955,1.093,1.0906,1.0882,1.0858,1.0834,1.081,1.0786,1.0763,1.0739
0.1278,0.1282,0.1285,0.1288,0.1291,0.1294,0.1297,0.1301,0.1304,0.1307,0.131,0.1314,0.1317,0.132,0.1323,0.1327,0.133,0.1334,0.1337,0.134,0.1344,0.1347,0.1351,0.1354,0.1358,0.1361,0.1365,0.1368,0.1372,0.1375,0.1379,0.1383,0.1386,0.139,0.1394,0.1397,0.1401,0.1405,0.1408,0.1412,0.1416,0.142,0.1424,0.1427,0.1431,0.1435,0.1439,0.1443,0.1447,0.1451,0.1455,0.1459,0.1463,0.1467,0.1461,0.1453,0.1445,0.1438,0.1431,0.1423,0.1416,0.1409,0.1402,0.1395,0.1388,0.1381,0.1374,0.1368,0.1361,0.1354,0.1348,0.1342,0.1339,0.1336,0.1333,0.1329,0.1116,0.1119,0.1122,0.1125,0.1128,0.1131,0.1134,0.1137,0.1143,0.115,0.1156,0.1163,0.117,0.1177,0.1184,0.1191,0.1198,0.1205,0.1212,0.122,0.1227,0.1235,0.1242,0.0569,0.0562,0.0557,0.0557,0.0556,0.0555,0.0555,0.0554,0.0553,0.0553,0.0552,0.0553,0.0553,0.0553,0.0553,0.0553,0.0553,0.0553,0.0554,0.0554,0.0554,0.0554,0.0554,0.0554,0.0554,0.0554,0.0554,0.0554,0.0554,0.0554,0.0554,0.0554,0.0554,0.0554,0.0554,0.0554,0.0554,0.0554,0.0554,0.0555,0.0555,0.0555,0.0555,0.0555,0.0555,0.0555,0.0555,0.0555,0.0555,0.0555,0.0555,0.0555,0.0556,0.0556,0.0557,0.0558,0.0563,1.4388,1.4354,1.432,1.4286,1.4252,1.4219,1.4185,1.4152,1.4119,1.4086,1.4054,1.4021,1.3989,1.3957,1.3925,1.3893,1.3861,1.3829,1.3798,1.3766,1.3735,1.3704,1.3673,1.3642,1.3612,1.3581,1.3551,1.352,1.349,1.346,1.3431,1.3401,1.3371,1.3342,1.3312,1.3283,1.3254,1.3225,1.3196,1.3168,1.3139,1.3111,1.3082,1.3054,1.3026,1.2998,1.297,1.2943,1.2915,1.2888,1.286,1.2833,1.2806,1.2779,1.2752,1.2725,1.2698,1.2672,1.2645,1.2619,1.2593,1.2567,1.2541,1.2515,1.2489,1.2463,1.2429,1.2166,1.1738,1.1444,1.1399,1.1356,1.1311,1.1266,1.1249,1.125,1.1291,1.1269,1.1243,1.1217,1.1191,1.1165,1.114,1.1115,1.109,1.1065,1.104,1.1015,1.099,1.0966,1.0942,1.0917,1.0893,1.0869,1.0845,1.0821,1.0797,1.0773,1.075,1.0726
0.1284,0.1287,0.129,0.1293,0.1297,0.13,0.1303,0.1306,0.1309,0.1313,0.1316,0.1319,0.1323,0.1326,0.1329,0.1333,0.1336,0.1339,0.1343,0.1346,0.135,0.1353,0.1357,0.136,0.1364,0.1367,0.1371,0.1375,0.1378,0.1382,0.1385,0.1389,0.1393,0.1396,0.14,0.1404,0.1408,0.1411,0.1415,0.1419,0.1423,0.1427,0.143,0.1434,0.1438,0.1442,0.1446,0.145,0.1454,0.1458,0.1462,0.1466,0.147,0.1474,0.1478,0.147,0.1462,0.1455,0.1447,0.144,0.1432,0.1425,0.1418,0.1411,0.1403,0.1396,0.1389,0.1383,0.1376,0.1369,0.1362,0.1356,0.1349,0.1344,0.1341,0.1337,0.1334,0.1125,0.1128,0.1131,0.1134,0.1137,0.114,0.1143,0.1147,0.1154,0.1161,0.1167,0.1174,0.1181,0.1188,0.1195,0.1202,0.121,0.1217,0.1224,0.1232,0.124,0.1247,0.1255,0.0569,0.0563,0.0562,0.0561,0.0561,0.056,0.0559,0.0559,0.0558,0.0558,0.0558,0.0558,0.0558,0.0558,0.0558,0.0558,0.0559,0.0559,0.0559,0.0559,0.0559,0.0559,0.0559,0.0559,0.0559,0.0559,0.0559,0.0559,0.0559,0.0559,0.0559,0.0559,0.0559,0.0559,0.0559,0.0559,0.0559,0.056,0.056,0.056,0.056,0.056,0.056,0.056,0.056,0.056,0.056,0.056,0.056,0.056,0.056,0.0561,0.0562,0.0562,0.0563,0.0571,1.4503,1.4468,1.4434,1.4399,1.4365,1.4331,1.4297,1.4264,1.423,1.4197,1.4164,1.413,1.4098,1.4065,1.4032,1.4,1.3968,1.3935,1.3903,1.3872,1.384,1.3808,1.3777,1.3746,1.3715,1.3684,1.3653,1.3622,1.3591,1.3561,1.3531,1.3501,1.3471,1.3441,1.3411,1.3381,1.3352,1.3322,1.3293,1.3264,1.3235,1.3206,1.3177,1.3149,1.312,1.3092,1.3064,1.3036,1.3008,1.298,1.2952,1.2924,1.2897,1.2869,1.2842,1.2815,1.2788,1.2761,1.2734,1.2707,1.2681,1.2654,1.2628,1.2602,1.2576,1.2549,1.2465,1.1952,1.1656,1.1421,1.138,1.1338,1.1292,1.1247,1.1238,1.1239,1.1279,1.1255,1.1229,1.1203,1.1177,1.1152,1.1126,1.1101,1.1076,1.1051,1.1026,1.1002,1.0977,1.0953,1.0928,1.0904,1.088,1.0856,1.0832,1.0808,1.0784,1.0761,1.0737,1.0714
0.1289,0.1293,0.1296,0.1299,0.1302,0.1305,0.1309,0.1312,0.1315,0.1318,0.1322,0.1325,0.1328,0.1332,0.1335,0.1339,0.1342,0.1345,0.1349,0.1352,0.1356,0.1359,0.1363,0.1366,0.137,0.1374,0.1377,0.1381,0.1384,0.1388,0.1392,0.1395,0.1399,0.1403,0.1407,0.141,0.1414,0.1418,0.1422,0.1426,0.1429,0.1433,0.1437,0.1441,0.1445,0.1449,0.1453,0.1457,0.1461,0.1465,0.1469,0.1473,0.1477,0.1481,0.1485,0.1487,0.1479,0.1471,0.1464,0.1456,0.1449,0.1441,0.1434,0.1426,0.1419,0.1412,0.1405,0.1398,0.1391,0.1384,0.1377,0.137,0.1364,0.1357,0.1351,0.1345,0.1342,0.1131,0.1134,0.1137,0.114,0.1143,0.1146,0.1149,0.1152,0.1158,0.1165,0.1172,0.1179,0.1186,0.1193,0.12,0.1207,0.1214,0.1222,0.1229,0.1237,0.1244,0.1252,0.126,0.0576,0.0569,0.0567,0.0567,0.0566,0.0565,0.0564,0.0564,0.0563,0.0563,0.0563,0.0563,0.0563,0.0563,0.0563,0.0564,0.0564,0.0564,0.0564,0.0564,0.0564,0.0564,0.0564,0.0564,0.0564,0.0564,0.0564,0.0564,0.0564,0.0564,0.0564,0.0564,0.0564,0.0565,0.0565,0.0565,0.0565,0.0565,0.0565,0.0565,0.0565,0.0565,0.0565,0.0565,0.0565,0.0565,0.0565,0.0565,0.0565,0.0565,0.0566,0.0566,0.0567,0.0568,0.057,1.4655,1.462,1.4585,1.455,1.4515,1.448,1.4445,1.4411,1.4377,1.4343,1.4309,1.4275,1.4241,1.4208,1.4175,1.4142,1.4109,1.4076,1.4043,1.4011,1.3978,1.3946,1.3914,1.3882,1.3851,1.3819,1.3788,1.3756,1.3725,1.3694,1.3663,1.3632,1.3602,1.3571,1.3541,1.3511,1.3481,1.3451,1.3421,1.3391,1.3362,1.3332,1.3303,1.3274,1.3245,1.3216,1.3187,1.3159,1.313,1.3102,1.3073,1.3045,1.3017,1.2989,1.2961,1.2934,1.2906,1.2879,1.2851,1.2824,1.2797,1.277,1.2743,1.2716,1.269,1.2663,1.2637,1.2502,1.1877,1.1575,1.1402,1.1361,1.1319,1.1274,1.1229,1.1227,1.1228,1.1267,1.1241,1.1215,1.1189,1.1163,1.1138,1.1113,1.1088,1.1063,1.1038,1.1013,1.0988,1.0964,1.0939,1.0915,1.0891,1.0867,1.0843,1.0819,1.0795,1.0771,1.0748,1.0724,1.0701
0.1295,0.1298,0.1301,0.1305,0.1308,0.1311,0.1314,0.1318,0.1321,0.1324,0.1328,0.1331,0.1334,0.1338,0.1341,0.1345,0.1348,0.1351,0.1355,0.1358,0.1362,0.1366,0.1369,0.1373,0.1376,0.138,0.1384,0.1387,0.1391,0.1395,0.1398,0.1402,0.1406,0.1409,0.1413,0.1417,0.1421,0.1425,0.1429,0.1432,0.1436,0.144,0.1444,0.1448,0.1452,0.1456,0.146,0.1464,0.1468,0.1472,0.1476,0.148,0.1484,0.1489,0.1493,0.1497,0.1497,0.1489,0.1481,0.1473,0.1465,0.1458,0.145,0.1443,0.1435,0.1428,0.1421,0.1413,0.1406,0.1399,0.1392,0.1385,0.1379,0.1372,0.1365,0.1359,0.1352,0.1347,0.114,0.1143,0.1146,0.1149,0.1152,0.1155,0.1158,0.1162,0.1169,0.1176,0.1183,0.119,0.1197,0.1204,0.1212,0.1219,0.1226,0.1234,0.1242,0.1249,0.1257,0.1265,0.0584,0.0577,0.0573,0.0572,0.0571,0.0571,0.057,0.0569,0.0569,0.0568,0.0568,0.0568,0.0568,0.0569,0.0569,0.0569,0.0569,0.0569,0.0569,0.0569,0.0569,0.0569,0.0569,0.0569,0.0569,0.0569,0.0569,0.057,0.057,0.057,0.057,0.057,0.057,0.057,0.057,0.057,0.057,0.057,0.057,0.057,0.057,0.057,0.057,0.057,0.057,0.057,0.057,0.057,0.057,0.0571,0.0571,0.0572,0.0572,0.0573,0.0578,1.4775,1.4739,1.4703,1.4667,1.4632,1.4597,1.4561,1.4526,1.4491,1.4457,1.4422,1.4388,1.4354,1.432,1.4286,1.4253,1.4219,1.4186,1.4153,1.412,1.4087,1.4054,1.4022,1.3989,1.3957,1.3925,1.3893,1.3861,1.383,1.3798,1.3767,1.3736,1.3704,1.3673,1.3643,1.3612,1.3582,1.3551,1.3521,1.3491,1.3461,1.3431,1.3401,1.3372,1.3342,1.3313,1.3284,1.3255,1.3226,1.3197,1.3168,1.314,1.3111,1.3083,1.3055,1.3027,1.2999,1.2971,1.2943,1.2915,1.2888,1.2861,1.2833,1.2806,1.2779,1.2752,1.2697,1.2305,1.1798,1.1496,1.1383,1.1342,1.13,1.1255,1.1214,1.1216,1.1217,1.1253,1.1227,1.1201,1.1175,1.115,1.1124,1.1099,1.1074,1.1049,1.1024,1.1,1.0975,1.0951,1.0926,1.0902,1.0878,1.0854,1.083,1.0806,1.0782,1.0759,1.0735,1.0712,1.0688
0.1300,0.1304,0.1307,0.131,0.1313,0.1317,0.132,0.1323,0.1327,0.133,0.1333,0.1337,0.134,0.1344,0.1347,0.1351,0.1354,0.1358,0.1361,0.1365,0.1368,0.1372,0.1375,0.1379,0.1383,0.1386,0.139,0.1394,0.1397,0.1401,0.1405,0.1409,0.1412,0.1416,0.142,0.1424,0.1428,0.1431,0.1435,0.1439,0.1443,0.1447,0.1451,0.1455,0.1459,0.1463,0.1467,0.1471,0.1475,0.1479,0.1483,0.1488,0.1492,0.1496,0.15,0.1508,0.1512,0.1506,0.15,0.1492,0.1484,0.1476,0.1468,0.146,0.1452,0.1445,0.1437,0.143,0.1422,0.1415,0.1408,0.1401,0.1394,0.1387,0.138,0.1373,0.1367,0.136,0.1353,0.1149,0.1152,0.1155,0.1159,0.1162,0.1165,0.1168,0.1173,0.118,0.1187,0.1194,0.1202,0.1209,0.1216,0.1224,0.1231,0.1239,0.1246,0.1254,0.1262,0.127,0.1278,0.0584,0.0579,0.0578,0.0577,0.0576,0.0575,0.0575,0.0574,0.0574,0.0573,0.0574,0.0574,0.0574,0.0574,0.0574,0.0574,0.0574,0.0575,0.0575,0.0575,0.0575,0.0575,0.0575,0.0575,0.0575,0.0575,0.0575,0.0575,0.0575,0.0575,0.0575,0.0575,0.0575,0.0575,0.0575,0.0575,0.0575,0.0575,0.0575,0.0575,0.0575,0.0575,0.0575,0.0575,0.0575,0.0575,0.0575,0.0576,0.0576,0.0577,0.0577,0.0578,0.0579,0.0586,1.4896,1.486,1.4823,1.4787,1.4751,1.4715,1.4679,1.4644,1.4608,1.4573,1.4538,1.4503,1.4469,1.4434,1.44,1.4366,1.4332,1.4298,1.4264,1.4231,1.4197,1.4164,1.4131,1.4098,1.4065,1.4033,1.4,1.3968,1.3936,1.3904,1.3872,1.384,1.3809,1.3777,1.3746,1.3715,1.3684,1.3653,1.3622,1.3592,1.3561,1.3531,1.3501,1.3471,1.3441,1.3411,1.3382,1.3352,1.3323,1.3294,1.3264,1.3235,1.3207,1.3178,1.3149,1.3121,1.3092,1.3064,1.3036,1.3008,1.298,1.2952,1.2925,1.2897,1.287,1.2843,1.2735,1.2058,1.1715,1.142,1.1364,1.1324,1.1282,1.1237,1.1204,1.1205,1.1207,1.1239,1.1213,1.1187,1.1161,1.1136,1.1111,1.1085,1.106,1.1036,1.1011,1.0986,1.0962,1.0937,1.0913,1.0889,1.0865,1.0841,1.0817,1.0793,1.0769,1.0746,1.0722,1.0699,1.0676
0.1303,0.1308,0.1313,0.1316,0.1319,0.1323,0.1326,0.1329,0.1333,0.1336,0.1339,0.1343,0.1346,0.135,0.1353,0.1357,0.136,0.1364,0.1367,0.1371,0.1374,0.1378,0.1382,0.1385,0.1389,0.1393,0.1396,0.14,0.1404,0.1408,0.1411,0.1415,0.1419,0.1423,0.1427,0.1431,0.1434,0.1438,0.1442,0.1446,0.145,0.1454,0.1458,0.1462,0.1466,0.147,0.1474,0.1478,0.1482,0.1487,0.1491,0.1495,0.1499,0.1503,0.1512,0.1522,0.1529,0.1521,0.1515,0.1509,0.1503,0.1495,0.1487,0.1479,0.1471,0.1463,0.1455,0.1448,0.144,0.1432,0.1425,0.1418,0.141,0.1403,0.1396,0.1389,0.1382,0.1375,0.1368,0.1156,0.1159,0.1162,0.1165,0.1168,0.1171,0.1174,0.1178,0.1185,0.1192,0.1199,0.1206,0.1213,0.1221,0.1228,0.1236,0.1244,0.1251,0.1259,0.1267,0.1275,0.1283,0.0592,0.0584,0.0583,0.0583,0.0582,0.0581,0.058,0.058,0.0579,0.0579,0.0579,0.0579,0.0579,0.058,0.058,0.058,0.058,0.058,0.058,0.058,0.058,0.058,0.058,0.058,0.058,0.058,0.058,0.058,0.058,0.058,0.058,0.058,0.058,0.058,0.058,0.0581,0.0581,0.0581,0.0581,0.0581,0.0581,0.0581,0.0581,0.0581,0.0581,0.0581,0.0581,0.0581,0.0582,0.0582,0.0583,0.0584,0.0586,0.0594,1.502,1.4982,1.4945,1.4908,1.4872,1.4835,1.4799,1.4763,1.4727,1.4691,1.4655,1.462,1.4585,1.455,1.4515,1.448,1.4446,1.4411,1.4377,1.4343,1.4309,1.4275,1.4242,1.4208,1.4175,1.4142,1.4109,1.4076,1.4044,1.4011,1.3979,1.3947,1.3915,1.3883,1.3851,1.3819,1.3788,1.3757,1.3726,1.3694,1.3664,1.3633,1.3602,1.3572,1.3541,1.3511,1.3481,1.3451,1.3421,1.3392,1.3362,1.3333,1.3303,1.3274,1.3245,1.3216,1.3188,1.3159,1.313,1.3102,1.3074,1.3046,1.3018,1.299,1.2962,1.2934,1.2719,1.1943,1.1634,1.1386,1.1345,1.1305,1.1264,1.1219,1.1193,1.1194,1.1196,1.1225,1.1199,1.1173,1.1147,1.1122,1.1097,1.1072,1.1047,1.1022,1.0997,1.0973,1.0948,1.0924,1.09,1.0876,1.0852,1.0828,1.0804,1.078,1.0756,1.0733,1.0709,1.0686,1.0663
0.1306,0.1312,0.1317,0.1322,0.1325,0.1328,0.1332,0.1335,0.1339,0.1342,0.1345,0.1349,0.1352,0.1356,0.1359,0.1363,0.1366,0.137,0.1374,0.1377,0.1381,0.1384,0.1388,0.1392,0.1395,0.1399,0.1403,0.1407,0.141,0.1414,0.1418,0.1422,0.1426,0.143,0.1433,0.1437,0.1441,0.1445,0.1449,0.1453,0.1457,0.1461,0.1465,0.1469,0.1473,0.1477,0.1481,0.1486,0.149,0.1494,0.1498,0.1502,0.1507,0.1515,0.1526,0.1536,0.1545,0.1537,0.1529,0.1523,0.1518,0.1512,0.1506,0.1498,0.149,0.1482,0.1474,0.1466,0.1458,0.145,0.1443,0.1435,0.1428,0.142,0.1413,0.1406,0.1399,0.1392,0.1385,0.1378,0.1165,0.1168,0.1171,0.1175,0.1178,0.1181,0.1184,0.1189,0.1196,0.1204,0.1211,0.1218,0.1226,0.1233,0.1241,0.1248,0.1256,0.1264,0.1272,0.128,0.1289,0.1297,0.0592,0.0589,0.0588,0.0588,0.0587,0.0586,0.0585,0.0585,0.0585,0.0585,0.0585,0.0585,0.0585,0.0585,0.0585,0.0585,0.0585,0.0585,0.0585,0.0586,0.0586,0.0586,0.0586,0.0586,0.0586,0.0586,0.0586,0.0586,0.0586,0.0586,0.0586,0.0586,0.0586,0.0586,0.0586,0.0586,0.0586,0.0586,0.0586,0.0586,0.0586,0.0586,0.0586,0.0586,0.0586,0.0586,0.0587,0.0588,0.0588,0.0589,0.059,0.0594,1.5183,1.5145,1.5107,1.507,1.5032,1.4995,1.4958,1.4921,1.4884,1.4848,1.4811,1.4775,1.4739,1.4703,1.4667,1.4632,1.4597,1.4562,1.4527,1.4492,1.4457,1.4423,1.4389,1.4354,1.4321,1.4287,1.4253,1.422,1.4186,1.4153,1.412,1.4087,1.4055,1.4022,1.399,1.3958,1.3925,1.3894,1.3862,1.383,1.3799,1.3767,1.3736,1.3705,1.3674,1.3643,1.3612,1.3582,1.3552,1.3521,1.3491,1.3461,1.3431,1.3402,1.3372,1.3343,1.3313,1.3284,1.3255,1.3226,1.3197,1.3169,1.314,1.3112,1.3083,1.3055,1.2976,1.2448,1.1858,1.1545,1.1367,1.1327,1.1287,1.1245,1.1201,1.1182,1.1183,1.1185,1.1211,1.1185,1.1159,1.1134,1.1108,1.1083,1.1058,1.1033,1.1009,1.0984,1.096,1.0935,1.0911,1.0887,1.0863,1.0839,1.0815,1.0791,1.0767,1.0744,1.072,1.0697,1.0674,1.065
0.1309,0.1315,0.132,0.1326,0.1331,0.1334,0.1338,0.1341,0.1345,0.1348,0.1351,0.1355,0.1358,0.1362,0.1365,0.1369,0.1373,0.1376,0.138,0.1383,0.1387,0.1391,0.1394,0.1398,0.1402,0.1406,0.1409,0.1413,0.1417,0.1421,0.1425,0.1429,0.1432,0.1436,0.144,0.1444,0.1448,0.1452,0.1456,0.146,0.1464,0.1468,0.1472,0.1476,0.148,0.1485,0.1489,0.1493,0.1497,0.1501,0.1506,0.151,0.1518,0.1529,0.154,0.155,0.1561,0.1554,0.1545,0.1538,0.1532,0.1526,0.152,0.1515,0.1509,0.1501,0.1493,0.1485,0.1477,0.1469,0.1461,0.1453,0.1446,0.1438,0.1431,0.1423,0.1416,0.1409,0.1401,0.1394,0.1387,0.1175,0.1178,0.1181,0.1184,0.1188,0.1191,0.1194,0.1201,0.1208,0.1215,0.1223,0.123,0.1238,0.1246,0.1253,0.1261,0.1269,0.1277,0.1286,0.1294,0.1302,0.1311,0.0595,0.0594,0.0594,0.0593,0.0592,0.0591,0.0591,0.059,0.059,0.0591,0.0591,0.0591,0.0591,0.0591,0.0591,0.0591,0.0591,0.0591,0.0591,0.0591,0.0591,0.0591,0.0591,0.0591,0.0591,0.0591,0.0591,0.0591,0.0591,0.0592,0.0592,0.0592,0.0592,0.0592,0.0592,0.0592,0.0592,0.0592,0.0592,0.0592,0.0592,0.0592,0.0592,0.0592,0.0592,0.0593,0.0593,0.0594,0.0595,0.0595,1.535,1.5311,1.5273,1.5234,1.5196,1.5158,1.512,1.5082,1.5045,1.5007,1.497,1.4933,1.4896,1.486,1.4823,1.4787,1.4751,1.4715,1.4679,1.4644,1.4609,1.4573,1.4538,1.4504,1.4469,1.4435,1.44,1.4366,1.4332,1.4298,1.4265,1.4231,1.4198,1.4164,1.4131,1.4099,1.4066,1.4033,1.4001,1.3968,1.3936,1.3904,1.3872,1.3841,1.3809,1.3778,1.3747,1.3715,1.3684,1.3654,1.3623,1.3592,1.3562,1.3532,1.3501,1.3471,1.3441,1.3412,1.3382,1.3353,1.3323,1.3294,1.3265,1.3236,1.3207,1.3178,1.315,1.3016,1.2195,1.1756,1.1427,1.1349,1.1308,1.1268,1.1227,1.1182,1.1171,1.1172,1.1174,1.1197,1.1171,1.1145,1.112,1.1095,1.107,1.1045,1.102,1.0995,1.0971,1.0946,1.0922,1.0898,1.0874,1.0849,1.0826,1.0802,1.0778,1.0754,1.0731,1.0707,1.0684,1.0661,1.0638
0.1312,0.1318,0.1324,0.1329,0.1335,0.134,0.1344,0.1347,0.1351,0.1354,0.1358,0.1361,0.1365,0.1368,0.1372,0.1375,0.1379,0.1383,0.1386,0.139,0.1394,0.1397,0.1401,0.1405,0.1408,0.1412,0.1416,0.142,0.1424,0.1428,0.1431,0.1435,0.1439,0.1443,0.1447,0.1451,0.1455,0.1459,0.1463,0.1467,0.1471,0.1475,0.1479,0.1484,0.1488,0.1492,0.1496,0.15,0.1505,0.1509,0.1513,0.1522,0.1532,0.1543,0.1554,0.1565,0.1576,0.1571,0.1562,0.1554,0.1547,0.1541,0.1535,0.1529,0.1523,0.1518,0.1512,0.1504,0.1496,0.1488,0.148,0.1472,0.1464,0.1456,0.1449,0.1441,0.1434,0.1426,0.1419,0.1411,0.1404,0.1397,0.1185,0.1188,0.1191,0.1194,0.1198,0.1201,0.1205,0.1213,0.122,0.1228,0.1235,0.1243,0.1251,0.1258,0.1266,0.1274,0.1282,0.1291,0.1299,0.1308,0.1316,0.1325,0.0602,0.06,0.0599,0.0598,0.0597,0.0596,0.0596,0.0596,0.0596,0.0597,0.0597,0.0597,0.0597,0.0597,0.0597,0.0597,0.0597,0.0597,0.0597,0.0597,0.0597,0.0597,0.0597,0.0597,0.0597,0.0597,0.0597,0.0597,0.0597,0.0597,0.0597,0.0597,0.0597,0.0597,0.0597,0.0597,0.0598,0.0598,0.0598,0.0598,0.0598,0.0598,0.0598,0.0598,0.0599,0.0599,0.06,0.0601,1.5521,1.5481,1.5442,1.5402,1.5363,1.5324,1.5286,1.5247,1.5209,1.517,1.5132,1.5095,1.5057,1.502,1.4982,1.4945,1.4908,1.4872,1.4835,1.4799,1.4763,1.4727,1.4691,1.4656,1.462,1.4585,1.455,1.4515,1.4481,1.4446,1.4412,1.4377,1.4343,1.431,1.4276,1.4242,1.4209,1.4176,1.4142,1.411,1.4077,1.4044,1.4012,1.3979,1.3947,1.3915,1.3883,1.3851,1.382,1.3788,1.3757,1.3726,1.3695,1.3664,1.3633,1.3603,1.3572,1.3542,1.3512,1.3482,1.3452,1.3422,1.3392,1.3363,1.3333,1.3304,1.3275,1.3227,1.2872,1.1975,1.1624,1.1391,1.133,1.129,1.125,1.1209,1.1164,1.116,1.1161,1.1163,1.1183,1.1157,1.1131,1.1106,1.1081,1.1056,1.1031,1.1007,1.0982,1.0957,1.0933,1.0909,1.0885,1.086,1.0836,1.0813,1.0789,1.0765,1.0742,1.0718,1.0695,1.0672,1.0648,1.0625
0.1315,0.1321,0.1327,0.1333,0.1338,0.1344,0.135,0.1353,0.1357,0.136,0.1364,0.1367,0.1371,0.1374,0.1378,0.1382,0.1385,0.1389,0.1393,0.1396,0.14,0.1404,0.1407,0.1411,0.1415,0.1419,0.1423,0.1427,0.143,0.1434,0.1438,0.1442,0.1446,0.145,0.1454,0.1458,0.1462,0.1466,0.147,0.1474,0.1478,0.1483,0.1487,0.1491,0.1495,0.1499,0.1504,0.1508,0.1512,0.1516,0.1525,0.1536,0.1547,0.1557,0.1568,0.158,0.1591,0.1588,0.158,0.1571,0.1563,0.1556,0.155,0.1544,0.1538,0.1532,0.1527,0.1521,0.1515,0.1508,0.1499,0.1491,0.1483,0.1475,0.1467,0.1459,0.1452,0.1444,0.1436,0.1429,0.1422,0.1414,0.1191,0.1194,0.1198,0.1201,0.1204,0.1208,0.1211,0.1217,0.1225,0.1232,0.124,0.1248,0.1255,0.1263,0.1271,0.1279,0.1288,0.1296,0.1304,0.1313,0.1322,0.133,0.1339,0.0609,0.0606,0.0604,0.0603,0.0602,0.0602,0.0602,0.0602,0.0602,0.0602,0.0602,0.0602,0.0603,0.0603,0.0603,0.0603,0.0603,0.0603,0.0603,0.0603,0.0603,0.0603,0.0603,0.0603,0.0603,0.0603,0.0603,0.0603,0.0603,0.0603,0.0603,0.0603,0.0603,0.0603,0.0603,0.0603,0.0603,0.0603,0.0603,0.0604,0.0604,0.0604,0.0604,0.0605,0.0606,0.0608,1.5695,1.5654,1.5614,1.5574,1.5534,1.5494,1.5455,1.5415,1.5376,1.5337,1.5298,1.526,1.5221,1.5183,1.5145,1.5107,1.507,1.5032,1.4995,1.4958,1.4921,1.4884,1.4848,1.4811,1.4775,1.4739,1.4703,1.4668,1.4632,1.4597,1.4562,1.4527,1.4492,1.4458,1.4423,1.4389,1.4355,1.4321,1.4287,1.4254,1.422,1.4187,1.4154,1.4121,1.4088,1.4055,1.4023,1.399,1.3958,1.3926,1.3894,1.3862,1.3831,1.3799,1.3768,1.3736,1.3705,1.3674,1.3644,1.3613,1.3582,1.3552,1.3522,1.3492,1.3462,1.3432,1.3402,1.3372,1.3269,1.2594,1.1838,1.1495,1.1352,1.1311,1.1271,1.1231,1.1191,1.1148,1.1149,1.1151,1.1152,1.1169,1.1143,1.1118,1.1092,1.1068,1.1043,1.1018,1.0993,1.0969,1.0944,1.092,1.0896,1.0871,1.0847,1.0823,1.08,1.0776,1.0752,1.0729,1.0705,1.0682,1.0659,1.0636,1.0613
0.1318,0.1324,0.133,0.1336,0.1342,0.1347,0.1353,0.1359,0.1363,0.1366,0.137,0.1373,0.1377,0.1381,0.1384,0.1388,0.1392,0.1395,0.1399,0.1403,0.1407,0.141,0.1414,0.1418,0.1422,0.1426,0.1429,0.1433,0.1437,0.1441,0.1445,0.1449,0.1453,0.1457,0.1461,0.1465,0.1469,0.1473,0.1477,0.1482,0.1486,0.149,0.1494,0.1498,0.1503,0.1507,0.1511,0.1515,0.152,0.1529,0.1539,0.155,0.1561,0.1572,0.1583,0.1595,0.1606,0.1606,0.1597,0.1589,0.158,0.1572,0.1566,0.156,0.1553,0.1547,0.1541,0.1535,0.153,0.1524,0.1518,0.1511,0.1502,0.1494,0.1486,0.1478,0.147,0.1462,0.1455,0.1447,0.1439,0.1432,0.1424,0.1201,0.1205,0.1208,0.1211,0.1215,0.1218,0.1222,0.123,0.1237,0.1245,0.1253,0.126,0.1268,0.1276,0.1285,0.1293,0.1301,0.131,0.1318,0.1327,0.1336,0.1345,0.1354,0.0616,0.0613,0.061,0.0609,0.0608,0.0608,0.0608,0.0608,0.0608,0.0608,0.0608,0.0608,0.0609,0.0609,0.0609,0.0609,0.0609,0.0609,0.0609,0.0609,0.0609,0.0609,0.0609,0.0609,0.0609,0.0609,0.0609,0.0609,0.0609,0.0609,0.0609,0.0609,0.0609,0.0609,0.0609,0.0609,0.0609,0.0609,0.0609,0.0609,0.061,0.061,0.0611,0.0615,1.5873,1.5832,1.5791,1.575,1.5709,1.5669,1.5628,1.5588,1.5548,1.5508,1.5468,1.5428,1.5389,1.535,1.5311,1.5273,1.5234,1.5196,1.5158,1.512,1.5082,1.5045,1.5007,1.497,1.4933,1.4897,1.486,1.4824,1.4787,1.4751,1.4716,1.468,1.4644,1.4609,1.4574,1.4539,1.4504,1.4469,1.4435,1.4401,1.4367,1.4333,1.4299,1.4265,1.4232,1.4198,1.4165,1.4132,1.4099,1.4066,1.4034,1.4001,1.3969,1.3937,1.3905,1.3873,1.3841,1.381,1.3778,1.3747,1.3716,1.3685,1.3654,1.3623,1.3593,1.3562,1.3532,1.3502,1.3472,1.3313,1.2335,1.1704,1.1427,1.1333,1.1293,1.1253,1.1213,1.1172,1.1137,1.1138,1.114,1.1141,1.1155,1.1129,1.1104,1.1079,1.1054,1.1029,1.1004,1.098,1.0955,1.0931,1.0907,1.0882,1.0858,1.0834,1.0811,1.0787,1.0763,1.074,1.0716,1.0693,1.067,1.0646,1.0623,1.06
0.1322,0.1327,0.1333,0.1339,0.1345,0.1351,0.1357,0.1363,0.1369,0.1373,0.1376,0.138,0.1383,0.1387,0.1391,0.1394,0.1398,0.1402,0.1406,0.1409,0.1413,0.1417,0.1421,0.1425,0.1428,0.1432,0.1436,0.144,0.1444,0.1448,0.1452,0.1456,0.146,0.1464,0.1468,0.1472,0.1476,0.1481,0.1485,0.1489,0.1493,0.1497,0.1502,0.1506,0.151,0.1514,0.1519,0.1523,0.1532,0.1543,0.1554,0.1565,0.1576,0.1587,0.1598,0.161,0.1622,0.1625,0.1616,0.1607,0.1598,0.1589,0.1581,0.1575,0.1569,0.1563,0.1557,0.155,0.1544,0.1538,0.1533,0.1527,0.1521,0.1514,0.1506,0.1497,0.1489,0.1481,0.1473,0.1465,0.1458,0.145,0.1442,0.1435,0.1212,0.1215,0.1218,0.1222,0.1225,0.1229,0.1234,0.1242,0.125,0.1258,0.1265,0.1273,0.1282,0.129,0.1298,0.1307,0.1315,0.1324,0.1333,0.1342,0.1351,0.136,0.1369,0.1379,0.0621,0.0618,0.0615,0.0615,0.0615,0.0615,0.0614,0.0614,0.0614,0.0615,0.0615,0.0615,0.0615,0.0615,0.0615,0.0615,0.0615,0.0615,0.0615,0.0615,0.0615,0.0615,0.0615,0.0615,0.0615,0.0615,0.0615,0.0615,0.0615,0.0615,0.0615,0.0615,0.0615,0.0615,0.0615,0.0615,0.0616,0.0616,0.0616,0.0617,1.6098,1.6056,1.6014,1.5971,1.593,1.5888,1.5846,1.5805,1.5764,1.5723,1.5682,1.5641,1.5601,1.5561,1.5521,1.5481,1.5442,1.5402,1.5363,1.5324,1.5285,1.5247,1.5208,1.517,1.5132,1.5095,1.5057,1.502,1.4983,1.4946,1.4909,1.4872,1.4836,1.48,1.4763,1.4728,1.4692,1.4656,1.4621,1.4586,1.4551,1.4516,1.4481,1.4447,1.4412,1.4378,1.4344,1.431,1.4276,1.4243,1.4209,1.4176,1.4143,1.411,1.4077,1.4045,1.4012,1.398,1.3948,1.3916,1.3884,1.3852,1.382,1.3789,1.3757,1.3726,1.3695,1.3664,1.3634,1.3603,1.3531,1.3028,1.1954,1.1573,1.1385,1.1314,1.1274,1.1234,1.1195,1.1154,1.1126,1.1128,1.1129,1.1131,1.1141,1.1116,1.109,1.1065,1.104,1.1016,1.0991,1.0966,1.0942,1.0918,1.0893,1.0869,1.0845,1.0821,1.0798,1.0774,1.075,1.0727,1.0703,1.068,1.0657,1.0634,1.0611,1.0588
0.1325,0.1331,0.1336,0.1342,0.1348,0.1354,0.136,0.1366,0.1372,0.1378,0.1382,0.1386,0.139,0.1393,0.1397,0.1401,0.1405,0.1408,0.1412,0.1416,0.142,0.1424,0.1427,0.1431,0.1435,0.1439,0.1443,0.1447,0.1451,0.1455,0.1459,0.1463,0.1467,0.1471,0.1476,0.148,0.1484,0.1488,0.1492,0.1496,0.1501,0.1505,0.1509,0.1513,0.1518,0.1522,0.1526,0.1536,0.1546,0.1557,0.1568,0.1579,0.1591,0.1602,0.1614,0.1626,0.1638,0.1643,0.1634,0.1625,0.1616,0.1607,0.1598,0.1591,0.1585,0.1578,0.1572,0.1566,0.156,0.1554,0.1548,0.1542,0.1536,0.153,0.1524,0.1517,0.1509,0.1501,0.1492,0.1484,0.1476,0.1468,0.1461,0.1453,0.1445,0.1222,0.1225,0.1229,0.1232,0.1236,0.1239,0.1247,0.1255,0.1263,0.1271,0.1279,0.1287,0.1295,0.1304,0.1312,0.1321,0.1329,0.1338,0.1347,0.1356,0.1366,0.1375,0.1385,0.1394,0.1404,0.0626,0.0624,0.0624,0.0624,0.0624,0.0624,0.0624,0.0624,0.0624,0.0624,0.0623,0.0623,0.0623,0.0623,0.0623,0.0623,0.0623,0.0623,0.0623,0.0623,0.0622,0.0622,0.0622,0.0622,0.0622,0.0622,0.0622,0.0622,0.0622,0.0622,0.0622,0.0622,0.0622,0.0622,0.0622,0.0622,1.633,1.6286,1.6243,1.6199,1.6156,1.6114,1.6071,1.6029,1.5986,1.5944,1.5902,1.586,1.5819,1.5778,1.5736,1.5695,1.5655,1.5614,1.5574,1.5534,1.5494,1.5455,1.5415,1.5376,1.5337,1.5298,1.526,1.5221,1.5183,1.5145,1.5107,1.507,1.5032,1.4995,1.4958,1.4921,1.4885,1.4848,1.4812,1.4776,1.474,1.4704,1.4668,1.4633,1.4598,1.4563,1.4528,1.4493,1.4458,1.4424,1.439,1.4355,1.4322,1.4288,1.4254,1.4221,1.4187,1.4154,1.4121,1.4088,1.4056,1.4023,1.3991,1.3958,1.3926,1.3894,1.3863,1.3831,1.3799,1.3768,1.3737,1.3706,1.3575,1.2743,1.1786,1.1468,1.1355,1.1296,1.1256,1.1216,1.1177,1.1137,1.1115,1.1117,1.1118,1.112,1.1127,1.1102,1.1077,1.1052,1.1027,1.1002,1.0978,1.0953,1.0929,1.0904,1.088,1.0856,1.0832,1.0808,1.0785,1.0761,1.0738,1.0714,1.0691,1.0668,1.0644,1.0621,1.0599,1.0576
0.1328,0.1334,0.134,0.1346,0.1351,0.1357,0.1363,0.137,0.1376,0.1382,0.1388,0.1392,0.1396,0.14,0.1404,0.1407,0.1411,0.1415,0.1419,0.1423,0.1426,0.143,0.1434,0.1438,0.1442,0.1446,0.145,0.1454,0.1458,0.1462,0.1466,0.147,0.1475,0.1479,0.1483,0.1487,0.1491,0.1495,0.15,0.1504,0.1508,0.1512,0.1517,0.1521,0.1525,0.153,0.1539,0.155,0.1561,0.1572,0.1583,0.1594,0.1606,0.1618,0.163,0.1642,0.1654,0.1663,0.1653,0.1644,0.1634,0.1625,0.1616,0.1607,0.1601,0.1594,0.1588,0.1582,0.1575,0.1569,0.1563,0.1557,0.1551,0.1545,0.1539,0.1533,0.1527,0.152,0.1512,0.1504,0.1496,0.1487,0.1479,0.1471,0.1464,0.1229,0.1233,0.1236,0.124,0.1243,0.1247,0.1252,0.126,0.1268,0.1276,0.1284,0.1292,0.13,0.1309,0.1318,0.1326,0.1335,0.1344,0.1353,0.1362,0.1372,0.1381,0.1391,0.14,0.141,0.142,0.143,0.1441,0.1449,0.1455,0.1462,0.1469,0.1476,0.1482,0.1489,0.1496,0.1504,0.1511,0.1518,0.1525,0.1533,0.154,0.1547,0.1555,0.1563,0.157,0.1578,0.1586,0.1594,0.1603,0.1616,0.1633,0.1661,0.169,0.172,0.1751,0.1783,0.1816,1.6613,1.6568,1.6523,1.6478,1.6434,1.6389,1.6345,1.6302,1.6258,1.6215,1.6171,1.6128,1.6085,1.6043,1.6,1.5958,1.5916,1.5874,1.5833,1.5791,1.575,1.5709,1.5668,1.5628,1.5588,1.5548,1.5508,1.5468,1.5428,1.5389,1.535,1.5311,1.5273,1.5234,1.5196,1.5158,1.512,1.5083,1.5045,1.5008,1.4971,1.4934,1.4897,1.4861,1.4824,1.4788,1.4752,1.4716,1.468,1.4645,1.461,1.4574,1.4539,1.4505,1.447,1.4436,1.4401,1.4367,1.4333,1.4299,1.4266,1.4232,1.4199,1.4165,1.4132,1.4099,1.4067,1.4034,1.4002,1.3969,1.3937,1.3905,1.3873,1.3842,1.3805,1.3493,1.2478,1.1653,1.1426,1.132,1.1277,1.1238,1.1198,1.1159,1.1119,1.1105,1.1106,1.1108,1.1109,1.1114,1.1088,1.1063,1.1038,1.1013,1.0989,1.0964,1.094,1.0916,1.0891,1.0867,1.0843,1.0819,1.0795,1.0772,1.0748,1.0725,1.0702,1.0678,1.0655,1.0632,1.0609,1.0586,1.0564
0.1331,0.1337,0.1343,0.1349,0.1355,0.1361,0.1367,0.1373,0.1379,0.1385,0.1392,0.1398,0.1403,0.1406,0.141,0.1414,0.1418,0.1422,0.1426,0.1429,0.1433,0.1437,0.1441,0.1445,0.1449,0.1453,0.1457,0.1461,0.1465,0.1469,0.1473,0.1478,0.1482,0.1486,0.149,0.1494,0.1498,0.1503,0.1507,0.1511,0.1516,0.152,0.1524,0.1529,0.1533,0.1542,0.1553,0.1564,0.1575,0.1587,0.1598,0.161,0.1622,0.1633,0.1646,0.1658,0.167,0.1682,0.1673,0.1663,0.1653,0.1644,0.1635,0.1625,0.1617,0.161,0.1604,0.1597,0.1591,0.1585,0.1578,0.1572,0.1566,0.156,0.1554,0.1548,0.1542,0.1536,0.153,0.1524,0.1515,0.1507,0.1499,0.1491,0.1483,0.1475,0.124,0.1243,0.1247,0.1251,0.1254,0.1258,0.1265,0.1273,0.1281,0.1289,0.1297,0.1306,0.1314,0.1323,0.1332,0.1341,0.135,0.1359,0.1368,0.1378,0.1387,0.1397,0.1406,0.1416,0.1426,0.1437,0.1447,0.1458,0.1464,0.1471,0.1478,0.1485,0.1492,0.1499,0.1506,0.1513,0.152,0.1528,0.1535,0.1543,0.155,0.1558,0.1565,0.1573,0.1581,0.1589,0.1597,0.1606,0.1619,0.1632,0.1646,0.1667,0.1696,0.1726,0.1757,0.1789,0.1823,1.6767,1.6721,1.6675,1.6629,1.6584,1.6539,1.6494,1.645,1.6405,1.6361,1.6317,1.6273,1.6229,1.6186,1.6143,1.61,1.6057,1.6014,1.5972,1.593,1.5888,1.5846,1.5805,1.5764,1.5723,1.5682,1.5641,1.5601,1.5561,1.5521,1.5481,1.5442,1.5402,1.5363,1.5324,1.5286,1.5247,1.5209,1.5171,1.5133,1.5095,1.5058,1.502,1.4983,1.4946,1.4909,1.4873,1.4836,1.48,1.4764,1.4728,1.4692,1.4657,1.4621,1.4586,1.4551,1.4516,1.4482,1.4447,1.4413,1.4378,1.4344,1.4311,1.4277,1.4243,1.421,1.4177,1.4143,1.411,1.4078,1.4045,1.4013,1.398,1.3948,1.3849,1.3188,1.2227,1.1523,1.1384,1.1299,1.1259,1.1219,1.118,1.1141,1.1101,1.1094,1.1095,1.1097,1.1098,1.11,1.1075,1.105,1.1025,1.1,1.0976,1.0951,1.0927,1.0902,1.0878,1.0854,1.083,1.0806,1.0783,1.0759,1.0736,1.0712,1.0689,1.0666,1.0643,1.062,1.0597,1.0574,1.0551
0.1334,0.134,0.1346,0.1352,0.1358,0.1364,0.137,0.1376,0.1383,0.1389,0.1395,0.1402,0.1408,0.1413,0.1417,0.1421,0.1425,0.1428,0.1432,0.1436,0.144,0.1444,0.1448,0.1452,0.1456,0.146,0.1464,0.1468,0.1472,0.1477,0.1481,0.1485,0.1489,0.1493,0.1497,0.1502,0.1506,0.151,0.1515,0.1519,0.1523,0.1528,0.1532,0.1536,0.1546,0.1557,0.1568,0.1579,0.159,0.1602,0.1614,0.1625,0.1637,0.165,0.1662,0.1675,0.1687,0.17,0.1692,0.1683,0.1673,0.1663,0.1654,0.1644,0.1635,0.1627,0.162,0.1614,0.1607,0.1601,0.1594,0.1588,0.1582,0.1575,0.1569,0.1563,0.1557,0.1551,0.1545,0.1539,0.1533,0.1527,0.1519,0.151,0.1502,0.1494,0.1486,0.1251,0.1254,0.1258,0.1262,0.1265,0.127,0.1278,0.1286,0.1294,0.1303,0.1311,0.132,0.1329,0.1337,0.1346,0.1355,0.1365,0.1374,0.1384,0.1393,0.1403,0.1413,0.1423,0.1433,0.1443,0.1454,0.1464,0.1473,0.148,0.1487,0.1494,0.1501,0.1508,0.1516,0.1523,0.153,0.1538,0.1545,0.1553,0.156,0.1568,0.1576,0.1584,0.1592,0.16,0.1609,0.1622,0.1635,0.1649,0.1663,0.1677,0.1702,0.1732,0.1763,0.1796,0.183,1.6924,1.6877,1.683,1.6783,1.6737,1.6691,1.6646,1.66,1.6555,1.651,1.6465,1.642,1.6376,1.6332,1.6288,1.6244,1.62,1.6157,1.6114,1.6071,1.6029,1.5986,1.5944,1.5902,1.586,1.5819,1.5777,1.5736,1.5695,1.5655,1.5614,1.5574,1.5534,1.5494,1.5455,1.5416,1.5376,1.5338,1.5299,1.526,1.5222,1.5184,1.5146,1.5108,1.507,1.5033,1.4996,1.4959,1.4922,1.4885,1.4849,1.4812,1.4776,1.474,1.4704,1.4669,1.4633,1.4598,1.4563,1.4528,1.4493,1.4459,1.4424,1.439,1.4356,1.4322,1.4288,1.4255,1.4221,1.4188,1.4155,1.4122,1.4089,1.4056,1.3897,1.2897,1.1733,1.1467,1.1349,1.128,1.1241,1.1201,1.1162,1.1123,1.1083,1.1083,1.1085,1.1086,1.1088,1.1086,1.1061,1.1036,1.1011,1.0987,1.0962,1.0938,1.0913,1.0889,1.0865,1.0841,1.0817,1.0794,1.077,1.0746,1.0723,1.07,1.0677,1.0653,1.063,1.0607,1.0585,1.0562,1.0539
0.1338,0.1344,0.1349,0.1355,0.1361,0.1368,0.1374,0.138,0.1386,0.1392,0.1399,0.1405,0.1412,0.1418,0.1424,0.1427,0.1431,0.1435,0.1439,0.1443,0.1447,0.1451,0.1455,0.1459,0.1463,0.1467,0.1471,0.1475,0.148,0.1484,0.1488,0.1492,0.1496,0.1501,0.1505,0.1509,0.1514,0.1518,0.1522,0.1527,0.1531,0.1535,0.154,0.1549,0.156,0.1571,0.1583,0.1594,0.1606,0.1617,0.1629,0.1641,0.1654,0.1666,0.1679,0.1691,0.1705,0.1718,0.1713,0.1703,0.1693,0.1683,0.1673,0.1663,0.1654,0.1645,0.1637,0.163,0.1624,0.1617,0.1611,0.1604,0.1598,0.1591,0.1585,0.1579,0.1572,0.1566,0.156,0.1554,0.1548,0.1542,0.1536,0.153,0.1522,0.1513,0.1505,0.1497,0.1262,0.1266,0.1269,0.1273,0.1277,0.1283,0.1291,0.13,0.1308,0.1317,0.1325,0.1334,0.1343,0.1352,0.1361,0.1371,0.138,0.139,0.1399,0.1409,0.1419,0.1429,0.1439,0.145,0.146,0.1471,0.1482,0.149,0.1497,0.1504,0.1511,0.1518,0.1525,0.1533,0.154,0.1548,0.1555,0.1563,0.1571,0.1578,0.1586,0.1594,0.1602,0.1612,0.1625,0.1638,0.1652,0.1666,0.168,0.1694,0.1709,0.1738,0.177,0.1803,0.1837,0.1872,1.7035,1.6988,1.694,1.6893,1.6846,1.68,1.6754,1.6708,1.6662,1.6616,1.657,1.6525,1.648,1.6435,1.6391,1.6346,1.6302,1.6258,1.6215,1.6171,1.6128,1.6085,1.6043,1.6,1.5958,1.5916,1.5874,1.5833,1.5791,1.575,1.5709,1.5668,1.5628,1.5588,1.5548,1.5508,1.5468,1.5429,1.539,1.5351,1.5312,1.5273,1.5235,1.5196,1.5158,1.5121,1.5083,1.5045,1.5008,1.4971,1.4934,1.4898,1.4861,1.4825,1.4788,1.4752,1.4717,1.4681,1.4645,1.461,1.4575,1.454,1.4505,1.447,1.4436,1.4402,1.4368,1.4334,1.43,1.4266,1.4232,1.4199,1.4136,1.3665,1.2625,1.1601,1.1425,1.1319,1.1262,1.1222,1.1183,1.1144,1.1105,1.1071,1.1073,1.1074,1.1075,1.1077,1.1072,1.1047,1.1023,1.0998,1.0973,1.0949,1.0925,1.09,1.0876,1.0852,1.0828,1.0805,1.0781,1.0757,1.0734,1.0711,1.0687,1.0664,1.0641,1.0618,1.0595,1.0572,1.055,1.0527
0.1341,0.1347,0.1353,0.1359,0.1365,0.1371,0.1377,0.1383,0.139,0.1396,0.1402,0.1409,0.1415,0.1422,0.1428,0.1434,0.1438,0.1442,0.1446,0.145,0.1454,0.1458,0.1462,0.1466,0.147,0.1474,0.1479,0.1483,0.1487,0.1491,0.1495,0.15,0.1504,0.1508,0.1512,0.1517,0.1521,0.1526,0.153,0.1534,0.1539,0.1543,0.1553,0.1564,0.1575,0.1586,0.1598,0.1609,0.1621,0.1633,0.1645,0.1658,0.167,0.1683,0.1696,0.1709,0.1722,0.1736,0.1734,0.1723,0.1713,0.1703,0.1693,0.1683,0.1673,0.1664,0.1654,0.1647,0.1641,0.1634,0.1627,0.1621,0.1614,0.1607,0.1601,0.1595,0.1588,0.1582,0.1576,0.1569,0.1563,0.1557,0.1551,0.1545,0.1539,0.1533,0.1525,0.1517,0.1269,0.1273,0.1277,0.1281,0.1284,0.1288,0.1296,0.1305,0.1313,0.1322,0.1331,0.134,0.1349,0.1358,0.1367,0.1377,0.1386,0.1396,0.1405,0.1415,0.1425,0.1436,0.1446,0.1456,0.1467,0.1478,0.1489,0.1499,0.1506,0.1513,0.1521,0.1528,0.1535,0.1543,0.155,0.1558,0.1566,0.1573,0.1581,0.1589,0.1597,0.1605,0.1615,0.1628,0.1641,0.1655,0.1669,0.1683,0.1697,0.1712,0.1727,0.1745,0.1776,0.1809,0.1844,0.1879,1.7197,1.7148,1.71,1.7052,1.7005,1.6957,1.691,1.6863,1.6816,1.677,1.6723,1.6677,1.6631,1.6585,1.654,1.6495,1.645,1.6405,1.6361,1.6317,1.6273,1.6229,1.6186,1.6143,1.61,1.6057,1.6014,1.5972,1.593,1.5888,1.5846,1.5805,1.5764,1.5723,1.5682,1.5641,1.5601,1.5561,1.5521,1.5482,1.5442,1.5403,1.5364,1.5325,1.5286,1.5248,1.5209,1.5171,1.5133,1.5096,1.5058,1.5021,1.4984,1.4947,1.491,1.4873,1.4837,1.4801,1.4765,1.4729,1.4693,1.4657,1.4622,1.4587,1.4552,1.4517,1.4482,1.4448,1.4413,1.4379,1.4345,1.4311,1.4183,1.3352,1.2368,1.1508,1.1383,1.129,1.1244,1.1204,1.1165,1.1126,1.1088,1.1063,1.1064,1.1064,1.1065,1.1066,1.1059,1.1034,1.1009,1.0985,1.096,1.0936,1.0912,1.0887,1.0863,1.0839,1.0816,1.0792,1.0768,1.0745,1.0721,1.0698,1.0675,1.0652,1.0629,1.0606,1.0583,1.056,1.0538,1.0515
0.1344,0.135,0.1356,0.1362,0.1368,0.1374,0.1381,0.1387,0.1393,0.1399,0.1406,0.1412,0.1419,0.1426,0.1432,0.1439,0.1445,0.1449,0.1453,0.1457,0.1461,0.1465,0.1469,0.1473,0.1478,0.1482,0.1486,0.149,0.1494,0.1499,0.1503,0.1507,0.1511,0.1516,0.152,0.1524,0.1529,0.1533,0.1538,0.1542,0.1547,0.1557,0.1568,0.1579,0.159,0.1602,0.1613,0.1625,0.1637,0.1649,0.1662,0.1674,0.1687,0.17,0.1713,0.1726,0.174,0.1754,0.1755,0.1744,0.1734,0.1724,0.1713,0.1703,0.1693,0.1683,0.1674,0.1665,0.1658,0.1651,0.1644,0.1637,0.1631,0.1624,0.1617,0.1611,0.1604,0.1598,0.1591,0.1585,0.1579,0.1573,0.1566,0.156,0.1554,0.1548,0.1542,0.1536,0.1528,0.1281,0.1285,0.1289,0.1292,0.1296,0.1302,0.131,0.1319,0.1328,0.1336,0.1345,0.1355,0.1364,0.1373,0.1383,0.1392,0.1402,0.1412,0.1422,0.1432,0.1442,0.1453,0.1463,0.1474,0.1485,0.1496,0.1507,0.1516,0.1523,0.1531,0.1538,0.1545,0.1553,0.1561,0.1568,0.1576,0.1584,0.1592,0.16,0.1608,0.1618,0.1631,0.1645,0.1658,0.1672,0.1686,0.1701,0.1715,0.173,0.1745,0.1761,0.1783,0.1816,0.1851,0.1887,1.7362,1.7312,1.7263,1.7214,1.7165,1.7117,1.7069,1.7021,1.6974,1.6926,1.6879,1.6832,1.6785,1.6739,1.6692,1.6646,1.6601,1.6555,1.651,1.6465,1.642,1.6376,1.6332,1.6288,1.6244,1.62,1.6157,1.6114,1.6071,1.6028,1.5986,1.5944,1.5902,1.586,1.5819,1.5778,1.5737,1.5696,1.5655,1.5615,1.5575,1.5535,1.5495,1.5455,1.5416,1.5377,1.5338,1.5299,1.5261,1.5222,1.5184,1.5146,1.5108,1.5071,1.5033,1.4996,1.4959,1.4922,1.4886,1.4849,1.4813,1.4777,1.4741,1.4705,1.4669,1.4634,1.4599,1.4564,1.4529,1.4494,1.4459,1.4425,1.4177,1.3053,1.1703,1.1466,1.1334,1.1265,1.1225,1.1186,1.1149,1.1112,1.1068,1.1057,1.1058,1.1058,1.1058,1.1058,1.1045,1.1021,1.0996,1.0971,1.0947,1.0923,1.0899,1.0874,1.085,1.0827,1.0803,1.0779,1.0756,1.0732,1.0709,1.0685,1.0662,1.0639,1.0616,1.0593,1.0571,1.0548,1.0525,1.0503
0.1347,0.1353,0.1359,0.1365,0.1372,0.1378,0.1384,0.139,0.1397,0.1403,0.1409,0.1416,0.1423,0.1429,0.1436,0.1443,0.145,0.1456,0.146,0.1464,0.1468,0.1472,0.1476,0.1481,0.1485,0.1489,0.1493,0.1497,0.1502,0.1506,0.151,0.1515,0.1519,0.1523,0.1528,0.1532,0.1537,0.1541,0.1546,0.155,0.156,0.1571,0.1582,0.1594,0.1605,0.1617,0.1629,0.1641,0.1653,0.1666,0.1678,0.1691,0.1704,0.1717,0.1731,0.1746,0.1761,0.1762,0.1763,0.1764,0.1755,0.1745,0.1734,0.1724,0.1714,0.1704,0.1694,0.1684,0.1675,0.1668,0.1661,0.1654,0.1648,0.1641,0.1634,0.1627,0.1621,0.1614,0.1608,0.1601,0.1595,0.1588,0.1582,0.1576,0.157,0.1563,0.1557,0.1551,0.1545,0.1539,0.1293,0.1296,0.13,0.1304,0.1308,0.1316,0.1324,0.1333,0.1342,0.1351,0.136,0.137,0.1379,0.1389,0.1398,0.1408,0.1418,0.1428,0.1438,0.1449,0.1459,0.147,0.1481,0.1492,0.1503,0.1514,0.1526,0.1533,0.154,0.1548,0.1556,0.1563,0.1571,0.1579,0.1587,0.1595,0.1603,0.1611,0.1621,0.1634,0.1648,0.1661,0.1675,0.169,0.1704,0.1719,0.1734,0.1749,0.1764,0.178,0.1796,0.1823,0.1858,0.1894,1.7529,1.7479,1.7429,1.7379,1.733,1.728,1.7232,1.7183,1.7134,1.7086,1.7037,1.699,1.6942,1.6895,1.6847,1.6801,1.6754,1.6708,1.6662,1.6616,1.657,1.6525,1.648,1.6435,1.6391,1.6346,1.6302,1.6258,1.6215,1.6171,1.6128,1.6085,1.6043,1.6,1.5958,1.5916,1.5874,1.5833,1.5791,1.575,1.5709,1.5669,1.5628,1.5588,1.5548,1.5508,1.5469,1.5429,1.539,1.5351,1.5312,1.5274,1.5235,1.5197,1.5159,1.5121,1.5084,1.5046,1.5009,1.4972,1.4935,1.4898,1.4861,1.4825,1.4789,1.4753,1.4717,1.4681,1.4646,1.4611,1.4575,1.4483,1.3841,1.2775,1.1551,1.1345,1.1294,1.1247,1.1209,1.1172,1.1135,1.1093,1.1051,1.1051,1.1052,1.1052,1.1052,1.1051,1.1032,1.1007,1.0983,1.0958,1.0934,1.091,1.0886,1.0862,1.0838,1.0814,1.079,1.0766,1.0743,1.072,1.0696,1.0673,1.065,1.0627,1.0604,1.0581,1.0558,1.0536,1.0513,1.0491
0.1351,0.1357,0.1363,0.1369,0.1375,0.1381,0.1387,0.1394,0.14,0.1407,0.1413,0.142,0.1426,0.1433,0.144,0.1446,0.1453,0.146,0.1467,0.1471,0.1475,0.148,0.1484,0.1488,0.1492,0.1496,0.1501,0.1505,0.1509,0.1514,0.1518,0.1522,0.1527,0.1531,0.1536,0.154,0.1545,0.1549,0.1554,0.1564,0.1575,0.1586,0.1598,0.1609,0.1621,0.1633,0.1645,0.1657,0.167,0.1682,0.1695,0.1708,0.1722,0.1737,0.1753,0.1766,0.1767,0.1768,0.1769,0.177,0.1771,0.1766,0.1756,0.1745,0.1735,0.1724,0.1714,0.1704,0.1694,0.1686,0.1679,0.1672,0.1665,0.1658,0.1651,0.1644,0.1638,0.1631,0.1624,0.1618,0.1611,0.1604,0.1598,0.1592,0.1585,0.1579,0.1573,0.1567,0.156,0.1554,0.1301,0.1304,0.1308,0.1312,0.1316,0.1321,0.133,0.1339,0.1348,0.1357,0.1366,0.1376,0.1385,0.1395,0.1404,0.1414,0.1424,0.1435,0.1445,0.1455,0.1466,0.1477,0.1488,0.1499,0.151,0.1522,0.1533,0.1543,0.1551,0.1558,0.1566,0.1574,0.1581,0.1589,0.1597,0.1605,0.1614,0.1624,0.1637,0.1651,0.1664,0.1679,0.1693,0.1707,0.1722,0.1737,0.1752,0.1768,0.1784,0.18,0.1816,0.1833,0.1865,0.1901,0.1939,1.7649,1.7598,1.7548,1.7497,1.7447,1.7397,1.7347,1.7298,1.7248,1.7199,1.715,1.7102,1.7053,1.7005,1.6958,1.691,1.6863,1.6816,1.677,1.6723,1.6677,1.6631,1.6585,1.654,1.6495,1.645,1.6405,1.6361,1.6317,1.6273,1.6229,1.6186,1.6142,1.61,1.6057,1.6014,1.5972,1.593,1.5888,1.5847,1.5805,1.5764,1.5723,1.5683,1.5642,1.5602,1.5562,1.5522,1.5482,1.5443,1.5403,1.5364,1.5325,1.5287,1.5248,1.521,1.5172,1.5134,1.5096,1.5059,1.5021,1.4984,1.4947,1.491,1.4874,1.4837,1.4801,1.4765,1.4729,1.4693,1.4536,1.352,1.2512,1.1366,1.1319,1.1272,1.1233,1.1196,1.1158,1.1118,1.1069,1.1045,1.1046,1.1046,1.1046,1.1046,1.1043,1.1018,1.0994,1.097,1.0945,1.0921,1.0897,1.0873,1.0849,1.0825,1.0801,1.0777,1.0754,1.073,1.0707,1.0684,1.0661,1.0638,1.0615,1.0592,1.0569,1.0546,1.0524,1.0501,1.0479
0.1354,0.136,0.1366,0.1372,0.1378,0.1385,0.1391,0.1397,0.1404,0.141,0.1417,0.1423,0.143,0.1437,0.1443,0.145,0.1457,0.1464,0.1471,0.1478,0.1483,0.1487,0.1491,0.1495,0.15,0.1504,0.1508,0.1513,0.1517,0.1521,0.1526,0.153,0.1535,0.1539,0.1543,0.1548,0.1552,0.1557,0.1567,0.1578,0.159,0.1601,0.1613,0.1625,0.1637,0.1649,0.1661,0.1674,0.1687,0.17,0.1714,0.1729,0.1744,0.176,0.177,0.1772,0.1773,0.1774,0.1775,0.1776,0.1777,0.1778,0.1778,0.1767,0.1756,0.1745,0.1735,0.1725,0.1714,0.1704,0.1697,0.169,0.1683,0.1676,0.1669,0.1662,0.1655,0.1648,0.1641,0.1634,0.1628,0.1621,0.1614,0.1608,0.1601,0.1595,0.1589,0.1582,0.1576,0.157,0.1564,0.1313,0.1317,0.1321,0.1325,0.1329,0.1336,0.1344,0.1354,0.1363,0.1372,0.1382,0.1391,0.1401,0.1411,0.1421,0.1431,0.1441,0.1452,0.1462,0.1473,0.1484,0.1495,0.1506,0.1517,0.1529,0.1541,0.1553,0.1561,0.1569,0.1576,0.1584,0.1592,0.16,0.1608,0.1616,0.1627,0.164,0.1654,0.1668,0.1682,0.1696,0.1711,0.1725,0.1741,0.1756,0.1772,0.1787,0.1804,0.182,0.1837,0.1854,0.1872,0.1909,0.1947,1.7823,1.7771,1.7719,1.7667,1.7616,1.7566,1.7515,1.7464,1.7414,1.7364,1.7314,1.7265,1.7215,1.7166,1.7118,1.7069,1.7021,1.6974,1.6926,1.6879,1.6832,1.6785,1.6739,1.6692,1.6646,1.6601,1.6555,1.651,1.6465,1.642,1.6376,1.6332,1.6288,1.6244,1.62,1.6157,1.6114,1.6071,1.6029,1.5986,1.5944,1.5902,1.5861,1.5819,1.5778,1.5737,1.5696,1.5656,1.5615,1.5575,1.5535,1.5496,1.5456,1.5417,1.5378,1.5339,1.53,1.5261,1.5223,1.5185,1.5147,1.5109,1.5071,1.5034,1.4997,1.496,1.4923,1.4886,1.485,1.4797,1.4367,1.3214,1.1803,1.1348,1.1301,1.1257,1.1219,1.1182,1.1143,1.1094,1.1046,1.104,1.104,1.104,1.104,1.1039,1.1029,1.1005,1.0981,1.0956,1.0932,1.0908,1.0884,1.086,1.0836,1.0812,1.0788,1.0765,1.0741,1.0718,1.0694,1.0671,1.0648,1.0625,1.0602,1.0579,1.0557,1.0534,1.0512,1.0489,1.0467
0.1357,0.1363,0.137,0.1376,0.1382,0.1388,0.1395,0.1401,0.1407,0.1414,0.142,0.1427,0.1434,0.144,0.1447,0.1454,0.1461,0.1468,0.1475,0.1482,0.1489,0.1494,0.1498,0.1503,0.1507,0.1511,0.1516,0.152,0.1525,0.1529,0.1533,0.1538,0.1542,0.1547,0.1551,0.1556,0.1561,0.1571,0.1582,0.1593,0.1605,0.1617,0.1629,0.1641,0.1653,0.1665,0.1678,0.1691,0.1706,0.172,0.1736,0.1751,0.1767,0.1775,0.1776,0.1778,0.1779,0.178,0.1781,0.1782,0.1783,0.1784,0.1785,0.1786,0.1778,0.1767,0.1756,0.1746,0.1735,0.1725,0.1715,0.1708,0.1701,0.1694,0.1686,0.1679,0.1672,0.1665,0.1658,0.1651,0.1645,0.1638,0.1631,0.1624,0.1618,0.1611,0.1605,0.1598,0.1592,0.1585,0.1579,0.1571,0.1325,0.1329,0.1333,0.1337,0.1341,0.135,0.1359,0.1369,0.1378,0.1388,0.1397,0.1407,0.1417,0.1427,0.1437,0.1448,0.1458,0.1469,0.148,0.1491,0.1502,0.1513,0.1525,0.1536,0.1548,0.156,0.1571,0.1579,0.1587,0.1595,0.1603,0.1611,0.1619,0.163,0.1643,0.1657,0.1671,0.1685,0.1699,0.1714,0.1729,0.1744,0.1759,0.1775,0.1791,0.1807,0.1824,0.1841,0.1858,0.1875,0.1893,0.1917,0.1955,1.8,1.7947,1.7894,1.7841,1.7789,1.7737,1.7685,1.7634,1.7582,1.7532,1.7481,1.7431,1.738,1.7331,1.7281,1.7232,1.7183,1.7134,1.7086,1.7037,1.6989,1.6942,1.6894,1.6847,1.6801,1.6754,1.6708,1.6662,1.6616,1.657,1.6525,1.648,1.6435,1.6391,1.6346,1.6302,1.6258,1.6215,1.6171,1.6128,1.6086,1.6043,1.6001,1.5958,1.5916,1.5875,1.5833,1.5792,1.5751,1.571,1.5669,1.5629,1.5589,1.5549,1.5509,1.5469,1.543,1.5391,1.5352,1.5313,1.5274,1.5236,1.5198,1.516,1.5122,1.5084,1.5047,1.5009,1.4972,1.4849,1.4022,1.2929,1.1513,1.1329,1.1283,1.1243,1.1206,1.1168,1.112,1.1071,1.1034,1.1034,1.1034,1.1034,1.1034,1.1031,1.1016,1.0991,1.0967,1.0943,1.0919,1.0895,1.0871,1.0847,1.0823,1.0799,1.0776,1.0752,1.0729,1.0705,1.0682,1.0659,1.0636,1.0613,1.059,1.0567,1.0545,1.0522,1.05,1.0477,1.0455
0.1361,0.1367,0.1373,0.1379,0.1385,0.1392,0.1398,0.1404,0.1411,0.1417,0.1424,0.1431,0.1437,0.1444,0.1451,0.1458,0.1465,0.1472,0.1479,0.1486,0.1494,0.1501,0.1506,0.151,0.1515,0.1519,0.1523,0.1528,0.1532,0.1537,0.1541,0.1546,0.155,0.1555,0.1559,0.1564,0.1575,0.1586,0.1597,0.1609,0.1621,0.1633,0.1645,0.1657,0.1669,0.1683,0.1697,0.1712,0.1727,0.1742,0.1758,0.1774,0.178,0.1781,0.1782,0.1784,0.1785,0.1786,0.1787,0.1788,0.1789,0.179,0.1791,0.1792,0.1793,0.1789,0.1778,0.1767,0.1757,0.1746,0.1735,0.1727,0.1719,0.1712,0.1705,0.1697,0.169,0.1683,0.1676,0.1669,0.1662,0.1655,0.1648,0.1641,0.1634,0.1628,0.1621,0.1615,0.1608,0.1601,0.1593,0.1585,0.1581,0.1337,0.1341,0.1346,0.135,0.1356,0.1365,0.1375,0.1384,0.1394,0.1403,0.1413,0.1423,0.1433,0.1444,0.1454,0.1465,0.1476,0.1487,0.1498,0.1509,0.152,0.1532,0.1544,0.1556,0.1568,0.158,0.159,0.1598,0.1606,0.1614,0.1622,0.1633,0.1646,0.166,0.1674,0.1688,0.1703,0.1717,0.1732,0.1747,0.1763,0.1779,0.1795,0.1811,0.1828,0.1845,0.1862,0.1879,0.1897,0.1916,0.1934,0.1963,1.818,1.8126,1.8072,1.8019,1.7966,1.7912,1.786,1.7807,1.7755,1.7703,1.7651,1.76,1.7548,1.7498,1.7447,1.7397,1.7347,1.7297,1.7248,1.7199,1.715,1.7102,1.7053,1.7005,1.6958,1.691,1.6863,1.6816,1.677,1.6723,1.6677,1.6631,1.6585,1.654,1.6495,1.645,1.6405,1.6361,1.6317,1.6273,1.6229,1.6186,1.6143,1.61,1.6057,1.6015,1.5973,1.5931,1.5889,1.5847,1.5806,1.5765,1.5724,1.5683,1.5643,1.5602,1.5562,1.5522,1.5483,1.5443,1.5404,1.5365,1.5326,1.5287,1.5249,1.5211,1.5172,1.5135,1.5097,1.4907,1.3693,1.2659,1.1361,1.1311,1.1267,1.1229,1.1192,1.1145,1.1096,1.1048,1.1028,1.1028,1.1028,1.1028,1.1026,1.1023,1.1002,1.0978,1.0953,1.093,1.0906,1.0882,1.0858,1.0834,1.081,1.0786,1.0763,1.0739,1.0716,1.0693,1.067,1.0646,1.0623,1.0601,1.0578,1.0555,1.0532,1.051,1.0488,1.0465,1.0443
0.1364,0.137,0.1376,0.1383,0.1389,0.1395,0.1402,0.1408,0.1415,0.1421,0.1428,0.1434,0.1441,0.1448,0.1455,0.1462,0.1469,0.1476,0.1483,0.149,0.1498,0.1505,0.1512,0.1518,0.1522,0.1527,0.1531,0.1536,0.154,0.1545,0.1549,0.1554,0.1558,0.1563,0.1568,0.1578,0.1589,0.1601,0.1613,0.1624,0.1636,0.1649,0.1661,0.1675,0.1689,0.1704,0.1719,0.1734,0.1749,0.1765,0.1781,0.1785,0.1786,0.1787,0.1788,0.179,0.1791,0.1792,0.1793,0.1794,0.1795,0.1796,0.1797,0.1798,0.1799,0.18,0.1801,0.179,0.1779,0.1768,0.1757,0.1746,0.1738,0.1731,0.1723,0.1716,0.1708,0.1701,0.1694,0.1687,0.1679,0.1672,0.1665,0.1658,0.1652,0.1645,0.1638,0.1631,0.1623,0.1615,0.1607,0.16,0.1596,0.1346,0.135,0.1354,0.1358,0.1363,0.1371,0.1381,0.139,0.14,0.141,0.142,0.143,0.144,0.145,0.1461,0.1472,0.1483,0.1494,0.1505,0.1516,0.1528,0.1539,0.1551,0.1563,0.1576,0.1588,0.16,0.1609,0.1617,0.1625,0.1636,0.1649,0.1663,0.1677,0.1691,0.1706,0.1721,0.1736,0.1751,0.1766,0.1782,0.1798,0.1815,0.1831,0.1848,0.1866,0.1883,0.1901,0.192,0.1939,0.1958,0.1977,0.2012,1.8309,1.8254,1.82,1.8146,1.8091,1.8037,1.7984,1.793,1.7877,1.7824,1.7772,1.772,1.7668,1.7617,1.7566,1.7515,1.7464,1.7414,1.7364,1.7314,1.7264,1.7215,1.7166,1.7118,1.7069,1.7021,1.6974,1.6926,1.6879,1.6832,1.6785,1.6739,1.6692,1.6646,1.6601,1.6555,1.651,1.6465,1.642,1.6376,1.6332,1.6288,1.6244,1.6201,1.6158,1.6115,1.6072,1.6029,1.5987,1.5945,1.5903,1.5861,1.582,1.5779,1.5738,1.5697,1.5656,1.5616,1.5576,1.5536,1.5496,1.5457,1.5417,1.5378,1.5339,1.53,1.5262,1.5178,1.4562,1.3379,1.1904,1.134,1.1293,1.1253,1.1216,1.117,1.1121,1.1073,1.1024,1.1022,1.1022,1.1022,1.1022,1.1018,1.1014,1.0989,1.0964,1.094,1.0916,1.0893,1.0869,1.0845,1.0821,1.0797,1.0774,1.075,1.0727,1.0703,1.068,1.0657,1.0634,1.0611,1.0588,1.0566,1.0543,1.052,1.0498,1.0476,1.0453,1.0431
0.1368,0.1374,0.138,0.1386,0.1392,0.1399,0.1405,0.1412,0.1418,0.1425,0.1431,0.1438,0.1445,0.1452,0.1459,0.1466,0.1473,0.148,0.1487,0.1494,0.1502,0.1509,0.1517,0.1524,0.153,0.1535,0.1539,0.1544,0.1548,0.1553,0.1557,0.1562,0.1566,0.1571,0.1582,0.1593,0.1605,0.1616,0.1628,0.164,0.1653,0.1667,0.1681,0.1696,0.1711,0.1726,0.1741,0.1756,0.1772,0.1788,0.179,0.1791,0.1792,0.1793,0.1794,0.1796,0.1797,0.1798,0.1799,0.18,0.1801,0.1802,0.1803,0.1804,0.1805,0.1806,0.1807,0.1808,0.1801,0.179,0.1779,0.1768,0.1758,0.175,0.1742,0.1735,0.1727,0.172,0.1712,0.1705,0.1697,0.169,0.1683,0.1676,0.1669,0.1662,0.1655,0.1647,0.1639,0.163,0.1622,0.1614,0.1611,0.1611,0.1359,0.1363,0.1367,0.1372,0.1377,0.1387,0.1396,0.1406,0.1416,0.1426,0.1436,0.1447,0.1457,0.1468,0.1479,0.149,0.1501,0.1512,0.1523,0.1535,0.1547,0.1559,0.1571,0.1584,0.1596,0.1609,0.162,0.1628,0.1639,0.1652,0.1666,0.168,0.1695,0.1709,0.1724,0.1739,0.1754,0.177,0.1786,0.1802,0.1819,0.1835,0.1852,0.187,0.1888,0.1906,0.1924,0.1943,0.1962,0.1981,0.2001,0.2022,1.8496,1.844,1.8384,1.8329,1.8273,1.8218,1.8164,1.8109,1.8055,1.8001,1.7948,1.7895,1.7842,1.7789,1.7737,1.7685,1.7634,1.7582,1.7531,1.7481,1.743,1.738,1.733,1.7281,1.7232,1.7183,1.7134,1.7085,1.7037,1.6989,1.6942,1.6894,1.6847,1.6801,1.6754,1.6708,1.6662,1.6616,1.657,1.6525,1.648,1.6435,1.6391,1.6347,1.6303,1.6259,1.6215,1.6172,1.6129,1.6086,1.6044,1.6001,1.5959,1.5917,1.5875,1.5834,1.5793,1.5751,1.5711,1.567,1.563,1.5589,1.5549,1.5509,1.547,1.543,1.5391,1.5236,1.4208,1.3087,1.1586,1.1322,1.1277,1.1239,1.1196,1.1147,1.1098,1.1049,1.1016,1.1016,1.1016,1.1016,1.1014,1.101,1.1,1.0976,1.0951,1.0927,1.0903,1.088,1.0856,1.0832,1.0808,1.0785,1.0761,1.0738,1.0714,1.0691,1.0668,1.0645,1.0622,1.0599,1.0576,1.0553,1.0531,1.0508,1.0486,1.0464,1.0441,1.0419
0.1371,0.1377,0.1383,0.139,0.1396,0.1402,0.1409,0.1415,0.1422,0.1428,0.1435,0.1442,0.1449,0.1456,0.1463,0.147,0.1477,0.1484,0.1491,0.1498,0.1506,0.1513,0.1521,0.1528,0.1536,0.1542,0.1547,0.1551,0.1556,0.1561,0.1565,0.157,0.1575,0.1585,0.1597,0.1609,0.162,0.1632,0.1646,0.166,0.1674,0.1688,0.1703,0.1717,0.1732,0.1748,0.1763,0.1779,0.1794,0.1795,0.1796,0.1797,0.1798,0.1799,0.1801,0.1802,0.1803,0.1804,0.1805,0.1806,0.1807,0.1808,0.1809,0.181,0.1811,0.1812,0.1814,0.1815,0.1816,0.1813,0.1801,0.179,0.1779,0.1769,0.1762,0.1754,0.1746,0.1738,0.1731,0.1723,0.1716,0.1709,0.1701,0.1694,0.1687,0.1679,0.1671,0.1662,0.1654,0.1646,0.1637,0.1629,0.1627,0.1626,0.1626,0.1372,0.1376,0.1381,0.1385,0.1393,0.1402,0.1412,0.1422,0.1432,0.1443,0.1453,0.1464,0.1475,0.1485,0.1497,0.1508,0.1519,0.1531,0.1543,0.1555,0.1567,0.1579,0.1592,0.1604,0.1617,0.163,0.1642,0.1656,0.1669,0.1684,0.1698,0.1713,0.1727,0.1742,0.1758,0.1774,0.1789,0.1806,0.1822,0.1839,0.1856,0.1874,0.1891,0.191,0.1928,0.1947,0.1966,0.1986,0.2006,0.2026,0.2047,1.8687,1.863,1.8573,1.8516,1.846,1.8403,1.8347,1.8292,1.8237,1.8182,1.8127,1.8073,1.8019,1.7966,1.7912,1.7859,1.7807,1.7755,1.7703,1.7651,1.7599,1.7548,1.7498,1.7447,1.7397,1.7347,1.7297,1.7248,1.7199,1.715,1.7102,1.7053,1.7005,1.6958,1.691,1.6863,1.6816,1.677,1.6723,1.6677,1.6631,1.6586,1.654,1.6495,1.6451,1.6406,1.6362,1.6318,1.6274,1.623,1.6187,1.6144,1.6101,1.6058,1.6016,1.5973,1.5931,1.5889,1.5848,1.5807,1.5765,1.5724,1.5684,1.5643,1.5603,1.5563,1.5523,1.5145,1.387,1.281,1.1483,1.1304,1.1263,1.1222,1.1172,1.1123,1.1074,1.1026,1.101,1.101,1.101,1.101,1.1006,1.1002,1.0987,1.0962,1.0938,1.0913,1.0889,1.0866,1.0843,1.0819,1.0796,1.0772,1.0748,1.0725,1.0702,1.0678,1.0655,1.0632,1.0609,1.0587,1.0564,1.0541,1.0519,1.0496,1.0474,1.0452,1.0429,1.0407
0.1374,0.1381,0.1387,0.1393,0.1399,0.1406,0.1412,0.1419,0.1426,0.1432,0.1439,0.1446,0.1453,0.1459,0.1466,0.1474,0.1481,0.1488,0.1495,0.1502,0.151,0.1517,0.1525,0.1533,0.154,0.1548,0.1555,0.1559,0.1564,0.1569,0.1573,0.1578,0.1589,0.1601,0.1612,0.1625,0.1638,0.1652,0.1666,0.168,0.1694,0.1709,0.1724,0.1739,0.1755,0.1771,0.1787,0.1799,0.18,0.1801,0.1802,0.1803,0.1804,0.1806,0.1807,0.1808,0.1809,0.181,0.1811,0.1812,0.1813,0.1814,0.1816,0.1817,0.1818,0.1819,0.182,0.1821,0.1822,0.1823,0.1824,0.1813,0.1802,0.1791,0.1781,0.1773,0.1766,0.1758,0.175,0.1742,0.1735,0.1727,0.172,0.1712,0.1704,0.1696,0.1687,0.1678,0.167,0.1661,0.1653,0.1645,0.1643,0.1642,0.1642,0.1641,0.1385,0.139,0.1394,0.1399,0.1409,0.1419,0.1429,0.1439,0.1449,0.146,0.1471,0.1481,0.1492,0.1504,0.1515,0.1527,0.1538,0.155,0.1562,0.1574,0.1587,0.16,0.1612,0.1625,0.1639,0.1655,0.167,0.1686,0.1701,0.1716,0.173,0.1746,0.1761,0.1777,0.1793,0.1809,0.1826,0.1842,0.186,0.1877,0.1895,0.1913,0.1932,0.1951,0.197,0.199,0.201,0.203,0.2051,0.2073,1.8882,1.8823,1.8765,1.8707,1.8649,1.8592,1.8535,1.8478,1.8422,1.8366,1.831,1.8255,1.82,1.8146,1.8091,1.8037,1.7984,1.793,1.7877,1.7824,1.7772,1.772,1.7668,1.7617,1.7565,1.7515,1.7464,1.7414,1.7364,1.7314,1.7264,1.7215,1.7166,1.7118,1.7069,1.7021,1.6974,1.6926,1.6879,1.6832,1.6785,1.6739,1.6692,1.6647,1.6601,1.6556,1.651,1.6466,1.6421,1.6376,1.6332,1.6288,1.6245,1.6201,1.6158,1.6115,1.6072,1.603,1.5988,1.5946,1.5904,1.5862,1.5821,1.5779,1.5738,1.5698,1.558,1.4763,1.3548,1.2008,1.1373,1.1287,1.1247,1.1198,1.1148,1.1099,1.1051,1.1004,1.1004,1.1004,1.1004,1.1002,1.0998,1.0994,1.0973,1.0949,1.0924,1.09,1.0876,1.0853,1.083,1.0807,1.0783,1.0759,1.0736,1.0713,1.0689,1.0666,1.0643,1.062,1.0597,1.0574,1.0552,1.0529,1.0507,1.0484,1.0462,1.044,1.0418,1.0396
0.1378,0.1384,0.139,0.1397,0.1403,0.1409,0.1416,0.1423,0.1429,0.1436,0.1443,0.145,0.1456,0.1463,0.147,0.1477,0.1485,0.1492,0.1499,0.1507,0.1514,0.1522,0.1529,0.1537,0.1545,0.1552,0.156,0.1568,0.1572,0.1577,0.1582,0.1593,0.1604,0.1617,0.1631,0.1644,0.1658,0.1672,0.1686,0.1701,0.1715,0.1728,0.174,0.1753,0.1765,0.1778,0.1791,0.1805,0.1806,0.1807,0.1808,0.1809,0.1811,0.1812,0.1813,0.1814,0.1815,0.1816,0.1817,0.1819,0.182,0.1821,0.1822,0.1823,0.1824,0.1825,0.1826,0.1827,0.1828,0.1829,0.183,0.1831,0.1825,0.1813,0.1802,0.1794,0.1785,0.1778,0.177,0.1762,0.1754,0.1746,0.1739,0.173,0.1721,0.1712,0.1703,0.1694,0.1686,0.1677,0.1669,0.166,0.1659,0.1658,0.1658,0.1657,0.1394,0.1399,0.1403,0.1408,0.1415,0.1425,0.1435,0.1445,0.1456,0.1467,0.1477,0.1488,0.15,0.1511,0.1522,0.1534,0.1546,0.1558,0.157,0.1582,0.1595,0.1608,0.1621,0.1634,0.1648,0.1664,0.1681,0.1697,0.1713,0.1729,0.1746,0.1763,0.178,0.1796,0.1812,0.1829,0.1846,0.1863,0.1881,0.1899,0.1917,0.1936,0.1955,0.1974,0.1994,0.2014,0.2034,0.2055,0.2077,1.914,1.908,1.9021,1.8961,1.8902,1.8843,1.8785,1.8726,1.8669,1.8611,1.8554,1.8497,1.8441,1.8385,1.8329,1.8273,1.8218,1.8164,1.8109,1.8055,1.8001,1.7948,1.7895,1.7842,1.7789,1.7737,1.7685,1.7634,1.7582,1.7531,1.7481,1.743,1.738,1.733,1.7281,1.7232,1.7183,1.7134,1.7085,1.7037,1.6989,1.6942,1.6894,1.6847,1.6801,1.6754,1.6708,1.6662,1.6616,1.6571,1.6526,1.6481,1.6436,1.6392,1.6347,1.6303,1.626,1.6216,1.6173,1.613,1.6087,1.6044,1.6002,1.596,1.5918,1.5876,1.5834,1.5644,1.4398,1.3248,1.1647,1.1314,1.1273,1.1223,1.1174,1.1125,1.1076,1.1028,1.0998,1.0998,1.0998,1.0997,1.0993,1.099,1.0984,1.096,1.0936,1.0911,1.0887,1.0863,1.0839,1.0816,1.0794,1.077,1.0747,1.0723,1.07,1.0677,1.0654,1.0631,1.0608,1.0585,1.0562,1.0539,1.0517,1.0495,1.0472,1.045,1.0428,1.0406,1.0384
0.1381,0.1387,0.1394,0.14,0.1407,0.1413,0.142,0.1426,0.1433,0.144,0.1446,0.1453,0.146,0.1467,0.1474,0.1481,0.1489,0.1496,0.1503,0.1511,0.1518,0.1526,0.1533,0.1541,0.1549,0.1557,0.1565,0.1573,0.1581,0.1585,0.1597,0.161,0.1623,0.1635,0.1646,0.1658,0.1669,0.168,0.1692,0.1704,0.1716,0.1728,0.1741,0.1753,0.1766,0.1779,0.1792,0.1805,0.1812,0.1813,0.1815,0.1816,0.1817,0.1818,0.1819,0.182,0.1821,0.1823,0.1824,0.1825,0.1826,0.1827,0.1828,0.1829,0.183,0.1831,0.1832,0.1833,0.1835,0.1836,0.1837,0.1838,0.1839,0.1837,0.1825,0.1814,0.1806,0.1798,0.179,0.1782,0.1774,0.1766,0.1757,0.1748,0.1738,0.1729,0.172,0.1711,0.1702,0.1693,0.1685,0.1676,0.1675,0.1675,0.1674,0.1674,0.1673,0.1408,0.1413,0.1417,0.1422,0.1431,0.1442,0.1452,0.1463,0.1473,0.1484,0.1495,0.1507,0.1518,0.153,0.1541,0.1553,0.1565,0.1578,0.159,0.1603,0.1616,0.1629,0.1642,0.1657,0.1673,0.169,0.1708,0.1724,0.1741,0.1758,0.1775,0.1793,0.1811,0.1829,0.1848,0.1867,0.1884,0.1902,0.1921,0.1939,0.1958,0.1978,0.1998,0.2018,0.2039,0.206,0.2081,0.2103,1.9345,1.9283,1.9222,1.9162,1.9101,1.9041,1.8981,1.8922,1.8863,1.8804,1.8746,1.8688,1.863,1.8573,1.8516,1.8459,1.8403,1.8347,1.8292,1.8237,1.8182,1.8127,1.8073,1.8019,1.7966,1.7912,1.7859,1.7807,1.7755,1.7703,1.7651,1.7599,1.7548,1.7498,1.7447,1.7397,1.7347,1.7297,1.7248,1.7199,1.715,1.7102,1.7053,1.7005,1.6958,1.691,1.6863,1.6817,1.677,1.6724,1.6678,1.6632,1.6586,1.6541,1.6496,1.6451,1.6407,1.6362,1.6318,1.6274,1.6231,1.6187,1.6144,1.6101,1.6059,1.6016,1.5943,1.5363,1.4051,1.2965,1.1543,1.1297,1.1249,1.1199,1.115,1.1101,1.1053,1.1004,1.0992,1.0992,1.0992,1.0989,1.0985,1.0982,1.0971,1.0947,1.0922,1.0898,1.0874,1.085,1.0826,1.0803,1.0781,1.0758,1.0734,1.0711,1.0687,1.0664,1.0641,1.0618,1.0595,1.0573,1.055,1.0527,1.0505,1.0482,1.046,1.0438,1.0416,1.0394,1.0372
0.1385,0.1391,0.1397,0.1404,0.141,0.1417,0.1423,0.143,0.1437,0.1443,0.145,0.1457,0.1464,0.1471,0.1478,0.1485,0.1493,0.15,0.1507,0.1515,0.1522,0.153,0.1538,0.1545,0.1553,0.1561,0.1569,0.1577,0.1585,0.1593,0.1603,0.1614,0.1625,0.1636,0.1647,0.1658,0.167,0.1681,0.1693,0.1705,0.1717,0.1729,0.1741,0.1754,0.1767,0.178,0.1793,0.1806,0.1818,0.182,0.1821,0.1822,0.1823,0.1824,0.1825,0.1827,0.1828,0.1829,0.183,0.1831,0.1832,0.1833,0.1834,0.1835,0.1837,0.1838,0.1839,0.184,0.1841,0.1842,0.1843,0.1844,0.1845,0.1846,0.1848,0.1837,0.1827,0.1818,0.181,0.1802,0.1794,0.1784,0.1775,0.1765,0.1756,0.1746,0.1737,0.1728,0.1719,0.171,0.1701,0.1693,0.1692,0.1692,0.1691,0.1691,0.169,0.169,0.1422,0.1427,0.1432,0.1438,0.1448,0.1459,0.1469,0.148,0.1491,0.1502,0.1514,0.1525,0.1537,0.1549,0.1561,0.1573,0.1586,0.1598,0.1611,0.1624,0.1637,0.1651,0.1666,0.1683,0.17,0.1718,0.1736,0.1753,0.177,0.1788,0.1805,0.1824,0.1842,0.1861,0.188,0.19,0.192,0.1941,0.1962,0.1982,0.2002,0.2022,0.2043,0.2064,0.2086,0.2108,0.213,1.9553,1.9491,1.9428,1.9366,1.9305,1.9243,1.9182,1.9121,1.9061,1.9001,1.8941,1.8882,1.8823,1.8765,1.8707,1.8649,1.8592,1.8535,1.8478,1.8422,1.8366,1.831,1.8255,1.82,1.8145,1.8091,1.8037,1.7984,1.793,1.7877,1.7824,1.7772,1.772,1.7668,1.7617,1.7565,1.7514,1.7464,1.7413,1.7364,1.7314,1.7264,1.7215,1.7166,1.7118,1.7069,1.7021,1.6974,1.6926,1.6879,1.6832,1.6786,1.6739,1.6693,1.6647,1.6602,1.6556,1.6511,1.6466,1.6422,1.6377,1.6333,1.6289,1.6245,1.6202,1.6159,1.6007,1.4969,1.3721,1.2693,1.144,1.1275,1.1225,1.1175,1.1126,1.1078,1.1029,1.0986,1.0986,1.0986,1.0985,1.0981,1.0977,1.0974,1.0958,1.0933,1.0909,1.0885,1.0861,1.0837,1.0813,1.079,1.0767,1.0745,1.0722,1.0698,1.0675,1.0652,1.0629,1.0606,1.0583,1.056,1.0538,1.0515,1.0493,1.047,1.0448,1.0426,1.0404,1.0382,1.036
0.1388,0.1394,0.1401,0.1407,0.1414,0.142,0.1427,0.1434,0.144,0.1447,0.1454,0.1461,0.1468,0.1475,0.1482,0.1489,0.1497,0.1504,0.1512,0.1519,0.1527,0.1534,0.1542,0.155,0.1558,0.1566,0.1574,0.1582,0.159,0.1598,0.1606,0.1615,0.1625,0.1636,0.1648,0.1659,0.167,0.1682,0.1693,0.1705,0.1717,0.173,0.1742,0.1755,0.1767,0.178,0.1794,0.1807,0.182,0.1826,0.1827,0.1828,0.1829,0.1831,0.1832,0.1833,0.1834,0.1835,0.1836,0.1837,0.1839,0.184,0.1841,0.1842,0.1843,0.1844,0.1845,0.1846,0.1847,0.1848,0.185,0.1851,0.1852,0.1853,0.1854,0.1855,0.1849,0.184,0.1831,0.1823,0.1813,0.1803,0.1793,0.1783,0.1773,0.1764,0.1754,0.1745,0.1736,0.1727,0.1718,0.171,0.1709,0.1709,0.1708,0.1708,0.1707,0.1707,0.1706,0.1437,0.1441,0.1446,0.1455,0.1465,0.1476,0.1487,0.1498,0.151,0.1521,0.1533,0.1544,0.1556,0.1569,0.1581,0.1594,0.1606,0.1619,0.1632,0.1646,0.1659,0.1675,0.1692,0.171,0.1728,0.1746,0.1765,0.1782,0.18,0.1818,0.1837,0.1855,0.1875,0.1894,0.1914,0.1935,0.1956,0.1977,0.1999,0.2021,0.2044,0.2067,0.209,0.2112,0.2135,0.2158,1.9767,1.9703,1.9639,1.9575,1.9512,1.9449,1.9387,1.9325,1.9263,1.9202,1.9141,1.9081,1.9021,1.8961,1.8902,1.8843,1.8785,1.8726,1.8669,1.8611,1.8554,1.8497,1.8441,1.8385,1.8329,1.8273,1.8218,1.8164,1.8109,1.8055,1.8001,1.7948,1.7895,1.7842,1.7789,1.7737,1.7685,1.7634,1.7582,1.7531,1.7481,1.743,1.738,1.733,1.7281,1.7232,1.7183,1.7134,1.7086,1.7038,1.699,1.6942,1.6895,1.6848,1.6801,1.6755,1.6709,1.6663,1.6617,1.6572,1.6526,1.6481,1.6437,1.6392,1.6348,1.6304,1.6011,1.4594,1.3414,1.1709,1.134,1.1251,1.1201,1.1152,1.1103,1.1054,1.1006,1.098,1.098,1.098,1.0977,1.0973,1.0969,1.0966,1.0944,1.092,1.0896,1.0872,1.0848,1.0824,1.08,1.0776,1.0754,1.0732,1.0709,1.0686,1.0663,1.0639,1.0617,1.0594,1.0571,1.0548,1.0526,1.0503,1.0481,1.0458,1.0436,1.0414,1.0392,1.037,1.0348
0.1392,0.1398,0.1404,0.1411,0.1417,0.1424,0.1431,0.1437,0.1444,0.1451,0.1458,0.1465,0.1472,0.1479,0.1486,0.1493,0.1501,0.1508,0.1516,0.1523,0.1531,0.1539,0.1546,0.1554,0.1562,0.157,0.1578,0.1586,0.1594,0.1602,0.161,0.1618,0.1626,0.1637,0.1648,0.1659,0.1671,0.1682,0.1694,0.1706,0.1718,0.173,0.1743,0.1755,0.1768,0.1781,0.1794,0.1808,0.1821,0.1832,0.1833,0.1835,0.1836,0.1837,0.1838,0.1839,0.184,0.1842,0.1843,0.1844,0.1845,0.1846,0.1847,0.1848,0.1849,0.185,0.1852,0.1853,0.1854,0.1855,0.1856,0.1857,0.1858,0.1859,0.1861,0.1862,0.1863,0.1861,0.1852,0.1842,0.1832,0.1821,0.1811,0.1801,0.1791,0.1782,0.1772,0.1763,0.1753,0.1744,0.1734,0.1728,0.1727,0.1726,0.1726,0.1725,0.1725,0.1724,0.1724,0.1447,0.1451,0.1456,0.1462,0.1472,0.1483,0.1494,0.1505,0.1517,0.1528,0.154,0.1552,0.1564,0.1576,0.1589,0.1602,0.1614,0.1628,0.1641,0.1654,0.1668,0.1685,0.1702,0.172,0.1738,0.1756,0.1775,0.1794,0.1813,0.1831,0.185,0.1869,0.1888,0.1908,0.1929,0.1949,0.1971,0.1992,0.2015,0.2037,0.206,0.2084,0.2108,0.2133,0.2159,0.2185,1.9984,1.9919,1.9854,1.9789,1.9724,1.966,1.9597,1.9533,1.947,1.9408,1.9345,1.9284,1.9222,1.9162,1.9101,1.9041,1.8981,1.8922,1.8863,1.8804,1.8746,1.8688,1.863,1.8573,1.8516,1.8459,1.8403,1.8347,1.8292,1.8237,1.8182,1.8127,1.8073,1.8019,1.7966,1.7912,1.7859,1.7807,1.7755,1.7703,1.7651,1.7599,1.7548,1.7498,1.7447,1.7397,1.7347,1.7298,1.7248,1.7199,1.7151,1.7102,1.7054,1.7006,1.6959,1.6911,1.6864,1.6817,1.6771,1.6724,1.6678,1.6633,1.6587,1.6542,1.6497,1.6387,1.5586,1.4238,1.3123,1.1603,1.1285,1.1227,1.1177,1.1128,1.1079,1.1031,1.0983,1.0974,1.0974,1.0973,1.0969,1.0965,1.0961,1.0955,1.0931,1.0907,1.0883,1.0859,1.0835,1.0811,1.0787,1.0763,1.0741,1.0719,1.0696,1.0673,1.065,1.0627,1.0604,1.0581,1.0559,1.0536,1.0514,1.0491,1.0469,1.0447,1.0424,1.0402,1.038,1.0359,1.0337
0.1395,0.1402,0.1408,0.1415,0.1421,0.1428,0.1434,0.1441,0.1448,0.1455,0.1462,0.1469,0.1476,0.1483,0.149,0.1498,0.1505,0.1512,0.152,0.1527,0.1535,0.1543,0.1551,0.1558,0.1566,0.1574,0.1582,0.159,0.1598,0.1606,0.1614,0.1623,0.1631,0.1639,0.1649,0.166,0.1671,0.1683,0.1695,0.1707,0.1719,0.1731,0.1743,0.1756,0.1769,0.1782,0.1795,0.1808,0.1822,0.1836,0.184,0.1841,0.1842,0.1843,0.1845,0.1846,0.1847,0.1848,0.1849,0.185,0.1851,0.1853,0.1854,0.1855,0.1856,0.1857,0.1858,0.1859,0.186,0.1861,0.1863,0.1864,0.1865,0.1866,0.1867,0.1868,0.1869,0.1874,0.1872,0.1861,0.1851,0.184,0.183,0.182,0.181,0.18,0.179,0.178,0.1771,0.1761,0.1752,0.1745,0.1745,0.1744,0.1744,0.1743,0.1743,0.1742,0.1742,0.1741,0.1461,0.1466,0.1471,0.1479,0.149,0.1501,0.1513,0.1524,0.1536,0.1548,0.156,0.1572,0.1584,0.1597,0.161,0.1623,0.1636,0.1649,0.1663,0.1677,0.1694,0.1712,0.1729,0.1748,0.1766,0.1786,0.1805,0.1825,0.1844,0.1863,0.1883,0.1902,0.1923,0.1943,0.1964,0.1986,0.2008,0.2031,0.2054,0.2077,0.2101,0.2126,0.2151,0.2177,0.2208,2.0207,2.014,2.0074,2.0007,1.9941,1.9876,1.9811,1.9746,1.9682,1.9618,1.9554,1.9491,1.9428,1.9366,1.9304,1.9243,1.9182,1.9121,1.9061,1.9001,1.8941,1.8882,1.8823,1.8765,1.8707,1.8649,1.8592,1.8535,1.8478,1.8422,1.8366,1.831,1.8255,1.82,1.8145,1.8091,1.8037,1.7983,1.793,1.7877,1.7824,1.7772,1.772,1.7668,1.7616,1.7565,1.7514,1.7464,1.7414,1.7364,1.7314,1.7265,1.7216,1.7167,1.7118,1.707,1.7022,1.6974,1.6927,1.688,1.6833,1.6786,1.674,1.6694,1.6648,1.6457,1.518,1.3899,1.2845,1.1499,1.1259,1.1203,1.1153,1.1104,1.1056,1.1008,1.0968,1.0968,1.0968,1.0965,1.0961,1.0957,1.0953,1.0942,1.0918,1.0893,1.0869,1.0845,1.0822,1.0798,1.0774,1.0751,1.0727,1.0705,1.0683,1.0661,1.0638,1.0615,1.0592,1.0569,1.0547,1.0524,1.0501,1.0479,1.0457,1.0435,1.0413,1.0391,1.0369,1.0347,1.0325
0.1399,0.1405,0.1412,0.1418,0.1425,0.1431,0.1438,0.1445,0.1452,0.1459,0.1466,0.1473,0.148,0.1487,0.1494,0.1502,0.1509,0.1516,0.1524,0.1532,0.1539,0.1547,0.1555,0.1562,0.157,0.1578,0.1586,0.1594,0.1602,0.161,0.1619,0.1627,0.1635,0.1644,0.1652,0.1661,0.1672,0.1684,0.1695,0.1707,0.1719,0.1732,0.1744,0.1757,0.177,0.1783,0.1796,0.1809,0.1823,0.1837,0.1846,0.1847,0.1849,0.185,0.1851,0.1852,0.1853,0.1855,0.1856,0.1857,0.1858,0.1859,0.186,0.1861,0.1862,0.1864,0.1865,0.1866,0.1867,0.1868,0.1869,0.187,0.1871,0.1873,0.1874,0.1875,0.1881,0.1891,0.1892,0.1881,0.1871,0.186,0.1849,0.1839,0.1829,0.1819,0.1809,0.1799,0.1789,0.1779,0.1769,0.1764,0.1763,0.1763,0.1762,0.1761,0.1761,0.176,0.176,0.1759,0.1759,0.1477,0.1482,0.1487,0.1497,0.1508,0.152,0.1531,0.1543,0.1555,0.1567,0.158,0.1592,0.1605,0.1618,0.1631,0.1644,0.1658,0.1672,0.1686,0.1704,0.1721,0.174,0.1758,0.1777,0.1796,0.1816,0.1836,0.1857,0.1877,0.1897,0.1917,0.1937,0.1958,0.198,0.2001,0.2024,0.2047,0.207,0.2094,0.2119,0.2144,0.2169,0.2196,0.2235,2.0435,2.0367,2.0298,2.0231,2.0163,2.0096,2.0029,1.9963,1.9898,1.9832,1.9767,1.9703,1.9639,1.9575,1.9512,1.9449,1.9387,1.9325,1.9263,1.9202,1.9141,1.9081,1.9021,1.8961,1.8902,1.8843,1.8785,1.8726,1.8668,1.8611,1.8554,1.8497,1.8441,1.8385,1.8329,1.8273,1.8218,1.8163,1.8109,1.8055,1.8001,1.7948,1.7895,1.7842,1.7789,1.7737,1.7685,1.7634,1.7582,1.7532,1.7481,1.7431,1.7381,1.7331,1.7281,1.7232,1.7183,1.7135,1.7086,1.7038,1.6991,1.6943,1.6896,1.6849,1.6789,1.6255,1.4795,1.3583,1.1771,1.1404,1.1234,1.1179,1.1129,1.1081,1.1033,1.0985,1.0963,1.0963,1.096,1.0957,1.0953,1.0949,1.0945,1.0929,1.0904,1.088,1.0856,1.0832,1.0808,1.0785,1.0761,1.0738,1.0714,1.0692,1.067,1.0648,1.0625,1.0602,1.058,1.0557,1.0534,1.0512,1.0489,1.0467,1.0445,1.0423,1.0401,1.0379,1.0357,1.0335,1.0314
0.1402,0.1409,0.1415,0.1422,0.1428,0.1435,0.1442,0.1449,0.1456,0.1463,0.147,0.1477,0.1484,0.1491,0.1498,0.1506,0.1513,0.1521,0.1528,0.1536,0.1543,0.1551,0.1559,0.1566,0.1574,0.1582,0.159,0.1598,0.1606,0.1615,0.1623,0.1631,0.164,0.1648,0.1657,0.1665,0.1674,0.1684,0.1696,0.1708,0.172,0.1732,0.1745,0.1758,0.177,0.1783,0.1797,0.181,0.1823,0.1837,0.1851,0.1854,0.1855,0.1856,0.1857,0.1859,0.186,0.1861,0.1862,0.1863,0.1864,0.1866,0.1867,0.1868,0.1869,0.187,0.1871,0.1872,0.1873,0.1875,0.1876,0.1877,0.1878,0.1879,0.188,0.1889,0.1899,0.1908,0.1913,0.1902,0.1891,0.188,0.1869,0.1858,0.1848,0.1838,0.1827,0.1817,0.1807,0.1797,0.1787,0.1782,0.1782,0.1781,0.1781,0.178,0.1779,0.1779,0.1778,0.1778,0.1777,0.1487,0.1492,0.1497,0.1504,0.1516,0.1527,0.1539,0.1551,0.1563,0.1575,0.1588,0.16,0.1613,0.1626,0.1639,0.1653,0.1667,0.1681,0.1696,0.1713,0.1731,0.175,0.1768,0.1788,0.1807,0.1827,0.1847,0.1868,0.189,0.1911,0.1931,0.1952,0.1973,0.1995,0.2017,0.204,0.2063,0.2087,0.2111,0.2136,0.2162,0.2188,0.2223,0.2263,2.0668,2.0598,2.0528,2.0459,2.039,2.0321,2.0253,2.0186,2.0118,2.0051,1.9985,1.9919,1.9854,1.9789,1.9724,1.966,1.9596,1.9533,1.947,1.9408,1.9345,1.9284,1.9222,1.9161,1.9101,1.9041,1.8981,1.8922,1.8863,1.8804,1.8745,1.8688,1.863,1.8573,1.8516,1.8459,1.8403,1.8347,1.8292,1.8236,1.8182,1.8127,1.8073,1.8019,1.7966,1.7912,1.7859,1.7807,1.7755,1.7703,1.7651,1.76,1.7549,1.7498,1.7448,1.7398,1.7348,1.7298,1.7249,1.72,1.7151,1.7103,1.7055,1.7007,1.686,1.5816,1.4429,1.3286,1.1664,1.1318,1.1209,1.1154,1.1106,1.1057,1.1009,1.0962,1.0957,1.0956,1.0952,1.0949,1.0945,1.0941,1.0937,1.0915,1.0891,1.0867,1.0843,1.0819,1.0796,1.0772,1.0748,1.0725,1.0702,1.0679,1.0657,1.0635,1.0613,1.059,1.0567,1.0545,1.0522,1.05,1.0477,1.0455,1.0433,1.0411,1.0389,1.0367,1.0345,1.0324,1.0302
0.1406,0.1412,0.1419,0.1425,0.1432,0.1439,0.1446,0.1453,0.1459,0.1466,0.1474,0.1481,0.1488,0.1495,0.1502,0.151,0.1517,0.1525,0.1532,0.154,0.1547,0.1555,0.1563,0.157,0.1578,0.1586,0.1594,0.1602,0.1611,0.1619,0.1627,0.1636,0.1644,0.1653,0.1662,0.167,0.1679,0.1687,0.1697,0.1709,0.1721,0.1733,0.1746,0.1758,0.1771,0.1784,0.1797,0.1811,0.1824,0.1838,0.1852,0.186,0.1862,0.1863,0.1864,0.1865,0.1866,0.1868,0.1869,0.187,0.1871,0.1872,0.1873,0.1874,0.1876,0.1877,0.1878,0.1879,0.188,0.1881,0.1882,0.1884,0.1885,0.1888,0.1897,0.1907,0.1916,0.1926,0.1935,0.1922,0.1911,0.19,0.1889,0.1878,0.1868,0.1857,0.1847,0.1836,0.1826,0.1816,0.1806,0.1801,0.1801,0.18,0.18,0.1799,0.1798,0.1798,0.1797,0.1797,0.1796,0.1796,0.1503,0.1508,0.1513,0.1523,0.1535,0.1546,0.1558,0.1571,0.1583,0.1596,0.1608,0.1621,0.1635,0.1648,0.1662,0.1676,0.169,0.1705,0.1723,0.1741,0.176,0.1779,0.1798,0.1818,0.1838,0.1859,0.188,0.1902,0.1924,0.1946,0.1967,0.1988,0.201,0.2033,0.2056,0.208,0.2104,0.2129,0.2154,0.218,0.2211,0.225,0.2291,2.0907,2.0835,2.0763,2.0692,2.0621,2.0551,2.0482,2.0413,2.0344,2.0276,2.0208,2.014,2.0074,2.0007,1.9941,1.9876,1.9811,1.9746,1.9681,1.9618,1.9554,1.9491,1.9428,1.9366,1.9304,1.9243,1.9182,1.9121,1.9061,1.9001,1.8941,1.8882,1.8823,1.8765,1.8707,1.8649,1.8592,1.8535,1.8478,1.8422,1.8366,1.831,1.8255,1.82,1.8145,1.8091,1.8037,1.7983,1.793,1.7877,1.7824,1.7772,1.772,1.7668,1.7617,1.7566,1.7515,1.7465,1.7414,1.7364,1.7315,1.7265,1.7216,1.7168,1.6934,1.5398,1.4081,1.3001,1.1559,1.1259,1.1185,1.1126,1.1082,1.1034,1.0986,1.0951,1.0951,1.0948,1.0944,1.0941,1.0937,1.0933,1.0926,1.0902,1.0878,1.0854,1.083,1.0806,1.0783,1.0759,1.0736,1.0712,1.0689,1.0666,1.0644,1.0622,1.0601,1.0578,1.0555,1.0533,1.051,1.0488,1.0465,1.0443,1.0421,1.0399,1.0377,1.0355,1.0334,1.0312,1.029
0.1409,0.1416,0.1423,0.1429,0.1436,0.1443,0.1449,0.1456,0.1463,0.147,0.1477,0.1485,0.1492,0.1499,0.1507,0.1514,0.1521,0.1529,0.1536,0.1544,0.1551,0.1559,0.1567,0.1575,0.1582,0.159,0.1599,0.1607,0.1615,0.1623,0.1632,0.164,0.1649,0.1658,0.1666,0.1675,0.1684,0.1693,0.1701,0.171,0.1722,0.1734,0.1746,0.1759,0.1772,0.1785,0.1798,0.1811,0.1825,0.1839,0.1853,0.1867,0.1868,0.1869,0.1871,0.1872,0.1873,0.1874,0.1875,0.1877,0.1878,0.1879,0.188,0.1881,0.1882,0.1883,0.1885,0.1886,0.1887,0.1888,0.1889,0.189,0.1895,0.1905,0.1915,0.1925,0.1935,0.1945,0.1955,0.1944,0.1932,0.1921,0.191,0.1899,0.1888,0.1877,0.1866,0.1856,0.1845,0.1835,0.1825,0.1821,0.182,0.182,0.1819,0.1818,0.1818,0.1817,0.1817,0.1816,0.1816,0.1815,0.1814,0.1519,0.1524,0.153,0.1542,0.1554,0.1566,0.1578,0.1591,0.1604,0.1617,0.163,0.1643,0.1657,0.167,0.1684,0.1699,0.1715,0.1733,0.1752,0.177,0.1789,0.1809,0.1829,0.185,0.1871,0.1892,0.1914,0.1936,0.1959,0.1982,0.2004,0.2026,0.2049,0.2073,0.2097,0.2121,0.2146,0.2172,0.2199,0.2238,0.2278,0.232,2.115,2.1076,2.1003,2.093,2.0859,2.0787,2.0716,2.0645,2.0575,2.0505,2.0436,2.0367,2.0298,2.023,2.0163,2.0096,2.0029,1.9963,1.9898,1.9832,1.9767,1.9703,1.9639,1.9575,1.9512,1.9449,1.9387,1.9325,1.9263,1.9202,1.9141,1.9081,1.9021,1.8961,1.8902,1.8843,1.8784,1.8726,1.8668,1.8611,1.8554,1.8497,1.8441,1.8384,1.8329,1.8273,1.8218,1.8163,1.8109,1.8055,1.8001,1.7948,1.7895,1.7842,1.779,1.7738,1.7686,1.7634,1.7583,1.7532,1.7482,1.7431,1.7381,1.7282,1.6507,1.5002,1.3757,1.1855,1.1469,1.1234,1.116,1.1099,1.1059,1.1011,1.0963,1.0945,1.0944,1.094,1.0936,1.0933,1.0929,1.0925,1.0913,1.0889,1.0865,1.0841,1.0817,1.0793,1.077,1.0746,1.0723,1.0699,1.0676,1.0653,1.0631,1.0609,1.0588,1.0566,1.0543,1.0521,1.0498,1.0476,1.0453,1.0431,1.0409,1.0387,1.0365,1.0344,1.0322,1.03,1.0279
0.1413,0.142,0.1426,0.1433,0.144,0.1446,0.1453,0.146,0.1467,0.1474,0.1481,0.1489,0.1496,0.1503,0.151,0.1518,0.1525,0.1533,0.154,0.1548,0.1555,0.1563,0.1571,0.1579,0.1587,0.1595,0.1603,0.1611,0.1619,0.1628,0.1636,0.1645,0.1653,0.1662,0.1671,0.168,0.1689,0.1698,0.1706,0.1715,0.1724,0.1735,0.1747,0.176,0.1773,0.1786,0.1799,0.1812,0.1826,0.184,0.1854,0.1868,0.1875,0.1876,0.1877,0.1878,0.188,0.1881,0.1882,0.1883,0.1884,0.1885,0.1887,0.1888,0.1889,0.189,0.1891,0.1892,0.1894,0.1895,0.1896,0.1903,0.1913,0.1923,0.1933,0.1943,0.1953,0.1963,0.1973,0.1966,0.1954,0.1942,0.1931,0.1919,0.1908,0.1897,0.1886,0.1875,0.1865,0.1854,0.1844,0.1841,0.184,0.184,0.1839,0.1838,0.1838,0.1837,0.1837,0.1836,0.1835,0.1835,0.1834,0.1833,0.1535,0.1541,0.155,0.1562,0.1574,0.1586,0.1599,0.1612,0.1625,0.1638,0.1652,0.1665,0.1679,0.1693,0.1708,0.1725,0.1743,0.1762,0.1781,0.18,0.182,0.184,0.1861,0.1882,0.1904,0.1926,0.1949,0.1972,0.1996,0.202,0.2042,0.2066,0.209,0.2114,0.2139,0.2165,0.2191,0.2226,0.2266,0.2307,0.235,2.1398,2.1321,2.1246,2.1172,2.1099,2.1026,2.0954,2.0882,2.081,2.0739,2.0668,2.0598,2.0528,2.0459,2.039,2.0321,2.0253,2.0185,2.0118,2.0051,1.9985,1.9919,1.9854,1.9789,1.9724,1.966,1.9596,1.9533,1.947,1.9407,1.9345,1.9284,1.9222,1.9161,1.9101,1.9041,1.8981,1.8922,1.8862,1.8804,1.8745,1.8688,1.863,1.8573,1.8516,1.8459,1.8403,1.8347,1.8292,1.8236,1.8182,1.8127,1.8073,1.8019,1.7966,1.7913,1.786,1.7807,1.7755,1.7703,1.7652,1.76,1.7549,1.7361,1.6052,1.4626,1.3452,1.1726,1.1382,1.1209,1.1138,1.1071,1.1036,1.0988,1.094,1.0939,1.0936,1.0932,1.0928,1.0925,1.0921,1.0917,1.09,1.0876,1.0852,1.0828,1.0804,1.078,1.0757,1.0733,1.071,1.0687,1.0663,1.064,1.0618,1.0596,1.0575,1.0553,1.0531,1.0508,1.0486,1.0464,1.0442,1.0419,1.0397,1.0375,1.0354,1.0332,1.031,1.0289,1.0267
0.1417,0.1423,0.143,0.1437,0.1443,0.145,0.1457,0.1464,0.1471,0.1478,0.1485,0.1493,0.15,0.1507,0.1514,0.1522,0.1529,0.1536,0.1544,0.1552,0.1559,0.1567,0.1575,0.1583,0.1591,0.1599,0.1607,0.1615,0.1624,0.1632,0.1641,0.1649,0.1658,0.1667,0.1676,0.1684,0.1694,0.1703,0.1712,0.1721,0.173,0.1739,0.1748,0.176,0.1773,0.1786,0.18,0.1813,0.1827,0.184,0.1854,0.1869,0.1881,0.1883,0.1884,0.1885,0.1886,0.1888,0.1889,0.189,0.1891,0.1892,0.1893,0.1895,0.1896,0.1897,0.1898,0.1899,0.19,0.1902,0.1911,0.1921,0.1931,0.1941,0.1951,0.1961,0.1972,0.1982,0.1992,0.1989,0.1976,0.1964,0.1952,0.1941,0.1929,0.1918,0.1907,0.1896,0.1885,0.1874,0.1863,0.1861,0.186,0.186,0.1859,0.1859,0.1858,0.1857,0.1857,0.1856,0.1856,0.1855,0.1854,0.1854,0.1547,0.1552,0.1558,0.1569,0.1582,0.1594,0.1607,0.162,0.1633,0.1647,0.166,0.1674,0.1688,0.1702,0.1717,0.1735,0.1753,0.1772,0.1791,0.1811,0.1831,0.1852,0.1873,0.1894,0.1916,0.1939,0.1962,0.1985,0.2009,0.2034,0.2059,0.2082,0.2107,0.2132,0.2157,0.2183,0.2214,0.2253,0.2294,0.2336,2.1732,2.1651,2.1572,2.1496,2.142,2.1345,2.127,2.1196,2.1123,2.105,2.0977,2.0905,2.0833,2.0762,2.0691,2.0621,2.0551,2.0482,2.0412,2.0344,2.0276,2.0208,2.014,2.0074,2.0007,1.9941,1.9876,1.981,1.9746,1.9681,1.9618,1.9554,1.9491,1.9428,1.9366,1.9304,1.9243,1.9182,1.9121,1.9061,1.9001,1.8941,1.8882,1.8823,1.8765,1.8707,1.8649,1.8592,1.8535,1.8478,1.8422,1.8366,1.831,1.8255,1.82,1.8146,1.8091,1.8037,1.7984,1.7931,1.7878,1.7825,1.7773,1.7721,1.7257,1.5622,1.4268,1.316,1.1623,1.1292,1.1192,1.1122,1.1052,1.1013,1.0965,1.0933,1.0932,1.0928,1.0924,1.092,1.0917,1.0913,1.0909,1.0887,1.0863,1.0839,1.0815,1.0791,1.0767,1.0744,1.0721,1.0697,1.0674,1.0651,1.0628,1.0605,1.0584,1.0562,1.0541,1.0519,1.0496,1.0474,1.0452,1.043,1.0408,1.0386,1.0364,1.0342,1.032,1.0299,1.0277,1.0256
0.1420,0.1427,0.1434,0.144,0.1447,0.1454,0.1461,0.1468,0.1475,0.1482,0.1489,0.1496,0.1504,0.1511,0.1518,0.1525,0.1533,0.154,0.1548,0.1556,0.1563,0.1571,0.1579,0.1587,0.1595,0.1603,0.1611,0.162,0.1628,0.1636,0.1645,0.1654,0.1662,0.1671,0.168,0.1689,0.1698,0.1708,0.1717,0.1726,0.1735,0.1744,0.1753,0.1763,0.1774,0.1787,0.18,0.1814,0.1827,0.1841,0.1855,0.187,0.1884,0.1889,0.1891,0.1892,0.1893,0.1894,0.1896,0.1897,0.1898,0.1899,0.19,0.1901,0.1903,0.1904,0.1905,0.1906,0.191,0.1919,0.1929,0.1939,0.1949,0.196,0.197,0.198,0.1991,0.2001,0.2012,0.2012,0.1999,0.1986,0.1974,0.1962,0.1951,0.1939,0.1928,0.1916,0.1905,0.1894,0.1883,0.1882,0.1881,0.1881,0.188,0.1879,0.1879,0.1878,0.1877,0.1877,0.1876,0.1876,0.1875,0.1874,0.1874,0.1564,0.1569,0.1577,0.159,0.1602,0.1615,0.1628,0.1642,0.1655,0.1669,0.1683,0.1697,0.1712,0.1727,0.1745,0.1764,0.1783,0.1802,0.1822,0.1842,0.1863,0.1884,0.1906,0.1928,0.1951,0.1975,0.1998,0.2023,0.2048,0.2074,0.2099,0.2124,0.2149,0.2175,0.2202,0.2241,0.2281,0.2323,0.2367,2.1994,2.1911,2.183,2.1752,2.1674,2.1597,2.1521,2.1445,2.1369,2.1294,2.122,2.1146,2.1073,2.1,2.0928,2.0856,2.0785,2.0714,2.0644,2.0574,2.0505,2.0436,2.0367,2.0298,2.023,2.0163,2.0096,2.0029,1.9963,1.9897,1.9832,1.9767,1.9703,1.9639,1.9575,1.9512,1.9449,1.9387,1.9325,1.9263,1.9202,1.9141,1.9081,1.9021,1.8961,1.8902,1.8843,1.8784,1.8726,1.8668,1.8611,1.8554,1.8497,1.8441,1.8385,1.8329,1.8274,1.8219,1.8164,1.811,1.8056,1.8002,1.7949,1.7809,1.6764,1.5215,1.3936,1.1957,1.1534,1.123,1.1169,1.1105,1.1036,1.0989,1.0942,1.0927,1.0924,1.092,1.0916,1.0912,1.0909,1.0905,1.0898,1.0874,1.0849,1.0826,1.0802,1.0778,1.0755,1.0731,1.0708,1.0684,1.0661,1.0638,1.0615,1.0592,1.0571,1.0549,1.0528,1.0507,1.0484,1.0462,1.044,1.0418,1.0396,1.0374,1.0352,1.033,1.0309,1.0287,1.0266,1.0244
0.1424,0.1431,0.1437,0.1444,0.1451,0.1458,0.1465,0.1472,0.1479,0.1486,0.1493,0.15,0.1507,0.1515,0.1522,0.1529,0.1537,0.1544,0.1552,0.156,0.1567,0.1575,0.1583,0.1591,0.1599,0.1607,0.1616,0.1624,0.1632,0.1641,0.165,0.1658,0.1667,0.1676,0.1685,0.1694,0.1703,0.1712,0.1722,0.1731,0.1741,0.175,0.1759,0.1768,0.1778,0.1788,0.1801,0.1814,0.1828,0.1842,0.1856,0.187,0.1885,0.1896,0.1897,0.1899,0.19,0.1901,0.1902,0.1904,0.1905,0.1906,0.1907,0.1908,0.1909,0.1911,0.1912,0.1918,0.1928,0.1938,0.1948,0.1958,0.1968,0.1978,0.1989,0.1999,0.201,0.2021,0.2032,0.2036,0.2022,0.2009,0.1997,0.1985,0.1973,0.1961,0.1949,0.1938,0.1926,0.1915,0.1904,0.1903,0.1903,0.1902,0.1901,0.1901,0.19,0.1899,0.1899,0.1898,0.1897,0.1897,0.1896,0.1895,0.1895,0.1894,0.1581,0.1587,0.1598,0.161,0.1623,0.1637,0.165,0.1664,0.1678,0.1692,0.1706,0.1721,0.1737,0.1755,0.1774,0.1793,0.1813,0.1833,0.1854,0.1875,0.1896,0.1918,0.1941,0.1964,0.1988,0.2012,0.2037,0.2062,0.2088,0.2115,0.2142,0.2167,0.2194,0.2229,0.2269,0.2307,0.2342,0.2378,2.2262,2.2176,2.2093,2.2013,2.1934,2.1855,2.1777,2.1699,2.1622,2.1545,2.1469,2.1393,2.1318,2.1244,2.117,2.1097,2.1024,2.0951,2.0879,2.0808,2.0737,2.0666,2.0596,2.0527,2.0458,2.0389,2.0321,2.0253,2.0185,2.0118,2.0051,1.9985,1.9919,1.9854,1.9789,1.9724,1.966,1.9596,1.9533,1.947,1.9407,1.9345,1.9284,1.9222,1.9161,1.9101,1.9041,1.8981,1.8922,1.8862,1.8804,1.8745,1.8687,1.863,1.8573,1.8516,1.8459,1.8403,1.8348,1.8292,1.8237,1.8182,1.8128,1.7892,1.6296,1.4828,1.3623,1.1788,1.1442,1.1205,1.1145,1.1085,1.102,1.0966,1.0921,1.0919,1.0916,1.0912,1.0908,1.0904,1.0901,1.0897,1.0884,1.086,1.0836,1.0813,1.0789,1.0765,1.0742,1.0718,1.0695,1.0672,1.0649,1.0626,1.0603,1.058,1.0558,1.0537,1.0515,1.0494,1.0472,1.045,1.0428,1.0406,1.0384,1.0362,1.034,1.0319,1.0297,1.0275,1.0254,1.0233
0.1428,0.1434,0.1441,0.1448,0.1455,0.1462,0.1469,0.1476,0.1483,0.149,0.1497,0.1504,0.1511,0.1518,0.1526,0.1533,0.1541,0.1548,0.1556,0.1564,0.1571,0.1579,0.1587,0.1595,0.1603,0.1612,0.162,0.1628,0.1637,0.1645,0.1654,0.1663,0.1672,0.1681,0.169,0.1699,0.1708,0.1717,0.1727,0.1736,0.1746,0.1755,0.1765,0.1774,0.1783,0.1793,0.1803,0.1815,0.1829,0.1843,0.1857,0.1871,0.1886,0.19,0.1904,0.1906,0.1907,0.1908,0.1909,0.191,0.1912,0.1913,0.1914,0.1915,0.1916,0.1917,0.1926,0.1936,0.1946,0.1956,0.1966,0.1977,0.1987,0.1998,0.2008,0.2019,0.203,0.2041,0.2052,0.2061,0.2046,0.2032,0.202,0.2007,0.1995,0.1983,0.1971,0.1959,0.1947,0.1936,0.1926,0.1925,0.1924,0.1924,0.1923,0.1922,0.1922,0.1921,0.192,0.192,0.1919,0.1918,0.1918,0.1917,0.1916,0.1916,0.1915,0.1599,0.1606,0.1619,0.1632,0.1645,0.1659,0.1673,0.1687,0.1701,0.1716,0.173,0.1747,0.1766,0.1785,0.1804,0.1824,0.1845,0.1865,0.1887,0.1908,0.1931,0.1954,0.1977,0.2001,0.2025,0.2051,0.2076,0.2103,0.213,0.2158,0.2186,0.2217,0.2251,0.2284,0.2318,0.2353,0.2389,2.2536,2.2449,2.2363,2.2281,2.22,2.2119,2.2039,2.1959,2.188,2.1802,2.1724,2.1647,2.157,2.1493,2.1418,2.1343,2.1268,2.1194,2.112,2.1047,2.0975,2.0902,2.0831,2.076,2.0689,2.0619,2.0549,2.048,2.0411,2.0343,2.0275,2.0208,2.014,2.0073,2.0007,1.9941,1.9876,1.981,1.9746,1.9681,1.9617,1.9554,1.9491,1.9428,1.9366,1.9304,1.9243,1.9182,1.9121,1.9061,1.9001,1.8941,1.8882,1.8823,1.8765,1.8707,1.8649,1.8592,1.8535,1.8479,1.8422,1.8366,1.8281,1.7541,1.5853,1.446,1.3323,1.169,1.1301,1.1181,1.1121,1.1062,1.1003,1.0944,1.0915,1.0911,1.0908,1.0904,1.09,1.0897,1.0893,1.0889,1.0871,1.0847,1.0823,1.08,1.0776,1.0752,1.0729,1.0706,1.0682,1.0659,1.0636,1.0613,1.059,1.0567,1.0545,1.0524,1.0502,1.0481,1.046,1.0438,1.0416,1.0394,1.0372,1.035,1.0329,1.0307,1.0285,1.0264,1.0243,1.0221
0.1431,0.1438,0.1445,0.1452,0.1459,0.1465,0.1472,0.1479,0.1486,0.1493,0.15,0.1508,0.1515,0.1522,0.153,0.1537,0.1545,0.1552,0.156,0.1568,0.1575,0.1583,0.1591,0.16,0.1608,0.1616,0.1624,0.1633,0.1641,0.165,0.1659,0.1667,0.1676,0.1685,0.1694,0.1703,0.1713,0.1722,0.1732,0.1741,0.1751,0.1761,0.177,0.178,0.1789,0.1799,0.1809,0.1819,0.183,0.1844,0.1858,0.1872,0.1887,0.1901,0.1911,0.1912,0.1914,0.1915,0.1916,0.1917,0.1918,0.192,0.1921,0.1922,0.1924,0.1934,0.1944,0.1954,0.1964,0.1975,0.1985,0.1996,0.2006,0.2017,0.2028,0.2039,0.205,0.2061,0.2073,0.2084,0.2071,0.2056,0.2043,0.203,0.2018,0.2006,0.1993,0.1981,0.1969,0.1958,0.1948,0.1947,0.1946,0.1946,0.1945,0.1944,0.1944,0.1943,0.1942,0.1942,0.1941,0.194,0.194,0.1939,0.1938,0.1938,0.1937,0.1611,0.1617,0.1627,0.164,0.1654,0.1668,0.1681,0.1696,0.171,0.1725,0.174,0.1757,0.1776,0.1795,0.1815,0.1835,0.1856,0.1877,0.1899,0.1921,0.1943,0.1966,0.199,0.2014,0.2039,0.2065,0.2091,0.2118,0.2145,0.2173,0.2208,0.2229,0.2261,0.2294,0.2329,0.2364,0.2404,2.2817,2.2728,2.264,2.2556,2.2472,2.239,2.2307,2.2226,2.2145,2.2064,2.1985,2.1906,2.1827,2.1749,2.1671,2.1594,2.1518,2.1442,2.1367,2.1292,2.1218,2.1144,2.1071,2.0998,2.0926,2.0854,2.0783,2.0712,2.0641,2.0572,2.0502,2.0434,2.0365,2.0297,2.023,2.0162,2.0096,2.0029,1.9963,1.9897,1.9832,1.9767,1.9703,1.9639,1.9575,1.9512,1.9449,1.9387,1.9325,1.9263,1.9202,1.9141,1.9081,1.9021,1.8961,1.8902,1.8843,1.8785,1.8726,1.8669,1.8611,1.8554,1.8368,1.703,1.5434,1.4119,1.3037,1.1595,1.1218,1.1157,1.1097,1.1038,1.098,1.092,1.0907,1.0903,1.09,1.0896,1.0892,1.0889,1.0885,1.0881,1.0858,1.0834,1.081,1.0787,1.0763,1.074,1.0716,1.0693,1.067,1.0646,1.0624,1.0601,1.0578,1.0555,1.0533,1.0511,1.049,1.0469,1.0448,1.0426,1.0404,1.0382,1.036,1.0339,1.0317,1.0295,1.0274,1.0252,1.0231,1.021
0.1435,0.1442,0.1449,0.1455,0.1462,0.1469,0.1476,0.1483,0.149,0.1497,0.1504,0.1511,0.1519,0.1526,0.1533,0.1541,0.1549,0.1556,0.1564,0.1572,0.158,0.1588,0.1596,0.1604,0.1612,0.162,0.1629,0.1637,0.1646,0.1654,0.1663,0.1672,0.1681,0.169,0.1699,0.1708,0.1718,0.1727,0.1737,0.1746,0.1756,0.1766,0.1776,0.1786,0.1795,0.1805,0.1815,0.1825,0.1835,0.1845,0.1858,0.1873,0.1887,0.1902,0.1917,0.1919,0.1921,0.1922,0.1923,0.1924,0.1925,0.1927,0.1928,0.1932,0.1942,0.1952,0.1963,0.1973,0.1983,0.1994,0.2005,0.2015,0.2026,0.2037,0.2048,0.2059,0.2071,0.2082,0.2094,0.2106,0.2096,0.2081,0.2067,0.2054,0.2041,0.2029,0.2016,0.2004,0.1992,0.198,0.1971,0.197,0.1969,0.1969,0.1968,0.1967,0.1966,0.1966,0.1965,0.1964,0.1964,0.1963,0.1962,0.1962,0.1961,0.196,0.196,0.196,0.1629,0.1636,0.1649,0.1662,0.1676,0.169,0.1705,0.1719,0.1734,0.1749,0.1768,0.1787,0.1806,0.1826,0.1847,0.1867,0.1889,0.1911,0.1933,0.1956,0.1979,0.2003,0.2028,0.2053,0.2079,0.2105,0.2133,0.218,0.2214,0.2217,0.2239,0.2271,0.2305,0.2339,0.2375,0.2423,2.3106,2.3014,2.2923,2.2837,2.2751,2.2667,2.2583,2.2499,2.2416,2.2334,2.2252,2.2171,2.209,2.201,2.1931,2.1852,2.1774,2.1696,2.1619,2.1543,2.1467,2.1391,2.1316,2.1242,2.1168,2.1094,2.1021,2.0949,2.0877,2.0806,2.0735,2.0664,2.0594,2.0525,2.0456,2.0387,2.0319,2.0251,2.0184,2.0117,2.0051,1.9985,1.9919,1.9854,1.9789,1.9724,1.966,1.9596,1.9533,1.947,1.9407,1.9345,1.9284,1.9222,1.9161,1.9101,1.9041,1.8981,1.8922,1.8863,1.8804,1.8746,1.8391,1.6547,1.5036,1.3798,1.1851,1.1451,1.1193,1.1133,1.1074,1.1015,1.0957,1.0903,1.0899,1.0896,1.0892,1.0888,1.0884,1.0881,1.0877,1.0869,1.0845,1.0821,1.0797,1.0774,1.075,1.0727,1.0703,1.068,1.0657,1.0634,1.0611,1.0588,1.0565,1.0543,1.052,1.0498,1.0477,1.0456,1.0435,1.0414,1.0392,1.0371,1.0349,1.0327,1.0305,1.0284,1.0262,1.0241,1.022,1.0199
0.1439,0.1445,0.1452,0.1459,0.1466,0.1473,0.1479,0.1486,0.1494,0.1501,0.1508,0.1515,0.1522,0.153,0.1537,0.1545,0.1552,0.156,0.1568,0.1576,0.1584,0.1592,0.16,0.1608,0.1616,0.1625,0.1633,0.1642,0.165,0.1659,0.1668,0.1677,0.1686,0.1695,0.1704,0.1713,0.1722,0.1732,0.1742,0.1751,0.1761,0.1771,0.1781,0.1791,0.1801,0.1811,0.1821,0.1831,0.1841,0.1851,0.1861,0.1874,0.1888,0.1903,0.1918,0.1926,0.1928,0.1929,0.193,0.1931,0.1932,0.1934,0.1941,0.1951,0.1961,0.1971,0.1982,0.1992,0.2003,0.2013,0.2024,0.2035,0.2046,0.2058,0.2069,0.208,0.2092,0.2104,0.2115,0.2127,0.2122,0.2107,0.2092,0.2078,0.2065,0.2052,0.204,0.2027,0.2015,0.2002,0.1994,0.1993,0.1993,0.1992,0.1991,0.199,0.199,0.1989,0.1988,0.1988,0.1987,0.1986,0.1985,0.1985,0.1984,0.1984,0.1983,0.1983,0.1983,0.1648,0.1657,0.1671,0.1685,0.1699,0.1714,0.1729,0.1744,0.1759,0.1778,0.1797,0.1817,0.1837,0.1858,0.1879,0.1901,0.1923,0.1946,0.1969,0.1992,0.2017,0.2042,0.2067,0.2093,0.2149,0.2182,0.2217,0.2224,0.2227,0.2249,0.2282,0.2315,0.235,0.2386,0.2443,2.3402,2.3308,2.3214,2.3126,2.3038,2.2951,2.2865,2.2779,2.2694,2.261,2.2526,2.2443,2.236,2.2278,2.2197,2.2116,2.2036,2.1957,2.1878,2.1799,2.1721,2.1644,2.1567,2.1491,2.1415,2.134,2.1265,2.1192,2.1118,2.1045,2.0972,2.09,2.0829,2.0757,2.0687,2.0617,2.0547,2.0478,2.0409,2.0341,2.0273,2.0206,2.0139,2.0072,2.0006,1.9941,1.9875,1.981,1.9746,1.9681,1.9617,1.9554,1.9491,1.9428,1.9366,1.9304,1.9243,1.9182,1.9121,1.9061,1.9001,1.8871,1.7834,1.6091,1.4658,1.3491,1.1753,1.131,1.1169,1.1109,1.105,1.0991,1.0935,1.0895,1.0891,1.0888,1.0884,1.088,1.0876,1.0873,1.0869,1.0856,1.0832,1.0808,1.0784,1.0761,1.0737,1.0714,1.0691,1.0667,1.0644,1.0621,1.0598,1.0576,1.0553,1.053,1.0508,1.0486,1.0465,1.0444,1.0423,1.0402,1.0381,1.0359,1.0337,1.0315,1.0294,1.0272,1.0251,1.023,1.0208,1.0187
0.1442,0.1449,0.1456,0.1462,0.1469,0.1476,0.1483,0.149,0.1497,0.1504,0.1512,0.1519,0.1526,0.1534,0.1541,0.1549,0.1556,0.1564,0.1572,0.158,0.1588,0.1596,0.1604,0.1612,0.1621,0.1629,0.1637,0.1646,0.1655,0.1663,0.1672,0.1681,0.169,0.1699,0.1709,0.1718,0.1727,0.1737,0.1747,0.1756,0.1766,0.1776,0.1786,0.1796,0.1807,0.1817,0.1827,0.1837,0.1847,0.1857,0.1868,0.1878,0.1889,0.1904,0.1919,0.1933,0.1935,0.1936,0.1937,0.1938,0.194,0.1949,0.1959,0.1969,0.198,0.199,0.2001,0.2012,0.2022,0.2033,0.2044,0.2056,0.2067,0.2078,0.209,0.2102,0.2113,0.2125,0.2137,0.215,0.2149,0.2133,0.2118,0.2103,0.209,0.2077,0.2064,0.2051,0.2038,0.2025,0.2018,0.2017,0.2016,0.2016,0.2015,0.2014,0.2013,0.2013,0.2012,0.2011,0.2011,0.201,0.2009,0.2008,0.2008,0.2008,0.2007,0.2007,0.2007,0.2007,0.1668,0.168,0.1694,0.1709,0.1723,0.1738,0.1753,0.177,0.1789,0.1808,0.1828,0.1849,0.187,0.1891,0.1913,0.1935,0.1958,0.1982,0.2006,0.203,0.2056,0.2118,0.2151,0.2184,0.2219,0.223,0.2234,0.2237,0.2259,0.2292,0.2326,0.2361,0.2402,0.2462,2.3705,2.3609,2.3513,2.3422,2.3332,2.3243,2.3154,2.3066,2.2979,2.2892,2.2807,2.2722,2.2637,2.2553,2.247,2.2387,2.2305,2.2223,2.2142,2.2062,2.1982,2.1903,2.1825,2.1746,2.1669,2.1592,2.1516,2.144,2.1364,2.1289,2.1215,2.1142,2.1068,2.0996,2.0923,2.0852,2.078,2.0709,2.0639,2.057,2.05,2.0431,2.0363,2.0295,2.0227,2.016,2.0094,2.0027,1.9962,1.9897,1.9832,1.9767,1.9703,1.9639,1.9575,1.9512,1.9449,1.9387,1.9325,1.9263,1.9202,1.8965,1.7305,1.5659,1.4307,1.3197,1.1605,1.1206,1.1145,1.1086,1.1027,1.097,1.0915,1.0887,1.0883,1.088,1.0876,1.0872,1.0869,1.0865,1.0861,1.0843,1.0819,1.0795,1.0772,1.0748,1.0724,1.0701,1.0678,1.0655,1.0632,1.0609,1.0586,1.0563,1.0541,1.0518,1.0496,1.0473,1.0452,1.0431,1.041,1.0389,1.0369,1.0347,1.0325,1.0304,1.0282,1.0261,1.0239,1.0218,1.0197,1.0176
0.1446,0.1452,0.1459,0.1466,0.1473,0.148,0.1487,0.1494,0.1501,0.1508,0.1515,0.1523,0.153,0.1538,0.1545,0.1553,0.156,0.1568,0.1576,0.1584,0.1592,0.16,0.1608,0.1617,0.1625,0.1633,0.1642,0.1651,0.1659,0.1668,0.1677,0.1686,0.1695,0.1704,0.1713,0.1723,0.1732,0.1742,0.1752,0.1761,0.1771,0.1781,0.1792,0.1802,0.1812,0.1823,0.1833,0.1843,0.1853,0.1864,0.1874,0.1885,0.1895,0.1906,0.192,0.1935,0.1942,0.1943,0.1944,0.1947,0.1957,0.1968,0.1978,0.1988,0.1999,0.201,0.202,0.2031,0.2042,0.2054,0.2065,0.2076,0.2088,0.2099,0.2111,0.2123,0.2135,0.2147,0.216,0.2172,0.2176,0.216,0.2144,0.2129,0.2115,0.2102,0.2088,0.2075,0.2062,0.2049,0.2042,0.2042,0.2041,0.204,0.2039,0.2039,0.2038,0.2037,0.2036,0.2036,0.2035,0.2034,0.2033,0.2033,0.2033,0.2032,0.2032,0.2032,0.2031,0.2031,0.1681,0.1689,0.1703,0.1718,0.1733,0.1748,0.1763,0.178,0.1799,0.1819,0.1839,0.186,0.1881,0.1903,0.1925,0.1948,0.1971,0.1995,0.2019,0.2044,0.212,0.2153,0.2187,0.2221,0.2237,0.224,0.2244,0.2246,0.2269,0.2302,0.2337,0.2372,0.2421,2.4117,2.4017,2.3917,2.3819,2.3725,2.3633,2.3542,2.3451,2.3361,2.3271,2.3182,2.3094,2.3007,2.292,2.2834,2.2749,2.2664,2.258,2.2496,2.2413,2.2331,2.2249,2.2168,2.2088,2.2008,2.1929,2.185,2.1772,2.1694,2.1617,2.154,2.1464,2.1389,2.1314,2.1239,2.1165,2.1092,2.1019,2.0947,2.0875,2.0803,2.0732,2.0662,2.0592,2.0523,2.0453,2.0385,2.0317,2.0249,2.0182,2.0115,2.0049,1.9983,1.9918,1.9853,1.9788,1.9724,1.966,1.9596,1.9533,1.947,1.9401,1.8714,1.6806,1.5249,1.3977,1.1916,1.146,1.1181,1.1121,1.1062,1.1005,1.0949,1.0897,1.0879,1.0876,1.0872,1.0868,1.0864,1.0861,1.0857,1.0853,1.083,1.0806,1.0782,1.0759,1.0735,1.0712,1.0688,1.0665,1.0642,1.0619,1.0596,1.0574,1.0551,1.0528,1.0506,1.0483,1.0461,1.044,1.0419,1.0398,1.0377,1.0356,1.0335,1.0314,1.0292,1.0271,1.0249,1.0228,1.0207,1.0186,1.0165
0.1449,0.1456,0.1463,0.147,0.1476,0.1483,0.149,0.1497,0.1505,0.1512,0.1519,0.1527,0.1534,0.1542,0.1549,0.1557,0.1565,0.1572,0.158,0.1588,0.1596,0.1604,0.1613,0.1621,0.1629,0.1638,0.1646,0.1655,0.1664,0.1673,0.1682,0.1691,0.17,0.1709,0.1718,0.1728,0.1737,0.1747,0.1757,0.1767,0.1777,0.1787,0.1797,0.1807,0.1818,0.1828,0.1839,0.1849,0.186,0.187,0.1881,0.1891,0.1902,0.1913,0.1924,0.1936,0.1949,0.195,0.1956,0.1966,0.1976,0.1987,0.1997,0.2008,0.2019,0.203,0.2041,0.2052,0.2063,0.2074,0.2086,0.2097,0.2109,0.2121,0.2133,0.2145,0.2158,0.217,0.2183,0.2195,0.2204,0.2187,0.2171,0.2155,0.2141,0.2127,0.2113,0.21,0.2086,0.2073,0.2067,0.2067,0.2066,0.2065,0.2064,0.2064,0.2063,0.2062,0.2061,0.206,0.206,0.2059,0.2058,0.2058,0.2058,0.2058,0.2057,0.2057,0.2057,0.2056,0.2056,0.1701,0.1712,0.1727,0.1742,0.1757,0.1773,0.1791,0.181,0.183,0.1851,0.1872,0.1893,0.1915,0.1938,0.1961,0.1984,0.2008,0.2091,0.2122,0.2155,0.2189,0.2223,0.2243,0.2247,0.225,0.2253,0.2256,0.2279,0.2313,0.2347,0.2383,0.244,2.4439,2.4336,2.4235,2.4134,2.4037,2.3942,2.3848,2.3755,2.3662,2.3571,2.348,2.339,2.33,2.3211,2.3123,2.3035,2.2948,2.2862,2.2776,2.2691,2.2607,2.2523,2.244,2.2358,2.2276,2.2194,2.2114,2.2033,2.1954,2.1875,2.1797,2.1719,2.1642,2.1565,2.1489,2.1413,2.1338,2.1263,2.1189,2.1116,2.1042,2.097,2.0898,2.0826,2.0755,2.0684,2.0614,2.0545,2.0476,2.0407,2.0339,2.0271,2.0203,2.0137,2.007,2.0004,1.9939,1.9873,1.9809,1.9744,1.968,1.95,1.8136,1.6336,1.4861,1.3662,1.1763,1.1319,1.1157,1.1098,1.104,1.0984,1.0929,1.0884,1.0871,1.0868,1.0864,1.086,1.0857,1.0853,1.0849,1.084,1.0817,1.0793,1.0769,1.0746,1.0722,1.0699,1.0676,1.0653,1.063,1.0607,1.0584,1.0561,1.0538,1.0516,1.0494,1.0471,1.0449,1.0427,1.0406,1.0385,1.0365,1.0344,1.0323,1.0302,1.0281,1.0259,1.0238,1.0217,1.0195,1.0174,1.0153
0.1453,0.1459,0.1466,0.1473,0.148,0.1487,0.1494,0.1501,0.1508,0.1516,0.1523,0.153,0.1538,0.1545,0.1553,0.1561,0.1569,0.1576,0.1584,0.1592,0.16,0.1609,0.1617,0.1625,0.1634,0.1642,0.1651,0.166,0.1668,0.1677,0.1686,0.1695,0.1705,0.1714,0.1723,0.1733,0.1742,0.1752,0.1762,0.1772,0.1782,0.1792,0.1802,0.1813,0.1823,0.1834,0.1844,0.1855,0.1866,0.1876,0.1887,0.1898,0.1909,0.192,0.1931,0.1942,0.1953,0.1964,0.1974,0.1985,0.1995,0.2006,0.2017,0.2028,0.2039,0.205,0.2061,0.2072,0.2084,0.2095,0.2107,0.2119,0.2131,0.2143,0.2156,0.2168,0.2181,0.2193,0.2206,0.2219,0.2232,0.2216,0.2199,0.2183,0.2167,0.2153,0.2139,0.2125,0.2111,0.2098,0.2093,0.2092,0.2091,0.2091,0.209,0.2089,0.2088,0.2088,0.2087,0.2086,0.2085,0.2085,0.2084,0.2084,0.2084,0.2083,0.2083,0.2083,0.2083,0.2082,0.2082,0.2082,0.1722,0.1737,0.1752,0.1767,0.1783,0.1801,0.1821,0.1842,0.1862,0.1884,0.1905,0.1927,0.195,0.1974,0.2062,0.2093,0.2124,0.2157,0.2191,0.2226,0.2249,0.2253,0.2257,0.226,0.2263,0.2266,0.2289,0.2323,0.2358,0.2399,0.2459,2.477,2.4665,2.456,2.4457,2.4357,2.426,2.4163,2.4067,2.3972,2.3878,2.3785,2.3692,2.36,2.3509,2.3419,2.3329,2.324,2.3151,2.3063,2.2976,2.289,2.2804,2.2719,2.2634,2.255,2.2467,2.2384,2.2302,2.2221,2.214,2.2059,2.198,2.1901,2.1822,2.1744,2.1666,2.1589,2.1513,2.1437,2.1362,2.1287,2.1213,2.1139,2.1066,2.0993,2.0921,2.0849,2.0778,2.0707,2.0637,2.0567,2.0498,2.0429,2.0361,2.0293,2.0225,2.0158,2.0091,2.0025,1.9959,1.9893,1.96,1.7589,1.5891,1.4501,1.3361,1.1615,1.1194,1.1133,1.1076,1.1019,1.0963,1.091,1.0874,1.0863,1.086,1.0856,1.0852,1.0849,1.0845,1.0841,1.0827,1.0804,1.078,1.0756,1.0733,1.071,1.0686,1.0663,1.064,1.0617,1.0594,1.0571,1.0549,1.0526,1.0504,1.0481,1.0459,1.0437,1.0415,1.0394,1.0373,1.0352,1.0332,1.0311,1.029,1.0269,1.0248,1.0226,1.0205,1.0184,1.0163,1.0142
0.1456,0.1463,0.147,0.1477,0.1484,0.1491,0.1498,0.1505,0.1512,0.1519,0.1527,0.1534,0.1542,0.1549,0.1557,0.1565,0.1573,0.1581,0.1589,0.1597,0.1605,0.1613,0.1621,0.163,0.1638,0.1647,0.1655,0.1664,0.1673,0.1682,0.1691,0.17,0.1709,0.1719,0.1728,0.1738,0.1747,0.1757,0.1767,0.1777,0.1787,0.1797,0.1808,0.1818,0.1829,0.1839,0.185,0.1861,0.1872,0.1883,0.1894,0.1904,0.1915,0.1926,0.1938,0.1949,0.196,0.1972,0.1984,0.1996,0.2009,0.2021,0.2034,0.2047,0.2059,0.207,0.2082,0.2093,0.2105,0.2117,0.2129,0.2141,0.2153,0.2166,0.2178,0.2191,0.2204,0.2217,0.223,0.2243,0.2257,0.2245,0.2228,0.2211,0.2194,0.218,0.2165,0.2151,0.2137,0.2123,0.2119,0.2119,0.2118,0.2117,0.2116,0.2115,0.2115,0.2114,0.2113,0.2112,0.2112,0.2111,0.2111,0.2111,0.211,0.211,0.211,0.2109,0.2109,0.2109,0.2108,0.2108,0.1736,0.1746,0.1762,0.1777,0.1793,0.1812,0.1832,0.1853,0.1874,0.1895,0.1917,0.194,0.2039,0.2064,0.2095,0.2127,0.2159,0.2193,0.2228,0.2256,0.226,0.2263,0.2267,0.227,0.2273,0.2276,0.23,0.2334,0.2369,0.2418,0.2479,2.511,2.5002,2.4895,2.4789,2.4685,2.4585,2.4486,2.4388,2.4291,2.4194,2.4098,2.4003,2.3909,2.3815,2.3722,2.363,2.3539,2.3448,2.3358,2.3268,2.318,2.3092,2.3004,2.2917,2.2831,2.2746,2.2661,2.2577,2.2494,2.2411,2.2328,2.2247,2.2166,2.2085,2.2005,2.1926,2.1847,2.1769,2.1691,2.1614,2.1538,2.1462,2.1386,2.1311,2.1237,2.1163,2.109,2.1017,2.0944,2.0872,2.0801,2.073,2.066,2.059,2.052,2.045,2.0381,2.0313,2.0245,2.0177,2.0068,1.9048,1.7074,1.5469,1.4162,1.3073,1.1495,1.1169,1.1111,1.1054,1.0998,1.0944,1.0893,1.0864,1.0856,1.0852,1.0848,1.0844,1.0841,1.0837,1.0833,1.0814,1.0791,1.0767,1.0744,1.072,1.0697,1.0674,1.065,1.0627,1.0605,1.0582,1.0559,1.0536,1.0514,1.0491,1.0469,1.0447,1.0425,1.0403,1.0381,1.0361,1.034,1.0319,1.0299,1.0278,1.0258,1.0236,1.0215,1.0194,1.0173,1.0152,1.0131
0.1460,0.1467,0.1473,0.148,0.1487,0.1494,0.1501,0.1509,0.1516,0.1523,0.1531,0.1538,0.1546,0.1553,0.1561,0.1569,0.1577,0.1585,0.1593,0.1601,0.1609,0.1617,0.1626,0.1634,0.1643,0.1651,0.166,0.1669,0.1678,0.1687,0.1696,0.1705,0.1714,0.1724,0.1733,0.1743,0.1752,0.1762,0.1772,0.1782,0.1792,0.1803,0.1813,0.1824,0.1834,0.1845,0.1856,0.1867,0.1878,0.1889,0.19,0.1911,0.1922,0.1933,0.1944,0.1956,0.1967,0.1979,0.1991,0.2003,0.2016,0.2028,0.2041,0.2054,0.2067,0.208,0.2094,0.2107,0.2121,0.2135,0.2149,0.2164,0.2176,0.2189,0.2202,0.2215,0.2228,0.2241,0.2254,0.2268,0.2282,0.2274,0.2257,0.224,0.2223,0.2207,0.2192,0.2178,0.2163,0.2149,0.2146,0.2146,0.2145,0.2144,0.2143,0.2142,0.2141,0.2141,0.214,0.2139,0.2139,0.2139,0.2138,0.2138,0.2138,0.2137,0.2137,0.2137,0.2136,0.2136,0.2136,0.2141,0.2149,0.1757,0.1771,0.1787,0.1803,0.1823,0.1844,0.1864,0.1886,0.1907,0.2058,0.2054,0.2066,0.2097,0.2129,0.2161,0.2195,0.223,0.2263,0.2266,0.227,0.2273,0.2277,0.2281,0.2283,0.2286,0.231,0.2345,0.238,0.2437,0.2499,2.546,2.5349,2.5239,2.5129,2.5023,2.492,2.4818,2.4717,2.4617,2.4518,2.442,2.4322,2.4225,2.4129,2.4034,2.3939,2.3845,2.3752,2.3659,2.3568,2.3477,2.3387,2.3297,2.3208,2.312,2.3032,2.2945,2.2859,2.2774,2.2689,2.2604,2.2521,2.2437,2.2355,2.2273,2.2192,2.2111,2.2031,2.1952,2.1873,2.1794,2.1716,2.1639,2.1562,2.1486,2.141,2.1335,2.1261,2.1187,2.1113,2.104,2.0967,2.0895,2.0823,2.0751,2.068,2.061,2.054,2.047,2.0401,2.0174,1.8447,1.6588,1.507,1.3838,1.2791,1.1195,1.1147,1.109,1.1033,1.0978,1.0924,1.0876,1.0854,1.0848,1.0844,1.084,1.0837,1.0833,1.0829,1.0825,1.0801,1.0778,1.0754,1.0731,1.0707,1.0684,1.0661,1.0638,1.0615,1.0592,1.0569,1.0547,1.0524,1.0502,1.0479,1.0457,1.0435,1.0413,1.0391,1.0369,1.0348,1.0328,1.0307,1.0287,1.0266,1.0246,1.0225,1.0203,1.0182,1.0161,1.014,1.012
0.1463,0.147,0.1477,0.1484,0.1491,0.1498,0.1505,0.1512,0.152,0.1527,0.1535,0.1542,0.155,0.1557,0.1565,0.1573,0.1581,0.1589,0.1597,0.1605,0.1613,0.1622,0.163,0.1639,0.1647,0.1656,0.1665,0.1673,0.1682,0.1691,0.1701,0.171,0.1719,0.1729,0.1738,0.1748,0.1758,0.1767,0.1777,0.1787,0.1798,0.1808,0.1818,0.1829,0.184,0.1851,0.1862,0.1873,0.1884,0.1895,0.1907,0.1918,0.1929,0.194,0.1951,0.1963,0.1975,0.1986,0.1998,0.2011,0.2023,0.2036,0.2049,0.2062,0.2075,0.2088,0.2102,0.2115,0.2129,0.2143,0.2158,0.2172,0.2187,0.2201,0.2217,0.2232,0.2247,0.2263,0.2279,0.2293,0.2307,0.2305,0.2287,0.2269,0.2252,0.2235,0.222,0.2205,0.219,0.2176,0.2174,0.2173,0.2172,0.2172,0.2171,0.217,0.2169,0.2168,0.2167,0.2167,0.2167,0.2167,0.2166,0.2166,0.2166,0.2165,0.2165,0.2165,0.2164,0.217,0.2179,0.2188,0.2166,0.2132,0.1781,0.1797,0.1814,0.1834,0.1855,0.1876,0.1898,0.2074,0.207,0.2076,0.2099,0.2131,0.2164,0.2197,0.2232,0.2269,0.2273,0.2276,0.228,0.2284,0.2287,0.2291,0.2293,0.2296,0.232,0.2355,0.2396,0.2457,0.252,2.5773,2.5705,2.5592,2.5479,2.537,2.5264,2.516,2.5056,2.4953,2.4851,2.475,2.4649,2.455,2.4451,2.4354,2.4256,2.416,2.4064,2.3969,2.3875,2.3782,2.3689,2.3598,2.3506,2.3416,2.3326,2.3237,2.3148,2.306,2.2973,2.2887,2.2801,2.2716,2.2631,2.2548,2.2464,2.2381,2.2299,2.2218,2.2137,2.2057,2.1977,2.1898,2.1819,2.1741,2.1664,2.1587,2.1511,2.1434,2.1359,2.1284,2.1209,2.1134,2.1061,2.0988,2.0915,2.0843,2.0771,2.07,2.0629,2.0055,1.7882,1.6129,1.4699,1.3529,1.121,1.1181,1.1126,1.1069,1.1012,1.0958,1.0905,1.0865,1.0844,1.084,1.0836,1.0833,1.0829,1.0825,1.0821,1.0812,1.0788,1.0765,1.0741,1.0718,1.0695,1.0671,1.0648,1.0625,1.0602,1.058,1.0557,1.0534,1.0512,1.0489,1.0467,1.0445,1.0423,1.0401,1.0379,1.0357,1.0336,1.0315,1.0295,1.0275,1.0254,1.0234,1.0213,1.0192,1.0171,1.015,1.0129,1.0108
0.1467,0.1474,0.1481,0.1488,0.1495,0.1502,0.1509,0.1516,0.1524,0.1531,0.1539,0.1546,0.1554,0.1561,0.1569,0.1577,0.1585,0.1593,0.1601,0.1609,0.1618,0.1626,0.1634,0.1643,0.1652,0.166,0.1669,0.1678,0.1687,0.1696,0.1705,0.1715,0.1724,0.1733,0.1743,0.1753,0.1763,0.1773,0.1783,0.1793,0.1803,0.1813,0.1824,0.1835,0.1845,0.1856,0.1867,0.1878,0.189,0.1901,0.1913,0.1924,0.1936,0.1947,0.1958,0.197,0.1982,0.1994,0.2006,0.2018,0.203,0.2043,0.2056,0.2069,0.2083,0.2096,0.211,0.2123,0.2137,0.2152,0.2166,0.218,0.2195,0.221,0.2225,0.2241,0.2256,0.2272,0.2288,0.2304,0.2321,0.2334,0.2318,0.23,0.2282,0.2264,0.2249,0.2233,0.2218,0.2203,0.2203,0.2202,0.2201,0.22,0.2199,0.2198,0.2197,0.2197,0.2196,0.2196,0.2196,0.2195,0.2195,0.2195,0.2194,0.2194,0.2194,0.22,0.2209,0.2219,0.2228,0.2214,0.2179,0.2145,0.2127,0.1808,0.1825,0.1846,0.1867,0.2096,0.209,0.2087,0.2093,0.2101,0.2133,0.2166,0.22,0.2235,0.2271,0.2279,0.2283,0.2287,0.229,0.2294,0.2298,0.2301,0.2304,0.2306,0.2331,0.2366,0.2415,0.2476,0.2541,2.6053,2.6072,2.5956,2.584,2.5726,2.5617,2.551,2.5404,2.5298,2.5193,2.5089,2.4986,2.4884,2.4782,2.4682,2.4582,2.4483,2.4385,2.4288,2.4191,2.4095,2.4,2.3906,2.3812,2.3719,2.3627,2.3536,2.3445,2.3355,2.3265,2.3177,2.3089,2.3001,2.2915,2.2829,2.2743,2.2659,2.2575,2.2491,2.2408,2.2326,2.2244,2.2163,2.2082,2.2003,2.1923,2.1844,2.1765,2.1687,2.1609,2.1532,2.1456,2.138,2.1304,2.123,2.1155,2.1081,2.1008,2.0935,2.0781,1.9394,1.735,1.5695,1.4351,1.1225,1.1196,1.1162,1.1105,1.1048,1.0992,1.0939,1.0888,1.0855,1.0836,1.0832,1.0828,1.0825,1.0821,1.0817,1.0814,1.0799,1.0776,1.0752,1.0729,1.0705,1.0682,1.0659,1.0636,1.0613,1.059,1.0567,1.0544,1.0522,1.0499,1.0477,1.0455,1.0433,1.0411,1.0389,1.0367,1.0345,1.0324,1.0303,1.0283,1.0263,1.0242,1.0222,1.0202,1.0181,1.016,1.0139,1.0118,1.0097
0.1470,0.1477,0.1484,0.1491,0.1498,0.1506,0.1513,0.152,0.1527,0.1535,0.1542,0.155,0.1558,0.1565,0.1573,0.1581,0.1589,0.1597,0.1605,0.1614,0.1622,0.163,0.1639,0.1647,0.1656,0.1665,0.1674,0.1683,0.1692,0.1701,0.171,0.1719,0.1729,0.1738,0.1748,0.1758,0.1768,0.1778,0.1788,0.1798,0.1808,0.1819,0.1829,0.184,0.1851,0.1862,0.1873,0.1884,0.1896,0.1907,0.1919,0.193,0.1942,0.1954,0.1965,0.1977,0.1989,0.2001,0.2013,0.2025,0.2038,0.2051,0.2064,0.2077,0.209,0.2104,0.2118,0.2131,0.2146,0.216,0.2174,0.2189,0.2204,0.2219,0.2234,0.225,0.2265,0.2281,0.2297,0.2314,0.2331,0.2345,0.235,0.2331,0.2313,0.2294,0.2278,0.2262,0.2246,0.2233,0.2232,0.2231,0.223,0.2229,0.2228,0.2227,0.2226,0.2226,0.2226,0.2225,0.2225,0.2225,0.2224,0.2224,0.2224,0.2231,0.2241,0.225,0.226,0.227,0.2265,0.2228,0.2192,0.2158,0.2137,0.1818,0.1837,0.2118,0.2112,0.2106,0.2103,0.211,0.2116,0.2135,0.2168,0.2202,0.2237,0.2273,0.2286,0.229,0.2294,0.2297,0.2301,0.2305,0.2308,0.2311,0.2314,0.2317,0.2342,0.2377,0.2434,0.2497,0.2562,2.6334,2.6449,2.6329,2.621,2.6093,2.5981,2.5871,2.5761,2.5652,2.5545,2.5438,2.5332,2.5227,2.5123,2.5019,2.4917,2.4815,2.4714,2.4614,2.4515,2.4417,2.4319,2.4222,2.4126,2.4031,2.3936,2.3842,2.3749,2.3657,2.3565,2.3474,2.3384,2.3294,2.3205,2.3117,2.3029,2.2942,2.2856,2.2771,2.2686,2.2602,2.2518,2.2434,2.2351,2.2269,2.2187,2.2106,2.2025,2.1945,2.1866,2.1787,2.1709,2.1631,2.1554,2.1477,2.1401,2.1325,2.1251,2.1176,2.0895,1.877,1.6849,1.5284,1.4019,1.2951,1.119,1.1141,1.1083,1.1027,1.0973,1.0919,1.0872,1.0845,1.0828,1.0824,1.082,1.0817,1.0813,1.0809,1.0806,1.0786,1.0763,1.0739,1.0716,1.0692,1.0669,1.0646,1.0623,1.06,1.0577,1.0555,1.0532,1.051,1.0487,1.0465,1.0443,1.0421,1.0399,1.0377,1.0355,1.0333,1.0312,1.0291,1.0271,1.025,1.023,1.021,1.019,1.0169,1.0148,1.0128,1.0107,1.0086
0.1474,0.1481,0.1488,0.1495,0.1502,0.1509,0.1517,0.1524,0.1531,0.1539,0.1546,0.1554,0.1562,0.157,0.1577,0.1585,0.1593,0.1601,0.161,0.1618,0.1626,0.1635,0.1643,0.1652,0.1661,0.1669,0.1678,0.1687,0.1696,0.1706,0.1715,0.1724,0.1734,0.1743,0.1753,0.1763,0.1773,0.1783,0.1793,0.1803,0.1814,0.1824,0.1835,0.1846,0.1857,0.1868,0.1879,0.189,0.1902,0.1913,0.1925,0.1937,0.1949,0.1961,0.1972,0.1984,0.1996,0.2008,0.202,0.2033,0.2045,0.2058,0.2071,0.2085,0.2098,0.2112,0.2126,0.214,0.2154,0.2168,0.2183,0.2197,0.2212,0.2228,0.2243,0.2259,0.2274,0.2291,0.2307,0.2323,0.2342,0.2357,0.2363,0.2363,0.2344,0.2326,0.2308,0.2292,0.2276,0.2263,0.2262,0.2261,0.226,0.2259,0.2258,0.2257,0.2257,0.2257,0.2256,0.2256,0.2255,0.2255,0.2255,0.2263,0.2273,0.2283,0.2293,0.2303,0.2313,0.2317,0.2279,0.2242,0.2206,0.2171,0.2148,0.2141,0.2135,0.2128,0.2122,0.212,0.2127,0.2133,0.2139,0.217,0.2204,0.2239,0.2276,0.2293,0.2297,0.23,0.2304,0.2308,0.2312,0.2315,0.2319,0.2322,0.2324,0.2327,0.2353,0.2394,0.2454,0.2517,2.5765,2.654,2.6768,2.6714,2.6592,2.647,2.6356,2.6242,2.6129,2.6017,2.5906,2.5796,2.5687,2.5579,2.5472,2.5366,2.5261,2.5156,2.5052,2.495,2.4848,2.4746,2.4646,2.4547,2.4448,2.435,2.4253,2.4157,2.4061,2.3966,2.3872,2.3779,2.3686,2.3595,2.3503,2.3413,2.3323,2.3234,2.3145,2.3058,2.297,2.2883,2.2796,2.2711,2.2626,2.2541,2.2458,2.2374,2.2292,2.221,2.2128,2.2048,2.1968,2.1888,2.1809,2.1731,2.1653,2.1575,2.1499,2.1413,2.0439,1.8185,1.6376,1.4903,1.3702,1.1615,1.1295,1.1119,1.1062,1.1007,1.0953,1.0901,1.0855,1.0835,1.082,1.0816,1.0813,1.0809,1.0805,1.0802,1.0797,1.0773,1.075,1.0726,1.0703,1.068,1.0657,1.0634,1.0611,1.0588,1.0565,1.0542,1.052,1.0497,1.0475,1.0453,1.0431,1.0408,1.0386,1.0365,1.0343,1.0321,1.0299,1.0279,1.0259,1.0238,1.0218,1.0198,1.0178,1.0158,1.0137,1.0116,1.0096,1.0075
0.1478,0.1484,0.1492,0.1499,0.1506,0.1513,0.152,0.1528,0.1535,0.1543,0.155,0.1558,0.1566,0.1574,0.1582,0.1589,0.1598,0.1606,0.1614,0.1622,0.1631,0.1639,0.1648,0.1656,0.1665,0.1674,0.1683,0.1692,0.1701,0.171,0.172,0.1729,0.1739,0.1749,0.1758,0.1768,0.1778,0.1788,0.1798,0.1809,0.1819,0.183,0.1841,0.1851,0.1862,0.1873,0.1885,0.1896,0.1908,0.1919,0.1931,0.1943,0.1955,0.1967,0.198,0.1991,0.2003,0.2015,0.2028,0.204,0.2053,0.2066,0.2079,0.2092,0.2106,0.212,0.2134,0.2148,0.2162,0.2177,0.2191,0.2206,0.2221,0.2236,0.2252,0.2268,0.2284,0.23,0.2316,0.2334,0.2352,0.2369,0.2375,0.2381,0.2377,0.2357,0.2339,0.2322,0.2305,0.2293,0.2292,0.2291,0.2291,0.229,0.2289,0.2288,0.2288,0.2288,0.2287,0.2287,0.2287,0.2296,0.2306,0.2316,0.2327,0.2337,0.2348,0.2358,0.2369,0.2332,0.2293,0.2256,0.2219,0.2184,0.2158,0.2151,0.2145,0.2138,0.2137,0.2144,0.215,0.2157,0.2172,0.2206,0.2242,0.2278,0.23,0.2303,0.2307,0.2311,0.2315,0.2318,0.2322,0.2326,0.2329,0.2332,0.2335,0.2338,0.2364,0.2413,0.2474,0.2538,2.5895,2.6612,2.707,2.711,2.6984,2.6859,2.674,2.6623,2.6507,2.6392,2.6278,2.6165,2.6053,2.5942,2.5832,2.5722,2.5614,2.5507,2.54,2.5295,2.519,2.5086,2.4983,2.488,2.4779,2.4678,2.4579,2.448,2.4382,2.4284,2.4188,2.4092,2.3997,2.3902,2.3809,2.3716,2.3624,2.3532,2.344,2.335,2.326,2.3171,2.3082,2.2994,2.2907,2.282,2.2735,2.2649,2.2565,2.2481,2.2398,2.2315,2.2233,2.2151,2.207,2.199,2.191,2.1831,2.1753,2.1548,1.9751,1.7635,1.5928,1.4545,1.3399,1.1543,1.1157,1.1098,1.1041,1.0987,1.0933,1.0884,1.0845,1.0825,1.0812,1.0809,1.0805,1.0801,1.0798,1.0794,1.0784,1.076,1.0737,1.0714,1.069,1.0667,1.0644,1.0621,1.0598,1.0575,1.0553,1.053,1.0507,1.0485,1.0463,1.0441,1.0418,1.0396,1.0374,1.0353,1.0331,1.0309,1.0288,1.0267,1.0247,1.0226,1.0206,1.0186,1.0166,1.0146,1.0126,1.0105,1.0085,1.0064
0.1481,0.1488,0.1495,0.1502,0.151,0.1517,0.1524,0.1532,0.1539,0.1547,0.1554,0.1562,0.157,0.1578,0.1586,0.1594,0.1602,0.161,0.1618,0.1627,0.1635,0.1644,0.1652,0.1661,0.167,0.1679,0.1688,0.1697,0.1706,0.1715,0.1725,0.1734,0.1744,0.1754,0.1763,0.1773,0.1783,0.1794,0.1804,0.1814,0.1825,0.1835,0.1846,0.1857,0.1868,0.1879,0.1891,0.1902,0.1914,0.1925,0.1937,0.1949,0.1961,0.1974,0.1986,0.1999,0.2011,0.2023,0.2035,0.2048,0.206,0.2073,0.2087,0.21,0.2114,0.2128,0.2142,0.2156,0.217,0.2185,0.22,0.2215,0.223,0.2245,0.2261,0.2277,0.2293,0.2309,0.2326,0.2344,0.2363,0.2381,0.2387,0.2394,0.24,0.239,0.2371,0.2353,0.2336,0.2325,0.2324,0.2323,0.2322,0.2321,0.2321,0.2321,0.232,0.232,0.2319,0.233,0.234,0.2351,0.2361,0.2372,0.2383,0.2394,0.2405,0.2416,0.2388,0.2347,0.2308,0.227,0.2233,0.2197,0.2168,0.2162,0.2155,0.2155,0.2161,0.2168,0.2174,0.2181,0.2208,0.2244,0.228,0.2306,0.231,0.2314,0.2318,0.2322,0.2325,0.2329,0.2333,0.2337,0.234,0.2343,0.2346,0.2348,0.2375,0.2432,2.5418,2.5802,2.6131,2.6671,2.7375,2.7518,2.7389,2.726,2.7137,2.7016,2.6897,2.6778,2.6661,2.6545,2.6429,2.6315,2.6202,2.6089,2.5978,2.5867,2.5757,2.5649,2.5541,2.5435,2.5329,2.5223,2.5119,2.5016,2.4913,2.4812,2.4711,2.4611,2.4512,2.4413,2.4316,2.4219,2.4122,2.4026,2.3931,2.3836,2.3742,2.3649,2.3557,2.3466,2.3375,2.3285,2.3196,2.3107,2.3019,2.2932,2.2845,2.2759,2.2673,2.2589,2.2505,2.2421,2.2338,2.2256,2.2174,2.2093,2.2013,2.1603,1.9104,1.7117,1.5505,1.4204,1.3109,1.1548,1.1134,1.1076,1.1021,1.0967,1.0914,1.0867,1.0836,1.0815,1.0804,1.0801,1.0797,1.0793,1.079,1.0786,1.0771,1.0748,1.0724,1.0701,1.0678,1.0654,1.0631,1.0608,1.0586,1.0563,1.054,1.0518,1.0495,1.0473,1.0451,1.0428,1.0406,1.0384,1.0363,1.0341,1.0319,1.0297,1.0276,1.0255,1.0235,1.0214,1.0194,1.0174,1.0154,1.0135,1.0115,1.0094,1.0073,1.0053
0.1485,0.1492,0.1499,0.1506,0.1513,0.1521,0.1528,0.1535,0.1543,0.1551,0.1558,0.1566,0.1574,0.1582,0.159,0.1598,0.1606,0.1614,0.1623,0.1631,0.164,0.1648,0.1657,0.1666,0.1674,0.1683,0.1692,0.1702,0.1711,0.172,0.173,0.1739,0.1749,0.1759,0.1769,0.1779,0.1789,0.1799,0.1809,0.182,0.183,0.1841,0.1852,0.1863,0.1874,0.1885,0.1897,0.1908,0.192,0.1931,0.1943,0.1955,0.1968,0.198,0.1993,0.2005,0.2018,0.203,0.2043,0.2055,0.2068,0.2081,0.2094,0.2108,0.2122,0.2136,0.215,0.2164,0.2179,0.2193,0.2208,0.2224,0.2239,0.2254,0.227,0.2286,0.2302,0.2319,0.2337,0.2355,0.2374,0.2393,0.24,0.2406,0.2412,0.2419,0.2404,0.2385,0.2368,0.2358,0.2357,0.2356,0.2355,0.2354,0.2354,0.2354,0.2354,0.2365,0.2375,0.2386,0.2397,0.2408,0.242,0.2431,0.2442,0.2454,0.2465,0.2447,0.2404,0.2363,0.2323,0.2284,0.2246,0.221,0.2179,0.2172,0.2172,0.2179,0.2186,0.2192,0.2199,0.2211,0.2246,0.2283,0.2313,0.2317,0.2321,0.2325,0.2328,0.2332,0.2336,0.234,0.2344,0.2348,0.2351,0.2353,0.2356,0.2359,0.2391,2.5063,2.5553,2.6005,2.6361,2.6698,2.7521,2.7843,2.7805,2.7672,2.7545,2.7421,2.7298,2.7176,2.7055,2.6935,2.6816,2.6699,2.6582,2.6467,2.6352,2.6238,2.6125,2.6013,2.5903,2.5793,2.5684,2.5576,2.5469,2.5363,2.5257,2.5153,2.5049,2.4946,2.4844,2.4742,2.4641,2.4541,2.4442,2.4343,2.4246,2.4149,2.4053,2.3957,2.3863,2.3769,2.3675,2.3583,2.3491,2.34,2.331,2.3221,2.3132,2.3044,2.2956,2.2869,2.2783,2.2697,2.2612,2.2528,2.2444,2.2361,2.2241,2.0838,1.8498,1.6629,1.5113,1.3879,1.2823,1.1488,1.1112,1.1056,1.1002,1.0948,1.0897,1.085,1.0826,1.0805,1.0797,1.0793,1.0789,1.0786,1.0782,1.0778,1.0758,1.0735,1.0711,1.0688,1.0665,1.0642,1.0619,1.0596,1.0573,1.055,1.0528,1.0505,1.0483,1.0461,1.0439,1.0416,1.0394,1.0372,1.0351,1.0329,1.0307,1.0286,1.0264,1.0243,1.0223,1.0202,1.0182,1.0162,1.0143,1.0123,1.0103,1.0083,1.0062,1.0042
0.1488,0.1495,0.1503,0.151,0.1517,0.1524,0.1532,0.1539,0.1547,0.1555,0.1562,0.157,0.1578,0.1586,0.1594,0.1602,0.161,0.1619,0.1627,0.1635,0.1644,0.1653,0.1661,0.167,0.1679,0.1688,0.1697,0.1706,0.1716,0.1725,0.1735,0.1744,0.1754,0.1764,0.1774,0.1784,0.1794,0.1804,0.1815,0.1825,0.1836,0.1847,0.1858,0.1869,0.188,0.1891,0.1902,0.1914,0.1926,0.1938,0.195,0.1962,0.1974,0.1987,0.1999,0.2012,0.2025,0.2038,0.2051,0.2063,0.2076,0.2089,0.2102,0.2116,0.213,0.2144,0.2158,0.2173,0.2187,0.2202,0.2217,0.2232,0.2248,0.2263,0.2279,0.2296,0.2312,0.2329,0.2347,0.2366,0.2385,0.2405,0.2412,0.2418,0.2425,0.2431,0.2438,0.2418,0.24,0.2391,0.239,0.2389,0.2389,0.2388,0.2389,0.24,0.2412,0.2423,0.2434,0.2446,0.2457,0.2469,0.2481,0.2492,0.2504,0.2517,0.2509,0.2463,0.242,0.2378,0.2337,0.2298,0.226,0.2224,0.219,0.219,0.2197,0.2204,0.2211,0.2218,0.2225,0.2248,0.2285,0.232,0.2324,0.2328,0.2332,0.2335,0.2339,0.2343,0.2347,0.2351,0.2355,0.2358,0.2361,0.2364,0.2367,0.237,2.4717,2.5194,2.569,2.6205,2.6573,2.6923,2.7598,2.817,2.8235,2.8098,2.7966,2.7838,2.7712,2.7586,2.7461,2.7338,2.7215,2.7094,2.6974,2.6855,2.6736,2.6619,2.6504,2.6389,2.6275,2.6162,2.6049,2.5938,2.5828,2.5719,2.561,2.5503,2.5395,2.5289,2.5184,2.5079,2.4975,2.4873,2.4771,2.4669,2.4569,2.447,2.4371,2.4273,2.4176,2.4079,2.3984,2.3889,2.3795,2.3702,2.3609,2.3517,2.3426,2.3336,2.3246,2.3157,2.3068,2.2981,2.2893,2.2807,2.2721,2.2636,2.2373,2.0121,1.793,1.6168,1.4745,1.3568,1.2548,1.1278,1.1091,1.1036,1.0982,1.0928,1.088,1.0836,1.0816,1.0796,1.0789,1.0785,1.0782,1.0778,1.0774,1.0769,1.0745,1.0722,1.0699,1.0675,1.0652,1.0629,1.0606,1.0583,1.0561,1.0538,1.0516,1.0493,1.0471,1.0449,1.0426,1.0404,1.0382,1.0361,1.0339,1.0317,1.0295,1.0274,1.0252,1.0231,1.0211,1.019,1.0171,1.0151,1.0131,1.0111,1.0091,1.0072,1.0051,1.0031
0.1492,0.1499,0.1506,0.1514,0.1521,0.1528,0.1536,0.1543,0.1551,0.1559,0.1566,0.1574,0.1582,0.159,0.1598,0.1606,0.1615,0.1623,0.1631,0.164,0.1648,0.1657,0.1666,0.1675,0.1684,0.1693,0.1702,0.1711,0.1721,0.173,0.174,0.1749,0.1759,0.1769,0.1779,0.1789,0.1799,0.181,0.182,0.1831,0.1841,0.1852,0.1863,0.1874,0.1886,0.1897,0.1908,0.192,0.1932,0.1944,0.1956,0.1968,0.1981,0.1993,0.2006,0.2019,0.2032,0.2045,0.2058,0.2071,0.2084,0.2097,0.211,0.2124,0.2138,0.2152,0.2166,0.2181,0.2196,0.2211,0.2226,0.2241,0.2257,0.2273,0.2289,0.2305,0.2321,0.2339,0.2358,0.2377,0.2396,0.2416,0.2424,0.2431,0.2437,0.2444,0.245,0.2453,0.2433,0.2425,0.2424,0.2424,0.2426,0.2437,0.2449,0.246,0.2472,0.2484,0.2496,0.2508,0.252,0.2532,0.2545,0.2557,0.257,0.2573,0.2526,0.248,0.2436,0.2394,0.2353,0.2313,0.2275,0.2237,0.2201,0.2215,0.2222,0.2229,0.2236,0.2243,0.2251,0.2287,0.2325,0.2331,0.2335,0.2339,0.2343,0.2346,0.235,0.2354,0.2358,0.2362,0.2366,0.2369,0.2372,0.2375,0.2378,2.4381,2.4845,2.5327,2.5827,2.6348,2.6789,2.7166,2.7672,2.8494,2.866,2.8536,2.84,2.8268,2.8137,2.8008,2.7879,2.7752,2.7626,2.7501,2.7377,2.7255,2.7133,2.7012,2.6893,2.6774,2.6657,2.6541,2.6426,2.6311,2.6197,2.6084,2.5972,2.5861,2.575,2.5641,2.5533,2.5425,2.5319,2.5213,2.5108,2.5004,2.4901,2.4799,2.4698,2.4597,2.4498,2.4399,2.43,2.4203,2.4106,2.4011,2.3916,2.3821,2.3728,2.3635,2.3543,2.3451,2.3361,2.3271,2.3182,2.3093,2.3005,2.2918,2.2049,1.945,1.7395,1.5732,1.4395,1.3271,1.2284,1.1127,1.1071,1.1016,1.0962,1.0909,1.0863,1.0826,1.0806,1.0786,1.0781,1.0777,1.0774,1.077,1.0766,1.0756,1.0733,1.0709,1.0686,1.0663,1.064,1.0617,1.0594,1.0571,1.0548,1.0526,1.0503,1.0481,1.0459,1.0436,1.0414,1.0392,1.037,1.0349,1.0327,1.0305,1.0284,1.0262,1.0241,1.022,1.0199,1.0179,1.0159,1.0139,1.0119,1.0099,1.008,1.006,1.004,1.002
0.1496,0.1503,0.151,0.1517,0.1525,0.1532,0.154,0.1547,0.1555,0.1563,0.157,0.1578,0.1586,0.1594,0.1602,0.1611,0.1619,0.1627,0.1636,0.1644,0.1653,0.1662,0.1671,0.1679,0.1688,0.1698,0.1707,0.1716,0.1725,0.1735,0.1745,0.1754,0.1764,0.1774,0.1784,0.1794,0.1805,0.1815,0.1826,0.1836,0.1847,0.1858,0.1869,0.188,0.1891,0.1903,0.1915,0.1926,0.1938,0.195,0.1962,0.1975,0.1987,0.2,0.2012,0.2025,0.2039,0.2052,0.2065,0.2079,0.2092,0.2105,0.2119,0.2132,0.2146,0.216,0.2175,0.219,0.2204,0.2219,0.2235,0.225,0.2266,0.2282,0.2298,0.2314,0.2331,0.235,0.2369,0.2388,0.2408,0.2428,0.2437,0.2444,0.245,0.2457,0.2463,0.247,0.2467,0.2461,0.2464,0.2476,0.2487,0.2499,0.2511,0.2524,0.2536,0.2548,0.2561,0.2573,0.2585,0.2597,0.261,0.2622,0.262,0.2592,0.2544,0.2497,0.2453,0.241,0.2368,0.2328,0.2289,0.2251,0.2215,0.2236,0.2248,0.2255,0.2263,0.227,0.229,0.2328,0.2338,0.2342,0.2346,0.235,0.2353,0.2357,0.2361,0.2365,0.2369,0.2373,0.2377,0.238,0.2383,2.362,2.4055,2.4506,2.4974,2.5461,2.5967,2.6494,2.7008,2.7391,2.7763,2.8577,2.9008,2.8989,2.8848,2.8712,2.8577,2.8443,2.8311,2.8179,2.8049,2.792,2.7793,2.7667,2.7541,2.7417,2.7294,2.7172,2.7051,2.693,2.6811,2.6692,2.6575,2.6459,2.6343,2.6229,2.6116,2.6003,2.5892,2.5781,2.5672,2.5563,2.5455,2.5348,2.5242,2.5138,2.5033,2.493,2.4828,2.4726,2.4625,2.4525,2.4426,2.4328,2.423,2.4134,2.4037,2.3942,2.3848,2.3754,2.3661,2.3569,2.3477,2.3386,2.3296,2.3122,2.1253,1.8822,1.6891,1.5328,1.4061,1.2981,1.2029,1.1106,1.1051,1.0996,1.0943,1.0892,1.0846,1.0816,1.0796,1.0777,1.0773,1.077,1.0766,1.0762,1.0759,1.0743,1.072,1.0696,1.0673,1.065,1.0627,1.0604,1.0581,1.0559,1.0536,1.0513,1.0491,1.0469,1.0446,1.0424,1.0402,1.038,1.0358,1.0337,1.0315,1.0293,1.0272,1.025,1.0229,1.0208,1.0187,1.0167,1.0147,1.0127,1.0107,1.0088,1.0068,1.0049,1.0029,1.0009
0.1499,0.1507,0.1514,0.1521,0.1529,0.1536,0.1544,0.1551,0.1559,0.1567,0.1575,0.1582,0.159,0.1599,0.1607,0.1615,0.1623,0.1632,0.164,0.1649,0.1657,0.1666,0.1675,0.1684,0.1693,0.1702,0.1712,0.1721,0.173,0.174,0.175,0.1759,0.1769,0.1779,0.1789,0.18,0.181,0.1821,0.1831,0.1842,0.1853,0.1864,0.1875,0.1886,0.1897,0.1909,0.1921,0.1932,0.1944,0.1956,0.1969,0.1981,0.1994,0.2006,0.2019,0.2032,0.2045,0.2059,0.2072,0.2086,0.21,0.2113,0.2127,0.214,0.2154,0.2169,0.2183,0.2198,0.2213,0.2228,0.2244,0.2259,0.2275,0.2291,0.2307,0.2324,0.2342,0.2361,0.238,0.2399,0.2419,0.2439,0.245,0.2456,0.2463,0.247,0.2476,0.2483,0.2503,0.2524,0.2523,0.2535,0.2547,0.2558,0.257,0.2582,0.2595,0.2607,0.2619,0.2632,0.2644,0.2641,0.2639,0.2636,0.2633,0.2612,0.2562,0.2515,0.2469,0.2426,0.2383,0.2343,0.2303,0.2265,0.2228,0.2244,0.2274,0.2282,0.2289,0.2297,0.233,0.2345,0.2349,0.2353,0.2357,0.2361,0.2365,0.2368,0.2372,0.2376,0.238,0.2384,0.2388,0.2391,2.3313,2.3737,2.4176,2.4631,2.5105,2.5596,2.6108,2.664,2.7195,2.762,2.8022,2.866,2.9363,2.9456,2.931,2.9169,2.903,2.8892,2.8755,2.862,2.8486,2.8353,2.8221,2.8091,2.7962,2.7833,2.7706,2.7579,2.7454,2.733,2.7207,2.7085,2.6964,2.6844,2.6725,2.6608,2.6491,2.6375,2.6261,2.6147,2.6034,2.5923,2.5812,2.5702,2.5593,2.5486,2.5378,2.5272,2.5167,2.5063,2.4959,2.4856,2.4755,2.4653,2.4553,2.4454,2.4355,2.4257,2.4161,2.4064,2.3969,2.3874,2.378,2.3687,2.3595,2.3263,2.0505,1.8234,1.6416,1.495,1.3742,1.27,1.1418,1.1086,1.1031,1.0977,1.0923,1.0875,1.0829,1.0806,1.0786,1.0769,1.0766,1.0762,1.0758,1.0755,1.0751,1.073,1.0707,1.0684,1.066,1.0637,1.0615,1.0592,1.0569,1.0546,1.0524,1.0501,1.0479,1.0457,1.0434,1.0412,1.039,1.0368,1.0347,1.0325,1.0303,1.0282,1.026,1.0239,1.0218,1.0196,1.0175,1.0155,1.0135,1.0115,1.0096,1.0076,1.0056,1.0037,1.0018,0.9998
0.1503,0.151,0.1518,0.1525,0.1533,0.154,0.1548,0.1555,0.1563,0.1571,0.1579,0.1587,0.1595,0.1603,0.1611,0.1619,0.1628,0.1636,0.1645,0.1653,0.1662,0.1671,0.168,0.1689,0.1698,0.1707,0.1716,0.1726,0.1735,0.1745,0.1755,0.1765,0.1775,0.1785,0.1795,0.1805,0.1816,0.1826,0.1837,0.1847,0.1858,0.1869,0.1881,0.1892,0.1903,0.1915,0.1927,0.1939,0.1951,0.1963,0.1975,0.1988,0.2,0.2013,0.2026,0.2039,0.2052,0.2066,0.208,0.2093,0.2107,0.2121,0.2135,0.2149,0.2163,0.2177,0.2192,0.2207,0.2222,0.2237,0.2253,0.2268,0.2284,0.2301,0.2317,0.2334,0.2353,0.2372,0.2391,0.2411,0.2431,0.2451,0.2463,0.2469,0.2476,0.2483,0.2489,0.2536,0.272,0.274,0.2708,0.2676,0.2645,0.2617,0.2629,0.2642,0.2654,0.2665,0.2663,0.266,0.2657,0.2655,0.2652,0.2649,0.2647,0.2633,0.2582,0.2533,0.2487,0.2442,0.2399,0.2358,0.2318,0.228,0.2242,0.2253,0.2283,0.2309,0.2317,0.2333,0.2352,0.2356,0.236,0.2364,0.2368,0.2372,0.2376,0.238,0.2384,0.2388,0.2392,0.2396,2.2616,2.3014,2.3427,2.3855,2.4298,2.4758,2.5236,2.5733,2.625,2.6789,2.735,2.7854,2.8261,2.8744,2.9676,2.9896,2.9787,2.9641,2.9498,2.9355,2.9214,2.9075,2.8937,2.8799,2.8663,2.8528,2.8393,2.826,2.8129,2.7999,2.7869,2.7742,2.7615,2.7489,2.7364,2.7241,2.7119,2.6998,2.6878,2.6759,2.664,2.6524,2.6408,2.6293,2.6179,2.6066,2.5954,2.5843,2.5733,2.5624,2.5516,2.5408,2.5302,2.5197,2.5092,2.4988,2.4885,2.4783,2.4682,2.4581,2.4482,2.4383,2.4285,2.4188,2.4091,2.3995,2.3882,2.2514,1.9809,1.7681,1.5966,1.459,1.3437,1.243,1.1205,1.1065,1.1011,1.0957,1.0905,1.0859,1.0817,1.0797,1.0776,1.0761,1.0758,1.0754,1.0751,1.0747,1.0741,1.0717,1.0694,1.0671,1.0648,1.0625,1.0602,1.0579,1.0556,1.0534,1.0511,1.0489,1.0467,1.0444,1.0422,1.04,1.0378,1.0356,1.0335,1.0313,1.0291,1.027,1.0248,1.0227,1.0206,1.0185,1.0164,1.0143,1.0123,1.0104,1.0084,1.0064,1.0045,1.0025,1.0006,0.9987
0.1507,0.1514,0.1522,0.1529,0.1536,0.1544,0.1552,0.1559,0.1567,0.1575,0.1583,0.1591,0.1599,0.1607,0.1615,0.1624,0.1632,0.1641,0.1649,0.1658,0.1667,0.1675,0.1684,0.1694,0.1703,0.1712,0.1721,0.1731,0.174,0.175,0.176,0.177,0.178,0.179,0.18,0.181,0.1821,0.1832,0.1842,0.1853,0.1864,0.1875,0.1886,0.1898,0.1909,0.1921,0.1933,0.1945,0.1957,0.1969,0.1982,0.1994,0.2007,0.202,0.2033,0.2046,0.2059,0.2073,0.2087,0.2101,0.2115,0.2129,0.2143,0.2157,0.2171,0.2186,0.22,0.2215,0.2231,0.2246,0.2262,0.2278,0.2294,0.231,0.2327,0.2345,0.2364,0.2383,0.2402,0.2422,0.2442,0.2463,0.2476,0.2482,0.2489,0.2496,0.257,0.2742,0.2885,0.2873,0.2873,0.2875,0.2877,0.2879,0.2881,0.2883,0.2682,0.2679,0.2676,0.2674,0.2671,0.2668,0.2666,0.2663,0.266,0.2654,0.2602,0.2553,0.2505,0.2459,0.2415,0.2373,0.2333,0.2294,0.2256,0.2261,0.2291,0.2322,0.2345,0.2359,0.2363,0.2367,0.2371,0.2375,0.2379,0.2386,0.2394,0.2402,0.241,0.2418,2.1941,2.2335,2.2723,2.3125,2.3542,2.3974,2.4421,2.4886,2.537,2.5871,2.6394,2.6939,2.7506,2.8091,2.8505,2.8933,2.9874,3.0276,3.028,3.013,2.9981,2.9834,2.9688,2.9543,2.9399,2.9257,2.9116,2.8976,2.8838,2.8701,2.8566,2.8431,2.8298,2.8166,2.8035,2.7906,2.7777,2.765,2.7524,2.7399,2.7276,2.7153,2.7032,2.6911,2.6792,2.6674,2.6557,2.644,2.6325,2.6211,2.6098,2.5985,2.5874,2.5764,2.5654,2.5546,2.5438,2.5332,2.5226,2.5121,2.5017,2.4914,2.4812,2.471,2.4609,2.451,2.4411,2.4312,2.4075,2.1682,1.9159,1.7161,1.555,1.4247,1.3146,1.217,1.11,1.1046,1.0991,1.0938,1.0888,1.0842,1.0807,1.0787,1.0767,1.0754,1.075,1.0746,1.0743,1.0739,1.0728,1.0705,1.0681,1.0658,1.0635,1.0612,1.059,1.0567,1.0544,1.0522,1.0499,1.0477,1.0454,1.0432,1.041,1.0388,1.0366,1.0344,1.0323,1.0301,1.028,1.0258,1.0237,1.0216,1.0194,1.0173,1.0152,1.0131,1.0111,1.0092,1.0072,1.0053,1.0033,1.0014,0.9995,0.9975
0.1511,0.1518,0.1525,0.1533,0.154,0.1548,0.1556,0.1563,0.1571,0.1579,0.1587,0.1595,0.1603,0.1611,0.162,0.1628,0.1636,0.1645,0.1654,0.1662,0.1671,0.168,0.1689,0.1698,0.1708,0.1717,0.1726,0.1736,0.1745,0.1755,0.1765,0.1775,0.1785,0.1795,0.1806,0.1816,0.1826,0.1837,0.1848,0.1859,0.187,0.1881,0.1892,0.1904,0.1915,0.1927,0.1939,0.1951,0.1963,0.1976,0.1988,0.2001,0.2014,0.2026,0.204,0.2053,0.2066,0.208,0.2094,0.2108,0.2122,0.2137,0.2151,0.2166,0.218,0.2194,0.2209,0.2224,0.224,0.2255,0.2271,0.2287,0.2303,0.232,0.2337,0.2356,0.2375,0.2394,0.2414,0.2434,0.2454,0.2474,0.2489,0.2496,0.2502,0.2605,0.2745,0.302,0.3008,0.2995,0.2982,0.2982,0.2984,0.2986,0.2988,0.2991,0.2993,0.2693,0.269,0.2688,0.2685,0.2682,0.268,0.2677,0.2674,0.2672,0.2623,0.2572,0.2524,0.2478,0.2433,0.2389,0.2348,0.2308,0.227,0.2269,0.23,0.2331,0.2384,0.2392,0.24,0.2408,0.2416,0.2424,0.2432,0.244,0.2448,0.2457,2.1203,2.1416,2.206,2.2439,2.2831,2.3237,2.3657,2.4094,2.4546,2.5016,2.5504,2.6011,2.654,2.709,2.7664,2.8263,2.8754,2.9187,3.0075,3.0694,3.0789,3.0634,3.0479,3.0326,3.0175,3.0024,2.9876,2.9729,2.9583,2.944,2.9297,2.9155,2.9016,2.8877,2.8739,2.8603,2.8469,2.8335,2.8202,2.8072,2.7942,2.7813,2.7686,2.7559,2.7434,2.731,2.7187,2.7066,2.6945,2.6825,2.6707,2.6589,2.6473,2.6357,2.6243,2.6129,2.6017,2.5905,2.5795,2.5685,2.5576,2.5469,2.5361,2.5255,2.515,2.5046,2.4943,2.484,2.4738,2.4637,2.3935,2.0905,1.8549,1.6671,1.5161,1.392,1.2855,1.1555,1.108,1.1026,1.0972,1.0918,1.0871,1.0825,1.0797,1.0777,1.0757,1.0746,1.0742,1.0739,1.0735,1.0731,1.0715,1.0692,1.0669,1.0646,1.0623,1.06,1.0577,1.0554,1.0532,1.0509,1.0487,1.0464,1.0442,1.042,1.0398,1.0376,1.0354,1.0333,1.0311,1.0289,1.0268,1.0246,1.0225,1.0204,1.0183,1.0162,1.0141,1.012,1.01,1.008,1.0061,1.0041,1.0022,1.0002,0.9983,0.9964
0.1514,0.1522,0.1529,0.1537,0.1544,0.1552,0.156,0.1567,0.1575,0.1583,0.1591,0.1599,0.1607,0.1616,0.1624,0.1632,0.1641,0.1649,0.1658,0.1667,0.1676,0.1685,0.1694,0.1703,0.1712,0.1722,0.1731,0.1741,0.175,0.176,0.177,0.178,0.179,0.1801,0.1811,0.1821,0.1832,0.1843,0.1854,0.1865,0.1876,0.1887,0.1898,0.191,0.1922,0.1933,0.1945,0.1957,0.197,0.1982,0.1995,0.2007,0.202,0.2033,0.2047,0.206,0.2073,0.2087,0.2101,0.2115,0.213,0.2144,0.2159,0.2174,0.2189,0.2203,0.2218,0.2233,0.2248,0.2264,0.228,0.2296,0.2313,0.2329,0.2348,0.2367,0.2386,0.2405,0.2425,0.2445,0.2466,0.2486,0.2502,0.2509,0.2623,0.2749,0.3169,0.3155,0.3141,0.3127,0.3113,0.31,0.3099,0.3102,0.3104,0.3087,0.3055,0.3023,0.2704,0.2702,0.2699,0.2696,0.2693,0.2691,0.2688,0.2685,0.2643,0.2592,0.2543,0.2496,0.2451,0.2407,0.2364,0.2323,0.2285,0.2277,0.2354,0.2429,0.2438,0.2446,0.2454,0.2462,0.2471,0.2479,0.2488,2.0093,2.0188,2.1046,2.1255,2.1463,2.2162,2.2544,2.294,2.335,2.3774,2.4215,2.4672,2.5147,2.564,2.6153,2.6687,2.7244,2.7824,2.843,2.9007,2.953,3.0278,3.1226,3.1297,3.1152,3.0992,3.0834,3.0677,3.0522,3.0369,3.0217,3.0066,2.9918,2.977,2.9624,2.948,2.9337,2.9195,2.9054,2.8916,2.8778,2.8641,2.8506,2.8372,2.824,2.8108,2.7978,2.7849,2.7722,2.7595,2.7469,2.7345,2.7222,2.71,2.6979,2.6859,2.674,2.6622,2.6505,2.6389,2.6275,2.6161,2.6048,2.5936,2.5826,2.5716,2.5607,2.5499,2.5391,2.5285,2.518,2.5075,2.4917,2.2999,2.0182,1.7978,1.6207,1.4791,1.3608,1.2579,1.1348,1.106,1.1006,1.0952,1.0901,1.0854,1.0808,1.0787,1.0767,1.0747,1.0738,1.0735,1.0731,1.0727,1.0724,1.0703,1.0679,1.0656,1.0633,1.061,1.0587,1.0565,1.0542,1.0519,1.0497,1.0475,1.0452,1.043,1.0408,1.0386,1.0364,1.0342,1.0321,1.0299,1.0278,1.0256,1.0235,1.0214,1.0192,1.0171,1.015,1.0129,1.0109,1.0088,1.0068,1.0049,1.003,1.001,0.9991,0.9972,0.9953
0.1518,0.1526,0.1533,0.1541,0.1548,0.1556,0.1564,0.1571,0.1579,0.1587,0.1595,0.1603,0.1612,0.162,0.1628,0.1637,0.1645,0.1654,0.1663,0.1672,0.1681,0.169,0.1699,0.1708,0.1717,0.1727,0.1736,0.1746,0.1756,0.1765,0.1775,0.1785,0.1796,0.1806,0.1816,0.1827,0.1838,0.1848,0.1859,0.187,0.1882,0.1893,0.1904,0.1916,0.1928,0.194,0.1952,0.1964,0.1976,0.1989,0.2001,0.2014,0.2027,0.204,0.2053,0.2067,0.2081,0.2094,0.2109,0.2123,0.2137,0.2152,0.2167,0.2182,0.2197,0.2212,0.2227,0.2242,0.2257,0.2273,0.2289,0.2306,0.2322,0.234,0.2359,0.2378,0.2397,0.2417,0.2437,0.2457,0.2478,0.2499,0.2516,0.2626,0.2752,2.1952,2.1888,2.1824,2.1761,2.1697,2.1635,2.1572,2.151,0.3163,0.3129,0.3096,0.3063,0.3031,0.3,0.2969,0.2713,0.271,0.2708,0.2705,0.2702,0.2699,0.2664,0.2613,0.2563,0.2515,0.2469,0.2424,0.2381,0.234,0.23,0.2468,0.2477,0.2485,0.2494,0.2502,0.2511,0.252,0.2528,1.9922,2.0019,2.0112,2.0207,2.1098,2.1308,2.1798,2.2264,2.265,2.305,2.3464,2.3893,2.4337,2.4799,2.5279,2.5777,2.6296,2.6836,2.7399,2.7986,2.8599,2.9105,2.9726,3.0484,3.1954,3.1828,3.1671,3.1524,3.136,3.1197,3.1036,3.0878,3.0721,3.0565,3.0412,3.026,3.0109,2.9959,2.9812,2.9665,2.952,2.9377,2.9234,2.9094,2.8954,2.8816,2.8679,2.8544,2.841,2.8277,2.8145,2.8015,2.7885,2.7757,2.763,2.7504,2.738,2.7256,2.7134,2.7013,2.6892,2.6773,2.6655,2.6538,2.6422,2.6307,2.6193,2.608,2.5968,2.5857,2.5746,2.5637,2.5529,2.5421,2.5109,2.2129,1.9507,1.744,1.5779,1.4439,1.3309,1.2313,1.1181,1.104,1.0986,1.0932,1.0884,1.0837,1.0798,1.0778,1.0758,1.0738,1.0731,1.0727,1.0723,1.072,1.0713,1.069,1.0667,1.0644,1.0621,1.0598,1.0575,1.0552,1.053,1.0507,1.0485,1.0462,1.044,1.0418,1.0396,1.0374,1.0352,1.0331,1.0309,1.0287,1.0266,1.0244,1.0223,1.0202,1.0181,1.016,1.0139,1.0118,1.0097,1.0077,1.0057,1.0037,1.0018,0.9999,0.9979,0.996,0.9941
0.1522,0.153,0.1537,0.1545,0.1552,0.156,0.1568,0.1575,0.1583,0.1591,0.16,0.1608,0.1616,0.1624,0.1633,0.1641,0.165,0.1659,0.1667,0.1676,0.1685,0.1694,0.1703,0.1713,0.1722,0.1732,0.1741,0.1751,0.1761,0.1771,0.1781,0.1791,0.1801,0.1811,0.1822,0.1832,0.1843,0.1854,0.1865,0.1876,0.1887,0.1899,0.191,0.1922,0.1934,0.1946,0.1958,0.197,0.1983,0.1995,0.2008,0.2021,0.2034,0.2047,0.206,0.2074,0.2088,0.2102,0.2116,0.213,0.2145,0.2159,0.2174,0.219,0.2205,0.222,0.2236,0.2251,0.2267,0.2283,0.2299,0.2315,0.2332,0.2351,0.2369,0.2389,0.2408,0.2428,0.2448,0.2469,0.249,0.2516,0.2629,0.2755,2.1996,2.1931,2.1867,2.1803,2.174,2.1677,2.1614,2.1552,2.149,0.3173,0.3138,0.3105,0.3072,0.304,0.3008,0.2977,0.2958,0.2724,0.2722,0.2719,0.2716,0.2714,0.2686,0.2633,0.2583,0.2534,0.2487,0.2442,0.2398,0.2356,0.2517,0.2526,0.2534,0.2543,0.2552,0.2561,2.0002,1.9944,1.9886,1.994,2.0037,2.0132,2.0942,2.1149,2.1361,2.1992,2.2368,2.2758,2.3161,2.3579,2.4012,2.4461,2.4928,2.5413,2.5916,2.6441,2.6987,2.7556,2.815,2.877,2.9143,2.9925,3.0693,3.2523,3.2394,3.2219,3.2053,3.1905,3.1737,3.157,3.1405,3.1243,3.1081,3.0923,3.0765,3.0609,3.0455,3.0302,3.0151,3.0001,2.9853,2.9706,2.9561,2.9417,2.9274,2.9133,2.8994,2.8855,2.8718,2.8582,2.8447,2.8314,2.8182,2.8051,2.7921,2.7793,2.7666,2.754,2.7414,2.7291,2.7168,2.7046,2.6926,2.6806,2.6688,2.6571,2.6454,2.6339,2.6225,2.6111,2.5999,2.5888,2.5777,2.4484,2.132,1.8875,1.6934,1.5379,1.4103,1.3014,1.2058,1.1075,1.102,1.0966,1.0913,1.0867,1.0821,1.0788,1.0768,1.0748,1.0728,1.0723,1.0719,1.0716,1.0712,1.07,1.0677,1.0654,1.0631,1.0608,1.0585,1.0562,1.054,1.0517,1.0495,1.0473,1.045,1.0428,1.0406,1.0384,1.0362,1.034,1.0319,1.0297,1.0276,1.0254,1.0233,1.0212,1.019,1.0169,1.0148,1.0127,1.0107,1.0086,1.0065,1.0045,1.0026,1.0007,0.9987,0.9968,0.9949,0.993
0.1526,0.1533,0.1541,0.1548,0.1556,0.1564,0.1572,0.158,0.1588,0.1596,0.1604,0.1612,0.162,0.1629,0.1637,0.1646,0.1654,0.1663,0.1672,0.1681,0.169,0.1699,0.1708,0.1718,0.1727,0.1737,0.1746,0.1756,0.1766,0.1776,0.1786,0.1796,0.1806,0.1817,0.1827,0.1838,0.1849,0.186,0.1871,0.1882,0.1893,0.1905,0.1916,0.1928,0.194,0.1952,0.1964,0.1977,0.1989,0.2002,0.2015,0.2028,0.2041,0.2054,0.2067,0.2081,0.2095,0.2109,0.2123,0.2138,0.2152,0.2167,0.2182,0.2197,0.2213,0.2229,0.2245,0.226,0.2276,0.2292,0.2308,0.2325,0.2343,0.2361,0.238,0.24,0.242,0.244,0.2462,0.2488,0.2514,0.2626,0.2759,2.2039,2.1974,2.191,2.1846,2.1782,2.1719,2.1656,2.1594,2.1531,2.147,2.1408,0.3148,0.3114,0.3081,0.3048,0.3017,0.2986,0.2975,0.2963,0.2736,0.2733,0.2731,0.2728,0.2708,0.2654,0.2603,0.2553,0.2506,0.246,0.2495,0.2568,0.2577,0.2586,0.2595,0.2604,2.0091,2.0032,1.9974,1.9916,1.9869,1.9961,2.0057,2.0151,2.0993,2.1202,2.1414,2.2093,2.2473,2.2866,2.3273,2.3695,2.4132,2.4586,2.5058,2.5548,2.6057,2.6587,2.7139,2.7715,2.8316,2.8943,2.923,3.0126,3.0905,3.3112,3.298,3.2799,3.2619,3.2446,3.2295,3.2123,3.1952,3.1784,3.1617,3.1451,3.1288,3.1126,3.0967,3.0809,3.0653,3.0498,3.0345,3.0193,3.0043,2.9894,2.9747,2.9601,2.9457,2.9314,2.9172,2.9033,2.8894,2.8756,2.862,2.8485,2.8351,2.8219,2.8088,2.7958,2.7829,2.7701,2.7575,2.7449,2.7326,2.7202,2.708,2.696,2.684,2.6721,2.6604,2.6487,2.6371,2.6257,2.6045,2.3506,2.0569,1.8284,1.6456,1.4998,1.3782,1.2731,1.1495,1.1055,1.1001,1.0947,1.0896,1.085,1.0804,1.0778,1.0758,1.0738,1.0719,1.0715,1.0712,1.0708,1.0704,1.0688,1.0664,1.0641,1.0618,1.0596,1.0573,1.055,1.0528,1.0505,1.0483,1.046,1.0438,1.0416,1.0394,1.0372,1.035,1.0328,1.0307,1.0285,1.0264,1.0242,1.0221,1.02,1.0179,1.0158,1.0137,1.0116,1.0095,1.0075,1.0054,1.0034,1.0014,0.9995,0.9976,0.9957,0.9938,0.9919
0.1530,0.1537,0.1545,0.1552,0.156,0.1568,0.1576,0.1584,0.1592,0.16,0.1608,0.1616,0.1625,0.1633,0.1642,0.165,0.1659,0.1668,0.1677,0.1686,0.1695,0.1704,0.1713,0.1722,0.1732,0.1742,0.1751,0.1761,0.1771,0.1781,0.1791,0.1801,0.1812,0.1822,0.1833,0.1844,0.1854,0.1865,0.1877,0.1888,0.1899,0.1911,0.1922,0.1934,0.1946,0.1958,0.1971,0.1983,0.1996,0.2008,0.2021,0.2034,0.2048,0.2061,0.2075,0.2088,0.2102,0.2116,0.2131,0.2145,0.216,0.2175,0.219,0.2205,0.2221,0.2237,0.2253,0.2269,0.2285,0.2301,0.2318,0.2335,0.2353,0.2372,0.2392,0.2411,0.2436,0.246,0.2486,0.2512,0.2601,0.2762,2.208,2.2015,2.195,2.1885,2.1821,2.1758,2.1694,2.1631,2.1569,2.1506,2.1444,2.1383,0.3157,0.3123,0.309,0.3057,0.3025,0.3004,0.2992,0.298,0.2969,0.2748,0.2745,0.2742,0.273,0.2675,0.2623,0.2573,0.2525,0.2611,0.262,0.263,0.2639,2.0197,2.0163,2.0121,2.0062,2.0004,1.9946,1.9888,1.9886,1.9982,2.0076,2.017,2.1044,2.1254,2.1657,2.2195,2.2578,2.2975,2.3386,2.3812,2.4254,2.4713,2.5189,2.5684,2.6199,2.6735,2.7293,2.7875,2.8483,2.9034,2.958,3.033,3.3902,3.3722,3.3588,3.34,3.3214,3.303,3.2847,3.2695,3.2518,3.2344,3.2171,3.2,3.183,3.1663,3.1497,3.1333,3.1171,3.1011,3.0853,3.0696,3.0541,3.0388,3.0236,3.0085,2.9936,2.9788,2.9642,2.9498,2.9354,2.9212,2.9071,2.8933,2.8794,2.8658,2.8523,2.8389,2.8256,2.8124,2.7994,2.7865,2.7737,2.761,2.7485,2.736,2.7237,2.7115,2.6994,2.6873,2.6754,2.6637,2.6174,2.2595,1.9868,1.7728,1.6014,1.4636,1.3476,1.2459,1.1316,1.1035,1.0981,1.0927,1.0879,1.0833,1.0789,1.0768,1.0748,1.0728,1.0711,1.0708,1.0704,1.07,1.0697,1.0675,1.0652,1.0629,1.0606,1.0583,1.056,1.0538,1.0515,1.0493,1.047,1.0448,1.0426,1.0404,1.0382,1.036,1.0338,1.0317,1.0295,1.0274,1.0252,1.0231,1.021,1.0188,1.0167,1.0146,1.0125,1.0105,1.0084,1.0063,1.0043,1.0022,1.0003,0.9984,0.9964,0.9945,0.9926,0.9907
0.1534,0.1541,0.1549,0.1556,0.1564,0.1572,0.158,0.1588,0.1596,0.1604,0.1612,0.1621,0.1629,0.1637,0.1646,0.1655,0.1663,0.1672,0.1681,0.169,0.1699,0.1709,0.1718,0.1727,0.1737,0.1747,0.1756,0.1766,0.1776,0.1786,0.1796,0.1807,0.1817,0.1828,0.1838,0.1849,0.186,0.1871,0.1882,0.1894,0.1905,0.1917,0.1929,0.194,0.1953,0.1965,0.1977,0.199,0.2002,0.2015,0.2028,0.2041,0.2055,0.2068,0.2082,0.2096,0.211,0.2124,0.2138,0.2153,0.2168,0.2183,0.2198,0.2214,0.2229,0.2245,0.2261,0.2278,0.2294,0.2311,0.2327,0.2345,0.2364,0.2385,0.2409,0.2434,0.2459,0.2484,0.251,0.2577,0.2743,2.2117,2.2049,2.1984,2.1919,2.1854,2.1791,2.1727,2.1664,2.1601,2.1538,2.1476,2.1415,2.1353,2.1292,0.3132,0.3098,0.3066,0.3034,0.3021,0.301,0.2998,0.2986,0.2953,0.276,0.2757,0.2752,0.2697,0.2644,0.2593,0.2666,0.2675,0.2685,2.0232,2.0201,2.0171,2.0138,2.0092,2.0034,1.9976,1.9918,1.986,1.9902,2.0001,2.0095,2.0189,2.1095,2.1305,2.1923,2.2298,2.2685,2.3085,2.35,2.3931,2.4377,2.484,2.5322,2.5822,2.6342,2.6884,2.7449,2.8038,2.8653,2.9065,2.9777,3.0537,3.4551,3.4356,3.4219,3.4024,3.383,3.3639,3.345,3.3263,3.3103,3.2924,3.2745,3.2567,3.2392,3.2219,3.2047,3.1877,3.171,3.1544,3.1379,3.1217,3.1056,3.0898,3.074,3.0584,3.0431,3.0278,3.0127,2.9978,2.983,2.9683,2.9538,2.9394,2.9252,2.9111,2.8971,2.8833,2.8696,2.8561,2.8426,2.8293,2.8161,2.8031,2.7901,2.7773,2.7646,2.752,2.7395,2.7271,2.7149,2.6996,2.5058,2.1752,1.9213,1.7205,1.5602,1.4291,1.3178,1.1646,1.1165,1.1015,1.0961,1.0909,1.0862,1.0816,1.0779,1.0759,1.0739,1.0719,1.0703,1.07,1.0696,1.0693,1.0685,1.0662,1.0639,1.0616,1.0593,1.0571,1.0548,1.0525,1.0503,1.048,1.0458,1.0436,1.0414,1.0392,1.037,1.0348,1.0326,1.0305,1.0283,1.0262,1.024,1.0219,1.0198,1.0177,1.0156,1.0135,1.0114,1.0093,1.0073,1.0052,1.0032,1.0011,0.9991,0.9972,0.9953,0.9934,0.9915,0.9896
0.1538,0.1545,0.1553,0.156,0.1568,0.1576,0.1584,0.1592,0.16,0.1608,0.1617,0.1625,0.1633,0.1642,0.1651,0.1659,0.1668,0.1677,0.1686,0.1695,0.1704,0.1713,0.1723,0.1732,0.1742,0.1752,0.1761,0.1771,0.1781,0.1792,0.1802,0.1812,0.1823,0.1833,0.1844,0.1855,0.1866,0.1877,0.1888,0.19,0.1911,0.1923,0.1935,0.1947,0.1959,0.1971,0.1984,0.1996,0.2009,0.2022,0.2035,0.2048,0.2062,0.2075,0.2089,0.2103,0.2117,0.2131,0.2146,0.2161,0.2176,0.2191,0.2206,0.2222,0.2237,0.2254,0.227,0.2286,0.2303,0.232,0.2337,0.236,0.2384,0.2408,0.2432,0.2457,0.2482,0.2508,0.2553,0.2716,0.2878,2.214,2.2058,2.1977,2.1897,2.1829,2.1763,2.1697,2.1633,2.1571,2.1509,2.1447,2.1385,2.1324,2.1263,0.3141,0.3107,0.3074,0.3051,0.3039,0.3027,0.3015,0.3003,0.298,0.2909,0.2772,0.2769,0.2719,0.2665,0.2722,2.0334,2.0279,2.0229,2.0199,2.0168,2.0138,2.0108,2.0064,2.0006,1.9948,1.989,1.9833,1.9919,2.002,2.0114,2.0939,2.1146,2.1358,2.2024,2.2402,2.2792,2.3197,2.3616,2.405,2.4501,2.4969,2.5456,2.5962,2.6487,2.7035,2.7607,2.8202,2.8825,2.9095,2.9976,3.0753,3.5225,3.5021,3.4874,3.467,3.447,3.4272,3.4075,3.3882,3.369,3.3522,3.3339,3.3156,3.2974,3.2795,3.2617,3.2441,3.2267,3.2095,3.1925,3.1756,3.159,3.1425,3.1262,3.1101,3.0942,3.0784,3.0628,3.0474,3.0321,3.0169,3.0019,2.9871,2.9724,2.9578,2.9435,2.9292,2.915,2.9011,2.8872,2.8734,2.8599,2.8464,2.833,2.8198,2.8067,2.7937,2.7809,2.7681,2.7555,2.7274,2.4032,2.097,1.8601,1.6712,1.521,1.3962,1.2888,1.1577,1.105,1.0995,1.0942,1.0892,1.0846,1.08,1.0769,1.0749,1.0729,1.0709,1.0696,1.0692,1.0689,1.0685,1.0673,1.065,1.0627,1.0604,1.0581,1.0558,1.0536,1.0513,1.0491,1.0468,1.0446,1.0424,1.0402,1.038,1.0358,1.0336,1.0315,1.0293,1.0272,1.025,1.0229,1.0208,1.0186,1.0165,1.0144,1.0124,1.0103,1.0082,1.0061,1.0041,1.002,1,0.998,0.9961,0.9942,0.9923,0.9904,0.9885
0.1542,0.1549,0.1557,0.1565,0.1572,0.158,0.1588,0.1596,0.1604,0.1613,0.1621,0.1629,0.1638,0.1646,0.1655,0.1664,0.1673,0.1682,0.1691,0.17,0.1709,0.1718,0.1728,0.1737,0.1747,0.1757,0.1767,0.1777,0.1787,0.1797,0.1807,0.1818,0.1828,0.1839,0.185,0.1861,0.1872,0.1883,0.1894,0.1906,0.1917,0.1929,0.1941,0.1953,0.1965,0.1978,0.199,0.2003,0.2016,0.2029,0.2042,0.2055,0.2069,0.2082,0.2096,0.211,0.2124,0.2139,0.2154,0.2168,0.2183,0.2199,0.2214,0.223,0.2246,0.2262,0.2278,0.2295,0.2312,0.2329,0.2353,0.238,0.2406,0.243,0.2455,0.2481,0.2507,0.2533,0.269,0.2806,2.2252,2.2169,2.2088,2.2007,2.1926,2.1846,2.1767,2.1688,2.1613,2.1548,2.1484,2.142,2.1356,2.1294,2.1234,2.1173,0.3116,0.3083,0.307,0.3057,0.3045,0.3033,0.3021,0.3008,0.2935,0.2866,0.2784,0.2771,2.0419,2.0363,2.0307,2.0252,2.0197,2.0166,2.0135,2.0105,2.0093,2.0036,1.9978,1.992,1.9862,1.985,1.994,2.0039,2.0133,2.0989,2.1197,2.1517,2.2126,2.2506,2.2901,2.3309,2.3732,2.4171,2.4627,2.51,2.5591,2.6103,2.6634,2.7188,2.7766,2.8369,2.8949,2.9318,3.0178,3.0997,3.5926,3.5715,3.5554,3.5342,3.5134,3.4928,3.4725,3.4523,3.4325,3.4128,3.3951,3.3765,3.3577,3.3391,3.3207,3.3024,3.2844,3.2666,3.249,3.2315,3.2143,3.1972,3.1803,3.1636,3.1471,3.1308,3.1146,3.0986,3.0828,3.0672,3.0517,3.0364,3.0212,3.0061,2.9913,2.9765,2.9619,2.9475,2.9332,2.919,2.905,2.8911,2.8773,2.8636,2.8501,2.8367,2.8235,2.8104,2.7973,2.6832,2.3081,2.0242,1.8026,1.6257,1.4838,1.3647,1.2609,1.1462,1.103,1.0976,1.0922,1.0875,1.0829,1.0783,1.0759,1.0739,1.0719,1.0699,1.0688,1.0685,1.0681,1.0677,1.066,1.0637,1.0614,1.0591,1.0568,1.0546,1.0523,1.0501,1.0478,1.0456,1.0434,1.0412,1.039,1.0368,1.0346,1.0324,1.0303,1.0281,1.026,1.0238,1.0217,1.0196,1.0175,1.0154,1.0133,1.0112,1.0091,1.0071,1.005,1.003,1.0009,0.9989,0.9969,0.9949,0.993,0.9911,0.9892,0.9874
0.1545,0.1553,0.1561,0.1569,0.1576,0.1584,0.1592,0.16,0.1609,0.1617,0.1625,0.1634,0.1642,0.1651,0.166,0.1668,0.1677,0.1686,0.1695,0.1705,0.1714,0.1723,0.1733,0.1742,0.1752,0.1762,0.1772,0.1782,0.1792,0.1802,0.1813,0.1823,0.1834,0.1844,0.1855,0.1866,0.1877,0.1889,0.19,0.1912,0.1923,0.1935,0.1947,0.1959,0.1972,0.1984,0.1997,0.2009,0.2022,0.2035,0.2049,0.2062,0.2076,0.2089,0.2103,0.2118,0.2132,0.2146,0.2161,0.2176,0.2191,0.2207,0.2222,0.2238,0.2254,0.227,0.2286,0.2303,0.232,0.2336,0.2365,0.2393,0.2421,0.245,0.2479,0.2505,0.2531,0.2641,0.2738,0.2843,2.2218,2.2145,2.2078,2.2011,2.1945,2.1875,2.1796,2.1717,2.1638,2.1561,2.1483,2.1407,2.1338,2.1275,2.1212,2.115,2.1088,0.3101,0.3088,0.3076,0.3063,0.3051,0.3039,0.3027,0.2962,0.2892,2.0504,2.0448,2.0392,2.0336,2.0281,2.0226,2.0171,2.0133,2.0103,2.0075,2.0066,2.0008,1.995,1.9892,1.9834,1.9866,1.996,2.0058,2.0152,2.104,2.1249,2.1828,2.2228,2.2612,2.301,2.3423,2.385,2.4294,2.4754,2.5231,2.5728,2.6245,2.6783,2.7343,2.7927,2.8537,2.8983,2.9629,3.0383,3.6878,3.6656,3.6435,3.6261,3.6042,3.5825,3.5611,3.5399,3.519,3.4983,3.4779,3.4578,3.4391,3.4203,3.4009,3.3819,3.3629,3.3442,3.3258,3.3075,3.2894,3.2716,3.2539,3.2364,3.2191,3.202,3.185,3.1682,3.1517,3.1353,3.1191,3.1031,3.0873,3.0715,3.056,3.0406,3.0254,3.0103,2.9954,2.9806,2.966,2.9515,2.9372,2.9229,2.9089,2.8949,2.8811,2.8674,2.8539,2.8325,2.5661,2.2203,1.9564,1.7485,1.5832,1.4483,1.3346,1.1604,1.1296,1.101,1.0956,1.0904,1.0858,1.0812,1.077,1.075,1.073,1.071,1.069,1.0681,1.0677,1.0673,1.067,1.0648,1.0625,1.0602,1.0579,1.0556,1.0533,1.0511,1.0489,1.0466,1.0444,1.0422,1.04,1.0378,1.0356,1.0334,1.0313,1.0291,1.027,1.0248,1.0227,1.0206,1.0184,1.0163,1.0142,1.0122,1.0101,1.008,1.0059,1.0039,1.0018,0.9998,0.9978,0.9958,0.9938,0.9919,0.99,0.9881,0.9862
0.1549,0.1557,0.1565,0.1573,0.1581,0.1589,0.1597,0.1605,0.1613,0.1621,0.163,0.1638,0.1647,0.1655,0.1664,0.1673,0.1682,0.1691,0.17,0.1709,0.1719,0.1728,0.1738,0.1747,0.1757,0.1767,0.1777,0.1787,0.1797,0.1808,0.1818,0.1829,0.1839,0.185,0.1861,0.1872,0.1883,0.1895,0.1906,0.1918,0.193,0.1941,0.1953,0.1966,0.1978,0.1991,0.2003,0.2016,0.2029,0.2042,0.2056,0.2069,0.2083,0.2097,0.2111,0.2125,0.2139,0.2154,0.2169,0.2184,0.2199,0.2214,0.223,0.2246,0.2262,0.2278,0.2294,0.2311,0.2326,0.2349,0.2378,0.2406,0.2434,0.2463,0.2493,0.2523,0.258,0.2673,0.2773,2.2259,2.2187,2.2115,2.2044,2.1973,2.1902,2.1836,2.1771,2.1706,2.1642,2.1578,2.1511,2.1434,2.1358,2.1282,2.1207,2.1132,2.107,2.1008,2.0947,2.0887,2.0826,2.0766,0.3057,0.3045,2.059,2.0533,2.0477,2.0421,2.0365,2.0309,2.0254,2.0199,2.0145,2.01,2.007,2.0059,2.0038,1.998,1.9922,1.9864,1.9806,1.9883,1.9981,2.0077,2.0885,2.1091,2.1301,2.1956,2.2331,2.2719,2.3121,2.3538,2.3969,2.4417,2.4882,2.5365,2.5867,2.6389,2.6933,2.7499,2.8091,2.8707,2.9017,2.9827,3.0625,3.7647,3.7415,3.7186,3.6997,3.6768,3.6543,3.632,3.6101,3.5883,3.5668,3.5456,3.5246,3.5039,3.4843,3.4651,3.4453,3.4257,3.4063,3.3872,3.3682,3.3494,3.331,3.3126,3.2945,3.2765,3.2588,3.2413,3.2239,3.2067,3.1897,3.1729,3.1563,3.1399,3.1236,3.1076,3.0917,3.0759,3.0603,3.045,3.0297,3.0145,2.9996,2.9848,2.9701,2.9555,2.9412,2.9269,2.9128,2.8989,2.8609,2.4583,2.1388,1.8929,1.6977,1.5429,1.4145,1.3048,1.1536,1.1149,1.099,1.0936,1.0887,1.0841,1.0795,1.076,1.074,1.072,1.07,1.068,1.0673,1.0669,1.0666,1.0658,1.0635,1.0612,1.0589,1.0566,1.0544,1.0521,1.0499,1.0476,1.0454,1.0432,1.041,1.0388,1.0366,1.0344,1.0322,1.0301,1.0279,1.0258,1.0236,1.0215,1.0194,1.0173,1.0152,1.0131,1.011,1.0089,1.0069,1.0048,1.0028,1.0007,0.9987,0.9967,0.9947,0.9927,0.9908,0.9889,0.987,0.9851
0.1553,0.1561,0.1569,0.1577,0.1585,0.1593,0.1601,0.1609,0.1617,0.1626,0.1634,0.1643,0.1651,0.166,0.1669,0.1678,0.1687,0.1696,0.1705,0.1714,0.1724,0.1733,0.1743,0.1752,0.1762,0.1772,0.1782,0.1792,0.1803,0.1813,0.1823,0.1834,0.1845,0.1856,0.1867,0.1878,0.1889,0.1901,0.1912,0.1924,0.1936,0.1948,0.196,0.1972,0.1985,0.1997,0.201,0.2023,0.2036,0.2049,0.2063,0.2076,0.209,0.2104,0.2118,0.2132,0.2147,0.2161,0.2176,0.2191,0.2206,0.2222,0.2238,0.2254,0.227,0.2286,0.2303,0.2319,0.233,0.2362,0.2391,0.2419,0.2448,0.2477,0.2507,0.2538,0.2611,0.2706,0.2809,2.2298,2.2197,2.2097,2.2014,2.1943,2.1872,2.1803,2.1733,2.1664,2.16,2.1536,2.1473,2.1409,2.1347,2.1284,2.1222,2.1159,2.1085,2.1011,2.0937,2.0869,2.0809,2.0749,2.0689,2.063,2.0571,2.0512,2.0453,2.0396,2.0338,2.0283,2.0228,2.0173,2.0118,2.0067,2.0045,2.0039,2.001,1.9952,1.9894,1.9836,1.9814,1.9899,2.0002,2.0096,2.0935,2.1142,2.138,2.2057,2.2435,2.2827,2.3233,2.3653,2.4089,2.4542,2.5011,2.5499,2.6007,2.6535,2.7084,2.7658,2.8255,2.888,2.9062,3.0027,3.0865,3.8449,3.8207,3.7968,3.7763,3.7526,3.7291,3.7059,3.683,3.6603,3.638,3.6159,3.5941,3.5725,3.5513,3.5307,3.5112,3.4909,3.4707,3.4509,3.4312,3.4117,3.3925,3.3735,3.3547,3.3361,3.3177,3.2995,3.2815,3.2637,3.2461,3.2287,3.2115,3.1945,3.1776,3.1609,3.1445,3.1282,3.1121,3.0961,3.0803,3.0647,3.0492,3.0339,3.0188,3.0037,2.9889,2.9742,2.9596,2.9452,2.7524,2.3588,2.0632,1.8334,1.6507,1.5046,1.3823,1.1632,1.1469,1.1025,1.097,1.0917,1.0871,1.0824,1.0779,1.075,1.073,1.071,1.069,1.0671,1.0665,1.0662,1.0658,1.0645,1.0622,1.0599,1.0577,1.0554,1.0531,1.0509,1.0486,1.0464,1.0442,1.042,1.0398,1.0376,1.0354,1.0332,1.0311,1.0289,1.0267,1.0246,1.0225,1.0204,1.0182,1.0161,1.014,1.012,1.0099,1.0078,1.0057,1.0037,1.0017,0.9996,0.9976,0.9956,0.9936,0.9916,0.9896,0.9878,0.9859,0.984
0.1557,0.1565,0.1573,0.1581,0.1589,0.1597,0.1605,0.1613,0.1622,0.163,0.1638,0.1647,0.1656,0.1664,0.1673,0.1682,0.1691,0.17,0.171,0.1719,0.1729,0.1738,0.1748,0.1757,0.1767,0.1777,0.1787,0.1798,0.1808,0.1818,0.1829,0.184,0.1851,0.1861,0.1873,0.1884,0.1895,0.1907,0.1918,0.193,0.1942,0.1954,0.1966,0.1979,0.1991,0.2004,0.2017,0.2029,0.2043,0.2056,0.2069,0.2083,0.2097,0.2111,0.2125,0.2139,0.2154,0.2168,0.2183,0.2199,0.2214,0.223,0.2245,0.2261,0.2278,0.2294,0.2311,0.2323,0.2343,0.2375,0.2404,0.2432,0.2461,0.2491,0.2521,0.2553,0.2643,0.274,0.2845,2.2285,2.2222,2.2159,2.2082,2.1983,2.1884,2.1787,2.1704,2.1635,2.1567,2.1499,2.1431,2.1368,2.1306,2.1244,2.1182,2.1121,2.106,2.0999,2.0939,2.0879,2.0818,2.0746,2.0675,2.0613,2.0554,2.0495,2.0437,2.0379,2.0321,2.0264,2.0207,2.0151,2.0094,2.0038,2.0025,2.002,1.9982,1.9924,1.9866,1.9808,1.983,1.9918,2.0021,2.0115,2.0986,2.1193,2.1687,2.2158,2.2541,2.2936,2.3346,2.377,2.421,2.4668,2.5142,2.5635,2.6148,2.6682,2.7238,2.7818,2.8422,2.8922,2.9406,3.0254,3.9542,3.9286,3.9034,3.8784,3.8562,3.8314,3.807,3.7828,3.7589,3.7354,3.7121,3.6891,3.6664,3.644,3.6218,3.6,3.5783,3.5585,3.5376,3.517,3.4965,3.4763,3.4563,3.4367,3.4171,3.3978,3.3787,3.3599,3.3412,3.3228,3.3046,3.2865,3.2687,3.2511,3.2336,3.2163,3.1992,3.1823,3.1655,3.1491,3.1327,3.1166,3.1005,3.0848,3.0691,3.0535,3.0382,3.023,3.0079,2.9793,2.6293,2.2672,1.9927,1.7775,1.6069,1.4681,1.3515,1.1586,1.1434,1.1005,1.0951,1.09,1.0854,1.0808,1.0762,1.074,1.072,1.0701,1.0681,1.0661,1.0658,1.0654,1.0651,1.0633,1.061,1.0587,1.0564,1.0542,1.0519,1.0497,1.0474,1.0452,1.043,1.0408,1.0386,1.0364,1.0342,1.032,1.0299,1.0277,1.0256,1.0234,1.0213,1.0192,1.0171,1.015,1.0129,1.0108,1.0087,1.0067,1.0046,1.0026,1.0005,0.9985,0.9965,0.9945,0.9925,0.9905,0.9885,0.9866,0.9848,0.9829
0.1561,0.1569,0.1577,0.1585,0.1593,0.1601,0.1609,0.1618,0.1626,0.1634,0.1643,0.1652,0.166,0.1669,0.1678,0.1687,0.1696,0.1705,0.1715,0.1724,0.1733,0.1743,0.1753,0.1763,0.1773,0.1783,0.1793,0.1803,0.1813,0.1824,0.1835,0.1845,0.1856,0.1867,0.1878,0.189,0.1901,0.1913,0.1924,0.1936,0.1948,0.196,0.1972,0.1985,0.1997,0.201,0.2023,0.2036,0.2049,0.2062,0.2076,0.209,0.2104,0.2118,0.2132,0.2146,0.2161,0.2176,0.2191,0.2206,0.2222,0.2237,0.2253,0.2269,0.2286,0.2302,0.2316,0.2327,0.2356,0.2388,0.2417,0.2446,0.2475,0.2505,0.2536,0.2582,0.2675,0.2775,2.2245,2.2182,2.2119,2.2057,2.1995,2.1934,2.1872,2.1811,2.1751,2.1675,2.158,2.1485,2.1403,2.1336,2.127,2.1204,2.1142,2.1081,2.102,2.0959,2.0899,2.084,2.078,2.0721,2.0663,2.0604,2.0546,2.0488,2.042,2.0362,2.0305,2.0248,2.0191,2.0137,2.0083,2.0032,2.0005,2,1.9954,1.9896,1.9838,1.978,1.9847,1.9939,2.004,2.0832,2.1036,2.1245,2.1888,2.2261,2.2647,2.3046,2.346,2.3889,2.4333,2.4795,2.5274,2.5773,2.6291,2.6831,2.7393,2.798,2.8591,2.903,2.9679,3.0498,4.0427,4.016,3.9896,3.9636,3.9396,3.9137,3.8882,3.8629,3.8381,3.8135,3.7893,3.7653,3.7417,3.7183,3.6952,3.6725,3.65,3.6278,3.6071,3.5856,3.5644,3.5434,3.5227,3.5022,3.4819,3.4619,3.4421,3.4226,3.4032,3.384,3.3652,3.3464,3.3279,3.3096,3.2916,3.2736,3.2559,3.2384,3.2211,3.2039,3.187,3.1702,3.1537,3.1373,3.1211,3.105,3.0892,3.0735,3.0579,2.968,2.5159,2.1823,1.9269,1.7249,1.5654,1.4334,1.3212,1.1642,1.1279,1.0985,1.0931,1.0883,1.0837,1.0791,1.0751,1.0731,1.0711,1.0691,1.0671,1.0654,1.065,1.0647,1.0643,1.062,1.0597,1.0574,1.0552,1.0529,1.0507,1.0484,1.0462,1.044,1.0418,1.0396,1.0374,1.0352,1.033,1.0308,1.0287,1.0265,1.0244,1.0223,1.0202,1.018,1.0159,1.0138,1.0118,1.0097,1.0076,1.0056,1.0035,1.0015,0.9994,0.9974,0.9954,0.9934,0.9914,0.9894,0.9874,0.9855,0.9837,0.9818
0.1565,0.1573,0.1581,0.1589,0.1597,0.1605,0.1614,0.1622,0.163,0.1639,0.1647,0.1656,0.1665,0.1674,0.1683,0.1692,0.1701,0.171,0.1719,0.1729,0.1738,0.1748,0.1758,0.1768,0.1778,0.1788,0.1798,0.1808,0.1819,0.1829,0.184,0.1851,0.1862,0.1873,0.1884,0.1896,0.1907,0.1919,0.193,0.1942,0.1954,0.1966,0.1979,0.1991,0.2004,0.2016,0.2029,0.2042,0.2056,0.2069,0.2083,0.2096,0.211,0.2125,0.2139,0.2153,0.2168,0.2183,0.2198,0.2214,0.2229,0.2245,0.2261,0.2277,0.2294,0.231,0.232,0.2337,0.2369,0.2401,0.243,0.2459,0.2489,0.2519,0.255,0.2613,0.2708,0.2811,2.2222,2.2133,2.2044,2.1963,2.1899,2.1836,2.1773,2.1712,2.1652,2.1593,2.1533,2.1474,2.1416,2.1357,2.1284,2.1191,2.111,2.1045,2.098,2.092,2.086,2.0801,2.0742,2.0683,2.0624,2.0566,2.0508,2.0451,2.0394,2.0337,2.0278,2.0225,2.0183,2.0129,2.0076,2.0029,1.9994,1.998,1.9926,1.9868,1.981,1.9778,1.9863,1.996,2.0059,2.0879,2.1087,2.1297,2.1988,2.2364,2.2754,2.3157,2.3575,2.4008,2.4457,2.4923,2.5408,2.5911,2.6436,2.6981,2.755,2.8143,2.8762,2.911,2.9892,3.0734,4.1358,4.1074,4.0798,4.0525,4.0266,3.9996,3.9729,3.9466,3.9206,3.895,3.8697,3.8448,3.8201,3.7957,3.7717,3.748,3.7246,3.7014,3.6786,3.657,3.635,3.6132,3.5916,3.5703,3.5493,3.5284,3.5079,3.4876,3.4675,3.4476,3.428,3.4086,3.3894,3.3704,3.3517,3.3331,3.3147,3.2966,3.2786,3.2608,3.2433,3.2259,3.2087,3.1917,3.1749,3.1583,3.1419,3.1256,3.1043,2.8253,2.4118,2.1036,1.8652,1.6764,1.526,1.4003,1.2919,1.1698,1.1133,1.0965,1.0913,1.0866,1.082,1.0774,1.0741,1.0721,1.0701,1.0681,1.0662,1.0646,1.0643,1.0639,1.0631,1.0608,1.0585,1.0562,1.0539,1.0517,1.0494,1.0472,1.045,1.0428,1.0406,1.0384,1.0362,1.034,1.0318,1.0297,1.0275,1.0254,1.0232,1.0211,1.019,1.0169,1.0148,1.0127,1.0106,1.0086,1.0065,1.0044,1.0024,1.0003,0.9983,0.9963,0.9943,0.9923,0.9903,0.9883,0.9863,0.9844,0.9826,0.9807
0.1569,0.1577,0.1585,0.1593,0.1601,0.161,0.1618,0.1626,0.1635,0.1643,0.1652,0.1661,0.1669,0.1678,0.1687,0.1696,0.1706,0.1715,0.1724,0.1734,0.1743,0.1753,0.1763,0.1773,0.1783,0.1793,0.1803,0.1814,0.1824,0.1835,0.1846,0.1857,0.1868,0.1879,0.189,0.1901,0.1913,0.1924,0.1936,0.1948,0.196,0.1972,0.1985,0.1997,0.201,0.2023,0.2036,0.2049,0.2062,0.2076,0.2089,0.2103,0.2117,0.2132,0.2146,0.2161,0.2176,0.2191,0.2206,0.2221,0.2237,0.2253,0.2269,0.2285,0.2302,0.2314,0.2324,0.235,0.2382,0.2415,0.2444,0.2473,0.2503,0.2534,0.2565,0.2645,0.2743,0.2848,2.2226,2.2147,2.207,2.1987,2.1899,2.1813,2.1727,2.1642,2.1569,2.1508,2.1447,2.1386,2.1325,2.1265,2.1206,2.1147,2.109,2.1034,2.0977,2.0906,2.0825,2.0762,2.0703,2.0645,2.0586,2.0528,2.0471,2.0413,2.0354,2.0296,2.0237,2.0178,2.0115,2.0074,2.0034,2.0018,1.9989,1.9956,1.9898,1.984,1.9782,1.9795,1.988,1.9981,2.0078,2.0907,2.112,2.1547,2.2089,2.2469,2.2862,2.3269,2.3691,2.4128,2.4582,2.5053,2.5543,2.6052,2.6582,2.7133,2.7709,2.8309,2.8895,2.9186,3.013,3.0934,4.2179,4.1948,4.1828,4.1456,4.1176,4.0893,4.0614,4.0339,4.0068,3.98,3.9537,3.9276,3.9018,3.8765,3.8514,3.8267,3.8022,3.7782,3.7543,3.7309,3.7084,3.6857,3.6633,3.6411,3.6192,3.5976,3.5762,3.5551,3.5342,3.5136,3.4932,3.4731,3.4531,3.4334,3.414,3.3947,3.3757,3.3569,3.3383,3.3198,3.3016,3.2836,3.2658,3.2482,3.2308,3.2135,3.1964,3.1796,3.142,2.6953,2.3161,2.0304,1.8074,1.6313,1.4885,1.3687,1.2639,1.1696,1.1,1.0946,1.0896,1.0849,1.0803,1.0758,1.0731,1.0711,1.0692,1.0672,1.0652,1.0639,1.0635,1.0632,1.0618,1.0595,1.0572,1.055,1.0527,1.0505,1.0482,1.046,1.0438,1.0416,1.0394,1.0372,1.035,1.0328,1.0306,1.0285,1.0263,1.0242,1.0221,1.02,1.0178,1.0157,1.0137,1.0116,1.0095,1.0074,1.0054,1.0033,1.0013,0.9992,0.9972,0.9952,0.9932,0.9912,0.9892,0.9872,0.9852,0.9833,0.9814,0.9796
0.1574,0.1581,0.1589,0.1598,0.1606,0.1614,0.1622,0.1631,0.1639,0.1648,0.1656,0.1665,0.1674,0.1683,0.1692,0.1701,0.171,0.172,0.1729,0.1739,0.1748,0.1758,0.1768,0.1778,0.1788,0.1798,0.1809,0.1819,0.183,0.184,0.1851,0.1862,0.1873,0.1884,0.1895,0.1907,0.1918,0.193,0.1942,0.1954,0.1966,0.1978,0.1991,0.2003,0.2016,0.2029,0.2042,0.2055,0.2069,0.2082,0.2096,0.211,0.2124,0.2139,0.2153,0.2168,0.2183,0.2198,0.2213,0.2229,0.2245,0.2261,0.2277,0.2294,0.2307,0.2317,0.2331,0.2363,0.2395,0.2428,0.2457,0.2487,0.2517,0.2548,0.2584,0.2677,0.2777,2.2301,2.2214,2.2127,2.2042,2.1956,2.1887,2.1821,2.1741,2.1661,2.1582,2.1502,2.1418,2.1335,2.1253,2.1189,2.1129,2.107,2.1012,2.0954,2.0896,2.0838,2.0781,2.0724,2.0667,2.0611,2.0548,2.049,2.0431,2.0372,2.0313,2.0254,2.0196,2.0138,2.0076,2.0013,1.9965,1.9947,1.9962,1.9928,1.987,1.9812,1.9755,1.9811,1.9897,2.0002,2.079,2.0951,2.1134,2.182,2.2191,2.2575,2.2971,2.3382,2.3808,2.425,2.4708,2.5184,2.5679,2.6194,2.673,2.7287,2.7869,2.8476,2.8968,2.9261,3.0359,4.2299,4.223,4.1884,4.1975,4.17,4.1631,4.1612,4.1502,4.1228,4.0956,4.0679,4.0413,4.014,3.9872,3.9607,3.9346,3.9087,3.8833,3.8581,3.8333,3.8088,3.7847,3.7612,3.7379,3.7148,3.692,3.6695,3.6473,3.6253,3.6036,3.5822,3.5609,3.5401,3.5193,3.4989,3.4787,3.4587,3.4389,3.4194,3.4001,3.381,3.3621,3.3434,3.325,3.3076,3.2914,3.2736,3.2555,3.2374,2.7548,2.5763,2.2276,1.9621,1.7531,1.5885,1.4528,1.338,1.2371,1.1432,1.098,1.0926,1.0879,1.0833,1.0787,1.0742,1.0722,1.0702,1.0682,1.0662,1.0643,1.0631,1.0627,1.0624,1.0606,1.0583,1.056,1.0537,1.0515,1.0492,1.047,1.0448,1.0426,1.0404,1.0382,1.036,1.0338,1.0316,1.0295,1.0273,1.0252,1.023,1.0209,1.0188,1.0167,1.0146,1.0125,1.0104,1.0084,1.0063,1.0042,1.0022,1.0002,0.9981,0.9961,0.9941,0.9921,0.9901,0.9881,0.9861,0.9841,0.9822,0.9803,0.9785
0.1578,0.1586,0.1594,0.1602,0.161,0.1618,0.1627,0.1635,0.1644,0.1652,0.1661,0.167,0.1679,0.1688,0.1697,0.1706,0.1715,0.1725,0.1734,0.1744,0.1754,0.1763,0.1773,0.1783,0.1793,0.1803,0.1814,0.1824,0.1835,0.1846,0.1856,0.1867,0.1878,0.189,0.1901,0.1912,0.1924,0.1936,0.1948,0.196,0.1972,0.1984,0.1997,0.201,0.2022,0.2035,0.2049,0.2062,0.2075,0.2089,0.2103,0.2117,0.2131,0.2146,0.216,0.2175,0.219,0.2206,0.2221,0.2237,0.2253,0.2269,0.2285,0.2301,0.2311,0.2321,0.2344,0.2376,0.2408,0.2442,0.2471,0.2501,0.2532,0.2563,0.2615,0.2711,0.2813,2.2307,2.2202,2.2115,2.2029,2.1944,2.186,2.1776,2.1699,2.1634,2.1568,2.1501,2.1422,2.1344,2.1267,2.1191,2.1115,2.1038,2.0958,2.0879,2.0822,2.0765,2.0708,2.0651,2.0595,2.0539,2.0483,2.0428,2.038,2.033,2.0271,2.0213,2.0155,2.0097,2.0038,1.9975,1.9913,1.989,1.9931,1.99,1.9842,1.9784,1.9743,1.9827,1.9918,2.0022,2.0833,2.0995,2.1222,2.192,2.2294,2.2681,2.3081,2.3496,2.3927,2.4373,2.4836,2.5317,2.5817,2.6337,2.6879,2.7443,2.8031,2.8646,2.9043,2.9763,3.054,4.2244,4.2057,4.1697,4.1589,4.1481,4.1398,4.1536,4.145,4.1342,4.1234,4.1127,4.1022,4.065,4.0543,4.0185,3.9979,3.9841,3.9665,3.9405,3.9153,3.89,3.8649,3.8399,3.8156,3.7915,3.7678,3.7444,3.7212,3.6983,3.6758,3.6535,3.6315,3.6097,3.5882,3.567,3.546,3.5253,3.5055,3.4873,3.4693,3.4515,3.4324,3.413,3.3938,3.3742,3.3549,3.3357,3.3168,3.284,2.737,2.4673,2.1457,1.8982,1.703,1.548,1.4188,1.308,1.2115,1.1266,1.096,1.0908,1.0862,1.0816,1.077,1.0732,1.0712,1.0692,1.0672,1.0653,1.0633,1.0624,1.062,1.0616,1.0593,1.057,1.0548,1.0525,1.0502,1.048,1.0458,1.0436,1.0414,1.0391,1.037,1.0348,1.0326,1.0304,1.0283,1.0261,1.024,1.0219,1.0198,1.0177,1.0155,1.0135,1.0114,1.0093,1.0072,1.0052,1.0031,1.0011,0.999,0.997,0.995,0.993,0.991,0.989,0.987,0.985,0.9831,0.9811,0.9792,0.9774
0.1582,0.159,0.1598,0.1606,0.1614,0.1623,0.1631,0.164,0.1648,0.1657,0.1666,0.1674,0.1683,0.1692,0.1702,0.1711,0.172,0.173,0.1739,0.1749,0.1758,0.1768,0.1778,0.1788,0.1798,0.1809,0.1819,0.1829,0.184,0.1851,0.1862,0.1873,0.1884,0.1895,0.1907,0.1918,0.193,0.1942,0.1954,0.1966,0.1978,0.1991,0.2003,0.2016,0.2029,0.2042,0.2055,0.2069,0.2082,0.2096,0.211,0.2124,0.2138,0.2153,0.2168,0.2183,0.2198,0.2213,0.2229,0.2245,0.2261,0.2277,0.2293,0.2304,0.2315,0.2325,0.2356,0.2389,0.2422,0.2455,0.2485,0.2515,0.2546,0.2578,0.2647,0.2745,2.2392,2.2317,2.2234,2.2153,2.2072,2.1969,2.1858,2.1764,2.1681,2.1598,2.1516,2.145,2.1386,2.1322,2.1259,2.1189,2.1113,2.1037,2.0962,2.0888,2.0814,2.074,2.0667,2.0593,2.0523,2.0467,2.0412,2.0357,2.0307,2.026,2.0213,2.0166,2.0114,2.0057,2,1.9938,1.9864,1.9903,1.9929,1.9872,1.9814,1.9757,1.9759,1.9844,1.9938,2.0041,2.0877,2.1039,2.1408,2.202,2.2398,2.2789,2.3193,2.3612,2.4046,2.4497,2.4965,2.5451,2.5956,2.6482,2.703,2.7601,2.8196,2.8816,2.9118,2.9983,3.0581,4.2185,4.1915,4.1662,4.1538,4.1412,4.1287,4.1211,4.14,4.1291,4.1186,4.1081,4.0971,4.0403,4.0249,4.0059,3.9908,3.9748,3.9474,3.9327,3.904,3.9066,3.8998,3.8875,3.8586,3.8423,3.8263,3.8104,3.7947,3.7747,3.7512,3.7286,3.708,3.6877,3.6676,3.6477,3.628,3.6072,3.5859,3.5648,3.5439,3.5231,3.502,3.4811,3.4605,3.4402,3.42,3.4002,3.3805,2.7531,2.7247,2.3671,2.0695,1.8384,1.6565,1.5094,1.3864,1.2793,1.1869,1.1117,1.0941,1.0891,1.0845,1.0799,1.0754,1.0722,1.0702,1.0682,1.0663,1.0643,1.0624,1.0616,1.0612,1.0603,1.058,1.0558,1.0535,1.0513,1.049,1.0468,1.0446,1.0424,1.0401,1.038,1.0358,1.0336,1.0314,1.0293,1.0271,1.025,1.0228,1.0207,1.0186,1.0165,1.0144,1.0123,1.0102,1.0082,1.0061,1.004,1.002,1,0.9979,0.9959,0.9939,0.9919,0.9899,0.9879,0.9859,0.984,0.982,0.98,0.9781,0.9763
0.1586,0.1594,0.1602,0.161,0.1619,0.1627,0.1635,0.1644,0.1653,0.1661,0.167,0.1679,0.1688,0.1697,0.1706,0.1715,0.1725,0.1734,0.1744,0.1753,0.1763,0.1773,0.1783,0.1793,0.1803,0.1814,0.1824,0.1835,0.1845,0.1856,0.1867,0.1878,0.1889,0.1901,0.1912,0.1924,0.1936,0.1948,0.196,0.1972,0.1984,0.1997,0.2009,0.2022,0.2035,0.2048,0.2062,0.2075,0.2089,0.2103,0.2117,0.2131,0.2146,0.216,0.2175,0.219,0.2205,0.2221,0.2237,0.2252,0.2269,0.2285,0.2298,0.2308,0.2318,0.2337,0.2369,0.2402,0.2436,0.2469,0.2499,0.2529,0.2561,0.2593,0.2679,0.278,2.2356,2.2284,2.2212,2.214,2.207,2.1999,2.192,2.1841,2.1748,2.1638,2.153,2.1424,2.1343,2.127,2.1206,2.1144,2.1081,2.1019,2.0958,2.0886,2.0812,2.0738,2.0666,2.0593,2.0521,2.045,2.0379,2.0308,2.0237,2.0183,2.0138,2.0094,2.0048,2.0002,1.9956,1.9868,1.9875,1.9901,1.9901,1.9844,1.9786,1.9729,1.9775,1.986,1.9959,2.0733,2.092,2.1084,2.1716,2.2122,2.2503,2.2897,2.3305,2.3728,2.4167,2.4622,2.5095,2.5587,2.6097,2.6629,2.7183,2.776,2.8362,2.8902,2.9193,3.0202,3.0598,4.2126,4.1773,4.1628,4.1507,4.1384,4.1259,4.1134,4.1348,4.1242,4.1136,4.1031,4.074,4.0361,4.0397,4.0257,4.0078,3.9899,3.9707,3.9497,3.9232,3.9081,3.8938,3.8688,3.8492,3.8298,3.8142,3.799,3.7838,3.7718,3.748,3.731,3.72,3.7089,3.6981,3.686,3.6744,3.6633,3.644,3.624,3.6094,3.5949,3.5731,3.5514,3.5299,3.5087,3.4877,3.467,2.7656,2.742,2.6396,2.2748,1.9986,1.7822,1.6124,1.4727,1.3553,1.2519,1.1601,1.0975,1.0921,1.0874,1.0828,1.0783,1.0737,1.0713,1.0693,1.0673,1.0653,1.0634,1.0614,1.0608,1.0605,1.0591,1.0568,1.0545,1.0523,1.05,1.0478,1.0456,1.0434,1.0411,1.0389,1.0368,1.0346,1.0324,1.0302,1.0281,1.0259,1.0238,1.0217,1.0196,1.0175,1.0154,1.0133,1.0112,1.0091,1.007,1.005,1.0029,1.0009,0.9988,0.9968,0.9948,0.9928,0.9908,0.9888,0.9868,0.9848,0.9829,0.9809,0.979,0.977,0.9752
0.1590,0.1598,0.1606,0.1615,0.1623,0.1631,0.164,0.1648,0.1657,0.1666,0.1674,0.1683,0.1692,0.1701,0.1711,0.172,0.1729,0.1739,0.1748,0.1758,0.1768,0.1778,0.1788,0.1798,0.1808,0.1819,0.1829,0.184,0.1851,0.1862,0.1873,0.1884,0.1895,0.1906,0.1918,0.193,0.1941,0.1953,0.1966,0.1978,0.199,0.2003,0.2016,0.2029,0.2042,0.2055,0.2068,0.2082,0.2096,0.211,0.2124,0.2138,0.2153,0.2167,0.2182,0.2198,0.2213,0.2228,0.2244,0.226,0.2277,0.2291,0.2302,0.2312,0.2322,0.235,0.2382,0.2415,0.2449,0.2483,0.2513,0.2544,0.2576,0.2617,0.2713,0.2816,2.2321,2.2249,2.2177,2.2106,2.2035,2.1965,2.1895,2.1826,2.1757,2.1688,2.1614,2.153,2.1423,2.1317,2.1212,2.1109,2.1029,2.0968,2.0907,2.0846,2.0785,2.0725,2.0664,2.0592,2.052,2.0448,2.0377,2.0295,2.0211,2.0152,2.0088,2.0024,1.9961,1.9898,1.9851,1.9846,1.9873,1.99,1.9873,1.9816,1.9759,1.9707,1.9792,1.9877,1.998,2.0803,2.0964,2.1158,2.1852,2.2224,2.2609,2.3007,2.3419,2.3846,2.4289,2.4749,2.5227,2.5724,2.624,2.6777,2.7337,2.7921,2.853,2.8976,2.9294,3.0424,3.0582,4.2051,4.1717,4.1595,4.1473,4.1352,4.123,4.1113,4.1298,4.1192,4.1086,4.0979,4.0513,4.0347,4.0455,4.0646,4.0444,4.0224,3.9993,3.9759,3.9527,3.9295,3.9101,3.89,3.8701,3.8505,3.831,3.8117,3.7944,3.7794,3.7583,3.7424,3.7267,3.7108,3.6951,3.6795,3.6626,3.6462,3.6301,3.619,3.6055,3.5951,3.5845,3.5753,3.5616,3.5477,3.5339,3.5199,2.7497,2.7308,2.5253,2.1894,1.9324,1.7304,1.5706,1.4378,1.3245,1.2257,1.143,1.0955,1.0904,1.0858,1.0812,1.0766,1.0723,1.0703,1.0683,1.0663,1.0644,1.0624,1.0605,1.0601,1.0597,1.0578,1.0556,1.0533,1.0511,1.0488,1.0466,1.0444,1.0421,1.0399,1.0377,1.0356,1.0334,1.0312,1.0291,1.0269,1.0248,1.0226,1.0205,1.0184,1.0163,1.0142,1.0121,1.01,1.008,1.0059,1.0039,1.0018,0.9998,0.9977,0.9957,0.9937,0.9917,0.9897,0.9877,0.9857,0.9838,0.9818,0.9799,0.9779,0.976,0.9741
0.1594,0.1602,0.161,0.1619,0.1627,0.1635,0.1644,0.1653,0.1661,0.167,0.1679,0.1688,0.1697,0.1706,0.1715,0.1725,0.1734,0.1744,0.1753,0.1763,0.1773,0.1783,0.1793,0.1803,0.1813,0.1824,0.1834,0.1845,0.1856,0.1867,0.1878,0.1889,0.1901,0.1912,0.1924,0.1935,0.1947,0.1959,0.1972,0.1984,0.1996,0.2009,0.2022,0.2035,0.2048,0.2061,0.2075,0.2089,0.2103,0.2117,0.2131,0.2145,0.216,0.2175,0.219,0.2205,0.2221,0.2236,0.2252,0.2268,0.2285,0.2295,0.2305,0.2316,0.2331,0.2363,0.2396,0.2429,0.2463,0.2497,0.2527,0.2559,0.2591,0.2649,0.2747,2.2359,2.2286,2.2214,2.2143,2.2072,2.2001,2.1931,2.1861,2.1792,2.1724,2.1655,2.1587,2.152,2.1453,2.1386,2.1317,2.1213,2.1114,2.1016,2.0919,2.0823,2.0728,2.067,2.0612,2.0554,2.0496,2.0439,2.0376,2.022,2.0179,2.0132,2.0068,2.0005,1.9941,1.9879,1.9835,1.9845,1.9871,1.9898,1.9845,1.9788,1.9731,1.9723,1.9808,1.9896,2.0001,2.0846,2.1008,2.1265,2.1952,2.2327,2.2715,2.3117,2.3533,2.3965,2.4413,2.4877,2.536,2.5861,2.6384,2.6927,2.7494,2.8084,2.8699,2.9051,2.988,3.0607,4.2129,4.2016,4.1804,4.1646,4.1488,4.1354,4.1227,4.1226,4.1247,4.1141,4.1036,4.0876,4.0339,4.0312,4.0603,4.4667,4.4338,4.4013,4.3693,4.3378,3.9998,3.9764,3.9534,3.9306,3.908,3.8857,3.8637,3.8419,3.8204,3.7991,3.778,3.7595,3.7435,3.7278,3.7121,3.6964,3.6803,3.6621,3.6454,3.629,3.6095,3.5907,3.5703,3.5588,3.56,3.5552,3.5389,2.7969,2.7384,2.7209,2.4206,2.1102,1.8704,1.6824,1.531,1.4045,1.2951,1.2005,1.1265,1.0935,1.0887,1.0841,1.0795,1.0749,1.0713,1.0693,1.0673,1.0654,1.0634,1.0615,1.0597,1.0593,1.0589,1.0566,1.0543,1.0521,1.0498,1.0476,1.0454,1.0431,1.0409,1.0387,1.0365,1.0344,1.0322,1.03,1.0279,1.0257,1.0236,1.0215,1.0194,1.0173,1.0152,1.0131,1.011,1.0089,1.0068,1.0048,1.0027,1.0007,0.9987,0.9966,0.9946,0.9926,0.9906,0.9886,0.9866,0.9847,0.9827,0.9807,0.9788,0.9768,0.9749,0.973
0.1598,0.1606,0.1615,0.1623,0.1631,0.164,0.1648,0.1657,0.1666,0.1674,0.1683,0.1692,0.1701,0.1711,0.172,0.1729,0.1739,0.1748,0.1758,0.1768,0.1778,0.1788,0.1798,0.1808,0.1819,0.1829,0.184,0.185,0.1861,0.1872,0.1884,0.1895,0.1906,0.1918,0.1929,0.1941,0.1953,0.1965,0.1978,0.199,0.2003,0.2015,0.2028,0.2041,0.2055,0.2068,0.2082,0.2095,0.2109,0.2124,0.2138,0.2152,0.2167,0.2182,0.2197,0.2213,0.2228,0.2244,0.226,0.2276,0.2289,0.2299,0.2309,0.2319,0.2344,0.2376,0.2409,0.2443,0.2477,0.2511,0.2542,0.2573,0.2606,0.2682,0.2782,2.2324,2.2251,2.218,2.2108,2.2038,2.1967,2.1897,2.1828,2.1759,2.169,2.1622,2.1555,2.1487,2.142,2.1354,2.1288,2.1222,2.1157,2.1092,2.1006,2.0912,2.0819,2.0727,2.0636,2.0545,2.0452,2.0379,2.0301,2.0188,2.0147,2.0106,2.0048,1.9985,1.993,1.9887,1.9838,1.9843,1.987,1.9875,1.9818,1.9761,1.9704,1.974,1.9824,2.0354,2.0674,2.089,2.1053,2.1576,2.2053,2.2431,2.2823,2.3229,2.3649,2.4085,2.4537,2.5007,2.5494,2.6001,2.6529,2.7079,2.7651,2.8249,2.8836,2.9126,3.0104,4.2183,4.2072,4.1961,4.1851,4.1743,4.1634,4.1526,4.1381,4.1305,4.1197,4.1091,4.0984,4.0777,4.028,4.0384,4.0713,4.5775,4.5436,4.5097,4.4761,4.4429,4.4103,4.3782,4.3466,4.3154,4.2846,4.2543,4.2244,4.195,4.1659,3.8462,3.8246,3.8032,3.7821,3.7612,3.7406,3.721,3.7036,3.686,3.6684,3.6515,3.6309,3.5998,3.5655,3.5637,3.5579,3.5489,3.5326,2.7803,2.7423,2.7065,2.3241,2.0366,1.8123,1.637,1.4932,1.3727,1.267,1.1768,1.1104,1.0917,1.087,1.0824,1.0778,1.0733,1.0703,1.0684,1.0664,1.0644,1.0625,1.0605,1.0589,1.0586,1.0576,1.0554,1.0531,1.0508,1.0486,1.0464,1.0441,1.0419,1.0397,1.0375,1.0354,1.0332,1.031,1.0289,1.0267,1.0246,1.0224,1.0203,1.0182,1.0161,1.014,1.0119,1.0098,1.0078,1.0057,1.0037,1.0016,0.9996,0.9975,0.9955,0.9935,0.9915,0.9895,0.9875,0.9856,0.9836,0.9816,0.9797,0.9777,0.9758,0.9738,0.9719
0.1602,0.161,0.1619,0.1627,0.1635,0.1644,0.1652,0.1661,0.167,0.1679,0.1688,0.1697,0.1706,0.1715,0.1724,0.1734,0.1743,0.1753,0.1763,0.1773,0.1783,0.1793,0.1803,0.1813,0.1824,0.1834,0.1845,0.1856,0.1867,0.1878,0.1889,0.19,0.1912,0.1923,0.1935,0.1947,0.1959,0.1971,0.1984,0.1996,0.2009,0.2022,0.2035,0.2048,0.2061,0.2075,0.2088,0.2102,0.2116,0.2131,0.2145,0.216,0.2175,0.219,0.2205,0.222,0.2236,0.2252,0.2268,0.2282,0.2292,0.2303,0.2313,0.2325,0.2357,0.2389,0.2422,0.2457,0.2492,0.2525,0.2556,0.2589,0.2621,0.2715,2.2361,2.2289,2.2217,2.2145,2.2074,2.2004,2.1934,2.1864,2.1795,2.1726,2.1657,2.1589,2.1522,2.1455,2.1388,2.1322,2.1256,2.1191,2.1126,2.1061,2.0997,2.0933,2.087,2.0794,2.0702,2.0611,2.0521,2.0431,2.0342,2.0255,2.0173,2.0079,2.0028,1.9982,1.9933,1.9874,1.9841,1.9841,1.9868,1.9847,1.979,1.9733,1.9676,1.9756,1.9839,2.0441,2.0762,2.0934,2.1098,2.1785,2.2155,2.2537,2.2932,2.3342,2.3766,2.4206,2.4663,2.5137,2.563,2.6143,2.6676,2.7232,2.7811,2.8415,2.891,2.9234,3.0332,4.2127,4.2016,4.1907,4.1797,4.1688,4.1581,4.1473,4.1366,4.1255,4.1146,4.1041,4.0934,4.05,4.03,4.0464,4.0795,4.6928,4.6593,4.6235,4.5881,4.5534,4.5192,4.4855,4.4522,4.4195,4.3873,4.3555,4.3242,4.2933,4.2628,4.2328,4.2032,4.174,4.1452,4.1168,4.0889,4.0612,4.034,4.0071,3.7039,3.6839,3.6663,3.6127,3.565,3.564,3.5551,3.5425,3.0577,2.7639,2.7324,2.5873,2.235,1.9678,1.7588,1.5939,1.4573,1.3415,1.2402,1.1521,1.0959,1.09,1.0853,1.0807,1.0762,1.0717,1.0694,1.0674,1.0654,1.0635,1.0615,1.0596,1.0582,1.0578,1.0564,1.0541,1.0519,1.0496,1.0474,1.0452,1.0429,1.0407,1.0385,1.0363,1.0342,1.032,1.0298,1.0277,1.0255,1.0234,1.0213,1.0192,1.0171,1.015,1.0129,1.0108,1.0087,1.0066,1.0046,1.0025,1.0005,0.9985,0.9964,0.9944,0.9924,0.9904,0.9884,0.9865,0.9845,0.9825,0.9805,0.9786,0.9767,0.9747,0.9728,0.9709
0.1606,0.1614,0.1623,0.1631,0.1639,0.1648,0.1657,0.1665,0.1674,0.1683,0.1692,0.1701,0.171,0.172,0.1729,0.1739,0.1748,0.1758,0.1768,0.1778,0.1788,0.1798,0.1808,0.1818,0.1829,0.184,0.185,0.1861,0.1872,0.1883,0.1895,0.1906,0.1918,0.1929,0.1941,0.1953,0.1965,0.1977,0.199,0.2002,0.2015,0.2028,0.2041,0.2054,0.2068,0.2081,0.2095,0.2109,0.2123,0.2138,0.2152,0.2167,0.2182,0.2197,0.2212,0.2228,0.2244,0.226,0.2276,0.2286,0.2296,0.2306,0.2317,0.2338,0.237,0.2402,0.2436,0.2471,0.2506,0.254,0.2571,0.2604,0.2651,0.2749,2.2326,2.2254,2.2182,2.2111,2.204,2.197,2.19,2.183,2.1761,2.1693,2.1625,2.1557,2.149,2.1423,2.1356,2.129,2.1225,2.1159,2.1094,2.103,2.0966,2.0902,2.0839,2.0777,2.0714,2.0652,2.0586,2.0496,2.0407,2.0318,2.023,2.0146,2.0065,1.9974,1.9871,1.9779,1.9815,1.9837,1.9866,1.9819,1.9762,1.9705,1.9688,1.9772,1.9879,2.0528,2.0816,2.0977,2.1182,2.1884,2.2257,2.2643,2.3042,2.3456,2.3884,2.4329,2.479,2.5269,2.5768,2.6286,2.6825,2.7387,2.7973,2.8583,2.8984,2.9776,3.0563,4.2072,4.1962,4.1852,4.1743,4.1635,4.1527,4.1421,4.1314,4.1204,4.1096,4.0989,4.0831,4.0322,4.0248,4.0543,4.1258,4.802,4.781,4.7431,4.706,4.6695,4.6335,4.5981,4.5632,4.5288,4.4949,4.4616,4.4286,4.3962,4.3643,4.3329,4.3019,4.2713,4.2412,4.2115,4.1822,4.1533,4.1248,4.0967,4.069,4.0417,4.0147,3.5837,3.5644,3.5584,3.552,3.5362,2.8036,2.7528,2.717,2.4764,2.1525,1.9036,1.7092,1.5531,1.4231,1.3113,1.2144,1.1369,1.093,1.0883,1.0836,1.0791,1.0745,1.0704,1.0684,1.0664,1.0645,1.0625,1.0606,1.0586,1.0574,1.0571,1.0551,1.0529,1.0506,1.0484,1.0462,1.0439,1.0417,1.0395,1.0373,1.0351,1.033,1.0308,1.0287,1.0265,1.0244,1.0222,1.0201,1.018,1.0159,1.0138,1.0117,1.0096,1.0076,1.0055,1.0035,1.0014,0.9994,0.9974,0.9953,0.9933,0.9913,0.9893,0.9874,0.9854,0.9834,0.9814,0.9795,0.9775,0.9756,0.9737,0.9717,0.9698
0.1610,0.1618,0.1627,0.1635,0.1644,0.1652,0.1661,0.167,0.1679,0.1687,0.1697,0.1706,0.1715,0.1724,0.1734,0.1743,0.1753,0.1763,0.1773,0.1782,0.1793,0.1803,0.1813,0.1824,0.1834,0.1845,0.1856,0.1867,0.1878,0.1889,0.19,0.1912,0.1923,0.1935,0.1947,0.1959,0.1971,0.1984,0.1996,0.2009,0.2022,0.2035,0.2048,0.2061,0.2075,0.2088,0.2102,0.2116,0.213,0.2145,0.2159,0.2174,0.2189,0.2205,0.222,0.2236,0.2252,0.2268,0.228,0.229,0.23,0.231,0.232,0.2351,0.2383,0.2416,0.245,0.2485,0.2521,0.2554,0.2586,0.2619,0.2684,0.2784,2.2291,2.2219,2.2147,2.2076,2.2006,2.1936,2.1866,2.1797,2.1728,2.166,2.1592,2.1524,2.1457,2.139,2.1324,2.1258,2.1193,2.1128,2.1063,2.0999,2.0935,2.0872,2.0809,2.0746,2.0684,2.0622,2.0561,2.0499,2.0439,2.0378,2.0294,2.0206,2.012,2.0038,1.9944,1.9852,1.9862,1.9868,1.9849,1.9791,1.9735,1.9678,1.9704,1.9785,1.9944,2.0615,2.0859,2.1022,2.1437,2.1985,2.2361,2.275,2.3153,2.3571,2.4003,2.4453,2.4919,2.5403,2.5906,2.643,2.6975,2.7544,2.8137,2.8753,2.9065,2.9998,3.0797,4.2018,4.1908,4.1799,4.169,4.1582,4.1475,4.1367,4.1262,4.1152,4.1045,4.0939,4.0755,4.022,4.0261,4.0587,4.6473,4.8279,4.8918,4.8633,4.8301,4.7916,4.7537,4.7165,4.6798,4.6436,4.6079,4.5729,4.5384,4.5044,4.4709,4.4379,4.4054,4.3733,4.3417,4.3106,4.2799,4.2497,4.2199,4.1905,4.1615,4.1329,4.1047,3.5665,3.5636,3.5538,3.5461,3.5299,2.7854,2.7429,2.7027,2.3755,2.0759,1.8434,1.6623,1.5143,1.3905,1.2825,1.1919,1.122,1.0912,1.0866,1.082,1.0774,1.0729,1.0694,1.0675,1.0655,1.0635,1.0616,1.0596,1.0577,1.0567,1.0562,1.0539,1.0516,1.0494,1.0472,1.0449,1.0427,1.0405,1.0383,1.0361,1.034,1.0318,1.0296,1.0275,1.0253,1.0232,1.0211,1.019,1.0169,1.0148,1.0127,1.0106,1.0085,1.0065,1.0044,1.0023,1.0003,0.9983,0.9963,0.9942,0.9922,0.9902,0.9882,0.9863,0.9843,0.9823,0.9804,0.9784,0.9765,0.9745,0.9726,0.9707,0.9688
0.1614,0.1623,0.1631,0.1639,0.1648,0.1656,0.1665,0.1674,0.1683,0.1692,0.1701,0.171,0.1719,0.1729,0.1738,0.1748,0.1758,0.1767,0.1777,0.1787,0.1798,0.1808,0.1818,0.1829,0.1839,0.185,0.1861,0.1872,0.1883,0.1894,0.1906,0.1917,0.1929,0.1941,0.1953,0.1965,0.1977,0.199,0.2002,0.2015,0.2028,0.2041,0.2054,0.2068,0.2081,0.2095,0.2109,0.2123,0.2137,0.2152,0.2167,0.2182,0.2197,0.2212,0.2228,0.2243,0.2259,0.2273,0.2283,0.2293,0.2303,0.2314,0.2332,0.2364,0.2396,0.2429,0.2464,0.2499,0.2536,0.2569,0.2601,0.2635,0.2717,2.2328,2.2256,2.2184,2.2113,2.2042,2.1972,2.1902,2.1832,2.1764,2.1695,2.1627,2.1559,2.1492,2.1425,2.1358,2.1292,2.1227,2.1161,2.1096,2.1032,2.0968,2.0905,2.0841,2.0778,2.0716,2.0654,2.0592,2.0531,2.047,2.0409,2.0349,2.0289,2.023,2.0171,2.0096,2.0012,1.9925,1.9932,1.9879,1.9821,1.9764,1.9707,1.9651,1.972,1.9795,1.9943,2.0702,2.0903,2.1067,2.1718,2.2086,2.2465,2.2858,2.3265,2.3686,2.4124,2.4578,2.5048,2.5538,2.6047,2.6576,2.7128,2.7702,2.8301,2.8843,2.9175,3.0224,4.2074,4.1963,4.1855,4.1745,4.1636,4.1529,4.1422,4.1315,4.121,4.1102,4.0994,4.0862,4.0548,4.0179,4.0259,4.0673,4.7404,4.8657,4.9373,4.9024,4.8842,4.8918,4.8804,4.841,4.8023,4.7643,4.7268,4.69,4.6537,4.6179,4.5827,4.5481,4.5139,4.4803,4.4472,4.4145,4.3823,4.3506,4.3194,4.2886,4.2582,4.2283,4.1988,3.559,3.5606,3.5502,3.5398,3.2678,2.7689,2.733,2.6531,2.2826,2.0046,1.7881,1.6179,1.4774,1.3588,1.255,1.1706,1.1076,1.0895,1.0849,1.0803,1.0757,1.0712,1.0685,1.0665,1.0645,1.0626,1.0606,1.0587,1.0567,1.056,1.0549,1.0527,1.0504,1.0482,1.046,1.0437,1.0415,1.0393,1.0371,1.0349,1.0328,1.0306,1.0285,1.0263,1.0242,1.022,1.0199,1.0178,1.0157,1.0136,1.0115,1.0095,1.0074,1.0053,1.0033,1.0012,0.9992,0.9972,0.9952,0.9931,0.9911,0.9892,0.9872,0.9852,0.9832,0.9813,0.9793,0.9774,0.9754,0.9735,0.9716,0.9696,0.9677
0.1618,0.1627,0.1635,0.1644,0.1652,0.1661,0.167,0.1678,0.1687,0.1696,0.1706,0.1715,0.1724,0.1734,0.1743,0.1753,0.1762,0.1772,0.1782,0.1792,0.1803,0.1813,0.1823,0.1834,0.1845,0.1855,0.1866,0.1877,0.1889,0.19,0.1911,0.1923,0.1935,0.1947,0.1959,0.1971,0.1983,0.1996,0.2008,0.2021,0.2034,0.2047,0.2061,0.2074,0.2088,0.2102,0.2116,0.213,0.2145,0.2159,0.2174,0.2189,0.2204,0.222,0.2235,0.2251,0.2267,0.2277,0.2287,0.2297,0.2307,0.2318,0.2345,0.2377,0.2409,0.2443,0.2478,0.2514,0.2551,0.2584,0.2617,0.2653,0.2751,2.2293,2.2221,2.215,2.2079,2.2008,2.1938,2.1868,2.1799,2.173,2.1662,2.1594,2.1527,2.1459,2.1393,2.1326,2.1261,2.1195,2.113,2.1065,2.1001,2.0937,2.0874,2.0811,2.0748,2.0686,2.0624,2.0563,2.0501,2.0441,2.038,2.032,2.026,2.0201,2.0142,2.0083,2.0025,1.9967,1.9909,1.9851,1.9794,1.9736,1.968,1.9653,1.9731,1.9827,1.9943,2.0785,2.0947,2.1117,2.1817,2.2188,2.2571,2.2967,2.3378,2.3804,2.4245,2.4704,2.518,2.5674,2.6188,2.6724,2.7281,2.7863,2.8468,2.8917,2.9672,3.0453,4.2019,4.191,4.18,4.1691,4.1584,4.1476,4.1369,4.1264,4.1158,4.1052,4.0944,4.0786,4.0291,4.0215,4.0327,4.0903,4.8715,4.9162,5.1547,5.1427,4.9488,4.9486,5.0139,4.9724,4.9316,4.8915,4.852,4.8132,4.775,4.7374,4.7003,4.6639,4.628,4.5926,4.5578,4.5235,4.4898,4.4565,4.4237,4.3914,4.3596,4.3282,3.6035,3.5581,3.5549,3.5472,3.5335,3.3091,2.7514,2.7231,2.5366,2.1966,1.938,1.7368,1.5759,1.4422,1.3279,1.2302,1.116,1.0935,1.0878,1.0832,1.0786,1.0741,1.0696,1.0675,1.0655,1.0636,1.0616,1.0597,1.0577,1.0558,1.0552,1.0537,1.0514,1.0492,1.047,1.0447,1.0425,1.0403,1.0381,1.0359,1.0338,1.0316,1.0294,1.0273,1.0251,1.023,1.0209,1.0188,1.0167,1.0146,1.0125,1.0104,1.0083,1.0063,1.0042,1.0022,1.0001,0.9981,0.9961,0.9941,0.992,0.99,0.9881,0.9861,0.9841,0.9821,0.9802,0.9782,0.9763,0.9744,0.9724,0.9705,0.9686,0.9667
0.1622,0.1631,0.1639,0.1648,0.1656,0.1665,0.1674,0.1683,0.1692,0.1701,0.171,0.1719,0.1729,0.1738,0.1748,0.1757,0.1767,0.1777,0.1787,0.1797,0.1808,0.1818,0.1829,0.1839,0.185,0.1861,0.1872,0.1883,0.1894,0.1906,0.1917,0.1929,0.1941,0.1953,0.1965,0.1977,0.1989,0.2002,0.2015,0.2028,0.2041,0.2054,0.2067,0.2081,0.2095,0.2109,0.2123,0.2137,0.2152,0.2166,0.2181,0.2197,0.2212,0.2227,0.2243,0.2259,0.2271,0.2281,0.2291,0.2301,0.2311,0.2326,0.2357,0.239,0.2423,0.2457,0.2492,0.2528,0.2566,0.2599,0.2632,0.2686,0.2787,2.2259,2.2187,2.2115,2.2044,2.1974,2.1904,2.1835,2.1766,2.1697,2.1629,2.1561,2.1494,2.1427,2.136,2.1295,2.1229,2.1164,2.1099,2.1034,2.097,2.0906,2.0843,2.078,2.0718,2.0656,2.0594,2.0533,2.0472,2.0411,2.0351,2.0291,2.0232,2.0172,2.0114,2.0055,1.9997,1.9939,1.9881,1.9824,1.9767,1.971,1.9653,1.9668,1.9741,1.9827,1.9943,2.0829,2.0991,2.1301,2.1917,2.229,2.2677,2.3078,2.3492,2.3922,2.4368,2.4831,2.5312,2.5812,2.6332,2.6873,2.7437,2.8025,2.8636,2.9007,2.9892,3.0649,4.1965,4.1856,4.1746,4.1638,4.153,4.1424,4.1318,4.1212,4.1107,4.1001,4.0895,4.0711,3.9935,4.0197,4.044,4.967,4.9502,4.9997,5.1979,5.291,5.2447,5.1995,5.155,5.1112,5.0681,5.0257,4.9841,4.9431,4.9028,4.8632,4.8241,4.7857,4.748,4.7108,4.6741,4.6381,4.6026,4.5676,4.5332,4.4993,4.4659,4.4329,3.5632,3.5572,3.5506,3.5434,3.4257,2.7919,2.7435,2.6988,2.4293,2.1169,1.8757,1.6885,1.5359,1.4087,1.2984,1.0966,1.0938,1.0908,1.0861,1.0815,1.077,1.0725,1.0685,1.0666,1.0646,1.0626,1.0607,1.0587,1.0568,1.0549,1.0545,1.0525,1.0502,1.048,1.0457,1.0435,1.0413,1.0391,1.0369,1.0347,1.0326,1.0304,1.0283,1.0261,1.024,1.0218,1.0197,1.0176,1.0155,1.0134,1.0113,1.0093,1.0072,1.0051,1.0031,1.001,0.999,0.997,0.995,0.993,0.991,0.989,0.987,0.985,0.983,0.9811,0.9791,0.9772,0.9752,0.9733,0.9714,0.9694,0.9675,0.9656
0.1626,0.1635,0.1643,0.1652,0.1661,0.1669,0.1678,0.1687,0.1696,0.1705,0.1715,0.1724,0.1733,0.1743,0.1753,0.1762,0.1772,0.1782,0.1792,0.1802,0.1813,0.1823,0.1834,0.1844,0.1855,0.1866,0.1877,0.1888,0.19,0.1911,0.1923,0.1935,0.1947,0.1959,0.1971,0.1983,0.1996,0.2008,0.2021,0.2034,0.2047,0.2061,0.2074,0.2088,0.2102,0.2116,0.213,0.2144,0.2159,0.2174,0.2189,0.2204,0.2219,0.2235,0.2251,0.2264,0.2274,0.2284,0.2294,0.2304,0.2315,0.2338,0.237,0.2403,0.2437,0.2471,0.2507,0.2543,0.2581,0.2615,0.2648,0.2719,2.2296,2.2224,2.2152,2.2081,2.2011,2.194,2.1871,2.1801,2.1733,2.1664,2.1596,2.1529,2.1462,2.1395,2.1328,2.1263,2.1197,2.1132,2.1068,2.1003,2.0939,2.0876,2.0813,2.075,2.0688,2.0626,2.0564,2.0503,2.0443,2.0382,2.0322,2.0262,2.0203,2.0144,2.0085,2.0027,1.9969,1.9911,1.9854,1.9797,1.974,1.9683,1.9625,1.968,1.9757,1.9843,2.0639,2.0872,2.1035,2.1606,2.2017,2.2394,2.2785,2.3189,2.3608,2.4042,2.4493,2.496,2.5446,2.5951,2.6477,2.7024,2.7594,2.8188,2.8777,2.9115,3.0117,4.2021,4.1911,4.1802,4.1693,4.1585,4.1478,4.1371,4.1266,4.116,4.1056,4.095,4.0817,4.0562,4.0021,4.0173,4.0555,4.9554,4.9606,5.0933,5.2321,5.4334,5.3993,5.3513,5.3041,5.2577,5.2123,5.1675,5.1235,5.0802,5.0376,4.9958,4.9546,4.9141,4.8743,4.8351,4.7966,4.7585,4.7211,4.6843,4.6481,4.6125,4.5774,4.5428,3.5514,3.5563,3.5468,3.5371,3.4103,2.7739,2.7336,2.6846,2.3322,2.0427,1.8184,1.6427,1.498,1.3766,1.098,1.0952,1.0925,1.0891,1.0845,1.0799,1.0753,1.0708,1.0676,1.0656,1.0636,1.0617,1.0597,1.0578,1.0559,1.0541,1.0535,1.0512,1.049,1.0468,1.0445,1.0423,1.0401,1.0379,1.0357,1.0336,1.0314,1.0292,1.0271,1.0249,1.0228,1.0207,1.0186,1.0165,1.0144,1.0123,1.0102,1.0081,1.0061,1.004,1.002,0.9999,0.9979,0.9959,0.9939,0.9919,0.9899,0.9879,0.9859,0.9839,0.982,0.98,0.978,0.9761,0.9741,0.9722,0.9703,0.9684,0.9665,0.9645
0.1631,0.1639,0.1648,0.1656,0.1665,0.1674,0.1683,0.1692,0.1701,0.171,0.1719,0.1729,0.1738,0.1748,0.1757,0.1767,0.1777,0.1787,0.1797,0.1808,0.1818,0.1828,0.1839,0.185,0.1861,0.1872,0.1883,0.1894,0.1905,0.1917,0.1929,0.194,0.1952,0.1965,0.1977,0.1989,0.2002,0.2015,0.2027,0.2041,0.2054,0.2067,0.2081,0.2095,0.2108,0.2123,0.2137,0.2151,0.2166,0.2181,0.2196,0.2212,0.2227,0.2243,0.2258,0.2268,0.2278,0.2288,0.2298,0.2308,0.232,0.2351,0.2383,0.2416,0.245,0.2485,0.2521,0.2558,0.2597,0.263,0.2664,0.2754,2.2261,2.2189,2.2118,2.2047,2.1977,2.1907,2.1837,2.1768,2.1699,2.1631,2.1563,2.1496,2.1429,2.1363,2.1297,2.1231,2.1166,2.1101,2.1036,2.0972,2.0908,2.0845,2.0782,2.072,2.0658,2.0596,2.0535,2.0474,2.0413,2.0353,2.0293,2.0233,2.0174,2.0115,2.0057,1.9999,1.9941,1.9883,1.9826,1.9769,1.9712,1.9656,1.9618,1.9695,1.9775,1.9862,2.0731,2.0916,2.108,2.175,2.2118,2.2499,2.2893,2.3301,2.3724,2.4163,2.4618,2.509,2.5581,2.6092,2.6623,2.7176,2.7753,2.8353,2.8851,2.9224,3.0344,4.1968,4.1858,4.1748,4.1639,4.1532,4.1426,4.132,4.1214,4.1108,4.1003,4.09,4.0742,4.0322,4.0069,4.0208,4.0654,4.9466,4.9842,5.1729,5.3095,5.5593,5.5633,5.5123,5.4623,5.4131,5.3648,5.3174,5.2708,5.225,5.1801,5.1359,5.0922,5.0495,5.0074,4.9661,4.9254,4.8854,4.846,4.8073,4.7691,4.7316,4.6947,4.6583,3.5476,3.5514,3.5429,3.5307,3.3951,2.7575,2.7237,2.5993,2.2425,1.9736,1.7654,1.5994,1.4619,1.3449,1.0967,1.0939,1.0912,1.0874,1.0828,1.0782,1.0737,1.0692,1.0666,1.0646,1.0627,1.0607,1.0588,1.0568,1.0549,1.0533,1.0522,1.05,1.0478,1.0455,1.0433,1.0411,1.0389,1.0367,1.0345,1.0324,1.0302,1.0281,1.0259,1.0238,1.0216,1.0195,1.0174,1.0153,1.0132,1.0111,1.0091,1.007,1.0049,1.0029,1.0008,0.9988,0.9968,0.9948,0.9928,0.9908,0.9888,0.9868,0.9848,0.9828,0.9808,0.9789,0.9769,0.975,0.973,0.9711,0.9692,0.9673,0.9654,0.9634
0.1635,0.1643,0.1652,0.166,0.1669,0.1678,0.1687,0.1696,0.1705,0.1714,0.1724,0.1733,0.1743,0.1752,0.1762,0.1772,0.1782,0.1792,0.1802,0.1813,0.1823,0.1834,0.1844,0.1855,0.1866,0.1877,0.1888,0.19,0.1911,0.1923,0.1934,0.1946,0.1958,0.1971,0.1983,0.1995,0.2008,0.2021,0.2034,0.2047,0.206,0.2074,0.2088,0.2101,0.2115,0.213,0.2144,0.2159,0.2174,0.2189,0.2204,0.2219,0.2235,0.2251,0.2262,0.2271,0.2281,0.2292,0.2302,0.2312,0.2332,0.2364,0.2397,0.243,0.2464,0.25,0.2536,0.2574,0.2612,0.2646,0.2688,2.2298,2.2226,2.2155,2.2083,2.2013,2.1943,2.1873,2.1804,2.1735,2.1666,2.1598,2.1531,2.1464,2.1397,2.1331,2.1265,2.1199,2.1134,2.107,2.1005,2.0941,2.0878,2.0815,2.0752,2.069,2.0628,2.0566,2.0505,2.0444,2.0384,2.0324,2.0264,2.0204,2.0146,2.0087,2.0028,1.997,1.9913,1.9855,1.9798,1.9742,1.9685,1.9629,1.9634,1.9711,1.9795,1.9889,2.0798,2.096,2.1156,2.1849,2.2221,2.2605,2.3003,2.3415,2.3842,2.4285,2.4744,2.5222,2.5718,2.6234,2.6771,2.7331,2.7914,2.852,2.8948,2.9788,3.0508,4.1913,4.1803,4.1694,4.1587,4.148,4.1374,4.1268,4.1161,4.1055,4.0951,4.0849,4.0667,4.0066,4.0054,4.0332,4.1108,4.9475,5.0387,5.2321,5.4121,5.5865,5.7374,5.6832,5.6302,5.578,5.5267,5.4764,5.4269,5.3784,5.3307,5.2839,5.2379,5.1926,5.1482,5.1045,5.0615,5.0193,4.9777,4.9368,4.8966,4.8571,4.8182,3.5625,3.5484,3.5475,3.5394,3.5245,3.3799,2.7409,2.714,2.4873,2.1595,1.909,1.7154,1.5582,1.4274,1.3147,1.2235,1.0926,1.0897,1.0857,1.0811,1.0766,1.072,1.0676,1.0657,1.0637,1.0617,1.0598,1.0578,1.0559,1.054,1.0526,1.051,1.0488,1.0465,1.0443,1.0421,1.0399,1.0377,1.0355,1.0334,1.0312,1.029,1.0269,1.0247,1.0226,1.0205,1.0184,1.0163,1.0142,1.0121,1.01,1.0079,1.0059,1.0038,1.0018,0.9997,0.9977,0.9957,0.9937,0.9916,0.9896,0.9876,0.9856,0.9837,0.9817,0.9797,0.9778,0.9758,0.9739,0.9719,0.97,0.9681,0.9662,0.9643,0.9623
0.1639,0.1647,0.1656,0.1665,0.1674,0.1682,0.1691,0.1701,0.171,0.1719,0.1728,0.1738,0.1747,0.1757,0.1767,0.1777,0.1787,0.1797,0.1807,0.1818,0.1828,0.1839,0.185,0.186,0.1871,0.1883,0.1894,0.1905,0.1917,0.1928,0.194,0.1952,0.1964,0.1977,0.1989,0.2002,0.2014,0.2027,0.204,0.2054,0.2067,0.2081,0.2094,0.2108,0.2122,0.2137,0.2151,0.2166,0.2181,0.2196,0.2211,0.2227,0.2243,0.2255,0.2265,0.2275,0.2285,0.2295,0.2305,0.2316,0.2345,0.2377,0.241,0.2444,0.2479,0.2514,0.2551,0.2589,0.2628,0.2662,0.2721,2.2263,2.2191,2.212,2.2049,2.1979,2.1909,2.1839,2.177,2.1702,2.1633,2.1566,2.1498,2.1431,2.1365,2.1299,2.1233,2.1168,2.1103,2.1039,2.0974,2.0911,2.0847,2.0784,2.0722,2.066,2.0598,2.0536,2.0475,2.0415,2.0354,2.0295,2.0235,2.0176,2.0117,2.0059,2,1.9942,1.9885,1.9828,1.9771,1.9714,1.9658,1.9602,1.9649,1.9727,1.9823,2.0569,2.0838,2.1,2.1467,2.1949,2.2324,2.2712,2.3113,2.3529,2.3961,2.4408,2.4872,2.5355,2.5856,2.6378,2.6921,2.7487,2.8076,2.869,2.9056,3.0011,3.0723,4.1551,4.1491,4.1637,4.1527,4.1418,4.131,4.1209,4.1109,4.1006,4.0901,4.0772,4.0576,3.993,4.008,4.0429,4.9536,4.9494,5.0944,5.2849,5.5008,5.6615,5.7502,5.7331,5.7177,5.7008,5.6828,5.645,5.5925,5.5411,5.4905,5.4408,5.3921,5.3441,5.2971,5.2508,5.2054,5.1605,5.1166,5.0734,5.031,4.9893,4.9482,3.5511,3.5492,3.5437,3.5343,3.4142,2.7803,2.7335,2.6809,2.384,2.0824,1.8497,1.6682,1.5192,1.3946,1.2888,1.201,1.0913,1.0882,1.084,1.0794,1.0749,1.0704,1.0667,1.0647,1.0627,1.0608,1.0588,1.0569,1.055,1.053,1.0519,1.0498,1.0476,1.0453,1.0431,1.0409,1.0387,1.0365,1.0343,1.0322,1.03,1.0278,1.0257,1.0236,1.0214,1.0193,1.0172,1.0151,1.013,1.0109,1.0089,1.0068,1.0047,1.0027,1.0006,0.9986,0.9965,0.9945,0.9925,0.9905,0.9885,0.9865,0.9845,0.9825,0.9806,0.9786,0.9767,0.9747,0.9728,0.9709,0.9689,0.967,0.9651,0.9631,0.9612
0.1643,0.1652,0.166,0.1669,0.1678,0.1687,0.1696,0.1705,0.1714,0.1724,0.1733,0.1743,0.1752,0.1762,0.1772,0.1782,0.1792,0.1802,0.1812,0.1823,0.1833,0.1844,0.1855,0.1866,0.1877,0.1888,0.1899,0.1911,0.1922,0.1934,0.1946,0.1958,0.197,0.1983,0.1995,0.2008,0.2021,0.2034,0.2047,0.206,0.2074,0.2087,0.2101,0.2115,0.2129,0.2144,0.2158,0.2173,0.2188,0.2204,0.2219,0.2235,0.2249,0.2259,0.2269,0.2279,0.2289,0.2299,0.2309,0.2326,0.2358,0.239,0.2423,0.2458,0.2493,0.2529,0.2566,0.2605,0.2643,0.2678,0.2756,2.2228,2.2157,2.2086,2.2015,2.1945,2.1875,2.1806,2.1737,2.1669,2.1601,2.1533,2.1466,2.1399,2.1333,2.1267,2.1202,2.1136,2.1072,2.1007,2.0943,2.088,2.0817,2.0754,2.0692,2.063,2.0568,2.0507,2.0446,2.0386,2.0325,2.0266,2.0206,2.0147,2.0089,2.003,1.9972,1.9915,1.9857,1.98,1.9743,1.9687,1.9631,1.9585,1.9665,1.9745,1.985,2.0661,2.0875,2.1037,2.1683,2.2049,2.2428,2.282,2.3225,2.3645,2.4081,2.4532,2.5002,2.5489,2.5996,2.6523,2.7073,2.7645,2.824,2.8785,2.9165,3.0202,4.1571,4.1477,4.1394,4.157,4.1469,4.1368,4.1269,4.1165,4.106,4.0953,4.0849,4.0697,4.0335,3.9909,4.0118,4.0528,4.9482,4.9535,5.148,5.3367,5.5582,5.7502,5.7421,5.7253,5.7054,5.6855,5.674,5.6625,5.6512,5.6391,5.6219,5.6044,5.5554,5.5046,5.4548,5.4058,5.3576,5.3103,5.2638,5.218,5.1731,5.129,5.0856,3.5467,3.5484,3.5398,3.5281,3.3991,2.7625,2.7243,2.6652,2.2904,2.0106,1.7949,1.6235,1.482,1.3624,1.2638,1.0927,1.09,1.0866,1.0824,1.0778,1.0733,1.0688,1.0657,1.0638,1.0618,1.0598,1.0579,1.056,1.054,1.0521,1.0508,1.0486,1.0463,1.0441,1.0419,1.0397,1.0375,1.0353,1.0331,1.031,1.0288,1.0267,1.0245,1.0224,1.0203,1.0182,1.0161,1.014,1.0119,1.0098,1.0077,1.0056,1.0036,1.0015,0.9995,0.9974,0.9954,0.9934,0.9914,0.9894,0.9874,0.9854,0.9834,0.9814,0.9795,0.9775,0.9756,0.9736,0.9717,0.9698,0.9678,0.9659,0.964,0.962,0.96
0.1647,0.1656,0.1665,0.1673,0.1682,0.1691,0.17,0.171,0.1719,0.1728,0.1738,0.1747,0.1757,0.1767,0.1777,0.1787,0.1797,0.1807,0.1818,0.1828,0.1839,0.1849,0.186,0.1871,0.1882,0.1894,0.1905,0.1917,0.1928,0.194,0.1952,0.1964,0.1976,0.1989,0.2001,0.2014,0.2027,0.204,0.2053,0.2067,0.208,0.2094,0.2108,0.2122,0.2136,0.2151,0.2166,0.2181,0.2196,0.2211,0.2227,0.2242,0.2253,0.2263,0.2272,0.2282,0.2293,0.2303,0.2313,0.2339,0.2371,0.2404,0.2437,0.2472,0.2507,0.2544,0.2582,0.2621,0.2659,0.2694,2.2266,2.2194,2.2122,2.2052,2.1981,2.1911,2.1842,2.1773,2.1704,2.1636,2.1568,2.1501,2.1434,2.1367,2.1301,2.1235,2.117,2.1105,2.1041,2.0976,2.0913,2.085,2.0786,2.0724,2.0662,2.06,2.0538,2.0477,2.0417,2.0356,2.0296,2.0237,2.0178,2.0119,2.006,2.0002,1.9944,1.9887,1.983,1.9773,1.9716,1.966,1.9604,1.9601,1.9681,1.9769,1.9876,2.0751,2.0912,2.1075,2.1781,2.2151,2.2533,2.2928,2.3338,2.3762,2.4202,2.4658,2.5132,2.5625,2.6137,2.667,2.7226,2.7804,2.8405,2.889,2.9684,3.0368,4.1501,4.1422,4.1345,4.1529,4.1429,4.1326,4.1219,4.1113,4.1006,4.0901,4.0797,4.0622,4.0057,3.9947,4.0208,4.0755,4.9412,5.0028,5.2138,5.3921,5.6268,5.7486,5.7341,5.7177,5.7512,5.7366,5.6973,5.668,5.6467,5.6253,5.6091,5.5973,5.5861,5.5755,5.5617,5.5451,5.5189,5.4687,5.4194,5.3712,5.3236,5.2767,5.2308,3.5526,3.5437,3.5354,3.5218,3.3838,2.7426,2.7146,2.5476,2.2038,1.9436,1.7433,1.5812,1.4467,1.3336,1.2395,1.0914,1.0885,1.0851,1.0807,1.0761,1.0716,1.0671,1.0648,1.0628,1.0608,1.0589,1.057,1.055,1.0531,1.0512,1.0496,1.0473,1.0451,1.0429,1.0407,1.0385,1.0363,1.0341,1.032,1.0298,1.0276,1.0255,1.0233,1.0212,1.0191,1.017,1.0149,1.0128,1.0107,1.0086,1.0065,1.0044,1.0024,1.0003,0.9983,0.9963,0.9942,0.9922,0.9902,0.9882,0.9862,0.9842,0.9823,0.9803,0.9783,0.9764,0.9745,0.9725,0.9706,0.9687,0.9668,0.9648,0.9628,0.9609,0.9589
0.1652,0.166,0.1669,0.1678,0.1687,0.1696,0.1705,0.1714,0.1723,0.1733,0.1742,0.1752,0.1762,0.1772,0.1782,0.1792,0.1802,0.1812,0.1823,0.1833,0.1844,0.1855,0.1866,0.1877,0.1888,0.1899,0.1911,0.1922,0.1934,0.1946,0.1958,0.197,0.1982,0.1995,0.2008,0.202,0.2033,0.2047,0.206,0.2073,0.2087,0.2101,0.2115,0.2129,0.2144,0.2158,0.2173,0.2188,0.2203,0.2219,0.2234,0.2247,0.2256,0.2266,0.2276,0.2286,0.2296,0.2306,0.232,0.2352,0.2384,0.2417,0.2451,0.2486,0.2522,0.2559,0.2597,0.2636,0.2675,0.2724,2.2231,2.2159,2.2088,2.2018,2.1947,2.1877,2.1808,2.1739,2.1671,2.1603,2.1535,2.1468,2.1401,2.1335,2.1269,2.1204,2.1138,2.1074,2.101,2.0946,2.0882,2.0819,2.0756,2.0694,2.0632,2.057,2.0509,2.0448,2.0387,2.0327,2.0267,2.0208,2.0149,2.009,2.0032,1.9974,1.9916,1.9859,1.9802,1.9745,1.9689,1.9633,1.9577,1.9617,1.9696,1.9793,2.0501,2.0789,2.095,2.133,2.1881,2.2254,2.2639,2.3038,2.3451,2.388,2.4324,2.4785,2.5264,2.5762,2.628,2.6819,2.738,2.7965,2.8573,2.8998,2.9905,3.0534,4.1578,4.1392,4.1475,4.1488,4.138,4.1273,4.1166,4.106,4.0954,4.085,4.0746,4.0548,3.9801,3.9986,4.0305,4.9529,4.943,5.0568,5.288,5.4589,5.7144,5.7433,5.7259,5.7142,6.3999,6.3337,6.2689,6.2058,6.1429,5.6851,5.6501,5.6091,5.5884,5.5678,5.5475,5.5349,5.5225,5.5122,5.5019,5.4864,5.4703,5.4333,3.5545,3.5479,3.5391,3.5316,3.4167,3.3688,2.7306,2.6966,2.4399,2.1236,1.8821,1.6945,1.541,1.4129,1.3067,1.216,1.0901,1.087,1.0836,1.079,1.0745,1.07,1.0658,1.0638,1.0618,1.0599,1.058,1.056,1.0541,1.0522,1.0503,1.0484,1.0461,1.0439,1.0417,1.0395,1.0373,1.0351,1.0329,1.0307,1.0286,1.0264,1.0243,1.0221,1.02,1.0179,1.0158,1.0137,1.0116,1.0095,1.0074,1.0053,1.0033,1.0012,0.9992,0.9971,0.9951,0.9931,0.9911,0.9891,0.9871,0.9851,0.9831,0.9812,0.9792,0.9772,0.9753,0.9734,0.9714,0.9695,0.9676,0.9656,0.9637,0.9617,0.9598,0.9578
0.1656,0.1664,0.1673,0.1682,0.1691,0.17,0.1709,0.1719,0.1728,0.1738,0.1747,0.1757,0.1767,0.1777,0.1787,0.1797,0.1807,0.1817,0.1828,0.1838,0.1849,0.186,0.1871,0.1882,0.1893,0.1905,0.1916,0.1928,0.194,0.1952,0.1964,0.1976,0.1989,0.2001,0.2014,0.2027,0.204,0.2053,0.2066,0.208,0.2094,0.2108,0.2122,0.2136,0.2151,0.2165,0.218,0.2195,0.2211,0.2226,0.224,0.225,0.226,0.227,0.228,0.229,0.23,0.231,0.2333,0.2365,0.2397,0.2431,0.2465,0.25,0.2537,0.2574,0.2613,0.2653,0.2692,2.2268,2.2196,2.2125,2.2054,2.1984,2.1913,2.1844,2.1775,2.1706,2.1638,2.157,2.1503,2.1436,2.1369,2.1303,2.1237,2.1172,2.1107,2.1043,2.0979,2.0915,2.0852,2.0789,2.0726,2.0664,2.0602,2.054,2.0479,2.0419,2.0358,2.0298,2.0239,2.0179,2.0121,2.0062,2.0004,1.9946,1.9888,1.9831,1.9774,1.9718,1.9661,1.9605,1.955,1.9633,1.9712,1.9817,2.0592,2.0826,2.0987,2.1616,2.1981,2.2357,2.2746,2.3149,2.3566,2.3999,2.4448,2.4913,2.5398,2.5901,2.6424,2.6969,2.7537,2.8127,2.8725,2.9106,3.006,3.0325,4.1756,4.1651,4.1542,4.1434,4.1327,4.122,4.1113,4.1007,4.0902,4.0798,4.0666,4.0349,3.9838,4.0025,4.0403,4.9447,4.9428,5.1045,5.3028,5.5274,5.7406,5.7351,5.7179,5.7146,6.6316,6.5603,6.4905,6.4222,6.3985,6.6786,6.6659,6.6492,6.6327,6.0422,5.5988,5.5635,5.5311,5.5109,5.4909,5.469,5.4617,5.4511,3.5425,3.5431,3.5345,3.5254,3.4024,2.7689,2.7232,2.6631,2.3407,2.049,1.8254,1.6484,1.5028,1.3815,1.2806,1.0915,1.0888,1.0854,1.0819,1.0774,1.0728,1.0683,1.0648,1.0629,1.0609,1.059,1.057,1.0551,1.0532,1.0512,1.0493,1.0471,1.0449,1.0427,1.0405,1.0382,1.0361,1.0339,1.0317,1.0295,1.0274,1.0252,1.0231,1.0209,1.0188,1.0167,1.0146,1.0125,1.0104,1.0083,1.0062,1.0042,1.0021,1.0001,0.998,0.996,0.994,0.992,0.99,0.988,0.986,0.984,0.982,0.98,0.9781,0.9761,0.9742,0.9723,0.9703,0.9684,0.9665,0.9645,0.9626,0.9606,0.9586,0.9567
0.1660,0.1669,0.1678,0.1687,0.1696,0.1705,0.1714,0.1723,0.1733,0.1742,0.1752,0.1762,0.1771,0.1781,0.1792,0.1802,0.1812,0.1822,0.1833,0.1844,0.1855,0.1865,0.1877,0.1888,0.1899,0.191,0.1922,0.1934,0.1946,0.1958,0.197,0.1982,0.1995,0.2007,0.202,0.2033,0.2046,0.206,0.2073,0.2087,0.2101,0.2115,0.2129,0.2143,0.2158,0.2173,0.2188,0.2203,0.2218,0.2234,0.2244,0.2254,0.2263,0.2273,0.2283,0.2293,0.2304,0.2314,0.2346,0.2378,0.2411,0.2444,0.2479,0.2515,0.2552,0.259,0.2629,0.2669,0.2708,2.2233,2.2162,2.209,2.202,2.195,2.188,2.181,2.1742,2.1673,2.1605,2.1538,2.147,2.1404,2.1337,2.1271,2.1206,2.1141,2.1076,2.1012,2.0948,2.0884,2.0821,2.0758,2.0696,2.0634,2.0572,2.0511,2.045,2.0389,2.0329,2.0269,2.021,2.0151,2.0092,2.0034,1.9976,1.9918,1.9861,1.9804,1.9747,1.969,1.9634,1.9578,1.9566,1.9649,1.9734,2.0343,2.0684,2.0863,2.1025,2.1715,2.2082,2.2461,2.2854,2.3261,2.3682,2.4119,2.4573,2.5043,2.5532,2.6041,2.657,2.7121,2.7704,2.8296,2.8826,2.9182,3.0168,4.1808,4.1702,4.1596,4.1488,4.1381,4.1274,4.1166,4.1061,4.0955,4.0851,4.0746,4.0578,4.0071,3.9875,4.0088,4.0502,4.9364,4.9675,5.1531,5.3578,5.6215,5.7386,5.727,5.7085,5.8158,6.8768,6.8002,6.7252,6.6519,6.6191,6.6471,6.658,6.6411,6.6246,6.6079,6.592,6.576,6.5603,6.0037,5.5748,5.5151,5.4733,5.447,3.5339,3.5384,3.5299,3.5192,3.3879,2.7512,2.7151,2.6109,2.25,1.9794,1.772,1.6048,1.4664,1.3523,1.2555,1.0902,1.0873,1.0839,1.0803,1.0757,1.0712,1.0667,1.0639,1.0619,1.06,1.058,1.0561,1.0541,1.0522,1.0503,1.0482,1.046,1.0437,1.0415,1.0393,1.037,1.0348,1.0326,1.0304,1.0283,1.0261,1.024,1.0218,1.0197,1.0176,1.0155,1.0134,1.0113,1.0092,1.0071,1.0051,1.003,1.0009,0.9989,0.9969,0.9948,0.9928,0.9908,0.9888,0.9868,0.9848,0.9829,0.9809,0.9789,0.977,0.975,0.9731,0.9712,0.9692,0.9673,0.9654,0.9634,0.9614,0.9595,0.9575,0.9556
0.1664,0.1673,0.1682,0.1691,0.17,0.1709,0.1719,0.1728,0.1737,0.1747,0.1757,0.1766,0.1776,0.1786,0.1797,0.1807,0.1817,0.1828,0.1838,0.1849,0.186,0.1871,0.1882,0.1893,0.1905,0.1916,0.1928,0.194,0.1952,0.1964,0.1976,0.1988,0.2001,0.2014,0.2027,0.204,0.2053,0.2066,0.208,0.2094,0.2108,0.2122,0.2136,0.215,0.2165,0.218,0.2195,0.2211,0.2226,0.2238,0.2247,0.2257,0.2267,0.2277,0.2287,0.2297,0.2307,0.2327,0.2358,0.2391,0.2424,0.2458,0.2493,0.253,0.2567,0.2605,0.2645,0.2686,0.2726,2.2198,2.2127,2.2056,2.1986,2.1916,2.1846,2.1777,2.1708,2.164,2.1572,2.1505,2.1438,2.1371,2.1305,2.124,2.1174,2.1109,2.1045,2.0981,2.0917,2.0854,2.0791,2.0728,2.0666,2.0604,2.0542,2.0481,2.0421,2.036,2.03,2.0241,2.0181,2.0122,2.0064,2.0005,1.9948,1.989,1.9833,1.9776,1.9719,1.9663,1.9607,1.9551,1.9582,1.9665,1.976,2.0433,2.0738,2.09,2.1164,2.1814,2.2184,2.2567,2.2963,2.3374,2.3799,2.4241,2.4698,2.5174,2.5668,2.6182,2.6717,2.7275,2.7885,2.8478,2.8853,2.9762,3.029,4.1753,4.1647,4.1542,4.1435,4.1328,4.1221,4.1114,4.1008,4.0903,4.0798,4.0694,4.0504,3.9779,3.9912,4.0183,4.1046,4.9347,5.0193,5.2058,5.4756,5.6915,5.7363,5.7188,5.7035,7.2295,7.1439,7.0603,6.9787,6.8989,6.8109,6.7214,6.6701,6.6324,6.6055,6.5647,6.5763,6.5675,6.5514,6.5353,6.5195,5.5943,5.4662,3.5549,3.529,3.5336,3.5267,3.513,3.3727,2.7276,2.7054,2.4979,2.1664,1.9157,1.7217,1.5634,1.434,1.3244,1.2314,1.0889,1.0858,1.0824,1.0786,1.0741,1.0696,1.0651,1.0629,1.061,1.059,1.0571,1.0551,1.0532,1.0513,1.0494,1.0471,1.0449,1.0426,1.0404,1.0381,1.0359,1.0337,1.0315,1.0293,1.0272,1.025,1.0228,1.0207,1.0185,1.0164,1.0143,1.0122,1.0101,1.008,1.006,1.0039,1.0018,0.9998,0.9978,0.9957,0.9937,0.9917,0.9897,0.9877,0.9857,0.9837,0.9817,0.9798,0.9778,0.9759,0.9739,0.972,0.9701,0.9681,0.9662,0.9642,0.9623,0.9603,0.9584,0.9564,0.9545
0.1669,0.1677,0.1686,0.1695,0.1705,0.1714,0.1723,0.1733,0.1742,0.1752,0.1761,0.1771,0.1781,0.1791,0.1802,0.1812,0.1822,0.1833,0.1844,0.1854,0.1865,0.1876,0.1888,0.1899,0.191,0.1922,0.1934,0.1946,0.1958,0.197,0.1982,0.1995,0.2007,0.202,0.2033,0.2046,0.2059,0.2073,0.2087,0.21,0.2114,0.2129,0.2143,0.2158,0.2172,0.2187,0.2203,0.2218,0.2232,0.2241,0.2251,0.2261,0.2271,0.2281,0.2291,0.2301,0.2311,0.2339,0.2371,0.2404,0.2438,0.2472,0.2508,0.2545,0.2582,0.2621,0.2661,0.2702,2.2235,2.2164,2.2093,2.2022,2.1952,2.1882,2.1813,2.1744,2.1675,2.1607,2.154,2.1473,2.1406,2.134,2.1274,2.1208,2.1143,2.1078,2.1014,2.095,2.0886,2.0823,2.076,2.0698,2.0636,2.0574,2.0513,2.0452,2.0391,2.0331,2.0271,2.0212,2.0153,2.0094,2.0036,1.9977,1.992,1.9862,1.9805,1.9749,1.9692,1.9636,1.958,1.9525,1.9598,1.9682,2.0187,2.0523,2.0776,2.0937,2.1496,2.1913,2.2287,2.2673,2.3073,2.3488,2.3917,2.4363,2.4825,2.5305,2.5805,2.6325,2.6867,2.7432,2.8067,2.8599,2.8822,2.9964,4.1807,4.17,4.1594,4.1487,4.1381,4.1275,4.1168,4.1062,4.0956,4.0851,4.0747,4.0643,4.0362,3.9883,3.9974,4.028,4.9319,4.9326,5.0715,5.2645,5.4866,5.7314,5.728,5.7099,5.7076,7.5411,7.445,7.3511,7.2598,7.1707,7.0838,6.9944,6.9065,6.8217,6.7325,6.664,6.6115,6.5616,6.535,6.5044,5.7803,5.58,5.4486,3.5427,3.5241,3.529,3.5227,3.4049,2.78,2.7203,2.6789,2.3943,2.0889,1.857,1.6742,1.5241,1.4042,1.2976,1.2082,1.0876,1.0843,1.0809,1.0769,1.0724,1.0679,1.0639,1.062,1.06,1.0581,1.0561,1.0542,1.0523,1.0504,1.0482,1.046,1.0437,1.0415,1.0393,1.037,1.0348,1.0326,1.0304,1.0283,1.0261,1.0239,1.0218,1.0196,1.0175,1.0153,1.0132,1.0111,1.009,1.0069,1.0048,1.0028,1.0007,0.9986,0.9966,0.9946,0.9926,0.9905,0.9885,0.9866,0.9846,0.9826,0.9806,0.9787,0.9767,0.9748,0.9728,0.9709,0.969,0.967,0.9651,0.9631,0.9611,0.9592,0.9572,0.9553,0.9534
0.1673,0.1682,0.1691,0.17,0.1709,0.1718,0.1728,0.1737,0.1747,0.1757,0.1766,0.1776,0.1786,0.1796,0.1807,0.1817,0.1827,0.1838,0.1849,0.186,0.1871,0.1882,0.1893,0.1904,0.1916,0.1928,0.1939,0.1951,0.1964,0.1976,0.1988,0.2001,0.2013,0.2026,0.2039,0.2053,0.2066,0.208,0.2093,0.2107,0.2121,0.2136,0.215,0.2165,0.218,0.2195,0.221,0.2226,0.2235,0.2245,0.2255,0.2264,0.2274,0.2284,0.2294,0.2305,0.2321,0.2352,0.2384,0.2418,0.2452,0.2487,0.2523,0.256,0.2598,0.2637,0.2678,0.2719,2.2201,2.2129,2.2058,2.1988,2.1918,2.1848,2.1779,2.1711,2.1642,2.1574,2.1507,2.144,2.1374,2.1308,2.1242,2.1176,2.1112,2.1047,2.0983,2.0919,2.0856,2.0793,2.073,2.0668,2.0606,2.0544,2.0483,2.0423,2.0362,2.0302,2.0242,2.0183,2.0124,2.0066,2.0007,1.9949,1.9892,1.9834,1.9778,1.9721,1.9665,1.9609,1.9553,1.9532,1.9614,1.976,2.0276,2.0615,2.0813,2.0974,2.1648,2.2013,2.239,2.278,2.3184,2.3602,2.4036,2.4485,2.4953,2.5439,2.5945,2.6471,2.7018,2.7589,2.8252,2.8618,2.8937,3.0155,4.1757,4.165,4.1537,4.1436,4.1328,4.1222,4.1116,4.1009,4.0903,4.0799,4.0695,4.0572,4.0074,3.9906,3.9979,4.0377,4.9297,4.935,5.1345,5.325,5.553,5.7294,5.72,5.7004,5.7347,7.8819,7.7774,7.6749,7.5751,7.4782,7.3838,7.2917,7.2018,7.1109,7.0213,6.9334,6.8329,6.7686,6.6997,6.0296,5.713,5.5783,5.4327,3.531,3.5237,3.5249,3.5165,3.3907,2.7575,2.7129,2.6456,2.299,2.0166,1.8018,1.6292,1.4898,1.3724,1.2718,1.089,1.0861,1.0827,1.0794,1.0753,1.0708,1.0663,1.063,1.061,1.0591,1.0571,1.0552,1.0533,1.0513,1.0493,1.0471,1.0449,1.0426,1.0404,1.0382,1.0359,1.0337,1.0315,1.0294,1.0272,1.025,1.0228,1.0207,1.0186,1.0164,1.0143,1.0122,1.0101,1.008,1.0059,1.0038,1.0017,0.9997,0.9976,0.9956,0.9935,0.9915,0.9895,0.9875,0.9855,0.9835,0.9815,0.9795,0.9775,0.9756,0.9737,0.9717,0.9698,0.9679,0.9659,0.9639,0.962,0.96,0.9581,0.9561,0.9542,0.9523
0.1677,0.1686,0.1695,0.1704,0.1714,0.1723,0.1732,0.1742,0.1752,0.1761,0.1771,0.1781,0.1791,0.1801,0.1812,0.1822,0.1833,0.1843,0.1854,0.1865,0.1876,0.1887,0.1899,0.191,0.1922,0.1933,0.1945,0.1957,0.197,0.1982,0.1994,0.2007,0.202,0.2033,0.2046,0.2059,0.2073,0.2086,0.21,0.2114,0.2128,0.2143,0.2157,0.2172,0.2187,0.2202,0.2218,0.2229,0.2239,0.2248,0.2258,0.2268,0.2278,0.2288,0.2298,0.2308,0.2333,0.2365,0.2398,0.2431,0.2466,0.2501,0.2537,0.2575,0.2614,0.2653,0.2694,0.2729,2.2166,2.2095,2.2024,2.1954,2.1884,2.1815,2.1746,2.1678,2.1609,2.1542,2.1475,2.1408,2.1341,2.1276,2.121,2.1145,2.108,2.1016,2.0952,2.0888,2.0825,2.0762,2.07,2.0638,2.0576,2.0515,2.0454,2.0393,2.0333,2.0273,2.0214,2.0154,2.0096,2.0037,1.9979,1.9921,1.9864,1.9807,1.975,1.9694,1.9638,1.9582,1.9526,1.9548,1.963,1.9957,2.0365,2.0686,2.085,2.1056,2.1746,2.2114,2.2494,2.2887,2.3295,2.3717,2.4155,2.4611,2.5084,2.5575,2.6086,2.6618,2.7171,2.7749,2.844,2.8731,2.9675,3.0349,4.1707,4.1587,4.1492,4.1384,4.1276,4.1169,4.1064,4.0957,4.0852,4.0748,4.0643,4.048,3.9794,3.9901,4.0042,4.0645,4.9227,4.9861,5.2084,5.4056,5.6249,5.7269,5.7111,5.6954,8.4764,8.144,8.114,8.0286,7.9198,7.814,7.7105,7.6098,7.512,7.4167,7.3238,7.2291,7.1369,7.0467,6.26,5.8959,5.6311,5.4596,5.4229,3.524,3.5308,3.5218,3.5104,3.3765,2.7401,2.7057,2.5587,2.2111,1.9505,1.7498,1.5865,1.4577,1.3426,1.2471,1.0877,1.0846,1.0812,1.0778,1.0736,1.0691,1.0647,1.062,1.0601,1.0581,1.0562,1.0543,1.0523,1.0504,1.0482,1.046,1.0438,1.0415,1.0393,1.0371,1.0348,1.0326,1.0305,1.0283,1.0261,1.0239,1.0218,1.0196,1.0175,1.0154,1.0132,1.0111,1.009,1.0069,1.0049,1.0028,1.0007,0.9986,0.9966,0.9946,0.9925,0.9905,0.9885,0.9865,0.9845,0.9825,0.9805,0.9785,0.9765,0.9746,0.9726,0.9707,0.9687,0.9668,0.965,0.9631,0.9612,0.9594,0.9575,0.9557,0.9538,0.952
0.1682,0.1691,0.17,0.1709,0.1718,0.1728,0.1737,0.1747,0.1756,0.1766,0.1776,0.1786,0.1796,0.1806,0.1817,0.1827,0.1838,0.1849,0.186,0.187,0.1882,0.1893,0.1904,0.1916,0.1927,0.1939,0.1951,0.1963,0.1976,0.1988,0.2001,0.2013,0.2026,0.2039,0.2052,0.2066,0.2079,0.2093,0.2107,0.2121,0.2135,0.215,0.2165,0.218,0.2195,0.221,0.2223,0.2233,0.2242,0.2252,0.2262,0.2272,0.2282,0.2292,0.2302,0.2315,0.2346,0.2378,0.2411,0.2445,0.248,0.2516,0.2552,0.259,0.2629,0.267,0.2704,0.2727,2.2131,2.2061,2.199,2.192,2.1851,2.1781,2.1713,2.1645,2.1577,2.1509,2.1442,2.1376,2.1309,2.1244,2.1178,2.1113,2.1049,2.0985,2.0921,2.0858,2.0795,2.0732,2.067,2.0608,2.0546,2.0485,2.0425,2.0364,2.0304,2.0244,2.0185,2.0126,2.0067,2.0009,1.9951,1.9894,1.9836,1.9779,1.9723,1.9667,1.9611,1.9555,1.95,1.9564,1.9646,2.0124,2.0455,2.0725,2.0887,2.1359,2.1805,2.2215,2.2599,2.2996,2.3408,2.3835,2.4278,2.4738,2.5215,2.5712,2.6229,2.6766,2.7326,2.791,2.8529,2.8827,2.9865,3.0518,4.1601,4.1485,4.1439,4.1332,4.1224,4.1117,4.101,4.0883,4.0759,4.0674,4.0591,4.0141,3.9751,3.9783,4.0116,4.9263,4.9232,5.0492,5.2617,5.4826,5.6919,5.721,5.7016,5.6903,8.7332,8.6166,8.5113,8.408,8.3478,8.2408,8.0664,7.9578,7.8509,7.7465,7.6448,7.5458,7.4497,7.3517,6.1469,5.8411,5.5711,5.4458,3.5432,3.521,3.5253,3.519,3.5042,3.3617,2.7173,2.6958,2.4501,2.1303,1.8896,1.7007,1.5502,1.427,1.315,1.2233,1.0864,1.0831,1.0797,1.0763,1.072,1.0675,1.0631,1.0611,1.0591,1.0572,1.0552,1.0533,1.0514,1.0493,1.0471,1.0449,1.0426,1.0404,1.0382,1.036,1.0338,1.0316,1.0294,1.0272,1.025,1.0229,1.0207,1.0186,1.0164,1.0143,1.0122,1.0101,1.008,1.0059,1.0038,1.0017,0.9997,0.9976,0.9956,0.9935,0.9915,0.9895,0.9875,0.9855,0.9835,0.9815,0.9795,0.9775,0.9756,0.9736,0.9717,0.9697,0.9678,0.9659,0.9641,0.9622,0.9603,0.9585,0.9566,0.9548,0.953,0.9511
0.1686,0.1695,0.1704,0.1713,0.1723,0.1732,0.1742,0.1751,0.1761,0.1771,0.1781,0.1791,0.1801,0.1812,0.1822,0.1833,0.1843,0.1854,0.1865,0.1876,0.1887,0.1898,0.191,0.1921,0.1933,0.1945,0.1957,0.1969,0.1982,0.1994,0.2007,0.202,0.2033,0.2046,0.2059,0.2072,0.2086,0.21,0.2114,0.2128,0.2143,0.2157,0.2172,0.2187,0.2202,0.2217,0.2226,0.2236,0.2246,0.2256,0.2265,0.2275,0.2285,0.2295,0.2306,0.2327,0.2359,0.2391,0.2425,0.2459,0.2494,0.253,0.2568,0.2606,0.2646,0.2679,0.2705,0.2724,2.2097,2.2027,2.1956,2.1886,2.1817,2.1748,2.168,2.1612,2.1544,2.1477,2.141,2.1344,2.1278,2.1212,2.1147,2.1082,2.1018,2.0954,2.089,2.0827,2.0764,2.0702,2.064,2.0578,2.0517,2.0456,2.0395,2.0335,2.0275,2.0216,2.0156,2.0097,2.0039,1.9981,1.9923,1.9866,1.9809,1.9752,1.9695,1.9639,1.9584,1.9528,1.9497,1.958,1.9655,2.021,2.0546,2.0764,2.0924,2.1582,2.1821,2.2317,2.2704,2.3106,2.3522,2.3954,2.4401,2.4866,2.5349,2.5851,2.6373,2.6916,2.7483,2.8083,2.8611,2.8923,3.0057,4.1711,4.1589,4.1493,4.1386,4.1278,4.1171,4.1065,4.0955,4.0827,4.07,4.0574,4.0444,4.0143,3.9831,3.9888,4.0225,4.9177,4.9247,5.1096,5.2932,5.5461,5.7212,5.7124,5.6923,5.7037,8.746,8.7237,8.7155,8.6956,8.6535,8.5438,8.4389,8.337,8.2392,8.0785,7.9725,7.8693,7.7691,7.6711,6.022,5.7272,7.375,5.428,3.531,3.5191,3.52,3.5138,3.3931,2.7685,2.7101,2.6614,2.3504,2.0553,1.8325,1.6552,1.5155,1.3975,1.2886,1.0878,1.0849,1.0815,1.0782,1.0748,1.0703,1.0659,1.0621,1.0601,1.0582,1.0562,1.0543,1.0524,1.0505,1.0482,1.046,1.0438,1.0415,1.0393,1.0371,1.0349,1.0327,1.0305,1.0283,1.0261,1.0239,1.0218,1.0196,1.0175,1.0154,1.0133,1.0111,1.009,1.0069,1.0049,1.0028,1.0007,0.9987,0.9966,0.9946,0.9925,0.9905,0.9885,0.9865,0.9845,0.9825,0.9805,0.9785,0.9765,0.9746,0.9726,0.9707,0.9688,0.9669,0.965,0.9632,0.9613,0.9594,0.9576,0.9557,0.9539,0.9521,0.9503
0.1691,0.17,0.1709,0.1718,0.1727,0.1737,0.1746,0.1756,0.1766,0.1776,0.1786,0.1796,0.1806,0.1817,0.1827,0.1838,0.1848,0.1859,0.187,0.1881,0.1893,0.1904,0.1916,0.1927,0.1939,0.1951,0.1963,0.1975,0.1988,0.2,0.2013,0.2026,0.2039,0.2052,0.2066,0.2079,0.2093,0.2107,0.2121,0.2135,0.215,0.2164,0.2179,0.2194,0.221,0.222,0.223,0.224,0.2249,0.2259,0.2269,0.2279,0.2289,0.2299,0.2309,0.234,0.2372,0.2405,0.2438,0.2473,0.2508,0.2545,0.2583,0.2622,0.2654,0.2683,0.2703,0.2722,2.2063,2.1992,2.1922,2.1853,2.1784,2.1715,2.1647,2.1579,2.1511,2.1444,2.1378,2.1312,2.1246,2.1181,2.1116,2.1051,2.0987,2.0923,2.086,2.0797,2.0734,2.0672,2.061,2.0548,2.0487,2.0427,2.0366,2.0306,2.0246,2.0187,2.0128,2.0069,2.0011,1.9953,1.9895,1.9838,1.9781,1.9724,1.9668,1.9612,1.9557,1.9501,1.9513,1.9596,1.9849,2.0298,2.0635,2.0801,2.0968,2.168,2.2043,2.2421,2.2812,2.3218,2.3638,2.4074,2.4526,2.4996,2.5484,2.5991,2.6518,2.7068,2.7641,2.8273,2.8686,2.9566,3.0249,4.1657,4.1549,4.144,4.1333,4.1225,4.1119,4.1012,4.09,4.0772,4.0645,4.0519,4.0393,3.9875,3.9751,3.9952,4.0334,4.9126,4.951,5.1715,5.3551,5.6108,5.7183,5.7029,5.6867,5.727,8.7341,8.7124,8.7124,8.6875,8.6566,8.633,8.6131,8.5906,8.5516,8.4444,8.342,8.242,8.1459,6.2605,5.9332,5.6444,5.5331,5.4182,3.5215,3.5168,3.517,3.5076,3.379,2.7462,2.7028,2.6215,2.2585,1.9865,1.7787,1.6156,1.4823,1.3651,1.0892,1.0865,1.0834,1.08,1.0767,1.0732,1.0687,1.0643,1.0611,1.0592,1.0572,1.0553,1.0534,1.0515,1.0493,1.0471,1.0449,1.0427,1.0404,1.0382,1.036,1.0338,1.0316,1.0294,1.0272,1.025,1.0229,1.0207,1.0186,1.0164,1.0143,1.0122,1.0101,1.008,1.0059,1.0038,1.0018,0.9997,0.9976,0.9956,0.9935,0.9915,0.9895,0.9875,0.9855,0.9835,0.9815,0.9795,0.9775,0.9756,0.9736,0.9717,0.9698,0.9679,0.966,0.9641,0.9623,0.9604,0.9585,0.9567,0.9549,0.953,0.9512,0.9494
0.1695,0.1704,0.1713,0.1723,0.1732,0.1742,0.1751,0.1761,0.1771,0.1781,0.1791,0.1801,0.1811,0.1822,0.1832,0.1843,0.1854,0.1865,0.1876,0.1887,0.1898,0.191,0.1921,0.1933,0.1945,0.1957,0.1969,0.1981,0.1994,0.2007,0.2019,0.2032,0.2045,0.2059,0.2072,0.2086,0.21,0.2114,0.2128,0.2142,0.2157,0.2172,0.2187,0.2202,0.2214,0.2224,0.2233,0.2243,0.2253,0.2263,0.2273,0.2283,0.2293,0.2303,0.2321,0.2353,0.2385,0.2418,0.2452,0.2487,0.2523,0.256,0.2598,0.2629,0.2658,0.2682,0.27,0.2719,2.2029,2.1958,2.1889,2.1819,2.175,2.1682,2.1614,2.1546,2.1479,2.1412,2.1346,2.128,2.1214,2.1149,2.1084,2.102,2.0956,2.0892,2.0829,2.0766,2.0704,2.0642,2.058,2.0519,2.0458,2.0397,2.0337,2.0277,2.0218,2.0158,2.0099,2.0041,1.9983,1.9925,1.9867,1.981,1.9754,1.9697,1.9641,1.9585,1.953,1.9475,1.9529,1.9605,2.0064,2.0388,2.0674,2.0838,2.12,2.1776,2.2144,2.2526,2.2921,2.3331,2.3755,2.4195,2.4652,2.5127,2.562,2.6133,2.6666,2.7222,2.7802,2.8416,2.8774,2.9758,3.0445,4.1603,4.1495,4.1387,4.128,4.1173,4.1066,4.096,4.0844,4.0718,4.059,4.0464,4.0339,3.9776,3.9856,4.0028,4.0861,4.9139,5.0094,5.2375,5.4454,5.665,5.7138,5.6934,5.6838,8.7451,8.0133,7.9938,7.9748,7.974,8.6428,7.8997,8.6025,8.5822,8.5625,8.5429,8.5229,8.5018,8.4551,6.18,5.8802,5.5767,5.4405,3.5438,3.5165,3.514,3.5142,3.5015,3.365,2.7144,2.6956,2.5087,2.1735,1.9235,1.73,1.578,1.4505,1.333,1.0879,1.0852,1.0819,1.0785,1.0752,1.0716,1.0671,1.0626,1.0602,1.0582,1.0563,1.0544,1.0524,1.0505,1.0482,1.046,1.0438,1.0415,1.0393,1.0371,1.0349,1.0327,1.0305,1.0283,1.0261,1.024,1.0218,1.0197,1.0175,1.0154,1.0133,1.0112,1.0091,1.007,1.0049,1.0028,1.0007,0.9987,0.9966,0.9946,0.9925,0.9905,0.9885,0.9865,0.9845,0.9825,0.9805,0.9785,0.9766,0.9746,0.9727,0.9708,0.9689,0.967,0.9651,0.9632,0.9614,0.9595,0.9577,0.9558,0.954,0.9522,0.9503,0.9485
0.1699,0.1709,0.1718,0.1727,0.1737,0.1746,0.1756,0.1766,0.1776,0.1786,0.1796,0.1806,0.1816,0.1827,0.1838,0.1848,0.1859,0.187,0.1881,0.1892,0.1904,0.1915,0.1927,0.1939,0.1951,0.1963,0.1975,0.1988,0.2,0.2013,0.2026,0.2039,0.2052,0.2065,0.2079,0.2093,0.2107,0.2121,0.2135,0.2149,0.2164,0.2179,0.2194,0.2208,0.2218,0.2227,0.2237,0.2247,0.2256,0.2266,0.2276,0.2286,0.2296,0.2307,0.2334,0.2366,0.2398,0.2432,0.2466,0.2502,0.2538,0.2575,0.2605,0.2633,0.2661,0.2679,0.2698,2.2065,2.1995,2.1925,2.1855,2.1786,2.1717,2.1649,2.1581,2.1514,2.1447,2.138,2.1314,2.1248,2.1183,2.1118,2.1053,2.0989,2.0925,2.0862,2.0799,2.0736,2.0674,2.0612,2.055,2.0489,2.0429,2.0368,2.0308,2.0248,2.0189,2.013,2.0071,2.0013,1.9955,1.9897,1.984,1.9783,1.9726,1.967,1.9614,1.9558,1.9503,1.9463,1.9545,1.9615,2.0147,2.0478,2.0712,2.0875,2.1516,2.1875,2.2246,2.2632,2.3031,2.3445,2.3874,2.4318,2.478,2.5259,2.5757,2.6275,2.6815,2.7377,2.7964,2.8489,2.8874,2.9949,4.1659,4.155,4.1442,4.1334,4.1226,4.112,4.1013,4.0907,4.0789,4.0664,4.0536,4.0409,4.0198,3.9857,3.9847,4.0126,4.9129,4.9153,5.0741,5.2666,5.508,5.7115,5.7048,5.6842,5.6815,8.7332,8.711,8.6997,8.6911,7.9699,7.9266,7.9083,7.89,7.8882,7.8886,8.5325,8.513,8.4932,8.4739,6.0931,5.7801,5.5486,5.4227,3.5316,3.5115,3.5159,3.5112,3.3957,3.3508,2.7072,2.681,2.4042,2.0954,1.8643,1.6869,1.542,1.4201,1.3058,1.0866,1.0837,1.0804,1.077,1.0737,1.0699,1.0655,1.0612,1.0592,1.0573,1.0554,1.0534,1.0515,1.0493,1.0471,1.0449,1.0427,1.0404,1.0382,1.036,1.0338,1.0316,1.0294,1.0272,1.025,1.0229,1.0207,1.0186,1.0165,1.0143,1.0122,1.0101,1.008,1.0059,1.0038,1.0018,0.9997,0.9977,0.9956,0.9936,0.9915,0.9895,0.9875,0.9855,0.9835,0.9815,0.9795,0.9776,0.9756,0.9737,0.9718,0.9699,0.968,0.9661,0.9642,0.9623,0.9605,0.9586,0.9568,0.9549,0.9531,0.9513,0.9495,0.9476
0.1704,0.1713,0.1722,0.1732,0.1741,0.1751,0.1761,0.1771,0.1781,0.1791,0.1801,0.1811,0.1822,0.1832,0.1843,0.1854,0.1865,0.1876,0.1887,0.1898,0.191,0.1921,0.1933,0.1945,0.1957,0.1969,0.1981,0.1994,0.2006,0.2019,0.2032,0.2045,0.2059,0.2072,0.2086,0.2099,0.2113,0.2128,0.2142,0.2157,0.2171,0.2186,0.2202,0.2212,0.2221,0.2231,0.2241,0.225,0.226,0.227,0.228,0.229,0.23,0.2315,0.2347,0.2379,0.2412,0.2445,0.248,0.2516,0.2553,0.2581,0.2609,0.2638,0.2658,0.2677,0.2696,2.2031,2.1961,2.1891,2.1821,2.1753,2.1684,2.1616,2.1548,2.1481,2.1414,2.1348,2.1282,2.1216,2.1151,2.1086,2.1022,2.0958,2.0894,2.0831,2.0768,2.0706,2.0644,2.0582,2.0521,2.046,2.0399,2.0339,2.0279,2.022,2.016,2.0101,2.0043,1.9985,1.9927,1.9869,1.9812,1.9755,1.9699,1.9643,1.9587,1.9531,1.9476,1.9479,1.9555,1.9742,2.0232,2.0569,2.0751,2.0912,2.1613,2.1974,2.235,2.2739,2.3142,2.356,2.3993,2.4442,2.4909,2.5393,2.5896,2.642,2.6966,2.7535,2.8128,2.8646,2.933,3.0143,4.1605,4.1496,4.1389,4.1281,4.1174,4.1067,4.0961,4.0856,4.0734,4.0609,4.0482,4.0354,3.9945,3.973,3.9824,4.0226,4.9011,4.9167,5.1354,5.3233,5.5733,5.7099,5.6956,5.6778,5.6998,8.7214,8.6993,8.6929,8.6772,8.6464,8.621,8.6011,8.5813,7.8671,7.8443,7.8256,7.8067,7.8056,7.8023,5.974,5.6838,5.5314,5.4084,3.5194,3.5198,3.5121,3.505,3.3815,2.7571,2.7025,2.6512,2.308,2.024,1.8119,1.6459,1.5077,1.3909,1.2798,1.0977,1.0822,1.0788,1.0755,1.0722,1.0683,1.0638,1.0602,1.0583,1.0564,1.0544,1.0525,1.0504,1.0482,1.046,1.0438,1.0416,1.0393,1.0371,1.0349,1.0327,1.0305,1.0283,1.0261,1.024,1.0218,1.0197,1.0175,1.0154,1.0133,1.0112,1.0091,1.007,1.0049,1.0028,1.0007,0.9987,0.9966,0.9946,0.9926,0.9905,0.9885,0.9865,0.9845,0.9825,0.9805,0.9785,0.9766,0.9747,0.9728,0.9709,0.969,0.9671,0.9652,0.9633,0.9614,0.9596,0.9577,0.9559,0.9541,0.9522,0.9504,0.9486,0.9468
0.1708,0.1718,0.1727,0.1737,0.1746,0.1756,0.1766,0.1776,0.1786,0.1796,0.1806,0.1816,0.1827,0.1837,0.1848,0.1859,0.187,0.1881,0.1892,0.1904,0.1915,0.1927,0.1939,0.1951,0.1963,0.1975,0.1987,0.2,0.2013,0.2025,0.2039,0.2052,0.2065,0.2079,0.2092,0.2106,0.212,0.2135,0.2149,0.2164,0.2179,0.2194,0.2206,0.2215,0.2225,0.2234,0.2244,0.2254,0.2264,0.2274,0.2284,0.2294,0.2304,0.2328,0.2359,0.2392,0.2425,0.2459,0.2495,0.2531,0.2558,0.2585,0.2613,0.2638,0.2656,0.2675,0.2693,2.1997,2.1927,2.1857,2.1788,2.1719,2.1651,2.1583,2.1516,2.1449,2.1382,2.1316,2.125,2.1185,2.112,2.1055,2.0991,2.0927,2.0864,2.0801,2.0738,2.0676,2.0614,2.0552,2.0491,2.043,2.037,2.031,2.025,2.0191,2.0132,2.0073,2.0015,1.9957,1.9899,1.9842,1.9785,1.9728,1.9672,1.9616,1.956,1.9505,1.945,1.9495,1.9565,2.0004,2.032,2.0622,2.0788,2.1035,2.171,2.2075,2.2455,2.2847,2.3254,2.3676,2.4114,2.4567,2.5039,2.5528,2.6037,2.6567,2.7118,2.7694,2.8293,2.8766,2.965,3.0339,4.1552,4.1443,4.1335,4.1228,4.1121,4.1014,4.0909,4.0804,4.0678,4.0554,4.0428,4.0302,3.9767,3.9675,3.9918,4.0383,4.9085,4.9699,5.2012,5.4087,5.6332,5.7048,5.6861,5.6734,8.7319,8.7096,8.688,8.6862,8.6633,8.6326,8.6104,8.5906,8.5708,8.5512,8.5312,8.5117,8.4923,7.7824,6.1741,5.8823,5.5996,5.4219,5.4004,3.5236,3.5182,3.5093,3.4989,3.3675,2.735,2.6995,2.5564,2.2193,1.9586,1.7647,1.6068,1.4748,1.3579,1.2547,1.0889,1.0807,1.0773,1.074,1.0707,1.0667,1.0622,1.0593,1.0573,1.0554,1.0535,1.0516,1.0493,1.0471,1.0449,1.0427,1.0405,1.0382,1.036,1.0338,1.0316,1.0294,1.0272,1.0251,1.0229,1.0208,1.0186,1.0165,1.0143,1.0122,1.0101,1.008,1.0059,1.0039,1.0018,0.9997,0.9977,0.9956,0.9936,0.9915,0.9895,0.9875,0.9855,0.9835,0.9815,0.9795,0.9776,0.9757,0.9737,0.9718,0.9699,0.9681,0.9662,0.9643,0.9624,0.9606,0.9587,0.9569,0.955,0.9532,0.9513,0.9495,0.9477,0.9459
0.1713,0.1722,0.1732,0.1741,0.1751,0.1761,0.177,0.178,0.1791,0.1801,0.1811,0.1821,0.1832,0.1843,0.1853,0.1864,0.1875,0.1887,0.1898,0.1909,0.1921,0.1933,0.1944,0.1957,0.1969,0.1981,0.1993,0.2006,0.2019,0.2032,0.2045,0.2058,0.2072,0.2085,0.2099,0.2113,0.2127,0.2142,0.2156,0.2171,0.2186,0.22,0.2209,0.2219,0.2228,0.2238,0.2248,0.2257,0.2267,0.2277,0.2287,0.2297,0.2309,0.234,0.2372,0.2405,0.2439,0.2473,0.2509,0.2535,0.2562,0.259,0.2618,0.2636,0.2654,0.2672,0.2691,2.1963,2.1893,2.1824,2.1755,2.1686,2.1618,2.155,2.1483,2.1416,2.135,2.1284,2.1218,2.1153,2.1089,2.1024,2.096,2.0897,2.0833,2.0771,2.0708,2.0646,2.0584,2.0523,2.0462,2.0401,2.0341,2.0281,2.0221,2.0162,2.0103,2.0045,1.9987,1.9929,1.9871,1.9814,1.9757,1.9701,1.9645,1.9589,1.9533,1.9478,1.9429,1.9506,1.9574,2.0087,2.041,2.0661,2.0825,2.1387,2.1808,2.2177,2.256,2.2957,2.3367,2.3794,2.4235,2.4694,2.517,2.5664,2.6179,2.6715,2.7273,2.7855,2.8458,2.8808,2.9842,4.1606,4.1497,4.139,4.1282,4.1175,4.1069,4.0962,4.0857,4.0749,4.0623,4.0501,4.0376,4.0245,3.9668,3.9705,4.0015,4.9077,4.9035,5.039,5.2475,5.4705,5.6846,5.6959,5.6767,5.6648,8.7201,8.6984,8.6853,8.6777,8.6495,8.6206,8.5998,8.58,8.5603,8.5407,8.5208,8.5013,8.482,8.4623,6.1415,5.7949,5.5538,5.4157,3.5363,3.5137,3.5131,3.5066,3.4927,3.3535,2.6998,2.6936,2.4492,2.1371,1.902,1.7199,1.5695,1.4434,1.3246,1.2306,1.0826,1.0792,1.0758,1.0725,1.0692,1.065,1.0606,1.0583,1.0564,1.0545,1.0526,1.0504,1.0482,1.046,1.0438,1.0416,1.0393,1.0371,1.0349,1.0327,1.0305,1.0283,1.0262,1.024,1.0218,1.0197,1.0175,1.0154,1.0133,1.0112,1.0091,1.007,1.0049,1.0028,1.0008,0.9987,0.9966,0.9946,0.9926,0.9905,0.9885,0.9865,0.9845,0.9825,0.9805,0.9786,0.9767,0.9747,0.9728,0.9709,0.969,0.9671,0.9653,0.9634,0.9615,0.9597,0.9578,0.956,0.9541,0.9523,0.9505,0.9487,0.9468,0.945
0.1718,0.1727,0.1736,0.1746,0.1756,0.1765,0.1775,0.1785,0.1795,0.1806,0.1816,0.1827,0.1837,0.1848,0.1859,0.187,0.1881,0.1892,0.1903,0.1915,0.1927,0.1938,0.195,0.1962,0.1975,0.1987,0.2,0.2012,0.2025,0.2038,0.2051,0.2065,0.2078,0.2092,0.2106,0.212,0.2134,0.2149,0.2164,0.2179,0.2194,0.2203,0.2213,0.2222,0.2232,0.2241,0.2251,0.2261,0.2271,0.2281,0.2291,0.2301,0.2322,0.2353,0.2385,0.2419,0.2453,0.2487,0.2513,0.2539,0.2566,0.2594,0.2616,0.2633,0.2652,0.267,0.2688,2.1929,2.186,2.179,2.1722,2.1653,2.1585,2.1518,2.1451,2.1384,2.1318,2.1252,2.1187,2.1122,2.1057,2.0993,2.0929,2.0866,2.0803,2.074,2.0678,2.0616,2.0554,2.0493,2.0432,2.0372,2.0312,2.0252,2.0193,2.0134,2.0075,2.0017,1.9959,1.9901,1.9844,1.9787,1.973,1.9673,1.9617,1.9562,1.9506,1.9452,1.9445,1.9515,1.9636,2.017,2.05,2.07,2.0862,2.1547,2.1907,2.228,2.2667,2.3067,2.3482,2.3912,2.4358,2.4822,2.5303,2.5803,2.6323,2.6864,2.7429,2.8017,2.8504,2.9056,3.0034,4.1553,4.1444,4.1336,4.1229,4.1122,4.1015,4.091,4.0805,4.0694,4.0569,4.0446,4.0322,4.01,3.9633,3.9747,4.0121,4.8969,4.9072,5.1004,5.291,5.5356,5.7017,5.6872,5.669,5.6747,8.7087,8.6866,8.6786,8.6651,8.6361,8.6095,8.5893,8.5695,8.5499,8.5303,8.5104,8.491,8.4717,8.4525,6.0067,5.7105,5.5318,5.4077,3.5291,3.5183,3.5075,3.5023,3.384,3.3388,2.7028,2.6765,2.3505,2.0629,1.8501,1.6772,1.534,1.4132,1.2968,1.2074,1.0812,1.0777,1.0743,1.071,1.0677,1.0634,1.0593,1.0574,1.0555,1.0535,1.0516,1.0493,1.0471,1.0449,1.0427,1.0405,1.0382,1.036,1.0338,1.0316,1.0294,1.0272,1.0251,1.0229,1.0208,1.0186,1.0165,1.0144,1.0122,1.0101,1.008,1.006,1.0039,1.0018,0.9997,0.9977,0.9956,0.9936,0.9916,0.9895,0.9875,0.9855,0.9835,0.9815,0.9796,0.9777,0.9757,0.9738,0.9719,0.97,0.9681,0.9662,0.9644,0.9625,0.9606,0.9588,0.9569,0.9551,0.9532,0.9514,0.9496,0.9478,0.946,0.9442
0.1722,0.1732,0.1741,0.1751,0.176,0.177,0.178,0.179,0.1801,0.1811,0.1821,0.1832,0.1842,0.1853,0.1864,0.1875,0.1886,0.1898,0.1909,0.1921,0.1932,0.1944,0.1956,0.1968,0.1981,0.1993,0.2006,0.2019,0.2032,0.2045,0.2058,0.2072,0.2085,0.2099,0.2113,0.2127,0.2142,0.2156,0.2171,0.2186,0.2197,0.2207,0.2216,0.2226,0.2235,0.2245,0.2255,0.2265,0.2275,0.2285,0.2295,0.2305,0.2334,0.2366,0.2399,0.2432,0.2465,0.2491,0.2517,0.2543,0.257,0.2596,0.2613,0.2631,0.2649,0.2668,0.2686,2.1895,2.1826,2.1757,2.1689,2.162,2.1553,2.1486,2.1419,2.1352,2.1286,2.1221,2.1155,2.1091,2.1026,2.0962,2.0899,2.0835,2.0772,2.071,2.0648,2.0586,2.0525,2.0464,2.0403,2.0343,2.0283,2.0223,2.0164,2.0105,2.0047,1.9989,1.9931,1.9873,1.9816,1.9759,1.9702,1.9646,1.959,1.9535,1.948,1.9425,1.9456,1.9524,1.9944,2.0254,2.0571,2.0738,2.0951,2.1643,2.2007,2.2384,2.2774,2.3178,2.3597,2.4032,2.4483,2.495,2.5437,2.5942,2.6468,2.7016,2.7587,2.815,2.8566,2.9541,3.0226,4.1499,4.1391,4.1283,4.1177,4.107,4.0963,4.0858,4.0753,4.0639,4.0514,4.0391,4.0269,3.9978,3.961,3.9808,4.0234,4.8922,4.9435,5.1653,5.3537,5.6018,5.6959,5.6811,5.664,5.7006,8.6975,8.6754,8.6718,8.6522,8.6224,8.5985,8.5787,8.559,8.5394,8.5199,8.5,8.4807,8.4615,6.2106,5.9046,5.6285,5.4981,5.3926,3.5211,3.5154,3.5046,3.4962,3.3699,2.7458,2.7002,2.6066,2.2595,2.0015,1.8008,1.6367,1.5,1.3843,1.271,1.0974,1.0797,1.0762,1.0728,1.0695,1.0662,1.0618,1.0584,1.0565,1.0545,1.0526,1.0504,1.0482,1.046,1.0438,1.0416,1.0394,1.0371,1.0349,1.0327,1.0305,1.0283,1.0262,1.024,1.0218,1.0197,1.0176,1.0154,1.0133,1.0112,1.0091,1.007,1.0049,1.0028,1.0008,0.9987,0.9967,0.9946,0.9926,0.9906,0.9885,0.9865,0.9845,0.9825,0.9806,0.9787,0.9767,0.9748,0.9729,0.971,0.9691,0.9672,0.9653,0.9635,0.9616,0.9597,0.9579,0.956,0.9542,0.9524,0.9505,0.9487,0.9469,0.9451,0.9433
0.1727,0.1736,0.1746,0.1756,0.1765,0.1775,0.1785,0.1795,0.1806,0.1816,0.1826,0.1837,0.1848,0.1859,0.187,0.1881,0.1892,0.1903,0.1915,0.1926,0.1938,0.195,0.1962,0.1974,0.1987,0.1999,0.2012,0.2025,0.2038,0.2051,0.2065,0.2078,0.2092,0.2106,0.212,0.2134,0.2149,0.2163,0.2178,0.2192,0.2201,0.221,0.222,0.2229,0.2239,0.2249,0.2258,0.2268,0.2278,0.2288,0.2298,0.2316,0.2347,0.2379,0.2412,0.2444,0.2469,0.2495,0.2521,0.2547,0.2574,0.2594,0.2611,0.2629,0.2647,0.2665,0.2684,2.1862,2.1792,2.1724,2.1656,2.1588,2.152,2.1453,2.1386,2.132,2.1254,2.1189,2.1124,2.1059,2.0995,2.0931,2.0868,2.0805,2.0742,2.068,2.0618,2.0556,2.0495,2.0434,2.0374,2.0314,2.0254,2.0194,2.0136,2.0077,2.0018,1.996,1.9903,1.9845,1.9788,1.9732,1.9675,1.9619,1.9563,1.9508,1.9453,1.9399,1.9466,1.9534,2.0026,2.0343,2.061,2.0776,2.1236,2.1741,2.2108,2.2489,2.2883,2.3291,2.3714,2.4153,2.4608,2.5081,2.5572,2.6083,2.6615,2.7169,2.7746,2.8176,2.8725,2.9735,4.1554,4.1445,4.1338,4.123,4.1123,4.1017,4.0911,4.0806,4.0702,4.0584,4.046,4.0338,4.0216,3.9642,3.9639,3.9904,4.0478,4.8952,5.0097,5.2282,5.4336,5.652,5.6882,5.6719,5.659,8.7078,8.6857,8.6709,8.6647,8.6392,8.61,8.6078,8.5682,8.5486,8.529,8.5095,8.4901,8.4704,8.4512,6.1809,5.8261,5.5549,5.4084,3.5319,3.507,3.5093,3.5018,3.4901,3.356,2.7237,2.6888,2.4946,2.1753,1.9441,1.7541,1.598,1.4674,1.3508,1.2463,1.0835,1.0782,1.0747,1.0713,1.068,1.0646,1.0602,1.0575,1.0555,1.0536,1.0516,1.0493,1.0471,1.0449,1.0427,1.0405,1.0382,1.036,1.0338,1.0316,1.0294,1.0273,1.0251,1.0229,1.0208,1.0186,1.0165,1.0144,1.0123,1.0102,1.0081,1.006,1.0039,1.0018,0.9997,0.9977,0.9956,0.9936,0.9916,0.9896,0.9875,0.9855,0.9836,0.9816,0.9797,0.9777,0.9758,0.9739,0.972,0.9701,0.9682,0.9663,0.9644,0.9626,0.9607,0.9589,0.957,0.9552,0.9533,0.9515,0.9497,0.9479,0.9461,0.9443,0.9425
0.1731,0.1741,0.1751,0.176,0.177,0.178,0.179,0.18,0.1811,0.1821,0.1832,0.1842,0.1853,0.1864,0.1875,0.1886,0.1897,0.1909,0.192,0.1932,0.1944,0.1956,0.1968,0.1981,0.1993,0.2006,0.2018,0.2031,0.2045,0.2058,0.2071,0.2085,0.2099,0.2113,0.2127,0.2141,0.2156,0.2171,0.2186,0.2195,0.2204,0.2214,0.2223,0.2233,0.2242,0.2252,0.2262,0.2272,0.2282,0.2292,0.2302,0.2328,0.236,0.2392,0.2423,0.2448,0.2473,0.2498,0.2524,0.2551,0.2574,0.2591,0.2609,0.2627,0.2645,0.2663,0.2681,2.1828,2.1759,2.169,2.1623,2.1555,2.1487,2.1421,2.1354,2.1288,2.1223,2.1157,2.1092,2.1028,2.0964,2.09,2.0837,2.0774,2.0712,2.065,2.0588,2.0527,2.0466,2.0405,2.0345,2.0285,2.0225,2.0166,2.0107,2.0048,1.999,1.9932,1.9875,1.9818,1.9761,1.9704,1.9648,1.9592,1.9537,1.9481,1.9412,1.9407,1.9475,1.9544,2.0109,2.0433,2.0648,2.0813,2.1482,2.1839,2.2211,2.2595,2.2992,2.3404,2.3831,2.4275,2.4734,2.5212,2.5709,2.6226,2.6764,2.7324,2.7883,2.83,2.8827,2.9925,4.15,4.1392,4.1284,4.1178,4.1071,4.0964,4.086,4.0754,4.065,4.0529,4.0406,4.0284,4.0125,3.9589,3.967,4.0016,4.8941,4.8981,5.0836,5.259,5.4983,5.6909,5.6819,5.6621,5.6541,8.6961,8.6745,8.6642,8.6517,8.6259,8.5981,8.6691,8.6504,8.6312,8.5735,8.5035,8.4799,8.4606,8.4415,6.0303,5.7406,5.5316,5.3999,3.5254,3.5142,3.503,3.4991,3.484,3.3434,2.709,2.6801,2.3923,2.1057,1.8898,1.7098,1.5612,1.4363,1.3178,1.2226,1.0801,1.0767,1.0732,1.0699,1.0666,1.063,1.0586,1.0565,1.0546,1.0527,1.0504,1.0482,1.046,1.0438,1.0416,1.0394,1.0372,1.0349,1.0327,1.0305,1.0284,1.0262,1.024,1.0219,1.0197,1.0176,1.0154,1.0133,1.0112,1.0091,1.007,1.0049,1.0029,1.0008,0.9987,0.9967,0.9946,0.9926,0.9906,0.9886,0.9865,0.9846,0.9826,0.9807,0.9787,0.9768,0.9749,0.973,0.9711,0.9692,0.9673,0.9654,0.9635,0.9617,0.9598,0.958,0.9561,0.9543,0.9524,0.9506,0.9488,0.947,0.9452,0.9434,0.9416
0.1736,0.1746,0.1755,0.1765,0.1775,0.1785,0.1795,0.1805,0.1816,0.1826,0.1837,0.1848,0.1858,0.1869,0.188,0.1892,0.1903,0.1915,0.1926,0.1938,0.195,0.1962,0.1974,0.1987,0.1999,0.2012,0.2025,0.2038,0.2051,0.2064,0.2078,0.2092,0.2106,0.212,0.2134,0.2148,0.2163,0.2178,0.2189,0.2198,0.2208,0.2217,0.2227,0.2236,0.2246,0.2256,0.2266,0.2275,0.2285,0.2296,0.231,0.2341,0.2373,0.2403,0.2427,0.2451,0.2477,0.2502,0.2528,0.2555,0.2572,0.2589,0.2607,0.2624,0.2642,0.2661,0.2679,2.1795,2.1726,2.1657,2.159,2.1522,2.1455,2.1389,2.1322,2.1256,2.1191,2.1126,2.1061,2.0997,2.0933,2.087,2.0807,2.0744,2.0682,2.062,2.0558,2.0497,2.0436,2.0376,2.0316,2.0256,2.0196,2.0137,2.0079,2.002,1.9962,1.9905,1.9847,1.979,1.9733,1.9677,1.9621,1.9565,1.951,1.9455,1.9273,1.9416,1.9484,1.9885,2.0193,2.0521,2.0687,2.0861,2.1578,2.1939,2.2314,2.2701,2.3103,2.3519,2.395,2.4398,2.4863,2.5345,2.5848,2.637,2.6914,2.748,2.798,2.8475,2.9432,3.0046,4.1447,4.1339,4.1231,4.1124,4.1018,4.0912,4.0807,4.0703,4.0599,4.0475,4.0352,4.023,3.994,3.9614,3.9699,4.013,4.8834,4.916,5.1118,5.3211,5.5645,5.6892,5.6757,5.6573,5.6805,8.6848,8.6629,8.6571,8.6388,8.6122,8.6281,8.6566,8.6379,8.6201,8.6007,8.5813,8.5621,8.5433,8.4347,5.9261,5.6577,5.5076,5.3896,3.5121,3.5107,3.5,3.4935,3.3724,2.7568,2.6975,2.6459,2.2981,2.047,1.8384,1.6677,1.526,1.4064,1.2878,1.1997,1.0787,1.0752,1.0717,1.0684,1.0651,1.0614,1.0575,1.0556,1.0537,1.0515,1.0493,1.0471,1.0449,1.0427,1.0405,1.0383,1.0361,1.0338,1.0316,1.0295,1.0273,1.0251,1.0229,1.0208,1.0187,1.0165,1.0144,1.0123,1.0102,1.0081,1.006,1.0039,1.0018,0.9998,0.9977,0.9957,0.9936,0.9916,0.9896,0.9876,0.9856,0.9836,0.9817,0.9798,0.9778,0.9759,0.974,0.9721,0.9702,0.9683,0.9664,0.9645,0.9626,0.9608,0.9589,0.9571,0.9552,0.9534,0.9516,0.9498,0.9479,0.9461,0.9443,0.9425,0.9407
0.1741,0.175,0.176,0.177,0.178,0.179,0.18,0.181,0.1821,0.1831,0.1842,0.1853,0.1864,0.1875,0.1886,0.1897,0.1909,0.192,0.1932,0.1944,0.1956,0.1968,0.198,0.1993,0.2005,0.2018,0.2031,0.2044,0.2058,0.2071,0.2085,0.2099,0.2113,0.2127,0.2141,0.2156,0.217,0.2183,0.2192,0.2202,0.2211,0.2221,0.223,0.224,0.2249,0.2259,0.2269,0.2279,0.2289,0.2299,0.2322,0.2354,0.2382,0.2406,0.243,0.2455,0.248,0.2506,0.2532,0.2553,0.257,0.2587,0.2604,0.2622,0.264,0.2658,0.2677,2.1761,2.1693,2.1625,2.1557,2.149,2.1423,2.1356,2.129,2.1225,2.116,2.1095,2.103,2.0966,2.0902,2.0839,2.0776,2.0714,2.0652,2.059,2.0529,2.0468,2.0407,2.0347,2.0287,2.0227,2.0168,2.0109,2.005,1.9992,1.9934,1.9877,1.9819,1.9763,1.9706,1.965,1.9594,1.9538,1.9483,1.9428,1.934,1.9426,1.9494,1.9967,2.0277,2.0559,2.0726,2.1064,2.1674,2.204,2.2418,2.2809,2.3215,2.3634,2.407,2.4522,2.4992,2.548,2.5987,2.6515,2.7065,2.7636,2.8186,2.8641,2.9625,3.0112,4.1393,4.1286,4.1179,4.1072,4.0965,4.0861,4.0755,4.0651,4.0545,4.0421,4.0297,4.0176,3.9618,3.9552,3.9799,4.0298,4.8861,4.9726,5.1694,5.3843,5.623,5.683,5.6667,5.6533,8.6952,8.6732,8.6522,8.6504,8.6263,8.5989,8.6584,8.6446,8.6255,8.6078,8.5897,8.5704,8.5512,8.532,6.1845,5.8539,5.577,5.4628,5.3794,3.506,3.5057,3.497,3.4874,3.3588,2.7345,2.687,2.5421,2.2111,1.988,1.7898,1.6276,1.4923,1.3778,1.2624,1.0919,1.0772,1.0738,1.0703,1.0669,1.0636,1.0598,1.0566,1.0546,1.0527,1.0504,1.0482,1.046,1.0438,1.0416,1.0394,1.0372,1.035,1.0327,1.0306,1.0284,1.0262,1.024,1.0219,1.0197,1.0176,1.0155,1.0133,1.0112,1.0091,1.007,1.0049,1.0029,1.0008,0.9987,0.9967,0.9946,0.9926,0.9906,0.9886,0.9866,0.9847,0.9827,0.9808,0.9788,0.9769,0.975,0.9731,0.9712,0.9693,0.9674,0.9655,0.9636,0.9618,0.9599,0.958,0.9562,0.9544,0.9525,0.9507,0.9489,0.9471,0.9453,0.9435,0.9417,0.9399
0.1745,0.1755,0.1765,0.1775,0.1785,0.1795,0.1805,0.1816,0.1826,0.1837,0.1847,0.1858,0.1869,0.188,0.1892,0.1903,0.1914,0.1926,0.1938,0.195,0.1962,0.1974,0.1986,0.1999,0.2012,0.2025,0.2038,0.2051,0.2064,0.2078,0.2091,0.2105,0.2119,0.2134,0.2148,0.2163,0.2177,0.2187,0.2196,0.2205,0.2215,0.2224,0.2234,0.2243,0.2253,0.2263,0.2273,0.2283,0.2293,0.2304,0.2335,0.2363,0.2386,0.241,0.2434,0.2459,0.2484,0.251,0.2534,0.2551,0.2568,0.2585,0.2602,0.262,0.2638,0.2656,0.2674,2.1728,2.166,2.1592,2.1524,2.1457,2.1391,2.1324,2.1258,2.1193,2.1128,2.1063,2.0999,2.0935,2.0872,2.0809,2.0746,2.0684,2.0622,2.056,2.0499,2.0438,2.0378,2.0318,2.0258,2.0198,2.0139,2.0081,2.0022,1.9964,1.9906,1.9849,1.9792,1.9735,1.9679,1.9623,1.9567,1.9512,1.9457,1.9402,1.9372,1.9436,1.9503,2.0049,2.0365,2.0597,2.0763,2.1416,2.1772,2.2141,2.2523,2.2918,2.3327,2.3752,2.4191,2.4648,2.5123,2.5616,2.6129,2.6663,2.7219,2.7783,2.8417,2.8787,2.9796,3.0241,4.134,4.1232,4.1126,4.1019,4.0913,4.0808,4.0704,4.06,4.049,4.0366,4.0244,4.0115,3.9721,3.9591,3.9912,4.8911,4.8888,5.028,5.2286,5.4483,5.6692,5.6767,5.657,5.6491,8.6835,8.662,8.6499,8.6388,8.6135,8.5875,8.6557,8.6033,8.5385,8.556,8.5756,8.5351,8.539,8.519,6.0889,5.7712,5.5406,5.4068,3.5255,3.5084,3.4989,3.4943,3.4814,3.3461,2.7118,2.6787,2.4356,2.1414,1.9313,1.7437,1.5894,1.4601,1.3438,1.2381,1.0791,1.0757,1.0723,1.0688,1.0654,1.0622,1.0582,1.0556,1.0537,1.0515,1.0493,1.0471,1.0449,1.0427,1.0405,1.0383,1.0361,1.0339,1.0317,1.0295,1.0273,1.0251,1.023,1.0208,1.0187,1.0165,1.0144,1.0123,1.0102,1.0081,1.006,1.0039,1.0018,0.9998,0.9977,0.9957,0.9936,0.9916,0.9896,0.9876,0.9857,0.9837,0.9818,0.9798,0.9779,0.976,0.9741,0.9722,0.9703,0.9684,0.9665,0.9646,0.9627,0.9609,0.959,0.9572,0.9553,0.9535,0.9516,0.9498,0.948,0.9462,0.9444,0.9426,0.9408,0.939
0.1750,0.176,0.177,0.178,0.179,0.18,0.181,0.1821,0.1831,0.1842,0.1853,0.1864,0.1875,0.1886,0.1897,0.1909,0.192,0.1932,0.1944,0.1956,0.1968,0.198,0.1993,0.2005,0.2018,0.2031,0.2044,0.2057,0.2071,0.2084,0.2098,0.2112,0.2126,0.2141,0.2155,0.217,0.2181,0.219,0.2199,0.2209,0.2218,0.2228,0.2237,0.2247,0.2257,0.2266,0.2276,0.2286,0.2297,0.2316,0.2343,0.2366,0.2389,0.2413,0.2438,0.2463,0.2488,0.2514,0.2532,0.2549,0.2565,0.2583,0.26,0.2618,0.2636,0.2654,0.2672,2.1695,2.1627,2.1559,2.1492,2.1425,2.1359,2.1292,2.1227,2.1162,2.1097,2.1032,2.0968,2.0905,2.0841,2.0778,2.0716,2.0654,2.0592,2.0531,2.0469,2.0409,2.0349,2.0289,2.0229,2.017,2.0111,2.0052,1.9994,1.9936,1.9879,1.9821,1.9765,1.9708,1.9652,1.9596,1.954,1.9485,1.943,1.9375,1.9382,1.9447,1.9826,2.0132,2.0455,2.0636,2.08,2.1512,2.1871,2.2244,2.2629,2.3028,2.3441,2.3869,2.4314,2.4775,2.5255,2.5753,2.6272,2.6811,2.737,2.7931,2.8459,2.9325,2.9919,4.1394,4.1287,4.118,4.1073,4.0967,4.0862,4.0756,4.0653,4.0549,4.0435,4.0312,4.019,3.9957,3.9579,3.9609,4.0025,4.8806,4.8917,5.0837,5.2899,5.514,5.6824,5.6705,5.6493,5.6587,8.6741,8.6526,8.6428,8.6259,8.6007,8.5765,8.5625,8.5564,8.5377,8.5065,8.5216,8.4739,8.526,8.5061,5.9962,5.6872,5.5283,5.3898,3.516,3.5049,3.4954,3.4909,3.3748,3.3336,2.6949,2.67,2.3381,2.0808,1.8777,1.6999,1.5529,1.4293,1.3111,1.2146,1.0776,1.0742,1.0708,1.0674,1.0639,1.0607,1.0566,1.0547,1.0527,1.0504,1.0482,1.046,1.0438,1.0416,1.0394,1.0372,1.035,1.0328,1.0306,1.0284,1.0262,1.024,1.0219,1.0197,1.0176,1.0155,1.0134,1.0112,1.0091,1.007,1.005,1.0029,1.0008,0.9988,0.9967,0.9947,0.9926,0.9906,0.9887,0.9867,0.9847,0.9828,0.9808,0.9789,0.977,0.9751,0.9731,0.9712,0.9693,0.9675,0.9656,0.9637,0.9618,0.96,0.9581,0.9563,0.9544,0.9526,0.9508,0.949,0.9471,0.9453,0.9435,0.9417,0.9399,0.9381
0.1755,0.1765,0.1775,0.1785,0.1795,0.1805,0.1815,0.1826,0.1836,0.1847,0.1858,0.1869,0.188,0.1891,0.1903,0.1914,0.1926,0.1938,0.195,0.1962,0.1974,0.1986,0.1999,0.2011,0.2024,0.2037,0.2051,0.2064,0.2077,0.2091,0.2105,0.2119,0.2134,0.2148,0.2163,0.2175,0.2184,0.2193,0.2203,0.2212,0.2222,0.2231,0.2241,0.225,0.226,0.227,0.228,0.229,0.23,0.2324,0.2346,0.2369,0.2393,0.2417,0.2441,0.2466,0.2492,0.2513,0.253,0.2546,0.2563,0.258,0.2598,0.2615,0.2633,0.2651,0.267,2.1662,2.1594,2.1527,2.1459,2.1393,2.1327,2.1261,2.1195,2.113,2.1065,2.1001,2.0937,2.0874,2.0811,2.0748,2.0686,2.0624,2.0562,2.0501,2.044,2.038,2.0319,2.026,2.02,2.0141,2.0082,2.0024,1.9966,1.9908,1.9851,1.9794,1.9737,1.9681,1.9625,1.9569,1.9513,1.9458,1.9403,1.9349,1.939,1.9441,1.9907,2.0216,2.0508,2.0674,2.0935,2.1608,2.1971,2.2347,2.2736,2.3139,2.3556,2.3989,2.4438,2.4904,2.5388,2.5892,2.6416,2.6962,2.7514,2.8107,2.8598,2.9516,3.0043,4.1341,4.1234,4.1127,4.1021,4.0914,4.081,4.0705,4.0601,4.0498,4.0381,4.0259,4.0136,3.9812,3.959,3.9697,4.0138,4.8774,4.9453,5.1409,5.3503,5.5819,5.6776,5.6613,5.6453,8.6862,8.6647,8.6437,8.6357,8.6131,8.5884,8.5682,8.5481,8.5277,8.5074,8.488,8.4816,8.491,8.4483,6.1829,5.8858,5.6076,5.5229,5.3841,3.5002,3.5015,3.4924,3.4848,3.3615,2.7453,2.6858,2.592,2.248,2.0235,1.827,1.6583,1.5181,1.3997,1.28,1.192,1.0762,1.0728,1.0694,1.0659,1.0625,1.0592,1.0557,1.0538,1.0515,1.0493,1.0471,1.0449,1.0427,1.0405,1.0383,1.0361,1.0339,1.0317,1.0295,1.0273,1.0251,1.023,1.0208,1.0187,1.0165,1.0144,1.0123,1.0102,1.0081,1.006,1.0039,1.0019,0.9998,0.9977,0.9957,0.9937,0.9917,0.9897,0.9877,0.9858,0.9838,0.9819,0.9799,0.978,0.9761,0.9741,0.9722,0.9703,0.9684,0.9666,0.9647,0.9628,0.9609,0.9591,0.9572,0.9554,0.9536,0.9517,0.9499,0.9481,0.9462,0.9444,0.9426,0.9408,0.9389,0.9371
0.1760,0.177,0.178,0.179,0.18,0.181,0.1821,0.1831,0.1842,0.1852,0.1863,0.1874,0.1886,0.1897,0.1908,0.192,0.1932,0.1943,0.1955,0.1968,0.198,0.1992,0.2005,0.2018,0.2031,0.2044,0.2057,0.2071,0.2084,0.2098,0.2112,0.2126,0.2141,0.2155,0.2169,0.2178,0.2187,0.2197,0.2206,0.2215,0.2225,0.2235,0.2244,0.2254,0.2264,0.2274,0.2284,0.2294,0.2306,0.2329,0.2351,0.2374,0.2398,0.2422,0.2446,0.2471,0.2497,0.2511,0.2528,0.2544,0.2561,0.2578,0.2596,0.2613,0.2631,0.2649,0.2667,2.1629,2.1561,2.1494,2.1427,2.136,2.1295,2.1229,2.1164,2.1099,2.1034,2.097,2.0907,2.0843,2.078,2.0718,2.0656,2.0594,2.0533,2.0471,2.0411,2.0351,2.029,2.0231,2.0172,2.0113,2.0054,1.9996,1.9938,1.9881,1.9823,1.9766,1.971,1.9653,1.9598,1.9542,1.9487,1.9432,1.9377,1.9323,1.9353,1.9435,1.9989,2.03,2.0546,2.0713,2.1272,2.1706,2.2073,2.2452,2.2844,2.3251,2.3672,2.4109,2.4562,2.5033,2.5523,2.6032,2.6562,2.7109,2.7659,2.8288,2.8738,2.9683,3.0202,4.1288,4.1181,4.1075,4.0968,4.0863,4.0757,4.0654,4.055,4.0446,4.0327,4.0205,4.0083,3.966,3.9584,3.9809,4.0392,4.88,5.0313,5.2149,5.4129,5.637,5.6715,5.6516,5.6372,8.6768,8.6548,8.6383,8.6263,8.6007,8.5783,8.5581,8.5381,8.5182,8.4983,8.4786,8.4589,8.4393,8.4198,6.1328,5.8021,5.5451,5.4067,3.5321,3.4959,3.4952,3.4895,3.4788,3.3488,2.7169,2.6777,2.4808,2.1785,1.9692,1.779,1.6186,1.4848,1.3707,1.254,1.0865,1.0747,1.0713,1.0679,1.0645,1.061,1.0578,1.0548,1.0527,1.0504,1.0482,1.046,1.0438,1.0416,1.0394,1.0372,1.035,1.0328,1.0306,1.0284,1.0262,1.0241,1.0219,1.0198,1.0176,1.0155,1.0134,1.0113,1.0092,1.0071,1.005,1.0029,1.0008,0.9988,0.9967,0.9947,0.9927,0.9907,0.9887,0.9868,0.9848,0.9829,0.9809,0.979,0.9771,0.9751,0.9732,0.9713,0.9694,0.9675,0.9656,0.9638,0.9619,0.96,0.9582,0.9563,0.9545,0.9527,0.9508,0.949,0.9471,0.9453,0.9435,0.9416,0.9398,0.938,0.9362
0.1765,0.1775,0.1785,0.1795,0.1805,0.1815,0.1826,0.1836,0.1847,0.1858,0.1869,0.188,0.1891,0.1902,0.1914,0.1926,0.1937,0.1949,0.1961,0.1974,0.1986,0.1999,0.2011,0.2024,0.2037,0.205,0.2064,0.2077,0.2091,0.2105,0.2119,0.2133,0.2148,0.2162,0.2172,0.2182,0.2191,0.22,0.2209,0.2219,0.2228,0.2238,0.2248,0.2258,0.2267,0.2277,0.2286,0.2295,0.2312,0.2335,0.2358,0.2381,0.2405,0.2429,0.2454,0.2479,0.2521,0.2535,0.254,0.2546,0.2559,0.2576,0.2593,0.2611,0.2629,0.2647,0.2665,2.1596,2.1529,2.1462,2.1395,2.1329,2.1263,2.1197,2.1132,2.1068,2.1003,2.0939,2.0876,2.0813,2.075,2.0688,2.0626,2.0564,2.0503,2.0442,2.0382,2.0321,2.0262,2.0202,2.0143,2.0084,2.0026,1.9968,1.991,1.9853,1.9796,1.9739,1.9683,1.9626,1.9571,1.9515,1.946,1.9405,1.9351,1.9297,1.9315,1.9768,2.0072,2.0388,2.0584,2.0751,2.1447,2.1804,2.2174,2.2558,2.2954,2.3364,2.379,2.4231,2.4689,2.5165,2.5659,2.6174,2.671,2.725,2.7805,2.8446,2.8847,2.9842,4.1342,4.1235,4.1128,4.1022,4.0916,4.0811,4.0706,4.0602,4.0499,4.0395,4.0273,4.0151,3.9783,3.9581,3.9562,3.992,4.8736,4.8825,5.079,5.2585,5.4864,5.6707,5.6652,5.6423,5.6343,8.6673,8.6455,8.6348,8.6193,8.5915,8.5682,8.5481,8.5281,8.5078,8.488,8.4683,8.4487,8.4292,8.4097,6.0468,5.7198,5.516,5.3914,3.521,3.4976,3.491,3.4868,3.4727,2.8699,2.7147,2.6702,2.3794,2.1157,1.9178,1.7334,1.5808,1.4529,1.3368,1.2299,1.0766,1.0732,1.0698,1.0665,1.063,1.0596,1.0562,1.0538,1.0515,1.0493,1.0471,1.0449,1.0427,1.0405,1.0383,1.0361,1.0339,1.0317,1.0295,1.0273,1.0251,1.023,1.0208,1.0187,1.0166,1.0144,1.0123,1.0102,1.0081,1.006,1.0039,1.0019,0.9998,0.9977,0.9957,0.9937,0.9917,0.9898,0.9878,0.9858,0.9839,0.9819,0.98,0.9781,0.9761,0.9742,0.9723,0.9704,0.9685,0.9666,0.9647,0.9629,0.961,0.9592,0.9573,0.9555,0.9536,0.9517,0.9499,0.948,0.9462,0.9444,0.9425,0.9407,0.9389,0.9371,0.9353
0.1769,0.1779,0.1789,0.18,0.181,0.182,0.1831,0.1842,0.1852,0.1863,0.1874,0.1885,0.1897,0.1908,0.192,0.1931,0.1943,0.1955,0.1967,0.198,0.1992,0.2005,0.2018,0.2031,0.2044,0.2057,0.207,0.2084,0.2098,0.2112,0.2126,0.214,0.2155,0.2167,0.2176,0.2185,0.2194,0.2204,0.2213,0.2222,0.2232,0.2242,0.2251,0.226,0.2269,0.2278,0.2287,0.2296,0.2318,0.2342,0.2365,0.2388,0.2412,0.2436,0.2461,0.2486,0.2548,0.256,0.2565,0.2571,0.2577,0.2583,0.2591,0.2609,0.2627,0.2645,2.1631,2.1563,2.1496,2.1429,2.1363,2.1297,2.1231,2.1166,2.1101,2.1036,2.0972,2.0909,2.0845,2.0782,2.072,2.0658,2.0596,2.0535,2.0473,2.0413,2.0353,2.0292,2.0233,2.0174,2.0115,2.0056,1.9998,1.994,1.9882,1.9825,1.9768,1.9712,1.9655,1.96,1.9544,1.9488,1.9434,1.9379,1.9324,1.9272,1.9338,1.9849,2.0155,2.0457,2.0623,2.0846,2.1543,2.1904,2.2277,2.2664,2.3064,2.3478,2.3908,2.4354,2.4816,2.5297,2.5797,2.6317,2.6853,2.7392,2.7953,2.852,2.9408,2.9973,4.1289,4.1182,4.1076,4.0969,4.0864,4.0759,4.0655,4.0551,4.0448,4.0342,4.0219,4.0097,3.9613,3.9548,3.9601,4.0034,4.8624,4.9165,5.1276,5.3187,5.5602,5.6713,5.656,5.6396,5.6703,8.6575,8.6357,8.6295,8.6078,8.5791,8.5581,8.5377,8.5177,8.4979,8.4781,8.4585,8.4389,8.4194,8.4,5.9236,5.6404,5.5091,5.376,3.5043,3.4957,3.4879,3.4822,3.4667,2.8974,2.7064,2.6407,2.2862,2.0565,1.8657,1.6901,1.5447,1.4224,1.3045,1.2067,1.0751,1.0718,1.0684,1.065,1.0616,1.0582,1.0548,1.0526,1.0504,1.0482,1.046,1.0438,1.0416,1.0394,1.0372,1.035,1.0328,1.0306,1.0284,1.0262,1.0241,1.0219,1.0198,1.0176,1.0155,1.0134,1.0113,1.0092,1.0071,1.005,1.0029,1.0008,0.9988,0.9968,0.9948,0.9928,0.9908,0.9888,0.9869,0.9849,0.9829,0.981,0.9791,0.9771,0.9752,0.9733,0.9714,0.9695,0.9676,0.9657,0.9639,0.962,0.9601,0.9583,0.9564,0.9545,0.9526,0.9508,0.9489,0.9471,0.9452,0.9434,0.9416,0.9398,0.938,0.9362,0.9344
0.1774,0.1784,0.1794,0.1805,0.1815,0.1826,0.1836,0.1847,0.1858,0.1869,0.188,0.1891,0.1902,0.1914,0.1925,0.1937,0.1949,0.1961,0.1973,0.1986,0.1998,0.2011,0.2024,0.2037,0.205,0.2063,0.2077,0.2091,0.2105,0.2119,0.2133,0.2147,0.2161,0.217,0.2179,0.2188,0.2198,0.2207,0.2216,0.2226,0.2235,0.2244,0.2253,0.2262,0.227,0.2279,0.2288,0.23,0.2324,0.2348,0.2372,0.2395,0.2419,0.2444,0.2469,0.2495,0.2574,0.2585,0.2591,0.2597,0.2602,0.2608,0.2614,0.262,0.2626,0.2642,2.1598,2.1531,2.1464,2.1397,2.1331,2.1265,2.1199,2.1134,2.107,2.1005,2.0941,2.0878,2.0815,2.0752,2.069,2.0628,2.0566,2.0505,2.0444,2.0383,2.0323,2.0264,2.0204,2.0145,2.0086,2.0028,1.997,1.9912,1.9855,1.9797,1.9741,1.9684,1.9628,1.9573,1.9517,1.9462,1.9407,1.9352,1.9298,1.9246,1.9378,1.993,2.0239,2.0495,2.0661,2.1099,2.164,2.2004,2.2381,2.2771,2.3175,2.3594,2.4028,2.4478,2.4945,2.5431,2.5937,2.6462,2.6991,2.7536,2.8103,2.8625,2.9571,3.0163,4.1235,4.1129,4.1024,4.0917,4.0812,4.0707,4.0604,4.05,4.0396,4.0288,4.0166,4.0044,3.9633,3.9526,3.9705,4.0213,4.866,4.9974,5.1771,5.3838,5.6052,5.6661,5.6463,5.6355,8.6691,8.6477,8.6259,8.6215,8.595,8.5678,8.5477,8.5277,8.5078,8.488,8.4683,8.4487,8.4292,6.1577,6.1321,5.833,5.5574,5.4203,5.365,3.4903,3.4915,3.4849,3.4761,3.4607,3.1569,2.7085,2.5282,2.2168,2.0005,1.8157,1.6489,1.5103,1.3931,1.2737,1.1844,1.0737,1.0703,1.0669,1.0636,1.0602,1.0567,1.0538,1.0515,1.0493,1.0471,1.0449,1.0427,1.0405,1.0383,1.0361,1.0339,1.0317,1.0295,1.0273,1.0252,1.023,1.0209,1.0187,1.0166,1.0145,1.0123,1.0102,1.0081,1.006,1.004,1.0019,0.9998,0.9978,0.9958,0.9938,0.9918,0.9898,0.9879,0.9859,0.984,0.982,0.9801,0.9781,0.9762,0.9743,0.9724,0.9705,0.9686,0.9667,0.9648,0.963,0.9611,0.9592,0.9573,0.9554,0.9535,0.9517,0.9498,0.948,0.9461,0.9443,0.9425,0.9407,0.9388,0.937,0.9352,0.9335
0.1779,0.1789,0.1799,0.181,0.182,0.1831,0.1841,0.1852,0.1863,0.1874,0.1885,0.1896,0.1908,0.1919,0.1931,0.1943,0.1955,0.1967,0.198,0.1992,0.2005,0.2017,0.203,0.2043,0.2057,0.207,0.2084,0.2098,0.2112,0.2126,0.214,0.2155,0.2164,0.2173,0.2183,0.2192,0.2201,0.221,0.222,0.2228,0.2237,0.2245,0.2254,0.2263,0.2272,0.228,0.2289,0.2305,0.2329,0.2354,0.2379,0.2403,0.2427,0.2451,0.2476,0.2521,0.2601,0.2611,0.2617,0.2623,0.2629,0.2635,0.2641,0.2647,0.2653,0.2659,2.1566,2.1498,2.1431,2.1365,2.1299,2.1233,2.1168,2.1103,2.1039,2.0974,2.0911,2.0847,2.0784,2.0722,2.066,2.0598,2.0536,2.0475,2.0415,2.0354,2.0294,2.0235,2.0176,2.0117,2.0058,2,1.9942,1.9884,1.9827,1.977,1.9714,1.9657,1.9601,1.9546,1.949,1.9435,1.9381,1.9326,1.9273,1.9269,1.9437,2.0012,2.0323,2.0534,2.07,2.1383,2.1738,2.2105,2.2486,2.288,2.3288,2.371,2.4148,2.4604,2.5076,2.5567,2.6077,2.6601,2.713,2.7681,2.8282,2.8731,2.9729,4.1287,4.1182,4.1077,4.097,4.0866,4.076,4.0656,4.0552,4.0449,4.0346,4.0234,4.0112,3.9939,3.9512,3.9505,3.9817,4.862,4.8699,5.0431,5.2369,5.4548,5.6543,5.6598,5.6378,5.6309,8.6588,8.6375,8.6184,8.6086,8.5827,8.5577,8.5377,8.5177,8.4979,8.4781,8.4585,8.4385,8.419,8.3996,6.0255,5.7502,5.5154,5.3971,3.5253,3.4885,3.4865,3.482,3.4701,3.4547,3.274,2.734,2.4223,2.1518,1.9474,1.7682,1.6097,1.4773,1.3635,1.2456,1.0812,1.0722,1.0688,1.0655,1.0621,1.0587,1.0553,1.0526,1.0504,1.0482,1.046,1.0438,1.0415,1.0394,1.0372,1.035,1.0328,1.0306,1.0284,1.0263,1.0241,1.0219,1.0198,1.0176,1.0155,1.0134,1.0113,1.0092,1.0071,1.005,1.0029,1.0009,0.9989,0.9968,0.9948,0.9929,0.9909,0.9889,0.9869,0.985,0.983,0.9811,0.9791,0.9772,0.9753,0.9734,0.9715,0.9696,0.9677,0.9658,0.9639,0.962,0.9601,0.9582,0.9563,0.9544,0.9526,0.9507,0.9489,0.947,0.9452,0.9434,0.9415,0.9397,0.9379,0.9361,0.9343,0.9325
0.1782,0.1792,0.1803,0.1813,0.1824,0.1835,0.1846,0.1857,0.1868,0.188,0.1891,0.1902,0.1914,0.1925,0.1937,0.1949,0.1961,0.1973,0.1986,0.1998,0.2011,0.2024,0.2037,0.205,0.2063,0.2077,0.2091,0.2104,0.2118,0.2133,0.2147,0.2159,0.2168,0.2177,0.2186,0.2195,0.2204,0.2212,0.2221,0.2229,0.2238,0.2246,0.2255,0.2264,0.2273,0.2282,0.2291,0.2311,0.2335,0.236,0.2385,0.241,0.2434,0.2459,0.2484,0.2547,0.2629,0.2637,0.2643,0.2649,0.2655,0.2661,0.2667,2.1737,2.1668,2.1601,2.1533,2.1466,2.1399,2.1333,2.1267,2.1202,2.1136,2.1072,2.1007,2.0943,2.088,2.0817,2.0754,2.0692,2.063,2.0568,2.0507,2.0446,2.0385,2.0325,2.0265,2.0206,2.0147,2.0088,2.003,1.9972,1.9914,1.9857,1.9799,1.9743,1.9686,1.963,1.9574,1.9519,1.9464,1.9409,1.9354,1.93,1.9247,1.9328,1.9789,2.0094,2.0407,2.0572,2.0757,2.1478,2.1837,2.2208,2.2592,2.2989,2.3401,2.3828,2.4271,2.473,2.5207,2.5703,2.622,2.6737,2.7276,2.7865,2.8421,2.93,2.9889,4.1233,4.1128,4.1024,4.0918,4.0813,4.0709,4.0605,4.0501,4.0397,4.0295,4.0181,4.0059,3.9784,3.9491,3.9514,3.993,4.8568,4.8844,5.091,5.2889,5.5278,5.6638,5.6507,5.6317,5.6528,8.6472,8.6272,8.6109,8.5963,8.5699,8.5477,8.5277,8.5078,8.4876,8.4679,8.4483,8.4287,8.4093,8.39,5.957,5.6723,5.4923,5.371,3.5085,3.4868,3.4835,3.4793,3.4641,3.4478,3.2257,2.6988,2.3279,2.0906,1.8971,1.7232,1.5723,1.4457,1.3299,1.2218,1.0741,1.0708,1.0674,1.064,1.0607,1.0573,1.0539,1.0515,1.0493,1.0471,1.0449,1.0426,1.0405,1.0383,1.0361,1.0339,1.0317,1.0295,1.0273,1.0252,1.023,1.0209,1.0187,1.0166,1.0145,1.0123,1.0102,1.0081,1.006,1.004,1.0019,0.9999,0.9979,0.9959,0.9939,0.9919,0.9899,0.988,0.986,0.984,0.9821,0.9802,0.9782,0.9763,0.9744,0.9725,0.9706,0.9687,0.9667,0.9648,0.9629,0.961,0.9591,0.9572,0.9554,0.9535,0.9516,0.9498,0.9479,0.9461,0.9443,0.9424,0.9406,0.9388,0.937,0.9352,0.9334,0.9316
0.1785,0.1796,0.1806,0.1817,0.1828,0.1839,0.185,0.1861,0.1872,0.1883,0.1895,0.1907,0.1919,0.1931,0.1943,0.1955,0.1967,0.1979,0.1992,0.2004,0.2017,0.203,0.2043,0.2056,0.207,0.2084,0.2097,0.2111,0.2125,0.214,0.2153,0.2162,0.2171,0.218,0.2188,0.2197,0.2205,0.2213,0.2222,0.223,0.2239,0.2248,0.2256,0.2265,0.2274,0.2283,0.2293,0.2317,0.2341,0.2366,0.2391,0.2417,0.2441,0.2466,0.2494,0.2573,0.2658,0.2664,0.267,0.2676,2.1911,2.1842,2.1772,2.1704,2.1635,2.1568,2.15,2.1433,2.1367,2.1301,2.1235,2.117,2.1105,2.104,2.0976,2.0913,2.0849,2.0786,2.0724,2.0662,2.06,2.0538,2.0477,2.0417,2.0356,2.0296,2.0237,2.0177,2.0118,2.006,2.0002,1.9944,1.9886,1.9829,1.9772,1.9715,1.9659,1.9603,1.9547,1.9492,1.9437,1.9382,1.9328,1.9274,1.9222,1.9387,1.9865,2.0175,2.044,2.0594,2.093,2.1574,2.1936,2.2311,2.2699,2.31,2.3516,2.3947,2.4394,2.4858,2.534,2.5842,2.6355,2.6888,2.746,2.8057,2.8506,2.946,3.0107,4.118,4.1075,4.097,4.0867,4.0761,4.0657,4.0553,4.045,4.0347,4.0245,4.0127,4.0005,3.963,3.947,3.9614,4.0042,4.8553,4.9659,5.1398,5.3498,5.5726,5.6598,5.6417,5.6296,5.7099,8.6366,8.6179,8.6029,8.5835,8.5577,8.5372,8.5173,8.4975,8.4777,8.458,8.4385,8.419,8.3996,6.1611,5.8677,5.5893,5.4956,5.3612,3.4919,3.4866,3.4805,3.4735,3.4581,3.4332,3.0726,2.5775,2.2564,2.0327,1.8494,1.6804,1.5366,1.4155,1.2979,1.199,1.0727,1.0693,1.0659,1.0626,1.0593,1.0559,1.0527,1.0504,1.0482,1.046,1.0437,1.0415,1.0394,1.0372,1.035,1.0328,1.0306,1.0284,1.0263,1.0241,1.0219,1.0198,1.0177,1.0155,1.0134,1.0113,1.0092,1.0071,1.005,1.003,1.0009,0.9989,0.9969,0.9949,0.9929,0.991,0.989,0.987,0.9851,0.9831,0.9812,0.9792,0.9773,0.9754,0.9735,0.9715,0.9696,0.9677,0.9657,0.9638,0.9619,0.96,0.9581,0.9563,0.9544,0.9525,0.9507,0.9488,0.947,0.9451,0.9433,0.9415,0.9397,0.9379,0.9361,0.9343,0.9325,0.9307
0.1789,0.1799,0.181,0.182,0.1831,0.1842,0.1853,0.1864,0.1876,0.1887,0.1899,0.191,0.1922,0.1934,0.1947,0.1959,0.1972,0.1984,0.1997,0.201,0.2023,0.2036,0.205,0.2063,0.2077,0.209,0.2104,0.2118,0.2133,0.2147,0.2156,0.2165,0.2173,0.2181,0.219,0.2198,0.2206,0.2215,0.2223,0.2232,0.224,0.2249,0.2258,0.2266,0.2275,0.2284,0.2299,0.2322,0.2347,0.2372,0.2397,0.2423,0.2449,0.2474,0.252,0.2601,0.2685,0.2691,2.2017,2.1947,2.1877,2.1808,2.1739,2.1671,2.1603,2.1535,2.1468,2.1401,2.1335,2.1269,2.1204,2.1138,2.1074,2.101,2.0946,2.0882,2.0819,2.0756,2.0694,2.0632,2.057,2.0509,2.0448,2.0387,2.0327,2.0267,2.0208,2.0149,2.009,2.0032,1.9974,1.9916,1.9858,1.9801,1.9745,1.9688,1.9632,1.9576,1.9521,1.9465,1.9411,1.9356,1.9302,1.9248,1.925,1.9493,1.9943,2.0266,2.0451,2.0606,2.1308,2.1671,2.2037,2.2415,2.2807,2.3212,2.3631,2.4067,2.4519,2.4988,2.5475,2.5981,2.6511,2.7067,2.7647,2.8252,2.8616,2.9616,4.1231,4.1126,4.1022,4.0917,4.0814,4.071,4.0606,4.0502,4.0399,4.0296,4.0194,4.0073,3.9942,3.9477,3.9448,3.9715,4.8601,4.8497,5.011,5.1917,5.4238,5.6223,5.6545,5.633,5.6277,7.4536,8.6281,8.6113,8.5928,8.5713,8.5472,8.5273,8.5074,8.4876,8.4679,8.4483,8.4283,8.4089,8.3895,6.1,5.7941,5.5151,5.4257,5.3513,3.483,3.4821,3.4775,3.4675,3.4521,3.3653,2.9111,2.4671,2.1892,1.978,1.804,1.6397,1.5025,1.3865,1.2674,1.177,1.0712,1.0678,1.0645,1.0612,1.0578,1.0545,1.0516,1.0493,1.0471,1.0449,1.0426,1.0405,1.0383,1.0361,1.0339,1.0317,1.0295,1.0274,1.0252,1.023,1.0209,1.0187,1.0166,1.0145,1.0124,1.0103,1.0082,1.0061,1.004,1.002,1,0.998,0.996,0.994,0.992,0.99,0.988,0.9861,0.9841,0.9822,0.9802,0.9783,0.9764,0.9744,0.9725,0.9705,0.9686,0.9667,0.9648,0.9629,0.961,0.9591,0.9572,0.9553,0.9534,0.9516,0.9497,0.9479,0.946,0.9442,0.9424,0.9406,0.9387,0.9369,0.9351,0.9333,0.9316,0.9298
0.1792,0.1802,0.1813,0.1824,0.1834,0.1845,0.1857,0.1868,0.1879,0.1891,0.1902,0.1914,0.1926,0.1938,0.195,0.1963,0.1975,0.1988,0.2001,0.2014,0.2027,0.2041,0.2054,0.2068,0.2082,0.2096,0.2111,0.2125,0.214,0.215,0.2158,0.2166,0.2174,0.2182,0.2191,0.2199,0.2207,0.2216,0.2224,0.2233,0.2241,0.225,0.2259,0.2268,0.2276,0.2285,0.2304,0.2328,0.2353,0.2378,0.2403,0.2429,0.2456,0.2481,0.2546,0.2629,0.2699,2.2053,2.1983,2.1913,2.1844,2.1775,2.1706,2.1638,2.157,2.1503,2.1436,2.1369,2.1303,2.1237,2.1172,2.1107,2.1042,2.0979,2.0915,2.0851,2.0789,2.0726,2.0664,2.0602,2.054,2.0479,2.0419,2.0358,2.0298,2.0239,2.0179,2.012,2.0062,2.0004,1.9946,1.9888,1.9831,1.9774,1.9717,1.9661,1.9605,1.9549,1.9494,1.9439,1.9384,1.933,1.9275,1.9223,1.9307,1.9665,2.0037,2.0323,2.0464,2.0728,2.1413,2.177,2.2139,2.2513,2.2896,2.3293,2.3704,2.4129,2.457,2.5027,2.5502,2.6002,2.6533,2.7152,2.78,2.8313,2.8721,2.9832,4.1178,4.1073,4.0968,4.0865,4.0761,4.0659,4.0554,4.0451,4.0348,4.0246,4.0142,4.002,3.9779,3.9419,3.9428,3.9826,4.8563,4.8694,5.0568,5.2589,5.4934,5.6514,5.6457,5.6243,5.6355,7.3248,7.3219,7.3437,7.4246,8.5586,8.5372,8.5173,8.4975,8.4773,8.4576,8.4381,8.4186,8.3992,8.3795,6.0138,5.7101,5.493,5.3762,3.5119,3.4812,3.4791,3.4746,3.4615,3.4462,3.27,2.7657,2.3681,2.1258,1.9261,1.7576,1.6009,1.4699,1.3563,1.2384,1.0759,1.0698,1.0664,1.0631,1.0597,1.0564,1.053,1.0504,1.0482,1.046,1.0437,1.0415,1.0394,1.0372,1.035,1.0328,1.0306,1.0285,1.0263,1.0241,1.022,1.0198,1.0177,1.0155,1.0134,1.0113,1.0092,1.0071,1.0051,1.0031,1.001,0.999,0.997,0.995,0.993,0.991,0.9891,0.9871,0.9851,0.9832,0.9812,0.9793,0.9773,0.9754,0.9734,0.9715,0.9695,0.9676,0.9657,0.9638,0.9619,0.96,0.9581,0.9562,0.9543,0.9525,0.9506,0.9488,0.9469,0.9451,0.9433,0.9414,0.9396,0.9378,0.936,0.9342,0.9324,0.9306,0.9289
0.1795,0.1806,0.1816,0.1827,0.1838,0.1849,0.186,0.1871,0.1883,0.1894,0.1906,0.1918,0.193,0.1942,0.1954,0.1967,0.1979,0.1992,0.2005,0.2018,0.2032,0.2045,0.2059,0.2073,0.2087,0.2101,0.2115,0.213,0.2143,0.2151,0.2159,0.2167,0.2175,0.2184,0.2192,0.22,0.2208,0.2217,0.2225,0.2234,0.2242,0.2251,0.226,0.2269,0.2278,0.2287,0.231,0.2334,0.2359,0.2384,0.2409,0.2436,0.2462,0.2493,0.2564,0.2627,0.2692,2.2019,2.1949,2.1879,2.181,2.1741,2.1673,2.1605,2.1537,2.147,2.1403,2.1337,2.1271,2.1206,2.1141,2.1076,2.1012,2.0948,2.0884,2.0821,2.0758,2.0696,2.0634,2.0572,2.0511,2.045,2.0389,2.0329,2.0269,2.021,2.0151,2.0092,2.0034,1.9975,1.9918,1.986,1.9803,1.9746,1.969,1.9634,1.9578,1.9522,1.9467,1.9412,1.9358,1.9303,1.9249,1.9199,1.9366,1.9825,2.0132,2.0336,2.0473,2.082,2.1431,2.1777,2.2134,2.2506,2.289,2.3286,2.3697,2.4122,2.4562,2.502,2.5501,2.6001,2.6572,2.7088,2.7656,2.8267,2.9364,3.0051,4.1124,4.1019,4.0915,4.0812,4.0709,4.0606,4.0504,4.04,4.0297,4.0195,4.0088,3.9967,3.9626,3.9413,3.9527,3.9939,4.8608,4.8982,5.1034,5.3196,5.5406,5.6526,5.637,5.6196,5.6648,7.3168,7.305,7.3053,7.3181,7.3495,8.5268,8.5069,8.4871,8.4674,8.4478,8.4279,8.4085,8.3891,6.1541,5.9094,5.6431,5.4585,5.3556,3.4962,3.4794,3.476,3.4708,3.4555,3.4379,3.1503,2.6315,2.296,2.066,1.8769,1.7131,1.5639,1.4386,1.3231,1.2139,1.0717,1.0683,1.065,1.0616,1.0583,1.055,1.0516,1.0493,1.0471,1.0448,1.0426,1.0404,1.0383,1.0361,1.0339,1.0317,1.0296,1.0274,1.0252,1.023,1.0209,1.0187,1.0166,1.0145,1.0124,1.0103,1.0082,1.0062,1.0041,1.0021,1.0001,0.9981,0.9961,0.9941,0.9921,0.9901,0.9881,0.9862,0.9842,0.9822,0.9802,0.9783,0.9763,0.9744,0.9724,0.9705,0.9685,0.9666,0.9647,0.9628,0.9609,0.959,0.9571,0.9553,0.9534,0.9515,0.9497,0.9478,0.946,0.9441,0.9423,0.9405,0.9387,0.9369,0.9351,0.9333,0.9315,0.9297,0.928
0.1798,0.1809,0.182,0.183,0.1841,0.1852,0.1864,0.1875,0.1886,0.1898,0.191,0.1922,0.1934,0.1946,0.1958,0.1971,0.1984,0.1996,0.2009,0.2023,0.2036,0.2049,0.2063,0.2077,0.2091,0.2105,0.212,0.2135,0.2145,0.2153,0.216,0.2168,0.2176,0.2185,0.2193,0.2201,0.221,0.2218,0.2226,0.2235,0.2244,0.2252,0.2261,0.227,0.2279,0.2292,0.2316,0.234,0.2364,0.239,0.2416,0.2442,0.2469,0.2499,0.2559,0.2621,0.2686,2.1985,2.1915,2.1846,2.1777,2.1708,2.164,2.1572,2.1505,2.1438,2.1371,2.1305,2.1239,2.1174,2.1109,2.1045,2.0981,2.0917,2.0853,2.0791,2.0728,2.0666,2.0604,2.0542,2.0481,2.0421,2.036,2.03,2.0241,2.0181,2.0122,2.0064,2.0005,1.9947,1.989,1.9833,1.9776,1.9719,1.9663,1.9607,1.9551,1.9496,1.9441,1.9386,1.9331,1.9277,1.9224,1.9239,1.9479,1.9917,2.021,2.034,2.0566,2.0883,2.1408,2.1774,2.2131,2.2499,2.2881,2.3275,2.3689,2.4114,2.4555,2.5018,2.55,2.6001,2.6604,2.7238,2.7675,2.8574,2.9561,3.0243,4.1071,4.0966,4.0863,4.0759,4.0657,4.0554,4.0452,4.035,4.0247,4.0145,4.0035,3.9905,3.9473,3.9391,3.9628,4.013,4.8617,4.9793,5.152,5.3907,5.5897,5.6486,5.6321,5.6176,7.3492,7.3257,7.3114,7.305,7.3161,7.3373,8.5164,8.4966,8.4769,8.4572,8.4376,8.4177,8.3984,8.3791,6.1216,5.8178,5.5365,5.4894,5.3458,3.4811,3.478,3.473,3.4648,3.4495,3.4124,2.9892,2.5098,2.2279,2.0095,1.8301,1.6708,1.5286,1.4087,1.2914,1.1913,1.0702,1.0668,1.0635,1.0602,1.0569,1.0536,1.0505,1.0482,1.046,1.0437,1.0415,1.0393,1.0372,1.035,1.0328,1.0307,1.0285,1.0263,1.0241,1.022,1.0198,1.0177,1.0156,1.0134,1.0113,1.0093,1.0072,1.0052,1.0031,1.0011,0.9991,0.9971,0.9951,0.9931,0.9911,0.9891,0.9872,0.9852,0.9832,0.9812,0.9792,0.9773,0.9753,0.9734,0.9714,0.9695,0.9676,0.9656,0.9637,0.9618,0.9599,0.958,0.9562,0.9543,0.9524,0.9506,0.9487,0.9469,0.945,0.9432,0.9414,0.9396,0.9378,0.936,0.9342,0.9324,0.9306,0.9288,0.9271
0.1802,0.1812,0.1823,0.1834,0.1845,0.1856,0.1867,0.1879,0.189,0.1902,0.1914,0.1925,0.1938,0.195,0.1962,0.1975,0.1988,0.2,0.2013,0.2027,0.204,0.2054,0.2067,0.2081,0.2096,0.211,0.2124,0.2137,0.2146,0.2155,0.2162,0.2169,0.2178,0.2186,0.2194,0.2202,0.2211,0.2219,0.2228,0.2236,0.2245,0.2254,0.2262,0.2271,0.228,0.2297,0.2321,0.2346,0.237,0.2396,0.2422,0.2448,0.2476,0.2505,0.2553,0.2614,0.2679,2.1952,2.1882,2.1812,2.1744,2.1675,2.1607,2.154,2.1472,2.1405,2.1339,2.1273,2.1208,2.1143,2.1078,2.1013,2.095,2.0886,2.0823,2.076,2.0698,2.0636,2.0574,2.0513,2.0452,2.0391,2.0331,2.0271,2.0212,2.0153,2.0094,2.0036,1.9977,1.9919,1.9862,1.9805,1.9748,1.9692,1.9636,1.958,1.9524,1.9469,1.9414,1.936,1.9305,1.9251,1.9198,1.9287,1.9652,2.0007,2.0226,2.0362,2.0661,2.0981,2.1331,2.1771,2.2128,2.2496,2.2877,2.3279,2.3707,2.4263,2.4758,2.5249,2.576,2.6294,2.6605,2.7476,2.7746,2.9094,2.9748,4.1122,4.1017,4.0913,4.081,4.0707,4.0605,4.0503,4.0401,4.0298,4.0197,4.0095,3.9981,3.9773,3.9368,3.937,3.9729,4.8571,4.8593,5.0245,5.217,5.4609,5.6393,5.6419,5.6245,5.6272,7.3766,7.3533,7.3357,7.3283,7.3495,8.5264,8.5061,8.4863,8.4666,8.447,8.4275,8.408,8.3883,8.369,6.0708,5.7716,5.4952,5.375,3.5185,3.4858,3.4746,3.47,3.4588,3.4436,3.3159,2.8361,2.4046,2.1623,1.956,1.7856,1.6306,1.4948,1.38,1.2612,1.1696,1.0688,1.0654,1.0621,1.0588,1.0555,1.0522,1.0494,1.0471,1.0449,1.0426,1.0404,1.0383,1.0361,1.0339,1.0318,1.0296,1.0274,1.0252,1.0231,1.0209,1.0188,1.0166,1.0145,1.0124,1.0103,1.0083,1.0062,1.0042,1.0022,1.0001,0.9981,0.9961,0.9941,0.9922,0.9901,0.9881,0.9861,0.9841,0.9822,0.9802,0.9782,0.9762,0.9743,0.9724,0.9704,0.9685,0.9666,0.9647,0.9627,0.9608,0.959,0.9571,0.9552,0.9533,0.9515,0.9496,0.9478,0.9459,0.9441,0.9423,0.9405,0.9386,0.9368,0.935,0.9332,0.9315,0.9297,0.9279,0.9261
0.1805,0.1816,0.1826,0.1837,0.1848,0.1859,0.1871,0.1882,0.1894,0.1905,0.1917,0.1929,0.1941,0.1954,0.1966,0.1979,0.1992,0.2005,0.2018,0.2031,0.2044,0.2058,0.2072,0.2086,0.21,0.2114,0.2129,0.2138,0.2147,0.2156,0.2164,0.2171,0.2179,0.2187,0.2195,0.2203,0.2212,0.222,0.2229,0.2237,0.2246,0.2255,0.2263,0.2272,0.2281,0.2303,0.2327,0.2351,0.2376,0.2402,0.2428,0.2455,0.2484,0.2513,0.2547,0.2608,0.2673,2.1918,2.1848,2.1779,2.171,2.1642,2.1574,2.1507,2.144,2.1373,2.1307,2.1241,2.1176,2.1111,2.1047,2.0983,2.0919,2.0855,2.0793,2.073,2.0668,2.0606,2.0544,2.0483,2.0423,2.0362,2.0302,2.0242,2.0183,2.0124,2.0066,2.0007,1.9949,1.9892,1.9834,1.9777,1.9721,1.9665,1.9608,1.9553,1.9497,1.9443,1.9388,1.9333,1.9279,1.9225,1.9188,1.9346,1.9791,2.0106,2.036,2.0525,2.0758,2.108,2.142,2.1786,2.2177,2.2582,2.3002,2.3438,2.4104,2.461,2.5108,2.5613,2.5983,2.6511,2.7095,2.7689,2.868,2.9276,2.9937,4.1072,4.0965,4.0862,4.0758,4.0656,4.0553,4.0452,4.0351,4.0248,4.0146,4.0045,3.9929,3.9621,3.933,3.9442,3.9834,4.8556,4.8759,5.0705,5.2852,5.5087,5.6453,5.6345,5.6172,5.6362,7.3877,7.3763,7.3685,7.3912,8.5425,8.5164,8.4957,8.476,8.4563,8.4368,8.4173,8.3979,8.3782,6.1584,5.9647,5.6797,5.4801,5.3516,3.505,3.4805,3.4716,3.4672,3.4529,3.4377,3.1971,2.698,2.3227,2.1005,1.9053,1.7433,1.5922,1.4625,1.3492,1.2324,1.0707,1.0673,1.064,1.0606,1.0573,1.0541,1.0508,1.0482,1.046,1.0438,1.0416,1.0393,1.0372,1.035,1.0328,1.0307,1.0285,1.0263,1.0241,1.022,1.0198,1.0177,1.0156,1.0135,1.0114,1.0093,1.0073,1.0053,1.0032,1.0012,0.9992,0.9972,0.9952,0.9931,0.9911,0.9891,0.9871,0.9851,0.9831,0.9811,0.9792,0.9772,0.9752,0.9733,0.9714,0.9694,0.9675,0.9656,0.9637,0.9618,0.9599,0.958,0.9561,0.9542,0.9524,0.9505,0.9487,0.9468,0.945,0.9432,0.9413,0.9395,0.9377,0.9359,0.9341,0.9323,0.9305,0.9288,0.927,0.9252
0.1808,0.1819,0.183,0.1841,0.1852,0.1863,0.1874,0.1886,0.1897,0.1909,0.1921,0.1933,0.1945,0.1958,0.197,0.1983,0.1996,0.2009,0.2022,0.2035,0.2049,0.2062,0.2076,0.209,0.2105,0.2119,0.213,0.2139,0.2149,0.2158,0.2165,0.2173,0.218,0.2188,0.2196,0.2205,0.2213,0.2221,0.223,0.2239,0.2247,0.2256,0.2265,0.2274,0.2285,0.2309,0.2333,0.2357,0.2382,0.2408,0.2435,0.2463,0.2491,0.252,0.255,0.2602,0.2667,2.1884,2.1815,2.1746,2.1677,2.1609,2.1542,2.1475,2.1408,2.1341,2.1275,2.121,2.1145,2.108,2.1016,2.0952,2.0888,2.0825,2.0762,2.07,2.0638,2.0576,2.0515,2.0454,2.0393,2.0333,2.0273,2.0214,2.0155,2.0096,2.0037,1.9979,1.9921,1.9864,1.9807,1.975,1.9694,1.9637,1.9582,1.9526,1.9471,1.9416,1.9361,1.9307,1.9253,1.9199,1.9227,1.9466,1.9873,2.0191,2.051,2.0743,2.0889,2.1355,2.1694,2.2068,2.2459,2.2875,2.3306,2.3888,2.4458,2.4953,2.5434,2.5798,2.6244,2.684,2.7391,2.8207,2.8824,2.9461,3.0128,4.1022,4.0915,4.081,4.0706,4.0604,4.0502,4.04,4.0299,4.0198,4.0096,3.9995,3.9868,3.9469,3.9316,3.9541,3.9952,4.8532,4.9323,5.1577,5.3564,5.5574,5.6414,5.6272,5.6099,7.3932,7.3782,7.364,7.363,8.559,8.5312,8.5065,8.4859,8.4657,8.4461,8.4266,8.4072,8.3879,8.3686,6.1325,5.8578,5.5659,5.4756,5.345,3.4902,3.4767,3.4686,3.4623,3.447,3.4229,3.0716,2.5601,2.2537,2.0421,1.8571,1.7029,1.5556,1.4316,1.3163,1.206,1.0692,1.0659,1.0625,1.0592,1.0559,1.0526,1.0494,1.0471,1.0449,1.0427,1.0405,1.0383,1.0361,1.0339,1.0317,1.0296,1.0274,1.0252,1.0231,1.0209,1.0188,1.0166,1.0145,1.0125,1.0104,1.0084,1.0063,1.0043,1.0023,1.0002,0.9982,0.9962,0.9941,0.9921,0.9901,0.9881,0.9861,0.9841,0.9821,0.9801,0.9782,0.9762,0.9742,0.9723,0.9704,0.9684,0.9665,0.9646,0.9627,0.9608,0.9589,0.957,0.9551,0.9533,0.9514,0.9496,0.9477,0.9459,0.944,0.9422,0.9404,0.9386,0.9368,0.935,0.9332,0.9314,0.9296,0.9279,0.9261,0.9243
0.1812,0.1822,0.1833,0.1844,0.1855,0.1867,0.1878,0.1889,0.1901,0.1913,0.1925,0.1937,0.1949,0.1962,0.1974,0.1987,0.2,0.2013,0.2026,0.2039,0.2053,0.2067,0.2081,0.2095,0.2109,0.2122,0.2131,0.2141,0.215,0.2159,0.2167,0.2174,0.2182,0.219,0.2197,0.2206,0.2214,0.2223,0.2231,0.224,0.2248,0.2257,0.2266,0.2275,0.2291,0.2314,0.2339,0.2363,0.2389,0.2415,0.2442,0.247,0.2499,0.2528,0.2558,0.2596,0.266,2.185,2.1781,2.1712,2.1644,2.1576,2.1509,2.1442,2.1375,2.1309,2.1244,2.1178,2.1113,2.1049,2.0985,2.0921,2.0858,2.0795,2.0732,2.067,2.0608,2.0546,2.0485,2.0425,2.0364,2.0304,2.0244,2.0185,2.0126,2.0067,2.0009,1.9951,1.9894,1.9836,1.9779,1.9723,1.9666,1.961,1.9555,1.9499,1.9444,1.939,1.9335,1.9281,1.9227,1.9174,1.9267,1.9642,1.9956,2.0277,2.0608,2.0962,2.1284,2.1619,2.1981,2.2364,2.2762,2.3175,2.3778,2.4148,2.464,2.5189,2.5617,2.5981,2.6506,2.7065,2.7628,2.8228,2.8989,2.9637,4.1077,4.097,4.0865,4.076,4.0656,4.0552,4.045,4.0349,4.0248,4.0148,4.0046,3.9943,3.9791,3.9318,3.9313,3.9641,4.8464,4.849,5.008,5.1949,5.4047,5.6069,5.6359,5.6198,5.6121,7.3766,7.3614,7.3508,7.3588,7.8344,7.8205,8.4962,8.4756,8.4555,8.4359,8.4165,8.3971,8.3778,8.3582,6.0989,5.7893,5.495,5.4053,5.3384,3.483,3.4731,3.4656,3.4563,3.441,3.3631,2.9103,2.4451,2.1882,1.9868,1.8113,1.6614,1.5207,1.4019,1.285,1.1838,1.0678,1.0644,1.0611,1.0578,1.0545,1.0512,1.0483,1.046,1.0438,1.0416,1.0394,1.0372,1.035,1.0328,1.0307,1.0285,1.0263,1.0242,1.022,1.0199,1.0177,1.0156,1.0136,1.0115,1.0094,1.0074,1.0053,1.0033,1.0012,0.9992,0.9971,0.9951,0.9931,0.9911,0.989,0.987,0.985,0.9831,0.9811,0.9791,0.9771,0.9752,0.9732,0.9713,0.9694,0.9674,0.9655,0.9636,0.9617,0.9598,0.9579,0.9561,0.9542,0.9523,0.9505,0.9486,0.9468,0.9449,0.9431,0.9413,0.9395,0.9377,0.9359,0.9341,0.9323,0.9305,0.9287,0.927,0.9252,0.9234
0.1815,0.1826,0.1837,0.1848,0.1859,0.187,0.1882,0.1893,0.1905,0.1917,0.1929,0.1941,0.1953,0.1966,0.1978,0.1991,0.2004,0.2017,0.203,0.2044,0.2057,0.2071,0.2085,0.2099,0.2114,0.2124,0.2133,0.2142,0.2151,0.2161,0.2169,0.2176,0.2184,0.2191,0.2199,0.2207,0.2215,0.2224,0.2232,0.2241,0.225,0.2258,0.2267,0.2276,0.2296,0.232,0.2344,0.2369,0.2395,0.2422,0.245,0.2478,0.2507,0.2536,0.2566,0.2597,0.2654,2.1817,2.1748,2.168,2.1611,2.1544,2.1477,2.141,2.1343,2.1278,2.1212,2.1147,2.1082,2.1018,2.0954,2.089,2.0827,2.0764,2.0702,2.064,2.0578,2.0517,2.0456,2.0395,2.0335,2.0275,2.0216,2.0157,2.0098,2.0039,1.9981,1.9923,1.9866,1.9809,1.9752,1.9695,1.9639,1.9584,1.9528,1.9473,1.9418,1.9363,1.9309,1.9255,1.9201,1.9176,1.9325,1.9726,2.004,2.0363,2.0697,2.1066,2.1468,2.1881,2.2241,2.2614,2.3,2.3412,2.3867,2.4303,2.4809,2.5423,2.5838,2.6197,2.6815,2.7225,2.7804,2.8578,2.9149,2.9805,4.1026,4.092,4.0815,4.071,4.0606,4.0503,4.0399,4.0297,4.0197,4.0097,3.9997,3.989,3.9614,3.9223,3.9356,3.9742,4.8469,4.8553,5.0461,5.2434,5.4578,5.6332,5.6285,5.6125,5.6431,7.3495,7.3411,7.3302,7.3475,7.8096,7.7897,7.7705,7.753,8.4444,8.4258,8.4063,8.387,8.3678,8.3482,6.049,5.715,5.4921,5.3521,3.4909,3.4793,3.4694,3.4626,3.4503,3.4351,3.2453,2.765,2.3504,2.1265,1.9345,1.7677,1.6216,1.4873,1.3735,1.2551,1.1623,1.0663,1.063,1.0597,1.0564,1.0531,1.0498,1.0472,1.0449,1.0427,1.0405,1.0383,1.0361,1.0339,1.0317,1.0296,1.0274,1.0252,1.0231,1.0209,1.0188,1.0167,1.0146,1.0126,1.0105,1.0084,1.0064,1.0043,1.0022,1.0002,0.9981,0.9961,0.9941,0.992,0.99,0.988,0.986,0.984,0.982,0.9801,0.9781,0.9761,0.9742,0.9722,0.9703,0.9684,0.9665,0.9645,0.9626,0.9607,0.9589,0.957,0.9551,0.9532,0.9514,0.9495,0.9477,0.9458,0.944,0.9422,0.9403,0.9385,0.9367,0.9349,0.9331,0.9314,0.9296,0.9278,0.9261,0.9243,0.9225
0.1818,0.1829,0.184,0.1851,0.1862,0.1874,0.1885,0.1897,0.1909,0.192,0.1932,0.1945,0.1957,0.1969,0.1982,0.1995,0.2008,0.2021,0.2034,0.2048,0.2062,0.2075,0.209,0.2104,0.2116,0.2125,0.2134,0.2143,0.2153,0.2162,0.217,0.2178,0.2185,0.2193,0.2201,0.2208,0.2216,0.2225,0.2233,0.2242,0.2251,0.2259,0.2268,0.2278,0.2302,0.2326,0.235,0.2376,0.2402,0.2429,0.2457,0.2485,0.2514,0.2544,0.2574,0.2606,0.2648,2.1783,2.1715,2.1647,2.1579,2.1511,2.1444,2.1378,2.1312,2.1246,2.118,2.1116,2.1051,2.0987,2.0923,2.086,2.0797,2.0734,2.0672,2.061,2.0548,2.0487,2.0427,2.0366,2.0306,2.0246,2.0187,2.0128,2.0069,2.0011,1.9953,1.9895,1.9838,1.9781,1.9725,1.9668,1.9612,1.9557,1.9501,1.9446,1.9391,1.9337,1.9283,1.9229,1.9175,1.9216,1.9453,1.9808,2.0124,2.045,2.0798,2.1178,2.1575,2.1998,2.2363,2.2744,2.3158,2.3568,2.3992,2.4445,2.4926,2.5513,2.6025,2.6427,2.7031,2.741,2.8025,2.8749,2.9323,2.9981,4.0975,4.087,4.0765,4.0661,4.0556,4.0453,4.0351,4.0248,4.0146,4.0046,3.9946,3.9832,3.935,3.9249,3.9455,3.9844,4.8457,4.9037,5.0887,5.2897,5.5107,5.634,5.6213,5.6052,5.6509,6.9302,6.8532,6.9979,7.3357,7.6122,7.7465,7.7551,7.7379,7.7205,7.7035,7.6865,8.3757,8.3578,6.1406,5.9439,5.6266,5.4876,5.3401,3.4856,3.4756,3.4657,3.4596,3.4443,3.4282,3.1171,2.6259,2.2791,2.0681,1.8849,1.7262,1.5836,1.4553,1.3422,1.2266,1.0682,1.0649,1.0615,1.0582,1.0549,1.0517,1.0483,1.0436,1.0433,1.0416,1.0394,1.0372,1.035,1.0328,1.0307,1.0285,1.0263,1.0242,1.022,1.0199,1.0178,1.0157,1.0136,1.0116,1.0095,1.0074,1.0053,1.0032,1.0012,0.9991,0.9971,0.995,0.993,0.991,0.989,0.987,0.985,0.983,0.981,0.979,0.9771,0.9751,0.9732,0.9712,0.9693,0.9674,0.9655,0.9636,0.9617,0.9598,0.9579,0.956,0.9541,0.9523,0.9504,0.9486,0.9467,0.9449,0.9431,0.9412,0.9394,0.9376,0.9358,0.934,0.9322,0.9304,0.9287,0.9269,0.9251,0.9234,0.9216
0.1822,0.1833,0.1844,0.1855,0.1866,0.1877,0.1889,0.19,0.1912,0.1924,0.1936,0.1949,0.1961,0.1973,0.1986,0.1999,0.2012,0.2025,0.2039,0.2052,0.2066,0.208,0.2094,0.2108,0.2117,0.2126,0.2135,0.2145,0.2154,0.2163,0.2172,0.2179,0.2187,0.2195,0.2202,0.221,0.2218,0.2226,0.2235,0.2243,0.2252,0.2261,0.2269,0.2284,0.2308,0.2332,0.2357,0.2383,0.2409,0.2437,0.2464,0.2493,0.2522,0.2552,0.2583,0.2614,0.2646,2.1715,2.1682,2.1614,2.1546,2.1479,2.1412,2.1346,2.128,2.1214,2.1149,2.1084,2.102,2.0956,2.0892,2.0829,2.0766,2.0704,2.0642,2.058,2.0519,2.0458,2.0397,2.0337,2.0277,2.0218,2.0159,2.01,2.0041,1.9983,1.9925,1.9868,1.9811,1.9754,1.9697,1.9641,1.9585,1.953,1.9474,1.942,1.9365,1.9311,1.9256,1.9203,1.915,1.9256,1.9582,1.989,2.0209,2.0547,2.0906,2.1292,2.1693,2.2109,2.249,2.2876,2.3275,2.3689,2.4118,2.4598,2.5043,2.5604,2.612,2.6624,2.7084,2.7616,2.8059,2.8922,2.9503,4.0949,4.0884,4.0813,4.0711,4.061,4.0506,4.0404,4.0301,4.0199,4.0098,3.9997,3.9897,3.9771,3.9285,3.9269,3.9553,4.0048,4.8455,4.9395,5.132,5.3394,5.5648,5.6294,5.614,5.5999,6.1395,6.2367,6.3744,6.5183,6.6688,6.8085,6.9521,7.3588,7.5252,7.6844,7.689,7.6721,7.655,7.6382,6.1173,5.8454,5.5169,5.4826,5.335,3.4819,3.4719,3.462,3.4536,3.4384,3.408,2.9883,2.4923,2.2126,2.0129,1.8377,1.6865,1.5474,1.4246,1.3096,1.1993,1.0668,1.0634,1.0601,1.0568,1.0535,1.0503,1.0461,1.0414,1.0374,1.0384,1.0383,1.0361,1.0339,1.0317,1.0296,1.0274,1.0253,1.0231,1.021,1.0189,1.0168,1.0147,1.0126,1.0105,1.0084,1.0063,1.0042,1.0022,1.0001,0.9981,0.996,0.994,0.992,0.99,0.988,0.986,0.984,0.982,0.98,0.978,0.9761,0.9741,0.9722,0.9703,0.9683,0.9664,0.9645,0.9626,0.9607,0.9588,0.9569,0.955,0.9532,0.9513,0.9495,0.9476,0.9458,0.9439,0.9421,0.9403,0.9385,0.9367,0.9349,0.9331,0.9313,0.9295,0.9278,0.926,0.9242,0.9225,0.9208
0.1825,0.1836,0.1847,0.1858,0.187,0.1881,0.1892,0.1904,0.1916,0.1928,0.194,0.1952,0.1965,0.1977,0.199,0.2003,0.2016,0.2029,0.2043,0.2057,0.207,0.2084,0.2099,0.211,0.2119,0.2128,0.2137,0.2146,0.2155,0.2165,0.2174,0.2181,0.2189,0.2196,0.2204,0.2212,0.222,0.2228,0.2236,0.2244,0.2253,0.2262,0.2271,0.229,0.2313,0.2338,0.2363,0.239,0.2416,0.2444,0.2472,0.2501,0.253,0.256,0.2591,0.2622,0.2655,2.1612,2.1576,2.1541,2.1509,2.1447,2.138,2.1314,2.1248,2.1182,2.1118,2.1053,2.0989,2.0925,2.0862,2.0799,2.0736,2.0674,2.0612,2.055,2.0489,2.0429,2.0368,2.0308,2.0248,2.0189,2.013,2.0071,2.0013,1.9955,1.9897,1.984,1.9783,1.9726,1.967,1.9614,1.9558,1.9503,1.9448,1.9393,1.9339,1.9284,1.923,1.9177,1.9165,1.9305,1.9662,1.9973,2.0302,2.0647,2.1016,2.1406,2.1811,2.2212,2.26,2.299,2.3394,2.3812,2.425,2.4736,2.5162,2.5694,2.6188,2.67,2.7139,2.7815,2.8412,2.9097,2.969,4.0828,4.0748,4.0682,4.0619,4.055,4.045,4.0351,4.0251,4.015,4.0049,3.9948,3.9751,3.9355,3.928,3.9324,3.9643,4.8509,4.8518,4.9835,5.1784,5.39,5.5687,5.6093,5.6035,5.6129,5.9526,5.9766,6.0123,6.0905,6.2063,6.3395,6.4803,6.6288,6.7664,6.9054,7.3056,7.4712,7.6309,7.624,6.0882,5.7302,5.4823,5.3527,3.5484,3.478,3.4683,3.4583,3.4477,3.4324,3.2949,2.8354,2.3837,2.1497,1.9605,1.7928,1.6487,1.5128,1.3953,1.2786,1.1763,1.0653,1.062,1.0587,1.0554,1.0521,1.0486,1.044,1.0393,1.0347,1.0325,1.0335,1.0344,1.0328,1.0307,1.0285,1.0264,1.0242,1.0221,1.02,1.0178,1.0157,1.0136,1.0115,1.0094,1.0073,1.0053,1.0032,1.0011,0.9991,0.997,0.995,0.993,0.9909,0.9889,0.9869,0.9849,0.9829,0.981,0.979,0.977,0.9751,0.9731,0.9712,0.9693,0.9673,0.9654,0.9635,0.9616,0.9597,0.9578,0.9559,0.9541,0.9522,0.9504,0.9485,0.9467,0.9448,0.943,0.9412,0.9394,0.9376,0.9358,0.934,0.9322,0.9304,0.9286,0.9269,0.9251,0.9233,0.9216,0.9199
0.1829,0.184,0.1851,0.1862,0.1873,0.1885,0.1896,0.1908,0.192,0.1932,0.1944,0.1956,0.1969,0.1981,0.1994,0.2007,0.202,0.2034,0.2047,0.2061,0.2075,0.2089,0.2102,0.2111,0.212,0.2129,0.2138,0.2147,0.2157,0.2166,0.2175,0.2183,0.219,0.2198,0.2206,0.2214,0.2221,0.2229,0.2237,0.2246,0.2254,0.2263,0.2272,0.2295,0.2319,0.2345,0.237,0.2397,0.2424,0.2451,0.2479,0.2508,0.2538,0.2568,0.26,0.2632,0.2665,2.1509,2.1474,2.1439,2.1405,2.137,2.134,2.1282,2.1216,2.1151,2.1086,2.1022,2.0958,2.0894,2.0831,2.0768,2.0706,2.0644,2.0582,2.0521,2.046,2.0399,2.0339,2.0279,2.022,2.0161,2.0102,2.0043,1.9985,1.9927,1.987,1.9812,1.9756,1.9699,1.9643,1.9587,1.9532,1.9476,1.9421,1.9367,1.9312,1.9258,1.9204,1.9151,1.9204,1.9439,1.9743,2.0062,2.0399,2.0748,2.1128,2.1522,2.1929,2.231,2.2712,2.3106,2.3513,2.3935,2.4401,2.4875,2.5302,2.576,2.6257,2.6773,2.7333,2.798,2.8701,2.9274,2.9877,4.0027,4.0448,4.0458,4.0411,4.0359,4.0326,4.0262,4.0167,4.0073,3.9956,3.9816,3.9641,3.9366,3.9242,3.9353,3.968,4.8374,4.8488,5.0113,5.1359,5.2138,5.2939,5.3767,5.4621,5.5499,5.641,5.7353,5.8324,5.9209,5.9332,5.9844,6.0682,6.1766,6.3085,6.4464,6.5879,6.722,6.8591,7.2595,6.0091,5.6459,5.4807,5.3401,3.4847,3.4733,3.4645,3.4553,3.4417,3.4264,3.1629,2.6953,2.3051,2.0901,1.9108,1.7501,1.6125,1.4797,1.3671,1.249,1.0736,1.0639,1.0606,1.0573,1.054,1.0507,1.0465,1.0418,1.0372,1.0326,1.0305,1.0298,1.0292,1.0295,1.0296,1.0274,1.0253,1.0232,1.021,1.0189,1.0168,1.0146,1.0125,1.0104,1.0083,1.0063,1.0042,1.0021,1.0001,0.998,0.996,0.9939,0.9919,0.9899,0.9879,0.9859,0.9839,0.9819,0.98,0.978,0.976,0.9741,0.9721,0.9702,0.9683,0.9664,0.9644,0.9625,0.9606,0.9587,0.9569,0.955,0.9531,0.9513,0.9494,0.9476,0.9457,0.9439,0.9421,0.9402,0.9384,0.9366,0.9348,0.933,0.9313,0.9295,0.9277,0.926,0.9242,0.9224,0.9207,0.919
0.1832,0.1843,0.1854,0.1865,0.1877,0.1888,0.19,0.1912,0.1924,0.1936,0.1948,0.196,0.1973,0.1985,0.1998,0.2011,0.2025,0.2038,0.2051,0.2065,0.2079,0.2093,0.2103,0.2112,0.2121,0.213,0.2139,0.2149,0.2158,0.2167,0.2177,0.2184,0.2192,0.22,0.2208,0.2215,0.2223,0.2231,0.2239,0.2247,0.2255,0.2264,0.2277,0.2301,0.2326,0.2351,0.2377,0.2404,0.2431,0.2459,0.2488,0.2517,0.2547,0.2578,0.2609,0.2642,2.1363,2.1376,2.1373,2.1339,2.1304,2.127,2.1236,2.1203,2.1173,2.112,2.1055,2.0991,2.0927,2.0864,2.0801,2.0738,2.0676,2.0614,2.0552,2.0491,2.0431,2.037,2.031,2.025,2.0191,2.0132,2.0073,2.0015,1.9957,1.9899,1.9842,1.9785,1.9728,1.9672,1.9616,1.956,1.9505,1.945,1.9395,1.934,1.9286,1.9232,1.9179,1.9126,1.9244,1.9518,1.9828,2.0157,2.0498,2.0856,2.124,2.1639,2.2024,2.2409,2.2825,2.3222,2.3634,2.406,2.4553,2.5015,2.5449,2.5899,2.6366,2.685,2.7599,2.8107,2.8873,2.9468,3.0064,3.8508,3.8953,3.9412,3.9868,4.0137,4.0128,4.0092,4.0059,3.9931,3.9811,3.9713,3.9538,3.9317,3.9192,3.9409,4.6207,4.6875,4.7595,4.8286,4.8971,4.9675,5.0401,5.1149,5.1918,5.2711,5.3528,5.4371,5.5256,5.617,5.7107,5.8069,5.8814,5.8905,5.963,6.0463,6.1471,6.2778,6.4109,6.1413,5.9113,5.5477,5.4678,5.3341,3.4766,3.4686,3.4605,3.4511,3.4357,3.4133,3.0411,2.5548,2.2371,2.0337,1.8635,1.7094,1.5751,1.4481,1.3352,1.2207,1.0658,1.0624,1.0591,1.0558,1.0526,1.049,1.0443,1.0397,1.0351,1.0311,1.03,1.0293,1.0287,1.028,1.0273,1.0264,1.0242,1.0221,1.0199,1.0178,1.0157,1.0136,1.0115,1.0094,1.0073,1.0052,1.0031,1.0011,0.999,0.997,0.9949,0.9929,0.9909,0.9889,0.9869,0.9849,0.9829,0.9809,0.9789,0.977,0.975,0.9731,0.9711,0.9692,0.9673,0.9654,0.9635,0.9616,0.9597,0.9578,0.9559,0.954,0.9522,0.9503,0.9485,0.9466,0.9448,0.9429,0.9411,0.9393,0.9375,0.9357,0.9339,0.9321,0.9303,0.9286,0.9268,0.925,0.9233,0.9215,0.9198,0.9181
0.1836,0.1847,0.1858,0.1869,0.188,0.1892,0.1904,0.1915,0.1927,0.1939,0.1952,0.1964,0.1977,0.199,0.2002,0.2016,0.2029,0.2042,0.2056,0.207,0.2084,0.2096,0.2104,0.2113,0.2122,0.2132,0.2141,0.215,0.2159,0.2169,0.2178,0.2186,0.2194,0.2201,0.2209,0.2217,0.2225,0.2233,0.2241,0.2249,0.2257,0.2265,0.2283,0.2308,0.2333,0.2358,0.2385,0.2412,0.2439,0.2468,0.2497,0.2526,0.2556,0.2587,0.2619,0.2654,2.1047,2.1178,2.1192,2.1203,2.1205,2.1171,2.1137,2.1103,2.1069,2.1037,2.1008,2.096,2.0897,2.0833,2.0771,2.0708,2.0646,2.0584,2.0523,2.0462,2.0401,2.0341,2.0281,2.0222,2.0162,2.0104,2.0045,1.9987,1.9929,1.9872,1.9814,1.9757,1.9701,1.9645,1.9589,1.9533,1.9478,1.9423,1.9369,1.9314,1.926,1.9206,1.9153,1.9153,1.9284,1.96,1.9921,2.0254,2.0598,2.0966,2.1354,2.1745,2.2121,2.2509,2.2938,2.334,2.3756,2.4207,2.4708,2.5158,2.5598,2.6049,2.6511,2.6989,2.7594,2.8267,2.9053,2.9668,3.669,3.7094,3.7508,3.793,3.8362,3.8828,3.9261,3.9681,3.9711,3.9649,3.9581,3.9519,3.9437,3.9199,3.9243,3.9454,4.416,4.4771,4.5397,4.6041,4.6723,4.7442,4.8098,4.877,4.9469,5.0188,5.0929,5.1691,5.2477,5.3287,5.4122,5.5015,5.5932,5.6861,5.7817,5.8431,5.8554,5.9355,6.0205,6.0268,5.8083,5.4819,5.3634,5.3272,3.4718,3.4638,3.4558,3.445,3.4296,3.346,2.9094,2.4281,2.173,1.9802,1.8185,1.6705,1.5393,1.4178,1.303,1.1937,1.0643,1.061,1.0577,1.0544,1.0512,1.0468,1.0422,1.0376,1.0332,1.0304,1.0295,1.0288,1.0282,1.0275,1.0268,1.0253,1.0231,1.021,1.0188,1.0167,1.0146,1.0125,1.0104,1.0083,1.0062,1.0041,1.0021,1,0.998,0.9959,0.9939,0.9919,0.9899,0.9878,0.9858,0.9839,0.9819,0.9799,0.9779,0.976,0.974,0.9721,0.9701,0.9682,0.9663,0.9644,0.9625,0.9606,0.9587,0.9568,0.9549,0.9531,0.9512,0.9493,0.9475,0.9457,0.9438,0.942,0.9402,0.9384,0.9366,0.9348,0.933,0.9312,0.9294,0.9277,0.9259,0.9241,0.9224,0.9207,0.9189,0.9172
0.1839,0.185,0.1861,0.1873,0.1884,0.1896,0.1907,0.1919,0.1931,0.1943,0.1956,0.1968,0.1981,0.1994,0.2007,0.202,0.2033,0.2046,0.206,0.2074,0.2088,0.2097,0.2106,0.2115,0.2124,0.2133,0.2142,0.2151,0.2161,0.217,0.218,0.2188,0.2195,0.2203,0.2211,0.2219,0.2227,0.2235,0.2243,0.2251,0.2259,0.2267,0.229,0.2315,0.2341,0.2367,0.2393,0.242,0.2448,0.2476,0.2506,0.2535,0.2566,0.2597,0.2631,0.2667,2.0621,2.0748,2.0878,2.1008,2.1023,2.1034,2.1037,2.1006,2.0972,2.0939,2.0906,2.0875,2.0846,2.0803,2.074,2.0678,2.0616,2.0554,2.0493,2.0433,2.0372,2.0312,2.0252,2.0193,2.0134,2.0075,2.0017,1.9959,1.9901,1.9844,1.9787,1.973,1.9674,1.9618,1.9562,1.9507,1.9451,1.9397,1.9342,1.9288,1.9234,1.918,1.9127,1.9193,1.9377,1.9691,2.0015,2.0351,2.0698,2.1077,2.147,2.1839,2.2218,2.261,2.3053,2.3459,2.3879,2.4357,2.4863,2.5292,2.5727,2.6178,2.6644,2.7128,2.7737,2.8654,2.9248,2.9795,3.5406,3.5782,3.6166,3.6558,3.6981,3.7419,3.7845,3.8255,3.8674,3.9102,3.9348,3.9296,3.9246,3.9188,3.9289,3.9531,4.2315,4.2846,4.342,4.401,4.4615,4.5237,4.5879,4.6606,4.7263,4.7913,4.8581,4.9268,4.9977,5.0711,5.1468,5.2246,5.3049,5.3877,5.4776,5.5696,5.6617,5.7567,5.8009,5.8222,5.7298,5.4789,5.4435,3.4905,3.467,3.459,3.4511,3.4388,3.4235,3.21,2.7642,2.3337,2.1125,1.9295,1.7748,1.6334,1.5051,1.3887,1.2723,1.1689,1.0629,1.0596,1.0563,1.053,1.0494,1.0447,1.04,1.0355,1.0317,1.0297,1.029,1.0283,1.0276,1.027,1.0263,1.0242,1.022,1.0199,1.0177,1.0156,1.0135,1.0114,1.0093,1.0072,1.0051,1.0031,1.001,0.999,0.9969,0.9949,0.9928,0.9908,0.9888,0.9868,0.9848,0.9828,0.9809,0.9789,0.9769,0.975,0.973,0.9711,0.9691,0.9672,0.9653,0.9634,0.9615,0.9596,0.9577,0.9558,0.954,0.9521,0.9502,0.9484,0.9466,0.9447,0.9429,0.9411,0.9393,0.9375,0.9357,0.9339,0.9321,0.9303,0.9285,0.9268,0.925,0.9232,0.9215,0.9198,0.918,0.9163
0.1842,0.1854,0.1865,0.1876,0.1888,0.1899,0.1911,0.1923,0.1935,0.1947,0.196,0.1972,0.1985,0.1998,0.2011,0.2024,0.2037,0.2051,0.2064,0.2078,0.2089,0.2098,0.2107,0.2116,0.2125,0.2134,0.2143,0.2153,0.2162,0.2172,0.2181,0.2189,0.2197,0.2205,0.2213,0.2221,0.2228,0.2236,0.2244,0.2253,0.2261,0.2273,0.2298,0.2323,0.2349,0.2375,0.2401,0.2429,0.2457,0.2485,0.2515,0.2545,0.2575,0.2609,0.2644,2.0091,2.0212,2.0334,2.0458,2.0584,2.0711,2.084,2.0858,2.0866,2.087,2.0843,2.081,2.0777,2.0744,2.0715,2.0687,2.0648,2.0586,2.0525,2.0464,2.0403,2.0343,2.0283,2.0223,2.0164,2.0105,2.0047,1.9989,1.9931,1.9873,1.9816,1.9759,1.9703,1.9647,1.9591,1.9535,1.948,1.9425,1.937,1.9316,1.9262,1.9208,1.9154,1.9102,1.9232,1.9465,1.9783,2.011,2.045,2.0807,2.1189,2.1565,2.1934,2.2316,2.2711,2.3137,2.3579,2.4016,2.4508,2.4938,2.5388,2.5853,2.6308,2.6779,2.7268,2.7881,2.8784,2.9356,2.9779,3.4207,3.4558,3.4917,3.5303,3.5702,3.6109,3.6526,3.6909,3.7299,3.7697,3.8104,3.8519,3.8943,3.9045,3.9239,3.9759,4.0731,4.1197,4.1674,4.2161,4.2705,4.3274,4.3859,4.4461,4.5079,4.577,4.6458,4.7085,4.7731,4.8393,4.9075,4.9776,5.0498,5.1244,5.2016,5.2812,5.3634,5.4541,5.5464,5.6376,5.5839,5.478,5.3329,3.4808,3.4623,3.4544,3.4474,3.4327,3.4168,3.0846,2.6204,2.2621,2.0549,1.8813,1.7329,1.5978,1.4723,1.3607,1.243,1.0684,1.0615,1.0581,1.0549,1.0516,1.0472,1.0425,1.0379,1.0339,1.0309,1.0291,1.0285,1.0278,1.0271,1.0265,1.0254,1.0232,1.021,1.0188,1.0166,1.0145,1.0124,1.0103,1.0082,1.0061,1.0041,1.002,0.9999,0.9979,0.9959,0.9938,0.9918,0.9898,0.9878,0.9858,0.9838,0.9818,0.9798,0.9779,0.9759,0.974,0.972,0.9701,0.9682,0.9662,0.9643,0.9624,0.9605,0.9586,0.9568,0.9549,0.953,0.9512,0.9493,0.9475,0.9456,0.9438,0.942,0.9401,0.9383,0.9365,0.9347,0.9329,0.9312,0.9294,0.9276,0.9258,0.9241,0.9223,0.9206,0.9189,0.9171,0.9154
0.1846,0.1857,0.1868,0.188,0.1891,0.1903,0.1915,0.1927,0.1939,0.1951,0.1963,0.1976,0.1989,0.2002,0.2015,0.2028,0.2041,0.2055,0.2069,0.2082,0.2091,0.2099,0.2108,0.2117,0.2126,0.2136,0.2145,0.2154,0.2163,0.2173,0.2182,0.2191,0.2199,0.2207,0.2214,0.2222,0.223,0.2238,0.2246,0.2254,0.2262,0.2281,0.2306,0.2331,0.2356,0.2383,0.241,0.2437,0.2465,0.2494,0.2524,0.2554,0.2587,0.2621,0.2656,1.9703,1.9819,1.9937,2.0056,2.0176,2.0298,2.0422,2.0547,2.0674,2.0694,2.0702,2.0706,2.0682,2.065,2.0618,2.0586,2.0558,2.053,2.0495,2.0435,2.0374,2.0314,2.0254,2.0195,2.0136,2.0077,2.0019,1.9961,1.9903,1.9846,1.9789,1.9732,1.9676,1.9619,1.9564,1.9508,1.9453,1.9399,1.9344,1.929,1.9236,1.9182,1.9129,1.9142,1.9259,1.9555,1.9876,2.0206,2.0549,2.0916,2.1297,2.1657,2.2029,2.2415,2.2814,2.3227,2.37,2.4163,2.4594,2.5012,2.5444,2.5948,2.6439,2.6916,2.7409,2.8027,2.8876,2.9425,3.2766,3.3088,3.3416,3.377,3.4135,3.4507,3.4889,3.5264,3.5647,3.6034,3.6397,3.6776,3.7163,3.7558,3.796,3.8372,3.8793,3.9224,3.9668,4.013,4.0588,4.1051,4.1524,4.2012,4.2563,4.3128,4.371,4.4307,4.4959,4.5659,4.6286,4.6909,4.755,4.8207,4.8884,4.9579,5.0295,5.1031,5.179,5.2579,5.3404,5.4306,5.4408,5.3292,3.4712,3.4576,3.4498,3.4421,3.4267,3.3992,2.9687,2.4873,2.1966,2.0004,1.8355,1.693,1.5638,1.441,1.3283,1.215,1.0633,1.06,1.0567,1.0534,1.0497,1.0451,1.0404,1.0361,1.0323,1.0301,1.0286,1.028,1.0273,1.0266,1.026,1.0243,1.0221,1.0199,1.0178,1.0156,1.0134,1.0113,1.0092,1.0071,1.0051,1.003,1.0009,0.9989,0.9969,0.9948,0.9928,0.9908,0.9888,0.9868,0.9848,0.9828,0.9808,0.9788,0.9769,0.9749,0.973,0.971,0.9691,0.9672,0.9653,0.9633,0.9614,0.9596,0.9577,0.9558,0.9539,0.9521,0.9502,0.9483,0.9465,0.9447,0.9428,0.941,0.9392,0.9374,0.9356,0.9338,0.932,0.9302,0.9285,0.9267,0.9249,0.9232,0.9214,0.9197,0.918,0.9163,0.9145
0.1849,0.1861,0.1872,0.1883,0.1895,0.1907,0.1918,0.193,0.1943,0.1955,0.1967,0.198,0.1993,0.2006,0.2019,0.2032,0.2046,0.2059,0.2073,0.2083,0.2092,0.2101,0.211,0.2119,0.2128,0.2137,0.2146,0.2155,0.2165,0.2174,0.2184,0.2193,0.2201,0.2208,0.2216,0.2224,0.2232,0.224,0.2248,0.2256,0.2264,0.2288,0.2313,0.2339,0.2365,0.2391,0.2418,0.2446,0.2474,0.2503,0.2533,0.2565,0.2598,0.2633,0.2668,1.9329,1.9441,1.9555,1.9669,1.9785,1.9902,2.0021,2.0141,2.0262,2.0385,2.051,2.0534,2.054,2.0544,2.0525,2.0493,2.0461,2.0431,2.0403,2.0375,2.0345,2.0285,2.0225,2.0166,2.0107,2.0049,1.9991,1.9933,1.9875,1.9818,1.9761,1.9705,1.9648,1.9592,1.9537,1.9482,1.9427,1.9372,1.9318,1.9264,1.921,1.9156,1.9103,1.9181,1.931,1.9644,1.9969,2.0303,2.065,2.1026,2.1387,2.175,2.2126,2.2515,2.2917,2.3334,2.3827,2.4261,2.4666,2.5087,2.5521,2.5991,2.6533,2.7053,2.7552,2.835,2.8974,2.9595,3.1737,3.2039,3.2365,3.2718,3.3052,3.3389,3.3733,3.4084,3.4442,3.4808,3.5182,3.5557,3.5909,3.627,3.6646,3.703,3.7422,3.7822,3.823,3.8649,3.9078,3.9521,3.9987,4.0447,4.0905,4.1376,4.1874,4.2423,4.2985,4.3562,4.4177,4.4855,4.5513,4.6115,4.6734,4.737,4.8022,4.8694,4.9383,5.0094,5.0824,5.1577,5.2351,5.2997,3.4616,3.453,3.4452,3.4359,3.4206,3.2793,2.8345,2.3653,2.1348,1.9486,1.7919,1.6548,1.5312,1.4109,1.2964,1.1882,1.0619,1.0586,1.0553,1.052,1.0476,1.0429,1.0384,1.0345,1.0313,1.0294,1.0281,1.0275,1.0268,1.0261,1.0254,1.0232,1.0211,1.0189,1.0167,1.0145,1.0124,1.0103,1.0082,1.0061,1.004,1.0019,0.9999,0.9978,0.9958,0.9938,0.9917,0.9897,0.9877,0.9857,0.9837,0.9818,0.9798,0.9778,0.9759,0.9739,0.972,0.97,0.9681,0.9662,0.9643,0.9624,0.9605,0.9586,0.9567,0.9548,0.953,0.9511,0.9492,0.9474,0.9456,0.9437,0.9419,0.9401,0.9383,0.9365,0.9347,0.9329,0.9311,0.9293,0.9276,0.9258,0.924,0.9223,0.9206,0.9188,0.9171,0.9154,0.9137
0.1853,0.1864,0.1875,0.1887,0.1899,0.191,0.1922,0.1934,0.1947,0.1959,0.1971,0.1984,0.1997,0.201,0.2023,0.2036,0.205,0.2064,0.2076,0.2084,0.2093,0.2102,0.2111,0.212,0.2129,0.2138,0.2147,0.2157,0.2166,0.2176,0.2185,0.2195,0.2202,0.221,0.2218,0.2226,0.2234,0.2242,0.225,0.2258,0.2272,0.2296,0.2321,0.2347,0.2373,0.2399,0.2427,0.2455,0.2483,0.2512,0.2544,0.2577,0.261,0.2645,1.8863,1.897,1.9077,1.9186,1.9297,1.9408,1.9521,1.9635,1.975,1.9867,1.9985,2.0105,2.0226,2.0349,2.0375,2.0381,2.0384,2.0369,2.0338,2.0306,2.0278,2.025,2.0223,2.0196,2.0138,2.0079,2.0021,1.9963,1.9905,1.9848,1.979,1.9734,1.9677,1.9621,1.9566,1.951,1.9455,1.94,1.9346,1.9291,1.9238,1.9184,1.913,1.9091,1.9201,1.9394,1.973,2.0064,2.0401,2.0757,2.1124,2.1478,2.1844,2.2223,2.2615,2.3022,2.3443,2.399,2.433,2.4738,2.5161,2.5599,2.6052,2.6578,2.7146,2.7696,2.8566,2.9098,2.9514,3.0771,3.1097,3.1398,3.1704,3.2014,3.2329,3.2651,3.298,3.3315,3.3657,3.4006,3.4363,3.4727,3.5093,3.5436,3.5785,3.6143,3.6517,3.6898,3.7287,3.7684,3.809,3.8506,3.8933,3.9384,3.9847,4.0306,4.0761,4.1228,4.1739,4.2283,4.2841,4.3421,4.4076,4.4749,4.5348,4.5945,4.656,4.7191,4.7838,4.8505,4.9189,4.9894,3.4747,3.4563,3.4484,3.4419,3.4298,3.4145,3.1294,2.6895,2.2876,2.0763,1.8995,1.7503,1.6184,1.4974,1.3821,1.266,1.1626,1.0605,1.0572,1.0539,1.0501,1.0454,1.0408,1.0368,1.033,1.0306,1.0287,1.0276,1.027,1.0263,1.0256,1.0244,1.0222,1.02,1.0178,1.0157,1.0135,1.0113,1.0092,1.0071,1.005,1.0029,1.0009,0.9988,0.9968,0.9948,0.9927,0.9907,0.9887,0.9867,0.9847,0.9827,0.9807,0.9788,0.9768,0.9749,0.9729,0.971,0.969,0.9671,0.9652,0.9633,0.9614,0.9595,0.9576,0.9557,0.9539,0.952,0.9501,0.9483,0.9465,0.9446,0.9428,0.941,0.9392,0.9374,0.9355,0.9338,0.932,0.9302,0.9284,0.9267,0.9249,0.9231,0.9214,0.9197,0.9179,0.9162,0.9145,0.9128
0.1856,0.1868,0.1879,0.1891,0.1902,0.1914,0.1926,0.1938,0.195,0.1963,0.1975,0.1988,0.2001,0.2014,0.2027,0.2041,0.2054,0.2068,0.2077,0.2086,0.2094,0.2103,0.2112,0.2121,0.213,0.214,0.2149,0.2158,0.2168,0.2177,0.2187,0.2196,0.2204,0.2212,0.222,0.2227,0.2235,0.2243,0.2252,0.226,0.2279,0.2304,0.2329,0.2354,0.2381,0.2408,0.2435,0.2463,0.2492,0.2523,0.2555,0.2588,0.2622,0.2657,1.8521,1.8623,1.8727,1.8832,1.8938,1.9046,1.9154,1.9264,1.9375,1.9488,1.9601,1.9716,1.9833,1.9951,2.007,2.0191,2.022,2.0224,2.0227,2.0216,2.0185,2.0154,2.0127,2.01,2.0073,2.0046,1.9993,1.9935,1.9877,1.982,1.9763,1.9707,1.965,1.9594,1.9539,1.9483,1.9428,1.9374,1.9319,1.9266,1.9211,1.9158,1.9105,1.9129,1.9214,1.9478,1.9818,2.0159,2.05,2.0866,2.1213,2.157,2.1939,2.2321,2.2717,2.3127,2.3552,2.4002,2.44,2.4811,2.5236,2.5677,2.6133,2.6622,2.7192,2.7786,2.8424,2.8789,2.9184,2.965,3.0181,3.0461,3.0746,3.1038,3.1334,3.1637,3.1945,3.226,3.2581,3.2907,3.3241,3.3582,3.3929,3.4284,3.464,3.4974,3.5315,3.5662,3.6018,3.6389,3.6767,3.7153,3.7548,3.7951,3.8365,3.8797,3.9246,3.9706,4.0166,4.0618,4.1082,4.1603,4.2145,4.2699,4.3323,4.3975,4.4605,4.5184,4.5777,4.6387,4.7013,4.7656,3.4726,3.4518,3.4438,3.4393,3.4237,3.4031,3.0101,2.5495,2.2207,2.0209,1.8528,1.7105,1.5835,1.465,1.3545,1.237,1.0632,1.059,1.0557,1.0525,1.0479,1.0433,1.0391,1.0352,1.0317,1.0299,1.028,1.0271,1.0264,1.0258,1.0251,1.0233,1.0211,1.019,1.0168,1.0146,1.0125,1.0103,1.0081,1.006,1.0039,1.0019,0.9998,0.9978,0.9957,0.9937,0.9917,0.9897,0.9877,0.9857,0.9837,0.9817,0.9797,0.9778,0.9758,0.9739,0.9719,0.97,0.9681,0.9661,0.9642,0.9623,0.9604,0.9585,0.9566,0.9548,0.9529,0.951,0.9492,0.9474,0.9455,0.9437,0.9419,0.94,0.9382,0.9364,0.9346,0.9328,0.9311,0.9293,0.9275,0.9258,0.924,0.9222,0.9205,0.9188,0.917,0.9153,0.9136,0.9119
0.1860,0.1871,0.1883,0.1894,0.1906,0.1918,0.193,0.1942,0.1954,0.1967,0.1979,0.1992,0.2005,0.2018,0.2032,0.2045,0.2059,0.2069,0.2078,0.2087,0.2096,0.2105,0.2114,0.2123,0.2132,0.2141,0.215,0.2159,0.2169,0.2178,0.2188,0.2198,0.2206,0.2213,0.2221,0.2229,0.2237,0.2245,0.2253,0.2262,0.2287,0.2311,0.2337,0.2362,0.2389,0.2416,0.2444,0.2472,0.2502,0.2534,0.2566,0.26,0.2634,1.8094,1.819,1.8289,1.8389,1.849,1.8593,1.8696,1.8801,1.8907,1.9014,1.9122,1.9232,1.9342,1.9454,1.9568,1.9682,1.9798,1.9916,2.0035,2.0066,2.0069,2.0073,2.0065,2.0035,2.0005,1.9978,1.9952,1.9925,1.9899,1.9849,1.9792,1.9736,1.9679,1.9623,1.9568,1.9512,1.9457,1.9402,1.9348,1.9293,1.9239,1.9186,1.9132,1.9079,1.9143,1.9233,1.9564,1.9906,2.0256,2.0601,2.0954,2.1302,2.1662,2.2035,2.242,2.2819,2.3233,2.3656,2.4053,2.4458,2.4882,2.5312,2.5755,2.6214,2.6689,2.7238,2.7725,2.8089,2.8462,2.8798,2.9054,2.9314,2.9578,2.9846,3.012,3.0399,3.0683,3.0973,3.1269,3.157,3.1877,3.2191,3.251,3.2835,3.3167,3.3507,3.3853,3.42,3.4525,3.4856,3.5194,3.5539,3.5894,3.6261,3.6637,3.7021,3.7414,3.7813,3.8229,3.8665,3.9111,3.9567,4.0027,4.0476,4.0945,4.147,4.2006,4.2596,4.3225,4.3874,4.4447,4.5022,4.5611,3.463,3.4472,3.4393,3.4331,3.4177,3.3642,2.8996,2.3934,2.1575,1.9682,1.8084,1.6726,1.5501,1.4339,1.3215,1.2093,1.0609,1.0576,1.0543,1.0505,1.0458,1.0414,1.0375,1.0336,1.031,1.0291,1.0273,1.0266,1.0259,1.0253,1.0244,1.0222,1.0201,1.0179,1.0158,1.0136,1.0114,1.0093,1.0071,1.005,1.0029,1.0008,0.9988,0.9967,0.9947,0.9927,0.9907,0.9886,0.9866,0.9847,0.9827,0.9807,0.9787,0.9768,0.9748,0.9729,0.9709,0.969,0.9671,0.9651,0.9632,0.9613,0.9594,0.9576,0.9557,0.9538,0.9519,0.9501,0.9482,0.9464,0.9446,0.9427,0.9409,0.9391,0.9373,0.9355,0.9337,0.9319,0.9301,0.9284,0.9266,0.9248,0.9231,0.9213,0.9196,0.9179,0.9162,0.9144,0.9127,0.911
0.1864,0.1875,0.1886,0.1898,0.191,0.1922,0.1934,0.1946,0.1958,0.1971,0.1983,0.1996,0.2009,0.2022,0.2036,0.2049,0.2062,0.2071,0.2079,0.2088,0.2097,0.2106,0.2115,0.2124,0.2133,0.2142,0.2151,0.2161,0.217,0.218,0.2189,0.2199,0.2207,0.2215,0.2223,0.2231,0.2239,0.2247,0.2255,0.227,0.2294,0.2319,0.2345,0.2371,0.2397,0.2424,0.2452,0.2482,0.2513,0.2545,0.2578,0.2612,0.2647,1.7778,1.7873,1.7968,1.8063,1.8161,1.826,1.836,1.846,1.8562,1.8666,1.877,1.8875,1.8982,1.909,1.9199,1.9309,1.9421,1.9534,1.9648,1.9764,1.9881,1.9913,1.9917,1.992,1.9917,1.9887,1.9858,1.9832,1.9806,1.978,1.9754,1.9708,1.9652,1.9596,1.9541,1.9485,1.943,1.9376,1.9321,1.9267,1.9213,1.916,1.9106,1.9072,1.9156,1.9316,1.965,1.9995,2.0353,2.0701,2.1041,2.1392,2.1755,2.2123,2.2499,2.2888,2.3284,2.3652,2.4043,2.4446,2.4864,2.5296,2.5744,2.6207,2.6634,2.6955,2.7283,2.7537,2.7771,2.8008,2.825,2.8495,2.8746,2.9,2.9258,2.9522,2.9786,3.0059,3.0337,3.0621,3.091,3.1204,3.1504,3.181,3.2122,3.2439,3.2763,3.3094,3.3432,3.377,3.4087,3.441,3.4739,3.5075,3.5417,3.577,3.6135,3.6507,3.689,3.7278,3.7677,3.81,3.8533,3.8976,3.943,3.9889,4.0335,4.0816,4.1336,4.1893,4.2501,4.3128,3.4836,3.4575,3.4427,3.4365,3.427,3.4116,3.2187,2.7623,2.3172,2.0979,1.9181,1.766,1.6362,1.518,1.4042,1.2899,1.1828,1.0595,1.0562,1.0529,1.0483,1.0437,1.0397,1.0359,1.0323,1.0303,1.0284,1.0268,1.0261,1.0254,1.0248,1.0234,1.0212,1.019,1.0169,1.0147,1.0126,1.0104,1.0083,1.0061,1.004,1.0018,0.9998,0.9977,0.9957,0.9937,0.9916,0.9896,0.9876,0.9856,0.9836,0.9816,0.9797,0.9777,0.9757,0.9738,0.9719,0.9699,0.968,0.9661,0.9642,0.9623,0.9604,0.9585,0.9566,0.9547,0.9529,0.951,0.9491,0.9473,0.9455,0.9436,0.9418,0.94,0.9382,0.9364,0.9346,0.9328,0.931,0.9292,0.9275,0.9257,0.9239,0.9222,0.9205,0.9187,0.917,0.9153,0.9136,0.9118,0.9101
0.1867,0.1878,0.189,0.1902,0.1913,0.1925,0.1937,0.195,0.1962,0.1975,0.1987,0.2,0.2013,0.2027,0.204,0.2054,0.2063,0.2072,0.2081,0.2089,0.2098,0.2107,0.2116,0.2125,0.2134,0.2143,0.2153,0.2162,0.2172,0.2181,0.2191,0.22,0.2209,0.2217,0.2225,0.2233,0.2241,0.2249,0.2257,0.2277,0.2302,0.2327,0.2352,0.2379,0.2406,0.2433,0.2461,0.2492,0.2524,0.2556,0.259,0.2624,0.2659,1.7473,1.7565,1.7657,1.775,1.7843,1.7938,1.8035,1.8132,1.8231,1.833,1.8431,1.8532,1.8635,1.8739,1.8844,1.895,1.9058,1.9167,1.9277,1.9388,1.9501,1.9614,1.973,1.9763,1.9767,1.977,1.977,1.9741,1.9713,1.9687,1.9662,1.9636,1.9611,1.9569,1.9514,1.9459,1.9404,1.9349,1.9295,1.9241,1.9188,1.9134,1.9076,1.9068,1.917,1.94,1.9737,2.0085,2.0446,2.0777,2.1108,2.145,2.1804,2.2169,2.2546,2.291,2.3263,2.3641,2.4032,2.4435,2.4852,2.5283,2.5595,2.5891,2.6171,2.6382,2.6596,2.6814,2.7035,2.726,2.7489,2.7721,2.7958,2.8199,2.8443,2.8693,2.8946,2.9204,2.9466,2.9727,2.9999,3.0276,3.0558,3.0846,3.1139,3.1438,3.1742,3.2053,3.2369,3.2692,3.3021,3.3351,3.366,3.3975,3.4296,3.4623,3.4957,3.5296,3.5647,3.6009,3.6381,3.6762,3.7145,3.7551,3.7972,3.8402,3.8842,3.9292,3.9752,4.0195,4.0686,4.1213,3.4724,3.4548,3.4383,3.4344,3.4209,3.4034,3.074,2.5923,2.2453,2.0414,1.8705,1.7255,1.6015,1.4873,1.3756,1.2598,1.1574,1.0581,1.0548,1.0508,1.0462,1.042,1.0381,1.0343,1.0315,1.0296,1.0277,1.0263,1.0256,1.0249,1.0243,1.0223,1.0201,1.018,1.0158,1.0137,1.0115,1.0094,1.0072,1.0051,1.003,1.0008,0.9987,0.9967,0.9946,0.9926,0.9906,0.9886,0.9866,0.9846,0.9826,0.9806,0.9787,0.9767,0.9747,0.9728,0.9709,0.9689,0.967,0.9651,0.9632,0.9613,0.9594,0.9575,0.9556,0.9538,0.9519,0.95,0.9482,0.9464,0.9445,0.9427,0.9409,0.9391,0.9372,0.9354,0.9337,0.9319,0.9301,0.9283,0.9266,0.9248,0.923,0.9213,0.9196,0.9178,0.9161,0.9144,0.9127,0.911,0.9093
0.1871,0.1882,0.1894,0.1905,0.1917,0.1929,0.1941,0.1954,0.1966,0.1979,0.1991,0.2004,0.2018,0.2031,0.2044,0.2056,0.2065,0.2073,0.2082,0.2091,0.21,0.2108,0.2117,0.2126,0.2136,0.2145,0.2154,0.2164,0.2173,0.2183,0.2192,0.2202,0.2211,0.2219,0.2227,0.2234,0.2243,0.2251,0.226,0.2285,0.2309,0.2335,0.236,0.2387,0.2414,0.2442,0.2472,0.2503,0.2535,0.2568,0.2601,0.2636,1.7091,1.7179,1.7267,1.7356,1.7446,1.7538,1.7628,1.7721,1.7815,1.791,1.8006,1.8103,1.8201,1.8301,1.8401,1.8502,1.8605,1.8708,1.8813,1.8919,1.9026,1.9135,1.9244,1.9355,1.9467,1.9581,1.9616,1.9619,1.9623,1.9626,1.9597,1.9571,1.9545,1.952,1.9495,1.9469,1.9432,1.9377,1.9323,1.9269,1.9215,1.9161,1.9101,1.904,1.908,1.9187,1.9503,1.9846,2.0202,2.0503,2.0817,2.115,2.1493,2.1848,2.2215,2.2547,2.2887,2.3253,2.3631,2.4021,2.4347,2.4635,2.4909,2.5125,2.5319,2.5517,2.5717,2.592,2.6127,2.6337,2.6551,2.6768,2.6988,2.7213,2.744,2.7672,2.7908,2.8148,2.8392,2.864,2.8893,2.9149,2.9409,2.9668,2.9939,3.0215,3.0496,3.0782,3.1074,3.1372,3.1675,3.1984,3.23,3.2621,3.2942,3.3244,3.3551,3.3864,3.4183,3.4508,3.4839,3.5176,3.5524,3.5885,3.6256,3.6629,3.7018,3.7427,3.7845,3.8272,3.8709,3.9156,3.9614,3.4683,3.4511,3.434,3.4303,3.4148,3.3894,2.9417,2.4221,2.1808,1.9879,1.8251,1.6869,1.5681,1.4577,1.3476,1.2311,1.0599,1.0566,1.0534,1.0487,1.0443,1.0404,1.0365,1.0329,1.0307,1.0289,1.027,1.0258,1.0251,1.0244,1.0234,1.0213,1.0191,1.0169,1.0148,1.0126,1.0105,1.0084,1.0062,1.0041,1.002,0.9998,0.9977,0.9956,0.9936,0.9916,0.9896,0.9876,0.9856,0.9836,0.9816,0.9796,0.9777,0.9757,0.9737,0.9718,0.9699,0.9679,0.966,0.9641,0.9622,0.9603,0.9584,0.9565,0.9547,0.9528,0.9509,0.9491,0.9472,0.9454,0.9436,0.9418,0.9399,0.9381,0.9363,0.9345,0.9327,0.931,0.9292,0.9274,0.9256,0.9239,0.9221,0.9204,0.9187,0.9169,0.9152,0.9135,0.9118,0.9101,0.9084
0.1874,0.1886,0.1897,0.1909,0.1921,0.1933,0.1945,0.1958,0.197,0.1983,0.1996,0.2009,0.2022,0.2035,0.2049,0.2057,0.2066,0.2074,0.2083,0.2092,0.2101,0.211,0.2119,0.2128,0.2137,0.2146,0.2155,0.2165,0.2174,0.2184,0.2194,0.2203,0.2213,0.222,0.2228,0.2236,0.2244,0.2252,0.2268,0.2292,0.2317,0.2343,0.2369,0.2395,0.2422,0.2452,0.2483,0.2514,0.2546,0.2579,0.2613,0.2648,1.6809,1.6894,1.6979,1.7066,1.7153,1.7241,1.733,1.7418,1.7509,1.7601,1.7694,1.7787,1.7882,1.7978,1.8075,1.8172,1.8271,1.8371,1.8472,1.8574,1.8678,1.8782,1.8888,1.8994,1.9103,1.9212,1.9322,1.9434,1.947,1.9474,1.9477,1.9481,1.9455,1.943,1.9405,1.938,1.9355,1.933,1.9297,1.9243,1.9188,1.9126,1.9065,1.8999,1.9101,1.9286,1.9615,1.9963,2.0278,2.0539,2.0858,2.1192,2.1537,2.1883,2.2196,2.2524,2.2878,2.3209,2.3478,2.3744,2.3983,2.416,2.4339,2.4522,2.4706,2.4894,2.5085,2.5279,2.5475,2.5675,2.5877,2.6083,2.6293,2.6506,2.6722,2.6942,2.7165,2.7393,2.7623,2.7858,2.8097,2.834,2.8588,2.8839,2.9095,2.9352,2.961,2.988,3.0155,3.0434,3.0719,3.101,3.1306,3.1608,3.1916,3.223,3.2543,3.2838,3.3137,3.3442,3.3753,3.407,3.4393,3.4722,3.5057,3.5403,3.5762,3.613,3.65,3.6897,3.7303,3.7718,3.8143,3.4687,3.4454,3.4328,3.4242,3.4087,3.301,2.8337,2.3457,2.1198,1.937,1.782,1.65,1.5362,1.4269,1.3147,1.2036,1.0585,1.0552,1.0512,1.0466,1.0427,1.0388,1.0349,1.0319,1.03,1.0282,1.0263,1.0253,1.0246,1.0239,1.0224,1.0202,1.018,1.0159,1.0137,1.0116,1.0095,1.0073,1.0052,1.0031,1.0009,0.9988,0.9967,0.9946,0.9926,0.9905,0.9885,0.9865,0.9845,0.9826,0.9806,0.9786,0.9766,0.9747,0.9727,0.9708,0.9689,0.967,0.965,0.9631,0.9612,0.9593,0.9575,0.9556,0.9537,0.9518,0.95,0.9481,0.9463,0.9445,0.9426,0.9408,0.939,0.9372,0.9354,0.9336,0.9318,0.93,0.9283,0.9265,0.9247,0.923,0.9213,0.9195,0.9178,0.9161,0.9143,0.9126,0.9109,0.9092,0.9075
0.1878,0.1889,0.1901,0.1913,0.1925,0.1937,0.1949,0.1961,0.1974,0.1987,0.2,0.2013,0.2026,0.2039,0.205,0.2059,0.2067,0.2076,0.2084,0.2093,0.2102,0.2111,0.212,0.2129,0.2138,0.2148,0.2157,0.2166,0.2176,0.2185,0.2195,0.2205,0.2214,0.2222,0.223,0.2238,0.2246,0.2254,0.2275,0.23,0.2325,0.235,0.2377,0.2403,0.2433,0.2463,0.2494,0.2525,0.2558,0.2591,0.2625,1.6456,1.6537,1.6619,1.6701,1.6785,1.6869,1.6954,1.704,1.7127,1.7214,1.7302,1.7392,1.7482,1.7574,1.7666,1.776,1.7854,1.7949,1.8046,1.8143,1.8242,1.8342,1.8442,1.8544,1.8647,1.8751,1.8856,1.8963,1.907,1.9174,1.9267,1.9325,1.9331,1.9334,1.9337,1.9316,1.9292,1.9267,1.9242,1.9218,1.9191,1.9151,1.9089,1.9028,1.902,1.9139,1.9397,1.9729,2.0058,2.0313,2.0575,2.0898,2.1234,2.1552,2.1856,2.2171,2.2418,2.2669,2.2915,2.3102,2.3266,2.3432,2.3601,2.3772,2.3946,2.4122,2.4301,2.4483,2.4668,2.4855,2.5045,2.5237,2.5433,2.5633,2.5835,2.604,2.6249,2.6461,2.6676,2.6895,2.7118,2.7344,2.7574,2.7809,2.8047,2.8289,2.8535,2.8786,2.9041,2.9295,2.9552,2.982,3.0094,3.0373,3.0657,3.0946,3.1241,3.1542,3.1848,3.2154,3.2441,3.2734,3.3032,3.3335,3.3644,3.3958,3.4279,3.4606,3.4939,3.5284,3.5644,3.6002,3.6382,3.4939,3.4608,3.439,3.4316,3.4181,3.4027,3.1602,2.5939,2.2707,2.0622,1.8884,1.7408,1.6146,1.505,1.3975,1.2835,1.1774,1.0571,1.0538,1.049,1.045,1.0411,1.0372,1.0336,1.0312,1.0293,1.0274,1.0256,1.0247,1.0241,1.0234,1.0213,1.0191,1.017,1.0148,1.0127,1.0106,1.0084,1.0063,1.0042,1.0021,0.9999,0.9978,0.9957,0.9936,0.9915,0.9895,0.9875,0.9855,0.9835,0.9815,0.9796,0.9776,0.9756,0.9737,0.9717,0.9698,0.9679,0.966,0.9641,0.9621,0.9603,0.9584,0.9565,0.9546,0.9527,0.9509,0.949,0.9472,0.9454,0.9435,0.9417,0.9399,0.9381,0.9363,0.9345,0.9327,0.9309,0.9291,0.9274,0.9256,0.9238,0.9221,0.9204,0.9186,0.9169,0.9152,0.9135,0.9117,0.91,0.9083,0.9067
0.1881,0.1893,0.1905,0.1917,0.1929,0.1941,0.1953,0.1965,0.1978,0.1991,0.2004,0.2017,0.203,0.2043,0.2051,0.206,0.2068,0.2077,0.2086,0.2094,0.2103,0.2112,0.2121,0.213,0.214,0.2149,0.2158,0.2168,0.2177,0.2187,0.2196,0.2206,0.2216,0.2224,0.2232,0.224,0.2248,0.2259,0.2283,0.2307,0.2333,0.2358,0.2385,0.2413,0.2443,0.2473,0.2505,0.2537,0.2569,0.2603,0.2637,1.6194,1.6272,1.6352,1.6432,1.6512,1.6594,1.6676,1.676,1.6844,1.6929,1.7014,1.71,1.7188,1.7276,1.7365,1.7456,1.7547,1.7639,1.7732,1.7826,1.7921,1.8017,1.8115,1.8213,1.8312,1.8412,1.8514,1.8617,1.872,1.881,1.89,1.899,1.9081,1.9172,1.9181,1.9191,1.9196,1.9179,1.9155,1.9127,1.9097,1.9065,1.9033,1.8992,1.9045,1.9195,1.9509,1.9843,2.0093,2.0349,2.0613,2.0939,2.1231,2.1479,2.1715,2.1915,2.2132,2.2283,2.2436,2.259,2.2747,2.2906,2.3067,2.3231,2.3397,2.3565,2.3736,2.3909,2.4085,2.4264,2.4445,2.4628,2.4815,2.5005,2.5197,2.5392,2.559,2.5792,2.5997,2.6205,2.6416,2.6631,2.6849,2.7071,2.7297,2.7526,2.7759,2.7997,2.8238,2.8484,2.8733,2.8985,2.9238,2.9494,2.9761,3.0034,3.0311,3.0594,3.0882,3.1176,3.1475,3.1774,3.2054,3.2339,3.2631,3.2927,3.3228,3.3535,3.3847,3.4166,3.449,3.4822,3.501,3.4721,3.4541,3.4346,3.4194,3.4113,3.3898,3.0206,2.4516,2.2045,2.0076,1.8423,1.7015,1.5807,1.4748,1.3692,1.2537,1.1522,1.0557,1.0516,1.0473,1.0434,1.0395,1.0356,1.0324,1.0305,1.0286,1.0267,1.0249,1.0242,1.0236,1.0224,1.0203,1.0181,1.0159,1.0138,1.0116,1.0095,1.0074,1.0053,1.0032,1.0011,0.9989,0.9968,0.9947,0.9926,0.9905,0.9885,0.9865,0.9845,0.9825,0.9805,0.9785,0.9766,0.9746,0.9727,0.9708,0.9688,0.9669,0.965,0.9631,0.9612,0.9593,0.9574,0.9555,0.9537,0.9518,0.9499,0.9481,0.9462,0.9444,0.9426,0.9408,0.939,0.9371,0.9353,0.9336,0.9318,0.93,0.9282,0.9265,0.9247,0.9229,0.9212,0.9195,0.9177,0.916,0.9143,0.9126,0.9109,0.9092,0.9075,0.9058
0.1885,0.1897,0.1908,0.192,0.1932,0.1945,0.1957,0.1969,0.1982,0.1995,0.2008,0.2021,0.2034,0.2044,0.2052,0.2061,0.207,0.2078,0.2087,0.2096,0.2105,0.2114,0.2123,0.2132,0.2141,0.215,0.216,0.2169,0.2178,0.2188,0.2198,0.2208,0.2217,0.2226,0.2234,0.2242,0.225,0.2266,0.229,0.2315,0.2341,0.2367,0.2395,0.2424,0.2454,0.2484,0.2516,0.2548,0.2581,0.2615,0.265,1.594,1.6016,1.6093,1.6171,1.6249,1.6328,1.6408,1.6489,1.657,1.6652,1.6735,1.6819,1.6903,1.6988,1.7074,1.7162,1.725,1.7339,1.7429,1.752,1.7612,1.7704,1.7798,1.7893,1.7989,1.8086,1.8184,1.8283,1.8374,1.846,1.8546,1.8632,1.872,1.8808,1.8898,1.8988,1.9031,1.9041,1.905,1.9033,1.9004,1.8973,1.8941,1.8944,1.9039,1.9284,1.9573,1.9824,2.0084,2.0351,2.0609,2.0829,2.1051,2.1277,2.1384,2.152,2.1662,2.1807,2.1953,2.2101,2.2251,2.2403,2.2558,2.2714,2.2873,2.3034,2.3197,2.3362,2.353,2.37,2.3873,2.4048,2.4226,2.4407,2.459,2.4776,2.4964,2.5157,2.5351,2.5549,2.575,2.5954,2.6161,2.6372,2.6586,2.6803,2.7024,2.7249,2.7478,2.771,2.7946,2.8187,2.8431,2.868,2.893,2.9181,2.9437,2.9702,2.9974,3.025,3.0532,3.0819,3.1111,3.1402,3.1676,3.1955,3.2239,3.2528,3.2822,3.3122,3.3426,3.3737,3.4053,3.4362,3.4317,3.4279,3.405,3.3982,3.3452,2.8928,2.3733,2.1423,1.9559,1.7983,1.6639,1.5483,1.4458,1.3405,1.2252,1.0575,1.0541,1.0496,1.0457,1.0418,1.0379,1.0342,1.0316,1.0297,1.0279,1.026,1.0244,1.0237,1.0231,1.0214,1.0192,1.017,1.0149,1.0127,1.0106,1.0085,1.0064,1.0043,1.0022,1.0001,0.9979,0.9958,0.9937,0.9916,0.9896,0.9875,0.9854,0.9835,0.9815,0.9795,0.9775,0.9756,0.9736,0.9717,0.9698,0.9678,0.9659,0.964,0.9621,0.9602,0.9583,0.9564,0.9546,0.9527,0.9508,0.949,0.9471,0.9453,0.9435,0.9416,0.9398,0.938,0.9362,0.9344,0.9326,0.9309,0.9291,0.9273,0.9256,0.9238,0.922,0.9203,0.9186,0.9168,0.9151,0.9134,0.9117,0.91,0.9083,0.9066,0.9049
0.1889,0.19,0.1912,0.1924,0.1936,0.1948,0.1961,0.1973,0.1986,0.1999,0.2012,0.2025,0.2037,0.2045,0.2054,0.2062,0.2071,0.2079,0.2088,0.2097,0.2106,0.2115,0.2124,0.2133,0.2142,0.2152,0.2161,0.217,0.218,0.2189,0.2199,0.2209,0.2219,0.2227,0.2235,0.2243,0.2251,0.2273,0.2298,0.2323,0.2348,0.2376,0.2405,0.2434,0.2464,0.2495,0.2527,0.2559,0.2593,0.2627,1.5622,1.5695,1.5769,1.5843,1.5918,1.5994,1.607,1.6147,1.6226,1.6305,1.6384,1.6465,1.6546,1.6628,1.671,1.6793,1.6877,1.6963,1.7049,1.7136,1.7224,1.7313,1.7402,1.7493,1.7584,1.7677,1.777,1.7865,1.7959,1.804,1.8122,1.8205,1.8288,1.8373,1.8458,1.8544,1.8631,1.8718,1.8806,1.8884,1.8893,1.8888,1.8875,1.8859,1.8873,1.8956,1.9221,1.9439,1.9688,1.9944,2.017,2.038,2.0583,2.0755,2.0823,2.0944,2.1074,2.1211,2.1349,2.1489,2.1631,2.1775,2.1921,2.2069,2.2219,2.2371,2.2525,2.2681,2.2839,2.3,2.3162,2.3327,2.3494,2.3664,2.3837,2.4011,2.4188,2.4368,2.4551,2.4737,2.4925,2.5116,2.531,2.5507,2.5707,2.5911,2.6117,2.6327,2.6541,2.6757,2.6978,2.7202,2.743,2.7661,2.7897,2.8136,2.838,2.8628,2.8874,2.9125,2.9379,2.9643,2.9914,3.0189,3.0469,3.0755,3.104,3.1308,3.158,3.1857,3.2139,3.2426,3.2718,3.3015,3.3314,3.3599,3.386,3.3865,3.3831,3.2401,2.5956,2.2999,2.0834,1.9067,1.7564,1.628,1.5171,1.4179,1.3081,1.198,1.0561,1.052,1.048,1.0441,1.0401,1.0363,1.0329,1.0309,1.029,1.0272,1.0253,1.0239,1.0232,1.0225,1.0203,1.0182,1.016,1.0138,1.0117,1.0096,1.0075,1.0054,1.0032,1.0012,0.9991,0.997,0.9948,0.9928,0.9907,0.9886,0.9865,0.9845,0.9824,0.9805,0.9785,0.9765,0.9746,0.9726,0.9707,0.9688,0.9668,0.9649,0.963,0.9611,0.9592,0.9573,0.9555,0.9536,0.9517,0.9499,0.948,0.9462,0.9444,0.9425,0.9407,0.9389,0.9371,0.9353,0.9335,0.9317,0.9299,0.9282,0.9264,0.9246,0.9229,0.9212,0.9194,0.9177,0.916,0.9142,0.9125,0.9108,0.9091,0.9074,0.9057,0.9041
0.1892,0.1904,0.1916,0.1928,0.194,0.1952,0.1965,0.1977,0.199,0.2003,0.2016,0.2029,0.2038,0.2046,0.2055,0.2063,0.2072,0.2081,0.2089,0.2098,0.2107,0.2116,0.2125,0.2134,0.2144,0.2153,0.2162,0.2172,0.2181,0.2191,0.2201,0.221,0.222,0.2229,0.2237,0.2245,0.2257,0.2281,0.2306,0.2331,0.2357,0.2386,0.2415,0.2444,0.2475,0.2506,0.2538,0.2571,0.2604,0.2639,1.5386,1.5457,1.5528,1.56,1.5673,1.5747,1.5821,1.5896,1.5971,1.6048,1.6125,1.6203,1.6281,1.6361,1.6441,1.6521,1.6603,1.6685,1.6768,1.6853,1.6938,1.7023,1.711,1.7198,1.7286,1.7376,1.7466,1.7557,1.7639,1.7717,1.7796,1.7876,1.7957,1.8038,1.812,1.8203,1.8287,1.8371,1.8456,1.8542,1.8629,1.8716,1.874,1.8766,1.8798,1.8899,1.9107,1.9307,1.9551,1.9745,1.9904,2.0065,2.0176,2.0289,2.0405,2.0522,2.0647,2.0777,2.091,2.1045,2.1181,2.1319,2.1459,2.16,2.1744,2.1889,2.2037,2.2187,2.2338,2.2492,2.2648,2.2806,2.2966,2.3128,2.3293,2.3459,2.3628,2.38,2.3975,2.4151,2.4331,2.4513,2.4698,2.4885,2.5076,2.5269,2.5465,2.5665,2.5868,2.6074,2.6283,2.6495,2.6712,2.6931,2.7154,2.7381,2.7612,2.7847,2.8086,2.8329,2.8574,2.8819,2.9068,2.9322,2.9585,2.9854,3.0129,3.0408,3.0685,3.0947,3.1213,3.1484,3.1759,3.2039,3.2325,3.2598,3.2869,3.3177,3.268,3.1039,2.4818,2.2288,2.0277,1.8597,1.7164,1.5936,1.4871,1.3908,1.2771,1.172,1.0545,1.0503,1.0464,1.0424,1.0385,1.0349,1.0321,1.0302,1.0283,1.0264,1.0246,1.0234,1.0227,1.0214,1.0193,1.0171,1.015,1.0128,1.0107,1.0086,1.0064,1.0043,1.0022,1.0001,0.9981,0.996,0.9939,0.9918,0.9897,0.9876,0.9855,0.9835,0.9814,0.9794,0.9775,0.9755,0.9736,0.9716,0.9697,0.9678,0.9659,0.9639,0.962,0.9602,0.9583,0.9564,0.9545,0.9526,0.9508,0.9489,0.9471,0.9452,0.9434,0.9416,0.9398,0.938,0.9362,0.9344,0.9326,0.9308,0.929,0.9273,0.9255,0.9237,0.922,0.9203,0.9185,0.9168,0.9151,0.9134,0.9116,0.9099,0.9083,0.9066,0.9049,0.9032
0.1896,0.1908,0.192,0.1932,0.1944,0.1956,0.1969,0.1981,0.1994,0.2007,0.202,0.2031,0.2039,0.2048,0.2056,0.2065,0.2073,0.2082,0.2091,0.21,0.2109,0.2118,0.2127,0.2136,0.2145,0.2154,0.2164,0.2173,0.2183,0.2192,0.2202,0.2212,0.2222,0.2231,0.2239,0.2247,0.2264,0.2288,0.2313,0.2339,0.2367,0.2396,0.2425,0.2455,0.2486,0.2517,0.2549,0.2582,0.2616,0.2651,1.5157,1.5226,1.5295,1.5365,1.5436,1.5507,1.5579,1.5652,1.5725,1.5799,1.5874,1.5949,1.6025,1.6102,1.618,1.6258,1.6337,1.6416,1.6497,1.6578,1.6661,1.6744,1.6828,1.6912,1.6998,1.7084,1.7172,1.7255,1.733,1.7406,1.7482,1.7559,1.7637,1.7715,1.7795,1.7875,1.7955,1.8036,1.8118,1.8201,1.8285,1.8376,1.8471,1.8567,1.8682,1.8802,1.8925,1.9107,1.9268,1.9419,1.9573,1.9675,1.9783,1.9893,2.0004,2.0116,2.0236,2.0362,2.0489,2.0618,2.0749,2.0881,2.1015,2.1151,2.1289,2.1428,2.157,2.1713,2.1858,2.2005,2.2154,2.2305,2.2458,2.2614,2.2771,2.2931,2.3093,2.3257,2.3424,2.3593,2.3764,2.3938,2.4114,2.4293,2.4474,2.4658,2.4845,2.5036,2.5228,2.5424,2.5623,2.5825,2.603,2.6239,2.6451,2.6666,2.6885,2.7108,2.7334,2.7564,2.7797,2.8036,2.8277,2.8519,2.8764,2.9013,2.9265,2.9526,2.9795,3.0068,3.0339,3.0594,3.0854,3.1119,3.1388,3.1657,3.1911,3.216,3.1992,3.0019,2.4016,2.1652,1.9749,1.8149,1.6781,1.5606,1.4584,1.3628,1.2476,1.1471,1.0527,1.0487,1.0447,1.0408,1.0369,1.0335,1.0314,1.0295,1.0276,1.0257,1.0239,1.0229,1.0222,1.0204,1.0182,1.0161,1.0139,1.0118,1.0096,1.0075,1.0054,1.0033,1.0012,0.9991,0.997,0.995,0.9929,0.9908,0.9887,0.9866,0.9846,0.9825,0.9805,0.9784,0.9765,0.9745,0.9726,0.9706,0.9687,0.9668,0.9649,0.963,0.9611,0.9592,0.9573,0.9554,0.9535,0.9517,0.9498,0.948,0.9461,0.9443,0.9425,0.9407,0.9388,0.937,0.9352,0.9335,0.9317,0.9299,0.9281,0.9264,0.9246,0.9228,0.9211,0.9194,0.9176,0.9159,0.9142,0.9125,0.9108,0.9091,0.9074,0.9057,0.904,0.9023
0.1900,0.1912,0.1923,0.1936,0.1948,0.196,0.1973,0.1985,0.1998,0.2011,0.2024,0.2032,0.204,0.2049,0.2057,0.2066,0.2075,0.2083,0.2092,0.2101,0.211,0.2119,0.2128,0.2137,0.2146,0.2156,0.2165,0.2174,0.2184,0.2194,0.2203,0.2213,0.2223,0.2233,0.2241,0.2249,0.2271,0.2296,0.2322,0.2349,0.2377,0.2406,0.2435,0.2465,0.2496,0.2528,0.2561,0.2594,0.2628,1.4869,1.4935,1.5002,1.5069,1.5137,1.5205,1.5275,1.5344,1.5415,1.5486,1.5558,1.563,1.5703,1.5777,1.5852,1.5927,1.6003,1.6079,1.6156,1.6234,1.6313,1.6393,1.6473,1.6554,1.6636,1.6719,1.6803,1.6887,1.696,1.7032,1.7105,1.7179,1.7253,1.7328,1.7404,1.7481,1.7558,1.7635,1.7714,1.7798,1.7887,1.7978,1.8093,1.821,1.8328,1.8448,1.8569,1.8692,1.8816,1.8953,1.9096,1.9198,1.9301,1.9406,1.9511,1.9618,1.9726,1.9841,1.9962,2.0085,2.0209,2.0334,2.0461,2.059,2.072,2.0852,2.0986,2.1122,2.1259,2.1398,2.1539,2.1682,2.1827,2.1973,2.2122,2.2272,2.2425,2.258,2.2737,2.2896,2.3058,2.3221,2.3388,2.3556,2.3727,2.39,2.4076,2.4255,2.4436,2.462,2.4806,2.4995,2.5188,2.5383,2.5581,2.5782,2.5987,2.6195,2.6406,2.6621,2.6839,2.706,2.7286,2.7515,2.7748,2.7985,2.8226,2.8466,2.8709,2.8957,2.9208,2.9468,2.9736,3,3.025,3.0504,3.0763,3.1009,3.1243,3.0991,2.6005,2.3265,2.1051,1.9249,1.7722,1.6416,1.5289,1.4307,1.3336,1.2194,1.055,1.051,1.047,1.0431,1.0392,1.0355,1.0325,1.0306,1.0287,1.0269,1.025,1.0231,1.0224,1.0215,1.0193,1.0172,1.015,1.0129,1.0107,1.0086,1.0065,1.0044,1.0023,1.0002,0.9981,0.996,0.994,0.9919,0.9898,0.9877,0.9857,0.9836,0.9816,0.9795,0.9775,0.9755,0.9735,0.9716,0.9696,0.9677,0.9658,0.9639,0.962,0.9601,0.9582,0.9563,0.9545,0.9526,0.9507,0.9489,0.947,0.9452,0.9434,0.9415,0.9397,0.9379,0.9361,0.9343,0.9325,0.9308,0.929,0.9272,0.9254,0.9237,0.9219,0.9202,0.9185,0.9167,0.915,0.9133,0.9116,0.9099,0.9082,0.9065,0.9048,0.9032,0.9015
0.1903,0.1915,0.1927,0.1939,0.1952,0.1964,0.1977,0.1989,0.2002,0.2015,0.2025,0.2033,0.2042,0.205,0.2059,0.2067,0.2076,0.2085,0.2093,0.2102,0.2111,0.212,0.2129,0.2138,0.2148,0.2157,0.2166,0.2176,0.2185,0.2195,0.2205,0.2215,0.2225,0.2234,0.2242,0.2255,0.2279,0.2304,0.2331,0.2359,0.2387,0.2416,0.2446,0.2476,0.2507,0.2539,0.2572,0.2606,0.264,1.4655,1.4719,1.4784,1.485,1.4915,1.4982,1.5049,1.5117,1.5185,1.5254,1.5324,1.5394,1.5465,1.5536,1.5609,1.5682,1.5755,1.583,1.5905,1.598,1.6056,1.6133,1.6211,1.629,1.6369,1.6449,1.653,1.6605,1.6674,1.6744,1.6815,1.6886,1.6958,1.703,1.7104,1.7177,1.7255,1.7339,1.7432,1.754,1.765,1.7761,1.7873,1.7987,1.8102,1.8219,1.8337,1.8439,1.854,1.8643,1.8744,1.8842,1.8942,1.9042,1.9144,1.9247,1.9351,1.9462,1.9578,1.9696,1.9815,1.9936,2.0058,2.0182,2.0307,2.0433,2.0562,2.0692,2.0824,2.0957,2.1092,2.1229,2.1368,2.1508,2.1651,2.1795,2.1941,2.2089,2.224,2.2392,2.2547,2.2703,2.2862,2.3023,2.3186,2.3352,2.3519,2.369,2.3863,2.4038,2.4216,2.4397,2.458,2.4766,2.4955,2.5147,2.5342,2.5539,2.574,2.5944,2.6151,2.6361,2.6576,2.6793,2.7014,2.7238,2.7467,2.7699,2.7935,2.8174,2.8412,2.8655,2.8902,2.9152,2.941,2.9669,2.9914,3.0156,3.0369,2.9783,2.5127,2.255,2.0482,1.8772,1.7315,1.6066,1.4985,1.404,1.3015,1.1925,1.0542,1.0494,1.0454,1.0415,1.0376,1.0342,1.0318,1.0299,1.028,1.0262,1.0243,1.0226,1.0219,1.0204,1.0183,1.0161,1.014,1.0118,1.0097,1.0076,1.0055,1.0034,1.0013,0.9992,0.9971,0.995,0.993,0.9909,0.9888,0.9868,0.9847,0.9826,0.9806,0.9786,0.9765,0.9745,0.9725,0.9706,0.9687,0.9667,0.9648,0.9629,0.961,0.9591,0.9572,0.9554,0.9535,0.9516,0.9498,0.9479,0.9461,0.9443,0.9424,0.9406,0.9388,0.937,0.9352,0.9334,0.9316,0.9298,0.9281,0.9263,0.9245,0.9228,0.921,0.9193,0.9176,0.9159,0.9141,0.9124,0.9107,0.909,0.9073,0.9056,0.904,0.9023,0.9006
0.1907,0.1919,0.1931,0.1943,0.1956,0.1968,0.1981,0.1993,0.2006,0.2018,0.2026,0.2035,0.2043,0.2051,0.206,0.2068,0.2077,0.2086,0.2095,0.2103,0.2112,0.2121,0.2131,0.214,0.2149,0.2158,0.2168,0.2177,0.2187,0.2196,0.2206,0.2216,0.2226,0.2236,0.2244,0.2262,0.2287,0.2313,0.2341,0.2368,0.2397,0.2426,0.2456,0.2487,0.2518,0.2551,0.2584,0.2618,1.4386,1.4447,1.451,1.4573,1.4636,1.47,1.4765,1.483,1.4896,1.4962,1.5029,1.5097,1.5165,1.5234,1.5303,1.5373,1.5444,1.5515,1.5587,1.566,1.5733,1.5808,1.5882,1.5957,1.6034,1.6111,1.6188,1.6264,1.6331,1.6398,1.6466,1.6534,1.6603,1.6673,1.6744,1.6823,1.6918,1.702,1.7123,1.7228,1.7333,1.744,1.7543,1.7635,1.7728,1.7822,1.7917,1.8013,1.811,1.8208,1.8307,1.8405,1.85,1.8596,1.8692,1.879,1.8889,1.8989,1.9097,1.9209,1.9322,1.9437,1.9553,1.967,1.9789,1.9909,2.0031,2.0154,2.0279,2.0406,2.0534,2.0664,2.0795,2.0928,2.1063,2.1199,2.1338,2.1478,2.162,2.1764,2.191,2.2058,2.2207,2.2359,2.2513,2.2669,2.2827,2.2988,2.315,2.3316,2.3483,2.3653,2.3825,2.4,2.4177,2.4357,2.454,2.4726,2.4914,2.5106,2.53,2.5497,2.5697,2.5901,2.6107,2.6317,2.653,2.6747,2.6967,2.7191,2.7419,2.765,2.7886,2.8121,2.8358,2.86,2.8846,2.9096,2.9345,2.9556,2.8788,2.4306,2.1886,1.9944,1.8318,1.6926,1.573,1.4693,1.3783,1.2708,1.1667,1.0543,1.0477,1.0438,1.0399,1.0362,1.033,1.0311,1.0292,1.0273,1.0254,1.0236,1.0221,1.0214,1.0194,1.0172,1.0151,1.0129,1.0108,1.0087,1.0066,1.0044,1.0023,1.0003,0.9982,0.9961,0.994,0.992,0.9899,0.9878,0.9858,0.9837,0.9817,0.9796,0.9776,0.9756,0.9736,0.9715,0.9696,0.9677,0.9657,0.9638,0.9619,0.96,0.9582,0.9563,0.9544,0.9525,0.9507,0.9488,0.947,0.9451,0.9433,0.9415,0.9397,0.9379,0.9361,0.9343,0.9325,0.9307,0.9289,0.9272,0.9254,0.9236,0.9219,0.9202,0.9184,0.9167,0.915,0.9133,0.9116,0.9098,0.9082,0.9065,0.9048,0.9031,0.9014,0.8998
0.1911,0.1923,0.1935,0.1947,0.1959,0.1972,0.1985,0.1998,0.2011,0.2019,0.2027,0.2036,0.2044,0.2053,0.2061,0.207,0.2078,0.2087,0.2096,0.2105,0.2114,0.2123,0.2132,0.2141,0.215,0.216,0.2169,0.2179,0.2188,0.2198,0.2208,0.2217,0.2227,0.2237,0.2246,0.227,0.2296,0.2323,0.235,0.2378,0.2407,0.2437,0.2467,0.2498,0.2529,0.2562,0.2595,0.263,1.4185,1.4245,1.4306,1.4367,1.4429,1.4491,1.4554,1.4618,1.4681,1.4746,1.4811,1.4876,1.4943,1.5009,1.5077,1.5145,1.5213,1.5283,1.5353,1.5423,1.5494,1.5566,1.5639,1.5712,1.5785,1.586,1.5935,1.6001,1.6066,1.6131,1.6196,1.6263,1.6339,1.6434,1.653,1.6627,1.6726,1.6814,1.6898,1.6984,1.707,1.7157,1.7245,1.7334,1.7423,1.7514,1.7606,1.7698,1.7792,1.7887,1.7982,1.8078,1.8169,1.8262,1.8355,1.845,1.8545,1.8642,1.8745,1.8853,1.8962,1.9072,1.9184,1.9297,1.9412,1.9527,1.9645,1.9763,1.9883,2.0005,2.0127,2.0252,2.0378,2.0506,2.0635,2.0766,2.0899,2.1034,2.117,2.1308,2.1448,2.1589,2.1733,2.1878,2.2025,2.2175,2.2326,2.248,2.2635,2.2793,2.2953,2.3115,2.328,2.3447,2.3616,2.3788,2.3962,2.4139,2.4319,2.4501,2.4686,2.4873,2.5064,2.5258,2.5454,2.5654,2.5857,2.6063,2.6272,2.6485,2.6701,2.692,2.7144,2.7371,2.7601,2.7836,2.8068,2.8305,2.8546,2.8738,2.6345,2.3536,2.1272,1.9433,1.7883,1.6554,1.5409,1.4412,1.3536,1.2416,1.0648,1.0544,1.0461,1.0422,1.0383,1.0348,1.0322,1.0303,1.0285,1.0266,1.0247,1.0229,1.0215,1.0205,1.0183,1.0162,1.014,1.0119,1.0098,1.0076,1.0055,1.0034,1.0013,0.9992,0.9972,0.9951,0.993,0.991,0.9889,0.9869,0.9848,0.9828,0.9807,0.9787,0.9766,0.9746,0.9726,0.9706,0.9686,0.9667,0.9648,0.9629,0.961,0.9591,0.9572,0.9553,0.9534,0.9516,0.9497,0.9479,0.946,0.9442,0.9424,0.9406,0.9387,0.9369,0.9351,0.9334,0.9316,0.9298,0.928,0.9263,0.9245,0.9227,0.921,0.9193,0.9175,0.9158,0.9141,0.9124,0.9107,0.909,0.9073,0.9056,0.9039,0.9022,0.9006,0.8989
0.1915,0.1927,0.1939,0.1951,0.1963,0.1976,0.1989,0.2002,0.2012,0.202,0.2029,0.2037,0.2045,0.2054,0.2062,0.2071,0.208,0.2088,0.2097,0.2106,0.2115,0.2124,0.2133,0.2142,0.2152,0.2161,0.217,0.218,0.219,0.2199,0.2209,0.2219,0.2229,0.2239,0.2253,0.2279,0.2305,0.2332,0.236,0.2388,0.2417,0.2447,0.2477,0.2509,0.2541,0.2574,0.2607,0.2642,1.399,1.4049,1.4108,1.4168,1.4228,1.4288,1.4349,1.4411,1.4473,1.4535,1.4599,1.4662,1.4727,1.4792,1.4857,1.4923,1.499,1.5057,1.5125,1.5193,1.5262,1.5332,1.5402,1.5473,1.5545,1.5617,1.5685,1.5747,1.5809,1.5887,1.5976,1.6066,1.6143,1.6221,1.6299,1.6379,1.6459,1.654,1.6621,1.6704,1.6787,1.6871,1.6956,1.7042,1.7129,1.7217,1.7305,1.7395,1.7485,1.7577,1.7669,1.7762,1.785,1.794,1.803,1.8121,1.8213,1.8306,1.8406,1.851,1.8615,1.8722,1.8829,1.8938,1.9048,1.916,1.9272,1.9387,1.9502,1.9619,1.9737,1.9857,1.9978,2.0101,2.0225,2.0351,2.0478,2.0607,2.0738,2.0871,2.1005,2.114,2.1278,2.1417,2.1558,2.1701,2.1846,2.1993,2.2142,2.2293,2.2446,2.2601,2.2759,2.2918,2.308,2.3244,2.3411,2.3579,2.3751,2.3924,2.4101,2.428,2.4461,2.4645,2.4833,2.5023,2.5215,2.5411,2.561,2.5813,2.6018,2.6227,2.6439,2.6654,2.6873,2.7096,2.7323,2.7553,2.7784,2.7796,2.5444,2.2814,2.0692,1.8948,1.7469,1.6198,1.51,1.4141,1.3254,1.2137,1.065,1.0546,1.0445,1.0405,1.0368,1.0335,1.0315,1.0296,1.0277,1.0259,1.024,1.0222,1.0211,1.0195,1.0173,1.0151,1.013,1.0109,1.0087,1.0066,1.0045,1.0024,1.0003,0.9982,0.9962,0.9941,0.992,0.99,0.988,0.9859,0.9838,0.9818,0.9797,0.9777,0.9757,0.9737,0.9717,0.9697,0.9677,0.9657,0.9638,0.9619,0.96,0.9581,0.9562,0.9543,0.9525,0.9506,0.9488,0.9469,0.9451,0.9433,0.9414,0.9396,0.9378,0.936,0.9342,0.9324,0.9306,0.9289,0.9271,0.9253,0.9236,0.9218,0.9201,0.9184,0.9166,0.9149,0.9132,0.9115,0.9098,0.9081,0.9064,0.9047,0.9031,0.9014,0.8997,0.8981
0.1918,0.193,0.1943,0.1955,0.1967,0.198,0.1993,0.2005,0.2013,0.2022,0.203,0.2038,0.2047,0.2055,0.2064,0.2072,0.2081,0.209,0.2098,0.2107,0.2116,0.2125,0.2134,0.2144,0.2153,0.2162,0.2172,0.2181,0.2191,0.2201,0.221,0.222,0.223,0.224,0.2262,0.2288,0.2315,0.2342,0.237,0.2398,0.2427,0.2457,0.2488,0.252,0.2552,0.2585,0.2619,1.3745,1.3801,1.3858,1.3915,1.3973,1.4032,1.4091,1.415,1.421,1.427,1.4331,1.4393,1.4454,1.4517,1.458,1.4644,1.4708,1.4772,1.4838,1.4904,1.497,1.5037,1.5105,1.5173,1.5242,1.5311,1.5381,1.5452,1.5523,1.5595,1.5668,1.5741,1.5815,1.589,1.5965,1.6042,1.6118,1.6196,1.6274,1.6353,1.6433,1.6514,1.6595,1.6678,1.6761,1.6845,1.6929,1.7015,1.7102,1.7189,1.7277,1.7366,1.7456,1.7542,1.7629,1.7716,1.7804,1.7893,1.7982,1.8079,1.8179,1.8281,1.8383,1.8487,1.8592,1.8698,1.8806,1.8914,1.9024,1.9135,1.9248,1.9362,1.9477,1.9593,1.9711,1.9831,1.9952,2.0074,2.0198,2.0324,2.0451,2.0579,2.071,2.0842,2.0975,2.1111,2.1248,2.1387,2.1528,2.167,2.1815,2.1961,2.211,2.2261,2.2413,2.2568,2.2725,2.2884,2.3045,2.3208,2.3374,2.3543,2.3713,2.3886,2.4062,2.4241,2.4422,2.4605,2.4792,2.4981,2.5174,2.5369,2.5567,2.5769,2.5974,2.6182,2.6393,2.6608,2.6826,2.7041,2.7026,2.4602,2.2125,2.0142,1.8486,1.7073,1.5857,1.4803,1.3881,1.2922,1.1866,1.0615,1.0547,1.0445,1.0389,1.0355,1.0327,1.0308,1.0289,1.027,1.0252,1.0233,1.0215,1.0205,1.0184,1.0163,1.0141,1.012,1.0098,1.0077,1.0056,1.0035,1.0014,0.9993,0.9972,0.9952,0.9931,0.991,0.989,0.987,0.9849,0.9829,0.9808,0.9788,0.9768,0.9747,0.9727,0.9707,0.9687,0.9667,0.9648,0.9628,0.9609,0.959,0.9571,0.9553,0.9534,0.9515,0.9497,0.9478,0.946,0.9442,0.9423,0.9405,0.9387,0.9369,0.9351,0.9333,0.9315,0.9297,0.928,0.9262,0.9244,0.9227,0.921,0.9192,0.9175,0.9158,0.914,0.9123,0.9106,0.9089,0.9072,0.9055,0.9039,0.9022,0.9005,0.8989,0.8972
0.1922,0.1934,0.1946,0.1959,0.1971,0.1984,0.1997,0.2006,0.2015,0.2023,0.2031,0.2039,0.2048,0.2056,0.2065,0.2073,0.2082,0.2091,0.21,0.2109,0.2118,0.2127,0.2136,0.2145,0.2154,0.2164,0.2173,0.2183,0.2192,0.2202,0.2212,0.2222,0.223,0.2242,0.2271,0.2297,0.2324,0.2351,0.238,0.2408,0.2438,0.2468,0.2499,0.2531,0.2563,0.2597,0.2631,1.3562,1.3617,1.3672,1.3728,1.3784,1.3841,1.3898,1.3956,1.4014,1.4073,1.4132,1.4192,1.4252,1.4313,1.4374,1.4436,1.4498,1.4561,1.4625,1.4689,1.4753,1.4818,1.4883,1.4949,1.5016,1.5083,1.5151,1.522,1.5289,1.5359,1.543,1.5501,1.5573,1.5645,1.5718,1.5792,1.5866,1.5941,1.6017,1.6094,1.6171,1.6249,1.6328,1.6408,1.6488,1.657,1.6651,1.6734,1.6818,1.6902,1.6988,1.7074,1.7161,1.7245,1.7328,1.7413,1.7498,1.7583,1.767,1.7763,1.786,1.7958,1.8057,1.8157,1.8259,1.8361,1.8464,1.8569,1.8675,1.8782,1.889,1.9,1.9111,1.9223,1.9337,1.9451,1.9568,1.9686,1.9805,1.9925,2.0048,2.0171,2.0296,2.0423,2.0551,2.0681,2.0813,2.0946,2.1082,2.1218,2.1357,2.1497,2.164,2.1784,2.193,2.2078,2.2228,2.238,2.2534,2.2691,2.2849,2.301,2.3173,2.3338,2.3506,2.3676,2.3849,2.4024,2.4202,2.4383,2.4566,2.4752,2.494,2.5132,2.5327,2.5524,2.5725,2.5929,2.6136,2.6273,2.6025,2.3814,2.1498,1.9622,1.8046,1.6695,1.553,1.4518,1.3624,1.2609,1.1602,1.0544,1.0487,1.043,1.0375,1.0342,1.032,1.0301,1.0282,1.0263,1.0245,1.0226,1.0208,1.0195,1.0174,1.0152,1.0131,1.0109,1.0088,1.0067,1.0046,1.0025,1.0004,0.9983,0.9962,0.9942,0.9921,0.99,0.988,0.986,0.984,0.9819,0.9799,0.9778,0.9758,0.9738,0.9718,0.9698,0.9678,0.9658,0.9638,0.9619,0.9599,0.958,0.9562,0.9543,0.9524,0.9506,0.9487,0.9469,0.945,0.9432,0.9414,0.9396,0.9378,0.936,0.9342,0.9324,0.9306,0.9288,0.9271,0.9253,0.9235,0.9218,0.9201,0.9183,0.9166,0.9149,0.9132,0.9115,0.9098,0.9081,0.9064,0.9047,0.903,0.9013,0.8997,0.898,0.8964
0.1926,0.1938,0.195,0.1963,0.1975,0.1988,0.2,0.2008,0.2016,0.2024,0.2032,0.2041,0.2049,0.2057,0.2066,0.2075,0.2083,0.2092,0.2101,0.211,0.2119,0.2128,0.2137,0.2146,0.2156,0.2165,0.2175,0.2184,0.2194,0.2203,0.2213,0.2221,0.2229,0.225,0.228,0.2306,0.2333,0.2361,0.2389,0.2418,0.2448,0.2479,0.251,0.2542,0.2575,0.2609,0.2643,1.3383,1.3437,1.3491,1.3545,1.36,1.3656,1.3711,1.3768,1.3824,1.3881,1.3939,1.3997,1.4056,1.4115,1.4174,1.4234,1.4294,1.4355,1.4417,1.4478,1.4541,1.4604,1.4667,1.4731,1.4796,1.4861,1.4928,1.4995,1.5062,1.513,1.5198,1.5267,1.5337,1.5407,1.5478,1.555,1.5622,1.5695,1.5768,1.5843,1.5918,1.5993,1.607,1.6147,1.6225,1.6303,1.6383,1.6463,1.6544,1.6625,1.6708,1.6791,1.6876,1.6957,1.7038,1.712,1.7202,1.7285,1.7368,1.7459,1.7552,1.7647,1.7742,1.7839,1.7937,1.8036,1.8135,1.8236,1.8339,1.8442,1.8546,1.8652,1.8759,1.8867,1.8976,1.9087,1.9199,1.9312,1.9426,1.9542,1.966,1.9779,1.9899,2.0021,2.0144,2.0269,2.0396,2.0524,2.0653,2.0785,2.0918,2.1052,2.1189,2.1327,2.1467,2.1609,2.1752,2.1898,2.2046,2.2195,2.2347,2.2501,2.2657,2.2815,2.2975,2.3137,2.3303,2.347,2.3639,2.3812,2.3986,2.4163,2.4343,2.4526,2.4711,2.4899,2.509,2.5284,2.5481,2.555,2.501,2.3075,2.0906,1.9127,1.7625,1.6333,1.5217,1.4243,1.3384,1.2311,1.1349,1.0473,1.0429,1.0395,1.0362,1.0331,1.0312,1.0293,1.0275,1.0256,1.0237,1.0219,1.0202,1.0185,1.0163,1.0142,1.012,1.0099,1.0078,1.0057,1.0035,1.0015,0.9994,0.9973,0.9952,0.9932,0.9911,0.9891,0.987,0.985,0.983,0.9809,0.9789,0.9769,0.9749,0.9728,0.9708,0.9688,0.9669,0.9649,0.9629,0.9609,0.959,0.9571,0.9552,0.9533,0.9515,0.9496,0.9478,0.9459,0.9441,0.9423,0.9405,0.9386,0.9368,0.935,0.9332,0.9315,0.9297,0.9279,0.9262,0.9244,0.9226,0.9209,0.9192,0.9174,0.9157,0.914,0.9123,0.9106,0.9089,0.9072,0.9055,0.9038,0.9022,0.9005,0.8988,0.8972,0.8955
0.1930,0.1942,0.1954,0.1967,0.1979,0.1992,0.2001,0.2009,0.2017,0.2025,0.2033,0.2042,0.205,0.2059,0.2067,0.2076,0.2085,0.2093,0.2102,0.2111,0.212,0.2129,0.2138,0.2148,0.2157,0.2166,0.2176,0.2185,0.2195,0.2204,0.2211,0.2219,0.2229,0.2258,0.2288,0.2316,0.2343,0.2371,0.2399,0.2429,0.2459,0.2489,0.2521,0.2553,0.2587,0.2621,1.3158,1.321,1.3262,1.3315,1.3368,1.3421,1.3475,1.3529,1.3584,1.3639,1.3694,1.375,1.3806,1.3863,1.392,1.3978,1.4036,1.4095,1.4154,1.4214,1.4274,1.4334,1.4396,1.4457,1.452,1.4582,1.4646,1.4711,1.4776,1.4842,1.4908,1.4974,1.5041,1.5108,1.5177,1.5246,1.5315,1.5385,1.5456,1.5527,1.5599,1.5672,1.5745,1.5819,1.5894,1.5969,1.6045,1.6122,1.62,1.6278,1.6357,1.6437,1.6518,1.6599,1.6679,1.6757,1.6836,1.6916,1.6996,1.7077,1.7164,1.7255,1.7346,1.7438,1.7532,1.7626,1.7721,1.7818,1.7915,1.8014,1.8113,1.8214,1.8316,1.8419,1.8523,1.8629,1.8735,1.8843,1.8952,1.9062,1.9174,1.9287,1.9401,1.9517,1.9634,1.9753,1.9873,1.9995,2.0118,2.0242,2.0368,2.0496,2.0625,2.0756,2.0889,2.1023,2.1159,2.1297,2.1436,2.1578,2.1721,2.1866,2.2014,2.2163,2.2314,2.2468,2.2623,2.2781,2.294,2.3102,2.3267,2.3433,2.3603,2.3774,2.3948,2.4125,2.4304,2.4486,2.4671,2.4858,2.4884,2.4279,2.2381,2.0345,1.8656,1.7222,1.5986,1.4916,1.3973,1.315,1.2027,1.0562,1.045,1.0416,1.0382,1.0348,1.0324,1.0305,1.0286,1.0268,1.0249,1.023,1.0212,1.0196,1.0174,1.0153,1.0131,1.011,1.0089,1.0067,1.0046,1.0025,1.0004,0.9984,0.9963,0.9942,0.9922,0.9901,0.9881,0.986,0.984,0.982,0.98,0.9779,0.9759,0.9739,0.9719,0.9699,0.9679,0.9659,0.9639,0.962,0.96,0.9581,0.9561,0.9542,0.9524,0.9505,0.9487,0.9468,0.945,0.9432,0.9413,0.9395,0.9377,0.9359,0.9341,0.9323,0.9306,0.9288,0.927,0.9253,0.9235,0.9217,0.92,0.9183,0.9165,0.9148,0.9131,0.9114,0.9097,0.908,0.9063,0.9046,0.903,0.9013,0.8996,0.898,0.8963,0.8947
0.1934,0.1946,0.1958,0.1971,0.1983,0.1994,0.2002,0.201,0.2018,0.2026,0.2035,0.2043,0.2051,0.206,0.2069,0.2077,0.2086,0.2095,0.2104,0.2112,0.2122,0.2131,0.214,0.2149,0.2158,0.2168,0.2177,0.2187,0.2194,0.2202,0.2209,0.2217,0.2236,0.2266,0.2296,0.2325,0.2353,0.2381,0.241,0.2439,0.2469,0.25,0.2532,0.2565,0.2598,0.2633,1.2991,1.3041,1.3091,1.3143,1.3194,1.3246,1.3298,1.3351,1.3404,1.3457,1.3511,1.3565,1.362,1.3675,1.3731,1.3787,1.3844,1.3901,1.3958,1.4016,1.4075,1.4134,1.4193,1.4253,1.4314,1.4375,1.4437,1.45,1.4563,1.4627,1.4692,1.4756,1.4821,1.4887,1.4953,1.502,1.5087,1.5155,1.5224,1.5293,1.5363,1.5433,1.5504,1.5576,1.5649,1.5722,1.5796,1.587,1.5945,1.6021,1.6098,1.6175,1.6253,1.6332,1.641,1.6486,1.6562,1.6639,1.6717,1.6795,1.688,1.6967,1.7055,1.7145,1.7235,1.7326,1.7418,1.7511,1.7605,1.77,1.7797,1.7894,1.7992,1.8092,1.8192,1.8294,1.8397,1.8501,1.8606,1.8712,1.8819,1.8928,1.9038,1.915,1.9263,1.9377,1.9492,1.9609,1.9727,1.9847,1.9968,2.0091,2.0215,2.0341,2.0468,2.0597,2.0728,2.086,2.0994,2.1129,2.1267,2.1406,2.1547,2.169,2.1835,2.1982,2.2131,2.2281,2.2434,2.2589,2.2746,2.2906,2.3067,2.3231,2.3397,2.3566,2.3737,2.391,2.4086,2.4265,2.4252,2.3637,2.1729,1.9814,1.8209,1.6837,1.5654,1.4624,1.3716,1.2823,1.1755,1.0471,1.0436,1.0402,1.0368,1.0336,1.0317,1.0298,1.0279,1.026,1.0242,1.0223,1.0205,1.0185,1.0164,1.0142,1.0121,1.0099,1.0078,1.0057,1.0036,1.0015,0.9994,0.9973,0.9953,0.9932,0.9912,0.9891,0.9871,0.9851,0.983,0.981,0.979,0.977,0.975,0.973,0.9709,0.969,0.967,0.965,0.963,0.961,0.9591,0.9571,0.9552,0.9533,0.9514,0.9496,0.9477,0.9459,0.944,0.9422,0.9404,0.9386,0.9368,0.935,0.9332,0.9314,0.9296,0.9279,0.9261,0.9243,0.9226,0.9209,0.9191,0.9174,0.9157,0.9139,0.9122,0.9105,0.9088,0.9071,0.9055,0.9038,0.9021,0.9004,0.8988,0.8971,0.8955,0.8938
0.1937,0.195,0.1962,0.1975,0.1987,0.1995,0.2003,0.2011,0.2019,0.2028,0.2036,0.2044,0.2053,0.2061,0.207,0.2078,0.2087,0.2096,0.2105,0.2114,0.2123,0.2132,0.2141,0.215,0.216,0.2169,0.2177,0.2185,0.2192,0.22,0.2208,0.2215,0.2244,0.2274,0.2304,0.2335,0.2362,0.2391,0.242,0.245,0.248,0.2511,0.2543,0.2576,0.261,1.2777,1.2826,1.2875,1.2924,1.2974,1.3024,1.3074,1.3125,1.3176,1.3228,1.328,1.3333,1.3386,1.3439,1.3493,1.3547,1.3602,1.3657,1.3712,1.3768,1.3824,1.3881,1.3939,1.3997,1.4055,1.4114,1.4174,1.4234,1.4295,1.4357,1.4419,1.4482,1.4545,1.4608,1.4671,1.4736,1.48,1.4866,1.4932,1.4998,1.5066,1.5134,1.5202,1.5271,1.5341,1.5411,1.5482,1.5553,1.5625,1.5698,1.5772,1.5846,1.5921,1.5997,1.6073,1.615,1.6223,1.6297,1.6371,1.6446,1.6522,1.6604,1.6689,1.6774,1.6861,1.6948,1.7036,1.7125,1.7215,1.7306,1.7398,1.7491,1.7585,1.768,1.7776,1.7873,1.7971,1.807,1.817,1.8272,1.8374,1.8478,1.8583,1.8689,1.8796,1.8905,1.9014,1.9126,1.9238,1.9352,1.9467,1.9584,1.9702,1.9821,1.9942,2.0064,2.0188,2.0314,2.0441,2.0569,2.07,2.0831,2.0965,2.11,2.1237,2.1376,2.1517,2.1659,2.1804,2.195,2.2098,2.2249,2.2401,2.2555,2.2712,2.2871,2.3032,2.3195,2.3361,2.3529,2.37,2.3651,2.3028,2.1124,1.9309,1.7782,1.647,1.5336,1.434,1.3472,1.251,1.1496,1.0457,1.0423,1.0388,1.0355,1.0328,1.0309,1.0291,1.0272,1.0253,1.0235,1.0216,1.0199,1.0175,1.0153,1.0132,1.011,1.0089,1.0068,1.0047,1.0026,1.0005,0.9984,0.9963,0.9943,0.9922,0.9902,0.9881,0.9861,0.9841,0.9821,0.9801,0.9781,0.976,0.974,0.972,0.97,0.968,0.966,0.9641,0.9621,0.9601,0.9582,0.9562,0.9543,0.9524,0.9505,0.9486,0.9468,0.9449,0.9431,0.9413,0.9395,0.9377,0.9359,0.9341,0.9323,0.9305,0.9287,0.927,0.9252,0.9234,0.9217,0.92,0.9182,0.9165,0.9148,0.9131,0.9114,0.9097,0.908,0.9063,0.9046,0.9029,0.9012,0.8996,0.8979,0.8963,0.8946,0.893
0.1941,0.1954,0.1966,0.1979,0.1988,0.1996,0.2004,0.2012,0.202,0.2029,0.2037,0.2045,0.2054,0.2062,0.2071,0.208,0.2088,0.2097,0.2106,0.2115,0.2124,0.2133,0.2142,0.2152,0.2161,0.2168,0.2176,0.2183,0.2191,0.2198,0.2206,0.2223,0.2252,0.2281,0.2312,0.2343,0.2372,0.2401,0.243,0.246,0.2491,0.2522,0.2555,0.2588,0.2622,1.2618,1.2665,1.2713,1.2761,1.2809,1.2858,1.2907,1.2957,1.3007,1.3057,1.3108,1.3159,1.3211,1.3262,1.3315,1.3368,1.3421,1.3474,1.3528,1.3583,1.3638,1.3693,1.3749,1.3805,1.3862,1.3919,1.3978,1.4037,1.4096,1.4156,1.4216,1.4277,1.4339,1.44,1.4462,1.4525,1.4588,1.4651,1.4715,1.478,1.4845,1.4911,1.4977,1.5044,1.5112,1.518,1.5249,1.5318,1.5388,1.5459,1.5531,1.5603,1.5675,1.5749,1.5823,1.5897,1.5968,1.604,1.6112,1.6185,1.6258,1.6337,1.6419,1.6502,1.6586,1.667,1.6755,1.6842,1.6929,1.7017,1.7105,1.7195,1.7286,1.7378,1.747,1.7564,1.7659,1.7755,1.7852,1.7949,1.8048,1.8148,1.8249,1.8352,1.8455,1.856,1.8665,1.8773,1.8881,1.8991,1.9101,1.9214,1.9327,1.9442,1.9558,1.9676,1.9795,1.9916,2.0038,2.0161,2.0287,2.0413,2.0541,2.0671,2.0803,2.0936,2.1071,2.1207,2.1346,2.1486,2.1628,2.1772,2.1918,2.2066,2.2216,2.2368,2.2522,2.2678,2.2837,2.2997,2.316,2.308,2.2451,2.0551,1.883,1.7375,1.6117,1.5026,1.4066,1.3238,1.2213,1.0504,1.0443,1.0409,1.0375,1.0341,1.0321,1.0302,1.0283,1.0265,1.0246,1.0228,1.0212,1.0195,1.0166,1.0143,1.0121,1.01,1.0079,1.0058,1.0037,1.0016,0.9995,0.9974,0.9953,0.9933,0.9912,0.9892,0.9871,0.9851,0.9831,0.9811,0.9791,0.9771,0.9751,0.9731,0.9711,0.9691,0.9671,0.9651,0.9631,0.9612,0.9592,0.9573,0.9553,0.9534,0.9515,0.9495,0.9477,0.9458,0.944,0.9422,0.9404,0.9385,0.9367,0.9349,0.9332,0.9314,0.9296,0.9278,0.9261,0.9243,0.9225,0.9208,0.9191,0.9173,0.9156,0.9139,0.9122,0.9105,0.9088,0.9071,0.9054,0.9037,0.9021,0.9004,0.8987,0.8971,0.8954,0.8938,0.8921
0.1945,0.1957,0.197,0.1981,0.1989,0.1997,0.2005,0.2013,0.2022,0.203,0.2038,0.2047,0.2055,0.2064,0.2072,0.2081,0.209,0.2099,0.2107,0.2116,0.2125,0.2135,0.2144,0.2152,0.2159,0.2166,0.2174,0.2181,0.2189,0.2196,0.2204,0.223,0.226,0.229,0.232,0.2352,0.2382,0.2411,0.244,0.2471,0.2502,0.2534,0.2566,0.26,0.2634,1.2462,1.2508,1.2555,1.2601,1.2649,1.2696,1.2744,1.2793,1.2841,1.2891,1.294,1.299,1.304,1.3091,1.3142,1.3193,1.3245,1.3297,1.335,1.3403,1.3456,1.351,1.3564,1.3619,1.3674,1.3731,1.3787,1.3845,1.3902,1.3961,1.4019,1.4079,1.4138,1.4199,1.4259,1.432,1.4381,1.4443,1.4505,1.4568,1.4631,1.4695,1.476,1.4825,1.489,1.4956,1.5023,1.5091,1.5158,1.5227,1.5296,1.5366,1.5437,1.5508,1.558,1.5652,1.5721,1.579,1.586,1.5931,1.6002,1.6079,1.6159,1.6239,1.632,1.6401,1.6484,1.6567,1.6652,1.6737,1.6823,1.691,1.6997,1.7086,1.7176,1.7266,1.7358,1.745,1.7544,1.7638,1.7734,1.783,1.7928,1.8027,1.8126,1.8227,1.8329,1.8432,1.8537,1.8642,1.8749,1.8857,1.8967,1.9077,1.9189,1.9303,1.9417,1.9533,1.9651,1.9769,1.989,2.0011,2.0135,2.0259,2.0386,2.0514,2.0643,2.0774,2.0907,2.1041,2.1178,2.1316,2.1456,2.1597,2.1741,2.1887,2.2034,2.2184,2.2335,2.2489,2.2602,2.2535,2.1854,2.0009,1.8374,1.6983,1.578,1.4726,1.3808,1.3011,1.193,1.0476,1.0429,1.0395,1.0361,1.0333,1.0314,1.0295,1.0276,1.0258,1.0241,1.0224,1.0208,1.0184,1.0157,1.0134,1.0111,1.009,1.0069,1.0048,1.0027,1.0006,0.9985,0.9964,0.9943,0.9923,0.9902,0.9882,0.9862,0.9841,0.9821,0.9801,0.9781,0.9761,0.9741,0.9721,0.9701,0.9681,0.9661,0.9642,0.9622,0.9602,0.9583,0.9563,0.9544,0.9525,0.9505,0.9486,0.9467,0.9449,0.9431,0.9412,0.9394,0.9376,0.9358,0.934,0.9322,0.9304,0.9287,0.9269,0.9251,0.9234,0.9217,0.9199,0.9182,0.9165,0.9147,0.913,0.9113,0.9096,0.9079,0.9062,0.9045,0.9029,0.9012,0.8995,0.8979,0.8962,0.8946,0.8929,0.8913
0.1949,0.1961,0.1974,0.1982,0.199,0.1998,0.2006,0.2015,0.2023,0.2031,0.2039,0.2048,0.2056,0.2065,0.2073,0.2082,0.2091,0.21,0.2109,0.2118,0.2127,0.2136,0.2143,0.215,0.2157,0.2165,0.2172,0.2179,0.2187,0.2194,0.2209,0.2238,0.2267,0.2298,0.2329,0.236,0.2392,0.2421,0.2451,0.2481,0.2513,0.2545,0.2578,0.2612,1.2265,1.231,1.2355,1.2401,1.2446,1.2492,1.2539,1.2586,1.2633,1.268,1.2728,1.2776,1.2825,1.2874,1.2923,1.2973,1.3023,1.3073,1.3124,1.3175,1.3227,1.3279,1.3332,1.3385,1.3438,1.3492,1.3547,1.3602,1.3658,1.3714,1.3771,1.3828,1.3886,1.3944,1.4002,1.4061,1.412,1.418,1.424,1.43,1.4361,1.4423,1.4485,1.4548,1.4611,1.4675,1.4739,1.4804,1.4869,1.4935,1.5002,1.5069,1.5137,1.5205,1.5274,1.5344,1.5414,1.5482,1.5549,1.5617,1.5685,1.5754,1.5829,1.5906,1.5984,1.6062,1.6141,1.6221,1.6302,1.6384,1.6466,1.6549,1.6633,1.6718,1.6804,1.6891,1.6978,1.7067,1.7156,1.7246,1.7338,1.743,1.7523,1.7618,1.7713,1.7809,1.7907,1.8005,1.8104,1.8205,1.8307,1.841,1.8514,1.8619,1.8726,1.8834,1.8943,1.9054,1.9165,1.9278,1.9392,1.9508,1.9625,1.9744,1.9864,1.9985,2.0108,2.0232,2.0358,2.0486,2.0615,2.0746,2.0878,2.1012,2.1148,2.1286,2.1425,2.1567,2.171,2.1855,2.2002,2.2063,2.2016,2.1267,1.9495,1.794,1.6609,1.5451,1.4438,1.3561,1.2726,1.0633,1.0492,1.0415,1.0381,1.0348,1.0326,1.0307,1.0288,1.027,1.0253,1.0237,1.022,1.0204,1.0172,1.0148,1.0125,1.0102,1.008,1.0058,1.0037,1.0016,0.9995,0.9975,0.9954,0.9933,0.9913,0.9892,0.9872,0.9852,0.9832,0.9811,0.9791,0.9771,0.9752,0.9732,0.9712,0.9692,0.9672,0.9652,0.9632,0.9613,0.9593,0.9574,0.9554,0.9535,0.9516,0.9496,0.9477,0.9458,0.9439,0.9421,0.9403,0.9385,0.9367,0.9349,0.9331,0.9313,0.9295,0.9278,0.926,0.9242,0.9225,0.9208,0.919,0.9173,0.9156,0.9138,0.9121,0.9104,0.9087,0.907,0.9054,0.9037,0.902,0.9003,0.8987,0.897,0.8954,0.8937,0.8921,0.8905
0.1953,0.1965,0.1976,0.1984,0.1992,0.2,0.2008,0.2016,0.2024,0.2032,0.2041,0.2049,0.2058,0.2066,0.2075,0.2083,0.2092,0.2101,0.211,0.2119,0.2127,0.2134,0.2141,0.2148,0.2156,0.2163,0.217,0.2178,0.2185,0.2193,0.2217,0.2246,0.2275,0.2306,0.2337,0.2369,0.2402,0.2431,0.2461,0.2492,0.2524,0.2556,0.2589,0.2624,1.2118,1.2162,1.2206,1.225,1.2295,1.234,1.2385,1.2431,1.2477,1.2523,1.257,1.2617,1.2664,1.2712,1.276,1.2808,1.2857,1.2906,1.2956,1.3006,1.3056,1.3107,1.3158,1.321,1.3261,1.3314,1.3368,1.3422,1.3476,1.3531,1.3586,1.3641,1.3698,1.3754,1.3811,1.3869,1.3926,1.3984,1.4043,1.4102,1.4161,1.4221,1.4281,1.4342,1.4404,1.4466,1.4528,1.4591,1.4655,1.4719,1.4783,1.4849,1.4914,1.4981,1.5048,1.5115,1.5184,1.525,1.5315,1.5381,1.5447,1.5514,1.5587,1.5661,1.5737,1.5813,1.5889,1.5967,1.6045,1.6124,1.6204,1.6284,1.6366,1.6448,1.6531,1.6615,1.67,1.6785,1.6872,1.6959,1.7047,1.7136,1.7227,1.7318,1.741,1.7503,1.7597,1.7692,1.7788,1.7885,1.7983,1.8083,1.8183,1.8285,1.8388,1.8492,1.8597,1.8703,1.8811,1.8919,1.903,1.9141,1.9254,1.9368,1.9483,1.96,1.9718,1.9838,1.9959,2.0081,2.0205,2.0331,2.0458,2.0587,2.0717,2.085,2.0983,2.1119,2.1256,2.1395,2.1536,2.1549,2.1422,2.0711,1.9007,1.7525,1.625,1.5134,1.4161,1.3324,1.2418,1.0622,1.0526,1.0402,1.0368,1.0337,1.0318,1.03,1.0283,1.0266,1.0249,1.0233,1.0216,1.02,1.0162,1.0139,1.0116,1.0093,1.007,1.0048,1.0027,1.0006,0.9985,0.9965,0.9944,0.9923,0.9903,0.9882,0.9862,0.9842,0.9822,0.9802,0.9782,0.9762,0.9742,0.9722,0.9702,0.9682,0.9663,0.9643,0.9623,0.9603,0.9584,0.9564,0.9545,0.9526,0.9507,0.9487,0.9468,0.9449,0.943,0.9412,0.9394,0.9376,0.9358,0.934,0.9322,0.9304,0.9286,0.9269,0.9251,0.9233,0.9216,0.9199,0.9181,0.9164,0.9147,0.913,0.9113,0.9096,0.9079,0.9062,0.9045,0.9028,0.9011,0.8995,0.8978,0.8962,0.8945,0.8929,0.8913,0.8896
0.1957,0.1969,0.1977,0.1985,0.1993,0.2001,0.2009,0.2017,0.2025,0.2034,0.2042,0.205,0.2059,0.2067,0.2076,0.2085,0.2093,0.2102,0.2111,0.2118,0.2125,0.2132,0.2139,0.2147,0.2154,0.2161,0.2168,0.2176,0.2183,0.2196,0.2225,0.2254,0.2283,0.2314,0.2345,0.2378,0.2411,0.2442,0.2472,0.2503,0.2535,0.2568,0.2601,0.2636,1.1974,1.2017,1.206,1.2103,1.2147,1.2191,1.2235,1.228,1.2324,1.237,1.2415,1.2461,1.2507,1.2554,1.2601,1.2648,1.2696,1.2743,1.2792,1.284,1.289,1.2939,1.2989,1.3039,1.309,1.3141,1.3194,1.3246,1.3299,1.3352,1.3406,1.346,1.3515,1.357,1.3625,1.3681,1.3738,1.3794,1.3851,1.3908,1.3966,1.4024,1.4083,1.4142,1.4202,1.4262,1.4323,1.4384,1.4446,1.4508,1.4571,1.4634,1.4698,1.4763,1.4828,1.4894,1.496,1.5024,1.5088,1.5152,1.5216,1.5281,1.5352,1.5424,1.5497,1.5571,1.5645,1.572,1.5796,1.5872,1.595,1.6028,1.6107,1.6186,1.6267,1.6348,1.643,1.6513,1.6596,1.6681,1.6766,1.6853,1.694,1.7028,1.7117,1.7207,1.7298,1.739,1.7482,1.7576,1.7671,1.7767,1.7864,1.7962,1.8061,1.8161,1.8263,1.8365,1.8469,1.8574,1.868,1.8787,1.8896,1.9006,1.9117,1.9229,1.9343,1.9458,1.9574,1.9692,1.9812,1.9932,2.0055,2.0178,2.0304,2.0431,2.0559,2.0689,2.0821,2.0954,2.1089,2.1059,2.0841,2.0183,1.8543,1.7129,1.5901,1.483,1.3902,1.3094,1.2125,1.0555,1.0502,1.0435,1.0354,1.033,1.0312,1.0296,1.0279,1.0262,1.0245,1.0229,1.0212,1.0192,1.0153,1.013,1.0107,1.0084,1.0061,1.0038,1.0017,0.9996,0.9975,0.9955,0.9934,0.9913,0.9893,0.9873,0.9852,0.9832,0.9812,0.9792,0.9772,0.9752,0.9732,0.9713,0.9693,0.9673,0.9653,0.9633,0.9614,0.9594,0.9575,0.9555,0.9536,0.9517,0.9498,0.9478,0.9459,0.944,0.9422,0.9403,0.9384,0.9366,0.9348,0.933,0.9313,0.9295,0.9277,0.926,0.9242,0.9224,0.9207,0.919,0.9172,0.9155,0.9138,0.9121,0.9104,0.9087,0.907,0.9053,0.9036,0.902,0.9003,0.8986,0.897,0.8953,0.8937,0.8921,0.8904,0.8888
0.1961,0.197,0.1978,0.1986,0.1994,0.2002,0.201,0.2018,0.2026,0.2035,0.2043,0.2052,0.206,0.2069,0.2077,0.2086,0.2095,0.2102,0.2109,0.2116,0.2123,0.213,0.2138,0.2145,0.2152,0.2159,0.2167,0.2174,0.2182,0.2204,0.2232,0.2261,0.2291,0.2322,0.2354,0.2386,0.242,0.2452,0.2483,0.2514,0.2546,0.2579,0.2613,1.1793,1.1834,1.1876,1.1918,1.196,1.2003,1.2045,1.2089,1.2132,1.2176,1.222,1.2264,1.2309,1.2354,1.24,1.2445,1.2491,1.2538,1.2585,1.2632,1.2679,1.2727,1.2775,1.2824,1.2873,1.2923,1.2973,1.3024,1.3075,1.3126,1.3178,1.3231,1.3283,1.3337,1.339,1.3444,1.3499,1.3554,1.3609,1.3664,1.372,1.3776,1.3833,1.389,1.3948,1.4006,1.4064,1.4123,1.4183,1.4243,1.4303,1.4364,1.4426,1.4488,1.4551,1.4614,1.4678,1.4742,1.4806,1.4867,1.4929,1.4992,1.5055,1.5123,1.5193,1.5264,1.5336,1.5408,1.5481,1.5554,1.5629,1.5704,1.5779,1.5856,1.5933,1.6011,1.6089,1.6169,1.6249,1.633,1.6412,1.6495,1.6578,1.6662,1.6748,1.6834,1.6921,1.7009,1.7097,1.7187,1.7278,1.737,1.7462,1.7556,1.765,1.7746,1.7843,1.794,1.8039,1.8139,1.8241,1.8343,1.8446,1.8551,1.8657,1.8764,1.8872,1.8982,1.9093,1.9205,1.9318,1.9433,1.9549,1.9667,1.9786,1.9906,2.0028,2.0152,2.0276,2.0403,2.0531,2.0661,2.059,2.0301,1.9681,1.8102,1.675,1.5565,1.4537,1.3652,1.2872,1.1846,1.0489,1.0437,1.0386,1.0341,1.0325,1.0308,1.0291,1.0275,1.0258,1.0241,1.0225,1.0208,1.0181,1.0144,1.0121,1.0098,1.0075,1.0052,1.0029,1.0007,0.9986,0.9965,0.9945,0.9924,0.9903,0.9883,0.9863,0.9842,0.9822,0.9802,0.9782,0.9762,0.9743,0.9723,0.9703,0.9683,0.9664,0.9644,0.9624,0.9605,0.9585,0.9566,0.9546,0.9527,0.9508,0.9489,0.9469,0.945,0.9432,0.9413,0.9394,0.9375,0.9357,0.9339,0.9321,0.9304,0.9286,0.9268,0.9251,0.9233,0.9216,0.9198,0.9181,0.9164,0.9146,0.9129,0.9112,0.9095,0.9078,0.9061,0.9044,0.9028,0.9011,0.8994,0.8978,0.8961,0.8945,0.8928,0.8912,0.8896,0.888
0.1963,0.1971,0.1979,0.1987,0.1995,0.2003,0.2011,0.2019,0.2028,0.2036,0.2044,0.2053,0.2061,0.207,0.2079,0.2087,0.2094,0.2101,0.2108,0.2115,0.2122,0.2129,0.2136,0.2143,0.215,0.2158,0.2165,0.2172,0.2183,0.2211,0.224,0.2269,0.23,0.2331,0.2362,0.2395,0.2429,0.2463,0.2494,0.2525,0.2558,0.2591,0.2625,1.1657,1.1697,1.1738,1.1779,1.182,1.1862,1.1903,1.1946,1.1988,1.2031,1.2074,1.2117,1.2161,1.2205,1.2249,1.2294,1.2339,1.2384,1.243,1.2476,1.2522,1.2569,1.2616,1.2663,1.2711,1.276,1.2809,1.2858,1.2908,1.2958,1.3009,1.306,1.3111,1.3163,1.3215,1.3268,1.3321,1.3375,1.3428,1.3483,1.3537,1.3592,1.3647,1.3703,1.3759,1.3815,1.3872,1.3929,1.3987,1.4046,1.4105,1.4164,1.4224,1.4284,1.4345,1.4407,1.4469,1.4531,1.4593,1.4653,1.4713,1.4774,1.4835,1.4902,1.497,1.5039,1.5108,1.5178,1.5249,1.532,1.5392,1.5465,1.5538,1.5613,1.5687,1.5763,1.5839,1.5916,1.5994,1.6072,1.6152,1.6232,1.6312,1.6394,1.6477,1.656,1.6644,1.6729,1.6815,1.6902,1.6989,1.7078,1.7168,1.7258,1.7349,1.7442,1.7535,1.763,1.7725,1.7822,1.7919,1.8018,1.8118,1.8219,1.8321,1.8424,1.8529,1.8634,1.8741,1.8849,1.8958,1.9069,1.9181,1.9294,1.9408,1.9524,1.9641,1.976,1.988,2.0002,2.0125,2.0249,2.0141,1.9793,1.9194,1.7681,1.6378,1.5244,1.4259,1.3411,1.263,1.0583,1.044,1.0402,1.0364,1.0332,1.0321,1.0304,1.0287,1.0271,1.0254,1.0237,1.0221,1.0204,1.017,1.0135,1.0112,1.0089,1.0066,1.0043,1.0021,0.9998,0.9976,0.9955,0.9935,0.9914,0.9894,0.9873,0.9853,0.9833,0.9813,0.9792,0.9773,0.9753,0.9733,0.9713,0.9694,0.9674,0.9654,0.9635,0.9615,0.9595,0.9576,0.9556,0.9537,0.9518,0.9499,0.9479,0.946,0.9442,0.9423,0.9404,0.9385,0.9366,0.9348,0.933,0.9312,0.9294,0.9277,0.9259,0.9241,0.9224,0.9207,0.9189,0.9172,0.9155,0.9138,0.912,0.9103,0.9086,0.9069,0.9053,0.9036,0.9019,0.9002,0.8986,0.8969,0.8953,0.8936,0.892,0.8904,0.8888,0.8871
0.1965,0.1972,0.198,0.1988,0.1996,0.2004,0.2012,0.2021,0.2029,0.2037,0.2046,0.2054,0.2062,0.2071,0.2078,0.2085,0.2092,0.2099,0.2106,0.2113,0.212,0.2127,0.2134,0.2141,0.2149,0.2156,0.2163,0.2171,0.2191,0.2219,0.2248,0.2277,0.2308,0.2339,0.2371,0.2404,0.2438,0.2473,0.2504,0.2536,0.2569,0.2603,1.1484,1.1524,1.1563,1.1603,1.1643,1.1683,1.1724,1.1765,1.1806,1.1847,1.1889,1.1931,1.1974,1.2016,1.2059,1.2102,1.2146,1.219,1.2234,1.2279,1.2324,1.2369,1.2414,1.246,1.2506,1.2553,1.2601,1.2649,1.2697,1.2745,1.2794,1.2844,1.2893,1.2944,1.2994,1.3045,1.3096,1.3148,1.32,1.3253,1.3306,1.3359,1.3412,1.3466,1.352,1.3574,1.363,1.3685,1.3741,1.3797,1.3854,1.3911,1.3969,1.4027,1.4086,1.4145,1.4205,1.4265,1.4326,1.4387,1.4445,1.4503,1.4562,1.4622,1.4687,1.4753,1.482,1.4887,1.4955,1.5024,1.5093,1.5163,1.5233,1.5305,1.5377,1.5449,1.5522,1.5596,1.5671,1.5746,1.5822,1.5899,1.5977,1.6055,1.6134,1.6214,1.6295,1.6376,1.6458,1.6542,1.6626,1.671,1.6796,1.6883,1.697,1.7059,1.7148,1.7238,1.733,1.7422,1.7515,1.7609,1.7704,1.7801,1.7898,1.7997,1.8096,1.8197,1.8299,1.8402,1.8506,1.8611,1.8718,1.8825,1.8934,1.9045,1.9156,1.9269,1.9383,1.9499,1.9616,1.9734,1.9831,1.9712,1.935,1.8722,1.736,1.6022,1.4935,1.3997,1.3178,1.2327,1.0521,1.0427,1.0388,1.0347,1.0322,1.0312,1.03,1.0283,1.0267,1.025,1.0233,1.0217,1.02,1.0159,1.0126,1.0103,1.008,1.0057,1.0034,1.0012,0.9989,0.9967,0.9945,0.9925,0.9904,0.9884,0.9863,0.9843,0.9823,0.9803,0.9783,0.9763,0.9743,0.9723,0.9704,0.9684,0.9665,0.9645,0.9625,0.9606,0.9586,0.9567,0.9547,0.9528,0.9509,0.949,0.9471,0.9452,0.9433,0.9414,0.9395,0.9376,0.9358,0.9339,0.9321,0.9303,0.9285,0.9268,0.925,0.9232,0.9215,0.9198,0.918,0.9163,0.9146,0.9129,0.9112,0.9095,0.9078,0.9061,0.9044,0.9027,0.9011,0.8994,0.8977,0.8961,0.8944,0.8928,0.8912,0.8895,0.8879,0.8863
0.1966,0.1974,0.1981,0.1989,0.1997,0.2005,0.2014,0.2022,0.203,0.2038,0.2047,0.2055,0.2063,0.207,0.2077,0.2084,0.209,0.2097,0.2104,0.2111,0.2118,0.2125,0.2132,0.214,0.2147,0.2155,0.2164,0.2173,0.2197,0.2226,0.2255,0.2285,0.2316,0.2347,0.238,0.2413,0.2447,0.2482,0.2515,0.2548,0.2581,0.2615,1.1355,1.1394,1.1432,1.1471,1.151,1.155,1.1589,1.1629,1.167,1.171,1.1751,1.1792,1.1833,1.1875,1.1917,1.1959,1.2002,1.2045,1.2088,1.2131,1.2175,1.2219,1.2264,1.2308,1.2354,1.2399,1.2446,1.2493,1.254,1.2587,1.2635,1.2683,1.2731,1.278,1.2829,1.2879,1.2929,1.2979,1.303,1.3081,1.3133,1.3185,1.3237,1.3289,1.3342,1.3395,1.3449,1.3503,1.3557,1.3612,1.3667,1.3723,1.3779,1.3836,1.3893,1.3951,1.4009,1.4067,1.4126,1.4186,1.4243,1.4299,1.4357,1.4415,1.4478,1.4542,1.4607,1.4672,1.4738,1.4805,1.4872,1.494,1.5009,1.5078,1.5148,1.5218,1.5289,1.5361,1.5433,1.5506,1.558,1.5655,1.573,1.5806,1.5882,1.596,1.6038,1.6117,1.6197,1.6277,1.6358,1.6441,1.6523,1.6607,1.6692,1.6777,1.6864,1.6951,1.7039,1.7128,1.7218,1.7309,1.7401,1.7494,1.7589,1.7684,1.778,1.7877,1.7975,1.8075,1.8175,1.8277,1.8379,1.8483,1.8588,1.8695,1.8802,1.8911,1.9021,1.9132,1.9245,1.9359,1.9415,1.9303,1.895,1.8321,1.7102,1.5681,1.4638,1.3743,1.2953,1.2039,1.0483,1.0412,1.0371,1.033,1.0313,1.0302,1.0292,1.0279,1.0263,1.0246,1.0229,1.0213,1.019,1.0148,1.0117,1.0094,1.0071,1.0048,1.0026,1.0003,0.998,0.9958,0.9936,0.9915,0.9894,0.9874,0.9853,0.9833,0.9813,0.9793,0.9773,0.9753,0.9733,0.9714,0.9694,0.9675,0.9655,0.9636,0.9616,0.9596,0.9577,0.9558,0.9538,0.9519,0.95,0.9481,0.9462,0.9443,0.9424,0.9405,0.9386,0.9368,0.9349,0.933,0.9312,0.9294,0.9276,0.9259,0.9241,0.9223,0.9206,0.9189,0.9171,0.9154,0.9137,0.912,0.9103,0.9086,0.9069,0.9052,0.9035,0.9019,0.9002,0.8985,0.8969,0.8952,0.8936,0.892,0.8903,0.8887,0.8871,0.8855
0.1967,0.1975,0.1983,0.1991,0.1999,0.2007,0.2015,0.2023,0.2031,0.204,0.2048,0.2055,0.2062,0.2068,0.2075,0.2082,0.2089,0.2096,0.2103,0.211,0.2117,0.2124,0.2131,0.214,0.2148,0.2157,0.2166,0.2174,0.2203,0.2232,0.2262,0.2293,0.2324,0.2356,0.2388,0.2422,0.2456,0.2492,0.2527,0.2559,0.2592,0.2627,1.1229,1.1266,1.1304,1.1342,1.1381,1.1419,1.1458,1.1497,1.1536,1.1576,1.1616,1.1656,1.1696,1.1737,1.1778,1.1819,1.1861,1.1903,1.1945,1.1987,1.203,1.2073,1.2116,1.216,1.2205,1.2249,1.2295,1.234,1.2386,1.2432,1.2479,1.2526,1.2573,1.2621,1.2669,1.2717,1.2766,1.2815,1.2865,1.2914,1.2965,1.3015,1.3066,1.3117,1.3169,1.3221,1.3273,1.3325,1.3378,1.3432,1.3486,1.354,1.3595,1.365,1.3705,1.3761,1.3818,1.3875,1.3932,1.399,1.4046,1.4101,1.4157,1.4213,1.4274,1.4337,1.44,1.4464,1.4528,1.4593,1.4658,1.4724,1.4791,1.4858,1.4925,1.4994,1.5063,1.5132,1.5203,1.5274,1.5345,1.5417,1.549,1.5564,1.5638,1.5713,1.5789,1.5866,1.5943,1.6021,1.61,1.6179,1.6259,1.6341,1.6422,1.6505,1.6589,1.6673,1.6759,1.6845,1.6932,1.702,1.7109,1.7199,1.729,1.7381,1.7474,1.7568,1.7663,1.7759,1.7856,1.7954,1.8053,1.8153,1.8255,1.8357,1.8461,1.8566,1.8672,1.8779,1.8887,1.8997,1.9016,1.8921,1.8566,1.8017,1.6738,1.5354,1.4359,1.3499,1.2736,1.177,1.0435,1.0395,1.0353,1.0316,1.0303,1.0291,1.0282,1.0273,1.0259,1.0242,1.0225,1.0209,1.0179,1.0137,1.0108,1.0085,1.0062,1.0039,1.0017,0.9994,0.9972,0.9949,0.9927,0.9905,0.9884,0.9864,0.9844,0.9823,0.9803,0.9783,0.9763,0.9744,0.9724,0.9704,0.9685,0.9665,0.9646,0.9626,0.9607,0.9587,0.9568,0.9548,0.9529,0.951,0.9491,0.9472,0.9453,0.9434,0.9415,0.9396,0.9377,0.9359,0.934,0.9322,0.9303,0.9285,0.9267,0.9249,0.9232,0.9214,0.9197,0.918,0.9163,0.9145,0.9128,0.9111,0.9094,0.9077,0.906,0.9043,0.9027,0.901,0.8993,0.8977,0.896,0.8944,0.8928,0.8911,0.8895,0.8879,0.8863,0.8846
0.1968,0.1976,0.1984,0.1992,0.2,0.2008,0.2016,0.2024,0.2032,0.204,0.2047,0.2053,0.206,0.2067,0.2074,0.208,0.2087,0.2094,0.2101,0.2108,0.2116,0.2124,0.2133,0.2142,0.2151,0.2159,0.2168,0.218,0.2209,0.2239,0.2269,0.23,0.2332,0.2364,0.2397,0.2431,0.2466,0.2501,0.2538,0.2571,0.2604,1.1069,1.1106,1.1142,1.1179,1.1216,1.1254,1.1291,1.1329,1.1368,1.1406,1.1445,1.1484,1.1523,1.1562,1.1602,1.1642,1.1683,1.1723,1.1764,1.1805,1.1847,1.1888,1.1931,1.1973,1.2016,1.2059,1.2103,1.2147,1.2192,1.2236,1.2281,1.2327,1.2373,1.2419,1.2465,1.2512,1.2559,1.2607,1.2655,1.2703,1.2752,1.2801,1.285,1.29,1.295,1.3,1.305,1.3101,1.3153,1.3204,1.3256,1.3309,1.3362,1.3415,1.3469,1.3523,1.3577,1.3632,1.3688,1.3744,1.38,1.3855,1.3908,1.3963,1.4017,1.4077,1.4138,1.4199,1.4261,1.4323,1.4386,1.445,1.4514,1.4579,1.4644,1.471,1.4776,1.4843,1.4911,1.4979,1.5048,1.5117,1.5187,1.5258,1.533,1.5402,1.5474,1.5548,1.5622,1.5697,1.5773,1.5849,1.5926,1.6004,1.6082,1.6162,1.6242,1.6323,1.6405,1.6487,1.6571,1.6655,1.674,1.6826,1.6913,1.7001,1.7089,1.7179,1.727,1.7361,1.7454,1.7548,1.7642,1.7738,1.7835,1.7933,1.8032,1.8132,1.8233,1.8335,1.8438,1.8543,1.8649,1.8633,1.8554,1.8197,1.7698,1.6145,1.5041,1.4093,1.3263,1.2526,1.0707,1.0418,1.0377,1.0336,1.0306,1.0294,1.0282,1.0272,1.0263,1.0253,1.0238,1.0221,1.0205,1.0168,1.0126,1.0099,1.0076,1.0053,1.0031,1.0008,0.9985,0.9963,0.9941,0.9918,0.9896,0.9874,0.9854,0.9834,0.9814,0.9794,0.9774,0.9754,0.9734,0.9714,0.9695,0.9675,0.9656,0.9636,0.9617,0.9598,0.9578,0.9559,0.9539,0.952,0.9501,0.9482,0.9463,0.9444,0.9425,0.9406,0.9387,0.9369,0.935,0.9331,0.9313,0.9295,0.9276,0.9258,0.924,0.9223,0.9206,0.9188,0.9171,0.9154,0.9137,0.9119,0.9102,0.9085,0.9069,0.9052,0.9035,0.9018,0.9002,0.8985,0.8968,0.8952,0.8935,0.8919,0.8903,0.8887,0.887,0.8854,0.8838
0.1969,0.1977,0.1985,0.1993,0.2001,0.2009,0.2017,0.2025,0.2032,0.2039,0.2045,0.2052,0.2059,0.2065,0.2072,0.2079,0.2086,0.2092,0.2101,0.2109,0.2118,0.2126,0.2135,0.2144,0.2153,0.2162,0.2171,0.2187,0.2215,0.2245,0.2276,0.2307,0.2339,0.2372,0.2406,0.244,0.2475,0.2511,0.2548,0.2582,0.2616,1.0949,1.0985,1.1021,1.1057,1.1093,1.113,1.1167,1.1204,1.1241,1.1279,1.1316,1.1355,1.1393,1.1432,1.147,1.151,1.1549,1.1589,1.1629,1.1669,1.1709,1.175,1.1791,1.1833,1.1875,1.1917,1.196,1.2003,1.2046,1.209,1.2134,1.2179,1.2223,1.2268,1.2314,1.2359,1.2405,1.2452,1.2498,1.2546,1.2593,1.2641,1.2689,1.2737,1.2786,1.2836,1.2885,1.2934,1.2984,1.3035,1.3085,1.3136,1.3188,1.324,1.3292,1.3345,1.3398,1.3452,1.3506,1.356,1.3615,1.3668,1.3721,1.3773,1.3827,1.3885,1.3944,1.4004,1.4064,1.4125,1.4186,1.4248,1.431,1.4373,1.4436,1.45,1.4565,1.463,1.4695,1.4762,1.4828,1.4896,1.4964,1.5033,1.5102,1.5172,1.5243,1.5314,1.5386,1.5458,1.5532,1.5606,1.5681,1.5756,1.5832,1.5909,1.5987,1.6065,1.6144,1.6224,1.6305,1.6387,1.6469,1.6552,1.6636,1.6721,1.6807,1.6894,1.6982,1.707,1.716,1.725,1.7342,1.7434,1.7528,1.7622,1.7717,1.7814,1.7912,1.801,1.811,1.8211,1.8313,1.8265,1.82,1.7843,1.7389,1.5799,1.4741,1.3836,1.3036,1.2238,1.0557,1.04,1.036,1.0319,1.0297,1.0284,1.0272,1.0262,1.0253,1.0243,1.0234,1.0217,1.0199,1.0157,1.0115,1.009,1.0067,1.0044,1.0022,0.9999,0.9977,0.9954,0.9932,0.991,0.9888,0.9866,0.9844,0.9824,0.9804,0.9784,0.9764,0.9744,0.9724,0.9705,0.9685,0.9666,0.9646,0.9627,0.9608,0.9588,0.9569,0.9549,0.953,0.9511,0.9492,0.9473,0.9454,0.9435,0.9416,0.9397,0.9378,0.936,0.9341,0.9323,0.9304,0.9286,0.9268,0.925,0.9231,0.9214,0.9197,0.9179,0.9162,0.9145,0.9128,0.9111,0.9094,0.9077,0.906,0.9043,0.9026,0.901,0.8993,0.8976,0.896,0.8943,0.8927,0.8911,0.8894,0.8878,0.8862,0.8846,0.883
0.1970,0.1978,0.1986,0.1994,0.2002,0.201,0.2018,0.2024,0.2031,0.2037,0.2044,0.205,0.2057,0.2064,0.207,0.2077,0.2086,0.2094,0.2103,0.2111,0.212,0.2128,0.2137,0.2146,0.2155,0.2164,0.2171,0.2193,0.2222,0.2252,0.2282,0.2314,0.2346,0.2379,0.2414,0.2449,0.2485,0.2521,0.2558,0.2594,0.2628,1.0832,1.0867,1.0902,1.0937,1.0973,1.1008,1.1045,1.1081,1.1117,1.1154,1.1191,1.1228,1.1266,1.1304,1.1342,1.138,1.1418,1.1457,1.1496,1.1536,1.1575,1.1615,1.1655,1.1696,1.1737,1.1778,1.182,1.1862,1.1905,1.1947,1.199,1.2034,1.2077,1.2121,1.2166,1.221,1.2255,1.23,1.2346,1.2392,1.2438,1.2485,1.2532,1.2579,1.2627,1.2675,1.2723,1.2771,1.282,1.2869,1.2919,1.2968,1.3019,1.3069,1.312,1.3172,1.3223,1.3276,1.3328,1.3381,1.3434,1.3487,1.3538,1.3589,1.3641,1.3698,1.3755,1.3814,1.3872,1.3931,1.3991,1.4051,1.4111,1.4172,1.4234,1.4296,1.4359,1.4422,1.4486,1.4551,1.4615,1.4681,1.4747,1.4814,1.4881,1.4949,1.5018,1.5087,1.5157,1.5227,1.5298,1.537,1.5443,1.5516,1.559,1.5664,1.5739,1.5815,1.5892,1.597,1.6048,1.6127,1.6207,1.6287,1.6369,1.6451,1.6534,1.6618,1.6703,1.6788,1.6875,1.6962,1.7051,1.714,1.7231,1.7322,1.7414,1.7507,1.7601,1.7697,1.7793,1.789,1.7989,1.7918,1.7856,1.7502,1.7092,1.5467,1.4461,1.3589,1.2816,1.0686,1.0445,1.0382,1.0343,1.0302,1.0287,1.0275,1.0264,1.0246,1.023,1.0229,1.0224,1.0213,1.0188,1.0146,1.0104,1.0081,1.0058,1.0036,1.0013,0.999,0.9968,0.9946,0.9923,0.9901,0.9879,0.9857,0.9835,0.9814,0.9794,0.9774,0.9754,0.9735,0.9715,0.9695,0.9676,0.9656,0.9637,0.9617,0.9598,0.9579,0.956,0.954,0.9521,0.9502,0.9483,0.9464,0.9445,0.9426,0.9407,0.9388,0.937,0.9351,0.9333,0.9314,0.9296,0.9277,0.9259,0.9241,0.9223,0.9205,0.9188,0.917,0.9153,0.9136,0.9119,0.9102,0.9085,0.9068,0.9051,0.9034,0.9018,0.9001,0.8984,0.8968,0.8951,0.8935,0.8919,0.8902,0.8886,0.887,0.8854,0.8838,0.8822
0.1971,0.1979,0.1987,0.1995,0.2003,0.201,0.2016,0.2023,0.2029,0.2036,0.2042,0.2049,0.2055,0.2063,0.2071,0.2079,0.2088,0.2096,0.2105,0.2113,0.2122,0.213,0.2139,0.2148,0.2157,0.2166,0.217,0.2199,0.2228,0.2258,0.2289,0.2321,0.2353,0.2387,0.2421,0.2457,0.2493,0.2531,0.2568,0.2606,1.0683,1.0717,1.0751,1.0785,1.082,1.0855,1.089,1.0925,1.0961,1.0996,1.1032,1.1068,1.1105,1.1142,1.1179,1.1216,1.1253,1.1291,1.1329,1.1367,1.1405,1.1444,1.1483,1.1522,1.1562,1.1602,1.1643,1.1684,1.1725,1.1766,1.1808,1.185,1.1892,1.1935,1.1978,1.2021,1.2065,1.2108,1.2153,1.2197,1.2242,1.2287,1.2333,1.2378,1.2425,1.2471,1.2518,1.2565,1.2613,1.266,1.2708,1.2756,1.2805,1.2854,1.2903,1.2953,1.3003,1.3053,1.3104,1.3155,1.3207,1.3259,1.3311,1.336,1.341,1.3461,1.3516,1.3572,1.3629,1.3686,1.3743,1.3801,1.3859,1.3918,1.3978,1.4038,1.4098,1.4159,1.4221,1.4283,1.4345,1.4408,1.4472,1.4536,1.4601,1.4667,1.4733,1.4799,1.4866,1.4934,1.5003,1.5072,1.5141,1.5212,1.5283,1.5354,1.5427,1.55,1.5573,1.5648,1.5723,1.5799,1.5875,1.5953,1.6031,1.611,1.6189,1.627,1.6351,1.6433,1.6516,1.66,1.6684,1.677,1.6856,1.6943,1.7032,1.7121,1.7211,1.7302,1.7394,1.7487,1.7581,1.7666,1.7588,1.7508,1.7174,1.6804,1.5149,1.419,1.335,1.2603,1.0583,1.0402,1.0365,1.0326,1.029,1.0278,1.0269,1.0255,1.0236,1.0217,1.0196,1.0195,1.0194,1.0177,1.0135,1.0095,1.0072,1.0049,1.0027,1.0004,0.9982,0.9959,0.9937,0.9915,0.9893,0.9871,0.9849,0.9827,0.9805,0.9785,0.9765,0.9745,0.9725,0.9705,0.9686,0.9666,0.9647,0.9627,0.9608,0.9589,0.957,0.9551,0.9531,0.9512,0.9493,0.9474,0.9455,0.9436,0.9417,0.9398,0.9379,0.9361,0.9342,0.9324,0.9305,0.9287,0.9269,0.9251,0.9232,0.9214,0.9196,0.9179,0.9162,0.9144,0.9127,0.911,0.9093,0.9076,0.9059,0.9043,0.9026,0.9009,0.8992,0.8976,0.8959,0.8943,0.8927,0.891,0.8894,0.8878,0.8862,0.8846,0.883,0.8814
0.1972,0.198,0.1988,0.1996,0.2002,0.2008,0.2015,0.2021,0.2028,0.2034,0.2041,0.2049,0.2057,0.2065,0.2073,0.2081,0.209,0.2098,0.2107,0.2115,0.2124,0.2132,0.2141,0.215,0.2159,0.2168,0.2176,0.2205,0.2234,0.2265,0.2296,0.2327,0.236,0.2394,0.2429,0.2464,0.2501,0.2539,0.2578,0.2618,1.0571,1.0604,1.0638,1.0671,1.0705,1.0739,1.0774,1.0808,1.0843,1.0878,1.0913,1.0948,1.0984,1.102,1.1056,1.1092,1.1129,1.1166,1.1203,1.124,1.1278,1.1316,1.1354,1.1392,1.1431,1.1471,1.1511,1.155,1.1591,1.1631,1.1672,1.1713,1.1754,1.1796,1.1838,1.188,1.1923,1.1965,1.2008,1.2052,1.2096,1.214,1.2184,1.2229,1.2274,1.2319,1.2365,1.2411,1.2458,1.2504,1.2551,1.2598,1.2645,1.2693,1.2741,1.2789,1.2838,1.2887,1.2937,1.2987,1.3037,1.3088,1.3139,1.3187,1.3236,1.3285,1.3339,1.3393,1.3448,1.3504,1.356,1.3616,1.3673,1.373,1.3788,1.3847,1.3905,1.3965,1.4025,1.4085,1.4146,1.4207,1.4269,1.4332,1.4395,1.4458,1.4522,1.4587,1.4652,1.4718,1.4785,1.4852,1.4919,1.4988,1.5057,1.5126,1.5196,1.5267,1.5339,1.5411,1.5484,1.5557,1.5632,1.5707,1.5782,1.5859,1.5936,1.6014,1.6092,1.6172,1.6252,1.6333,1.6415,1.6498,1.6581,1.6666,1.6751,1.6837,1.6924,1.7012,1.7101,1.7191,1.7282,1.7335,1.727,1.7174,1.6858,1.5918,1.4848,1.393,1.3119,1.2398,1.0509,1.0393,1.0348,1.0309,1.0281,1.0268,1.0264,1.0246,1.0227,1.0209,1.0189,1.0167,1.0162,1.0161,1.0124,1.0086,1.0063,1.0041,1.0018,0.9995,0.9973,0.9951,0.9928,0.9906,0.9884,0.9862,0.984,0.9818,0.9797,0.9775,0.9755,0.9735,0.9715,0.9696,0.9676,0.9657,0.9637,0.9618,0.9599,0.958,0.956,0.9541,0.9522,0.9503,0.9484,0.9465,0.9446,0.9427,0.9408,0.9389,0.9371,0.9352,0.9334,0.9315,0.9297,0.9278,0.926,0.9242,0.9224,0.9206,0.9188,0.917,0.9153,0.9136,0.9118,0.9101,0.9084,0.9068,0.9051,0.9034,0.9017,0.9001,0.8984,0.8967,0.8951,0.8935,0.8918,0.8902,0.8886,0.887,0.8853,0.8837,0.8821,0.8805
0.1974,0.1981,0.1988,0.1994,0.2001,0.2007,0.2013,0.202,0.2027,0.2034,0.2042,0.205,0.2059,0.2067,0.2075,0.2083,0.2092,0.21,0.2109,0.2117,0.2126,0.2135,0.2143,0.2152,0.2161,0.2169,0.2182,0.2211,0.2241,0.2271,0.2302,0.2334,0.2367,0.2401,0.2436,0.2472,0.2509,0.2547,0.2587,1.0429,1.0462,1.0494,1.0527,1.056,1.0593,1.0626,1.066,1.0694,1.0728,1.0762,1.0796,1.0831,1.0866,1.0901,1.0936,1.0972,1.1008,1.1044,1.108,1.1117,1.1153,1.119,1.1228,1.1266,1.1304,1.1342,1.1381,1.142,1.1459,1.1499,1.1539,1.1579,1.1619,1.166,1.1701,1.1742,1.1784,1.1825,1.1868,1.191,1.1953,1.1996,1.2039,1.2083,1.2127,1.2171,1.2216,1.2261,1.2306,1.2352,1.2397,1.2443,1.2489,1.2536,1.2583,1.263,1.2678,1.2726,1.2774,1.2823,1.2872,1.2921,1.2971,1.3018,1.3066,1.3113,1.3166,1.3219,1.3273,1.3327,1.3381,1.3436,1.3492,1.3548,1.3604,1.3661,1.3718,1.3776,1.3834,1.3893,1.3952,1.4012,1.4072,1.4133,1.4194,1.4256,1.4318,1.4381,1.4444,1.4508,1.4573,1.4638,1.4704,1.477,1.4837,1.4905,1.4973,1.5041,1.5111,1.5181,1.5252,1.5323,1.5395,1.5468,1.5541,1.5615,1.569,1.5766,1.5842,1.5919,1.5997,1.6075,1.6154,1.6235,1.6315,1.6397,1.648,1.6563,1.6647,1.6733,1.6819,1.6906,1.6993,1.7016,1.6964,1.6852,1.6554,1.5581,1.4563,1.3679,1.2896,1.0602,1.0529,1.0413,1.033,1.0292,1.0271,1.0267,1.0255,1.0236,1.0218,1.0199,1.0181,1.016,1.0139,1.0128,1.0113,1.0077,1.0055,1.0032,1.0009,0.9987,0.9964,0.9942,0.992,0.9898,0.9875,0.9854,0.9832,0.981,0.9788,0.9767,0.9745,0.9726,0.9706,0.9686,0.9667,0.9647,0.9628,0.9609,0.9589,0.957,0.9551,0.9532,0.9513,0.9494,0.9475,0.9456,0.9437,0.9418,0.9399,0.9381,0.9362,0.9343,0.9325,0.9306,0.9288,0.927,0.9252,0.9234,0.9215,0.9197,0.918,0.9162,0.9144,0.9127,0.911,0.9093,0.9076,0.9059,0.9042,0.9025,0.9009,0.8992,0.8975,0.8959,0.8943,0.8926,0.891,0.8894,0.8877,0.8861,0.8845,0.8829,0.8813,0.8797
0.1974,0.198,0.1987,0.1993,0.1999,0.2005,0.2013,0.2021,0.2028,0.2036,0.2044,0.2052,0.206,0.2069,0.2077,0.2085,0.2094,0.2102,0.2111,0.2119,0.2128,0.2137,0.2145,0.2154,0.2163,0.2168,0.2189,0.2218,0.2247,0.2278,0.2309,0.2341,0.2375,0.2409,0.2444,0.248,0.2517,0.2556,0.2595,1.0323,1.0354,1.0386,1.0418,1.0451,1.0483,1.0516,1.0549,1.0582,1.0615,1.0648,1.0682,1.0716,1.075,1.0785,1.0819,1.0854,1.0889,1.0924,1.096,1.0996,1.1032,1.1068,1.1104,1.1142,1.1179,1.1217,1.1254,1.1293,1.1331,1.137,1.1409,1.1448,1.1487,1.1527,1.1567,1.1607,1.1648,1.1689,1.173,1.1772,1.1813,1.1855,1.1898,1.194,1.1983,1.2027,1.207,1.2114,1.2158,1.2203,1.2248,1.2292,1.2337,1.2383,1.2429,1.2475,1.2521,1.2568,1.2615,1.2663,1.2711,1.2759,1.2807,1.2854,1.29,1.2947,1.2998,1.305,1.3102,1.3155,1.3208,1.3261,1.3315,1.337,1.3424,1.348,1.3535,1.3592,1.3648,1.3706,1.3763,1.3821,1.388,1.3939,1.3999,1.4059,1.4119,1.4181,1.4242,1.4304,1.4367,1.4431,1.4494,1.4559,1.4624,1.4689,1.4756,1.4822,1.489,1.4958,1.5026,1.5096,1.5166,1.5236,1.5307,1.5379,1.5452,1.5525,1.5599,1.5674,1.5749,1.5825,1.5902,1.598,1.6058,1.6137,1.6217,1.6298,1.6379,1.6462,1.6545,1.6629,1.6714,1.6718,1.6668,1.6542,1.626,1.5259,1.4289,1.3437,1.2681,1.0554,1.0469,1.0421,1.0319,1.0275,1.0266,1.0264,1.0245,1.0227,1.0208,1.019,1.0172,1.0153,1.0132,1.011,1.0095,1.0068,1.0046,1.0023,1,0.9978,0.9956,0.9933,0.9911,0.9889,0.9867,0.9845,0.9823,0.9802,0.978,0.9758,0.9737,0.9716,0.9696,0.9677,0.9657,0.9638,0.9619,0.9599,0.958,0.9561,0.9542,0.9523,0.9504,0.9485,0.9466,0.9447,0.9428,0.9409,0.939,0.9372,0.9353,0.9335,0.9316,0.9298,0.9279,0.9261,0.9243,0.9225,0.9207,0.9189,0.9171,0.9153,0.9136,0.9118,0.9101,0.9084,0.9067,0.905,0.9033,0.9017,0.9,0.8983,0.8967,0.895,0.8934,0.8918,0.8901,0.8885,0.8869,0.8853,0.8837,0.8821,0.8805,0.8789
0.1973,0.1979,0.1985,0.1991,0.1999,0.2007,0.2015,0.2022,0.203,0.2038,0.2046,0.2054,0.2062,0.2071,0.2079,0.2087,0.2096,0.2104,0.2113,0.2121,0.213,0.2139,0.2147,0.2156,0.2165,0.2167,0.2195,0.2224,0.2254,0.2284,0.2316,0.2348,0.2382,0.2416,0.2452,0.2488,0.2525,0.2564,0.2606,1.0218,1.0249,1.028,1.0312,1.0344,1.0375,1.0407,1.044,1.0472,1.0505,1.0537,1.057,1.0604,1.0637,1.0671,1.0705,1.0739,1.0773,1.0808,1.0842,1.0877,1.0912,1.0948,1.0984,1.102,1.1057,1.1094,1.1131,1.1168,1.1206,1.1243,1.1281,1.132,1.1358,1.1397,1.1436,1.1476,1.1515,1.1555,1.1596,1.1636,1.1677,1.1718,1.1759,1.1801,1.1843,1.1885,1.1928,1.1971,1.2014,1.2057,1.2101,1.2145,1.2189,1.2234,1.2278,1.2323,1.2369,1.2414,1.246,1.2507,1.2553,1.26,1.2648,1.2694,1.2739,1.2784,1.2834,1.2884,1.2935,1.2987,1.3038,1.3091,1.3143,1.3196,1.325,1.3303,1.3358,1.3412,1.3468,1.3523,1.3579,1.3636,1.3693,1.3751,1.3809,1.3867,1.3926,1.3986,1.4046,1.4106,1.4167,1.4229,1.4291,1.4354,1.4417,1.448,1.4545,1.461,1.4675,1.4741,1.4808,1.4875,1.4943,1.5011,1.5081,1.515,1.5221,1.5292,1.5364,1.5436,1.5509,1.5583,1.5657,1.5733,1.5809,1.5885,1.5963,1.6041,1.612,1.62,1.628,1.6362,1.6444,1.6431,1.6382,1.6243,1.5976,1.4956,1.4026,1.3204,1.2473,1.0506,1.0411,1.0362,1.0315,1.0266,1.0265,1.0255,1.0236,1.0218,1.0199,1.0181,1.0162,1.0144,1.0125,1.0104,1.0082,1.0059,1.0037,1.0014,0.9992,0.9969,0.9947,0.9925,0.9902,0.988,0.9858,0.9837,0.9815,0.9793,0.9772,0.975,0.9729,0.9708,0.9687,0.9667,0.9648,0.9629,0.9609,0.959,0.9571,0.9552,0.9533,0.9514,0.9495,0.9476,0.9457,0.9438,0.9419,0.94,0.9382,0.9363,0.9344,0.9326,0.9307,0.9289,0.9271,0.9253,0.9235,0.9216,0.9198,0.9181,0.9163,0.9145,0.9127,0.911,0.9092,0.9075,0.9058,0.9042,0.9025,0.9008,0.8992,0.8975,0.8958,0.8942,0.8926,0.8909,0.8893,0.8877,0.8861,0.8845,0.8829,0.8813,0.8797,0.8781
0.1971,0.1978,0.1986,0.1993,0.2001,0.2009,0.2016,0.2024,0.2032,0.204,0.2048,0.2056,0.2064,0.2073,0.2081,0.2089,0.2098,0.2106,0.2115,0.2123,0.2132,0.2141,0.215,0.2158,0.2166,0.2172,0.2201,0.223,0.226,0.2291,0.2323,0.2356,0.2389,0.2424,0.2459,0.2496,0.2534,0.2572,0.2625,1.0116,1.0146,1.0177,1.0208,1.0239,1.027,1.0301,1.0333,1.0364,1.0396,1.0429,1.0461,1.0493,1.0526,1.0559,1.0592,1.0626,1.0659,1.0693,1.0727,1.0761,1.0796,1.0831,1.0866,1.0901,1.0937,1.0973,1.101,1.1046,1.1083,1.112,1.1157,1.1195,1.1232,1.127,1.1309,1.1347,1.1386,1.1425,1.1464,1.1504,1.1544,1.1584,1.1624,1.1665,1.1706,1.1747,1.1789,1.1831,1.1873,1.1915,1.1958,1.2001,1.2044,1.2088,1.2131,1.2175,1.222,1.2264,1.2309,1.2354,1.24,1.2446,1.2492,1.2537,1.2581,1.2625,1.2674,1.2723,1.2773,1.2823,1.2873,1.2924,1.2976,1.3027,1.3079,1.3132,1.3185,1.3238,1.3292,1.3346,1.3401,1.3456,1.3511,1.3567,1.3624,1.3681,1.3738,1.3796,1.3854,1.3913,1.3973,1.4032,1.4093,1.4154,1.4215,1.4277,1.434,1.4403,1.4467,1.4531,1.4595,1.4661,1.4727,1.4793,1.486,1.4928,1.4996,1.5065,1.5135,1.5205,1.5276,1.5348,1.542,1.5493,1.5567,1.5641,1.5716,1.5792,1.5868,1.5946,1.6024,1.6103,1.6182,1.6153,1.6106,1.5955,1.5705,1.4667,1.3771,1.2978,1.2271,1.0458,1.0353,1.0311,1.028,1.0264,1.0263,1.0245,1.0227,1.0208,1.019,1.0172,1.0153,1.0135,1.0117,1.0097,1.0076,1.0045,1.0026,1.0005,0.9983,0.996,0.9938,0.9916,0.9894,0.9872,0.985,0.9828,0.9806,0.9785,0.9763,0.9742,0.972,0.9699,0.9678,0.9658,0.9638,0.9619,0.96,0.9581,0.9562,0.9543,0.9524,0.9505,0.9486,0.9467,0.9448,0.9429,0.941,0.9391,0.9373,0.9354,0.9336,0.9317,0.9299,0.9281,0.9262,0.9244,0.9226,0.9208,0.919,0.9172,0.9154,0.9137,0.9119,0.9101,0.9084,0.9067,0.905,0.9033,0.9016,0.9,0.8983,0.8966,0.895,0.8934,0.8917,0.8901,0.8885,0.8869,0.8852,0.8836,0.882,0.8804,0.8789,0.8773
0.1972,0.198,0.1987,0.1995,0.2003,0.201,0.2018,0.2026,0.2034,0.2042,0.205,0.2058,0.2066,0.2075,0.2083,0.2091,0.21,0.2108,0.2117,0.2125,0.2134,0.2143,0.2152,0.2161,0.2166,0.2178,0.2207,0.2237,0.2267,0.2298,0.233,0.2363,0.2396,0.2431,0.2467,0.2504,0.2542,0.2583,0.9986,1.0016,1.0045,1.0075,1.0106,1.0136,1.0166,1.0197,1.0228,1.0259,1.0291,1.0322,1.0354,1.0386,1.0418,1.045,1.0482,1.0515,1.0548,1.0581,1.0614,1.0648,1.0682,1.0716,1.0751,1.0785,1.082,1.0856,1.0891,1.0927,1.0963,1.0999,1.1035,1.1072,1.1109,1.1146,1.1184,1.1221,1.1259,1.1297,1.1336,1.1375,1.1414,1.1453,1.1492,1.1532,1.1572,1.1612,1.1653,1.1694,1.1735,1.1777,1.1819,1.1861,1.1903,1.1945,1.1988,1.2031,1.2074,1.2118,1.2162,1.2206,1.225,1.2295,1.234,1.2384,1.2427,1.2471,1.2518,1.2566,1.2615,1.2663,1.2713,1.2762,1.2812,1.2862,1.2913,1.2964,1.3016,1.3068,1.312,1.3173,1.3226,1.328,1.3334,1.3389,1.3444,1.3499,1.3555,1.3611,1.3668,1.3726,1.3783,1.3842,1.39,1.396,1.4019,1.408,1.414,1.4202,1.4264,1.4326,1.4389,1.4453,1.4517,1.4581,1.4646,1.4712,1.4779,1.4846,1.4913,1.4982,1.505,1.512,1.519,1.5261,1.5332,1.5404,1.5477,1.5551,1.5625,1.57,1.5775,1.5852,1.5929,1.5885,1.584,1.5677,1.5371,1.439,1.3526,1.276,1.059,1.0411,1.0333,1.0301,1.027,1.0263,1.0255,1.0236,1.0217,1.0199,1.0181,1.0162,1.0144,1.0126,1.0108,1.009,1.0069,1.0048,1.0011,0.9992,0.9973,0.9952,0.993,0.9907,0.9885,0.9863,0.9841,0.982,0.9798,0.9776,0.9755,0.9734,0.9712,0.9691,0.967,0.9649,0.9629,0.961,0.9591,0.9571,0.9552,0.9533,0.9514,0.9496,0.9477,0.9458,0.9439,0.942,0.9401,0.9383,0.9364,0.9345,0.9327,0.9309,0.929,0.9272,0.9254,0.9236,0.9217,0.9199,0.9182,0.9164,0.9146,0.9128,0.9111,0.9093,0.9075,0.9058,0.9041,0.9024,0.9008,0.8991,0.8975,0.8958,0.8942,0.8925,0.8909,0.8893,0.8876,0.886,0.8844,0.8828,0.8812,0.8796,0.878,0.8765
0.1974,0.1982,0.1989,0.1997,0.2005,0.2012,0.202,0.2028,0.2036,0.2044,0.2052,0.206,0.2068,0.2076,0.2085,0.2093,0.2102,0.211,0.2119,0.2127,0.2136,0.2145,0.2154,0.2163,0.2165,0.2185,0.2213,0.2243,0.2273,0.2305,0.2337,0.237,0.2404,0.2439,0.2475,0.2512,0.255,0.2607,0.9888,0.9917,0.9946,0.9976,1.0005,1.0035,1.0065,1.0095,1.0126,1.0156,1.0187,1.0218,1.0249,1.028,1.0311,1.0343,1.0375,1.0407,1.0439,1.0471,1.0504,1.0537,1.057,1.0604,1.0638,1.0672,1.0706,1.074,1.0775,1.081,1.0845,1.0881,1.0916,1.0952,1.0988,1.1025,1.1061,1.1098,1.1135,1.1173,1.121,1.1248,1.1286,1.1325,1.1363,1.1402,1.1441,1.1481,1.152,1.156,1.1601,1.1641,1.1682,1.1723,1.1765,1.1806,1.1848,1.189,1.1932,1.1975,1.2017,1.2061,1.2104,1.2148,1.2192,1.2236,1.2277,1.232,1.2366,1.2413,1.246,1.2508,1.2556,1.2604,1.2653,1.2702,1.2751,1.2801,1.2852,1.2902,1.2953,1.3005,1.3057,1.3109,1.3162,1.3215,1.3268,1.3322,1.3377,1.3432,1.3487,1.3543,1.3599,1.3656,1.3713,1.3771,1.3829,1.3888,1.3947,1.4006,1.4066,1.4127,1.4188,1.425,1.4312,1.4375,1.4439,1.4503,1.4567,1.4632,1.4698,1.4764,1.4831,1.4899,1.4967,1.5035,1.5105,1.5175,1.5245,1.5316,1.5389,1.5461,1.5534,1.5608,1.568,1.5625,1.5581,1.5408,1.5066,1.4122,1.3289,1.2549,1.0541,1.0354,1.0323,1.0292,1.0262,1.0261,1.0245,1.0227,1.0208,1.019,1.0171,1.0153,1.0135,1.0117,1.0099,1.0081,1.0062,1.0041,0.9997,0.9978,0.9959,0.994,0.9921,0.9899,0.9877,0.9855,0.9833,0.9811,0.979,0.9768,0.9747,0.9725,0.9704,0.9683,0.9662,0.9641,0.962,0.96,0.9581,0.9562,0.9543,0.9524,0.9505,0.9486,0.9468,0.9449,0.943,0.9411,0.9393,0.9374,0.9355,0.9337,0.9318,0.93,0.9282,0.9263,0.9245,0.9227,0.9209,0.9191,0.9173,0.9155,0.9138,0.912,0.9102,0.9085,0.9067,0.905,0.9032,0.9016,0.8999,0.8983,0.8966,0.895,0.8933,0.8917,0.8901,0.8884,0.8868,0.8852,0.8836,0.882,0.8804,0.8788,0.8772,0.8757
0.1976,0.1983,0.1991,0.1999,0.2006,0.2014,0.2022,0.203,0.2038,0.2046,0.2054,0.2062,0.207,0.2078,0.2087,0.2095,0.2104,0.2112,0.2121,0.2129,0.2138,0.2147,0.2156,0.2164,0.2164,0.2191,0.222,0.2249,0.228,0.2311,0.2344,0.2377,0.2411,0.2446,0.2483,0.252,0.2561,0.262,0.9792,0.9821,0.9849,0.9878,0.9907,0.9937,0.9966,0.9995,1.0025,1.0055,1.0085,1.0115,1.0146,1.0176,1.0207,1.0238,1.0269,1.0301,1.0332,1.0364,1.0396,1.0428,1.0461,1.0494,1.0527,1.056,1.0594,1.0628,1.0662,1.0696,1.073,1.0765,1.08,1.0835,1.087,1.0906,1.0942,1.0978,1.1014,1.1051,1.1088,1.1125,1.1162,1.1199,1.1237,1.1275,1.1313,1.1352,1.1391,1.143,1.1469,1.1509,1.1549,1.1589,1.1629,1.167,1.1711,1.1752,1.1793,1.1835,1.1877,1.1919,1.1961,1.2004,1.2047,1.209,1.2131,1.2172,1.2218,1.2263,1.2309,1.2356,1.2403,1.245,1.2497,1.2545,1.2594,1.2642,1.2691,1.2741,1.279,1.2841,1.2891,1.2942,1.2994,1.3045,1.3098,1.315,1.3203,1.3257,1.3311,1.3365,1.342,1.3475,1.3531,1.3587,1.3643,1.3701,1.3758,1.3816,1.3875,1.3934,1.3993,1.4053,1.4114,1.4175,1.4237,1.4299,1.4361,1.4425,1.4489,1.4553,1.4618,1.4684,1.475,1.4816,1.4884,1.4952,1.502,1.5089,1.5159,1.523,1.5301,1.5373,1.5427,1.5374,1.5331,1.5148,1.4773,1.3864,1.3061,1.2345,1.0489,1.0332,1.0313,1.0282,1.0261,1.0254,1.0236,1.0217,1.0199,1.018,1.0162,1.0144,1.0126,1.0108,1.009,1.0072,1.0054,1.0034,0.9983,0.9964,0.9945,0.9926,0.9907,0.9889,0.9868,0.9846,0.9824,0.9803,0.9781,0.976,0.9738,0.9717,0.9696,0.9675,0.9653,0.9633,0.9612,0.9591,0.9572,0.9553,0.9534,0.9515,0.9496,0.9477,0.9459,0.944,0.9421,0.9402,0.9384,0.9365,0.9346,0.9328,0.931,0.9291,0.9273,0.9255,0.9237,0.9218,0.92,0.9183,0.9165,0.9147,0.9129,0.9112,0.9094,0.9076,0.9059,0.9042,0.9024,0.9007,0.8991,0.8974,0.8958,0.8941,0.8925,0.8908,0.8892,0.8876,0.886,0.8844,0.8828,0.8812,0.8796,0.878,0.8764,0.8748
0.1978,0.1985,0.1993,0.2,0.2008,0.2016,0.2024,0.2032,0.204,0.2048,0.2056,0.2064,0.2072,0.208,0.2089,0.2097,0.2106,0.2114,0.2123,0.2132,0.214,0.2149,0.2158,0.2163,0.2168,0.2197,0.2226,0.2256,0.2287,0.2318,0.2351,0.2384,0.2419,0.2454,0.2491,0.2528,0.2584,0.967,0.9698,0.9726,0.9754,0.9783,0.9811,0.984,0.9868,0.9897,0.9927,0.9956,0.9985,1.0015,1.0045,1.0075,1.0105,1.0135,1.0166,1.0197,1.0228,1.0259,1.029,1.0322,1.0354,1.0386,1.0418,1.0451,1.0484,1.0517,1.055,1.0584,1.0618,1.0652,1.0686,1.072,1.0755,1.079,1.0825,1.086,1.0896,1.0931,1.0967,1.1004,1.104,1.1077,1.1114,1.1151,1.1188,1.1226,1.1264,1.1302,1.1341,1.138,1.1418,1.1458,1.1497,1.1537,1.1577,1.1618,1.1658,1.1698,1.1739,1.178,1.1822,1.1864,1.1906,1.1948,1.1988,1.2028,1.2073,1.2117,1.2162,1.2208,1.2253,1.2299,1.2346,1.2392,1.244,1.2487,1.2535,1.2583,1.2632,1.2681,1.273,1.278,1.283,1.288,1.2931,1.2982,1.3034,1.3086,1.3139,1.3192,1.3245,1.3299,1.3353,1.3408,1.3463,1.3519,1.3575,1.3631,1.3688,1.3746,1.3804,1.3862,1.3921,1.398,1.404,1.4101,1.4162,1.4223,1.4285,1.4348,1.4411,1.4475,1.4539,1.4604,1.4669,1.4735,1.4802,1.4869,1.4937,1.5005,1.5074,1.5144,1.5182,1.513,1.5089,1.4897,1.4491,1.3616,1.284,1.2148,1.0429,1.0321,1.0303,1.0272,1.0259,1.0245,1.0226,1.0208,1.019,1.0171,1.0153,1.0135,1.0117,1.0098,1.008,1.0062,1.0045,1.0027,0.9989,0.995,0.9931,0.9912,0.9893,0.9875,0.9856,0.9838,0.9816,0.9794,0.9773,0.9751,0.973,0.9709,0.9687,0.9666,0.9645,0.9624,0.9604,0.9583,0.9563,0.9544,0.9525,0.9506,0.9487,0.9468,0.945,0.9431,0.9412,0.9394,0.9375,0.9356,0.9338,0.9319,0.9301,0.9283,0.9264,0.9246,0.9228,0.921,0.9192,0.9174,0.9156,0.9139,0.9121,0.9103,0.9086,0.9068,0.9051,0.9033,0.9016,0.8999,0.8982,0.8966,0.8949,0.8933,0.8916,0.89,0.8884,0.8868,0.8852,0.8836,0.882,0.8804,0.8788,0.8772,0.8756,0.874
0.1979,0.1987,0.1995,0.2002,0.201,0.2018,0.2026,0.2034,0.2042,0.205,0.2058,0.2066,0.2074,0.2082,0.2091,0.2099,0.2108,0.2116,0.2125,0.2134,0.2142,0.2151,0.216,0.2163,0.2174,0.2203,0.2232,0.2262,0.2293,0.2325,0.2358,0.2392,0.2426,0.2462,0.2499,0.2538,0.2603,0.9579,0.9606,0.9633,0.9661,0.9689,0.9717,0.9745,0.9773,0.9801,0.983,0.9859,0.9888,0.9917,0.9946,0.9975,1.0005,1.0035,1.0065,1.0095,1.0125,1.0155,1.0186,1.0217,1.0249,1.028,1.0312,1.0344,1.0377,1.0409,1.0442,1.0474,1.0507,1.0541,1.0574,1.0608,1.0642,1.0676,1.071,1.0745,1.078,1.0815,1.085,1.0885,1.0921,1.0957,1.0993,1.1029,1.1066,1.1103,1.114,1.1177,1.1215,1.1253,1.1291,1.1329,1.1368,1.1407,1.1446,1.1486,1.1525,1.1565,1.1605,1.1645,1.1686,1.1726,1.1767,1.1809,1.1848,1.1888,1.1931,1.1975,1.2019,1.2063,1.2108,1.2153,1.2198,1.2243,1.2289,1.2336,1.2382,1.2429,1.2477,1.2524,1.2573,1.2621,1.267,1.2719,1.2769,1.2819,1.2869,1.292,1.2971,1.3023,1.3075,1.3127,1.318,1.3233,1.3287,1.3341,1.3396,1.3451,1.3506,1.3562,1.3619,1.3676,1.3733,1.3791,1.3849,1.3908,1.3967,1.4027,1.4087,1.4148,1.421,1.4272,1.4334,1.4397,1.4461,1.4525,1.4589,1.4655,1.472,1.4787,1.4854,1.4922,1.4945,1.4895,1.4844,1.4655,1.422,1.3376,1.2627,1.1956,1.037,1.031,1.0293,1.0262,1.0254,1.0236,1.0217,1.0199,1.018,1.0162,1.0144,1.0126,1.0107,1.0089,1.0071,1.0053,1.0036,1.0018,0.9995,0.9936,0.9917,0.9898,0.988,0.9861,0.9842,0.9824,0.9806,0.9786,0.9764,0.9743,0.9722,0.97,0.9679,0.9658,0.9637,0.9616,0.9596,0.9575,0.9554,0.9534,0.9516,0.9497,0.9478,0.9459,0.9441,0.9422,0.9404,0.9385,0.9366,0.9348,0.9329,0.9311,0.9292,0.9274,0.9256,0.9238,0.922,0.9202,0.9184,0.9166,0.9148,0.913,0.9113,0.9095,0.9077,0.906,0.9043,0.9025,0.9008,0.8991,0.8974,0.8957,0.8941,0.8924,0.8908,0.8892,0.8876,0.8859,0.8843,0.8827,0.8811,0.8795,0.878,0.8764,0.8748,0.8732
0.1981,0.1989,0.1996,0.2004,0.2012,0.202,0.2028,0.2035,0.2043,0.2051,0.206,0.2068,0.2076,0.2084,0.2093,0.2101,0.211,0.2118,0.2127,0.2136,0.2144,0.2153,0.2161,0.2162,0.218,0.2209,0.2239,0.2269,0.23,0.2332,0.2365,0.2399,0.2434,0.247,0.2507,0.2561,0.2616,0.9489,0.9515,0.9542,0.9569,0.9597,0.9624,0.9652,0.9679,0.9707,0.9735,0.9763,0.9792,0.982,0.9849,0.9878,0.9907,0.9936,0.9965,0.9995,1.0025,1.0054,1.0085,1.0115,1.0146,1.0177,1.0208,1.024,1.0271,1.0303,1.0335,1.0367,1.0399,1.0432,1.0465,1.0498,1.0531,1.0564,1.0598,1.0632,1.0666,1.07,1.0735,1.0769,1.0804,1.0839,1.0875,1.091,1.0946,1.0982,1.1019,1.1055,1.1092,1.1129,1.1167,1.1204,1.1242,1.128,1.1318,1.1357,1.1396,1.1435,1.1474,1.1513,1.1553,1.1592,1.1633,1.1673,1.1712,1.1751,1.1793,1.1835,1.1878,1.1922,1.1965,1.2009,1.2053,1.2098,1.2143,1.2188,1.2233,1.2279,1.2325,1.2372,1.2419,1.2466,1.2514,1.2562,1.261,1.2659,1.2708,1.2758,1.2808,1.2858,1.2909,1.296,1.3012,1.3063,1.3116,1.3169,1.3222,1.3275,1.333,1.3384,1.3439,1.3494,1.355,1.3606,1.3663,1.372,1.3778,1.3836,1.3895,1.3954,1.4014,1.4074,1.4135,1.4196,1.4258,1.432,1.4383,1.4447,1.4511,1.4575,1.464,1.4706,1.4715,1.4666,1.4603,1.442,1.3959,1.3145,1.242,1.0569,1.0347,1.0299,1.0284,1.0257,1.0245,1.0226,1.0208,1.0189,1.0171,1.0153,1.0135,1.0116,1.0098,1.008,1.0061,1.0042,1.0022,1.0003,0.9982,0.9923,0.9903,0.9884,0.9866,0.9847,0.9829,0.981,0.9792,0.9774,0.9755,0.9735,0.9713,0.9692,0.9671,0.965,0.9629,0.9608,0.9587,0.9567,0.9546,0.9526,0.9506,0.9488,0.9469,0.945,0.9432,0.9413,0.9395,0.9376,0.9357,0.9339,0.932,0.9302,0.9284,0.9265,0.9247,0.9229,0.9211,0.9193,0.9175,0.9157,0.914,0.9122,0.9104,0.9087,0.9069,0.9052,0.9034,0.9017,0.9,0.8983,0.8966,0.8949,0.8932,0.8916,0.89,0.8883,0.8867,0.8851,0.8835,0.8819,0.8803,0.8787,0.8771,0.8756,0.874,0.8724
0.1983,0.1991,0.1998,0.2006,0.2014,0.2022,0.2029,0.2037,0.2045,0.2053,0.2062,0.207,0.2078,0.2086,0.2095,0.2103,0.2112,0.212,0.2129,0.2138,0.2147,0.2155,0.2161,0.2162,0.2187,0.2215,0.2245,0.2276,0.2307,0.2339,0.2372,0.2406,0.2441,0.2477,0.2517,0.2584,0.9374,0.94,0.9427,0.9453,0.948,0.9506,0.9533,0.956,0.9587,0.9615,0.9642,0.967,0.9698,0.9726,0.9754,0.9782,0.9811,0.9839,0.9868,0.9897,0.9926,0.9955,0.9985,1.0015,1.0045,1.0076,1.0106,1.0137,1.0168,1.0199,1.023,1.0262,1.0294,1.0326,1.0358,1.039,1.0423,1.0455,1.0488,1.0521,1.0555,1.0588,1.0622,1.0656,1.069,1.0725,1.0759,1.0794,1.0829,1.0864,1.09,1.0936,1.0972,1.1008,1.1045,1.1081,1.1118,1.1156,1.1193,1.1231,1.1269,1.1307,1.1345,1.1384,1.1423,1.1461,1.1501,1.154,1.1579,1.1616,1.1658,1.1699,1.1741,1.1784,1.1826,1.1869,1.1912,1.1956,1.1999,1.2044,1.2088,1.2133,1.2178,1.2223,1.2269,1.2315,1.2362,1.2409,1.2456,1.2504,1.2552,1.26,1.2649,1.2698,1.2747,1.2797,1.2847,1.2898,1.2949,1.3,1.3052,1.3104,1.3157,1.321,1.3264,1.3318,1.3372,1.3427,1.3482,1.3538,1.3594,1.3651,1.3708,1.3765,1.3823,1.3882,1.3941,1.4001,1.4061,1.4121,1.4183,1.4244,1.4307,1.4369,1.4433,1.4496,1.4492,1.4445,1.437,1.4171,1.3707,1.2921,1.222,1.0527,1.0365,1.0288,1.0274,1.0254,1.0235,1.0217,1.0199,1.018,1.0162,1.0144,1.0125,1.0105,1.0085,1.0066,1.0046,1.0027,1.0007,0.9987,0.9966,0.9929,0.9889,0.987,0.9852,0.9833,0.9815,0.9797,0.9778,0.976,0.9742,0.9724,0.9705,0.9684,0.9663,0.9642,0.9621,0.96,0.9579,0.9559,0.9538,0.9518,0.9497,0.9478,0.946,0.9441,0.9423,0.9404,0.9386,0.9367,0.9349,0.933,0.9312,0.9293,0.9275,0.9257,0.9239,0.9221,0.9203,0.9185,0.9167,0.9149,0.9131,0.9114,0.9096,0.9078,0.9061,0.9044,0.9026,0.9009,0.8992,0.8975,0.8958,0.8941,0.8924,0.8908,0.8891,0.8875,0.8859,0.8843,0.8827,0.8811,0.8795,0.8779,0.8763,0.8748,0.8732,0.8716
0.1985,0.1992,0.2,0.2008,0.2016,0.2023,0.2031,0.2039,0.2047,0.2055,0.2063,0.2072,0.208,0.2088,0.2097,0.2105,0.2114,0.2122,0.2131,0.214,0.2149,0.2158,0.216,0.2164,0.2193,0.2222,0.2252,0.2282,0.2314,0.2346,0.2379,0.2414,0.2449,0.2485,0.2539,0.2599,0.9288,0.9314,0.934,0.9365,0.9392,0.9418,0.9444,0.9471,0.9497,0.9524,0.9551,0.9578,0.9605,0.9633,0.966,0.9688,0.9716,0.9744,0.9772,0.9801,0.9829,0.9858,0.9888,0.9917,0.9947,0.9976,1.0006,1.0037,1.0067,1.0097,1.0128,1.0159,1.019,1.0221,1.0253,1.0284,1.0316,1.0348,1.0381,1.0413,1.0446,1.0479,1.0512,1.0545,1.0578,1.0612,1.0646,1.068,1.0715,1.0749,1.0784,1.0819,1.0854,1.089,1.0925,1.0961,1.0998,1.1034,1.1071,1.1108,1.1145,1.1182,1.122,1.1257,1.1295,1.1333,1.1372,1.141,1.1448,1.1485,1.1526,1.1566,1.1607,1.1649,1.169,1.1732,1.1774,1.1817,1.186,1.1903,1.1946,1.199,1.2034,1.2078,1.2123,1.2168,1.2214,1.2259,1.2305,1.2352,1.2399,1.2446,1.2493,1.2541,1.2589,1.2638,1.2687,1.2736,1.2786,1.2836,1.2887,1.2938,1.2989,1.3041,1.3093,1.3146,1.3199,1.3252,1.3306,1.336,1.3415,1.347,1.3526,1.3582,1.3638,1.3695,1.3753,1.3811,1.3869,1.3928,1.3988,1.4048,1.4108,1.4169,1.4231,1.4293,1.4276,1.423,1.4144,1.3913,1.3464,1.2705,1.2027,1.0515,1.0383,1.0286,1.0264,1.0245,1.0226,1.0208,1.0189,1.0169,1.0149,1.0129,1.0109,1.009,1.007,1.0051,1.0031,1.0012,0.9993,0.9971,0.995,0.9929,0.9875,0.9857,0.9838,0.982,0.9801,0.9783,0.9765,0.9747,0.9728,0.971,0.9692,0.9674,0.9655,0.9634,0.9613,0.9592,0.9571,0.9551,0.953,0.951,0.9489,0.9469,0.9451,0.9432,0.9414,0.9395,0.9377,0.9358,0.934,0.9321,0.9303,0.9285,0.9266,0.9248,0.923,0.9212,0.9194,0.9176,0.9158,0.9141,0.9123,0.9105,0.9088,0.907,0.9053,0.9035,0.9018,0.9001,0.8984,0.8967,0.895,0.8933,0.8916,0.8899,0.8883,0.8867,0.8851,0.8835,0.8819,0.8803,0.8787,0.8771,0.8755,0.8739,0.8724,0.8708
0.1987,0.1994,0.2002,0.201,0.2017,0.2025,0.2033,0.2041,0.2049,0.2057,0.2065,0.2074,0.2082,0.209,0.2099,0.2107,0.2116,0.2124,0.2133,0.2142,0.2151,0.2159,0.216,0.217,0.2199,0.2228,0.2258,0.2289,0.2321,0.2353,0.2387,0.2421,0.2457,0.2495,0.2561,0.2612,0.9203,0.9229,0.9254,0.9279,0.9305,0.9331,0.9357,0.9383,0.9409,0.9435,0.9462,0.9488,0.9515,0.9542,0.9569,0.9596,0.9624,0.9651,0.9679,0.9707,0.9735,0.9763,0.9792,0.9821,0.985,0.9879,0.9908,0.9938,0.9968,0.9998,1.0028,1.0058,1.0089,1.0119,1.015,1.0181,1.0212,1.0244,1.0275,1.0307,1.0339,1.0371,1.0404,1.0436,1.0469,1.0502,1.0535,1.0569,1.0602,1.0636,1.067,1.0705,1.0739,1.0774,1.0809,1.0844,1.0879,1.0915,1.0951,1.0987,1.1023,1.106,1.1097,1.1134,1.1171,1.1208,1.1246,1.1283,1.1321,1.1357,1.1397,1.1436,1.1477,1.1517,1.1557,1.1598,1.164,1.1681,1.1723,1.1765,1.1807,1.185,1.1893,1.1937,1.198,1.2024,1.2069,1.2113,1.2158,1.2204,1.2249,1.2295,1.2342,1.2388,1.2436,1.2483,1.2531,1.2579,1.2627,1.2676,1.2726,1.2775,1.2825,1.2876,1.2927,1.2978,1.3029,1.3082,1.3134,1.3187,1.324,1.3294,1.3348,1.3403,1.3458,1.3513,1.3569,1.3626,1.3683,1.374,1.3798,1.3856,1.3915,1.3975,1.4034,1.4095,1.4066,1.4021,1.3925,1.3664,1.3229,1.2496,1.0688,1.0534,1.0402,1.0283,1.0254,1.0234,1.0214,1.0194,1.0173,1.0154,1.0134,1.0114,1.0094,1.0075,1.0055,1.0036,1.0016,0.9997,0.9977,0.9955,0.9934,0.9913,0.9864,0.9843,0.9824,0.9806,0.9788,0.9769,0.9751,0.9733,0.9715,0.9697,0.9679,0.9661,0.9643,0.9626,0.9605,0.9584,0.9563,0.9543,0.9522,0.9502,0.9482,0.9461,0.9442,0.9423,0.9405,0.9386,0.9368,0.935,0.9331,0.9313,0.9294,0.9276,0.9258,0.924,0.9222,0.9204,0.9186,0.9168,0.915,0.9132,0.9115,0.9097,0.9079,0.9062,0.9045,0.9027,0.901,0.8993,0.8976,0.8959,0.8942,0.8925,0.8908,0.8891,0.8875,0.8858,0.8842,0.8826,0.881,0.8795,0.8779,0.8763,0.8747,0.8731,0.8716,0.87
0.1988,0.1996,0.2004,0.2011,0.2019,0.2027,0.2035,0.2043,0.2051,0.2059,0.2067,0.2076,0.2084,0.2092,0.2101,0.2109,0.2118,0.2126,0.2135,0.2144,0.2153,0.2158,0.2159,0.2176,0.2205,0.2234,0.2265,0.2296,0.2328,0.236,0.2394,0.2429,0.2464,0.2517,0.2582,0.9096,0.912,0.9145,0.917,0.9195,0.922,0.9245,0.9271,0.9296,0.9322,0.9348,0.9374,0.94,0.9426,0.9453,0.9479,0.9506,0.9533,0.956,0.9587,0.9614,0.9642,0.967,0.9698,0.9726,0.9755,0.9784,0.9812,0.9841,0.9871,0.99,0.9929,0.9959,0.9989,1.0019,1.0049,1.008,1.011,1.0141,1.0172,1.0203,1.0234,1.0266,1.0298,1.033,1.0362,1.0394,1.0427,1.0459,1.0492,1.0526,1.0559,1.0592,1.0626,1.066,1.0694,1.0729,1.0764,1.0798,1.0834,1.0869,1.0905,1.094,1.0976,1.1013,1.1049,1.1086,1.1122,1.1159,1.1196,1.1232,1.127,1.1309,1.1348,1.1388,1.1428,1.1468,1.1508,1.1549,1.1589,1.1631,1.1672,1.1714,1.1756,1.1798,1.1841,1.1884,1.1927,1.1971,1.2015,1.2059,1.2104,1.2148,1.2194,1.2239,1.2285,1.2332,1.2378,1.2425,1.2473,1.252,1.2568,1.2617,1.2666,1.2715,1.2764,1.2814,1.2865,1.2915,1.2967,1.3018,1.307,1.3122,1.3175,1.3228,1.3282,1.3336,1.3391,1.3446,1.3501,1.3557,1.3613,1.367,1.3727,1.3785,1.3843,1.3902,1.3862,1.3818,1.3712,1.3424,1.3003,1.2294,1.0684,1.0552,1.042,1.0291,1.0248,1.0218,1.0198,1.0178,1.0158,1.0138,1.0118,1.0099,1.0079,1.0059,1.004,1.0021,1.0001,0.9982,0.996,0.9939,0.9918,0.9897,0.987,0.9829,0.9811,0.9792,0.9774,0.9756,0.9738,0.972,0.9702,0.9684,0.9666,0.9648,0.963,0.9612,0.9595,0.9576,0.9555,0.9535,0.9514,0.9494,0.9474,0.9453,0.9433,0.9414,0.9396,0.9377,0.9359,0.9341,0.9322,0.9304,0.9286,0.9267,0.9249,0.9231,0.9213,0.9195,0.9177,0.9159,0.9142,0.9124,0.9106,0.9089,0.9071,0.9054,0.9036,0.9019,0.9002,0.8985,0.8968,0.8951,0.8934,0.8917,0.89,0.8883,0.8866,0.885,0.8834,0.8818,0.8802,0.8786,0.8771,0.8755,0.8739,0.8723,0.8708,0.8692
0.1990,0.1998,0.2006,0.2013,0.2021,0.2029,0.2037,0.2045,0.2053,0.2061,0.2069,0.2078,0.2086,0.2094,0.2103,0.2111,0.212,0.2129,0.2137,0.2146,0.2155,0.2158,0.2159,0.2183,0.2211,0.2241,0.2271,0.2302,0.2335,0.2368,0.2401,0.2436,0.2474,0.2539,0.2595,0.9015,0.9039,0.9063,0.9087,0.9112,0.9137,0.9161,0.9186,0.9212,0.9237,0.9262,0.9288,0.9313,0.9339,0.9365,0.9391,0.9417,0.9444,0.947,0.9497,0.9524,0.9551,0.9578,0.9606,0.9634,0.9662,0.969,0.9718,0.9747,0.9775,0.9804,0.9833,0.9862,0.9891,0.9921,0.995,0.998,1.001,1.004,1.0071,1.0101,1.0132,1.0163,1.0194,1.0225,1.0257,1.0288,1.032,1.0352,1.0385,1.0417,1.045,1.0483,1.0516,1.0549,1.0583,1.0616,1.065,1.0685,1.0719,1.0753,1.0788,1.0823,1.0859,1.0894,1.093,1.0966,1.1002,1.1038,1.1074,1.1109,1.1147,1.1185,1.1223,1.1262,1.1301,1.134,1.1379,1.1419,1.1459,1.1499,1.154,1.1581,1.1622,1.1663,1.1705,1.1747,1.1789,1.1832,1.1874,1.1918,1.1961,1.2005,1.2049,1.2094,1.2139,1.2184,1.2229,1.2275,1.2321,1.2368,1.2415,1.2462,1.251,1.2558,1.2606,1.2655,1.2704,1.2754,1.2803,1.2854,1.2904,1.2955,1.3007,1.3059,1.3111,1.3164,1.3217,1.327,1.3324,1.3379,1.3434,1.3489,1.3545,1.3601,1.3657,1.3715,1.3664,1.3621,1.3506,1.3192,1.2784,1.2098,1.0681,1.0555,1.0432,1.0309,1.0241,1.0203,1.0182,1.0163,1.0143,1.0123,1.0103,1.0083,1.0064,1.0044,1.0025,1.0006,0.9986,0.9966,0.9944,0.9923,0.9902,0.9881,0.986,0.9815,0.9797,0.9779,0.976,0.9742,0.9724,0.9706,0.9688,0.967,0.9652,0.9635,0.9617,0.9599,0.9582,0.9564,0.9547,0.9527,0.9506,0.9486,0.9466,0.9446,0.9426,0.9406,0.9387,0.9368,0.935,0.9332,0.9314,0.9295,0.9277,0.9259,0.9241,0.9223,0.9205,0.9187,0.9169,0.9151,0.9133,0.9116,0.9098,0.908,0.9063,0.9046,0.9028,0.9011,0.8994,0.8977,0.896,0.8943,0.8926,0.8909,0.8892,0.8875,0.8859,0.8842,0.8826,0.881,0.8794,0.8778,0.8762,0.8747,0.8731,0.8715,0.87,0.8684
0.1992,0.2,0.2007,0.2015,0.2023,0.2031,0.2039,0.2047,0.2055,0.2063,0.2071,0.208,0.2088,0.2096,0.2105,0.2113,0.2122,0.2131,0.2139,0.2148,0.2157,0.2157,0.216,0.2189,0.2218,0.2247,0.2278,0.2309,0.2342,0.2375,0.2409,0.2444,0.2495,0.2562,0.2608,0.8935,0.8959,0.8982,0.9006,0.903,0.9055,0.9079,0.9104,0.9128,0.9153,0.9178,0.9203,0.9228,0.9253,0.9279,0.9305,0.933,0.9356,0.9382,0.9408,0.9435,0.9462,0.9489,0.9516,0.9543,0.957,0.9598,0.9626,0.9654,0.9682,0.971,0.9738,0.9767,0.9796,0.9824,0.9854,0.9883,0.9912,0.9942,0.9971,1.0001,1.0032,1.0062,1.0092,1.0123,1.0154,1.0185,1.0216,1.0248,1.0279,1.0311,1.0343,1.0375,1.0408,1.044,1.0473,1.0506,1.0539,1.0573,1.0607,1.064,1.0675,1.0709,1.0743,1.0778,1.0813,1.0848,1.0884,1.0919,1.0955,1.0989,1.1026,1.1063,1.1101,1.1139,1.1177,1.1215,1.1253,1.1292,1.1331,1.1371,1.141,1.145,1.149,1.1531,1.1572,1.1613,1.1654,1.1696,1.1737,1.178,1.1822,1.1865,1.1908,1.1952,1.1995,1.204,1.2084,1.2129,1.2174,1.2219,1.2265,1.2311,1.2358,1.2405,1.2452,1.2499,1.2547,1.2596,1.2644,1.2693,1.2743,1.2792,1.2843,1.2893,1.2944,1.2995,1.3047,1.3099,1.3152,1.3205,1.3258,1.3312,1.3367,1.3421,1.3477,1.3532,1.3472,1.343,1.3306,1.2968,1.2573,1.1908,1.0678,1.0552,1.0429,1.0298,1.0234,1.0189,1.0167,1.0147,1.0127,1.0108,1.0088,1.0068,1.0049,1.0029,1.001,0.9991,0.9971,0.995,0.9928,0.9907,0.9886,0.9865,0.9844,0.9805,0.9783,0.9765,0.9747,0.9729,0.9711,0.9693,0.9675,0.9657,0.9639,0.9621,0.9604,0.9586,0.9569,0.9551,0.9534,0.9516,0.9498,0.9478,0.9458,0.9438,0.9418,0.9398,0.9378,0.936,0.9341,0.9323,0.9305,0.9287,0.9268,0.925,0.9232,0.9214,0.9196,0.9178,0.916,0.9143,0.9125,0.9107,0.909,0.9072,0.9055,0.9037,0.902,0.9003,0.8986,0.8969,0.8952,0.8935,0.8918,0.8901,0.8884,0.8867,0.8851,0.8834,0.8818,0.8802,0.8786,0.877,0.8754,0.8739,0.8723,0.8707,0.8692,0.8676
0.1994,0.2001,0.2009,0.2017,0.2025,0.2033,0.2041,0.2049,0.2057,0.2065,0.2073,0.2081,0.209,0.2098,0.2107,0.2115,0.2124,0.2133,0.2141,0.215,0.2156,0.2157,0.2166,0.2195,0.2224,0.2254,0.2285,0.2316,0.2349,0.2382,0.2416,0.2453,0.2517,0.2578,0.8833,0.8856,0.888,0.8903,0.8927,0.895,0.8974,0.8998,0.9022,0.9047,0.9071,0.9095,0.912,0.9145,0.9169,0.9194,0.922,0.9245,0.927,0.9296,0.9322,0.9348,0.9374,0.94,0.9427,0.9454,0.9481,0.9508,0.9535,0.9562,0.959,0.9618,0.9645,0.9673,0.9702,0.973,0.9758,0.9787,0.9816,0.9845,0.9874,0.9904,0.9933,0.9963,0.9993,1.0023,1.0053,1.0083,1.0114,1.0145,1.0176,1.0207,1.0238,1.027,1.0302,1.0334,1.0366,1.0398,1.0431,1.0464,1.0496,1.053,1.0563,1.0597,1.0631,1.0665,1.0699,1.0733,1.0768,1.0803,1.0837,1.0872,1.0908,1.0944,1.0981,1.1018,1.1055,1.1093,1.113,1.1168,1.1207,1.1245,1.1284,1.1323,1.1362,1.1402,1.1441,1.1482,1.1522,1.1563,1.1604,1.1645,1.1686,1.1728,1.177,1.1813,1.1856,1.1899,1.1942,1.1986,1.203,1.2074,1.2119,1.2164,1.2209,1.2255,1.2301,1.2348,1.2394,1.2442,1.2489,1.2537,1.2585,1.2634,1.2682,1.2732,1.2781,1.2831,1.2882,1.2933,1.2984,1.3036,1.3088,1.314,1.3193,1.3247,1.33,1.3355,1.3284,1.3244,1.3095,1.2752,1.2368,1.0838,1.0677,1.0549,1.0426,1.0252,1.0223,1.0183,1.0152,1.0132,1.0112,1.0092,1.0073,1.0053,1.0034,1.0014,0.9995,0.9976,0.9955,0.9934,0.9912,0.9891,0.987,0.9849,0.9829,0.9808,0.977,0.9752,0.9733,0.9715,0.9697,0.9679,0.9661,0.9644,0.9626,0.9608,0.9591,0.9573,0.9556,0.9538,0.9521,0.9504,0.9486,0.9469,0.945,0.943,0.941,0.939,0.937,0.9351,0.9332,0.9314,0.9296,0.9278,0.926,0.9242,0.9224,0.9206,0.9188,0.917,0.9152,0.9134,0.9117,0.9099,0.9081,0.9064,0.9047,0.9029,0.9012,0.8995,0.8978,0.8961,0.8944,0.8927,0.891,0.8893,0.8876,0.8859,0.8843,0.8826,0.881,0.8794,0.8778,0.8762,0.8746,0.8731,0.8715,0.8699,0.8684,0.8668
0.1996,0.2003,0.2011,0.2019,0.2027,0.2035,0.2043,0.2051,0.2059,0.2067,0.2075,0.2083,0.2092,0.21,0.2109,0.2117,0.2126,0.2135,0.2143,0.2152,0.2155,0.2156,0.2172,0.2201,0.223,0.226,0.2291,0.2323,0.2356,0.2389,0.2424,0.2474,0.2539,0.2591,0.8757,0.8779,0.8802,0.8825,0.8849,0.8872,0.8895,0.8919,0.8942,0.8966,0.899,0.9014,0.9038,0.9063,0.9087,0.9112,0.9136,0.9161,0.9186,0.9211,0.9236,0.9262,0.9288,0.9314,0.934,0.9366,0.9393,0.9419,0.9446,0.9473,0.95,0.9527,0.9554,0.9582,0.9609,0.9637,0.9665,0.9693,0.9722,0.975,0.9779,0.9808,0.9837,0.9866,0.9895,0.9924,0.9954,0.9984,1.0014,1.0044,1.0075,1.0105,1.0136,1.0167,1.0198,1.0229,1.0261,1.0292,1.0324,1.0356,1.0389,1.0421,1.0454,1.0487,1.052,1.0553,1.0587,1.0621,1.0655,1.0689,1.0723,1.0757,1.0792,1.0828,1.0864,1.09,1.0936,1.0973,1.101,1.1047,1.1084,1.1122,1.116,1.1198,1.1237,1.1275,1.1314,1.1353,1.1393,1.1433,1.1473,1.1513,1.1554,1.1595,1.1636,1.1677,1.1719,1.1761,1.1804,1.1846,1.1889,1.1933,1.1976,1.202,1.2065,1.2109,1.2154,1.22,1.2245,1.2291,1.2337,1.2384,1.2431,1.2479,1.2526,1.2574,1.2623,1.2672,1.2721,1.2771,1.282,1.2871,1.2922,1.2973,1.3024,1.3076,1.3129,1.3182,1.3103,1.3063,1.2875,1.2543,1.217,1.085,1.0676,1.0546,1.0374,1.0236,1.0207,1.0176,1.0136,1.0116,1.0097,1.0077,1.0058,1.0038,1.0019,0.9999,0.998,0.996,0.9939,0.9918,0.9897,0.9875,0.9855,0.9834,0.9813,0.9792,0.9756,0.9738,0.972,0.9702,0.9684,0.9666,0.9648,0.963,0.9613,0.9595,0.9578,0.956,0.9543,0.9525,0.9508,0.9491,0.9474,0.9457,0.9439,0.9422,0.9402,0.9382,0.9363,0.9343,0.9324,0.9306,0.9288,0.9269,0.9251,0.9233,0.9215,0.9197,0.9179,0.9161,0.9144,0.9126,0.9108,0.9091,0.9073,0.9056,0.9038,0.9021,0.9004,0.8987,0.897,0.8953,0.8935,0.8919,0.8902,0.8885,0.8868,0.8852,0.8835,0.8818,0.8802,0.8786,0.877,0.8754,0.8738,0.8723,0.8707,0.8691,0.8676,0.8661
0.1997,0.2005,0.2013,0.2021,0.2029,0.2036,0.2044,0.2053,0.2061,0.2069,0.2077,0.2085,0.2094,0.2102,0.2111,0.2119,0.2128,0.2137,0.2146,0.2154,0.2155,0.2156,0.2179,0.2207,0.2237,0.2267,0.2298,0.233,0.2363,0.2397,0.2433,0.2496,0.2561,0.2604,0.8681,0.8704,0.8726,0.8749,0.8772,0.8795,0.8818,0.8841,0.8864,0.8887,0.8911,0.8934,0.8958,0.8982,0.9006,0.903,0.9054,0.9079,0.9103,0.9128,0.9153,0.9178,0.9203,0.9229,0.9255,0.928,0.9306,0.9332,0.9359,0.9385,0.9412,0.9438,0.9465,0.9492,0.9519,0.9546,0.9574,0.9601,0.9629,0.9657,0.9685,0.9713,0.9742,0.977,0.9799,0.9828,0.9857,0.9886,0.9916,0.9945,0.9975,1.0005,1.0035,1.0066,1.0096,1.0127,1.0158,1.0189,1.022,1.0252,1.0283,1.0315,1.0347,1.0379,1.0412,1.0444,1.0477,1.051,1.0544,1.0577,1.0611,1.0644,1.0679,1.0714,1.0749,1.0784,1.082,1.0856,1.0892,1.0928,1.0965,1.1002,1.1039,1.1076,1.1114,1.1152,1.119,1.1228,1.1267,1.1306,1.1345,1.1384,1.1424,1.1464,1.1504,1.1545,1.1586,1.1627,1.1668,1.171,1.1752,1.1794,1.1837,1.188,1.1923,1.1967,1.2011,1.2055,1.21,1.2144,1.219,1.2235,1.2281,1.2327,1.2374,1.2421,1.2468,1.2516,1.2564,1.2612,1.2661,1.271,1.276,1.2809,1.286,1.291,1.2962,1.3013,1.2925,1.2884,1.2661,1.234,1.1978,1.1367,1.0676,1.0511,1.0315,1.022,1.0191,1.0166,1.0125,1.0101,1.0082,1.0062,1.0042,1.0023,1.0004,0.9984,0.9965,0.9944,0.9923,0.9902,0.9881,0.986,0.9839,0.9818,0.9797,0.9777,0.9748,0.9724,0.9706,0.9689,0.9671,0.9653,0.9635,0.9617,0.96,0.9582,0.9565,0.9547,0.953,0.9512,0.9495,0.9478,0.9461,0.9444,0.9427,0.941,0.9393,0.9375,0.9355,0.9335,0.9316,0.9297,0.9279,0.9261,0.9243,0.9225,0.9207,0.9189,0.9171,0.9153,0.9135,0.9118,0.91,0.9082,0.9065,0.9048,0.903,0.9013,0.8996,0.8979,0.8962,0.8945,0.8928,0.8911,0.8894,0.8877,0.886,0.8844,0.8827,0.8811,0.8794,0.8778,0.8762,0.8746,0.873,0.8715,0.8699,0.8683,0.8668,0.8653
0.1999,0.2007,0.2015,0.2023,0.203,0.2038,0.2046,0.2054,0.2063,0.2071,0.2079,0.2087,0.2096,0.2104,0.2113,0.2121,0.213,0.2139,0.2148,0.2154,0.2154,0.2156,0.2185,0.2213,0.2243,0.2273,0.2305,0.2337,0.237,0.2404,0.2453,0.2517,0.2574,0.2617,0.8607,0.8629,0.8652,0.8674,0.8696,0.8719,0.8741,0.8764,0.8787,0.881,0.8833,0.8856,0.8879,0.8903,0.8926,0.895,0.8974,0.8998,0.9022,0.9046,0.9071,0.9096,0.9121,0.9146,0.9171,0.9196,0.9222,0.9247,0.9273,0.9299,0.9325,0.9351,0.9377,0.9404,0.943,0.9457,0.9484,0.9511,0.9538,0.9566,0.9593,0.9621,0.9649,0.9677,0.9705,0.9734,0.9762,0.9791,0.982,0.9849,0.9878,0.9907,0.9937,0.9967,0.9996,1.0027,1.0057,1.0087,1.0118,1.0149,1.018,1.0211,1.0242,1.0274,1.0306,1.0338,1.037,1.0402,1.0435,1.0468,1.0501,1.0534,1.0568,1.0602,1.0637,1.0671,1.0706,1.0741,1.0777,1.0812,1.0848,1.0884,1.092,1.0957,1.0994,1.1031,1.1068,1.1106,1.1143,1.1181,1.122,1.1258,1.1297,1.1336,1.1375,1.1415,1.1455,1.1495,1.1536,1.1577,1.1618,1.1659,1.1701,1.1743,1.1785,1.1828,1.1871,1.1914,1.1957,1.2001,1.2045,1.209,1.2135,1.218,1.2225,1.2271,1.2317,1.2364,1.2411,1.2458,1.2505,1.2553,1.2601,1.265,1.2699,1.2749,1.2798,1.2849,1.2753,1.2702,1.2455,1.2144,1.1792,1.1195,1.068,1.0451,1.0257,1.0205,1.0176,1.0149,1.0118,1.0086,1.0066,1.0047,1.0027,1.0008,0.9989,0.997,0.9949,0.9928,0.9907,0.9886,0.9865,0.9844,0.9823,0.9802,0.9782,0.9761,0.9741,0.9711,0.9693,0.9675,0.9657,0.964,0.9622,0.9604,0.9587,0.9569,0.9552,0.9534,0.9517,0.95,0.9482,0.9465,0.9448,0.9431,0.9414,0.9397,0.938,0.9364,0.9347,0.9328,0.9308,0.9289,0.927,0.9252,0.9234,0.9216,0.9198,0.918,0.9162,0.9145,0.9127,0.9109,0.9092,0.9074,0.9057,0.9039,0.9022,0.9005,0.8988,0.8971,0.8953,0.8936,0.892,0.8903,0.8886,0.8869,0.8853,0.8836,0.8819,0.8803,0.8787,0.877,0.8754,0.8738,0.8722,0.8707,0.8691,0.8676,0.866,0.8645
0.2001,0.2009,0.2017,0.2024,0.2032,0.204,0.2048,0.2056,0.2065,0.2073,0.2081,0.2089,0.2098,0.2106,0.2115,0.2123,0.2132,0.2141,0.215,0.2153,0.2154,0.2162,0.2191,0.222,0.225,0.228,0.2312,0.2344,0.2377,0.2413,0.2475,0.254,0.2587,0.8513,0.8535,0.8556,0.8578,0.86,0.8622,0.8644,0.8666,0.8689,0.8711,0.8734,0.8756,0.8779,0.8802,0.8825,0.8848,0.8871,0.8895,0.8918,0.8942,0.8966,0.899,0.9015,0.9039,0.9064,0.9088,0.9113,0.9138,0.9163,0.9189,0.9214,0.924,0.9265,0.9291,0.9317,0.9343,0.937,0.9396,0.9423,0.9449,0.9476,0.9503,0.953,0.9558,0.9585,0.9613,0.9641,0.9669,0.9697,0.9725,0.9754,0.9782,0.9811,0.984,0.9869,0.9899,0.9928,0.9958,0.9988,1.0018,1.0048,1.0078,1.0109,1.014,1.0171,1.0202,1.0233,1.0265,1.0296,1.0328,1.0361,1.0393,1.0426,1.0459,1.0493,1.0527,1.0561,1.0595,1.0629,1.0664,1.0699,1.0734,1.0769,1.0804,1.084,1.0876,1.0912,1.0949,1.0986,1.1023,1.106,1.1097,1.1135,1.1173,1.1211,1.125,1.1288,1.1328,1.1367,1.1407,1.1446,1.1487,1.1527,1.1568,1.1609,1.165,1.1692,1.1734,1.1776,1.1818,1.1861,1.1904,1.1948,1.1992,1.2036,1.208,1.2125,1.217,1.2215,1.2261,1.2307,1.2353,1.24,1.2447,1.2495,1.2543,1.2591,1.2639,1.2681,1.2585,1.2525,1.2255,1.1954,1.1612,1.1029,1.0616,1.0391,1.0219,1.0189,1.016,1.0131,1.011,1.0071,1.0051,1.0032,1.0012,0.9993,0.9974,0.9955,0.9933,0.9912,0.9891,0.987,0.9849,0.9828,0.9807,0.9787,0.9766,0.9746,0.9725,0.9698,0.968,0.9662,0.9644,0.9626,0.9609,0.9591,0.9574,0.9556,0.9539,0.9521,0.9504,0.9487,0.947,0.9453,0.9435,0.9419,0.9402,0.9385,0.9368,0.9351,0.9335,0.9318,0.93,0.9281,0.9262,0.9244,0.9226,0.9208,0.919,0.9172,0.9154,0.9136,0.9119,0.9101,0.9083,0.9066,0.9049,0.9031,0.9014,0.8997,0.898,0.8962,0.8945,0.8929,0.8912,0.8895,0.8878,0.8861,0.8845,0.8828,0.8812,0.8795,0.8779,0.8762,0.8746,0.873,0.8714,0.8699,0.8683,0.8668,0.8652,0.8637
0.2003,0.2011,0.2018,0.2026,0.2034,0.2042,0.205,0.2058,0.2066,0.2075,0.2083,0.2091,0.21,0.2108,0.2117,0.2126,0.2134,0.2143,0.2152,0.2152,0.2153,0.2168,0.2197,0.2226,0.2256,0.2287,0.2318,0.2351,0.2384,0.2433,0.2496,0.2557,0.26,0.8442,0.8463,0.8484,0.8506,0.8527,0.8549,0.8571,0.8593,0.8615,0.8637,0.8659,0.8681,0.8703,0.8726,0.8749,0.8771,0.8794,0.8817,0.884,0.8864,0.8887,0.8911,0.8935,0.8959,0.8983,0.9008,0.9032,0.9057,0.9081,0.9106,0.9131,0.9156,0.9181,0.9207,0.9232,0.9258,0.9284,0.931,0.9336,0.9362,0.9388,0.9415,0.9442,0.9468,0.9495,0.9523,0.955,0.9577,0.9605,0.9633,0.9661,0.9689,0.9717,0.9745,0.9774,0.9803,0.9832,0.9861,0.989,0.992,0.9949,0.9979,1.0009,1.0039,1.0069,1.01,1.0131,1.0162,1.0193,1.0225,1.0256,1.0288,1.032,1.0353,1.0386,1.0419,1.0452,1.0486,1.0519,1.0553,1.0587,1.0622,1.0656,1.0691,1.0726,1.0761,1.0797,1.0832,1.0868,1.0904,1.0941,1.0978,1.1014,1.1052,1.1089,1.1127,1.1165,1.1203,1.1241,1.128,1.1319,1.1358,1.1398,1.1438,1.1478,1.1518,1.1559,1.16,1.1641,1.1683,1.1724,1.1767,1.1809,1.1852,1.1895,1.1938,1.1982,1.2026,1.207,1.2115,1.216,1.2205,1.2251,1.2297,1.2343,1.239,1.2437,1.2484,1.2515,1.2422,1.2353,1.2062,1.177,1.1434,1.0882,1.0552,1.0332,1.0203,1.0174,1.0145,1.0116,1.0092,1.0061,1.0036,1.0017,0.9997,0.9978,0.9959,0.9939,0.9917,0.9896,0.9875,0.9854,0.9833,0.9813,0.9792,0.9771,0.9751,0.973,0.971,0.969,0.9666,0.9649,0.9631,0.9613,0.9596,0.9578,0.956,0.9543,0.9526,0.9508,0.9491,0.9474,0.9457,0.944,0.9423,0.9406,0.9389,0.9372,0.9355,0.9339,0.9322,0.9306,0.9289,0.9273,0.9254,0.9235,0.9217,0.9199,0.9181,0.9163,0.9146,0.9128,0.911,0.9093,0.9075,0.9058,0.904,0.9023,0.9006,0.8989,0.8971,0.8954,0.8937,0.8921,0.8904,0.8887,0.887,0.8854,0.8837,0.882,0.8804,0.8787,0.8771,0.8755,0.8739,0.8722,0.8706,0.8691,0.8675,0.866,0.8644,0.8629
0.2005,0.2012,0.202,0.2028,0.2036,0.2044,0.2052,0.206,0.2068,0.2077,0.2085,0.2093,0.2102,0.211,0.2119,0.2128,0.2136,0.2145,0.2151,0.2152,0.2153,0.2174,0.2203,0.2232,0.2263,0.2294,0.2325,0.2358,0.2393,0.2454,0.2518,0.257,0.2613,0.8372,0.8393,0.8414,0.8435,0.8456,0.8477,0.8499,0.852,0.8542,0.8563,0.8585,0.8607,0.8629,0.8651,0.8673,0.8696,0.8718,0.8741,0.8764,0.8787,0.881,0.8833,0.8857,0.888,0.8904,0.8928,0.8952,0.8976,0.9,0.9025,0.9049,0.9074,0.9099,0.9124,0.9149,0.9174,0.9199,0.9225,0.925,0.9276,0.9302,0.9328,0.9354,0.9381,0.9407,0.9434,0.9461,0.9488,0.9515,0.9542,0.9569,0.9597,0.9625,0.9652,0.9681,0.9709,0.9737,0.9766,0.9794,0.9823,0.9852,0.9882,0.9911,0.9941,0.997,1,1.0031,1.0061,1.0092,1.0123,1.0154,1.0185,1.0217,1.0248,1.028,1.0313,1.0346,1.0379,1.0412,1.0445,1.0478,1.0512,1.0546,1.058,1.0614,1.0649,1.0683,1.0718,1.0753,1.0789,1.0824,1.086,1.0896,1.0933,1.0969,1.1006,1.1043,1.1081,1.1118,1.1156,1.1194,1.1233,1.1272,1.131,1.135,1.1389,1.1429,1.1469,1.1509,1.155,1.1591,1.1632,1.1673,1.1715,1.1757,1.18,1.1842,1.1885,1.1929,1.1972,1.2016,1.2061,1.2105,1.215,1.2195,1.2241,1.2287,1.2333,1.2354,1.2263,1.2171,1.1874,1.1591,1.1262,1.0815,1.0492,1.0274,1.0187,1.0158,1.013,1.0101,1.0075,1.0054,1.0021,1.0002,0.9983,0.9963,0.9944,0.9923,0.9901,0.988,0.9859,0.9839,0.9818,0.9797,0.9776,0.9756,0.9735,0.9715,0.9695,0.9675,0.9653,0.9635,0.9618,0.96,0.9582,0.9565,0.9548,0.953,0.9513,0.9496,0.9478,0.9461,0.9444,0.9427,0.941,0.9393,0.9377,0.936,0.9343,0.9326,0.931,0.9293,0.9277,0.926,0.9244,0.9227,0.9209,0.9191,0.9173,0.9155,0.9137,0.912,0.9102,0.9084,0.9067,0.9049,0.9032,0.9015,0.8998,0.8981,0.8963,0.8946,0.8929,0.8913,0.8896,0.8879,0.8862,0.8846,0.8829,0.8813,0.8796,0.878,0.8763,0.8747,0.8731,0.8715,0.8699,0.8683,0.8667,0.8652,0.8636,0.8621
0.2006,0.2014,0.2022,0.203,0.2038,0.2046,0.2054,0.2062,0.207,0.2079,0.2087,0.2095,0.2104,0.2112,0.2121,0.213,0.2138,0.2147,0.2151,0.2151,0.2153,0.2181,0.2209,0.2239,0.2269,0.23,0.2332,0.2365,0.2413,0.2475,0.254,0.2582,0.8283,0.8303,0.8324,0.8344,0.8365,0.8386,0.8407,0.8428,0.8449,0.847,0.8491,0.8513,0.8534,0.8556,0.8578,0.86,0.8622,0.8644,0.8666,0.8688,0.8711,0.8734,0.8757,0.878,0.8803,0.8827,0.885,0.8874,0.8897,0.8921,0.8945,0.8969,0.8993,0.9018,0.9042,0.9067,0.9092,0.9116,0.9141,0.9167,0.9192,0.9217,0.9243,0.9269,0.9294,0.9321,0.9347,0.9373,0.9399,0.9426,0.9453,0.948,0.9507,0.9534,0.9561,0.9589,0.9616,0.9644,0.9672,0.97,0.9729,0.9757,0.9786,0.9815,0.9844,0.9873,0.9903,0.9933,0.9963,0.9993,1.0023,1.0053,1.0084,1.0115,1.0146,1.0177,1.0209,1.0241,1.0274,1.0307,1.0339,1.0372,1.0404,1.0437,1.0471,1.0504,1.0538,1.0572,1.0606,1.0641,1.0676,1.0711,1.0746,1.0781,1.0817,1.0852,1.0889,1.0925,1.0961,1.0998,1.1035,1.1073,1.111,1.1148,1.1186,1.1224,1.1263,1.1302,1.1341,1.1381,1.142,1.146,1.15,1.1541,1.1582,1.1623,1.1664,1.1706,1.1748,1.179,1.1833,1.1876,1.1919,1.1963,1.2007,1.2051,1.2095,1.214,1.2185,1.2196,1.2107,1.1981,1.1693,1.1402,1.1095,1.0749,1.0436,1.0217,1.0172,1.0143,1.0114,1.0086,1.0058,1.0037,1.0006,0.9987,0.9968,0.9949,0.9928,0.9907,0.9886,0.9865,0.9844,0.9823,0.9802,0.9782,0.9761,0.974,0.972,0.97,0.968,0.9659,0.964,0.9622,0.9605,0.9587,0.9569,0.9552,0.9535,0.9517,0.95,0.9483,0.9466,0.9448,0.9431,0.9414,0.9398,0.9381,0.9364,0.9347,0.9331,0.9314,0.9297,0.9281,0.9265,0.9248,0.9232,0.9216,0.9199,0.9182,0.9164,0.9147,0.9129,0.9111,0.9094,0.9076,0.9059,0.9041,0.9024,0.9007,0.899,0.8972,0.8955,0.8938,0.8921,0.8905,0.8888,0.8871,0.8854,0.8838,0.8821,0.8805,0.8788,0.8772,0.8756,0.8739,0.8723,0.8707,0.8691,0.8675,0.8659,0.8644,0.8629,0.8613
0.2008,0.2016,0.2024,0.2032,0.204,0.2048,0.2056,0.2064,0.2072,0.2081,0.2089,0.2097,0.2106,0.2114,0.2123,0.2132,0.214,0.2149,0.215,0.2151,0.2159,0.2187,0.2216,0.2245,0.2276,0.2307,0.2339,0.2373,0.2433,0.2496,0.2553,0.2596,0.8215,0.8236,0.8256,0.8276,0.8296,0.8317,0.8337,0.8358,0.8379,0.84,0.8421,0.8442,0.8463,0.8484,0.8506,0.8527,0.8549,0.857,0.8592,0.8614,0.8637,0.8659,0.8682,0.8704,0.8727,0.875,0.8773,0.8796,0.882,0.8843,0.8867,0.889,0.8914,0.8938,0.8962,0.8986,0.9011,0.9035,0.906,0.9084,0.9109,0.9134,0.9159,0.9184,0.921,0.9235,0.9261,0.9287,0.9313,0.9339,0.9365,0.9392,0.9418,0.9445,0.9472,0.9499,0.9526,0.9553,0.9581,0.9608,0.9636,0.9664,0.9693,0.9721,0.975,0.9779,0.9807,0.9837,0.9866,0.9896,0.9925,0.9955,0.9985,1.0015,1.0046,1.0076,1.0107,1.0139,1.0171,1.0203,1.0235,1.0267,1.03,1.0332,1.0364,1.0397,1.043,1.0463,1.0497,1.0531,1.0565,1.0599,1.0633,1.0668,1.0703,1.0738,1.0773,1.0809,1.0845,1.0881,1.0917,1.0953,1.099,1.1027,1.1064,1.1102,1.114,1.1178,1.1216,1.1255,1.1293,1.1333,1.1372,1.1412,1.1452,1.1492,1.1532,1.1573,1.1614,1.1655,1.1697,1.1739,1.1781,1.1824,1.1867,1.191,1.1953,1.1997,1.2041,1.2043,1.1956,1.1796,1.1513,1.1239,1.1022,1.0683,1.038,1.0186,1.0157,1.0128,1.0099,1.007,1.0042,1.002,0.9998,0.9972,0.9953,0.9933,0.9912,0.9891,0.987,0.9849,0.9828,0.9807,0.9787,0.9766,0.9746,0.9725,0.9705,0.9686,0.9667,0.9647,0.9628,0.9611,0.9593,0.9576,0.9558,0.9541,0.9523,0.9506,0.9489,0.9472,0.9454,0.9437,0.942,0.9403,0.9387,0.937,0.9353,0.9336,0.932,0.9303,0.9287,0.927,0.9254,0.9237,0.9221,0.9205,0.9189,0.9173,0.9156,0.9138,0.9121,0.9103,0.9085,0.9068,0.9051,0.9033,0.9016,0.8999,0.8981,0.8964,0.8947,0.893,0.8914,0.8897,0.888,0.8863,0.8847,0.883,0.8814,0.8797,0.8781,0.8764,0.8748,0.8732,0.8716,0.87,0.8684,0.8668,0.8652,0.8636,0.8621,0.8605
0.2010,0.2018,0.2026,0.2034,0.2042,0.205,0.2058,0.2066,0.2074,0.2083,0.2091,0.2099,0.2108,0.2116,0.2125,0.2134,0.2143,0.2149,0.215,0.215,0.2164,0.2193,0.2222,0.2252,0.2282,0.2314,0.2346,0.2393,0.2454,0.2518,0.2566,0.2609,0.8149,0.8169,0.8189,0.8209,0.8229,0.8249,0.8269,0.8289,0.831,0.833,0.8351,0.8372,0.8393,0.8413,0.8434,0.8456,0.8477,0.8498,0.852,0.8542,0.8564,0.8586,0.8608,0.863,0.8653,0.8675,0.8698,0.8721,0.8744,0.8767,0.879,0.8813,0.8836,0.886,0.8883,0.8907,0.8931,0.8955,0.8979,0.9003,0.9028,0.9052,0.9077,0.9102,0.9127,0.9152,0.9177,0.9202,0.9228,0.9254,0.9279,0.9305,0.9331,0.9358,0.9384,0.941,0.9437,0.9464,0.9491,0.9518,0.9546,0.9573,0.9601,0.9629,0.9657,0.9685,0.9714,0.9742,0.9771,0.98,0.9829,0.9859,0.9888,0.9918,0.9948,0.9978,1.0008,1.0039,1.007,1.0101,1.0133,1.0164,1.0196,1.0228,1.026,1.0292,1.0324,1.0357,1.039,1.0423,1.0456,1.049,1.0523,1.0557,1.0591,1.0626,1.066,1.0695,1.073,1.0766,1.0801,1.0837,1.0873,1.0909,1.0945,1.0982,1.1019,1.1056,1.1094,1.1131,1.1169,1.1208,1.1246,1.1285,1.1324,1.1363,1.1403,1.1443,1.1483,1.1523,1.1564,1.1605,1.1646,1.1688,1.173,1.1772,1.1814,1.1857,1.19,1.1893,1.1808,1.1616,1.1318,1.1138,1.094,1.0618,1.0324,1.0184,1.0172,1.0132,1.0093,1.0055,1.0027,1.0003,0.9982,0.9957,0.9938,0.9917,0.9896,0.9875,0.9854,0.9833,0.9812,0.9792,0.9772,0.9753,0.9733,0.9713,0.9694,0.9674,0.9655,0.9636,0.9617,0.9599,0.9582,0.9564,0.9547,0.9529,0.9512,0.9495,0.9478,0.946,0.9443,0.9426,0.9409,0.9392,0.9376,0.9359,0.9342,0.9325,0.9309,0.9292,0.9276,0.926,0.9243,0.9227,0.9211,0.9194,0.9178,0.9162,0.9146,0.913,0.9112,0.9095,0.9077,0.906,0.9042,0.9025,0.9008,0.8991,0.8973,0.8956,0.8939,0.8922,0.8906,0.8889,0.8872,0.8855,0.8839,0.8822,0.8806,0.8789,0.8773,0.8757,0.874,0.8724,0.8708,0.8692,0.8676,0.866,0.8644,0.8628,0.8613,0.8598
0.2011,0.2019,0.2027,0.2036,0.2044,0.2052,0.206,0.2068,0.2076,0.2085,0.2093,0.2101,0.211,0.2118,0.2127,0.2136,0.2145,0.2148,0.2149,0.215,0.217,0.2199,0.2228,0.2258,0.2289,0.2321,0.2354,0.2413,0.2475,0.2536,0.2578,0.8065,0.8084,0.8103,0.8123,0.8143,0.8162,0.8182,0.8202,0.8222,0.8242,0.8262,0.8282,0.8303,0.8323,0.8344,0.8365,0.8385,0.8406,0.8427,0.8449,0.847,0.8492,0.8513,0.8535,0.8557,0.8579,0.8601,0.8624,0.8646,0.8669,0.8691,0.8714,0.8737,0.876,0.8783,0.8806,0.8829,0.8853,0.8877,0.89,0.8924,0.8948,0.8972,0.8996,0.9021,0.9045,0.907,0.9095,0.912,0.9145,0.917,0.9195,0.9221,0.9246,0.9272,0.9298,0.9324,0.935,0.9377,0.9403,0.943,0.9457,0.9484,0.9511,0.9539,0.9566,0.9594,0.9622,0.965,0.9678,0.9707,0.9735,0.9764,0.9793,0.9822,0.9851,0.9881,0.991,0.994,0.9971,1.0001,1.0032,1.0064,1.0095,1.0126,1.0158,1.019,1.0221,1.0253,1.0285,1.0317,1.035,1.0383,1.0416,1.0449,1.0482,1.0516,1.055,1.0584,1.0618,1.0653,1.0688,1.0722,1.0758,1.0793,1.0829,1.0865,1.0901,1.0937,1.0974,1.1011,1.1048,1.1086,1.1123,1.1161,1.1199,1.1238,1.1276,1.1315,1.1355,1.1394,1.1434,1.1474,1.1514,1.1555,1.1596,1.1637,1.1679,1.172,1.1763,1.1747,1.1664,1.1428,1.1161,1.1092,1.0836,1.0554,1.0269,1.0193,1.0179,1.0173,1.0168,1.0153,1.0113,1.0041,0.9968,0.9942,0.9922,0.9901,0.988,0.986,0.984,0.982,0.98,0.978,0.976,0.9741,0.9721,0.9702,0.9682,0.9663,0.9644,0.9625,0.9605,0.9588,0.957,0.9553,0.9535,0.9518,0.9501,0.9484,0.9466,0.9449,0.9432,0.9415,0.9398,0.9382,0.9365,0.9348,0.9331,0.9315,0.9298,0.9282,0.9265,0.9249,0.9233,0.9216,0.92,0.9184,0.9168,0.9152,0.9135,0.9119,0.9103,0.9086,0.9069,0.9051,0.9034,0.9017,0.9,0.8982,0.8965,0.8948,0.8931,0.8914,0.8898,0.8881,0.8864,0.8848,0.8831,0.8814,0.8798,0.8782,0.8765,0.8749,0.8733,0.8717,0.8701,0.8684,0.8669,0.8653,0.8637,0.8621,0.8605,0.859
0.2013,0.2021,0.2029,0.2037,0.2045,0.2054,0.2062,0.207,0.2078,0.2086,0.2095,0.2103,0.2112,0.212,0.2129,0.2138,0.2147,0.2148,0.2148,0.2149,0.2177,0.2205,0.2235,0.2265,0.2296,0.2328,0.2374,0.2434,0.2496,0.2549,0.2591,0.8001,0.802,0.8039,0.8058,0.8077,0.8097,0.8116,0.8136,0.8155,0.8175,0.8195,0.8215,0.8235,0.8255,0.8276,0.8296,0.8316,0.8337,0.8358,0.8379,0.84,0.8421,0.8442,0.8464,0.8486,0.8507,0.8529,0.8551,0.8573,0.8595,0.8617,0.864,0.8662,0.8685,0.8707,0.873,0.8753,0.8776,0.8799,0.8823,0.8846,0.887,0.8893,0.8917,0.8941,0.8965,0.8989,0.9014,0.9038,0.9063,0.9087,0.9112,0.9137,0.9162,0.9188,0.9213,0.9239,0.9265,0.9291,0.9317,0.9343,0.937,0.9396,0.9423,0.945,0.9477,0.9504,0.9532,0.9559,0.9587,0.9615,0.9643,0.9671,0.9699,0.9728,0.9757,0.9786,0.9815,0.9844,0.9874,0.9904,0.9934,0.9965,0.9995,1.0026,1.0057,1.0089,1.012,1.0152,1.0183,1.0214,1.0246,1.0278,1.031,1.0343,1.0375,1.0408,1.0441,1.0475,1.0508,1.0542,1.0576,1.0611,1.0645,1.068,1.0715,1.075,1.0785,1.0821,1.0857,1.0893,1.093,1.0966,1.1003,1.104,1.1077,1.1115,1.1153,1.1191,1.1229,1.1268,1.1307,1.1346,1.1386,1.1425,1.1465,1.1506,1.1546,1.1587,1.1628,1.1604,1.1524,1.1268,1.1117,1.1046,1.0733,1.0491,1.023,1.0205,1.018,1.0173,1.0168,1.016,1.0146,1.0082,1.0014,0.9946,0.9909,0.9888,0.9868,0.9848,0.9828,0.9808,0.9788,0.9768,0.9749,0.9729,0.971,0.969,0.9671,0.9651,0.9632,0.9613,0.9594,0.9576,0.9559,0.9541,0.9524,0.9507,0.949,0.9472,0.9455,0.9438,0.9421,0.9404,0.9387,0.9371,0.9354,0.9337,0.9321,0.9304,0.9287,0.9271,0.9255,0.9238,0.9222,0.9206,0.919,0.9173,0.9157,0.9141,0.9125,0.9109,0.9093,0.9077,0.9061,0.9043,0.9026,0.9009,0.8992,0.8974,0.8957,0.894,0.8923,0.8907,0.889,0.8873,0.8856,0.884,0.8823,0.8807,0.879,0.8774,0.8758,0.8741,0.8725,0.8709,0.8693,0.8677,0.8661,0.8645,0.8629,0.8613,0.8598,0.8582
0.2015,0.2023,0.2031,0.2039,0.2047,0.2055,0.2064,0.2072,0.208,0.2088,0.2097,0.2105,0.2114,0.2123,0.2131,0.214,0.2146,0.2147,0.2148,0.2155,0.2183,0.2211,0.2241,0.2271,0.2303,0.2336,0.2393,0.2454,0.2518,0.2562,0.2605,0.7938,0.7957,0.7975,0.7994,0.8013,0.8032,0.8052,0.8071,0.809,0.811,0.8129,0.8149,0.8169,0.8188,0.8208,0.8228,0.8248,0.8269,0.8289,0.831,0.8331,0.8352,0.8373,0.8394,0.8415,0.8436,0.8458,0.8479,0.8501,0.8523,0.8544,0.8566,0.8589,0.8611,0.8633,0.8655,0.8678,0.8701,0.8723,0.8746,0.8769,0.8793,0.8816,0.8839,0.8863,0.8886,0.891,0.8934,0.8958,0.8982,0.9007,0.9031,0.9056,0.908,0.9105,0.9131,0.9156,0.9181,0.9207,0.9232,0.9258,0.9284,0.931,0.9337,0.9363,0.939,0.9416,0.9443,0.947,0.9497,0.9525,0.9552,0.958,0.9608,0.9636,0.9664,0.9692,0.9721,0.9749,0.9778,0.9808,0.9838,0.9868,0.9898,0.9928,0.9958,0.9989,1.002,1.0051,1.0082,1.0113,1.0144,1.0175,1.0207,1.0239,1.0271,1.0303,1.0335,1.0368,1.0401,1.0434,1.0467,1.0501,1.0535,1.0569,1.0603,1.0637,1.0672,1.0707,1.0742,1.0778,1.0813,1.0849,1.0885,1.0921,1.0958,1.0995,1.1032,1.1069,1.1107,1.1145,1.1183,1.1221,1.126,1.1298,1.1338,1.1377,1.1417,1.1457,1.1497,1.1465,1.1385,1.1156,1.1073,1.1001,1.0633,1.0417,1.0241,1.0216,1.0191,1.0169,1.0157,1.0145,1.0129,1.009,1.0021,0.9954,0.9897,0.9876,0.9856,0.9836,0.9816,0.9796,0.9776,0.9757,0.9737,0.9718,0.9698,0.9679,0.9659,0.964,0.9621,0.9602,0.9583,0.9565,0.9548,0.953,0.9513,0.9496,0.9478,0.9461,0.9444,0.9427,0.941,0.9393,0.9377,0.936,0.9343,0.9326,0.931,0.9293,0.9277,0.926,0.9244,0.9228,0.9211,0.9195,0.9179,0.9163,0.9147,0.9131,0.9115,0.9099,0.9083,0.9067,0.9051,0.9035,0.9018,0.9001,0.8983,0.8966,0.8949,0.8932,0.8915,0.8899,0.8882,0.8865,0.8848,0.8832,0.8815,0.8799,0.8782,0.8766,0.875,0.8734,0.8718,0.8701,0.8685,0.8669,0.8653,0.8638,0.8622,0.8606,0.859,0.8575
0.2017,0.2025,0.2033,0.2041,0.2049,0.2057,0.2066,0.2074,0.2082,0.209,0.2099,0.2107,0.2116,0.2125,0.2133,0.2142,0.2146,0.2147,0.2147,0.2161,0.2189,0.2218,0.2247,0.2278,0.2309,0.2355,0.2413,0.2475,0.2532,0.2574,0.7858,0.7876,0.7894,0.7913,0.7932,0.795,0.7969,0.7988,0.8007,0.8026,0.8045,0.8064,0.8084,0.8103,0.8123,0.8142,0.8162,0.8182,0.8202,0.8222,0.8242,0.8263,0.8283,0.8304,0.8325,0.8346,0.8367,0.8388,0.8409,0.843,0.8451,0.8473,0.8495,0.8516,0.8538,0.856,0.8582,0.8604,0.8627,0.8649,0.8671,0.8694,0.8717,0.874,0.8763,0.8786,0.8809,0.8832,0.8856,0.888,0.8903,0.8927,0.8951,0.8976,0.9,0.9025,0.9049,0.9074,0.9099,0.9124,0.9149,0.9175,0.92,0.9226,0.9252,0.9278,0.9304,0.933,0.9356,0.9383,0.941,0.9436,0.9463,0.9491,0.9518,0.9545,0.9573,0.9601,0.9629,0.9657,0.9685,0.9714,0.9743,0.9772,0.9802,0.9832,0.9862,0.9892,0.9922,0.9952,0.9983,1.0014,1.0045,1.0075,1.0106,1.0137,1.0168,1.02,1.0232,1.0264,1.0296,1.0328,1.0361,1.0394,1.0427,1.046,1.0494,1.0527,1.0561,1.0595,1.063,1.0664,1.0699,1.0735,1.077,1.0805,1.0841,1.0877,1.0913,1.095,1.0987,1.1024,1.1061,1.1099,1.1136,1.1174,1.1213,1.1251,1.129,1.1329,1.1368,1.1329,1.1244,1.1111,1.1029,1.0881,1.0534,1.0322,1.024,1.0206,1.0173,1.0154,1.0142,1.0128,1.0112,1.0095,1.0029,0.9961,0.9896,0.9864,0.9844,0.9824,0.9804,0.9784,0.9765,0.9745,0.9725,0.9706,0.9686,0.9667,0.9648,0.9629,0.9609,0.959,0.9571,0.9554,0.9536,0.9519,0.9502,0.9484,0.9467,0.945,0.9433,0.9416,0.9399,0.9382,0.9366,0.9349,0.9332,0.9316,0.9299,0.9283,0.9266,0.925,0.9233,0.9217,0.9201,0.9185,0.9168,0.9152,0.9136,0.912,0.9104,0.9088,0.9072,0.9057,0.9041,0.9025,0.9009,0.8992,0.8975,0.8958,0.8941,0.8924,0.8908,0.8891,0.8874,0.8857,0.8841,0.8824,0.8808,0.8791,0.8775,0.8758,0.8742,0.8726,0.871,0.8694,0.8678,0.8662,0.8646,0.863,0.8614,0.8599,0.8583,0.8567
0.2018,0.2026,0.2034,0.2043,0.2051,0.2059,0.2068,0.2076,0.2084,0.2092,0.2101,0.2109,0.2118,0.2127,0.2135,0.2144,0.2145,0.2146,0.2147,0.2167,0.2195,0.2224,0.2254,0.2285,0.2317,0.2374,0.2434,0.2497,0.2545,0.2587,0.7797,0.7815,0.7833,0.7851,0.787,0.7888,0.7907,0.7925,0.7944,0.7963,0.7981,0.8,0.8019,0.8039,0.8058,0.8077,0.8096,0.8116,0.8136,0.8156,0.8176,0.8196,0.8216,0.8236,0.8257,0.8277,0.8298,0.8319,0.8339,0.836,0.8381,0.8403,0.8424,0.8445,0.8467,0.8488,0.851,0.8532,0.8554,0.8576,0.8598,0.862,0.8642,0.8665,0.8687,0.871,0.8733,0.8756,0.8779,0.8802,0.8826,0.885,0.8873,0.8897,0.8921,0.8945,0.897,0.8994,0.9018,0.9043,0.9068,0.9093,0.9118,0.9143,0.9168,0.9194,0.9219,0.9245,0.9271,0.9297,0.9323,0.935,0.9376,0.9403,0.943,0.9457,0.9484,0.9511,0.9538,0.9566,0.9594,0.9622,0.965,0.9679,0.9708,0.9737,0.9767,0.9796,0.9826,0.9856,0.9886,0.9916,0.9946,0.9977,1.0008,1.0038,1.0068,1.0099,1.013,1.0161,1.0193,1.0225,1.0257,1.0289,1.0321,1.0354,1.0386,1.042,1.0453,1.0486,1.052,1.0554,1.0588,1.0622,1.0657,1.0692,1.0727,1.0762,1.0798,1.0833,1.0869,1.0905,1.0942,1.0979,1.1016,1.1053,1.109,1.1128,1.1166,1.1204,1.1243,1.1195,1.1142,1.1065,1.0985,1.0761,1.0437,1.0263,1.022,1.0186,1.0153,1.0139,1.0128,1.0112,1.0095,1.0079,1.0037,0.9969,0.9902,0.9855,0.9832,0.9812,0.9792,0.9773,0.9753,0.9733,0.9714,0.9694,0.9675,0.9656,0.9636,0.9617,0.9598,0.9579,0.956,0.9542,0.9525,0.9508,0.949,0.9473,0.9456,0.9439,0.9422,0.9405,0.9388,0.9371,0.9355,0.9338,0.9321,0.9305,0.9288,0.9272,0.9255,0.9239,0.9223,0.9207,0.919,0.9174,0.9158,0.9142,0.9126,0.911,0.9094,0.9078,0.9062,0.9046,0.9031,0.9015,0.8999,0.8984,0.8967,0.895,0.8933,0.8916,0.89,0.8883,0.8866,0.8849,0.8833,0.8816,0.88,0.8783,0.8767,0.8751,0.8735,0.8718,0.8702,0.8686,0.867,0.8654,0.8639,0.8623,0.8607,0.8591,0.8576,0.856
0.2020,0.2028,0.2036,0.2044,0.2053,0.2061,0.2069,0.2078,0.2086,0.2094,0.2103,0.2111,0.212,0.2129,0.2137,0.2144,0.2145,0.2146,0.2146,0.2173,0.2201,0.223,0.226,0.2291,0.2336,0.2394,0.2454,0.2516,0.2558,0.26,0.7737,0.7755,0.7773,0.7791,0.7809,0.7827,0.7845,0.7863,0.7882,0.79,0.7919,0.7938,0.7956,0.7975,0.7994,0.8013,0.8032,0.8051,0.8071,0.809,0.811,0.813,0.815,0.817,0.819,0.821,0.823,0.8251,0.8271,0.8292,0.8313,0.8333,0.8354,0.8375,0.8396,0.8418,0.8439,0.846,0.8482,0.8504,0.8525,0.8547,0.8569,0.8591,0.8614,0.8636,0.8658,0.8681,0.8704,0.8727,0.875,0.8773,0.8797,0.882,0.8844,0.8867,0.8891,0.8915,0.8939,0.8963,0.8988,0.9012,0.9037,0.9062,0.9086,0.9111,0.9137,0.9162,0.9187,0.9213,0.9239,0.9265,0.9291,0.9317,0.9343,0.9369,0.9396,0.9423,0.945,0.9477,0.9504,0.9531,0.9559,0.9588,0.9616,0.9645,0.9673,0.9702,0.9731,0.9761,0.979,0.982,0.985,0.988,0.991,0.994,0.997,1.0001,1.0031,1.0061,1.0092,1.0123,1.0154,1.0186,1.0218,1.0249,1.0282,1.0314,1.0347,1.0379,1.0412,1.0445,1.0479,1.0512,1.0546,1.058,1.0615,1.0649,1.0684,1.0719,1.0754,1.079,1.0825,1.0861,1.0897,1.0934,1.0971,1.1007,1.1045,1.1082,1.112,1.1107,1.107,1.1011,1.0913,1.0643,1.0342,1.024,1.02,1.0166,1.0137,1.0125,1.0111,1.0095,1.0078,1.0062,1.0045,0.9977,0.9909,0.9854,0.982,0.9801,0.9781,0.9761,0.9741,0.9722,0.9702,0.9683,0.9663,0.9644,0.9625,0.9606,0.9587,0.9568,0.9549,0.9531,0.9514,0.9497,0.9479,0.9462,0.9445,0.9428,0.9411,0.9394,0.9377,0.9361,0.9344,0.9327,0.9311,0.9294,0.9278,0.9261,0.9245,0.9228,0.9212,0.9196,0.918,0.9164,0.9147,0.9131,0.9115,0.9099,0.9083,0.9068,0.9052,0.9036,0.902,0.9005,0.8989,0.8974,0.8958,0.8942,0.8925,0.8908,0.8892,0.8875,0.8858,0.8842,0.8825,0.8809,0.8792,0.8776,0.8759,0.8743,0.8727,0.8711,0.8695,0.8679,0.8663,0.8647,0.8631,0.8615,0.86,0.8584,0.8568,0.8553
0.2022,0.203,0.2038,0.2046,0.2054,0.2063,0.2071,0.208,0.2088,0.2096,0.2105,0.2113,0.2122,0.2131,0.2139,0.2144,0.2144,0.2145,0.2151,0.2179,0.2207,0.2237,0.2267,0.2299,0.2355,0.2414,0.2476,0.2528,0.257,0.7661,0.7678,0.7696,0.7714,0.7731,0.7749,0.7767,0.7785,0.7803,0.7821,0.7839,0.7857,0.7876,0.7894,0.7913,0.7931,0.795,0.7969,0.7988,0.8007,0.8026,0.8046,0.8065,0.8085,0.8104,0.8124,0.8144,0.8164,0.8184,0.8204,0.8224,0.8245,0.8265,0.8286,0.8307,0.8327,0.8348,0.8369,0.839,0.8411,0.8433,0.8454,0.8476,0.8497,0.8519,0.8541,0.8563,0.8585,0.8608,0.863,0.8653,0.8675,0.8698,0.8721,0.8744,0.8767,0.8791,0.8814,0.8838,0.8861,0.8885,0.8909,0.8933,0.8957,0.8982,0.9006,0.9031,0.9055,0.908,0.9105,0.913,0.9156,0.9181,0.9207,0.9232,0.9258,0.9284,0.931,0.9336,0.9363,0.9389,0.9416,0.9443,0.947,0.9498,0.9526,0.9554,0.9582,0.961,0.9639,0.9668,0.9696,0.9726,0.9755,0.9784,0.9814,0.9844,0.9874,0.9904,0.9934,0.9963,0.9993,1.0024,1.0054,1.0085,1.0116,1.0147,1.0179,1.0211,1.0242,1.0275,1.0307,1.0339,1.0372,1.0405,1.0438,1.0471,1.0505,1.0539,1.0573,1.0607,1.0642,1.0676,1.0711,1.0746,1.0782,1.0817,1.0853,1.089,1.0926,1.0962,1.0999,1.098,1.0959,1.0938,1.0678,1.0484,1.0302,1.0221,1.0179,1.0146,1.0122,1.011,1.0094,1.0078,1.0062,1.0045,1.0029,0.9984,0.9917,0.9854,0.9813,0.9789,0.9769,0.9749,0.973,0.971,0.9691,0.9671,0.9652,0.9633,0.9614,0.9594,0.9575,0.9557,0.9538,0.952,0.9503,0.9485,0.9468,0.9451,0.9434,0.9417,0.94,0.9383,0.9366,0.935,0.9333,0.9316,0.93,0.9283,0.9267,0.9251,0.9234,0.9218,0.9202,0.9185,0.9169,0.9153,0.9137,0.9121,0.9105,0.9089,0.9073,0.9057,0.9042,0.9026,0.901,0.8995,0.8979,0.8964,0.8948,0.8933,0.8917,0.8901,0.8884,0.8867,0.885,0.8834,0.8817,0.8801,0.8784,0.8768,0.8752,0.8735,0.8719,0.8703,0.8687,0.8671,0.8655,0.8639,0.8624,0.8608,0.8592,0.8577,0.8561,0.8545
0.2024,0.2032,0.204,0.2048,0.2056,0.2065,0.2073,0.2081,0.209,0.2098,0.2107,0.2115,0.2124,0.2133,0.2142,0.2143,0.2144,0.2144,0.2157,0.2185,0.2214,0.2243,0.2274,0.2317,0.2374,0.2434,0.2497,0.2541,0.2583,0.7603,0.762,0.7638,0.7655,0.7673,0.769,0.7708,0.7725,0.7743,0.7761,0.7779,0.7797,0.7815,0.7833,0.7851,0.7869,0.7888,0.7906,0.7925,0.7944,0.7963,0.7982,0.8001,0.8021,0.804,0.806,0.8079,0.8099,0.8118,0.8138,0.8158,0.8178,0.8198,0.8219,0.8239,0.8259,0.828,0.83,0.8321,0.8342,0.8363,0.8384,0.8405,0.8427,0.8448,0.847,0.8492,0.8513,0.8535,0.8557,0.858,0.8602,0.8624,0.8647,0.867,0.8692,0.8715,0.8738,0.8761,0.8785,0.8808,0.8832,0.8855,0.8879,0.8903,0.8927,0.8951,0.8975,0.9,0.9024,0.9049,0.9074,0.9099,0.9124,0.9149,0.9174,0.92,0.9226,0.9251,0.9277,0.9304,0.933,0.9356,0.9383,0.941,0.9437,0.9465,0.9492,0.952,0.9548,0.9576,0.9605,0.9633,0.9662,0.9691,0.972,0.9749,0.9778,0.9808,0.9838,0.9867,0.9897,0.9927,0.9956,0.9986,1.0017,1.0047,1.0078,1.0109,1.014,1.0172,1.0204,1.0235,1.0267,1.03,1.0332,1.0365,1.0398,1.0431,1.0464,1.0498,1.0531,1.0565,1.06,1.0634,1.0669,1.0704,1.0739,1.0774,1.081,1.0845,1.0875,1.0855,1.0835,1.0703,1.049,1.0362,1.0266,1.0201,1.0159,1.0126,1.0107,1.0094,1.0078,1.0061,1.0045,1.0029,1.0013,0.9992,0.9925,0.9858,0.9812,0.9779,0.9757,0.9738,0.9718,0.9698,0.9679,0.966,0.964,0.9621,0.9602,0.9583,0.9564,0.9545,0.9527,0.9509,0.9491,0.9474,0.9457,0.944,0.9423,0.9406,0.9389,0.9372,0.9356,0.9339,0.9322,0.9306,0.9289,0.9273,0.9256,0.924,0.9224,0.9207,0.9191,0.9175,0.9159,0.9143,0.9127,0.9111,0.9095,0.9079,0.9063,0.9047,0.9031,0.9016,0.9,0.8984,0.8969,0.8953,0.8938,0.8923,0.8907,0.8892,0.8876,0.8859,0.8843,0.8826,0.8809,0.8793,0.8777,0.876,0.8744,0.8728,0.8712,0.8696,0.868,0.8664,0.8648,0.8632,0.8616,0.86,0.8585,0.8569,0.8554,0.8538
0.2025,0.2033,0.2042,0.205,0.2058,0.2066,0.2075,0.2083,0.2092,0.21,0.2109,0.2118,0.2126,0.2135,0.2142,0.2142,0.2143,0.2144,0.2163,0.2191,0.222,0.225,0.2281,0.2336,0.2394,0.2455,0.2512,0.2554,0.2596,0.7547,0.7563,0.758,0.7597,0.7615,0.7632,0.7649,0.7667,0.7684,0.7702,0.7719,0.7737,0.7755,0.7773,0.7791,0.7809,0.7827,0.7845,0.7864,0.7882,0.7901,0.792,0.7939,0.7958,0.7977,0.7996,0.8015,0.8034,0.8054,0.8073,0.8093,0.8113,0.8132,0.8152,0.8172,0.8192,0.8213,0.8233,0.8253,0.8274,0.8295,0.8315,0.8336,0.8357,0.8379,0.84,0.8421,0.8443,0.8464,0.8486,0.8508,0.853,0.8552,0.8574,0.8596,0.8619,0.8641,0.8664,0.8687,0.871,0.8732,0.8756,0.8779,0.8802,0.8826,0.8849,0.8873,0.8897,0.8921,0.8945,0.8969,0.8994,0.9018,0.9043,0.9068,0.9092,0.9118,0.9143,0.9168,0.9194,0.9219,0.9245,0.9271,0.9297,0.9323,0.935,0.9377,0.9404,0.9431,0.9459,0.9487,0.9514,0.9542,0.9571,0.9599,0.9627,0.9656,0.9685,0.9714,0.9743,0.9772,0.9802,0.9832,0.9861,0.989,0.992,0.995,0.9979,1.001,1.004,1.0071,1.0102,1.0134,1.0165,1.0197,1.0228,1.026,1.0293,1.0325,1.0358,1.039,1.0423,1.0457,1.049,1.0524,1.0558,1.0592,1.0626,1.0661,1.0696,1.0731,1.0753,1.0733,1.0692,1.0495,1.0373,1.0324,1.023,1.0181,1.0139,1.0106,1.0093,1.0077,1.0061,1.0045,1.0028,1.0012,0.9996,0.998,0.9932,0.9866,0.9812,0.9772,0.9745,0.9726,0.9706,0.9687,0.9668,0.9648,0.9629,0.961,0.9591,0.9572,0.9553,0.9534,0.9515,0.9497,0.948,0.9463,0.9446,0.9429,0.9412,0.9395,0.9378,0.9361,0.9345,0.9328,0.9311,0.9295,0.9278,0.9262,0.9246,0.9229,0.9213,0.9197,0.9181,0.9164,0.9148,0.9132,0.9116,0.91,0.9084,0.9068,0.9053,0.9037,0.9021,0.9005,0.899,0.8974,0.8959,0.8943,0.8928,0.8913,0.8897,0.8882,0.8867,0.8851,0.8835,0.8818,0.8802,0.8785,0.8769,0.8753,0.8736,0.872,0.8704,0.8688,0.8672,0.8656,0.864,0.8624,0.8609,0.8593,0.8577,0.8562,0.8546,0.8531
0.2027,0.2035,0.2043,0.2052,0.206,0.2068,0.2077,0.2085,0.2094,0.2102,0.2111,0.212,0.2128,0.2137,0.2141,0.2142,0.2143,0.2143,0.2169,0.2197,0.2226,0.2256,0.2299,0.2355,0.2414,0.2476,0.2525,0.2566,0.261,0.7491,0.7507,0.7524,0.7541,0.7558,0.7575,0.7592,0.7609,0.7626,0.7643,0.7661,0.7678,0.7696,0.7713,0.7731,0.7749,0.7767,0.7785,0.7803,0.7821,0.784,0.7858,0.7877,0.7896,0.7914,0.7933,0.7952,0.7971,0.799,0.8009,0.8029,0.8048,0.8068,0.8087,0.8107,0.8127,0.8147,0.8167,0.8187,0.8207,0.8228,0.8248,0.8269,0.8289,0.831,0.8331,0.8352,0.8373,0.8395,0.8416,0.8437,0.8459,0.8481,0.8502,0.8524,0.8546,0.8568,0.8591,0.8613,0.8636,0.8658,0.8681,0.8704,0.8727,0.875,0.8773,0.8796,0.882,0.8843,0.8867,0.8891,0.8915,0.8939,0.8963,0.8987,0.9012,0.9037,0.9061,0.9086,0.9111,0.9136,0.9162,0.9187,0.9213,0.9238,0.9264,0.9291,0.9318,0.9345,0.9372,0.9399,0.9426,0.9453,0.9481,0.9509,0.9537,0.9565,0.9593,0.9622,0.965,0.9679,0.9708,0.9737,0.9767,0.9796,0.9825,0.9854,0.9883,0.9913,0.9943,0.9973,1.0003,1.0034,1.0064,1.0095,1.0127,1.0158,1.019,1.0221,1.0253,1.0285,1.0318,1.035,1.0383,1.0416,1.0449,1.0483,1.0516,1.055,1.0584,1.0619,1.0633,1.0601,1.05,1.0383,1.0334,1.0285,1.021,1.0162,1.0119,1.009,1.0077,1.0061,1.0044,1.0028,1.0012,0.9996,0.998,0.9964,0.994,0.9873,0.9812,0.977,0.9738,0.9714,0.9695,0.9675,0.9656,0.9637,0.9618,0.9599,0.958,0.9561,0.9542,0.9523,0.9504,0.9486,0.9469,0.9452,0.9435,0.9418,0.9401,0.9384,0.9367,0.9351,0.9334,0.9317,0.9301,0.9284,0.9268,0.9251,0.9235,0.9219,0.9203,0.9186,0.917,0.9154,0.9138,0.9122,0.9106,0.909,0.9074,0.9058,0.9042,0.9027,0.9011,0.8995,0.898,0.8964,0.8949,0.8933,0.8918,0.8903,0.8888,0.8872,0.8857,0.8842,0.8827,0.881,0.8794,0.8778,0.8761,0.8745,0.8729,0.8713,0.8697,0.8681,0.8665,0.8649,0.8633,0.8617,0.8601,0.8586,0.857,0.8554,0.8539,0.8524
0.2029,0.2037,0.2045,0.2053,0.2062,0.207,0.2078,0.2087,0.2096,0.2104,0.2113,0.2122,0.213,0.2139,0.2141,0.2141,0.2142,0.2147,0.2175,0.2203,0.2233,0.2263,0.2317,0.2374,0.2434,0.2496,0.2537,0.2579,0.7419,0.7435,0.7452,0.7468,0.7485,0.7502,0.7518,0.7535,0.7552,0.7569,0.7586,0.7603,0.762,0.7637,0.7655,0.7672,0.769,0.7708,0.7725,0.7743,0.7761,0.778,0.7798,0.7816,0.7834,0.7853,0.7871,0.789,0.7909,0.7928,0.7947,0.7966,0.7985,0.8004,0.8023,0.8043,0.8062,0.8082,0.8102,0.8121,0.8141,0.8162,0.8182,0.8202,0.8222,0.8243,0.8263,0.8284,0.8305,0.8326,0.8347,0.8368,0.8389,0.841,0.8432,0.8453,0.8475,0.8497,0.8519,0.8541,0.8563,0.8585,0.8607,0.863,0.8652,0.8675,0.8698,0.8721,0.8744,0.8767,0.879,0.8814,0.8837,0.8861,0.8885,0.8909,0.8933,0.8957,0.8981,0.9006,0.903,0.9055,0.908,0.9105,0.913,0.9155,0.9181,0.9207,0.9233,0.9259,0.9286,0.9312,0.9339,0.9366,0.9393,0.942,0.9448,0.9476,0.9503,0.9531,0.9559,0.9588,0.9616,0.9645,0.9673,0.9702,0.9731,0.976,0.9789,0.9818,0.9847,0.9876,0.9906,0.9936,0.9966,0.9996,1.0027,1.0058,1.0089,1.012,1.0151,1.0183,1.0214,1.0246,1.0278,1.0311,1.0343,1.0376,1.0409,1.0442,1.0475,1.0509,1.0512,1.0448,1.0393,1.0344,1.0296,1.0247,1.019,1.0142,1.0099,1.0076,1.006,1.0044,1.0028,1.0012,0.9995,0.9979,0.9963,0.9947,0.9932,0.9881,0.9815,0.977,0.9731,0.9704,0.9683,0.9664,0.9645,0.9625,0.9606,0.9587,0.9568,0.9549,0.9531,0.9512,0.9493,0.9475,0.9458,0.9441,0.9424,0.9407,0.939,0.9373,0.9356,0.934,0.9323,0.9307,0.929,0.9274,0.9257,0.9241,0.9224,0.9208,0.9192,0.9176,0.916,0.9143,0.9127,0.9111,0.9095,0.9079,0.9064,0.9048,0.9032,0.9016,0.9001,0.8985,0.897,0.8954,0.8939,0.8923,0.8908,0.8893,0.8878,0.8863,0.8847,0.8832,0.8817,0.8802,0.8786,0.877,0.8754,0.8737,0.8721,0.8705,0.8689,0.8673,0.8657,0.8641,0.8625,0.861,0.8594,0.8578,0.8563,0.8547,0.8532,0.8516
0.2031,0.2039,0.2047,0.2055,0.2063,0.2072,0.208,0.2089,0.2097,0.2106,0.2115,0.2124,0.2132,0.2139,0.214,0.2141,0.2142,0.2153,0.2181,0.2209,0.2239,0.2281,0.2336,0.2394,0.2455,0.2508,0.255,0.2592,0.7365,0.7381,0.7397,0.7413,0.743,0.7446,0.7463,0.7479,0.7496,0.7513,0.7529,0.7546,0.7563,0.758,0.7597,0.7614,0.7632,0.7649,0.7667,0.7685,0.7702,0.772,0.7738,0.7756,0.7774,0.7792,0.7811,0.7829,0.7847,0.7866,0.7885,0.7903,0.7922,0.7941,0.796,0.7979,0.7999,0.8018,0.8038,0.8057,0.8077,0.8097,0.8116,0.8136,0.8156,0.8177,0.8197,0.8217,0.8238,0.8258,0.8279,0.83,0.8321,0.8342,0.8363,0.8384,0.8405,0.8426,0.8448,0.847,0.8491,0.8513,0.8535,0.8557,0.8579,0.8602,0.8624,0.8647,0.8669,0.8692,0.8715,0.8738,0.8761,0.8784,0.8808,0.8831,0.8855,0.8879,0.8903,0.8927,0.8951,0.8975,0.9,0.9024,0.9049,0.9074,0.9099,0.9124,0.9149,0.9175,0.9201,0.9228,0.9254,0.928,0.9307,0.9334,0.9361,0.9388,0.9415,0.9442,0.947,0.9498,0.9526,0.9554,0.9582,0.961,0.9639,0.9668,0.9696,0.9725,0.9754,0.9782,0.9811,0.984,0.987,0.9899,0.9929,0.9959,0.999,1.002,1.0051,1.0082,1.0113,1.0144,1.0176,1.0207,1.0239,1.0271,1.0304,1.0336,1.0369,1.0402,1.0402,1.036,1.0317,1.0274,1.0231,1.02,1.0171,1.0123,1.0079,1.006,1.0044,1.0027,1.0011,0.9995,0.9979,0.9963,0.9947,0.9931,0.9915,0.9888,0.9822,0.9771,0.9729,0.9697,0.9672,0.9652,0.9633,0.9614,0.9595,0.9576,0.9557,0.9538,0.9519,0.9501,0.9482,0.9464,0.9447,0.943,0.9413,0.9396,0.9379,0.9362,0.9346,0.9329,0.9312,0.9296,0.9279,0.9263,0.9246,0.923,0.9214,0.9198,0.9181,0.9165,0.9149,0.9133,0.9117,0.9101,0.9085,0.9069,0.9053,0.9038,0.9022,0.9006,0.8991,0.8975,0.896,0.8944,0.8929,0.8914,0.8898,0.8883,0.8868,0.8853,0.8838,0.8823,0.8808,0.8793,0.8778,0.8762,0.8746,0.873,0.8714,0.8697,0.8681,0.8666,0.865,0.8634,0.8618,0.8602,0.8587,0.8571,0.8555,0.854,0.8524,0.8509
0.2032,0.204,0.2049,0.2057,0.2065,0.2074,0.2082,0.2091,0.2099,0.2108,0.2117,0.2126,0.2134,0.2139,0.214,0.214,0.2141,0.2159,0.2187,0.2216,0.2246,0.2299,0.2355,0.2414,0.2476,0.2521,0.2562,0.2605,0.7312,0.7327,0.7343,0.7359,0.7376,0.7392,0.7408,0.7424,0.7441,0.7457,0.7474,0.749,0.7507,0.7524,0.754,0.7557,0.7575,0.7592,0.7609,0.7627,0.7644,0.7662,0.7679,0.7697,0.7715,0.7733,0.7751,0.7769,0.7787,0.7805,0.7824,0.7842,0.7861,0.788,0.7898,0.7917,0.7936,0.7955,0.7974,0.7994,0.8013,0.8033,0.8052,0.8072,0.8092,0.8111,0.8131,0.8151,0.8171,0.8192,0.8212,0.8232,0.8253,0.8274,0.8294,0.8315,0.8336,0.8357,0.8378,0.84,0.8421,0.8443,0.8464,0.8486,0.8508,0.853,0.8552,0.8574,0.8596,0.8619,0.8641,0.8664,0.8686,0.8709,0.8732,0.8755,0.8779,0.8802,0.8825,0.8849,0.8873,0.8897,0.8921,0.8945,0.8969,0.8993,0.9018,0.9043,0.9068,0.9093,0.9119,0.9144,0.917,0.9196,0.9222,0.9249,0.9275,0.9302,0.9328,0.9355,0.9382,0.941,0.9437,0.9464,0.9492,0.952,0.9548,0.9576,0.9605,0.9633,0.9662,0.969,0.9718,0.9747,0.9776,0.9805,0.9834,0.9863,0.9893,0.9923,0.9953,0.9983,1.0013,1.0044,1.0075,1.0106,1.0137,1.0169,1.02,1.0232,1.0264,1.0296,1.0329,1.0284,1.0241,1.0204,1.0182,1.0161,1.0138,1.0104,1.006,1.0043,1.0027,1.0011,0.9995,0.9979,0.9963,0.9947,0.9931,0.9915,0.9899,0.9883,0.983,0.9771,0.9729,0.969,0.9664,0.9641,0.9622,0.9603,0.9584,0.9565,0.9546,0.9527,0.9508,0.949,0.9471,0.9453,0.9436,0.9419,0.9402,0.9385,0.9368,0.9351,0.9335,0.9318,0.9302,0.9285,0.9269,0.9252,0.9236,0.922,0.9203,0.9187,0.9171,0.9155,0.9139,0.9123,0.9107,0.9091,0.9075,0.9059,0.9043,0.9027,0.9012,0.8996,0.8981,0.8965,0.895,0.8934,0.8919,0.8904,0.8888,0.8873,0.8858,0.8843,0.8828,0.8813,0.8798,0.8783,0.8768,0.8754,0.8738,0.8722,0.8706,0.869,0.8674,0.8658,0.8642,0.8626,0.8611,0.8595,0.8579,0.8564,0.8548,0.8533,0.8517,0.8502
0.2034,0.2042,0.205,0.2059,0.2067,0.2075,0.2084,0.2093,0.2101,0.211,0.2119,0.2127,0.2137,0.2138,0.2139,0.214,0.214,0.2165,0.2193,0.2222,0.2263,0.2318,0.2375,0.2435,0.2492,0.2533,0.2575,0.7243,0.7259,0.7275,0.729,0.7306,0.7322,0.7338,0.7354,0.737,0.7386,0.7402,0.7419,0.7435,0.7452,0.7468,0.7485,0.7501,0.7518,0.7535,0.7552,0.757,0.7587,0.7604,0.7622,0.7639,0.7657,0.7674,0.7692,0.771,0.7728,0.7746,0.7764,0.7782,0.7801,0.7819,0.7837,0.7856,0.7875,0.7894,0.7912,0.7931,0.7951,0.797,0.7989,0.8008,0.8028,0.8047,0.8067,0.8087,0.8106,0.8126,0.8146,0.8166,0.8187,0.8207,0.8227,0.8248,0.8268,0.8289,0.831,0.8331,0.8352,0.8373,0.8394,0.8416,0.8437,0.8459,0.848,0.8502,0.8524,0.8546,0.8568,0.859,0.8613,0.8635,0.8658,0.8681,0.8703,0.8726,0.875,0.8773,0.8796,0.8819,0.8843,0.8867,0.8891,0.8915,0.8939,0.8963,0.8987,0.9012,0.9037,0.9063,0.9088,0.9113,0.9139,0.9165,0.9191,0.9217,0.9243,0.927,0.9296,0.9323,0.935,0.9377,0.9404,0.9431,0.9459,0.9487,0.9514,0.9542,0.9571,0.9599,0.9627,0.9655,0.9683,0.9712,0.974,0.9769,0.9798,0.9827,0.9856,0.9886,0.9916,0.9946,0.9976,1.0007,1.0037,1.0068,1.0099,1.013,1.0162,1.0193,1.0225,1.0213,1.0168,1.0165,1.0144,1.0122,1.0101,1.007,1.0042,1.0027,1.0011,0.9994,0.9978,0.9962,0.9946,0.9931,0.9915,0.9899,0.9883,0.9867,0.9837,0.9772,0.973,0.9689,0.9657,0.963,0.961,0.9591,0.9572,0.9553,0.9535,0.9516,0.9497,0.9478,0.946,0.9442,0.9425,0.9408,0.9391,0.9374,0.9357,0.9341,0.9324,0.9307,0.9291,0.9274,0.9258,0.9242,0.9225,0.9209,0.9193,0.9176,0.916,0.9144,0.9128,0.9112,0.9096,0.908,0.9064,0.9049,0.9033,0.9017,0.9002,0.8986,0.897,0.8955,0.894,0.8924,0.8909,0.8894,0.8878,0.8863,0.8848,0.8833,0.8818,0.8803,0.8788,0.8773,0.8759,0.8744,0.8729,0.8714,0.8698,0.8682,0.8666,0.865,0.8635,0.8619,0.8603,0.8587,0.8572,0.8556,0.8541,0.8525,0.851,0.8495
0.2036,0.2044,0.2052,0.206,0.2069,0.2077,0.2086,0.2094,0.2105,0.2119,0.2129,0.2131,0.2135,0.2138,0.2138,0.2139,0.2143,0.2171,0.2199,0.2229,0.2281,0.2336,0.2394,0.2455,0.2505,0.2546,0.2588,0.7192,0.7207,0.7223,0.7238,0.7254,0.7269,0.7285,0.7301,0.7317,0.7333,0.7349,0.7365,0.7381,0.7397,0.7413,0.743,0.7446,0.7463,0.748,0.7496,0.7513,0.753,0.7547,0.7565,0.7582,0.7599,0.7616,0.7634,0.7652,0.7669,0.7687,0.7705,0.7723,0.7741,0.7759,0.7778,0.7796,0.7814,0.7833,0.7851,0.787,0.7889,0.7908,0.7927,0.7946,0.7965,0.7984,0.8003,0.8023,0.8042,0.8062,0.8082,0.8101,0.8121,0.8141,0.8161,0.8181,0.8202,0.8222,0.8243,0.8263,0.8284,0.8305,0.8326,0.8347,0.8368,0.8389,0.841,0.8432,0.8453,0.8475,0.8497,0.8519,0.854,0.8563,0.8585,0.8607,0.863,0.8652,0.8675,0.8698,0.8721,0.8744,0.8767,0.879,0.8814,0.8837,0.8861,0.8885,0.8908,0.8933,0.8957,0.8982,0.9007,0.9032,0.9057,0.9083,0.9108,0.9134,0.916,0.9186,0.9212,0.9238,0.9264,0.9291,0.9318,0.9344,0.9371,0.9399,0.9426,0.9453,0.9481,0.9509,0.9537,0.9565,0.9593,0.9621,0.9649,0.9677,0.9705,0.9734,0.9762,0.9791,0.982,0.985,0.9879,0.9909,0.9939,0.997,1,1.0031,1.0061,1.0092,1.0123,1.0143,1.0099,1.0089,1.0099,1.0084,1.0063,1.0036,1.0013,1.0003,0.9994,0.9978,0.9962,0.9946,0.993,0.9914,0.9899,0.9883,0.9867,0.9851,0.9836,0.9779,0.973,0.9689,0.965,0.9623,0.9599,0.958,0.9561,0.9542,0.9523,0.9505,0.9486,0.9467,0.9449,0.9431,0.9414,0.9397,0.938,0.9363,0.9346,0.933,0.9313,0.9297,0.928,0.9264,0.9247,0.9231,0.9215,0.9198,0.9182,0.9166,0.915,0.9134,0.9118,0.9102,0.9086,0.907,0.9054,0.9038,0.9023,0.9007,0.8991,0.8976,0.896,0.8945,0.893,0.8914,0.8899,0.8884,0.8869,0.8854,0.8838,0.8823,0.8808,0.8794,0.8779,0.8764,0.8749,0.8734,0.872,0.8705,0.8691,0.8675,0.8659,0.8643,0.8627,0.8611,0.8596,0.858,0.8564,0.8549,0.8533,0.8518,0.8503,0.8487
0.2038,0.2046,0.2054,0.2062,0.2071,0.2084,0.2098,0.2112,0.2122,0.2124,0.2126,0.2128,0.2134,0.2137,0.2138,0.2139,0.2149,0.2177,0.2205,0.2246,0.2299,0.2356,0.2414,0.2476,0.2517,0.2558,0.2601,0.7141,0.7156,0.7171,0.7187,0.7202,0.7217,0.7233,0.7248,0.7264,0.728,0.7296,0.7311,0.7327,0.7343,0.7359,0.7375,0.7392,0.7408,0.7425,0.7441,0.7458,0.7475,0.7492,0.7508,0.7525,0.7543,0.756,0.7577,0.7595,0.7612,0.763,0.7647,0.7665,0.7683,0.7701,0.7719,0.7737,0.7755,0.7773,0.7791,0.781,0.7828,0.7847,0.7865,0.7884,0.7903,0.7922,0.7941,0.796,0.7979,0.7998,0.8018,0.8037,0.8057,0.8077,0.8096,0.8116,0.8136,0.8156,0.8176,0.8197,0.8217,0.8237,0.8258,0.8279,0.8299,0.832,0.8341,0.8362,0.8384,0.8405,0.8426,0.8448,0.8469,0.8491,0.8513,0.8535,0.8557,0.8579,0.8601,0.8624,0.8646,0.8669,0.8692,0.8715,0.8738,0.8761,0.8784,0.8808,0.8831,0.8855,0.8879,0.8903,0.8928,0.8953,0.8977,0.9002,0.9027,0.9052,0.9078,0.9103,0.9129,0.9155,0.9181,0.9207,0.9233,0.9259,0.9286,0.9312,0.9339,0.9366,0.9393,0.942,0.9448,0.9475,0.9503,0.9531,0.9559,0.9586,0.9614,0.9642,0.967,0.9698,0.9727,0.9755,0.9785,0.9814,0.9843,0.9873,0.9903,0.9933,0.9963,0.9993,1.0024,1.0055,1.0031,1.0011,1.002,1.003,1.0025,1.0002,0.9984,0.9975,0.9965,0.9956,0.9946,0.993,0.9914,0.9898,0.9882,0.9867,0.9851,0.9835,0.982,0.9786,0.973,0.9689,0.9648,0.9617,0.959,0.9569,0.955,0.9531,0.9512,0.9494,0.9475,0.9456,0.9438,0.942,0.9403,0.9386,0.9369,0.9352,0.9336,0.9319,0.9302,0.9286,0.9269,0.9253,0.9237,0.922,0.9204,0.9188,0.9172,0.9155,0.9139,0.9123,0.9107,0.9091,0.9075,0.906,0.9044,0.9028,0.9012,0.8997,0.8981,0.8966,0.895,0.8935,0.892,0.8904,0.8889,0.8874,0.8859,0.8844,0.8829,0.8814,0.8799,0.8784,0.8769,0.8754,0.874,0.8725,0.871,0.8696,0.8681,0.8667,0.8651,0.8636,0.862,0.8604,0.8588,0.8573,0.8557,0.8542,0.8526,0.8511,0.8495,0.848
0.2039,0.2051,0.2064,0.2078,0.2091,0.2105,0.2114,0.2116,0.2118,0.212,0.2122,0.2127,0.2134,0.2137,0.2137,0.2138,0.2155,0.2183,0.2212,0.2264,0.2318,0.2375,0.2435,0.2489,0.2529,0.2571,0.7076,0.7091,0.7106,0.7121,0.7136,0.7151,0.7166,0.7182,0.7197,0.7212,0.7228,0.7243,0.7259,0.7274,0.729,0.7306,0.7322,0.7338,0.7354,0.7371,0.7387,0.7403,0.742,0.7437,0.7453,0.747,0.7487,0.7504,0.7521,0.7538,0.7555,0.7573,0.759,0.7608,0.7625,0.7643,0.766,0.7678,0.7696,0.7714,0.7732,0.775,0.7768,0.7787,0.7805,0.7823,0.7842,0.7861,0.7879,0.7898,0.7917,0.7936,0.7955,0.7974,0.7994,0.8013,0.8032,0.8052,0.8072,0.8091,0.8111,0.8131,0.8151,0.8171,0.8191,0.8212,0.8232,0.8253,0.8273,0.8294,0.8315,0.8336,0.8357,0.8378,0.8399,0.8421,0.8442,0.8464,0.8486,0.8507,0.8529,0.8551,0.8574,0.8596,0.8618,0.8641,0.8663,0.8686,0.8709,0.8732,0.8755,0.8778,0.8802,0.8826,0.885,0.8874,0.8898,0.8923,0.8948,0.8972,0.8997,0.9022,0.9047,0.9073,0.9098,0.9124,0.9149,0.9175,0.9201,0.9228,0.9254,0.928,0.9307,0.9334,0.9361,0.9388,0.9415,0.9442,0.947,0.9498,0.9525,0.9552,0.958,0.9608,0.9636,0.9664,0.9692,0.972,0.9749,0.9778,0.9807,0.9837,0.9866,0.9896,0.9926,0.9956,0.9963,0.9933,0.9943,0.9952,0.9961,0.9967,0.9955,0.9946,0.9937,0.9928,0.9919,0.9909,0.9898,0.9882,0.9866,0.9851,0.9835,0.982,0.9804,0.9789,0.973,0.9689,0.9648,0.961,0.9584,0.9558,0.9539,0.952,0.9501,0.9482,0.9464,0.9445,0.9427,0.9409,0.9392,0.9375,0.9358,0.9341,0.9325,0.9308,0.9292,0.9275,0.9259,0.9242,0.9226,0.921,0.9194,0.9177,0.9161,0.9145,0.9129,0.9113,0.9097,0.9081,0.9065,0.9049,0.9034,0.9018,0.9002,0.8987,0.8971,0.8956,0.894,0.8925,0.891,0.8894,0.8879,0.8864,0.8849,0.8834,0.8819,0.8804,0.8789,0.8774,0.8759,0.8745,0.873,0.8715,0.8701,0.8686,0.8672,0.8657,0.8643,0.8628,0.8612,0.8597,0.8581,0.8565,0.855,0.8534,0.8519,0.8504,0.8488,0.8473
0.2058,0.2071,0.2085,0.2098,0.2107,0.2109,0.2111,0.2113,0.2115,0.2117,0.212,0.2126,0.2133,0.2136,0.2137,0.2138,0.2161,0.2189,0.2229,0.2281,0.2337,0.2395,0.2456,0.2501,0.2542,0.2584,0.7027,0.7041,0.7056,0.7071,0.7086,0.7101,0.7116,0.7131,0.7146,0.7161,0.7176,0.7192,0.7207,0.7222,0.7238,0.7254,0.7269,0.7285,0.7301,0.7317,0.7334,0.735,0.7366,0.7383,0.7399,0.7416,0.7432,0.7449,0.7466,0.7483,0.75,0.7517,0.7534,0.7551,0.7568,0.7586,0.7603,0.7621,0.7638,0.7656,0.7674,0.7692,0.7709,0.7727,0.7746,0.7764,0.7782,0.78,0.7819,0.7837,0.7856,0.7875,0.7893,0.7912,0.7931,0.795,0.7969,0.7989,0.8008,0.8027,0.8047,0.8067,0.8086,0.8106,0.8126,0.8146,0.8166,0.8186,0.8207,0.8227,0.8248,0.8268,0.8289,0.831,0.8331,0.8352,0.8373,0.8394,0.8415,0.8437,0.8458,0.848,0.8502,0.8524,0.8546,0.8568,0.859,0.8613,0.8635,0.8658,0.868,0.8703,0.8726,0.875,0.8773,0.8797,0.8821,0.8845,0.8869,0.8894,0.8918,0.8943,0.8967,0.8992,0.9017,0.9042,0.9068,0.9093,0.9119,0.9144,0.917,0.9196,0.9222,0.9249,0.9275,0.9302,0.9328,0.9355,0.9382,0.9409,0.9437,0.9464,0.9491,0.9519,0.9546,0.9573,0.9601,0.9629,0.9657,0.9685,0.9714,0.9743,0.9772,0.9801,0.983,0.986,0.989,0.9857,0.9866,0.9875,0.9885,0.9897,0.9915,0.9916,0.9908,0.9899,0.989,0.9881,0.9872,0.9863,0.985,0.9835,0.9819,0.9804,0.9788,0.9773,0.9736,0.9689,0.9648,0.9608,0.9577,0.9551,0.9527,0.9509,0.949,0.9471,0.9453,0.9434,0.9416,0.9398,0.9381,0.9364,0.9347,0.9331,0.9314,0.9298,0.9281,0.9265,0.9248,0.9232,0.9216,0.9199,0.9183,0.9167,0.9151,0.9135,0.9118,0.9103,0.9087,0.9071,0.9055,0.9039,0.9023,0.9008,0.8992,0.8977,0.8961,0.8946,0.893,0.8915,0.89,0.8885,0.8869,0.8854,0.8839,0.8824,0.8809,0.8794,0.8779,0.8765,0.875,0.8735,0.872,0.8706,0.8691,0.8677,0.8662,0.8648,0.8633,0.8619,0.8605,0.8589,0.8574,0.8558,0.8542,0.8527,0.8512,0.8496,0.8481,0.8466
0.2078,0.2091,0.2099,0.2101,0.2103,0.2105,0.2108,0.211,0.2112,0.2114,0.2119,0.2125,0.2132,0.2136,0.2136,0.2139,0.2167,0.2195,0.2246,0.23,0.2356,0.2415,0.2473,0.2513,0.2554,0.2597,0.6978,0.6993,0.7007,0.7022,0.7036,0.7051,0.7066,0.7081,0.7096,0.7111,0.7126,0.7141,0.7156,0.7171,0.7186,0.7202,0.7218,0.7233,0.7249,0.7265,0.7281,0.7297,0.7313,0.7329,0.7346,0.7362,0.7378,0.7395,0.7411,0.7428,0.7445,0.7462,0.7478,0.7495,0.7512,0.753,0.7547,0.7564,0.7581,0.7599,0.7616,0.7634,0.7651,0.7669,0.7687,0.7705,0.7723,0.7741,0.7759,0.7777,0.7796,0.7814,0.7833,0.7851,0.787,0.7889,0.7907,0.7926,0.7945,0.7965,0.7984,0.8003,0.8023,0.8042,0.8062,0.8081,0.8101,0.8121,0.8141,0.8161,0.8181,0.8202,0.8222,0.8242,0.8263,0.8284,0.8304,0.8325,0.8346,0.8367,0.8389,0.841,0.8431,0.8453,0.8475,0.8496,0.8518,0.854,0.8562,0.8585,0.8607,0.8629,0.8652,0.8675,0.8698,0.8721,0.8745,0.8769,0.8792,0.8816,0.884,0.8864,0.8889,0.8913,0.8938,0.8962,0.8987,0.9012,0.9037,0.9063,0.9088,0.9113,0.9139,0.9165,0.9191,0.9217,0.9243,0.927,0.9296,0.9323,0.935,0.9377,0.9404,0.9431,0.9458,0.9485,0.9512,0.9539,0.9567,0.9595,0.9622,0.965,0.9679,0.9707,0.9736,0.9765,0.9794,0.9789,0.9791,0.98,0.981,0.9827,0.9844,0.9861,0.9872,0.9866,0.986,0.9853,0.9844,0.9835,0.9826,0.9817,0.9803,0.9788,0.9772,0.9757,0.9742,0.9689,0.9648,0.9608,0.957,0.9544,0.9518,0.9498,0.9479,0.946,0.9442,0.9423,0.9405,0.9387,0.937,0.9353,0.9336,0.932,0.9303,0.9287,0.927,0.9254,0.9238,0.9221,0.9205,0.9189,0.9172,0.9156,0.914,0.9124,0.9108,0.9092,0.9076,0.906,0.9045,0.9029,0.9013,0.8998,0.8982,0.8967,0.8951,0.8936,0.892,0.8905,0.889,0.8875,0.886,0.8844,0.8829,0.8814,0.8799,0.8785,0.877,0.8755,0.874,0.8726,0.8711,0.8696,0.8682,0.8667,0.8653,0.8639,0.8624,0.861,0.8596,0.8581,0.8566,0.8551,0.8535,0.852,0.8504,0.8489,0.8474,0.8459
0.2092,0.2094,0.2096,0.2098,0.21,0.2102,0.2104,0.2106,0.2108,0.2112,0.2118,0.2125,0.2131,0.2135,0.2136,0.2145,0.2173,0.2212,0.2264,0.2318,0.2375,0.2435,0.2485,0.2525,0.2567,0.6916,0.693,0.6945,0.6959,0.6973,0.6988,0.7002,0.7017,0.7032,0.7046,0.7061,0.7076,0.7091,0.7106,0.7121,0.7136,0.7151,0.7167,0.7182,0.7198,0.7213,0.7229,0.7245,0.7261,0.7277,0.7293,0.7309,0.7325,0.7342,0.7358,0.7374,0.7391,0.7407,0.7424,0.7441,0.7457,0.7474,0.7491,0.7508,0.7525,0.7542,0.756,0.7577,0.7594,0.7612,0.7629,0.7647,0.7665,0.7683,0.77,0.7718,0.7736,0.7755,0.7773,0.7791,0.7809,0.7828,0.7846,0.7865,0.7884,0.7903,0.7922,0.7941,0.796,0.7979,0.7998,0.8018,0.8037,0.8057,0.8076,0.8096,0.8116,0.8136,0.8156,0.8176,0.8196,0.8217,0.8237,0.8258,0.8278,0.8299,0.832,0.8341,0.8362,0.8383,0.8405,0.8426,0.8448,0.8469,0.8491,0.8513,0.8535,0.8557,0.8579,0.8601,0.8624,0.8647,0.867,0.8693,0.8717,0.874,0.8764,0.8788,0.8811,0.8835,0.886,0.8884,0.8908,0.8933,0.8957,0.8982,0.9007,0.9032,0.9057,0.9083,0.9108,0.9134,0.916,0.9186,0.9212,0.9238,0.9264,0.9291,0.9318,0.9344,0.9371,0.9398,0.9425,0.9452,0.9479,0.9506,0.9533,0.9561,0.9588,0.9616,0.9644,0.9673,0.9701,0.9725,0.9716,0.9725,0.9741,0.9758,0.9774,0.9791,0.9808,0.9822,0.9823,0.9817,0.9811,0.9805,0.9798,0.9789,0.978,0.9772,0.9757,0.9741,0.9726,0.9689,0.9649,0.9608,0.9569,0.9538,0.9512,0.9486,0.9468,0.9449,0.9431,0.9413,0.9394,0.9376,0.9359,0.9342,0.9326,0.9309,0.9293,0.9276,0.926,0.9243,0.9227,0.9211,0.9194,0.9178,0.9162,0.9146,0.913,0.9114,0.9098,0.9082,0.9066,0.905,0.9034,0.9019,0.9003,0.8988,0.8972,0.8957,0.8941,0.8926,0.891,0.8895,0.888,0.8865,0.885,0.8835,0.882,0.8805,0.879,0.8775,0.876,0.8745,0.8731,0.8716,0.8701,0.8687,0.8672,0.8658,0.8644,0.8629,0.8615,0.8601,0.8586,0.8572,0.8558,0.8543,0.8528,0.8513,0.8497,0.8482,0.8467,0.8451
0.2089,0.2091,0.2093,0.2095,0.2097,0.2099,0.2101,0.2103,0.2105,0.2111,0.2117,0.2124,0.213,0.2134,0.2135,0.2151,0.2179,0.2229,0.2282,0.2337,0.2395,0.2456,0.2497,0.2538,0.258,0.6869,0.6883,0.6897,0.6911,0.6926,0.694,0.6954,0.6968,0.6983,0.6997,0.7012,0.7027,0.7041,0.7056,0.7071,0.7086,0.7101,0.7116,0.7132,0.7147,0.7163,0.7178,0.7194,0.721,0.7225,0.7241,0.7257,0.7273,0.7289,0.7305,0.7321,0.7337,0.7354,0.737,0.7387,0.7403,0.742,0.7436,0.7453,0.747,0.7487,0.7504,0.7521,0.7538,0.7555,0.7573,0.759,0.7607,0.7625,0.7643,0.766,0.7678,0.7696,0.7714,0.7732,0.775,0.7768,0.7786,0.7805,0.7823,0.7842,0.786,0.7879,0.7898,0.7917,0.7936,0.7955,0.7974,0.7993,0.8013,0.8032,0.8052,0.8071,0.8091,0.8111,0.8131,0.8151,0.8171,0.8191,0.8212,0.8232,0.8253,0.8273,0.8294,0.8315,0.8336,0.8357,0.8378,0.8399,0.8421,0.8442,0.8464,0.8485,0.8507,0.8529,0.8551,0.8574,0.8597,0.8619,0.8642,0.8666,0.8689,0.8712,0.8736,0.8759,0.8783,0.8807,0.8831,0.8855,0.8879,0.8903,0.8928,0.8952,0.8977,0.9002,0.9027,0.9052,0.9078,0.9103,0.9129,0.9155,0.918,0.9207,0.9233,0.9259,0.9286,0.9312,0.9339,0.9365,0.9392,0.9419,0.9445,0.9472,0.9499,0.9527,0.9554,0.9582,0.961,0.9638,0.9643,0.9656,0.9673,0.9689,0.9705,0.9722,0.9739,0.9755,0.977,0.9781,0.9775,0.9769,0.9763,0.9756,0.975,0.9744,0.9735,0.9726,0.9711,0.9694,0.9649,0.9608,0.9569,0.9531,0.9505,0.9479,0.9457,0.9438,0.942,0.9402,0.9383,0.9365,0.9348,0.9332,0.9315,0.9298,0.9282,0.9265,0.9249,0.9233,0.9216,0.92,0.9184,0.9168,0.9151,0.9135,0.9119,0.9103,0.9087,0.9072,0.9056,0.904,0.9024,0.9009,0.8993,0.8977,0.8962,0.8947,0.8931,0.8916,0.8901,0.8885,0.887,0.8855,0.884,0.8825,0.881,0.8795,0.878,0.8765,0.8751,0.8736,0.8721,0.8707,0.8692,0.8677,0.8663,0.8649,0.8634,0.862,0.8606,0.8591,0.8577,0.8563,0.8549,0.8535,0.8521,0.8505,0.849,0.8475,0.8459,0.8444
0.2086,0.2088,0.209,0.2092,0.2094,0.2096,0.2098,0.21,0.2104,0.211,0.2116,0.2123,0.2129,0.2134,0.2135,0.2157,0.2195,0.2246,0.23,0.2356,0.2415,0.2469,0.2509,0.255,0.2593,0.6822,0.6836,0.685,0.6864,0.6878,0.6892,0.6906,0.6921,0.6935,0.6949,0.6963,0.6978,0.6992,0.7007,0.7022,0.7037,0.7052,0.7067,0.7082,0.7097,0.7113,0.7128,0.7143,0.7159,0.7174,0.719,0.7206,0.7221,0.7237,0.7253,0.7269,0.7285,0.7301,0.7317,0.7333,0.735,0.7366,0.7382,0.7399,0.7416,0.7432,0.7449,0.7466,0.7483,0.75,0.7517,0.7534,0.7551,0.7568,0.7586,0.7603,0.762,0.7638,0.7656,0.7673,0.7691,0.7709,0.7727,0.7745,0.7764,0.7782,0.78,0.7819,0.7837,0.7856,0.7874,0.7893,0.7912,0.7931,0.795,0.7969,0.7988,0.8008,0.8027,0.8047,0.8066,0.8086,0.8106,0.8126,0.8146,0.8166,0.8186,0.8206,0.8227,0.8247,0.8268,0.8289,0.831,0.833,0.8351,0.8373,0.8394,0.8415,0.8437,0.8458,0.848,0.8502,0.8524,0.8547,0.8569,0.8592,0.8615,0.8638,0.8661,0.8684,0.8707,0.8731,0.8754,0.8778,0.8802,0.8826,0.885,0.8874,0.8898,0.8923,0.8948,0.8972,0.8997,0.9022,0.9047,0.9073,0.9098,0.9124,0.9149,0.9175,0.9201,0.9227,0.9254,0.928,0.9307,0.9333,0.9359,0.9386,0.9412,0.9439,0.9466,0.9493,0.952,0.9548,0.9573,0.9589,0.9605,0.9622,0.9638,0.9654,0.967,0.9687,0.9703,0.9719,0.9732,0.9733,0.9727,0.9721,0.9715,0.9708,0.9702,0.9696,0.969,0.968,0.9649,0.9609,0.9569,0.9529,0.9498,0.9473,0.9447,0.9427,0.9409,0.9391,0.9373,0.9354,0.9337,0.9321,0.9304,0.9288,0.9271,0.9255,0.9238,0.9222,0.9206,0.9189,0.9173,0.9157,0.9141,0.9125,0.9109,0.9093,0.9077,0.9061,0.9045,0.903,0.9014,0.8998,0.8983,0.8967,0.8952,0.8936,0.8921,0.8906,0.8891,0.8875,0.886,0.8845,0.883,0.8815,0.88,0.8785,0.8771,0.8756,0.8741,0.8726,0.8712,0.8697,0.8683,0.8668,0.8654,0.8639,0.8625,0.8611,0.8596,0.8582,0.8568,0.8554,0.854,0.8526,0.8512,0.8498,0.8483,0.8467,0.8452,0.8437
0.2082,0.2084,0.2087,0.2089,0.2091,0.2093,0.2095,0.2097,0.2103,0.2109,0.2115,0.2122,0.2128,0.2133,0.2135,0.2163,0.2212,0.2264,0.2318,0.2375,0.2435,0.2481,0.2521,0.2563,0.6763,0.6777,0.679,0.6804,0.6818,0.6831,0.6845,0.6859,0.6873,0.6887,0.6901,0.6916,0.693,0.6944,0.6959,0.6974,0.6989,0.7003,0.7018,0.7033,0.7048,0.7063,0.7078,0.7093,0.7109,0.7124,0.7139,0.7155,0.717,0.7186,0.7202,0.7217,0.7233,0.7249,0.7265,0.7281,0.7297,0.7313,0.7329,0.7345,0.7362,0.7378,0.7395,0.7411,0.7428,0.7445,0.7461,0.7478,0.7495,0.7512,0.7529,0.7547,0.7564,0.7581,0.7599,0.7616,0.7634,0.7651,0.7669,0.7687,0.7705,0.7723,0.7741,0.7759,0.7777,0.7795,0.7814,0.7832,0.7851,0.787,0.7888,0.7907,0.7926,0.7945,0.7964,0.7984,0.8003,0.8022,0.8042,0.8061,0.8081,0.8101,0.8121,0.8141,0.8161,0.8181,0.8201,0.8222,0.8242,0.8263,0.8283,0.8304,0.8325,0.8346,0.8367,0.8388,0.841,0.8431,0.8453,0.8475,0.8498,0.852,0.8542,0.8565,0.8587,0.861,0.8633,0.8656,0.8679,0.8703,0.8726,0.875,0.8773,0.8797,0.8821,0.8845,0.8869,0.8894,0.8918,0.8943,0.8967,0.8992,0.9017,0.9042,0.9068,0.9093,0.9118,0.9144,0.917,0.9196,0.9222,0.9248,0.9275,0.9301,0.9327,0.9353,0.9379,0.9406,0.9433,0.946,0.9487,0.9514,0.9539,0.9555,0.9571,0.9587,0.9603,0.9619,0.9635,0.9652,0.9668,0.9681,0.9691,0.9685,0.9679,0.9673,0.9667,0.9661,0.9655,0.9649,0.9643,0.9609,0.9569,0.9529,0.9492,0.9466,0.9441,0.9416,0.9398,0.938,0.9362,0.9344,0.9327,0.931,0.9293,0.9277,0.9261,0.9244,0.9228,0.9211,0.9195,0.9179,0.9163,0.9147,0.9131,0.9114,0.9099,0.9083,0.9067,0.9051,0.9035,0.902,0.9004,0.8988,0.8973,0.8957,0.8942,0.8927,0.8911,0.8896,0.8881,0.8866,0.885,0.8835,0.882,0.8805,0.8791,0.8776,0.8761,0.8746,0.8731,0.8717,0.8702,0.8688,0.8673,0.8659,0.8644,0.863,0.8616,0.8601,0.8587,0.8573,0.8559,0.8545,0.8531,0.8517,0.8503,0.8489,0.8475,0.846,0.8445,0.843
