# shape=256x256 max_depth=10.0 scene=66seV3BWPoX episode=5 step=40,Column1,_1,_2,_3,_4,_5,_6,_7,_8,_9,_10,_11,_12,_13,_14,_15,_16,_17,_18,_19,_20,_21,_22,_23,_24,_25,_26,_27,_28,_29,_30,_31,_32,_33,_34,_35,_36,_37,_38,_39,_40,_41,_42,_43,_44,_45,_46,_47,_48,_49,_50,_51,_52,_53,_54,_55,_56,_57,_58,_59,_60,_61,_62,_63,_64,_65,_66,_67,_68,_69,_70,_71,_72,_73,_74,_75,_76,_77,_78,_79,_80,_81,_82,_83,_84,_85,_86,_87,_88,_89,_90,_91,_92,_93,_94,_95,_96,_97,_98,_99,_100,_101,_102,_103,_104,_105,_106,_107,_108,_109,_110,_111,_112,_113,_114,_115,_116,_117,_118,_119,_120,_121,_122,_123,_124,_125,_126,_127,_128,_129,_130,_131,_132,_133,_134,_135,_136,_137,_138,_139,_140,_141,_142,_143,_144,_145,_146,_147,_148,_149,_150,_151,_152,_153,_154,_155,_156,_157,_158,_159,_160,_161,_162,_163,_164,_165,_166,_167,_168,_169,_170,_171,_172,_173,_174,_175,_176,_177,_178,_179,_180,_181,_182,_183,_184,_185,_186,_187,_188,_189,_190,_191,_192,_193,_194,_195,_196,_197,_198,_199,_200,_201,_202,_203,_204,_205,_206,_207,_208,_209,_210,_211,_212,_213,_214,_215,_216,_217,_218,_219,_220,_221,_222,_223,_224,_225,_226,_227,_228,_229,_230,_231,_232,_233,_234,_235,_236,_237,_238,_239,_240,_241,_242,_243,_244,_245,_246,_247,_248,_249,_250,_251,_252,_253,_254
0.0610,0.0586,0.0582,0.058,0.0578,0.0576,0.0575,0.0573,0.0571,0.057,0.0568,0.0567,0.0565,0.0563,0.0562,0.056,0.0558,0.0557,0.0555,0.0553,0.0552,0.055,0.0548,0.0547,0.0545,0.0544,0.0542,0.054,0.0539,0.0538,0.0538,0.0538,0.0538,0.0538,0.0538,0.0538,0.0538,0.0538,0.0538,0.0539,0.0539,0.0539,0.0539,0.0539,0.0539,0.0539,0.0539,0.0539,0.0539,0.0539,0.0539,0.0539,0.0539,0.054,0.054,0.054,0.054,0.054,0.054,0.0541,0.0543,0.0547,0.055,0.0553,0.0557,0.056,0.0564,0.0567,0.0571,0.0574,0.0578,0.0581,0.0585,0.0589,0.0593,0.0597,0.0601,0.0605,0.061,0.0615,0.0641,0.2393,0.2397,0.24,0.2403,0.2408,0.2419,0.243,0.2442,0.2453,0.2465,0.2477,0.2489,0.2501,0.0489,0.0484,0.0479,0.0479,0.0478,0.0477,0.0477,0.0477,0.0476,0.0476,0.0476,0.0475,0.0475,0.0475,0.0474,0.0474,0.0474,0.0475,0.0475,0.0475,0.0475,0.0475,0.0475,0.0475,0.0475,0.0475,0.0476,0.0476,0.0476,0.0476,0.0476,0.0476,0.0476,0.0476,0.0476,0.0477,0.0477,0.0477,0.0477,0.0477,0.0477,0.0477,0.0477,0.0477,0.0477,0.0477,0.0477,0.0477,0.0477,0.0477,0.0477,0.0477,0.0478,0.0478,0.0478,0.0478,0.0478,0.0478,0.0478,0.0478,0.0478,0.0478,0.0478,0.0478,0.0479,0.0479,0.0483,1.5982,1.5994,1.6006,1.6018,1.603,1.6042,1.6054,1.6066,1.6078,1.609,1.6101,1.6113,1.6124,1.6136,1.6147,1.6159,1.617,1.6182,1.6194,1.6206,1.6218,1.6231,1.6243,1.6255,1.6267,1.6279,1.6292,1.6304,1.6316,1.6329,1.6341,1.6353,1.6365,1.6378,1.639,1.6403,1.6415,1.6427,1.644,1.6452,1.6465,1.6477,1.649,1.6502,1.6515,1.6528,1.654,1.6553,1.6566,1.6578,1.2455,1.2331,1.2225,1.2121,1.2019,1.1858,1.1673,1.1494,1.1321,1.1152,1.0989,1.083,1.0676,1.0526,1.0381,1.0239,1.0101,0.9967,0.9835,0.9704,0.9577,0.9452,0.9331,0.9213,0.9098,0.8986,0.8876,0.8769,0.8665,0.8563,0.8463,0.8366,0.8271,0.8178,0.8087,0.7998,0.7911,0.7826,0.7743,0.7661,0.7582,0.7504,0.7429,0.7357,0.7287
0.0603,0.0585,0.0581,0.0577,0.0575,0.0573,0.0572,0.057,0.0568,0.0567,0.0565,0.0564,0.0562,0.0561,0.0559,0.0557,0.0556,0.0554,0.0552,0.0551,0.0549,0.0547,0.0546,0.0544,0.0543,0.0541,0.054,0.0539,0.0538,0.0537,0.0536,0.0536,0.0536,0.0536,0.0536,0.0536,0.0536,0.0536,0.0536,0.0536,0.0536,0.0536,0.0536,0.0536,0.0537,0.0537,0.0537,0.0537,0.0537,0.0537,0.0537,0.0537,0.0537,0.0538,0.0538,0.0538,0.0538,0.0538,0.0538,0.0538,0.0539,0.0542,0.0546,0.0549,0.0552,0.0556,0.0559,0.0562,0.0566,0.0569,0.0573,0.0577,0.058,0.0584,0.0588,0.0592,0.0595,0.0599,0.0603,0.0607,0.0612,0.0648,0.2374,0.2379,0.2384,0.239,0.2404,0.2415,0.2427,0.2438,0.2449,0.2461,0.2472,0.2484,0.2496,0.0489,0.0484,0.0482,0.0482,0.0481,0.0481,0.0481,0.048,0.048,0.0479,0.0479,0.0479,0.0478,0.0478,0.0478,0.0478,0.0478,0.0478,0.0479,0.0479,0.0479,0.0479,0.0479,0.0479,0.0479,0.0479,0.0479,0.048,0.048,0.048,0.048,0.048,0.048,0.048,0.048,0.048,0.0481,0.0481,0.0481,0.0481,0.0481,0.0481,0.0481,0.0481,0.0481,0.0481,0.0481,0.0481,0.0481,0.0481,0.0481,0.0481,0.0481,0.0481,0.0481,0.0481,0.0481,0.0481,0.0481,0.0481,0.0481,0.0482,0.0482,0.0482,0.0483,0.0489,1.608,1.6092,1.6104,1.6117,1.6129,1.6141,1.6153,1.6165,1.6178,1.619,1.6201,1.6213,1.6224,1.6236,1.6247,1.6259,1.6271,1.6283,1.6296,1.6308,1.632,1.6332,1.6345,1.6357,1.6369,1.6382,1.6394,1.6407,1.6419,1.6431,1.6444,1.6456,1.6469,1.6481,1.6494,1.6507,1.6519,1.6532,1.6544,1.6557,1.6569,1.6582,1.6595,1.6608,1.662,1.6633,1.6646,1.6659,1.6671,1.6684,1.252,1.2396,1.2289,1.2184,1.2081,1.1905,1.1719,1.1539,1.1364,1.1194,1.103,1.087,1.0715,1.0564,1.0417,1.0275,1.0136,1.0001,0.9868,0.9736,0.9608,0.9483,0.9361,0.9242,0.9126,0.9013,0.8903,0.8795,0.869,0.8588,0.8488,0.839,0.8294,0.8201,0.8109,0.802,0.7933,0.7847,0.7763,0.7681,0.7601,0.7524,0.7449,0.7376,0.7305
0.0597,0.0585,0.058,0.0576,0.0572,0.057,0.0569,0.0567,0.0566,0.0564,0.0562,0.0561,0.0559,0.0558,0.0556,0.0554,0.0553,0.0551,0.0549,0.0548,0.0546,0.0545,0.0543,0.0541,0.054,0.0539,0.0539,0.0538,0.0537,0.0536,0.0534,0.0534,0.0534,0.0534,0.0534,0.0534,0.0534,0.0534,0.0534,0.0534,0.0534,0.0534,0.0534,0.0534,0.0534,0.0534,0.0534,0.0534,0.0535,0.0535,0.0535,0.0535,0.0535,0.0535,0.0536,0.0536,0.0536,0.0536,0.0536,0.0536,0.0537,0.0538,0.0541,0.0545,0.0548,0.0551,0.0555,0.0558,0.0561,0.0565,0.0568,0.0572,0.0576,0.0579,0.0583,0.0587,0.059,0.0594,0.0598,0.0602,0.0606,0.061,0.0655,0.2361,0.2366,0.2372,0.2383,0.2397,0.2411,0.2424,0.2435,0.2446,0.2458,0.247,0.2481,0.0495,0.0489,0.0486,0.0486,0.0485,0.0485,0.0484,0.0484,0.0484,0.0483,0.0483,0.0483,0.0482,0.0482,0.0482,0.0482,0.0482,0.0482,0.0482,0.0482,0.0483,0.0483,0.0483,0.0483,0.0483,0.0483,0.0483,0.0483,0.0483,0.0484,0.0484,0.0484,0.0484,0.0484,0.0484,0.0484,0.0484,0.0485,0.0485,0.0485,0.0485,0.0485,0.0485,0.0485,0.0485,0.0485,0.0485,0.0485,0.0485,0.0485,0.0485,0.0485,0.0485,0.0485,0.0485,0.0485,0.0485,0.0485,0.0485,0.0485,0.0485,0.0486,0.0486,0.0486,0.0488,0.0495,1.618,1.6192,1.6204,1.6217,1.6229,1.6241,1.6254,1.6266,1.6279,1.629,1.6302,1.6314,1.6326,1.6337,1.6349,1.6361,1.6373,1.6386,1.6398,1.641,1.6423,1.6435,1.6448,1.646,1.6473,1.6485,1.6498,1.651,1.6523,1.6536,1.6548,1.6561,1.6574,1.6586,1.6599,1.6612,1.6624,1.6637,1.665,1.6663,1.6675,1.6688,1.6701,1.6714,1.6727,1.674,1.6753,1.6766,1.6779,1.2922,1.2587,1.2462,1.2354,1.2248,1.2144,1.1953,1.1766,1.1584,1.1408,1.1237,1.1071,1.091,1.0754,1.0602,1.0454,1.031,1.017,1.0034,0.9902,0.9769,0.9639,0.9513,0.9391,0.9271,0.9155,0.9041,0.893,0.8822,0.8716,0.8613,0.8512,0.8414,0.8318,0.8224,0.8132,0.8042,0.7954,0.7868,0.7784,0.7702,0.7621,0.7544,0.7468,0.7395,0.7324
0.0594,0.0584,0.0579,0.0575,0.0571,0.0568,0.0566,0.0564,0.0563,0.0561,0.056,0.0558,0.0557,0.0555,0.0553,0.0552,0.055,0.0548,0.0547,0.0545,0.0544,0.0542,0.0541,0.054,0.0539,0.0538,0.0538,0.0537,0.0536,0.0534,0.0533,0.0532,0.0532,0.0532,0.0532,0.0532,0.0532,0.0532,0.0532,0.0532,0.0532,0.0532,0.0532,0.0532,0.0532,0.0532,0.0532,0.0532,0.0533,0.0533,0.0533,0.0533,0.0533,0.0533,0.0533,0.0534,0.0534,0.0534,0.0534,0.0534,0.0534,0.0535,0.0537,0.054,0.0544,0.0547,0.055,0.0554,0.0557,0.056,0.0564,0.0567,0.0571,0.0574,0.0578,0.0582,0.0585,0.0589,0.0593,0.0597,0.0601,0.0605,0.0609,0.0663,0.2348,0.2354,0.2362,0.2376,0.239,0.2404,0.2419,0.2432,0.2444,0.2455,0.2467,0.05,0.0495,0.049,0.049,0.0489,0.0489,0.0488,0.0488,0.0488,0.0487,0.0487,0.0486,0.0486,0.0486,0.0486,0.0486,0.0486,0.0486,0.0486,0.0486,0.0486,0.0487,0.0487,0.0487,0.0487,0.0487,0.0487,0.0487,0.0487,0.0488,0.0488,0.0488,0.0488,0.0488,0.0488,0.0488,0.0488,0.0488,0.0489,0.0489,0.0489,0.0489,0.0489,0.0489,0.0489,0.0489,0.0489,0.0489,0.0489,0.0489,0.0489,0.0489,0.0489,0.0489,0.0489,0.0489,0.0489,0.0489,0.0489,0.0489,0.0489,0.049,0.049,0.049,0.0494,0.0501,1.6281,1.6293,1.6306,1.6318,1.633,1.6343,1.6356,1.6368,1.6381,1.6393,1.6405,1.6416,1.6428,1.644,1.6452,1.6464,1.6477,1.6489,1.6502,1.6514,1.6527,1.654,1.6552,1.6565,1.6578,1.659,1.6603,1.6616,1.6628,1.6641,1.6654,1.6667,1.668,1.6692,1.6705,1.6718,1.6731,1.6744,1.6757,1.677,1.6783,1.6796,1.6809,1.6822,1.6835,1.6848,1.6861,1.6874,1.6887,1.2943,1.2654,1.2528,1.2419,1.2312,1.2196,1.2001,1.1812,1.1629,1.1452,1.1279,1.1112,1.095,1.0793,1.064,1.0491,1.0346,1.0205,1.0068,0.9935,0.9801,0.9671,0.9544,0.9421,0.9301,0.9183,0.9069,0.8957,0.8848,0.8742,0.8638,0.8537,0.8438,0.8341,0.8247,0.8154,0.8064,0.7976,0.7889,0.7805,0.7722,0.7642,0.7564,0.7488,0.7414,0.7343
0.0592,0.0583,0.0578,0.0574,0.057,0.0566,0.0563,0.0561,0.056,0.0558,0.0557,0.0555,0.0554,0.0552,0.0551,0.0549,0.0547,0.0546,0.0544,0.0542,0.0541,0.054,0.0539,0.0539,0.0538,0.0537,0.0537,0.0536,0.0534,0.0533,0.0531,0.053,0.0529,0.053,0.053,0.053,0.053,0.053,0.053,0.053,0.053,0.053,0.053,0.053,0.053,0.053,0.053,0.053,0.053,0.0531,0.0531,0.0531,0.0531,0.0531,0.0531,0.0532,0.0532,0.0532,0.0532,0.0532,0.0532,0.0532,0.0533,0.0536,0.0539,0.0543,0.0546,0.0549,0.0552,0.0556,0.0559,0.0563,0.0566,0.057,0.0573,0.0577,0.0581,0.0584,0.0588,0.0592,0.0596,0.06,0.0603,0.0608,0.0671,0.2336,0.2342,0.2355,0.2369,0.2383,0.2397,0.2412,0.2426,0.2441,0.2452,0.0506,0.05,0.0495,0.0494,0.0493,0.0493,0.0492,0.0492,0.0492,0.0491,0.0491,0.049,0.049,0.049,0.049,0.049,0.049,0.049,0.049,0.049,0.049,0.0491,0.0491,0.0491,0.0491,0.0491,0.0491,0.0491,0.0491,0.0491,0.0492,0.0492,0.0492,0.0492,0.0492,0.0492,0.0492,0.0492,0.0492,0.0492,0.0493,0.0493,0.0493,0.0493,0.0493,0.0493,0.0493,0.0493,0.0493,0.0493,0.0493,0.0493,0.0493,0.0493,0.0493,0.0493,0.0493,0.0493,0.0493,0.0493,0.0493,0.0494,0.0494,0.0495,0.0499,1.637,1.6383,1.6395,1.6408,1.6421,1.6433,1.6446,1.6459,1.6471,1.6484,1.6496,1.6508,1.652,1.6532,1.6544,1.6556,1.6569,1.6582,1.6594,1.6607,1.662,1.6633,1.6645,1.6658,1.6671,1.6684,1.6696,1.6709,1.6722,1.6735,1.6748,1.6761,1.6774,1.6787,1.68,1.6813,1.6826,1.6839,1.6852,1.6865,1.6878,1.6892,1.6905,1.6918,1.6931,1.6944,1.6957,1.6971,1.6984,1.6997,1.2965,1.2721,1.2595,1.2485,1.2377,1.2247,1.205,1.1859,1.1675,1.1496,1.1322,1.1154,1.0991,1.0832,1.0678,1.0528,1.0382,1.024,1.0103,0.9968,0.9834,0.9703,0.9576,0.9451,0.933,0.9212,0.9097,0.8985,0.8875,0.8768,0.8664,0.8562,0.8462,0.8365,0.827,0.8177,0.8086,0.7997,0.7911,0.7825,0.7742,0.7662,0.7584,0.7507,0.7433,0.7362
0.0590,0.0582,0.0578,0.0573,0.0569,0.0565,0.0561,0.0559,0.0557,0.0556,0.0554,0.0553,0.0551,0.0549,0.0548,0.0546,0.0545,0.0543,0.0541,0.0541,0.054,0.0539,0.0538,0.0538,0.0537,0.0536,0.0535,0.0535,0.0533,0.0532,0.053,0.0529,0.0527,0.0527,0.0527,0.0527,0.0528,0.0528,0.0528,0.0528,0.0528,0.0528,0.0528,0.0528,0.0528,0.0528,0.0528,0.0528,0.0528,0.0529,0.0529,0.0529,0.0529,0.0529,0.0529,0.0529,0.053,0.053,0.053,0.053,0.053,0.053,0.0531,0.0532,0.0535,0.0538,0.0542,0.0545,0.0548,0.0551,0.0555,0.0558,0.0562,0.0565,0.0569,0.0572,0.0576,0.0579,0.0583,0.0587,0.0591,0.0594,0.0598,0.0602,0.0614,0.0681,0.2325,0.2335,0.2349,0.2362,0.2376,0.239,0.2405,0.2419,0.2433,0.2448,0.0506,0.05,0.0498,0.0498,0.0497,0.0496,0.0496,0.0496,0.0495,0.0495,0.0494,0.0494,0.0494,0.0494,0.0494,0.0494,0.0494,0.0494,0.0494,0.0494,0.0495,0.0495,0.0495,0.0495,0.0495,0.0495,0.0495,0.0495,0.0496,0.0496,0.0496,0.0496,0.0496,0.0496,0.0496,0.0496,0.0496,0.0496,0.0496,0.0496,0.0496,0.0497,0.0497,0.0497,0.0497,0.0497,0.0497,0.0497,0.0497,0.0497,0.0497,0.0497,0.0497,0.0497,0.0497,0.0497,0.0497,0.0497,0.0497,0.0497,0.0498,0.0498,0.0499,0.0506,1.6473,1.6486,1.6499,1.6512,1.6525,1.6537,1.655,1.6563,1.6576,1.6589,1.6601,1.6613,1.6625,1.6637,1.665,1.6662,1.6675,1.6688,1.6701,1.6713,1.6726,1.6739,1.6752,1.6765,1.6778,1.6791,1.6804,1.6817,1.683,1.6843,1.6856,1.6869,1.6883,1.6896,1.6909,1.6922,1.6935,1.6949,1.6962,1.6975,1.6988,1.7002,1.7015,1.7028,1.7042,1.7055,1.7068,1.7082,1.7095,1.7109,1.2986,1.279,1.2663,1.2552,1.2443,1.2297,1.2099,1.1907,1.1721,1.1541,1.1366,1.1196,1.1032,1.0872,1.0716,1.0565,1.0419,1.0276,1.0137,1.0002,0.9867,0.9735,0.9607,0.9482,0.936,0.9241,0.9125,0.9012,0.8902,0.8794,0.8689,0.8587,0.8487,0.8389,0.8293,0.82,0.8109,0.8019,0.7932,0.7846,0.7763,0.7683,0.7604,0.7527,0.7452,0.7381
0.0589,0.0581,0.0577,0.0573,0.0568,0.0564,0.056,0.0556,0.0554,0.0553,0.0551,0.055,0.0548,0.0547,0.0545,0.0543,0.0542,0.0541,0.054,0.0539,0.0539,0.0538,0.0537,0.0537,0.0536,0.0535,0.0534,0.0533,0.0532,0.053,0.0529,0.0527,0.0526,0.0525,0.0525,0.0525,0.0525,0.0525,0.0526,0.0526,0.0526,0.0526,0.0526,0.0526,0.0526,0.0526,0.0526,0.0526,0.0526,0.0527,0.0527,0.0527,0.0527,0.0527,0.0527,0.0527,0.0528,0.0528,0.0528,0.0528,0.0528,0.0528,0.0529,0.0529,0.0531,0.0534,0.0537,0.0541,0.0544,0.0547,0.055,0.0554,0.0557,0.056,0.0564,0.0567,0.0571,0.0575,0.0578,0.0582,0.0586,0.0589,0.0593,0.0597,0.0601,0.0621,0.0691,0.2325,0.2334,0.2345,0.2358,0.2372,0.2385,0.2399,0.2413,0.2427,0.0511,0.0506,0.0502,0.0502,0.0501,0.0501,0.05,0.05,0.0499,0.0499,0.0499,0.0498,0.0498,0.0498,0.0498,0.0498,0.0498,0.0498,0.0498,0.0498,0.0499,0.0499,0.0499,0.0499,0.0499,0.0499,0.0499,0.0499,0.05,0.05,0.05,0.05,0.05,0.05,0.05,0.05,0.05,0.05,0.05,0.05,0.0501,0.0501,0.0501,0.0501,0.0501,0.0501,0.0501,0.0501,0.0501,0.0501,0.0501,0.0501,0.0501,0.0501,0.0501,0.0501,0.0501,0.0501,0.0501,0.0501,0.0502,0.0502,0.0505,0.0512,1.6578,1.6591,1.6604,1.6617,1.663,1.6643,1.6656,1.6669,1.6682,1.6695,1.6707,1.6719,1.6732,1.6744,1.6756,1.6769,1.6782,1.6795,1.6808,1.6821,1.6834,1.6847,1.6861,1.6874,1.6887,1.69,1.6913,1.6926,1.6939,1.6953,1.6966,1.6979,1.6993,1.7006,1.7019,1.7033,1.7046,1.706,1.7073,1.7086,1.71,1.7113,1.7127,1.714,1.7154,1.7167,1.7181,1.7195,1.7208,1.3158,1.3002,1.2859,1.2732,1.262,1.2509,1.2348,1.2148,1.1955,1.1767,1.1586,1.1409,1.1238,1.1073,1.0912,1.0755,1.0603,1.0455,1.0312,1.0172,1.0036,0.9901,0.9768,0.9638,0.9512,0.939,0.927,0.9154,0.904,0.8929,0.8821,0.8715,0.8612,0.8511,0.8413,0.8317,0.8223,0.8131,0.8041,0.7953,0.7867,0.7784,0.7704,0.7625,0.7547,0.7472,0.74
0.0587,0.058,0.0576,0.0572,0.0568,0.0563,0.0559,0.0555,0.0552,0.055,0.0549,0.0547,0.0546,0.0544,0.0542,0.0541,0.0541,0.054,0.0539,0.0538,0.0538,0.0537,0.0536,0.0535,0.0535,0.0534,0.0533,0.0532,0.053,0.0529,0.0528,0.0526,0.0525,0.0523,0.0523,0.0523,0.0523,0.0523,0.0523,0.0523,0.0523,0.0524,0.0524,0.0524,0.0524,0.0524,0.0524,0.0524,0.0524,0.0525,0.0525,0.0525,0.0525,0.0525,0.0525,0.0525,0.0526,0.0526,0.0526,0.0526,0.0526,0.0526,0.0526,0.0527,0.0527,0.053,0.0533,0.0536,0.054,0.0543,0.0546,0.0549,0.0553,0.0556,0.0559,0.0563,0.0566,0.057,0.0573,0.0577,0.0581,0.0584,0.0588,0.0592,0.0596,0.06,0.0627,0.0702,0.2325,0.2335,0.2345,0.2355,0.2368,0.2382,0.2395,0.2409,0.0517,0.0511,0.0507,0.0506,0.0506,0.0505,0.0504,0.0504,0.0504,0.0503,0.0503,0.0502,0.0502,0.0502,0.0502,0.0502,0.0502,0.0502,0.0503,0.0503,0.0503,0.0503,0.0503,0.0503,0.0503,0.0503,0.0504,0.0504,0.0504,0.0504,0.0504,0.0504,0.0504,0.0504,0.0504,0.0504,0.0505,0.0505,0.0505,0.0505,0.0505,0.0505,0.0505,0.0505,0.0505,0.0505,0.0505,0.0505,0.0505,0.0505,0.0505,0.0505,0.0505,0.0505,0.0505,0.0505,0.0505,0.0505,0.0505,0.0506,0.0506,0.0507,0.0511,1.6671,1.6684,1.6697,1.671,1.6723,1.6736,1.675,1.6763,1.6776,1.6789,1.6802,1.6815,1.6827,1.684,1.6852,1.6865,1.6878,1.6891,1.6904,1.6917,1.6931,1.6944,1.6957,1.697,1.6984,1.6997,1.701,1.7024,1.7037,1.705,1.7064,1.7077,1.7091,1.7104,1.7118,1.7131,1.7145,1.7158,1.7172,1.7185,1.7199,1.7213,1.7226,1.724,1.7254,1.7267,1.7281,1.7295,1.7309,1.7322,1.3182,1.3068,1.2929,1.2801,1.2688,1.2576,1.24,1.2198,1.2003,1.1814,1.1631,1.1453,1.1281,1.1114,1.0952,1.0794,1.0641,1.0492,1.0348,1.0207,1.007,0.9934,0.98,0.967,0.9543,0.942,0.93,0.9182,0.9068,0.8956,0.8847,0.8741,0.8637,0.8536,0.8437,0.8341,0.8246,0.8154,0.8063,0.7975,0.7889,0.7806,0.7725,0.7645,0.7567,0.7491,0.7419
0.0585,0.0579,0.0575,0.0571,0.0567,0.0563,0.0559,0.0555,0.0551,0.0547,0.0546,0.0544,0.0543,0.0542,0.0541,0.054,0.0539,0.0539,0.0538,0.0537,0.0537,0.0536,0.0535,0.0534,0.0534,0.0533,0.0532,0.0531,0.0529,0.0528,0.0526,0.0525,0.0523,0.0522,0.0521,0.0521,0.0521,0.0521,0.0521,0.0521,0.0521,0.0521,0.0521,0.0522,0.0522,0.0522,0.0522,0.0522,0.0522,0.0523,0.0523,0.0523,0.0523,0.0523,0.0523,0.0523,0.0524,0.0524,0.0524,0.0524,0.0524,0.0524,0.0524,0.0525,0.0525,0.0526,0.0529,0.0532,0.0535,0.0539,0.0542,0.0545,0.0548,0.0552,0.0555,0.0558,0.0562,0.0565,0.0569,0.0572,0.0576,0.0579,0.0583,0.0587,0.0591,0.0595,0.0598,0.0634,0.0713,0.2325,0.2335,0.2345,0.2355,0.2365,0.2378,0.2391,0.2405,0.0517,0.0511,0.051,0.051,0.0509,0.0509,0.0508,0.0508,0.0507,0.0507,0.0507,0.0506,0.0506,0.0506,0.0506,0.0506,0.0507,0.0507,0.0507,0.0507,0.0507,0.0507,0.0507,0.0508,0.0508,0.0508,0.0508,0.0508,0.0508,0.0508,0.0508,0.0509,0.0509,0.0509,0.0509,0.0509,0.0509,0.0509,0.0509,0.0509,0.0509,0.0509,0.0509,0.0509,0.0509,0.0509,0.0509,0.0509,0.0509,0.0509,0.0509,0.0509,0.0509,0.0509,0.0509,0.0509,0.0509,0.051,0.051,0.0511,0.0511,0.0517,1.6778,1.6791,1.6804,1.6818,1.6831,1.6844,1.6858,1.6871,1.6884,1.6898,1.6911,1.6924,1.6936,1.6949,1.6962,1.6974,1.6988,1.7001,1.7014,1.7028,1.7041,1.7055,1.7068,1.7081,1.7095,1.7108,1.7122,1.7136,1.7149,1.7163,1.7176,1.719,1.7204,1.7217,1.7231,1.7245,1.7258,1.7272,1.7286,1.7299,1.7313,1.7327,1.7341,1.7355,1.7368,1.7382,1.7396,1.741,1.7424,1.7438,1.326,1.3144,1.3,1.2872,1.2757,1.2644,1.2452,1.2249,1.2052,1.1861,1.1677,1.1498,1.1324,1.1156,1.0992,1.0834,1.0679,1.0529,1.0384,1.0242,1.0104,0.9968,0.9833,0.9702,0.9574,0.945,0.9329,0.9211,0.9096,0.8984,0.8874,0.8767,0.8663,0.8561,0.8462,0.8364,0.8269,0.8176,0.8086,0.7997,0.791,0.7827,0.7746,0.7666,0.7587,0.7511,0.7438
0.0583,0.0579,0.0574,0.057,0.0566,0.0562,0.0558,0.0554,0.055,0.0546,0.0543,0.0542,0.0541,0.0541,0.054,0.0539,0.0538,0.0538,0.0537,0.0536,0.0535,0.0535,0.0534,0.0533,0.0533,0.0532,0.0531,0.0529,0.0528,0.0526,0.0525,0.0524,0.0522,0.0521,0.0519,0.0519,0.0519,0.0519,0.0519,0.0519,0.0519,0.0519,0.0519,0.052,0.052,0.052,0.052,0.052,0.052,0.0521,0.0521,0.0521,0.0521,0.0521,0.0521,0.0521,0.0522,0.0522,0.0522,0.0522,0.0522,0.0522,0.0523,0.0523,0.0523,0.0523,0.0526,0.0529,0.0531,0.0534,0.0538,0.0541,0.0544,0.0547,0.055,0.0554,0.0557,0.0561,0.0564,0.0568,0.0571,0.0575,0.0578,0.0582,0.0586,0.0589,0.0593,0.06,0.0642,0.0724,0.2326,0.2336,0.2345,0.2355,0.2365,0.2376,0.2388,0.0523,0.0517,0.0515,0.0514,0.0514,0.0513,0.0513,0.0512,0.0512,0.0511,0.0511,0.0511,0.051,0.051,0.0511,0.0511,0.0511,0.0511,0.0511,0.0511,0.0511,0.0512,0.0512,0.0512,0.0512,0.0512,0.0512,0.0512,0.0512,0.0513,0.0513,0.0513,0.0513,0.0513,0.0513,0.0513,0.0513,0.0513,0.0513,0.0513,0.0513,0.0513,0.0513,0.0513,0.0513,0.0513,0.0513,0.0513,0.0513,0.0513,0.0513,0.0513,0.0513,0.0513,0.0513,0.0513,0.0514,0.0514,0.0515,0.0515,0.0517,0.0524,1.6887,1.69,1.6913,1.6927,1.694,1.6954,1.6967,1.6981,1.6994,1.7008,1.7021,1.7034,1.7047,1.706,1.7072,1.7086,1.7099,1.7113,1.7126,1.714,1.7153,1.7167,1.7181,1.7194,1.7208,1.7222,1.7235,1.7249,1.7263,1.7276,1.729,1.7304,1.7318,1.7331,1.7345,1.7359,1.7373,1.7387,1.7401,1.7415,1.7429,1.7443,1.7457,1.7471,1.7485,1.7499,1.7513,1.7527,1.7541,1.7556,1.757,1.3221,1.3071,1.2943,1.2826,1.2712,1.2504,1.2299,1.2101,1.1909,1.1723,1.1542,1.1367,1.1198,1.1033,1.0873,1.0718,1.0567,1.042,1.0277,1.0138,1.0002,0.9866,0.9734,0.9606,0.9481,0.9359,0.924,0.9124,0.9011,0.8901,0.8794,0.8689,0.8586,0.8486,0.8388,0.8293,0.8199,0.8108,0.8019,0.7932,0.7849,0.7767,0.7686,0.7608,0.753,0.7457
0.0582,0.0578,0.0574,0.0569,0.0565,0.0561,0.0557,0.0553,0.0549,0.0545,0.0542,0.0541,0.054,0.0539,0.0539,0.0538,0.0537,0.0537,0.0536,0.0535,0.0534,0.0534,0.0533,0.0532,0.0532,0.0531,0.0529,0.0528,0.0527,0.0525,0.0524,0.0522,0.0521,0.052,0.0518,0.0517,0.0517,0.0517,0.0517,0.0517,0.0517,0.0517,0.0518,0.0518,0.0518,0.0518,0.0518,0.0518,0.0518,0.0519,0.0519,0.0519,0.0519,0.0519,0.0519,0.0519,0.052,0.052,0.052,0.052,0.0521,0.0521,0.0521,0.0522,0.0522,0.0522,0.0523,0.0525,0.0528,0.0531,0.0534,0.0537,0.054,0.0543,0.0546,0.0549,0.0553,0.0556,0.0559,0.0563,0.0566,0.057,0.0573,0.0577,0.0581,0.0584,0.0588,0.0592,0.0607,0.0649,0.2316,0.2326,0.2336,0.2346,0.2356,0.2366,0.2376,0.0529,0.0523,0.0519,0.0519,0.0518,0.0518,0.0517,0.0517,0.0516,0.0516,0.0515,0.0515,0.0515,0.0515,0.0515,0.0515,0.0515,0.0515,0.0516,0.0516,0.0516,0.0516,0.0516,0.0516,0.0516,0.0516,0.0517,0.0517,0.0517,0.0517,0.0517,0.0517,0.0517,0.0517,0.0517,0.0517,0.0517,0.0517,0.0517,0.0517,0.0517,0.0517,0.0517,0.0517,0.0517,0.0517,0.0517,0.0517,0.0518,0.0518,0.0518,0.0518,0.0518,0.0518,0.0518,0.0518,0.0518,0.0519,0.0519,0.052,0.0523,1.6983,1.6996,1.701,1.7024,1.7037,1.7051,1.7065,1.7078,1.7092,1.7106,1.712,1.7133,1.7146,1.7159,1.7172,1.7185,1.7198,1.7212,1.7226,1.724,1.7253,1.7267,1.7281,1.7294,1.7308,1.7322,1.7336,1.735,1.7364,1.7378,1.7392,1.7406,1.7419,1.7434,1.7448,1.7462,1.7476,1.749,1.7504,1.7518,1.7532,1.7546,1.756,1.7575,1.7589,1.7603,1.7617,1.7631,1.7646,1.766,1.7675,1.7689,1.3297,1.3144,1.3015,1.2897,1.2771,1.2557,1.235,1.215,1.1957,1.1769,1.1587,1.1411,1.124,1.1074,1.0913,1.0757,1.0605,1.0457,1.0313,1.0173,1.0036,0.99,0.9767,0.9637,0.9511,0.9389,0.9269,0.9153,0.9039,0.8928,0.882,0.8714,0.8611,0.8511,0.8412,0.8316,0.8222,0.813,0.8041,0.7955,0.787,0.7788,0.7707,0.7628,0.755,0.7477
0.0581,0.0577,0.0573,0.0569,0.0564,0.056,0.0556,0.0552,0.0548,0.0545,0.0542,0.054,0.0539,0.0538,0.0538,0.0537,0.0536,0.0535,0.0535,0.0534,0.0533,0.0533,0.0532,0.0531,0.053,0.053,0.0528,0.0527,0.0525,0.0524,0.0522,0.0521,0.052,0.0518,0.0517,0.0516,0.0515,0.0515,0.0515,0.0515,0.0515,0.0515,0.0516,0.0516,0.0516,0.0516,0.0516,0.0516,0.0516,0.0517,0.0517,0.0517,0.0517,0.0517,0.0518,0.0518,0.0518,0.0519,0.0519,0.0519,0.052,0.052,0.052,0.052,0.052,0.052,0.052,0.0522,0.0525,0.0528,0.0531,0.0534,0.0537,0.0539,0.0542,0.0545,0.0548,0.0552,0.0555,0.0558,0.0562,0.0565,0.0569,0.0572,0.0576,0.058,0.0583,0.0587,0.0591,0.0613,0.0657,0.2317,0.2327,0.2336,0.2346,0.2356,0.2366,0.0536,0.0529,0.0524,0.0523,0.0523,0.0522,0.0522,0.0521,0.0521,0.052,0.052,0.0519,0.0519,0.0519,0.0519,0.052,0.052,0.052,0.052,0.052,0.052,0.052,0.052,0.0521,0.0521,0.0521,0.0521,0.0521,0.0521,0.0521,0.0521,0.0521,0.0521,0.0522,0.0522,0.0522,0.0522,0.0522,0.0522,0.0522,0.0522,0.0522,0.0522,0.0522,0.0522,0.0522,0.0522,0.0522,0.0522,0.0522,0.0522,0.0522,0.0522,0.0522,0.0522,0.0522,0.0523,0.0523,0.0524,0.0524,0.0529,1.7094,1.7108,1.7122,1.7135,1.7149,1.7163,1.7177,1.7191,1.7205,1.7218,1.7232,1.7246,1.7259,1.7272,1.7285,1.7299,1.7313,1.7326,1.734,1.7354,1.7368,1.7382,1.7396,1.741,1.7424,1.7438,1.7452,1.7466,1.748,1.7494,1.7508,1.7522,1.7537,1.7551,1.7565,1.7579,1.7593,1.7608,1.7622,1.7636,1.7651,1.7665,1.7679,1.7694,1.7708,1.7723,1.7737,1.7752,1.7766,1.7781,1.7795,1.781,1.3372,1.3217,1.3087,1.2968,1.2826,1.2611,1.2402,1.22,1.2005,1.1816,1.1633,1.1455,1.1283,1.1116,1.0953,1.0796,1.0643,1.0494,1.0349,1.0208,1.007,0.9933,0.9799,0.9669,0.9542,0.9419,0.9299,0.9181,0.9067,0.8955,0.8846,0.874,0.8637,0.8535,0.8436,0.834,0.8245,0.8153,0.8063,0.7977,0.7892,0.7809,0.7728,0.7648,0.757,0.7496
0.0581,0.0576,0.0572,0.0568,0.0564,0.056,0.0556,0.0552,0.0548,0.0544,0.0542,0.0539,0.0538,0.0537,0.0537,0.0536,0.0535,0.0534,0.0534,0.0533,0.0532,0.0532,0.0531,0.053,0.0529,0.0528,0.0527,0.0525,0.0524,0.0523,0.0521,0.052,0.0518,0.0517,0.0516,0.0514,0.0513,0.0513,0.0513,0.0513,0.0513,0.0513,0.0514,0.0514,0.0514,0.0514,0.0514,0.0514,0.0515,0.0515,0.0515,0.0516,0.0516,0.0516,0.0516,0.0517,0.0517,0.0517,0.0518,0.0518,0.0518,0.0519,0.0519,0.0519,0.0519,0.0518,0.0518,0.0519,0.0522,0.0525,0.0528,0.0531,0.0533,0.0536,0.0539,0.0542,0.0545,0.0548,0.0551,0.0554,0.0557,0.0561,0.0564,0.0568,0.0571,0.0575,0.0578,0.0582,0.0586,0.059,0.062,0.0666,0.2319,0.2328,0.2338,0.2348,0.2358,0.2368,0.0536,0.0529,0.0528,0.0528,0.0527,0.0526,0.0526,0.0525,0.0525,0.0524,0.0524,0.0524,0.0524,0.0524,0.0524,0.0524,0.0524,0.0524,0.0525,0.0525,0.0525,0.0525,0.0525,0.0525,0.0525,0.0526,0.0526,0.0526,0.0526,0.0526,0.0526,0.0526,0.0526,0.0526,0.0526,0.0526,0.0526,0.0526,0.0526,0.0526,0.0526,0.0526,0.0526,0.0526,0.0526,0.0526,0.0526,0.0526,0.0526,0.0526,0.0526,0.0526,0.0526,0.0527,0.0527,0.0527,0.0528,0.0528,0.0529,0.0536,1.7207,1.7221,1.7235,1.7249,1.7262,1.7277,1.7291,1.7305,1.7319,1.7333,1.7347,1.736,1.7374,1.7387,1.74,1.7414,1.7429,1.7442,1.7456,1.7471,1.7485,1.7499,1.7513,1.7527,1.7541,1.7555,1.757,1.7584,1.7598,1.7612,1.7627,1.7641,1.7655,1.767,1.7684,1.7698,1.7713,1.7727,1.7742,1.7756,1.7771,1.7785,1.78,1.7815,1.7829,1.7844,1.7859,1.7873,1.7888,1.7903,1.7917,1.7932,1.3448,1.3291,1.316,1.304,1.2882,1.2664,1.2454,1.2251,1.2054,1.1863,1.1679,1.1499,1.1326,1.1157,1.0994,1.0835,1.0681,1.0531,1.0385,1.0243,1.0105,0.9967,0.9832,0.9701,0.9573,0.9449,0.9328,0.921,0.9095,0.8983,0.8873,0.8766,0.8662,0.856,0.8461,0.8363,0.8268,0.8176,0.8086,0.7999,0.7914,0.7831,0.7749,0.7669,0.7591,0.7516
0.0580,0.0575,0.0571,0.0567,0.0563,0.0559,0.0555,0.0551,0.0547,0.0544,0.0542,0.0539,0.0537,0.0536,0.0535,0.0535,0.0534,0.0533,0.0533,0.0532,0.0531,0.053,0.053,0.0529,0.0528,0.0527,0.0525,0.0524,0.0523,0.0521,0.052,0.0519,0.0517,0.0516,0.0514,0.0513,0.0512,0.0511,0.0511,0.0511,0.0511,0.0512,0.0512,0.0512,0.0512,0.0512,0.0513,0.0513,0.0513,0.0514,0.0514,0.0514,0.0515,0.0515,0.0515,0.0516,0.0516,0.0516,0.0516,0.0517,0.0517,0.0517,0.0517,0.0517,0.0517,0.0517,0.0517,0.0517,0.0519,0.0522,0.0525,0.0527,0.053,0.0533,0.0536,0.0539,0.0542,0.0545,0.0548,0.0551,0.0554,0.0557,0.056,0.0563,0.0567,0.057,0.0574,0.0577,0.0581,0.0585,0.0588,0.0627,0.0675,0.2321,0.2331,0.234,0.235,0.236,0.0542,0.0536,0.0533,0.0532,0.0532,0.0531,0.053,0.053,0.0529,0.0529,0.0529,0.0528,0.0528,0.0528,0.0529,0.0529,0.0529,0.0529,0.0529,0.0529,0.0529,0.053,0.053,0.053,0.053,0.053,0.053,0.053,0.053,0.053,0.053,0.053,0.053,0.053,0.0531,0.0531,0.0531,0.0531,0.0531,0.0531,0.0531,0.0531,0.0531,0.0531,0.0531,0.0531,0.0531,0.0531,0.0531,0.0531,0.0531,0.0531,0.0531,0.0531,0.0531,0.0532,0.0533,0.0533,0.0536,0.0544,1.7321,1.7335,1.7349,1.7363,1.7377,1.7392,1.7406,1.742,1.7434,1.7449,1.7463,1.7477,1.749,1.7503,1.7517,1.7532,1.7546,1.756,1.7574,1.7588,1.7603,1.7617,1.7631,1.7646,1.766,1.7675,1.7689,1.7703,1.7718,1.7732,1.7747,1.7761,1.7776,1.779,1.7805,1.7819,1.7834,1.7849,1.7863,1.7878,1.7893,1.7908,1.7922,1.7937,1.7952,1.7967,1.7982,1.7996,1.8011,1.8026,1.8041,1.8056,1.3525,1.3365,1.3235,1.3113,1.2938,1.2719,1.2506,1.2301,1.2103,1.1911,1.1725,1.1544,1.1369,1.1199,1.1035,1.0875,1.0719,1.0568,1.0422,1.0279,1.014,1.0001,0.9865,0.9733,0.9605,0.948,0.9358,0.9239,0.9123,0.901,0.89,0.8793,0.8688,0.8585,0.8485,0.8387,0.8292,0.8199,0.8109,0.8022,0.7936,0.7852,0.777,0.769,0.7611,0.7536
0.0579,0.0575,0.057,0.0566,0.0562,0.0558,0.0554,0.055,0.0547,0.0544,0.0541,0.0539,0.0537,0.0535,0.0534,0.0534,0.0533,0.0532,0.0532,0.0531,0.053,0.0529,0.0529,0.0528,0.0527,0.0526,0.0524,0.0523,0.0521,0.052,0.0519,0.0517,0.0516,0.0515,0.0513,0.0512,0.051,0.0509,0.0509,0.0509,0.051,0.051,0.051,0.0511,0.0511,0.0511,0.0512,0.0512,0.0512,0.0512,0.0513,0.0513,0.0513,0.0514,0.0514,0.0514,0.0515,0.0515,0.0515,0.0515,0.0516,0.0516,0.0515,0.0515,0.0515,0.0515,0.0515,0.0515,0.0516,0.0519,0.0522,0.0524,0.0527,0.053,0.0533,0.0536,0.0539,0.0541,0.0544,0.0547,0.055,0.0554,0.0557,0.056,0.0563,0.0566,0.0569,0.0573,0.0576,0.058,0.0583,0.0593,0.0634,0.0686,0.2323,0.2333,0.2343,0.2353,0.0549,0.0542,0.0538,0.0537,0.0536,0.0536,0.0535,0.0535,0.0534,0.0534,0.0533,0.0533,0.0533,0.0533,0.0533,0.0533,0.0534,0.0534,0.0534,0.0534,0.0534,0.0534,0.0534,0.0535,0.0535,0.0535,0.0535,0.0535,0.0535,0.0535,0.0535,0.0535,0.0535,0.0535,0.0535,0.0535,0.0535,0.0535,0.0535,0.0535,0.0535,0.0535,0.0535,0.0535,0.0535,0.0535,0.0535,0.0535,0.0536,0.0536,0.0536,0.0536,0.0536,0.0536,0.0536,0.0537,0.0537,0.0538,0.0542,1.7422,1.7437,1.7451,1.7465,1.748,1.7494,1.7508,1.7523,1.7537,1.7551,1.7566,1.7581,1.7594,1.7608,1.7621,1.7636,1.765,1.7665,1.7679,1.7693,1.7708,1.7722,1.7737,1.7751,1.7766,1.7781,1.7795,1.781,1.7824,1.7839,1.7854,1.7868,1.7883,1.7898,1.7912,1.7927,1.7942,1.7957,1.7972,1.7987,1.8001,1.8016,1.8031,1.8046,1.8061,1.8076,1.8091,1.8106,1.8122,1.8137,1.8152,1.8167,1.8182,1.3602,1.3441,1.331,1.3187,1.2994,1.2773,1.2559,1.2353,1.2152,1.1959,1.1771,1.1589,1.1413,1.1242,1.1076,1.0915,1.0758,1.0606,1.0458,1.0314,1.0175,1.0035,0.9898,0.9766,0.9636,0.951,0.9388,0.9268,0.9152,0.9038,0.8927,0.8819,0.8713,0.861,0.851,0.8411,0.8315,0.8222,0.8132,0.8044,0.7958,0.7874,0.7791,0.771,0.7631,0.7555
0.0578,0.0574,0.057,0.0565,0.0561,0.0557,0.0553,0.0549,0.0547,0.0544,0.0541,0.0539,0.0536,0.0534,0.0533,0.0533,0.0532,0.0531,0.053,0.053,0.0529,0.0528,0.0528,0.0527,0.0526,0.0524,0.0523,0.0522,0.052,0.0519,0.0517,0.0516,0.0515,0.0513,0.0512,0.0511,0.0509,0.0508,0.0508,0.0508,0.0509,0.0509,0.0509,0.0509,0.051,0.051,0.051,0.0511,0.0511,0.0511,0.0512,0.0512,0.0512,0.0512,0.0513,0.0513,0.0513,0.0514,0.0514,0.0514,0.0514,0.0514,0.0514,0.0514,0.0514,0.0514,0.0514,0.0514,0.0514,0.0516,0.0519,0.0521,0.0524,0.0527,0.053,0.0533,0.0535,0.0538,0.0541,0.0544,0.0547,0.055,0.0553,0.0556,0.0559,0.0563,0.0566,0.0569,0.0572,0.0576,0.0579,0.0582,0.06,0.0641,0.0696,0.2322,0.2335,0.2345,0.0555,0.0549,0.0543,0.0542,0.0541,0.0541,0.054,0.0539,0.0539,0.0538,0.0538,0.0538,0.0538,0.0538,0.0538,0.0538,0.0538,0.0538,0.0539,0.0539,0.0539,0.0539,0.0539,0.0539,0.054,0.054,0.054,0.054,0.054,0.054,0.054,0.054,0.054,0.054,0.054,0.054,0.054,0.054,0.054,0.054,0.054,0.054,0.054,0.054,0.054,0.054,0.054,0.054,0.054,0.054,0.054,0.054,0.054,0.0541,0.0541,0.0542,0.0542,0.0543,0.0549,1.7539,1.7554,1.7568,1.7583,1.7597,1.7612,1.7626,1.7641,1.7656,1.767,1.7685,1.77,1.7714,1.7727,1.7741,1.7756,1.7771,1.7785,1.78,1.7814,1.7829,1.7844,1.7858,1.7873,1.7888,1.7903,1.7917,1.7932,1.7947,1.7962,1.7977,1.7991,1.8007,1.8021,1.8036,1.8051,1.8066,1.8081,1.8096,1.8111,1.8127,1.8142,1.8157,1.8172,1.8187,1.8202,1.8218,1.8233,1.8248,1.8264,1.8279,1.8295,1.391,1.368,1.3518,1.3386,1.3261,1.3052,1.2828,1.2613,1.2404,1.2202,1.2007,1.1818,1.1635,1.1457,1.1285,1.1117,1.0955,1.0797,1.0644,1.0495,1.035,1.021,1.0069,0.9932,0.9798,0.9668,0.9541,0.9418,0.9298,0.918,0.9066,0.8954,0.8846,0.8739,0.8636,0.8535,0.8436,0.8339,0.8246,0.8156,0.8067,0.798,0.7896,0.7813,0.7731,0.7652,0.7575
0.0577,0.0573,0.0569,0.0565,0.0561,0.0556,0.0553,0.0549,0.0546,0.0544,0.0541,0.0539,0.0536,0.0534,0.0532,0.0532,0.0531,0.053,0.0529,0.0529,0.0528,0.0527,0.0527,0.0526,0.0524,0.0523,0.0522,0.052,0.0519,0.0518,0.0516,0.0515,0.0513,0.0512,0.0511,0.051,0.0509,0.0508,0.0507,0.0507,0.0507,0.0508,0.0508,0.0508,0.0509,0.0509,0.0509,0.0509,0.051,0.051,0.051,0.0511,0.0511,0.0511,0.0512,0.0512,0.0512,0.0512,0.0513,0.0513,0.0512,0.0512,0.0512,0.0512,0.0512,0.0512,0.0512,0.0512,0.0512,0.0513,0.0516,0.0518,0.0521,0.0524,0.0527,0.0529,0.0532,0.0535,0.0538,0.0541,0.0544,0.0547,0.055,0.0553,0.0556,0.0559,0.0562,0.0566,0.0569,0.0572,0.0575,0.0578,0.0581,0.0599,0.0648,0.0707,0.2321,0.2334,0.2346,0.0555,0.0548,0.0547,0.0546,0.0546,0.0545,0.0544,0.0544,0.0543,0.0543,0.0542,0.0543,0.0543,0.0543,0.0543,0.0543,0.0543,0.0543,0.0544,0.0544,0.0544,0.0544,0.0544,0.0544,0.0544,0.0544,0.0544,0.0544,0.0544,0.0544,0.0544,0.0544,0.0545,0.0545,0.0545,0.0545,0.0545,0.0545,0.0545,0.0545,0.0545,0.0545,0.0545,0.0545,0.0545,0.0545,0.0545,0.0545,0.0545,0.0545,0.0545,0.0545,0.0545,0.0546,0.0547,0.0547,0.0549,0.0557,1.7658,1.7673,1.7687,1.7702,1.7717,1.7732,1.7746,1.7761,1.7776,1.7791,1.7805,1.782,1.7834,1.7848,1.7863,1.7878,1.7893,1.7907,1.7922,1.7937,1.7952,1.7967,1.7982,1.7996,1.8011,1.8026,1.8041,1.8056,1.8071,1.8086,1.8101,1.8117,1.8132,1.8147,1.8162,1.8177,1.8192,1.8208,1.8223,1.8238,1.8253,1.8269,1.8284,1.83,1.8315,1.833,1.8346,1.8361,1.8377,1.8392,1.8408,1.8424,1.3963,1.376,1.3595,1.3462,1.3337,1.3109,1.2884,1.2666,1.2456,1.2253,1.2056,1.1865,1.168,1.1501,1.1328,1.1159,1.0996,1.0837,1.0682,1.0532,1.0387,1.0245,1.0104,0.9966,0.9831,0.97,0.9572,0.9448,0.9327,0.9209,0.9094,0.8982,0.8872,0.8766,0.8661,0.8559,0.846,0.8363,0.827,0.8179,0.809,0.8003,0.7918,0.7834,0.7752,0.7672,0.7595
0.0576,0.0572,0.0568,0.0564,0.056,0.0556,0.0552,0.0549,0.0546,0.0544,0.0541,0.0539,0.0536,0.0534,0.0531,0.053,0.053,0.0529,0.0528,0.0528,0.0527,0.0526,0.0526,0.0525,0.0523,0.0522,0.052,0.0519,0.0518,0.0516,0.0515,0.0514,0.0512,0.0511,0.051,0.0509,0.0508,0.0507,0.0506,0.0506,0.0506,0.0506,0.0507,0.0507,0.0507,0.0508,0.0508,0.0508,0.0509,0.0509,0.0509,0.0509,0.051,0.051,0.051,0.0511,0.0511,0.0511,0.0511,0.0511,0.0511,0.0511,0.0511,0.0511,0.0511,0.0511,0.0511,0.0511,0.0511,0.0511,0.0513,0.0515,0.0518,0.0521,0.0524,0.0526,0.0529,0.0532,0.0535,0.0538,0.0541,0.0544,0.0547,0.055,0.0553,0.0556,0.0559,0.0562,0.0565,0.0568,0.0571,0.0573,0.0577,0.058,0.0594,0.0656,0.2308,0.232,0.2333,0.0562,0.0555,0.0552,0.0551,0.0551,0.055,0.0549,0.0549,0.0548,0.0548,0.0547,0.0548,0.0548,0.0548,0.0548,0.0548,0.0548,0.0548,0.0549,0.0549,0.0549,0.0549,0.0549,0.0549,0.0549,0.0549,0.0549,0.0549,0.0549,0.0549,0.0549,0.0549,0.0549,0.0549,0.0549,0.0549,0.0549,0.055,0.055,0.055,0.055,0.055,0.055,0.055,0.055,0.055,0.055,0.055,0.055,0.055,0.055,0.055,0.0551,0.0551,0.0552,0.0552,0.0556,1.7763,1.7778,1.7793,1.7808,1.7823,1.7838,1.7853,1.7868,1.7883,1.7898,1.7913,1.7928,1.7943,1.7957,1.7971,1.7986,1.8001,1.8016,1.8031,1.8046,1.8061,1.8076,1.8091,1.8106,1.8121,1.8137,1.8152,1.8167,1.8182,1.8197,1.8213,1.8228,1.8243,1.8259,1.8274,1.8289,1.8305,1.832,1.8336,1.8351,1.8367,1.8382,1.8398,1.8413,1.8429,1.8445,1.846,1.8476,1.8492,1.8507,1.8523,1.8539,1.8555,1.4021,1.384,1.3673,1.354,1.3403,1.3167,1.294,1.2721,1.2509,1.2303,1.2105,1.1913,1.1726,1.1546,1.1371,1.1201,1.1036,1.0876,1.0721,1.057,1.0423,1.028,1.0139,1,0.9864,0.9732,0.9604,0.9479,0.9357,0.9238,0.9122,0.9009,0.8899,0.8792,0.8687,0.8584,0.8484,0.8388,0.8294,0.8203,0.8113,0.8025,0.794,0.7856,0.7773,0.7693,0.7616
0.0576,0.0571,0.0567,0.0563,0.0559,0.0555,0.0552,0.0549,0.0546,0.0543,0.0541,0.0538,0.0536,0.0534,0.0531,0.0529,0.0529,0.0528,0.0527,0.0527,0.0526,0.0525,0.0525,0.0523,0.0522,0.0521,0.0519,0.0518,0.0516,0.0515,0.0514,0.0512,0.0511,0.051,0.0509,0.0508,0.0507,0.0506,0.0505,0.0505,0.0505,0.0505,0.0506,0.0506,0.0506,0.0506,0.0507,0.0507,0.0507,0.0508,0.0508,0.0508,0.0508,0.0509,0.0509,0.0509,0.051,0.051,0.051,0.0509,0.0509,0.0509,0.0509,0.0509,0.0509,0.0509,0.0509,0.0509,0.0509,0.0509,0.051,0.0512,0.0515,0.0518,0.0521,0.0523,0.0526,0.0529,0.0532,0.0535,0.0537,0.054,0.0543,0.0546,0.0549,0.0552,0.0555,0.0558,0.056,0.0563,0.0566,0.0569,0.0572,0.0575,0.0578,0.0595,0.0652,0.2309,0.2321,0.0569,0.0562,0.0557,0.0557,0.0556,0.0555,0.0555,0.0554,0.0553,0.0553,0.0552,0.0553,0.0553,0.0553,0.0553,0.0553,0.0553,0.0553,0.0554,0.0554,0.0554,0.0554,0.0554,0.0554,0.0554,0.0554,0.0554,0.0554,0.0554,0.0554,0.0554,0.0554,0.0554,0.0554,0.0554,0.0554,0.0554,0.0554,0.0554,0.0555,0.0555,0.0555,0.0555,0.0555,0.0555,0.0555,0.0555,0.0555,0.0555,0.0555,0.0555,0.0555,0.0556,0.0556,0.0557,0.0558,0.0563,1.7885,1.79,1.7915,1.793,1.7945,1.796,1.7976,1.7991,1.8006,1.8021,1.8037,1.8052,1.8067,1.8081,1.8096,1.8111,1.8126,1.8142,1.8157,1.8172,1.8187,1.8202,1.8218,1.8233,1.8248,1.8264,1.8279,1.8294,1.831,1.8325,1.8341,1.8356,1.8372,1.8387,1.8403,1.8418,1.8434,1.845,1.8465,1.8481,1.8497,1.8513,1.8528,1.8544,1.856,1.8576,1.8592,1.8608,1.8624,1.864,1.8656,1.8672,1.8688,1.409,1.3921,1.3752,1.3619,1.3463,1.3226,1.2997,1.2775,1.2561,1.2355,1.2154,1.1961,1.1773,1.1591,1.1415,1.1244,1.1078,1.0916,1.076,1.0608,1.046,1.0316,1.0174,1.0034,0.9897,0.9765,0.9635,0.9509,0.9387,0.9267,0.9151,0.9037,0.8926,0.8818,0.8713,0.861,0.8509,0.8412,0.8318,0.8226,0.8136,0.8048,0.7962,0.7877,0.7795,0.7714,0.7636
0.0575,0.0571,0.0566,0.0562,0.0558,0.0554,0.0551,0.0549,0.0546,0.0543,0.0541,0.0538,0.0536,0.0533,0.0531,0.0529,0.0528,0.0527,0.0526,0.0526,0.0525,0.0524,0.0523,0.0522,0.0521,0.0519,0.0518,0.0517,0.0515,0.0514,0.0512,0.0511,0.0511,0.051,0.0509,0.0508,0.0507,0.0506,0.0505,0.0503,0.0504,0.0504,0.0504,0.0505,0.0505,0.0505,0.0506,0.0506,0.0506,0.0506,0.0507,0.0507,0.0507,0.0508,0.0508,0.0508,0.0508,0.0508,0.0508,0.0508,0.0508,0.0508,0.0508,0.0508,0.0508,0.0508,0.0508,0.0508,0.0508,0.0508,0.0508,0.051,0.0512,0.0515,0.0518,0.052,0.0523,0.0526,0.0529,0.0531,0.0534,0.0537,0.054,0.0542,0.0545,0.0548,0.0551,0.0553,0.0556,0.0559,0.0562,0.0565,0.0568,0.0571,0.0574,0.0579,0.0596,0.0633,0.231,0.2322,0.0569,0.0563,0.0562,0.0561,0.0561,0.056,0.0559,0.0559,0.0558,0.0558,0.0558,0.0558,0.0558,0.0558,0.0558,0.0558,0.0559,0.0559,0.0559,0.0559,0.0559,0.0559,0.0559,0.0559,0.0559,0.0559,0.0559,0.0559,0.0559,0.0559,0.0559,0.0559,0.0559,0.0559,0.0559,0.0559,0.0559,0.056,0.056,0.056,0.056,0.056,0.056,0.056,0.056,0.056,0.056,0.056,0.056,0.056,0.056,0.0561,0.0562,0.0562,0.0563,0.0571,1.8008,1.8024,1.8039,1.8054,1.807,1.8085,1.81,1.8116,1.8131,1.8147,1.8162,1.8177,1.8193,1.8207,1.8223,1.8238,1.8253,1.8269,1.8284,1.83,1.8315,1.833,1.8346,1.8361,1.8377,1.8392,1.8408,1.8424,1.8439,1.8455,1.8471,1.8486,1.8502,1.8518,1.8534,1.8549,1.8565,1.8581,1.8597,1.8613,1.8629,1.8645,1.8661,1.8677,1.8693,1.8709,1.8725,1.8741,1.8758,1.8774,1.879,1.8807,1.8824,1.416,1.4003,1.3832,1.3698,1.3524,1.3285,1.3054,1.2831,1.2615,1.2406,1.2204,1.2009,1.182,1.1636,1.1459,1.1286,1.1119,1.0957,1.0799,1.0646,1.0497,1.0352,1.0209,1.0068,0.9931,0.9797,0.9667,0.954,0.9417,0.9297,0.9179,0.9065,0.8954,0.8845,0.8739,0.8635,0.8534,0.8437,0.8343,0.825,0.8159,0.8071,0.7984,0.7899,0.7816,0.7735,0.7656
0.0574,0.057,0.0566,0.0561,0.0557,0.0554,0.0551,0.0548,0.0546,0.0543,0.0541,0.0538,0.0536,0.0533,0.0531,0.0529,0.0527,0.0526,0.0525,0.0525,0.0524,0.0523,0.0522,0.0521,0.0519,0.0518,0.0517,0.0515,0.0514,0.0513,0.0512,0.0511,0.051,0.0509,0.0508,0.0507,0.0506,0.0505,0.0504,0.0503,0.0503,0.0503,0.0503,0.0503,0.0504,0.0504,0.0504,0.0505,0.0505,0.0505,0.0506,0.0506,0.0506,0.0506,0.0507,0.0507,0.0507,0.0507,0.0507,0.0506,0.0506,0.0506,0.0506,0.0506,0.0506,0.0506,0.0506,0.0506,0.0506,0.0506,0.0506,0.0507,0.0509,0.0512,0.0515,0.0517,0.052,0.0523,0.0525,0.0528,0.0531,0.0533,0.0536,0.0538,0.0541,0.0544,0.0546,0.0549,0.0552,0.0555,0.0558,0.056,0.0563,0.0566,0.0569,0.0572,0.058,0.0598,0.0616,0.2311,0.0576,0.0569,0.0567,0.0567,0.0566,0.0565,0.0564,0.0564,0.0563,0.0563,0.0563,0.0563,0.0563,0.0563,0.0563,0.0564,0.0564,0.0564,0.0564,0.0564,0.0564,0.0564,0.0564,0.0564,0.0564,0.0564,0.0564,0.0564,0.0564,0.0564,0.0564,0.0564,0.0564,0.0564,0.0565,0.0565,0.0565,0.0565,0.0565,0.0565,0.0565,0.0565,0.0565,0.0565,0.0565,0.0565,0.0565,0.0565,0.0565,0.0565,0.0566,0.0566,0.0567,0.0568,0.057,1.8118,1.8134,1.8149,1.8164,1.818,1.8196,1.8211,1.8227,1.8242,1.8258,1.8273,1.8289,1.8305,1.832,1.8335,1.8351,1.8366,1.8382,1.8398,1.8413,1.8429,1.8444,1.846,1.8476,1.8492,1.8507,1.8523,1.8539,1.8555,1.8571,1.8586,1.8602,1.8618,1.8634,1.865,1.8666,1.8682,1.8698,1.8715,1.8731,1.8747,1.8763,1.8779,1.8795,1.8812,1.8828,1.8844,1.8861,1.8877,1.8894,1.891,1.8927,1.8944,1.8961,1.4231,1.4085,1.3913,1.3778,1.3586,1.3345,1.3111,1.2886,1.2669,1.2458,1.2255,1.2058,1.1867,1.1682,1.1503,1.1329,1.1161,1.0997,1.0838,1.0684,1.0534,1.0388,1.0245,1.0103,0.9964,0.983,0.9699,0.9571,0.9447,0.9326,0.9208,0.9093,0.8981,0.8871,0.8765,0.866,0.856,0.8462,0.8367,0.8274,0.8183,0.8094,0.8007,0.7921,0.7838,0.7756,0.7677
0.0573,0.0569,0.0565,0.0561,0.0557,0.0554,0.0551,0.0548,0.0546,0.0543,0.0541,0.0538,0.0536,0.0533,0.0531,0.0528,0.0526,0.0525,0.0524,0.0524,0.0523,0.0522,0.0521,0.052,0.0518,0.0517,0.0515,0.0514,0.0513,0.0512,0.0511,0.051,0.0509,0.0508,0.0508,0.0507,0.0505,0.0504,0.0503,0.0502,0.0501,0.0502,0.0502,0.0502,0.0503,0.0503,0.0503,0.0503,0.0504,0.0504,0.0504,0.0505,0.0505,0.0505,0.0505,0.0505,0.0505,0.0505,0.0505,0.0505,0.0505,0.0505,0.0505,0.0505,0.0505,0.0505,0.0505,0.0505,0.0505,0.0505,0.0505,0.0505,0.0506,0.0509,0.0512,0.0514,0.0517,0.0519,0.0522,0.0524,0.0527,0.0529,0.0532,0.0535,0.0537,0.054,0.0542,0.0545,0.0548,0.0551,0.0553,0.0556,0.0559,0.0562,0.0565,0.0568,0.0571,0.0581,0.0599,0.0617,0.0584,0.0577,0.0573,0.0572,0.0571,0.0571,0.057,0.0569,0.0569,0.0568,0.0568,0.0568,0.0568,0.0569,0.0569,0.0569,0.0569,0.0569,0.0569,0.0569,0.0569,0.0569,0.0569,0.0569,0.0569,0.0569,0.0569,0.057,0.057,0.057,0.057,0.057,0.057,0.057,0.057,0.057,0.057,0.057,0.057,0.057,0.057,0.057,0.057,0.057,0.057,0.057,0.057,0.057,0.057,0.0571,0.0571,0.0572,0.0572,0.0573,0.0578,1.8245,1.8261,1.8276,1.8292,1.8308,1.8323,1.8339,1.8355,1.837,1.8386,1.8402,1.8418,1.8434,1.845,1.8465,1.8481,1.8497,1.8513,1.8528,1.8544,1.856,1.8576,1.8592,1.8608,1.8624,1.8639,1.8656,1.8672,1.8688,1.8704,1.872,1.8736,1.8752,1.8768,1.8785,1.8801,1.8817,1.8833,1.885,1.8866,1.8882,1.8899,1.8915,1.8932,1.8948,1.8965,1.8982,1.8998,1.9015,1.9032,1.9049,1.9066,1.9083,1.91,1.4302,1.4166,1.3996,1.386,1.3649,1.3405,1.317,1.2942,1.2723,1.2511,1.2305,1.2107,1.1915,1.1728,1.1548,1.1373,1.1203,1.1038,1.0878,1.0722,1.0571,1.0424,1.0281,1.0138,0.9998,0.9863,0.9731,0.9603,0.9478,0.9356,0.9237,0.9121,0.9008,0.8898,0.8791,0.8686,0.8586,0.8488,0.8392,0.8298,0.8206,0.8117,0.8029,0.7943,0.7859,0.7777,0.7697
0.0572,0.0568,0.0564,0.056,0.0556,0.0554,0.0551,0.0548,0.0545,0.0543,0.054,0.0538,0.0535,0.0533,0.0531,0.0528,0.0526,0.0524,0.0523,0.0523,0.0522,0.0521,0.052,0.0518,0.0517,0.0516,0.0514,0.0513,0.0512,0.0511,0.0511,0.051,0.0509,0.0508,0.0507,0.0506,0.0505,0.0504,0.0503,0.0501,0.05,0.0501,0.0501,0.0501,0.0501,0.0502,0.0502,0.0502,0.0503,0.0503,0.0503,0.0503,0.0504,0.0504,0.0504,0.0504,0.0504,0.0504,0.0504,0.0504,0.0503,0.0503,0.0503,0.0503,0.0503,0.0503,0.0503,0.0503,0.0503,0.0503,0.0503,0.0503,0.0504,0.0506,0.0509,0.0511,0.0513,0.0516,0.0518,0.0521,0.0523,0.0526,0.0528,0.0531,0.0533,0.0536,0.0539,0.0541,0.0544,0.0547,0.0549,0.0552,0.0555,0.0558,0.0561,0.0563,0.0566,0.0569,0.0582,0.06,0.0619,0.0584,0.0578,0.0578,0.0577,0.0576,0.0575,0.0575,0.0574,0.0574,0.0574,0.0574,0.0574,0.0574,0.0574,0.0574,0.0574,0.0575,0.0575,0.0575,0.0575,0.0575,0.0575,0.0575,0.0575,0.0575,0.0575,0.0575,0.0575,0.0575,0.0575,0.0575,0.0575,0.0575,0.0575,0.0575,0.0575,0.0575,0.0575,0.0575,0.0575,0.0575,0.0575,0.0575,0.0575,0.0575,0.0575,0.0575,0.0575,0.0576,0.0577,0.0577,0.0578,0.0579,0.0586,1.8373,1.8389,1.8405,1.8421,1.8437,1.8453,1.8469,1.8485,1.8501,1.8517,1.8533,1.8549,1.8565,1.8581,1.8597,1.8613,1.8629,1.8645,1.8661,1.8677,1.8693,1.8709,1.8725,1.8741,1.8757,1.8774,1.879,1.8806,1.8822,1.8839,1.8855,1.8872,1.8888,1.8904,1.8921,1.8937,1.8954,1.897,1.8987,1.9004,1.902,1.9037,1.9054,1.907,1.9087,1.9104,1.9121,1.9138,1.9155,1.9172,1.9189,1.9207,1.9224,1.9241,1.4374,1.4248,1.408,1.3942,1.3712,1.3466,1.3228,1.2999,1.2778,1.2564,1.2357,1.2156,1.1962,1.1775,1.1593,1.1416,1.1245,1.1079,1.0918,1.0761,1.0609,1.0461,1.0317,1.0173,1.0033,0.9896,0.9763,0.9634,0.9508,0.9386,0.9266,0.915,0.9036,0.8925,0.8817,0.8713,0.8612,0.8513,0.8417,0.8322,0.823,0.814,0.8052,0.7965,0.7881,0.7798,0.7718
0.0571,0.0567,0.0563,0.0559,0.0556,0.0553,0.0551,0.0548,0.0545,0.0543,0.054,0.0538,0.0535,0.0533,0.0531,0.0528,0.0526,0.0523,0.0522,0.0521,0.0521,0.052,0.0518,0.0517,0.0516,0.0515,0.0514,0.0513,0.0512,0.0511,0.051,0.0509,0.0508,0.0507,0.0506,0.0505,0.0504,0.0503,0.0502,0.0501,0.05,0.0499,0.05,0.05,0.05,0.0501,0.0501,0.0501,0.0501,0.0502,0.0502,0.0502,0.0502,0.0502,0.0502,0.0502,0.0502,0.0502,0.0502,0.0502,0.0502,0.0502,0.0502,0.0502,0.0502,0.0502,0.0502,0.0502,0.0502,0.0502,0.0502,0.0502,0.0502,0.0503,0.0506,0.0508,0.051,0.0512,0.0515,0.0517,0.0519,0.0522,0.0524,0.0527,0.0529,0.0532,0.0535,0.0537,0.054,0.0543,0.0545,0.0548,0.0551,0.0553,0.0556,0.0559,0.0562,0.0565,0.0568,0.0584,0.0601,0.0592,0.0584,0.0583,0.0583,0.0582,0.0581,0.058,0.058,0.0579,0.0579,0.0579,0.0579,0.058,0.058,0.058,0.058,0.058,0.058,0.058,0.058,0.058,0.058,0.058,0.058,0.058,0.058,0.058,0.058,0.058,0.058,0.058,0.058,0.058,0.058,0.058,0.0581,0.0581,0.0581,0.0581,0.0581,0.0581,0.0581,0.0581,0.0581,0.0581,0.0581,0.0581,0.0581,0.0582,0.0582,0.0583,0.0584,0.0586,0.0594,1.8504,1.852,1.8536,1.8552,1.8569,1.8585,1.8601,1.8617,1.8633,1.8649,1.8666,1.8682,1.8698,1.8714,1.8731,1.8747,1.8763,1.8779,1.8795,1.8812,1.8828,1.8844,1.8861,1.8877,1.8893,1.891,1.8926,1.8943,1.8959,1.8976,1.8992,1.9009,1.9026,1.9042,1.9059,1.9076,1.9093,1.9109,1.9126,1.9143,1.916,1.9177,1.9194,1.9211,1.9228,1.9245,1.9262,1.9279,1.9297,1.9314,1.9332,1.935,1.9367,1.4739,1.4452,1.4331,1.4165,1.4025,1.3775,1.3527,1.3287,1.3056,1.2833,1.2617,1.2408,1.2206,1.2011,1.1822,1.1638,1.146,1.1288,1.1121,1.0958,1.08,1.0647,1.0498,1.0353,1.0208,1.0067,0.993,0.9796,0.9666,0.9539,0.9416,0.9296,0.9178,0.9064,0.8953,0.8844,0.8739,0.8638,0.8538,0.8441,0.8347,0.8254,0.8163,0.8075,0.7988,0.7903,0.782,0.7739
0.0571,0.0567,0.0562,0.0559,0.0556,0.0553,0.0551,0.0548,0.0545,0.0543,0.054,0.0538,0.0535,0.0533,0.053,0.0528,0.0526,0.0523,0.0521,0.052,0.052,0.0519,0.0517,0.0516,0.0515,0.0514,0.0513,0.0512,0.0511,0.051,0.0509,0.0508,0.0508,0.0507,0.0506,0.0504,0.0503,0.0502,0.0501,0.05,0.0499,0.0498,0.0499,0.0499,0.0499,0.0499,0.05,0.05,0.05,0.0501,0.0501,0.0501,0.0501,0.0501,0.0501,0.0501,0.0501,0.0501,0.0501,0.0501,0.0501,0.0501,0.05,0.05,0.05,0.05,0.05,0.05,0.0501,0.0501,0.0501,0.0501,0.0501,0.0501,0.0503,0.0505,0.0507,0.051,0.0512,0.0514,0.0517,0.0519,0.0521,0.0524,0.0526,0.0529,0.0531,0.0533,0.0536,0.0539,0.0541,0.0544,0.0547,0.0549,0.0552,0.0555,0.0558,0.0561,0.0563,0.0568,0.0585,0.0603,0.0592,0.0589,0.0588,0.0588,0.0587,0.0586,0.0585,0.0585,0.0585,0.0585,0.0585,0.0585,0.0585,0.0585,0.0585,0.0585,0.0585,0.0585,0.0585,0.0586,0.0586,0.0586,0.0586,0.0586,0.0586,0.0586,0.0586,0.0586,0.0586,0.0586,0.0586,0.0586,0.0586,0.0586,0.0586,0.0586,0.0586,0.0586,0.0586,0.0586,0.0586,0.0586,0.0586,0.0586,0.0586,0.0586,0.0587,0.0588,0.0588,0.0589,0.059,0.0594,1.8621,1.8637,1.8653,1.867,1.8686,1.8702,1.8719,1.8735,1.8752,1.8768,1.8784,1.8801,1.8817,1.8834,1.885,1.8866,1.8882,1.8899,1.8915,1.8932,1.8948,1.8965,1.8981,1.8998,1.9015,1.9031,1.9048,1.9065,1.9081,1.9098,1.9115,1.9132,1.9149,1.9166,1.9182,1.9199,1.9216,1.9233,1.925,1.9268,1.9285,1.9302,1.9319,1.9336,1.9353,1.9371,1.9388,1.9406,1.9423,1.9441,1.9459,1.9477,1.9494,1.9512,1.4815,1.4537,1.4415,1.4251,1.41,1.384,1.3589,1.3347,1.3114,1.2888,1.2671,1.246,1.2257,1.206,1.1869,1.1684,1.1505,1.1331,1.1162,1.0999,1.084,1.0685,1.0535,1.0389,1.0244,1.0102,0.9963,0.9829,0.9698,0.957,0.9446,0.9325,0.9207,0.9092,0.898,0.8871,0.8766,0.8664,0.8564,0.8467,0.8371,0.8278,0.8187,0.8097,0.801,0.7925,0.7841,0.776
0.0570,0.0566,0.0562,0.0559,0.0556,0.0553,0.055,0.0548,0.0545,0.0542,0.054,0.0538,0.0535,0.0533,0.053,0.0528,0.0526,0.0523,0.0521,0.0519,0.0519,0.0517,0.0516,0.0515,0.0514,0.0513,0.0512,0.0512,0.0511,0.051,0.0509,0.0508,0.0507,0.0506,0.0505,0.0504,0.0503,0.0502,0.0501,0.0499,0.0498,0.0497,0.0497,0.0498,0.0498,0.0498,0.0498,0.0499,0.0499,0.0499,0.0499,0.0499,0.0499,0.0499,0.0499,0.0499,0.0499,0.0499,0.0499,0.0499,0.0499,0.0499,0.0499,0.0499,0.0499,0.0499,0.0499,0.05,0.05,0.05,0.05,0.05,0.05,0.0499,0.0501,0.0503,0.0505,0.0507,0.051,0.0512,0.0514,0.0516,0.0519,0.0521,0.0523,0.0526,0.0528,0.0531,0.0533,0.0536,0.0538,0.0541,0.0543,0.0546,0.0549,0.0551,0.0554,0.0557,0.0559,0.0562,0.0569,0.0586,0.0604,0.0595,0.0594,0.0594,0.0593,0.0592,0.0591,0.0591,0.059,0.059,0.0591,0.0591,0.0591,0.0591,0.0591,0.0591,0.0591,0.0591,0.0591,0.0591,0.0591,0.0591,0.0591,0.0591,0.0591,0.0591,0.0591,0.0591,0.0591,0.0591,0.0592,0.0592,0.0592,0.0592,0.0592,0.0592,0.0592,0.0592,0.0592,0.0592,0.0592,0.0592,0.0592,0.0592,0.0592,0.0592,0.0593,0.0593,0.0594,0.0595,0.0595,1.8739,1.8755,1.8772,1.8789,1.8805,1.8822,1.8838,1.8855,1.8871,1.8888,1.8904,1.8921,1.8937,1.8954,1.8971,1.8987,1.9003,1.902,1.9037,1.9054,1.907,1.9087,1.9104,1.9121,1.9137,1.9154,1.9171,1.9188,1.9205,1.9222,1.9239,1.9256,1.9273,1.929,1.9307,1.9325,1.9342,1.9359,1.9376,1.9394,1.9411,1.9428,1.9446,1.9463,1.948,1.9498,1.9516,1.9534,1.9552,1.957,1.9587,1.9605,1.9624,1.9642,1.966,1.4891,1.4623,1.45,1.4338,1.4167,1.3904,1.3651,1.3407,1.3172,1.2945,1.2725,1.2513,1.2307,1.2109,1.1916,1.173,1.155,1.1374,1.1204,1.104,1.0879,1.0724,1.0573,1.0426,1.028,1.0137,0.9997,0.9862,0.973,0.9602,0.9477,0.9355,0.9236,0.912,0.9008,0.8898,0.8793,0.869,0.859,0.8492,0.8396,0.8302,0.821,0.8121,0.8033,0.7947,0.7863,0.7781
0.0569,0.0565,0.0561,0.0559,0.0556,0.0553,0.055,0.0548,0.0545,0.0542,0.054,0.0537,0.0535,0.0533,0.053,0.0528,0.0525,0.0523,0.0521,0.0519,0.0517,0.0516,0.0516,0.0515,0.0514,0.0513,0.0512,0.0511,0.051,0.0509,0.0508,0.0507,0.0506,0.0505,0.0504,0.0503,0.0502,0.0501,0.05,0.0499,0.0498,0.0497,0.0496,0.0496,0.0497,0.0497,0.0497,0.0498,0.0498,0.0498,0.0498,0.0498,0.0498,0.0498,0.0498,0.0498,0.0498,0.0498,0.0498,0.0498,0.0498,0.0498,0.0498,0.0498,0.0498,0.0499,0.0499,0.0499,0.0499,0.05,0.0499,0.0499,0.0499,0.0498,0.0498,0.05,0.0503,0.0505,0.0507,0.0509,0.0512,0.0514,0.0516,0.0518,0.0521,0.0523,0.0526,0.0528,0.053,0.0533,0.0535,0.0538,0.054,0.0543,0.0546,0.0548,0.0551,0.0554,0.0556,0.0559,0.0561,0.0572,0.0588,0.0605,0.0602,0.06,0.0599,0.0598,0.0597,0.0596,0.0596,0.0596,0.0596,0.0597,0.0597,0.0597,0.0597,0.0597,0.0597,0.0597,0.0597,0.0597,0.0597,0.0597,0.0597,0.0597,0.0597,0.0597,0.0597,0.0597,0.0597,0.0597,0.0597,0.0597,0.0597,0.0597,0.0597,0.0597,0.0597,0.0597,0.0598,0.0598,0.0598,0.0598,0.0598,0.0598,0.0598,0.0598,0.0599,0.0599,0.06,0.0601,1.8859,1.8875,1.8892,1.8909,1.8925,1.8942,1.8959,1.8976,1.8992,1.9009,1.9026,1.9042,1.9059,1.9076,1.9093,1.911,1.9127,1.9143,1.916,1.9177,1.9194,1.9211,1.9228,1.9245,1.9262,1.9279,1.9296,1.9313,1.933,1.9348,1.9365,1.9382,1.9399,1.9417,1.9434,1.9451,1.9469,1.9486,1.9504,1.9521,1.9539,1.9556,1.9574,1.9592,1.9609,1.9627,1.9645,1.9663,1.9681,1.97,1.9718,1.9736,1.9754,1.9773,1.9791,1.9809,1.4968,1.4711,1.4586,1.4426,1.4235,1.397,1.3714,1.3468,1.3231,1.3001,1.278,1.2566,1.2359,1.2158,1.1964,1.1777,1.1595,1.1418,1.1247,1.1081,1.092,1.0763,1.0611,1.0463,1.0316,1.0172,1.0031,0.9895,0.9762,0.9633,0.9507,0.9385,0.9265,0.9149,0.9035,0.8926,0.882,0.8717,0.8616,0.8517,0.8421,0.8326,0.8234,0.8144,0.8055,0.7969,0.7885,0.7802
0.0568,0.0564,0.0561,0.0558,0.0556,0.0553,0.055,0.0547,0.0545,0.0542,0.054,0.0537,0.0535,0.0532,0.053,0.0528,0.0525,0.0523,0.0521,0.0518,0.0517,0.0516,0.0515,0.0514,0.0513,0.0512,0.0511,0.051,0.0509,0.0508,0.0508,0.0507,0.0506,0.0505,0.0504,0.0503,0.0501,0.05,0.0499,0.0498,0.0497,0.0496,0.0495,0.0495,0.0496,0.0496,0.0496,0.0496,0.0497,0.0497,0.0497,0.0497,0.0497,0.0496,0.0496,0.0496,0.0496,0.0496,0.0496,0.0497,0.0497,0.0497,0.0497,0.0498,0.0498,0.0498,0.0498,0.0499,0.0499,0.0499,0.0498,0.0498,0.0498,0.0497,0.0497,0.0498,0.05,0.0502,0.0505,0.0507,0.0509,0.0511,0.0514,0.0516,0.0518,0.0521,0.0523,0.0525,0.0528,0.053,0.0533,0.0535,0.0538,0.054,0.0543,0.0545,0.0548,0.0551,0.0553,0.0555,0.0558,0.056,0.0574,0.0592,0.0609,0.0609,0.0606,0.0604,0.0603,0.0602,0.0602,0.0602,0.0602,0.0602,0.0602,0.0602,0.0603,0.0603,0.0603,0.0603,0.0603,0.0603,0.0603,0.0603,0.0603,0.0603,0.0603,0.0603,0.0603,0.0603,0.0603,0.0603,0.0603,0.0603,0.0603,0.0603,0.0603,0.0603,0.0603,0.0603,0.0603,0.0603,0.0603,0.0603,0.0603,0.0604,0.0604,0.0604,0.0605,0.0606,0.0608,1.898,1.8997,1.9014,1.903,1.9047,1.9064,1.9081,1.9098,1.9115,1.9132,1.9149,1.9166,1.9183,1.92,1.9217,1.9234,1.9251,1.9268,1.9285,1.9302,1.9319,1.9336,1.9353,1.9371,1.9388,1.9405,1.9422,1.944,1.9457,1.9475,1.9492,1.951,1.9527,1.9545,1.9562,1.958,1.9598,1.9615,1.9633,1.9651,1.9668,1.9686,1.9704,1.9722,1.974,1.9758,1.9776,1.9795,1.9813,1.9831,1.985,1.9868,1.9887,1.9906,1.9924,1.9943,1.9961,1.5045,1.48,1.4673,1.4515,1.4303,1.4036,1.3778,1.3529,1.329,1.3058,1.2835,1.2619,1.241,1.2208,1.2013,1.1823,1.164,1.1462,1.129,1.1122,1.096,1.0802,1.0649,1.05,1.0352,1.0207,1.0066,0.9929,0.9795,0.9665,0.9538,0.9415,0.9295,0.9177,0.9064,0.8954,0.8848,0.8744,0.8642,0.8543,0.8446,0.8351,0.8258,0.8167,0.8078,0.7991,0.7906,0.7823
0.0567,0.0564,0.0561,0.0558,0.0555,0.0553,0.055,0.0547,0.0545,0.0542,0.054,0.0537,0.0535,0.0532,0.053,0.0528,0.0525,0.0523,0.0521,0.0519,0.0516,0.0515,0.0514,0.0513,0.0512,0.0512,0.0511,0.051,0.0509,0.0508,0.0507,0.0506,0.0505,0.0504,0.0503,0.0502,0.0501,0.05,0.0499,0.0498,0.0496,0.0495,0.0494,0.0494,0.0494,0.0495,0.0495,0.0495,0.0495,0.0495,0.0495,0.0495,0.0495,0.0495,0.0495,0.0495,0.0495,0.0496,0.0496,0.0496,0.0496,0.0496,0.0497,0.0497,0.0497,0.0497,0.0498,0.0498,0.0498,0.0498,0.0497,0.0497,0.0497,0.0496,0.0496,0.0496,0.0498,0.05,0.0502,0.0504,0.0507,0.0509,0.0511,0.0513,0.0516,0.0518,0.052,0.0523,0.0525,0.0528,0.053,0.0532,0.0535,0.0537,0.054,0.0542,0.0545,0.0547,0.055,0.0552,0.0554,0.0556,0.0559,0.0572,0.0596,0.0613,0.0616,0.0613,0.061,0.0609,0.0608,0.0608,0.0608,0.0608,0.0608,0.0608,0.0608,0.0608,0.0609,0.0609,0.0609,0.0609,0.0609,0.0609,0.0609,0.0609,0.0609,0.0609,0.0609,0.0609,0.0609,0.0609,0.0609,0.0609,0.0609,0.0609,0.0609,0.0609,0.0609,0.0609,0.0609,0.0609,0.0609,0.0609,0.0609,0.0609,0.061,0.061,0.0611,0.0615,1.9102,1.9119,1.9136,1.9153,1.917,1.9188,1.9205,1.9222,1.9239,1.9256,1.9273,1.9291,1.9308,1.9325,1.9343,1.936,1.9377,1.9394,1.9412,1.9428,1.9446,1.9463,1.948,1.9498,1.9515,1.9533,1.9551,1.9568,1.9586,1.9603,1.9621,1.9639,1.9657,1.9674,1.9692,1.971,1.9728,1.9746,1.9764,1.9782,1.98,1.9818,1.9836,1.9854,1.9872,1.9891,1.9909,1.9928,1.9946,1.9965,1.9984,2.0002,2.0021,2.004,2.0059,2.0078,2.0097,2.0116,1.5124,1.4889,1.4761,1.4605,1.4372,1.4102,1.3842,1.3591,1.3349,1.3116,1.2891,1.2673,1.2462,1.2259,1.2062,1.1871,1.1686,1.1507,1.1333,1.1164,1.1,1.0841,1.0687,1.0537,1.0389,1.0243,1.01,0.9962,0.9828,0.9697,0.9569,0.9445,0.9324,0.9206,0.9092,0.8983,0.8875,0.8771,0.8668,0.8568,0.8471,0.8375,0.8282,0.8191,0.8101,0.8014,0.7928,0.7845
0.0567,0.0564,0.0561,0.0558,0.0555,0.0553,0.055,0.0547,0.0544,0.0542,0.0539,0.0537,0.0535,0.0532,0.053,0.0527,0.0525,0.0523,0.0521,0.0519,0.0516,0.0515,0.0514,0.0513,0.0512,0.0511,0.051,0.0509,0.0508,0.0507,0.0506,0.0506,0.0504,0.0503,0.0502,0.0501,0.05,0.0499,0.0498,0.0497,0.0496,0.0495,0.0494,0.0493,0.0493,0.0494,0.0494,0.0494,0.0494,0.0494,0.0494,0.0494,0.0494,0.0494,0.0494,0.0494,0.0495,0.0495,0.0495,0.0495,0.0496,0.0496,0.0496,0.0496,0.0497,0.0497,0.0497,0.0497,0.0497,0.0497,0.0496,0.0496,0.0496,0.0495,0.0495,0.0495,0.0495,0.0497,0.05,0.0502,0.0504,0.0506,0.0509,0.0511,0.0513,0.0515,0.0518,0.052,0.0522,0.0525,0.0527,0.053,0.0532,0.0535,0.0537,0.054,0.0542,0.0544,0.0546,0.0548,0.0551,0.0553,0.0555,0.0557,0.0571,0.06,0.0617,0.0636,0.0621,0.0618,0.0615,0.0615,0.0615,0.0615,0.0614,0.0614,0.0614,0.0615,0.0615,0.0615,0.0615,0.0615,0.0615,0.0615,0.0615,0.0615,0.0615,0.0615,0.0615,0.0615,0.0615,0.0615,0.0615,0.0615,0.0615,0.0615,0.0615,0.0615,0.0615,0.0615,0.0615,0.0615,0.0615,0.0615,0.0616,0.0616,0.0616,0.0617,1.9209,1.9226,1.9244,1.9261,1.9278,1.9295,1.9313,1.933,1.9347,1.9365,1.9382,1.94,1.9417,1.9435,1.9452,1.947,1.9487,1.9505,1.9523,1.954,1.9557,1.9574,1.9592,1.9609,1.9627,1.9645,1.9662,1.968,1.9698,1.9716,1.9734,1.9752,1.977,1.9788,1.9806,1.9824,1.9842,1.986,1.9878,1.9897,1.9915,1.9933,1.9951,1.997,1.9988,2.0006,2.0025,2.0044,2.0063,2.0082,2.01,2.0119,2.0138,2.0157,2.0177,2.0196,2.0215,2.0234,2.0253,2.0273,1.5213,1.498,1.485,1.4697,1.4442,1.4169,1.3907,1.3654,1.341,1.3174,1.2947,1.2727,1.2515,1.2309,1.2111,1.1918,1.1732,1.1551,1.1376,1.1206,1.1041,1.0881,1.0726,1.0574,1.0426,1.0278,1.0135,0.9996,0.9861,0.9729,0.9601,0.9476,0.9354,0.9235,0.9122,0.9011,0.8903,0.8798,0.8695,0.8594,0.8496,0.84,0.8306,0.8214,0.8124,0.8036,0.795,0.7866
0.0567,0.0564,0.0561,0.0558,0.0555,0.0552,0.055,0.0547,0.0544,0.0542,0.0539,0.0537,0.0534,0.0532,0.053,0.0527,0.0525,0.0523,0.0521,0.0519,0.0516,0.0514,0.0513,0.0512,0.0511,0.051,0.0509,0.0509,0.0508,0.0507,0.0506,0.0505,0.0504,0.0503,0.0502,0.0501,0.0499,0.0498,0.0497,0.0496,0.0495,0.0494,0.0493,0.0492,0.0492,0.0492,0.0492,0.0492,0.0492,0.0492,0.0493,0.0493,0.0493,0.0493,0.0494,0.0494,0.0494,0.0494,0.0495,0.0495,0.0495,0.0495,0.0496,0.0496,0.0496,0.0496,0.0497,0.0496,0.0496,0.0496,0.0495,0.0495,0.0495,0.0494,0.0494,0.0493,0.0493,0.0495,0.0497,0.0499,0.0502,0.0504,0.0506,0.0508,0.0511,0.0513,0.0515,0.0517,0.052,0.0522,0.0525,0.0527,0.0529,0.0532,0.0534,0.0536,0.0538,0.0541,0.0543,0.0545,0.0547,0.0549,0.0552,0.0554,0.0556,0.0569,0.0604,0.0622,0.0641,0.066,0.0626,0.0624,0.0624,0.0624,0.0624,0.0624,0.0624,0.0624,0.0624,0.0624,0.0623,0.0623,0.0623,0.0623,0.0623,0.0623,0.0623,0.0623,0.0623,0.0623,0.0622,0.0622,0.0622,0.0622,0.0622,0.0622,0.0622,0.0622,0.0622,0.0622,0.0622,0.0622,0.0622,0.0622,0.0622,0.0622,1.9317,1.9335,1.9352,1.9369,1.9387,1.9404,1.9422,1.9439,1.9457,1.9475,1.9492,1.951,1.9527,1.9545,1.9563,1.9581,1.9599,1.9616,1.9634,1.9652,1.967,1.9687,1.9705,1.9723,1.974,1.9758,1.9776,1.9794,1.9812,1.983,1.9848,1.9866,1.9885,1.9903,1.9921,1.9939,1.9957,1.9976,1.9994,2.0013,2.0031,2.0049,2.0068,2.0087,2.0105,2.0124,2.0142,2.0161,2.018,2.0199,2.0219,2.0238,2.0257,2.0276,2.0295,2.0315,2.0334,2.0353,2.0373,2.0393,2.0412,2.0432,1.5284,1.5065,1.4941,1.4789,1.4513,1.4237,1.3972,1.3717,1.3471,1.3233,1.3004,1.2782,1.2568,1.2361,1.216,1.1966,1.1778,1.1596,1.142,1.1249,1.1082,1.0921,1.0764,1.0612,1.0463,1.0315,1.017,1.003,0.9894,0.9761,0.9632,0.9506,0.9384,0.9265,0.9151,0.904,0.8931,0.8825,0.8721,0.862,0.8521,0.8425,0.833,0.8238,0.8148,0.8059,0.7973,0.7888
0.0566,0.0563,0.0561,0.0558,0.0555,0.0552,0.0549,0.0547,0.0544,0.0542,0.0539,0.0537,0.0534,0.0532,0.053,0.0527,0.0525,0.0523,0.0521,0.0519,0.0516,0.0513,0.0512,0.0512,0.0511,0.051,0.0509,0.0508,0.0507,0.0506,0.0505,0.0504,0.0503,0.0502,0.0501,0.05,0.0499,0.0498,0.0497,0.0496,0.0495,0.0493,0.0492,0.0491,0.0491,0.0491,0.0491,0.0491,0.0492,0.0492,0.0492,0.0492,0.0493,0.0493,0.0493,0.0493,0.0494,0.0494,0.0494,0.0494,0.0494,0.0495,0.0495,0.0495,0.0495,0.0496,0.0496,0.0495,0.0495,0.0495,0.0494,0.0494,0.0493,0.0493,0.0493,0.0492,0.0492,0.0493,0.0495,0.0497,0.0499,0.0501,0.0504,0.0506,0.0508,0.051,0.0513,0.0515,0.0517,0.052,0.0522,0.0524,0.0527,0.0529,0.0531,0.0533,0.0535,0.0537,0.0539,0.0542,0.0544,0.0546,0.0548,0.055,0.0553,0.0555,0.0567,0.0609,0.0627,0.0645,0.0665,0.2332,0.2363,0.2394,0.2427,0.2458,0.2497,0.2543,0.259,0.2635,0.2681,0.274,0.2797,0.2856,0.2922,0.2987,0.3044,0.3089,0.3136,0.3189,0.3264,0.3347,0.4101,1.9235,1.9252,1.927,1.9287,1.9305,1.9322,1.9339,1.9357,1.9374,1.9392,1.9409,1.9427,1.9444,1.9462,1.9479,1.9497,1.9515,1.9532,1.955,1.9568,1.9586,1.9603,1.9621,1.9639,1.9657,1.9675,1.9693,1.9711,1.9729,1.9747,1.9765,1.9783,1.9802,1.982,1.9837,1.9855,1.9873,1.9891,1.9909,1.9927,1.9945,1.9964,1.9982,2,2.0019,2.0037,2.0056,2.0074,2.0093,2.0111,2.013,2.0149,2.0167,2.0186,2.0205,2.0224,2.0242,2.0261,2.028,2.0299,2.0319,2.0338,2.0357,2.0377,2.0396,2.0416,2.0436,2.0455,2.0475,2.0494,2.0514,2.0534,2.0554,2.0574,2.0594,1.5355,1.515,1.5032,1.4873,1.4584,1.4306,1.4038,1.378,1.3532,1.3292,1.3061,1.2837,1.2621,1.2412,1.221,1.2015,1.1825,1.1642,1.1464,1.1291,1.1124,1.0961,1.0803,1.065,1.05,1.0351,1.0206,1.0065,0.9927,0.9794,0.9664,0.9537,0.9414,0.9295,0.918,0.9068,0.8959,0.8852,0.8748,0.8646,0.8547,0.845,0.8355,0.8262,0.8171,0.8082,0.7995,0.791
0.0566,0.0563,0.056,0.0558,0.0555,0.0552,0.0549,0.0547,0.0544,0.0542,0.0539,0.0537,0.0534,0.0532,0.0529,0.0527,0.0525,0.0523,0.0522,0.0519,0.0516,0.0513,0.0512,0.0511,0.051,0.0509,0.0508,0.0507,0.0506,0.0506,0.0505,0.0504,0.0502,0.0501,0.05,0.0499,0.0498,0.0497,0.0496,0.0495,0.0494,0.0493,0.0492,0.0491,0.049,0.049,0.0491,0.0491,0.0491,0.0491,0.0492,0.0492,0.0492,0.0492,0.0492,0.0493,0.0493,0.0493,0.0493,0.0494,0.0494,0.0494,0.0494,0.0495,0.0495,0.0495,0.0495,0.0494,0.0494,0.0494,0.0493,0.0493,0.0492,0.0492,0.0492,0.0491,0.0491,0.0491,0.0493,0.0495,0.0497,0.0499,0.0501,0.0503,0.0506,0.0508,0.051,0.0512,0.0515,0.0517,0.0519,0.0522,0.0524,0.0526,0.0528,0.053,0.0532,0.0534,0.0536,0.0538,0.054,0.0543,0.0545,0.0547,0.0549,0.0551,0.0553,0.0566,0.0608,0.0631,0.065,0.2282,0.2337,0.2368,0.24,0.2432,0.2473,0.2519,0.2565,0.2612,0.2658,0.2714,0.2776,0.2835,0.2897,0.2962,0.3028,0.308,0.3126,0.3177,0.3245,0.3327,0.3414,1.9379,1.9396,1.9414,1.9431,1.9449,1.9466,1.9484,1.9502,1.9519,1.9537,1.9555,1.9573,1.9591,1.9608,1.9626,1.9644,1.9662,1.968,1.9698,1.9716,1.9734,1.9752,1.977,1.9788,1.9807,1.9825,1.9843,1.9861,1.988,1.9898,1.9917,1.9935,1.9953,1.9971,1.9989,2.0008,2.0026,2.0044,2.0062,2.008,2.0099,2.0117,2.0136,2.0155,2.0174,2.0192,2.0211,2.023,2.0249,2.0268,2.0287,2.0305,2.0325,2.0344,2.0363,2.0382,2.0401,2.042,2.044,2.0459,2.0479,2.0498,2.0518,2.0538,2.0557,2.0577,2.0597,2.0617,2.0637,2.0657,2.0678,2.0698,2.0718,2.0738,2.0758,1.5427,1.525,1.5121,1.4948,1.4656,1.4375,1.4105,1.3845,1.3594,1.3352,1.3118,1.2893,1.2675,1.2464,1.2261,1.2063,1.1873,1.1688,1.1508,1.1334,1.1166,1.1002,1.0843,1.0688,1.0538,1.0388,1.0241,1.0099,0.9961,0.9827,0.9696,0.9568,0.9444,0.9326,0.921,0.9097,0.8987,0.888,0.8775,0.8673,0.8573,0.8475,0.8379,0.8286,0.8194,0.8105,0.8018,0.7932
0.0566,0.0563,0.056,0.0557,0.0555,0.0552,0.0549,0.0546,0.0544,0.0541,0.0539,0.0536,0.0534,0.0532,0.0529,0.0527,0.0525,0.0524,0.0522,0.0519,0.0516,0.0513,0.0511,0.051,0.0509,0.0509,0.0508,0.0507,0.0506,0.0505,0.0504,0.0503,0.0502,0.0501,0.05,0.0499,0.0497,0.0496,0.0495,0.0494,0.0493,0.0492,0.0491,0.049,0.049,0.049,0.049,0.049,0.0491,0.0491,0.0491,0.0491,0.0491,0.0492,0.0492,0.0492,0.0492,0.0493,0.0493,0.0493,0.0493,0.0494,0.0494,0.0494,0.0494,0.0494,0.0494,0.0493,0.0493,0.0492,0.0492,0.0492,0.0491,0.0491,0.0491,0.049,0.049,0.049,0.049,0.0492,0.0494,0.0497,0.0499,0.0501,0.0503,0.0505,0.0508,0.051,0.0512,0.0514,0.0517,0.0519,0.0521,0.0523,0.0525,0.0527,0.0529,0.0531,0.0533,0.0535,0.0537,0.0539,0.0541,0.0543,0.0546,0.0548,0.055,0.0552,0.0564,0.0606,0.0636,0.0655,0.2277,0.2339,0.2373,0.2405,0.2438,0.249,0.254,0.2588,0.2635,0.2681,0.2754,0.2812,0.2873,0.2937,0.3002,0.307,0.3116,0.3165,0.3232,0.3308,0.3393,1.9524,1.9542,1.956,1.9578,1.9595,1.9613,1.9631,1.9649,1.9667,1.9685,1.9703,1.9721,1.9739,1.9757,1.9775,1.9794,1.9812,1.983,1.9848,1.9866,1.9885,1.9903,1.9922,1.994,1.9959,1.9977,1.9995,2.0014,2.0033,2.0051,2.007,2.0089,2.0108,2.0126,2.0144,2.0162,2.0181,2.0199,2.0218,2.0236,2.0255,2.0274,2.0293,2.0312,2.0331,2.035,2.0369,2.0388,2.0407,2.0426,2.0446,2.0465,2.0484,2.0503,2.0523,2.0542,2.0562,2.0581,2.0601,2.0621,2.0641,2.0661,2.0681,2.0701,2.0721,2.0742,2.0762,2.0782,2.0802,2.0823,2.0843,2.0864,2.0885,2.0905,2.0926,1.5498,1.5319,1.5192,1.5024,1.4729,1.4445,1.4172,1.3909,1.3656,1.3412,1.3177,1.2949,1.2729,1.2517,1.2312,1.2113,1.192,1.1734,1.1553,1.1378,1.1208,1.1043,1.0883,1.0727,1.0576,1.0424,1.0277,1.0134,0.9995,0.986,0.9728,0.96,0.9475,0.9356,0.924,0.9126,0.9016,0.8908,0.8802,0.8699,0.8598,0.85,0.8404,0.831,0.8218,0.8128,0.804,0.7954
0.0566,0.0563,0.056,0.0557,0.0554,0.0552,0.0549,0.0546,0.0544,0.0541,0.0539,0.0536,0.0534,0.0532,0.0529,0.0527,0.0526,0.0524,0.0522,0.0519,0.0516,0.0513,0.0511,0.051,0.0509,0.0508,0.0507,0.0506,0.0505,0.0504,0.0503,0.0502,0.0501,0.05,0.0499,0.0498,0.0497,0.0496,0.0495,0.0494,0.0493,0.0492,0.0491,0.049,0.0489,0.0489,0.0489,0.049,0.049,0.049,0.049,0.0491,0.0491,0.0491,0.0491,0.0492,0.0492,0.0492,0.0492,0.0493,0.0493,0.0493,0.0493,0.0493,0.0493,0.0493,0.0492,0.0492,0.0492,0.0491,0.0491,0.0491,0.049,0.049,0.049,0.0489,0.0489,0.0489,0.0488,0.049,0.0492,0.0494,0.0496,0.0498,0.0501,0.0503,0.0505,0.0507,0.051,0.0512,0.0514,0.0516,0.0518,0.052,0.0522,0.0524,0.0526,0.0528,0.053,0.0532,0.0534,0.0536,0.0538,0.054,0.0542,0.0544,0.0547,0.0549,0.0551,0.0563,0.0604,0.0641,0.066,0.2279,0.2334,0.2379,0.2411,0.2453,0.2507,0.256,0.261,0.2658,0.2721,0.279,0.285,0.2913,0.2977,0.3044,0.3106,0.3154,0.322,0.3289,0.3373,1.9672,1.969,1.9708,1.9726,1.9744,1.9762,1.978,1.9798,1.9817,1.9835,1.9853,1.9871,1.989,1.9908,1.9927,1.9945,1.9964,1.9982,2.0001,2.0019,2.0038,2.0056,2.0075,2.0094,2.0113,2.0131,2.015,2.0169,2.0188,2.0207,2.0226,2.0245,2.0264,2.0282,2.0301,2.032,2.0338,2.0357,2.0376,2.0395,2.0414,2.0433,2.0452,2.0471,2.049,2.051,2.0529,2.0549,2.0568,2.0588,2.0607,2.0627,2.0646,2.0666,2.0685,2.0705,2.0725,2.0745,2.0766,2.0786,2.0806,2.0826,2.0847,2.0867,2.0888,2.0908,2.0929,2.095,2.097,2.0991,2.1012,2.1033,2.1054,2.1074,2.1096,1.5569,1.5389,1.5226,1.5038,1.4802,1.4516,1.424,1.3975,1.3719,1.3473,1.3235,1.3006,1.2784,1.257,1.2363,1.2162,1.1968,1.178,1.1598,1.1422,1.125,1.1084,1.0923,1.0766,1.0614,1.0462,1.0313,1.0169,1.0029,0.9893,0.976,0.9631,0.9507,0.9387,0.927,0.9156,0.9044,0.8935,0.8829,0.8726,0.8624,0.8525,0.8429,0.8334,0.8242,0.8151,0.8063,0.7976
0.0566,0.0563,0.056,0.0557,0.0554,0.0552,0.0549,0.0546,0.0544,0.0541,0.0539,0.0536,0.0534,0.0531,0.0529,0.0528,0.0526,0.0524,0.0523,0.0519,0.0516,0.0513,0.051,0.0509,0.0508,0.0507,0.0506,0.0506,0.0505,0.0504,0.0503,0.0502,0.0501,0.0499,0.0498,0.0497,0.0496,0.0495,0.0494,0.0493,0.0492,0.0492,0.0491,0.049,0.0489,0.0489,0.0489,0.0489,0.0489,0.049,0.049,0.049,0.049,0.0491,0.0491,0.0491,0.0491,0.0491,0.0492,0.0492,0.0492,0.0492,0.0493,0.0492,0.0492,0.0492,0.0491,0.0491,0.0491,0.049,0.049,0.049,0.0489,0.0489,0.0489,0.0488,0.0488,0.0488,0.0487,0.0488,0.049,0.0492,0.0494,0.0496,0.0498,0.05,0.0503,0.0505,0.0507,0.0509,0.0511,0.0513,0.0515,0.0517,0.0518,0.052,0.0522,0.0524,0.0526,0.0528,0.0531,0.0533,0.0535,0.0537,0.0539,0.0541,0.0543,0.0545,0.0548,0.055,0.0561,0.0603,0.0645,0.2238,0.2284,0.2331,0.2384,0.2418,0.247,0.2524,0.2578,0.2634,0.2688,0.2761,0.2827,0.2889,0.2955,0.3018,0.3087,0.3144,0.3208,0.3276,0.3354,1.9822,1.984,1.9858,1.9877,1.9895,1.9913,1.9932,1.995,1.9969,1.9987,2.0006,2.0024,2.0043,2.0062,2.008,2.0099,2.0118,2.0137,2.0155,2.0174,2.0193,2.0212,2.0231,2.025,2.0269,2.0288,2.0307,2.0327,2.0346,2.0365,2.0384,2.0404,2.0423,2.0442,2.046,2.0479,2.0498,2.0518,2.0537,2.0556,2.0575,2.0594,2.0614,2.0633,2.0653,2.0672,2.0692,2.0712,2.0732,2.0752,2.0771,2.0791,2.0811,2.0831,2.0851,2.0871,2.0892,2.0912,2.0933,2.0953,2.0974,2.0995,2.1015,2.1036,2.1057,2.1078,2.1099,2.112,2.1141,2.1162,2.1183,2.1204,2.1226,2.1247,2.1268,1.5641,1.5456,1.526,1.5035,1.4819,1.4555,1.4309,1.4041,1.3783,1.3534,1.3294,1.3063,1.2839,1.2623,1.2414,1.2212,1.2017,1.1827,1.1644,1.1466,1.1293,1.1126,1.0963,1.0805,1.0652,1.0499,1.035,1.0205,1.0064,0.9926,0.9793,0.9663,0.9539,0.9418,0.93,0.9185,0.9073,0.8964,0.8857,0.8752,0.8651,0.8551,0.8454,0.8359,0.8266,0.8175,0.8086,0.7999
0.0566,0.0563,0.056,0.0557,0.0554,0.0551,0.0549,0.0546,0.0543,0.0541,0.0539,0.0536,0.0534,0.0531,0.053,0.0528,0.0526,0.0525,0.0523,0.0519,0.0516,0.0513,0.051,0.0509,0.0508,0.0507,0.0506,0.0505,0.0504,0.0503,0.0502,0.0501,0.05,0.0499,0.0498,0.0497,0.0496,0.0494,0.0494,0.0493,0.0492,0.0491,0.0491,0.049,0.0489,0.0488,0.0488,0.0489,0.0489,0.0489,0.0489,0.0489,0.049,0.049,0.049,0.049,0.0491,0.0491,0.0491,0.0491,0.0492,0.0492,0.0492,0.0491,0.0491,0.0491,0.049,0.049,0.049,0.0489,0.0489,0.0489,0.0488,0.0488,0.0488,0.0487,0.0487,0.0487,0.0486,0.0486,0.0487,0.0489,0.0492,0.0494,0.0496,0.0498,0.05,0.0502,0.0504,0.0506,0.0508,0.051,0.0512,0.0513,0.0515,0.0517,0.0519,0.0521,0.0523,0.0525,0.0527,0.0529,0.0531,0.0534,0.0536,0.0538,0.054,0.0542,0.0544,0.0546,0.0549,0.0559,0.0601,0.0649,0.2243,0.2289,0.2337,0.2389,0.2434,0.2486,0.2541,0.2596,0.2654,0.2727,0.2803,0.2865,0.2931,0.2998,0.3063,0.3131,0.3196,0.3264,0.3335,1.9974,1.9992,2.0011,2.0029,2.0048,2.0067,2.0085,2.0104,2.0123,2.0142,2.0161,2.0179,2.0198,2.0217,2.0236,2.0255,2.0275,2.0294,2.0313,2.0332,2.0351,2.037,2.039,2.0409,2.0428,2.0448,2.0467,2.0487,2.0506,2.0526,2.0545,2.0565,2.0584,2.0603,2.0622,2.0642,2.0661,2.068,2.07,2.0719,2.0739,2.0758,2.0778,2.0798,2.0818,2.0838,2.0858,2.0878,2.0898,2.0918,2.0938,2.0958,2.0979,2.0999,2.1019,2.104,2.1061,2.1082,2.1103,2.1123,2.1144,2.1165,2.1187,2.1208,2.1229,2.125,2.1272,2.1293,2.1314,2.1336,2.1358,2.1379,2.1401,2.1422,2.1444,2.1465,1.5523,1.5295,1.5073,1.4869,1.4605,1.433,1.4108,1.3847,1.3596,1.3354,1.3121,1.2895,1.2677,1.2466,1.2263,1.2065,1.1874,1.1689,1.151,1.1336,1.1167,1.1004,1.0844,1.069,1.0537,1.0386,1.024,1.0098,0.996,0.9826,0.9696,0.9571,0.9449,0.9331,0.9215,0.9102,0.8992,0.8884,0.8779,0.8677,0.8577,0.8479,0.8383,0.829,0.8198,0.8109,0.8021
0.0565,0.0562,0.056,0.0557,0.0554,0.0551,0.0548,0.0546,0.0543,0.0541,0.0538,0.0536,0.0534,0.0532,0.053,0.0528,0.0527,0.0525,0.0523,0.0519,0.0516,0.0513,0.051,0.0508,0.0507,0.0506,0.0505,0.0504,0.0504,0.0502,0.0501,0.05,0.0499,0.0498,0.0497,0.0496,0.0495,0.0494,0.0493,0.0493,0.0492,0.0491,0.049,0.049,0.0489,0.0488,0.0488,0.0488,0.0488,0.0488,0.0489,0.0489,0.0489,0.0489,0.049,0.049,0.049,0.049,0.0491,0.0491,0.0491,0.0491,0.0491,0.049,0.049,0.049,0.0489,0.0489,0.0489,0.0488,0.0488,0.0488,0.0487,0.0487,0.0487,0.0486,0.0486,0.0486,0.0485,0.0485,0.0485,0.0487,0.0489,0.0491,0.0493,0.0496,0.0497,0.0499,0.0501,0.0503,0.0505,0.0507,0.0509,0.051,0.0512,0.0514,0.0516,0.0518,0.052,0.0522,0.0524,0.0526,0.0528,0.053,0.0532,0.0534,0.0537,0.0539,0.0541,0.0543,0.0545,0.0547,0.0552,0.0584,0.0639,0.2248,0.2295,0.2343,0.2397,0.245,0.2503,0.2558,0.2615,0.2691,0.2768,0.2842,0.2905,0.2978,0.3043,0.311,0.3182,0.3251,0.3322,0.3503,2.0147,2.0166,2.0185,2.0203,2.0222,2.0242,2.0261,2.028,2.0299,2.0318,2.0337,2.0356,2.0376,2.0395,2.0414,2.0434,2.0453,2.0472,2.0492,2.0512,2.0531,2.0551,2.057,2.059,2.061,2.0629,2.0649,2.0669,2.0689,2.0709,2.0728,2.0748,2.0767,2.0787,2.0807,2.0826,2.0846,2.0866,2.0885,2.0905,2.0925,2.0945,2.0965,2.0985,2.1005,2.1026,2.1046,2.1067,2.1087,2.1108,2.1128,2.1149,2.1169,2.1191,2.1212,2.1233,2.1254,2.1275,2.1297,2.1318,2.1339,2.1361,2.1382,2.1404,2.1426,2.1447,2.1469,2.1491,2.1513,2.1534,2.1556,2.1578,2.16,2.1622,2.1644,1.559,1.5341,1.5118,1.4913,1.4675,1.4397,1.413,1.3902,1.3659,1.3415,1.3179,1.2951,1.2731,1.2519,1.2313,1.2115,1.1922,1.1736,1.1555,1.138,1.121,1.1045,1.0884,1.0729,1.0575,1.0423,1.0276,1.0133,0.9994,0.9859,0.9729,0.9603,0.9481,0.9361,0.9245,0.9131,0.902,0.8912,0.8807,0.8703,0.8603,0.8504,0.8408,0.8314,0.8222,0.8132,0.8044
0.0572,0.0562,0.0559,0.0557,0.0554,0.0551,0.0548,0.0546,0.0543,0.0541,0.0538,0.0536,0.0534,0.0532,0.053,0.0529,0.0527,0.0525,0.0523,0.052,0.0516,0.0513,0.051,0.0507,0.0507,0.0506,0.0505,0.0504,0.0503,0.0502,0.0501,0.05,0.0499,0.0497,0.0496,0.0495,0.0495,0.0494,0.0493,0.0492,0.0492,0.0491,0.049,0.0489,0.0488,0.0488,0.0487,0.0487,0.0488,0.0488,0.0488,0.0488,0.0489,0.0489,0.0489,0.0489,0.049,0.049,0.049,0.049,0.049,0.049,0.049,0.0489,0.0489,0.0489,0.0488,0.0488,0.0488,0.0487,0.0487,0.0487,0.0486,0.0486,0.0486,0.0485,0.0485,0.0485,0.0484,0.0484,0.0484,0.0485,0.0487,0.0489,0.0491,0.0493,0.0495,0.0496,0.0498,0.05,0.0502,0.0504,0.0506,0.0508,0.0509,0.0511,0.0513,0.0515,0.0517,0.0519,0.0521,0.0523,0.0525,0.0527,0.0529,0.0531,0.0534,0.0536,0.0538,0.054,0.0542,0.0544,0.0546,0.0551,0.0563,0.0588,0.0644,0.23,0.2348,0.2416,0.2466,0.252,0.2576,0.2633,0.273,0.281,0.288,0.2951,0.3023,0.3089,0.3163,0.3236,0.3307,0.3389,2.0304,2.0323,2.0342,2.0362,2.0381,2.04,2.0419,2.0439,2.0458,2.0478,2.0497,2.0517,2.0536,2.0556,2.0576,2.0595,2.0615,2.0635,2.0654,2.0674,2.0694,2.0714,2.0734,2.0754,2.0774,2.0794,2.0814,2.0834,2.0854,2.0875,2.0895,2.0914,2.0934,2.0954,2.0974,2.0994,2.1014,2.1034,2.1054,2.1074,2.1094,2.1114,2.1135,2.1156,2.1176,2.1197,2.1217,2.1238,2.1259,2.128,2.1301,2.1322,2.1343,2.1365,2.1386,2.1407,2.1429,2.1451,2.1473,2.1494,2.1516,2.1538,2.156,2.1582,2.1604,2.1626,2.1648,2.167,2.1692,2.1714,2.1737,2.1759,2.1781,2.1804,2.1826,1.5659,1.5379,1.5164,1.4957,1.4746,1.4465,1.4196,1.3935,1.3685,1.3475,1.3238,1.3008,1.2786,1.2572,1.2365,1.2164,1.197,1.1782,1.16,1.1423,1.1252,1.1086,1.0924,1.0767,1.0613,1.046,1.0312,1.0168,1.0028,0.9892,0.9762,0.9636,0.9512,0.9392,0.9275,0.9161,0.9049,0.894,0.8834,0.873,0.8629,0.853,0.8433,0.8338,0.8246,0.8155,0.8067
2.0245,0.0562,0.0559,0.0556,0.0554,0.0551,0.0548,0.0546,0.0543,0.0541,0.0538,0.0536,0.0534,0.0532,0.0531,0.0529,0.0527,0.0526,0.0523,0.052,0.0516,0.0513,0.051,0.0507,0.0506,0.0505,0.0504,0.0503,0.0502,0.0501,0.05,0.0499,0.0498,0.0497,0.0496,0.0495,0.0494,0.0494,0.0493,0.0492,0.0492,0.0491,0.049,0.0489,0.0488,0.0487,0.0487,0.0487,0.0487,0.0487,0.0488,0.0488,0.0488,0.0488,0.0488,0.0489,0.0489,0.0489,0.0489,0.049,0.0489,0.0489,0.0489,0.0488,0.0488,0.0488,0.0487,0.0487,0.0487,0.0486,0.0486,0.0486,0.0485,0.0485,0.0485,0.0484,0.0484,0.0484,0.0484,0.0483,0.0483,0.0483,0.0485,0.0487,0.0488,0.049,0.0492,0.0494,0.0495,0.0497,0.0499,0.0501,0.0503,0.0505,0.0507,0.0509,0.051,0.0512,0.0514,0.0516,0.0518,0.052,0.0522,0.0524,0.0526,0.0529,0.0531,0.0533,0.0535,0.0537,0.0539,0.0541,0.0543,0.0545,0.0549,0.0561,0.0574,0.0593,0.0649,0.2355,0.2435,0.2485,0.2537,0.2594,0.267,0.2769,0.2853,0.2924,0.2998,0.3069,0.3139,0.3221,0.3291,0.3364,2.0464,2.0483,2.0502,2.0522,2.0542,2.0561,2.0581,2.0601,2.062,2.064,2.066,2.068,2.07,2.0719,2.0739,2.0759,2.078,2.08,2.082,2.084,2.086,2.088,2.09,2.0921,2.0941,2.0962,2.0982,2.1002,2.1023,2.1044,2.1064,2.1084,2.1104,2.1124,2.1144,2.1165,2.1185,2.1205,2.1225,2.1246,2.1266,2.1287,2.1308,2.1328,2.1349,2.137,2.1391,2.1413,2.1434,2.1455,2.1476,2.1498,2.152,2.1542,2.1563,2.1585,2.1607,2.1629,2.1651,2.1673,2.1696,2.1718,2.174,2.1763,2.1785,2.1807,2.183,2.1852,2.1875,2.1897,2.192,2.1943,2.1965,2.1988,2.2011,2.2034,1.5421,1.521,1.5002,1.4797,1.4534,1.4262,1.3999,1.3746,1.3502,1.3297,1.3065,1.2841,1.2625,1.2416,1.2214,1.2019,1.1829,1.1645,1.1467,1.1295,1.1127,1.0965,1.0807,1.0651,1.0498,1.0349,1.0203,1.0062,0.9927,0.9796,0.9668,0.9544,0.9423,0.9305,0.919,0.9078,0.8968,0.8861,0.8757,0.8655,0.8555,0.8458,0.8363,0.827,0.8179,0.809
2.0325,0.0565,0.0559,0.0556,0.0553,0.0551,0.0548,0.0545,0.0543,0.054,0.0538,0.0536,0.0534,0.0533,0.0531,0.0529,0.0528,0.0526,0.0523,0.052,0.0516,0.0513,0.051,0.0507,0.0505,0.0504,0.0504,0.0503,0.0502,0.05,0.0499,0.0498,0.0497,0.0496,0.0496,0.0495,0.0494,0.0493,0.0493,0.0492,0.0491,0.0491,0.049,0.0489,0.0488,0.0487,0.0486,0.0486,0.0487,0.0487,0.0487,0.0487,0.0487,0.0488,0.0488,0.0488,0.0488,0.0489,0.0489,0.0489,0.0488,0.0488,0.0488,0.0487,0.0487,0.0487,0.0486,0.0486,0.0486,0.0485,0.0485,0.0485,0.0485,0.0484,0.0484,0.0484,0.0483,0.0483,0.0483,0.0482,0.0482,0.0482,0.0482,0.0484,0.0486,0.0488,0.0489,0.0491,0.0493,0.0495,0.0497,0.0498,0.05,0.0502,0.0504,0.0506,0.0508,0.051,0.0512,0.0514,0.0516,0.0518,0.052,0.0522,0.0524,0.0526,0.0528,0.053,0.0532,0.0534,0.0536,0.0538,0.054,0.0542,0.0544,0.0548,0.056,0.0573,0.0586,0.0599,0.0655,0.2455,0.2504,0.2556,0.2613,0.272,0.281,0.2897,0.2971,0.3047,0.3116,0.3198,0.3275,0.3348,2.0626,2.0646,2.0665,2.0685,2.0705,2.0725,2.0745,2.0765,2.0785,2.0805,2.0825,2.0845,2.0866,2.0886,2.0906,2.0926,2.0947,2.0967,2.0987,2.1008,2.1029,2.1049,2.107,2.109,2.1111,2.1132,2.1152,2.1173,2.1194,2.1215,2.1235,2.1256,2.1276,2.1297,2.1317,2.1338,2.1359,2.1379,2.14,2.142,2.1441,2.1462,2.1483,2.1504,2.1525,2.1547,2.1568,2.159,2.1611,2.1633,2.1655,2.1677,2.1699,2.1721,2.1744,2.1766,2.1789,2.1811,2.1833,2.1856,2.1878,2.1901,2.1924,2.1946,2.1969,2.1992,2.2015,2.2038,2.206,2.2084,2.2107,2.213,2.2153,2.2176,2.2199,2.2222,1.5461,1.5256,1.5046,1.4841,1.4604,1.4329,1.4064,1.3808,1.3562,1.3325,1.31,1.2897,1.2679,1.2469,1.2265,1.2067,1.1876,1.1691,1.1512,1.1338,1.1169,1.1005,1.0846,1.069,1.0535,1.0385,1.0239,1.0097,0.9961,0.983,0.9701,0.9576,0.9454,0.9336,0.922,0.9107,0.8996,0.8889,0.8784,0.8681,0.8581,0.8483,0.8387,0.8294,0.8202,0.8113
2.0478,0.0574,0.0559,0.0556,0.0553,0.0551,0.0548,0.0545,0.0543,0.054,0.0538,0.0536,0.0535,0.0533,0.0531,0.053,0.0528,0.0526,0.0523,0.052,0.0516,0.0513,0.051,0.0507,0.0505,0.0504,0.0503,0.0502,0.0501,0.05,0.0499,0.0498,0.0497,0.0496,0.0495,0.0495,0.0494,0.0493,0.0493,0.0492,0.0491,0.049,0.0489,0.0489,0.0488,0.0487,0.0486,0.0486,0.0486,0.0486,0.0486,0.0487,0.0487,0.0487,0.0487,0.0488,0.0488,0.0488,0.0488,0.0488,0.0487,0.0487,0.0487,0.0486,0.0486,0.0486,0.0485,0.0485,0.0485,0.0485,0.0484,0.0484,0.0484,0.0483,0.0483,0.0483,0.0482,0.0482,0.0482,0.0481,0.0481,0.0481,0.0481,0.0482,0.0483,0.0485,0.0487,0.0489,0.049,0.0492,0.0494,0.0496,0.0498,0.05,0.0501,0.0503,0.0505,0.0507,0.0509,0.0511,0.0513,0.0515,0.0517,0.0519,0.0521,0.0523,0.0525,0.0527,0.0529,0.0531,0.0533,0.0535,0.0537,0.0539,0.0541,0.0543,0.0547,0.0559,0.0571,0.0584,0.0598,0.0612,0.2473,0.2524,0.2576,0.2645,0.2768,0.2851,0.2941,0.3018,0.3095,0.3174,0.3259,0.3332,2.079,2.081,2.0831,2.0851,2.0871,2.0891,2.0912,2.0932,2.0952,2.0973,2.0993,2.1013,2.1034,2.1055,2.1075,2.1096,2.1117,2.1137,2.1158,2.1179,2.12,2.1221,2.1241,2.1262,2.1284,2.1305,2.1326,2.1347,2.1368,2.1389,2.141,2.1431,2.1451,2.1472,2.1493,2.1514,2.1535,2.1556,2.1577,2.1598,2.1619,2.164,2.1662,2.1683,2.1705,2.1726,2.1748,2.177,2.1792,2.1815,2.1837,2.186,2.1882,2.1905,2.1927,2.195,2.1973,2.1996,2.2018,2.2041,2.2064,2.2087,2.211,2.2133,2.2157,2.218,2.2203,2.2226,2.2249,2.2273,2.2296,2.232,2.2343,2.2367,2.239,2.2414,1.55,1.5303,1.5092,1.4885,1.4674,1.4396,1.4129,1.3871,1.3623,1.3383,1.3152,1.2928,1.2734,1.2521,1.2315,1.2117,1.1924,1.1737,1.1557,1.1381,1.1211,1.1046,1.0886,1.0729,1.0573,1.0422,1.0275,1.0133,0.9996,0.9864,0.9734,0.9608,0.9486,0.9366,0.925,0.9136,0.9025,0.8917,0.8811,0.8708,0.8607,0.8508,0.8412,0.8318,0.8226,0.8136
2.0621,2.0591,0.0559,0.0556,0.0553,0.055,0.0548,0.0545,0.0543,0.054,0.0538,0.0537,0.0535,0.0533,0.0532,0.053,0.0529,0.0527,0.0523,0.052,0.0517,0.0513,0.051,0.0507,0.0504,0.0503,0.0502,0.0501,0.05,0.0499,0.0498,0.0498,0.0497,0.0496,0.0495,0.0495,0.0494,0.0493,0.0492,0.0492,0.0491,0.049,0.0489,0.0488,0.0488,0.0487,0.0486,0.0485,0.0485,0.0486,0.0486,0.0486,0.0486,0.0487,0.0487,0.0487,0.0487,0.0487,0.0487,0.0487,0.0486,0.0486,0.0486,0.0485,0.0485,0.0485,0.0485,0.0484,0.0484,0.0484,0.0483,0.0483,0.0483,0.0482,0.0482,0.0482,0.0481,0.0481,0.0481,0.048,0.048,0.048,0.048,0.048,0.0481,0.0483,0.0484,0.0486,0.0488,0.049,0.0492,0.0493,0.0495,0.0497,0.0499,0.0501,0.0503,0.0504,0.0506,0.0508,0.051,0.0512,0.0514,0.0516,0.0518,0.052,0.0522,0.0524,0.0526,0.0528,0.053,0.0532,0.0534,0.0536,0.0538,0.054,0.0542,0.0546,0.0558,0.057,0.0583,0.0596,0.0611,0.0625,0.2543,0.2596,0.2694,0.2808,0.2902,0.2987,0.3066,0.315,0.3234,0.3316,0.3498,2.0978,2.0999,2.1019,2.104,2.106,2.1081,2.1102,2.1122,2.1143,2.1164,2.1185,2.1206,2.1226,2.1247,2.1268,2.1289,2.131,2.1331,2.1353,2.1374,2.1395,2.1416,2.1437,2.1459,2.148,2.1502,2.1523,2.1545,2.1566,2.1587,2.1608,2.163,2.1651,2.1672,2.1693,2.1714,2.1736,2.1757,2.1779,2.18,2.1822,2.1843,2.1865,2.1887,2.1909,2.1931,2.1954,2.1976,2.1999,2.2022,2.2045,2.2068,2.2091,2.2114,2.2137,2.216,2.2183,2.2207,2.223,2.2253,2.2277,2.23,2.2323,2.2347,2.2371,2.2394,2.2418,2.2442,2.2465,2.2489,2.2513,2.2537,2.2561,2.2585,2.2609,1.5539,1.535,1.5137,1.4929,1.4727,1.4464,1.4194,1.3934,1.3684,1.3442,1.3208,1.2983,1.2765,1.2568,1.2367,1.2166,1.1972,1.1784,1.1602,1.1425,1.1254,1.1087,1.0926,1.0769,1.0612,1.0459,1.0311,1.0169,1.0031,0.9898,0.9768,0.9641,0.9517,0.9397,0.928,0.9165,0.9054,0.8945,0.8838,0.8734,0.8633,0.8534,0.8437,0.8342,0.825,0.8159
2.0757,2.0729,0.0567,0.0556,0.0553,0.055,0.0548,0.0545,0.0543,0.054,0.0539,0.0537,0.0535,0.0534,0.0532,0.0531,0.0529,0.0527,0.0523,0.052,0.0517,0.0513,0.051,0.0507,0.0504,0.0503,0.0502,0.0501,0.05,0.0499,0.0498,0.0497,0.0497,0.0496,0.0495,0.0494,0.0494,0.0493,0.0492,0.0491,0.0491,0.049,0.0489,0.0488,0.0487,0.0487,0.0486,0.0485,0.0485,0.0485,0.0485,0.0486,0.0486,0.0486,0.0486,0.0486,0.0487,0.0486,0.0486,0.0486,0.0485,0.0485,0.0485,0.0485,0.0484,0.0484,0.0484,0.0483,0.0483,0.0483,0.0482,0.0482,0.0482,0.0481,0.0481,0.0481,0.048,0.048,0.048,0.0479,0.0479,0.0478,0.0479,0.0479,0.0479,0.048,0.0482,0.0484,0.0486,0.0487,0.0489,0.0491,0.0493,0.0494,0.0496,0.0498,0.05,0.0502,0.0504,0.0506,0.0508,0.0509,0.0511,0.0513,0.0515,0.0517,0.0519,0.0521,0.0523,0.0525,0.0527,0.0529,0.0531,0.0533,0.0535,0.0537,0.0539,0.0541,0.0544,0.0556,0.0569,0.0581,0.0595,0.0609,0.0624,0.0639,0.2629,0.2745,0.285,0.2956,0.3034,0.3125,0.3209,0.3296,0.3448,2.1149,2.1169,2.119,2.1211,2.1232,2.1253,2.1274,2.1295,2.1316,2.1337,2.1358,2.138,2.1401,2.1422,2.1443,2.1465,2.1486,2.1508,2.1529,2.1551,2.1572,2.1594,2.1616,2.1637,2.1659,2.1681,2.1703,2.1724,2.1746,2.1768,2.1789,2.1811,2.1832,2.1854,2.1875,2.1897,2.1919,2.194,2.1962,2.1984,2.2006,2.2028,2.205,2.2072,2.2095,2.2118,2.2141,2.2164,2.2187,2.221,2.2233,2.2257,2.228,2.2304,2.2327,2.2351,2.2374,2.2398,2.2422,2.2446,2.2469,2.2493,2.2517,2.2541,2.2565,2.2589,2.2613,2.2637,2.2661,2.2686,2.271,2.2734,2.2759,2.2783,2.2808,2.2832,1.5397,1.5183,1.4974,1.477,1.4533,1.426,1.3998,1.3745,1.3501,1.3266,1.3038,1.2819,1.2606,1.2401,1.2216,1.2021,1.1831,1.1647,1.1469,1.1296,1.1129,1.0966,1.0808,1.065,1.0496,1.0347,1.0205,1.0067,0.9932,0.9801,0.9674,0.9549,0.9428,0.931,0.9195,0.9082,0.8973,0.8866,0.8761,0.8659,0.8559,0.8462,0.8367,0.8273,0.8182
2.0890,2.0868,0.0576,0.0556,0.0553,0.055,0.0547,0.0545,0.0542,0.0541,0.0539,0.0537,0.0536,0.0534,0.0533,0.0531,0.0529,0.0527,0.0523,0.052,0.0517,0.0513,0.051,0.0507,0.0504,0.0502,0.0501,0.05,0.0499,0.0499,0.0498,0.0497,0.0496,0.0496,0.0495,0.0494,0.0493,0.0493,0.0492,0.0491,0.049,0.049,0.0489,0.0488,0.0487,0.0486,0.0485,0.0485,0.0484,0.0485,0.0485,0.0485,0.0485,0.0485,0.0486,0.0486,0.0486,0.0486,0.0485,0.0485,0.0485,0.0484,0.0484,0.0484,0.0483,0.0483,0.0483,0.0482,0.0482,0.0482,0.0481,0.0481,0.0481,0.048,0.048,0.048,0.0479,0.0479,0.0478,0.0478,0.0478,0.0478,0.0478,0.0478,0.0478,0.0478,0.048,0.0481,0.0483,0.0485,0.0487,0.0488,0.049,0.0492,0.0494,0.0496,0.0497,0.0499,0.0501,0.0503,0.0505,0.0507,0.0509,0.0511,0.0513,0.0515,0.0517,0.0519,0.0521,0.0523,0.0524,0.0526,0.0528,0.053,0.0532,0.0534,0.0536,0.0538,0.054,0.0543,0.0555,0.0567,0.058,0.0594,0.0608,0.0622,0.0638,0.0646,0.2799,0.2903,0.3002,0.3082,0.3187,0.3272,0.3399,2.1322,2.1343,2.1364,2.1385,2.1407,2.1428,2.1449,2.1471,2.1492,2.1514,2.1535,2.1556,2.1578,2.16,2.1621,2.1643,2.1665,2.1687,2.1709,2.1731,2.1753,2.1774,2.1796,2.1819,2.1841,2.1863,2.1885,2.1907,2.1929,2.1951,2.1973,2.1995,2.2017,2.2038,2.206,2.2082,2.2105,2.2127,2.2149,2.2171,2.2193,2.2216,2.2238,2.2261,2.2284,2.2307,2.2331,2.2355,2.2378,2.2402,2.2425,2.2449,2.2473,2.2497,2.2521,2.2545,2.2569,2.2593,2.2617,2.2641,2.2665,2.269,2.2714,2.2738,2.2763,2.2787,2.2811,2.2836,2.2861,2.2886,2.291,2.2935,2.296,2.2985,2.301,2.3035,1.5443,1.5228,1.5018,1.4814,1.4602,1.4327,1.4062,1.3807,1.3561,1.3323,1.3094,1.2873,1.2658,1.2451,1.2251,1.2069,1.1878,1.1693,1.1514,1.134,1.1171,1.1007,1.0848,1.0689,1.0534,1.0385,1.0242,1.0102,0.9967,0.9835,0.9707,0.9581,0.9459,0.9341,0.9225,0.9112,0.9001,0.8893,0.8788,0.8686,0.8585,0.8487,0.8391,0.8298,0.8206
2.1021,2.1002,0.0585,0.056,0.0553,0.055,0.0547,0.0545,0.0543,0.0541,0.0539,0.0538,0.0536,0.0535,0.0533,0.0531,0.053,0.0527,0.0523,0.052,0.0517,0.0514,0.051,0.0507,0.0504,0.0502,0.0501,0.05,0.0499,0.0498,0.0498,0.0497,0.0496,0.0495,0.0495,0.0494,0.0493,0.0493,0.0492,0.0491,0.049,0.0489,0.0489,0.0488,0.0487,0.0486,0.0485,0.0484,0.0484,0.0484,0.0484,0.0484,0.0485,0.0485,0.0485,0.0485,0.0485,0.0485,0.0484,0.0484,0.0484,0.0483,0.0483,0.0483,0.0482,0.0482,0.0482,0.0481,0.0481,0.0481,0.048,0.048,0.048,0.0479,0.0479,0.0479,0.0478,0.0478,0.0477,0.0477,0.0477,0.0477,0.0477,0.0477,0.0477,0.0477,0.0477,0.0479,0.0481,0.0482,0.0484,0.0486,0.0488,0.0489,0.0491,0.0493,0.0495,0.0497,0.0499,0.05,0.0502,0.0504,0.0506,0.0508,0.051,0.0512,0.0514,0.0516,0.0518,0.052,0.0522,0.0524,0.0525,0.0527,0.0529,0.0531,0.0533,0.0535,0.0537,0.0539,0.0542,0.0554,0.0566,0.0579,0.0592,0.0606,0.0621,0.0633,0.064,0.0648,0.2958,0.305,0.3155,0.3249,0.3338,2.1498,2.1519,2.1541,2.1563,2.1584,2.1606,2.1627,2.1649,2.1671,2.1693,2.1715,2.1737,2.1759,2.1781,2.1802,2.1825,2.1847,2.1869,2.1891,2.1913,2.1936,2.1958,2.1981,2.2003,2.2026,2.2048,2.2071,2.2093,2.2115,2.2138,2.216,2.2182,2.2204,2.2226,2.2249,2.2271,2.2294,2.2316,2.2339,2.2361,2.2384,2.2407,2.243,2.2453,2.2477,2.2501,2.2525,2.2549,2.2573,2.2597,2.2621,2.2645,2.2669,2.2693,2.2718,2.2742,2.2767,2.2791,2.2816,2.284,2.2865,2.2889,2.2914,2.2939,2.2964,2.2989,2.3014,2.3039,2.3064,2.3089,2.3114,2.3139,2.3165,2.319,2.3215,2.3241,2.3266,1.5268,1.5058,1.4854,1.4648,1.4395,1.4127,1.387,1.3621,1.3382,1.315,1.2927,1.2711,1.2502,1.23,1.2104,1.1915,1.1739,1.1558,1.1383,1.1213,1.1048,1.0887,1.0728,1.0572,1.0423,1.0279,1.0138,1.0002,0.9869,0.974,0.9614,0.9491,0.9371,0.9255,0.9141,0.903,0.8921,0.8815,0.8712,0.8611,0.8512,0.8416,0.8322,0.823
2.1149,2.1111,2.0989,0.0569,0.0553,0.055,0.0547,0.0545,0.0543,0.0542,0.054,0.0538,0.0537,0.0535,0.0533,0.0532,0.053,0.0527,0.0523,0.052,0.0517,0.0514,0.051,0.0507,0.0504,0.0501,0.05,0.05,0.0499,0.0498,0.0497,0.0497,0.0496,0.0495,0.0495,0.0494,0.0493,0.0492,0.0492,0.0491,0.049,0.0489,0.0488,0.0487,0.0487,0.0486,0.0485,0.0484,0.0483,0.0483,0.0484,0.0484,0.0484,0.0484,0.0485,0.0484,0.0484,0.0484,0.0483,0.0483,0.0483,0.0482,0.0482,0.0482,0.0481,0.0481,0.0481,0.048,0.048,0.048,0.0479,0.0479,0.0479,0.0478,0.0478,0.0477,0.0477,0.0477,0.0476,0.0476,0.0476,0.0476,0.0476,0.0476,0.0476,0.0476,0.0476,0.0477,0.0478,0.048,0.0482,0.0484,0.0485,0.0487,0.0489,0.0491,0.0492,0.0494,0.0496,0.0498,0.05,0.0502,0.0503,0.0505,0.0507,0.0509,0.0511,0.0513,0.0515,0.0517,0.0519,0.0521,0.0523,0.0525,0.0526,0.0528,0.053,0.0532,0.0534,0.0536,0.0538,0.0541,0.0552,0.0565,0.0577,0.0591,0.0605,0.0619,0.0627,0.0634,0.0642,0.3015,0.311,0.3226,0.3313,2.1677,2.1699,2.1721,2.1743,2.1765,2.1787,2.1809,2.1831,2.1853,2.1875,2.1897,2.1919,2.1942,2.1964,2.1987,2.2009,2.2032,2.2054,2.2077,2.2099,2.2122,2.2145,2.2168,2.2191,2.2213,2.2236,2.2259,2.2282,2.2305,2.2327,2.235,2.2373,2.2395,2.2418,2.244,2.2463,2.2486,2.2509,2.2532,2.2555,2.2578,2.2601,2.2625,2.2649,2.2673,2.2698,2.2722,2.2746,2.2771,2.2795,2.282,2.2844,2.2869,2.2893,2.2918,2.2943,2.2968,2.2993,2.3018,2.3043,2.3068,2.3093,2.3118,2.3143,2.3169,2.3194,2.3219,2.3245,2.327,2.3296,2.3321,2.3347,2.3373,2.3399,2.3425,2.345,2.3476,1.5304,1.5093,1.4888,1.4672,1.4465,1.4194,1.3934,1.3683,1.3441,1.3207,1.2982,1.2764,1.2553,1.235,1.2152,1.1961,1.1776,1.1604,1.1427,1.1255,1.1089,1.0927,1.0767,1.061,1.0461,1.0316,1.0175,1.0037,0.9903,0.9773,0.9646,0.9523,0.9402,0.9285,0.917,0.9058,0.8949,0.8843,0.8739,0.8637,0.8538,0.8441,0.8346,0.8253
2.1274,2.1211,2.0947,0.0578,0.0554,0.055,0.0547,0.0545,0.0544,0.0542,0.054,0.0539,0.0537,0.0535,0.0534,0.0532,0.053,0.0527,0.0524,0.052,0.0517,0.0514,0.051,0.0507,0.0504,0.0502,0.05,0.0499,0.0499,0.0498,0.0497,0.0497,0.0496,0.0495,0.0494,0.0494,0.0493,0.0492,0.0491,0.0491,0.049,0.0489,0.0488,0.0487,0.0486,0.0486,0.0485,0.0484,0.0483,0.0483,0.0483,0.0483,0.0484,0.0484,0.0484,0.0483,0.0483,0.0483,0.0482,0.0482,0.0482,0.0481,0.0481,0.0481,0.048,0.048,0.048,0.0479,0.0479,0.0479,0.0478,0.0478,0.0477,0.0477,0.0477,0.0476,0.0476,0.0476,0.0475,0.0475,0.0475,0.0475,0.0475,0.0475,0.0475,0.0475,0.0475,0.0476,0.0476,0.0478,0.0479,0.0481,0.0483,0.0485,0.0486,0.0488,0.049,0.0492,0.0494,0.0495,0.0497,0.0499,0.0501,0.0503,0.0505,0.0507,0.0509,0.051,0.0512,0.0514,0.0516,0.0518,0.052,0.0522,0.0524,0.0526,0.0527,0.0529,0.0531,0.0533,0.0535,0.0537,0.054,0.0551,0.0563,0.0576,0.0589,0.0603,0.0614,0.0621,0.0628,0.0636,0.0644,0.3186,0.3289,0.3531,2.1881,2.1903,2.1925,2.1948,2.197,2.1993,2.2015,2.2038,2.206,2.2083,2.2106,2.2128,2.2151,2.2174,2.2197,2.222,2.2243,2.2266,2.2289,2.2312,2.2335,2.2358,2.2381,2.2404,2.2428,2.2451,2.2474,2.2497,2.252,2.2543,2.2566,2.2589,2.2612,2.2635,2.2659,2.2682,2.2705,2.2729,2.2752,2.2776,2.2799,2.2824,2.2848,2.2873,2.2898,2.2922,2.2947,2.2972,2.2997,2.3022,2.3047,2.3072,2.3097,2.3122,2.3147,2.3173,2.3198,2.3224,2.3249,2.3274,2.33,2.3326,2.3351,2.3377,2.3403,2.3429,2.3455,2.3481,2.3507,2.3533,2.3559,2.3585,2.3611,2.3638,2.3664,2.3691,1.545,1.5129,1.4851,1.4691,1.4533,1.4263,1.4,1.3746,1.3502,1.3266,1.3038,1.2818,1.2605,1.24,1.2201,1.2008,1.1822,1.1641,1.1468,1.1298,1.1131,1.0968,1.0807,1.065,1.05,1.0353,1.0211,1.0073,0.9938,0.9807,0.9679,0.9555,0.9433,0.9315,0.92,0.9087,0.8977,0.887,0.8766,0.8663,0.8564,0.8466,0.8371,0.8277
2.1400,2.1348,2.0907,0.0587,0.0562,0.0549,0.0547,0.0546,0.0544,0.0542,0.0541,0.0539,0.0537,0.0536,0.0534,0.0532,0.053,0.0527,0.0524,0.052,0.0517,0.0514,0.0511,0.0507,0.0504,0.0502,0.05,0.0499,0.0499,0.0498,0.0497,0.0496,0.0496,0.0495,0.0494,0.0493,0.0493,0.0492,0.0491,0.049,0.049,0.0489,0.0488,0.0487,0.0486,0.0485,0.0485,0.0484,0.0483,0.0482,0.0482,0.0483,0.0483,0.0483,0.0483,0.0482,0.0482,0.0482,0.0481,0.0481,0.0481,0.048,0.048,0.048,0.0479,0.0479,0.0479,0.0478,0.0478,0.0477,0.0477,0.0477,0.0476,0.0476,0.0476,0.0475,0.0475,0.0475,0.0474,0.0474,0.0474,0.0474,0.0474,0.0474,0.0474,0.0474,0.0475,0.0475,0.0475,0.0475,0.0477,0.0479,0.048,0.0482,0.0484,0.0486,0.0487,0.0489,0.0491,0.0493,0.0495,0.0497,0.0498,0.05,0.0502,0.0504,0.0506,0.0508,0.051,0.0511,0.0513,0.0515,0.0517,0.0519,0.0521,0.0523,0.0525,0.0527,0.0528,0.053,0.0532,0.0534,0.0536,0.0539,0.055,0.0562,0.0575,0.0588,0.0601,0.0608,0.0615,0.0623,0.063,0.0638,0.0646,0.3462,2.2067,2.2089,2.2112,2.2135,2.2157,2.218,2.2203,2.2226,2.2249,2.2272,2.2295,2.2318,2.2341,2.2364,2.2388,2.2411,2.2434,2.2458,2.2481,2.2505,2.2528,2.2552,2.2575,2.2599,2.2623,2.2647,2.267,2.2693,2.2717,2.274,2.2763,2.2787,2.281,2.2834,2.2857,2.2881,2.2905,2.2929,2.2953,2.2976,2.3001,2.3026,2.3051,2.3076,2.3101,2.3127,2.3152,2.3177,2.3202,2.3228,2.3253,2.3279,2.3304,2.333,2.3355,2.3381,2.3407,2.3433,2.3459,2.3485,2.3511,2.3537,2.3563,2.3589,2.3615,2.3642,2.3668,2.3695,2.3721,2.3748,2.3774,2.3801,2.3828,2.3855,2.3882,2.3909,2.3936,1.503,1.488,1.4709,1.455,1.4331,1.4066,1.381,1.3563,1.3325,1.3095,1.2873,1.2659,1.2451,1.225,1.2056,1.1867,1.1685,1.1508,1.1337,1.1172,1.1008,1.0847,1.069,1.0538,1.0391,1.0248,1.0108,0.9973,0.9841,0.9712,0.9587,0.9465,0.9346,0.9229,0.9116,0.9006,0.8898,0.8793,0.869,0.8589,0.8491,0.8395,0.8302
2.1476,2.1141,2.0811,2.0262,0.0571,0.055,0.0548,0.0546,0.0544,0.0543,0.0541,0.0539,0.0538,0.0536,0.0534,0.0533,0.053,0.0527,0.0524,0.052,0.0517,0.0514,0.0511,0.0507,0.0505,0.0502,0.05,0.0499,0.0498,0.0498,0.0497,0.0496,0.0495,0.0495,0.0494,0.0493,0.0493,0.0492,0.0491,0.049,0.0489,0.0488,0.0488,0.0487,0.0486,0.0485,0.0484,0.0483,0.0483,0.0482,0.0482,0.0482,0.0482,0.0482,0.0482,0.0481,0.0481,0.0481,0.048,0.048,0.048,0.0479,0.0479,0.0479,0.0478,0.0478,0.0478,0.0477,0.0477,0.0476,0.0476,0.0476,0.0475,0.0475,0.0475,0.0474,0.0474,0.0474,0.0473,0.0473,0.0473,0.0473,0.0473,0.0473,0.0473,0.0473,0.0474,0.0474,0.0474,0.0474,0.0475,0.0476,0.0478,0.048,0.0482,0.0483,0.0485,0.0487,0.0489,0.049,0.0492,0.0494,0.0496,0.0498,0.05,0.0501,0.0503,0.0505,0.0507,0.0509,0.051,0.0512,0.0514,0.0516,0.0518,0.052,0.0522,0.0524,0.0526,0.0528,0.053,0.0532,0.0534,0.0536,0.0538,0.0549,0.0561,0.0573,0.0586,0.0596,0.0603,0.061,0.0617,0.0624,0.0632,0.064,2.2255,2.2278,2.2301,2.2324,2.2347,2.2371,2.2394,2.2417,2.2441,2.2464,2.2487,2.2511,2.2534,2.2558,2.2582,2.2606,2.2629,2.2653,2.2677,2.2701,2.2725,2.2749,2.2773,2.2797,2.2821,2.2845,2.2869,2.2893,2.2916,2.294,2.2964,2.2988,2.3012,2.3036,2.306,2.3084,2.3108,2.3132,2.3157,2.3182,2.3207,2.3232,2.3258,2.3283,2.3309,2.3334,2.336,2.3386,2.3412,2.3437,2.3463,2.3489,2.3515,2.3541,2.3567,2.3594,2.362,2.3646,2.3673,2.3699,2.3726,2.3752,2.3779,2.3805,2.3832,2.3859,2.3886,2.3913,2.394,2.3967,2.3994,2.4021,2.4048,2.4076,2.4103,2.4131,2.4158,1.536,1.4909,1.4728,1.4566,1.4399,1.4133,1.3875,1.3626,1.3385,1.3154,1.293,1.2713,1.2504,1.2301,1.2105,1.1915,1.1731,1.1552,1.1379,1.1211,1.1049,1.0887,1.073,1.0577,1.0429,1.0285,1.0144,1.0008,0.9875,0.9745,0.9619,0.9496,0.9376,0.9259,0.9146,0.9034,0.8926,0.882,0.8716,0.8615,0.8517,0.842,0.8326
2.1459,2.1038,2.0716,2.0214,0.0579,0.0555,0.0548,0.0547,0.0545,0.0543,0.0541,0.054,0.0538,0.0536,0.0535,0.0533,0.0531,0.0527,0.0524,0.052,0.0517,0.0514,0.0511,0.0508,0.0505,0.0503,0.0501,0.0499,0.0498,0.0497,0.0497,0.0496,0.0495,0.0495,0.0494,0.0493,0.0492,0.0492,0.0491,0.049,0.0489,0.0488,0.0487,0.0487,0.0486,0.0485,0.0484,0.0483,0.0482,0.0482,0.0481,0.0482,0.0481,0.0481,0.0481,0.048,0.048,0.048,0.0479,0.0479,0.0479,0.0478,0.0478,0.0478,0.0477,0.0477,0.0476,0.0476,0.0476,0.0475,0.0475,0.0475,0.0474,0.0474,0.0474,0.0473,0.0473,0.0473,0.0472,0.0472,0.0472,0.0472,0.0472,0.0472,0.0472,0.0473,0.0473,0.0473,0.0473,0.0473,0.0473,0.0474,0.0476,0.0477,0.0479,0.0481,0.0483,0.0484,0.0486,0.0488,0.049,0.0491,0.0493,0.0495,0.0497,0.0499,0.0501,0.0502,0.0504,0.0506,0.0508,0.051,0.0511,0.0513,0.0515,0.0517,0.0519,0.0521,0.0523,0.0525,0.0527,0.0529,0.0531,0.0533,0.0535,0.0537,0.0548,0.0559,0.0572,0.0584,0.0591,0.0597,0.0604,0.0611,0.0619,0.0626,0.0634,0.0642,2.2494,2.2518,2.2541,2.2565,2.2588,2.2612,2.2636,2.266,2.2683,2.2707,2.2731,2.2755,2.2779,2.2803,2.2828,2.2852,2.2876,2.2901,2.2925,2.2949,2.2974,2.2998,2.3023,2.3047,2.3072,2.3096,2.312,2.3144,2.3168,2.3192,2.3217,2.3241,2.3266,2.329,2.3315,2.334,2.3365,2.339,2.3416,2.3442,2.3468,2.3494,2.352,2.3546,2.3572,2.3598,2.3624,2.3651,2.3677,2.3704,2.373,2.3757,2.3784,2.381,2.3837,2.3864,2.3891,2.3917,2.3944,2.3971,2.3999,2.4026,2.4053,2.408,2.4108,2.4135,2.4162,2.419,2.4218,2.4245,2.4273,2.4301,2.4329,2.4357,2.4385,2.4413,1.4938,1.4747,1.4583,1.4438,1.4199,1.394,1.3689,1.3446,1.3212,1.2986,1.2768,1.2557,1.2352,1.2155,1.1963,1.1777,1.1598,1.1423,1.1254,1.1089,1.0929,1.0771,1.0617,1.0467,1.0322,1.0181,1.0043,0.9909,0.9779,0.9652,0.9528,0.9407,0.929,0.9175,0.9063,0.8954,0.8847,0.8743,0.8641,0.8542,0.8445,0.835
2.1333,2.0935,2.0525,1.9975,0.0589,0.0564,0.0549,0.0547,0.0545,0.0544,0.0542,0.054,0.0538,0.0537,0.0535,0.0534,0.0531,0.0527,0.0524,0.052,0.0517,0.0514,0.0511,0.0508,0.0505,0.0503,0.0501,0.0499,0.0498,0.0497,0.0497,0.0496,0.0495,0.0494,0.0494,0.0493,0.0492,0.0491,0.0491,0.049,0.0489,0.0488,0.0487,0.0486,0.0485,0.0485,0.0484,0.0483,0.0482,0.0481,0.0481,0.0481,0.048,0.048,0.048,0.0479,0.0479,0.0479,0.0478,0.0478,0.0478,0.0477,0.0477,0.0476,0.0476,0.0476,0.0475,0.0475,0.0475,0.0474,0.0474,0.0474,0.0473,0.0473,0.0473,0.0472,0.0472,0.0472,0.0471,0.0471,0.0471,0.0471,0.0471,0.0471,0.0471,0.0472,0.0472,0.0472,0.0472,0.0472,0.0472,0.0472,0.0473,0.0475,0.0477,0.0479,0.048,0.0482,0.0484,0.0485,0.0487,0.0489,0.0491,0.0493,0.0494,0.0496,0.0498,0.05,0.0501,0.0503,0.0505,0.0507,0.0509,0.0511,0.0512,0.0514,0.0516,0.0518,0.052,0.0522,0.0524,0.0526,0.0528,0.053,0.0532,0.0534,0.0536,0.0546,0.0558,0.0571,0.0579,0.0586,0.0592,0.0599,0.0606,0.0613,0.062,0.0628,0.0636,0.0643,2.2738,2.2762,2.2786,2.281,2.2834,2.2858,2.2883,2.2907,2.2932,2.2956,2.2981,2.3005,2.303,2.3054,2.3079,2.3104,2.3128,2.3153,2.3178,2.3203,2.3228,2.3253,2.3278,2.3302,2.3327,2.3351,2.3376,2.3401,2.3426,2.345,2.3475,2.35,2.3525,2.3551,2.3577,2.3603,2.3629,2.3655,2.3682,2.3708,2.3735,2.3761,2.3788,2.3815,2.3841,2.3868,2.3895,2.3922,2.3949,2.3976,2.4003,2.4031,2.4058,2.4085,2.4112,2.414,2.4167,2.4195,2.4222,2.425,2.4278,2.4306,2.4333,2.4361,2.4389,2.4417,2.4445,2.4474,2.4502,2.453,2.4559,2.4587,2.4616,2.4644,2.4673,1.4766,1.46,1.4454,1.4266,1.4005,1.3752,1.3507,1.3271,1.3043,1.2823,1.261,1.2404,1.2205,1.2011,1.1824,1.1643,1.1467,1.1297,1.1131,1.097,1.0812,1.0657,1.0506,1.0359,1.0217,1.0078,0.9944,0.9812,0.9684,0.956,0.9438,0.932,0.9205,0.9092,0.8982,0.8875,0.877,0.8668,0.8568,0.847,0.8375
2.1210,2.0837,2.0275,1.9451,1.9279,0.0572,0.0553,0.0547,0.0546,0.0544,0.0542,0.0541,0.0539,0.0537,0.0536,0.0534,0.0531,0.0527,0.0524,0.0521,0.0517,0.0514,0.0511,0.0508,0.0506,0.0504,0.0501,0.0499,0.0498,0.0497,0.0496,0.0496,0.0495,0.0494,0.0493,0.0493,0.0492,0.0491,0.049,0.0489,0.0489,0.0488,0.0487,0.0486,0.0485,0.0484,0.0484,0.0483,0.0482,0.0481,0.048,0.048,0.0479,0.0479,0.0479,0.0478,0.0478,0.0478,0.0477,0.0477,0.0477,0.0476,0.0476,0.0475,0.0475,0.0475,0.0474,0.0474,0.0474,0.0473,0.0473,0.0473,0.0472,0.0472,0.0472,0.0471,0.0471,0.0471,0.047,0.047,0.047,0.047,0.047,0.047,0.0471,0.0471,0.0471,0.0471,0.0471,0.0471,0.0471,0.0471,0.0472,0.0473,0.0475,0.0476,0.0478,0.048,0.0481,0.0483,0.0485,0.0487,0.0488,0.049,0.0492,0.0494,0.0495,0.0497,0.0499,0.0501,0.0502,0.0504,0.0506,0.0508,0.051,0.0511,0.0513,0.0515,0.0517,0.0519,0.0521,0.0523,0.0525,0.0527,0.0529,0.0531,0.0533,0.0535,0.0545,0.0557,0.0568,0.0574,0.0581,0.0587,0.0594,0.0601,0.0608,0.0615,0.0622,0.063,0.0637,2.2963,2.2987,2.3012,2.3036,2.3061,2.3086,2.3111,2.3135,2.316,2.3185,2.321,2.3235,2.326,2.3285,2.3311,2.3336,2.3361,2.3386,2.3412,2.3437,2.3463,2.3487,2.3512,2.3537,2.3562,2.3588,2.3613,2.3638,2.3663,2.3689,2.3714,2.374,2.3766,2.3793,2.3819,2.3846,2.3873,2.39,2.3927,2.3954,2.3981,2.4008,2.4035,2.4062,2.409,2.4117,2.4145,2.4172,2.42,2.4227,2.4255,2.4283,2.431,2.4338,2.4366,2.4394,2.4422,2.445,2.4479,2.4507,2.4535,2.4564,2.4592,2.462,2.4649,2.4678,2.4707,2.4736,2.4764,2.4793,2.4822,2.4851,2.488,2.491,1.4785,1.4616,1.447,1.4327,1.407,1.3815,1.3569,1.3331,1.3101,1.2879,1.2664,1.2456,1.2255,1.206,1.1872,1.1689,1.1512,1.134,1.1173,1.1011,1.0853,1.0697,1.0545,1.0397,1.0254,1.0114,0.9978,0.9846,0.9717,0.9592,0.947,0.9351,0.9234,0.9121,0.901,0.8903,0.8797,0.8694,0.8594,0.8495,0.8399
2.1086,2.0601,2.0021,1.9444,1.9144,0.0581,0.0559,0.0548,0.0546,0.0544,0.0543,0.0541,0.0539,0.0538,0.0536,0.0534,0.0531,0.0527,0.0524,0.0521,0.0517,0.0514,0.0511,0.0509,0.0506,0.0504,0.0502,0.0499,0.0498,0.0497,0.0496,0.0495,0.0495,0.0494,0.0493,0.0492,0.0492,0.0491,0.049,0.0489,0.0488,0.0488,0.0487,0.0486,0.0485,0.0484,0.0483,0.0483,0.0482,0.0481,0.048,0.0479,0.0478,0.0478,0.0478,0.0477,0.0477,0.0477,0.0476,0.0476,0.0475,0.0475,0.0475,0.0474,0.0474,0.0474,0.0473,0.0473,0.0473,0.0472,0.0472,0.0472,0.0471,0.0471,0.0471,0.047,0.047,0.047,0.0469,0.0469,0.0469,0.0469,0.0469,0.047,0.047,0.047,0.047,0.047,0.047,0.047,0.047,0.0471,0.0471,0.0471,0.0472,0.0474,0.0476,0.0477,0.0479,0.0481,0.0482,0.0484,0.0486,0.0488,0.0489,0.0491,0.0493,0.0495,0.0496,0.0498,0.05,0.0502,0.0503,0.0505,0.0507,0.0509,0.0511,0.0512,0.0514,0.0516,0.0518,0.052,0.0522,0.0524,0.0526,0.0528,0.053,0.0532,0.0534,0.0544,0.0556,0.0563,0.0569,0.0576,0.0582,0.0589,0.0595,0.0602,0.0609,0.0616,0.0624,0.0631,0.0639,2.3217,2.3242,2.3267,2.3292,2.3317,2.3343,2.3368,2.3394,2.3419,2.3444,2.347,2.3495,2.3521,2.3547,2.3573,2.3599,2.3624,2.365,2.3676,2.3701,2.3726,2.3752,2.3777,2.3803,2.3829,2.3855,2.388,2.3906,2.3932,2.3958,2.3986,2.4013,2.404,2.4067,2.4094,2.4122,2.4149,2.4177,2.4204,2.4232,2.426,2.4287,2.4315,2.4343,2.4371,2.4399,2.4427,2.4455,2.4484,2.4512,2.454,2.4569,2.4597,2.4626,2.4654,2.4683,2.4712,2.474,2.4769,2.4798,2.4827,2.4856,2.4886,2.4915,2.4944,2.4973,2.5003,2.5032,2.5062,2.5091,2.5121,2.5151,1.4805,1.4633,1.4487,1.4344,1.4136,1.3879,1.3631,1.3391,1.3159,1.2935,1.2718,1.2509,1.2306,1.211,1.1919,1.1735,1.1557,1.1383,1.1215,1.1052,1.0893,1.0737,1.0584,1.0435,1.0291,1.015,1.0013,0.988,0.9751,0.9624,0.9501,0.9381,0.9264,0.915,0.9039,0.893,0.8824,0.8721,0.862,0.8521,0.8424
2.0938,2.0321,1.9785,1.9417,1.8993,0.059,0.0566,0.0551,0.0546,0.0545,0.0543,0.0541,0.054,0.0538,0.0536,0.0534,0.0531,0.0527,0.0524,0.0521,0.0517,0.0515,0.0512,0.0509,0.0507,0.0504,0.0502,0.05,0.0498,0.0497,0.0496,0.0495,0.0494,0.0494,0.0493,0.0492,0.0491,0.0491,0.049,0.0489,0.0488,0.0487,0.0486,0.0486,0.0485,0.0484,0.0483,0.0482,0.0482,0.0481,0.048,0.0479,0.0478,0.0477,0.0477,0.0476,0.0476,0.0475,0.0475,0.0475,0.0474,0.0474,0.0474,0.0473,0.0473,0.0473,0.0472,0.0472,0.0472,0.0471,0.0471,0.0471,0.047,0.047,0.047,0.0469,0.0469,0.0469,0.0468,0.0468,0.0468,0.0468,0.0469,0.0469,0.0469,0.0469,0.0469,0.0469,0.0469,0.0469,0.047,0.047,0.047,0.047,0.047,0.0472,0.0473,0.0475,0.0477,0.0478,0.048,0.0482,0.0484,0.0485,0.0487,0.0489,0.049,0.0492,0.0494,0.0495,0.0497,0.0499,0.0501,0.0502,0.0504,0.0506,0.0508,0.051,0.0512,0.0513,0.0515,0.0517,0.0519,0.0521,0.0523,0.0525,0.0527,0.0529,0.0531,0.0533,0.0543,0.0553,0.0559,0.0565,0.0571,0.0577,0.0584,0.059,0.0597,0.0604,0.0611,0.0617,0.0624,0.063,0.0637,2.3477,2.3503,2.3528,2.3554,2.358,2.3606,2.3631,2.3657,2.3683,2.371,2.3736,2.3762,2.3788,2.3814,2.3841,2.3867,2.3893,2.3918,2.3944,2.397,2.3996,2.4023,2.4049,2.4075,2.4101,2.4128,2.4154,2.4182,2.4209,2.4237,2.4264,2.4292,2.432,2.4348,2.4376,2.4404,2.4432,2.446,2.4488,2.4517,2.4545,2.4574,2.4602,2.4631,2.4659,2.4688,2.4717,2.4745,2.4774,2.4803,2.4832,2.4861,2.489,2.492,2.4949,2.4978,2.5008,2.5037,2.5067,2.5097,2.5126,2.5156,2.5186,2.5216,2.5246,2.5276,2.5306,2.5336,2.5366,2.5397,1.4869,1.465,1.4504,1.436,1.4202,1.3943,1.3693,1.3452,1.3218,1.2992,1.2773,1.2562,1.2357,1.2159,1.1968,1.1782,1.1602,1.1427,1.1258,1.1093,1.0933,1.0777,1.0623,1.0474,1.0328,1.0186,1.0049,0.9915,0.9784,0.9657,0.9533,0.9412,0.9295,0.918,0.9068,0.8958,0.8852,0.8748,0.8646,0.8546,0.8449
2.0707,2.0143,1.9633,1.9262,1.8845,1.8408,0.0574,0.0557,0.0547,0.0545,0.0543,0.0542,0.054,0.0538,0.0537,0.0534,0.0531,0.0527,0.0524,0.0521,0.0518,0.0515,0.0512,0.0509,0.0507,0.0505,0.0502,0.05,0.0498,0.0496,0.0496,0.0495,0.0494,0.0494,0.0493,0.0492,0.0491,0.049,0.049,0.0489,0.0488,0.0487,0.0486,0.0485,0.0485,0.0484,0.0483,0.0482,0.0481,0.048,0.048,0.0479,0.0478,0.0477,0.0476,0.0475,0.0475,0.0474,0.0474,0.0474,0.0473,0.0473,0.0473,0.0472,0.0472,0.0472,0.0471,0.0471,0.0471,0.047,0.047,0.047,0.0469,0.0469,0.0469,0.0468,0.0468,0.0468,0.0467,0.0467,0.0467,0.0467,0.0468,0.0468,0.0468,0.0468,0.0468,0.0468,0.0468,0.0469,0.0469,0.0469,0.0469,0.0469,0.0469,0.0469,0.0471,0.0473,0.0474,0.0476,0.0478,0.0479,0.0481,0.0483,0.0484,0.0486,0.0488,0.049,0.0491,0.0493,0.0495,0.0496,0.0498,0.05,0.0502,0.0503,0.0505,0.0507,0.0509,0.0511,0.0513,0.0514,0.0516,0.0518,0.052,0.0522,0.0524,0.0526,0.0528,0.053,0.0532,0.0541,0.0548,0.0554,0.056,0.0566,0.0572,0.0579,0.0584,0.059,0.0596,0.0602,0.0608,0.0614,0.0621,0.0627,0.0634,0.0642,2.3769,2.3795,2.3822,2.3848,2.3874,2.3901,2.3927,2.3954,2.3981,2.4007,2.4034,2.4061,2.4087,2.4114,2.414,2.4167,2.4193,2.422,2.4246,2.4273,2.43,2.4326,2.4353,2.4381,2.4409,2.4437,2.4465,2.4493,2.4522,2.455,2.4578,2.4607,2.4635,2.4664,2.4693,2.4721,2.4751,2.4779,2.4808,2.4837,2.4866,2.4896,2.4925,2.4954,2.4983,2.5013,2.5042,2.5072,2.5102,2.5131,2.5161,2.5191,2.5221,2.5251,2.5281,2.5311,2.5342,2.5372,2.5402,2.5433,2.5463,2.5494,2.5524,2.5555,2.5586,2.5617,2.5648,1.5053,1.467,1.452,1.4376,1.4235,1.4008,1.3755,1.3512,1.3277,1.3049,1.2828,1.2615,1.2409,1.2209,1.2016,1.1829,1.1647,1.1471,1.1301,1.1135,1.0974,1.0818,1.0663,1.0512,1.0366,1.0223,1.0084,0.9949,0.9818,0.969,0.9565,0.9443,0.9325,0.9209,0.9097,0.8987,0.8879,0.8774,0.8672,0.8572,0.8474
2.0488,1.9976,1.9539,1.911,1.8699,1.8242,0.0583,0.0563,0.0549,0.0545,0.0544,0.0542,0.054,0.0539,0.0537,0.0534,0.0531,0.0528,0.0524,0.0521,0.0518,0.0515,0.0512,0.051,0.0507,0.0505,0.0503,0.0501,0.0498,0.0496,0.0496,0.0495,0.0494,0.0493,0.0493,0.0492,0.0491,0.049,0.0489,0.0489,0.0488,0.0487,0.0486,0.0485,0.0484,0.0484,0.0483,0.0482,0.0481,0.048,0.0479,0.0478,0.0478,0.0477,0.0476,0.0475,0.0474,0.0474,0.0473,0.0473,0.0472,0.0472,0.0472,0.0471,0.0471,0.0471,0.047,0.047,0.047,0.0469,0.0469,0.0469,0.0468,0.0468,0.0468,0.0467,0.0467,0.0467,0.0466,0.0466,0.0466,0.0467,0.0467,0.0467,0.0467,0.0467,0.0467,0.0467,0.0467,0.0468,0.0468,0.0468,0.0468,0.0468,0.0468,0.0468,0.0469,0.047,0.0472,0.0474,0.0475,0.0477,0.0479,0.048,0.0482,0.0484,0.0485,0.0487,0.0489,0.049,0.0492,0.0494,0.0496,0.0497,0.0499,0.0501,0.0503,0.0504,0.0506,0.0508,0.051,0.0512,0.0513,0.0515,0.0517,0.0519,0.0521,0.0523,0.0525,0.0527,0.0529,0.0531,0.0538,0.0544,0.055,0.0555,0.056,0.0565,0.0571,0.0576,0.0582,0.0588,0.0594,0.06,0.0606,0.0612,0.0618,0.0625,0.0632,0.0639,2.4042,2.4068,2.4095,2.4122,2.415,2.4176,2.4204,2.4231,2.4258,2.4285,2.4312,2.4339,2.4366,2.4393,2.442,2.4447,2.4474,2.4501,2.4528,2.4555,2.4583,2.4612,2.464,2.4669,2.4698,2.4726,2.4755,2.4784,2.4813,2.4842,2.4871,2.49,2.493,2.4959,2.4989,2.5018,2.5048,2.5077,2.5107,2.5137,2.5166,2.5196,2.5226,2.5256,2.5286,2.5316,2.5347,2.5377,2.5407,2.5438,2.5469,2.5499,2.553,2.556,2.5591,2.5622,2.5653,2.5684,2.5715,2.5746,2.5778,2.5809,2.584,2.5872,2.5903,2.5935,1.4689,1.4537,1.4392,1.4251,1.4073,1.3818,1.3573,1.3336,1.3106,1.2884,1.2669,1.2461,1.226,1.2065,1.1876,1.1693,1.1516,1.1344,1.1177,1.1015,1.0857,1.0703,1.0551,1.0403,1.026,1.012,0.9984,0.9852,0.9723,0.9597,0.9475,0.9356,0.9239,0.9126,0.9015,0.8907,0.8802,0.8698,0.8598,0.8499
2.0277,1.9789,1.9381,1.8959,1.853,1.8079,0.0592,0.057,0.0555,0.0546,0.0544,0.0542,0.0541,0.0539,0.0537,0.0535,0.0531,0.0528,0.0524,0.0521,0.0518,0.0516,0.0513,0.051,0.0508,0.0505,0.0503,0.0501,0.0499,0.0497,0.0495,0.0495,0.0494,0.0493,0.0492,0.0492,0.0491,0.049,0.0489,0.0488,0.0487,0.0487,0.0486,0.0485,0.0484,0.0483,0.0482,0.0482,0.0481,0.048,0.0479,0.0478,0.0477,0.0476,0.0476,0.0475,0.0474,0.0473,0.0473,0.0472,0.0471,0.0471,0.0471,0.047,0.047,0.047,0.0469,0.0469,0.0469,0.0468,0.0468,0.0468,0.0467,0.0467,0.0467,0.0466,0.0466,0.0466,0.0466,0.0465,0.0466,0.0466,0.0466,0.0466,0.0466,0.0466,0.0466,0.0466,0.0467,0.0467,0.0467,0.0467,0.0467,0.0467,0.0467,0.0467,0.0468,0.0468,0.047,0.0471,0.0473,0.0475,0.0476,0.0478,0.048,0.0481,0.0483,0.0485,0.0486,0.0488,0.049,0.0491,0.0493,0.0495,0.0496,0.0498,0.05,0.0502,0.0503,0.0505,0.0507,0.0509,0.0511,0.0513,0.0514,0.0516,0.0518,0.052,0.0522,0.0524,0.0526,0.0528,0.053,0.0533,0.0538,0.0543,0.0548,0.0553,0.0558,0.0563,0.0569,0.0574,0.058,0.0585,0.0591,0.0597,0.0603,0.0609,0.0616,0.0622,0.0629,0.0637,2.432,2.4348,2.4375,2.4403,2.4431,2.4459,2.4486,2.4514,2.4541,2.4569,2.4596,2.4623,2.4651,2.4678,2.4706,2.4734,2.4761,2.4789,2.4818,2.4847,2.4876,2.4906,2.4935,2.4964,2.4993,2.5023,2.5052,2.5082,2.5112,2.5142,2.5172,2.5201,2.5231,2.5261,2.5292,2.5322,2.5352,2.5382,2.5413,2.5443,2.5474,2.5504,2.5535,2.5566,2.5596,2.5627,2.5658,2.569,2.5721,2.5752,2.5783,2.5815,2.5846,2.5877,2.5909,2.5941,2.5972,2.6004,2.6036,2.6068,2.61,2.6132,2.6164,2.6197,1.4737,1.4553,1.4409,1.4267,1.4127,1.3882,1.3634,1.3395,1.3164,1.294,1.2723,1.2514,1.2311,1.2114,1.1924,1.174,1.1561,1.1387,1.1219,1.1056,1.0897,1.0743,1.059,1.0442,1.0297,1.0156,1.0019,0.9886,0.9756,0.963,0.9506,0.9386,0.9269,0.9155,0.9044,0.8935,0.8829,0.8725,0.8624,0.8525
2.0082,1.9662,1.9227,1.8811,1.8362,1.8047,0.0602,0.0576,0.0562,0.0548,0.0545,0.0543,0.0541,0.0539,0.0538,0.0535,0.0531,0.0528,0.0525,0.0522,0.0519,0.0516,0.0513,0.051,0.0508,0.0506,0.0504,0.0501,0.0499,0.0497,0.0495,0.0494,0.0494,0.0493,0.0492,0.0491,0.0491,0.049,0.0489,0.0488,0.0487,0.0486,0.0486,0.0485,0.0484,0.0483,0.0482,0.0481,0.0481,0.048,0.0479,0.0478,0.0477,0.0476,0.0475,0.0475,0.0474,0.0473,0.0472,0.0472,0.0471,0.047,0.047,0.0469,0.0469,0.0469,0.0468,0.0468,0.0468,0.0467,0.0467,0.0467,0.0467,0.0466,0.0466,0.0466,0.0465,0.0465,0.0465,0.0465,0.0465,0.0465,0.0465,0.0465,0.0465,0.0465,0.0465,0.0466,0.0466,0.0466,0.0466,0.0466,0.0466,0.0466,0.0466,0.0467,0.0467,0.0467,0.0467,0.0469,0.0471,0.0472,0.0474,0.0476,0.0477,0.0479,0.048,0.0482,0.0484,0.0485,0.0487,0.0489,0.049,0.0492,0.0494,0.0496,0.0497,0.0499,0.0501,0.0503,0.0504,0.0506,0.0508,0.051,0.0512,0.0513,0.0515,0.0517,0.0519,0.052,0.0522,0.0524,0.0526,0.0528,0.053,0.0532,0.0536,0.0541,0.0546,0.0551,0.0556,0.0561,0.0566,0.0572,0.0577,0.0583,0.0589,0.0595,0.0601,0.0607,0.0613,0.062,0.0627,0.0634,0.0642,2.4634,2.4662,2.469,2.4719,2.4747,2.4775,2.4802,2.483,2.4858,2.4886,2.4914,2.4943,2.4971,2.4999,2.5028,2.5058,2.5087,2.5117,2.5147,2.5177,2.5206,2.5236,2.5266,2.5296,2.5327,2.5357,2.5388,2.5418,2.5448,2.5479,2.551,2.554,2.5571,2.5602,2.5633,2.5664,2.5695,2.5726,2.5757,2.5788,2.582,2.5851,2.5883,2.5915,2.5946,2.5978,2.601,2.6042,2.6074,2.6106,2.6138,2.617,2.6202,2.6235,2.6267,2.63,2.6332,2.6365,2.6398,2.6431,2.6464,1.4964,1.457,1.4425,1.4283,1.4143,1.3946,1.3696,1.3455,1.3222,1.2997,1.2778,1.2567,1.2362,1.2164,1.1972,1.1786,1.1606,1.1431,1.1262,1.1097,1.0937,1.0782,1.063,1.048,1.0334,1.0192,1.0055,0.992,0.979,0.9662,0.9538,0.9417,0.93,0.9185,0.9072,0.8963,0.8856,0.8752,0.865,0.855
1.9891,1.9524,1.9075,1.8654,1.8254,1.8129,1.8095,0.0585,0.0568,0.0554,0.0545,0.0543,0.0542,0.054,0.0538,0.0535,0.0531,0.0528,0.0525,0.0522,0.0519,0.0516,0.0513,0.0511,0.0508,0.0506,0.0504,0.0502,0.05,0.0497,0.0495,0.0494,0.0494,0.0493,0.0492,0.0491,0.049,0.0489,0.0489,0.0488,0.0487,0.0486,0.0485,0.0484,0.0484,0.0483,0.0482,0.0481,0.048,0.0479,0.0478,0.0478,0.0477,0.0476,0.0475,0.0474,0.0474,0.0473,0.0472,0.0471,0.047,0.047,0.0469,0.0468,0.0468,0.0468,0.0467,0.0467,0.0467,0.0467,0.0466,0.0466,0.0466,0.0465,0.0465,0.0465,0.0464,0.0464,0.0464,0.0464,0.0464,0.0464,0.0464,0.0464,0.0464,0.0464,0.0465,0.0465,0.0465,0.0465,0.0465,0.0465,0.0465,0.0465,0.0466,0.0466,0.0466,0.0466,0.0466,0.0467,0.0468,0.047,0.0472,0.0473,0.0475,0.0476,0.0478,0.048,0.0481,0.0483,0.0485,0.0486,0.0488,0.049,0.0491,0.0493,0.0495,0.0496,0.0498,0.05,0.0501,0.0503,0.0505,0.0506,0.0508,0.051,0.0511,0.0513,0.0515,0.0517,0.0518,0.052,0.0522,0.0524,0.0526,0.0528,0.053,0.0533,0.0535,0.0539,0.0544,0.0549,0.0554,0.0559,0.0564,0.0569,0.0575,0.0581,0.0586,0.0592,0.0598,0.0604,0.061,0.0617,0.0624,0.0632,0.0639,2.4927,2.4956,2.4984,2.5012,2.5041,2.5069,2.5098,2.5126,2.5155,2.5184,2.5212,2.5242,2.5272,2.5302,2.5332,2.5362,2.5393,2.5423,2.5453,2.5484,2.5515,2.5545,2.5576,2.5607,2.5638,2.5669,2.57,2.5731,2.5763,2.5794,2.5825,2.5857,2.5888,2.592,2.5951,2.5983,2.6015,2.6047,2.6079,2.6111,2.6144,2.6176,2.6208,2.624,2.6273,2.6306,2.6338,2.6371,2.6404,2.6436,2.6469,2.6502,2.6536,2.6569,2.6602,2.6635,2.6669,2.6703,2.6736,2.677,1.4587,1.4441,1.4299,1.4159,1.4011,1.3758,1.3515,1.328,1.3053,1.2834,1.262,1.2414,1.2214,1.2021,1.1833,1.1652,1.1476,1.1305,1.1139,1.0978,1.0821,1.0669,1.0519,1.0372,1.0229,1.009,0.9955,0.9823,0.9695,0.957,0.9449,0.933,0.9214,0.9101,0.8991,0.8884,0.8779,0.8676,0.8576
1.9768,1.9363,1.8925,1.8484,1.8333,1.8204,1.8148,0.0594,0.0574,0.056,0.0546,0.0544,0.0542,0.054,0.0538,0.0535,0.0531,0.0528,0.0525,0.0522,0.0519,0.0516,0.0514,0.0511,0.0509,0.0507,0.0504,0.0502,0.05,0.0498,0.0496,0.0494,0.0493,0.0493,0.0492,0.0491,0.049,0.0489,0.0488,0.0488,0.0487,0.0486,0.0485,0.0484,0.0483,0.0483,0.0482,0.0481,0.048,0.0479,0.0478,0.0477,0.0476,0.0476,0.0475,0.0474,0.0473,0.0472,0.0472,0.0471,0.047,0.0469,0.0469,0.0468,0.0467,0.0467,0.0467,0.0466,0.0466,0.0466,0.0465,0.0465,0.0465,0.0464,0.0464,0.0464,0.0463,0.0463,0.0463,0.0463,0.0463,0.0463,0.0463,0.0463,0.0463,0.0464,0.0464,0.0464,0.0464,0.0464,0.0464,0.0464,0.0464,0.0465,0.0465,0.0465,0.0465,0.0465,0.0465,0.0465,0.0466,0.0468,0.0469,0.0471,0.0473,0.0474,0.0476,0.0477,0.0479,0.048,0.0482,0.0483,0.0485,0.0487,0.0488,0.049,0.0491,0.0493,0.0494,0.0496,0.0498,0.0499,0.0501,0.0503,0.0504,0.0506,0.0508,0.0509,0.0511,0.0513,0.0515,0.0516,0.0518,0.052,0.0522,0.0524,0.0526,0.0528,0.0531,0.0533,0.0535,0.0538,0.0541,0.0546,0.0552,0.0557,0.0562,0.0567,0.0573,0.0578,0.0584,0.059,0.0596,0.0602,0.0608,0.0615,0.0622,0.0629,0.0636,2.5226,2.5255,2.5284,2.5313,2.5342,2.5371,2.54,2.543,2.5458,2.5489,2.552,2.5551,2.5582,2.5612,2.5643,2.5674,2.5705,2.5737,2.5768,2.5799,2.5831,2.5862,2.5894,2.5925,2.5957,2.5989,2.6021,2.6053,2.6085,2.6117,2.6149,2.6181,2.6213,2.6246,2.6278,2.6311,2.6344,2.6377,2.6409,2.6442,2.6475,2.6508,2.6541,2.6575,2.6608,2.6641,2.6675,2.6708,2.6742,2.6776,2.681,2.6843,2.6878,2.6912,2.6946,2.698,2.7015,2.7049,1.4759,1.4458,1.4315,1.4175,1.4038,1.3821,1.3576,1.3339,1.311,1.2889,1.2674,1.2466,1.2265,1.207,1.1881,1.1698,1.152,1.1348,1.1181,1.1019,1.0861,1.0708,1.0558,1.041,1.0266,1.0126,0.999,0.9857,0.9728,0.9603,0.948,0.9361,0.9244,0.9131,0.902,0.8912,0.8806,0.8703,0.8602
1.9642,1.9204,1.8777,1.8433,1.8433,1.8395,1.8331,0.0604,0.0581,0.0566,0.0552,0.0544,0.0542,0.0541,0.0538,0.0535,0.0531,0.0528,0.0525,0.0523,0.052,0.0517,0.0514,0.0512,0.0509,0.0507,0.0505,0.0502,0.05,0.0498,0.0496,0.0494,0.0493,0.0492,0.0492,0.0491,0.049,0.0489,0.0488,0.0487,0.0486,0.0486,0.0485,0.0484,0.0483,0.0482,0.0481,0.0481,0.048,0.0479,0.0478,0.0477,0.0476,0.0475,0.0475,0.0474,0.0473,0.0472,0.0471,0.0471,0.047,0.0469,0.0468,0.0468,0.0467,0.0466,0.0466,0.0465,0.0465,0.0465,0.0464,0.0464,0.0464,0.0463,0.0463,0.0463,0.0462,0.0462,0.0462,0.0462,0.0462,0.0462,0.0462,0.0462,0.0463,0.0463,0.0463,0.0463,0.0463,0.0463,0.0463,0.0463,0.0464,0.0464,0.0464,0.0464,0.0464,0.0464,0.0464,0.0464,0.0465,0.0465,0.0467,0.0468,0.047,0.0471,0.0473,0.0474,0.0476,0.0477,0.0479,0.048,0.0482,0.0483,0.0485,0.0486,0.0488,0.049,0.0491,0.0493,0.0494,0.0496,0.0498,0.0499,0.0501,0.0502,0.0504,0.0506,0.0508,0.0509,0.0511,0.0513,0.0514,0.0516,0.0518,0.052,0.0522,0.0524,0.0527,0.0529,0.0531,0.0533,0.0536,0.0538,0.054,0.0544,0.0549,0.0555,0.056,0.0565,0.057,0.0576,0.0582,0.0587,0.0593,0.0599,0.0606,0.0613,0.062,0.0627,0.0634,0.0641,2.5561,2.5591,2.5621,2.565,2.568,2.5711,2.5742,2.5773,2.5805,2.5836,2.5867,2.5899,2.5931,2.5962,2.5995,2.6026,2.6058,2.609,2.6122,2.6155,2.6187,2.6219,2.6252,2.6284,2.6317,2.6349,2.6382,2.6415,2.6448,2.6481,2.6514,2.6547,2.6581,2.6614,2.6647,2.6681,2.6714,2.6748,2.6782,2.6815,2.6849,2.6883,2.6917,2.6952,2.6986,2.702,2.7055,2.7089,2.7124,2.7159,2.7194,2.7228,2.7263,2.7298,2.7334,2.7369,1.4474,1.4331,1.4191,1.4053,1.3885,1.3637,1.3398,1.3167,1.2944,1.2728,1.2519,1.2315,1.2119,1.1929,1.1744,1.1565,1.1392,1.1223,1.106,1.0901,1.0747,1.0597,1.0448,1.0303,1.0162,1.0025,0.9892,0.9762,0.9635,0.9512,0.9391,0.9274,0.916,0.9048,0.8939,0.8833,0.8729,0.8628
1.9518,1.9048,1.8626,1.8467,1.8469,1.8493,1.8516,1.8502,0.0588,0.0572,0.0558,0.0544,0.0543,0.0541,0.0538,0.0535,0.0532,0.0529,0.0526,0.0523,0.052,0.0517,0.0514,0.0512,0.051,0.0507,0.0505,0.0503,0.0501,0.0498,0.0496,0.0494,0.0493,0.0492,0.0491,0.049,0.049,0.0489,0.0488,0.0487,0.0486,0.0485,0.0485,0.0484,0.0483,0.0482,0.0481,0.048,0.0479,0.0479,0.0478,0.0477,0.0476,0.0475,0.0474,0.0473,0.0473,0.0472,0.0471,0.047,0.047,0.0469,0.0468,0.0467,0.0467,0.0466,0.0465,0.0464,0.0464,0.0464,0.0463,0.0463,0.0463,0.0462,0.0462,0.0462,0.0461,0.0461,0.0461,0.0461,0.0461,0.0461,0.0461,0.0462,0.0462,0.0462,0.0462,0.0462,0.0462,0.0462,0.0462,0.0463,0.0463,0.0463,0.0463,0.0463,0.0463,0.0463,0.0463,0.0464,0.0464,0.0464,0.0464,0.0465,0.0467,0.0468,0.047,0.0471,0.0473,0.0474,0.0476,0.0477,0.0479,0.048,0.0482,0.0483,0.0485,0.0486,0.0488,0.0489,0.0491,0.0493,0.0494,0.0496,0.0497,0.0499,0.0501,0.0502,0.0504,0.0506,0.0507,0.0509,0.0511,0.0512,0.0514,0.0516,0.0518,0.052,0.0522,0.0525,0.0527,0.0529,0.0531,0.0534,0.0536,0.0538,0.0541,0.0543,0.0547,0.0552,0.0558,0.0563,0.0568,0.0574,0.0579,0.0585,0.0591,0.0597,0.0604,0.061,0.0617,0.0624,0.0631,0.0639,2.5875,2.5905,2.5936,2.5968,2.6,2.6032,2.6064,2.6096,2.6128,2.616,2.6192,2.6225,2.6257,2.629,2.6322,2.6355,2.6388,2.6421,2.6454,2.6487,2.652,2.6553,2.6586,2.6619,2.6653,2.6686,2.672,2.6753,2.6787,2.6821,2.6855,2.6889,2.6924,2.6958,2.6992,2.7026,2.7061,2.7095,2.713,2.7165,2.7199,2.7234,2.7269,2.7304,2.7339,2.7375,2.741,2.7446,2.7481,2.7517,2.7553,2.7588,2.7624,2.766,1.4535,1.4347,1.4207,1.4069,1.3933,1.3699,1.3458,1.3225,1.2999,1.2782,1.2572,1.2367,1.2169,1.1977,1.1791,1.161,1.1436,1.1266,1.1101,1.0941,1.0786,1.0635,1.0486,1.034,1.0198,1.006,0.9926,0.9795,0.9668,0.9544,0.9422,0.9304,0.9189,0.9077,0.8968,0.8861,0.8756,0.8654
1.9357,1.8895,1.8611,1.8526,1.8557,1.8583,1.8609,1.864,0.0596,0.0579,0.0564,0.055,0.0543,0.0541,0.0538,0.0535,0.0532,0.0529,0.0526,0.0523,0.052,0.0517,0.0515,0.0512,0.051,0.0508,0.0505,0.0503,0.0501,0.0499,0.0497,0.0495,0.0493,0.0492,0.0491,0.049,0.0489,0.0488,0.0488,0.0487,0.0486,0.0485,0.0484,0.0483,0.0483,0.0482,0.0481,0.048,0.0479,0.0478,0.0477,0.0476,0.0476,0.0475,0.0474,0.0473,0.0472,0.0472,0.0471,0.047,0.0469,0.0469,0.0468,0.0467,0.0466,0.0466,0.0465,0.0464,0.0463,0.0463,0.0462,0.0462,0.0462,0.0461,0.0461,0.0461,0.046,0.046,0.046,0.046,0.046,0.046,0.0461,0.0461,0.0461,0.0461,0.0461,0.0461,0.0461,0.0461,0.0462,0.0462,0.0462,0.0462,0.0462,0.0462,0.0462,0.0462,0.0462,0.0463,0.0463,0.0462,0.0463,0.0464,0.0464,0.0465,0.0467,0.0468,0.0469,0.0471,0.0472,0.0474,0.0475,0.0477,0.0478,0.048,0.0481,0.0483,0.0484,0.0486,0.0488,0.0489,0.0491,0.0492,0.0494,0.0496,0.0497,0.0499,0.05,0.0502,0.0504,0.0505,0.0507,0.0509,0.0511,0.0512,0.0514,0.0516,0.0518,0.0521,0.0523,0.0525,0.0527,0.053,0.0532,0.0534,0.0536,0.0539,0.0541,0.0544,0.0546,0.055,0.0555,0.0561,0.0566,0.0571,0.0577,0.0583,0.0588,0.0595,0.0601,0.0608,0.0615,0.0622,0.0629,0.0636,2.6198,2.623,2.6263,2.6295,2.6328,2.636,2.6393,2.6426,2.6459,2.6492,2.6526,2.6559,2.6592,2.6625,2.6659,2.6692,2.6726,2.6759,2.6793,2.6827,2.6861,2.6895,2.6929,2.6963,2.6998,2.7032,2.7067,2.7101,2.7136,2.7171,2.7206,2.724,2.7275,2.731,2.7346,2.7381,2.7416,2.7452,2.7487,2.7523,2.7559,2.7594,2.7631,2.7667,2.7703,2.7739,2.7775,2.7812,2.7848,2.7883,2.7919,2.7954,1.477,1.4363,1.4222,1.4084,1.3949,1.3761,1.3518,1.3283,1.3056,1.2836,1.2624,1.2419,1.2219,1.2025,1.1838,1.1656,1.148,1.1309,1.1143,1.0982,1.0825,1.0673,1.0525,1.0378,1.0235,1.0096,0.9961,0.9829,0.9701,0.9576,0.9454,0.9335,0.9219,0.9106,0.8996,0.8888,0.8783,0.8681
1.9199,1.8878,1.8667,1.8649,1.863,1.8652,1.8687,1.8742,0.0606,0.0586,0.0571,0.0556,0.0544,0.0542,0.0539,0.0535,0.0532,0.0529,0.0526,0.0523,0.0521,0.0518,0.0515,0.0513,0.051,0.0508,0.0506,0.0504,0.0501,0.0499,0.0497,0.0495,0.0493,0.0492,0.0491,0.049,0.0489,0.0488,0.0487,0.0487,0.0486,0.0485,0.0484,0.0483,0.0482,0.0482,0.0481,0.048,0.0479,0.0478,0.0477,0.0476,0.0475,0.0474,0.0474,0.0473,0.0472,0.0471,0.0471,0.047,0.0469,0.0468,0.0468,0.0467,0.0466,0.0465,0.0464,0.0464,0.0463,0.0462,0.0462,0.0461,0.0461,0.046,0.046,0.046,0.0459,0.0459,0.0459,0.0459,0.0459,0.046,0.046,0.046,0.046,0.046,0.046,0.046,0.046,0.0461,0.0461,0.0461,0.0461,0.0461,0.0461,0.0461,0.0461,0.0461,0.0462,0.0462,0.0462,0.0461,0.0461,0.0462,0.0463,0.0463,0.0464,0.0465,0.0466,0.0468,0.0469,0.0471,0.0472,0.0474,0.0475,0.0477,0.0478,0.048,0.0481,0.0483,0.0484,0.0486,0.0487,0.0489,0.0491,0.0492,0.0494,0.0495,0.0497,0.0499,0.05,0.0502,0.0504,0.0505,0.0507,0.0509,0.051,0.0512,0.0515,0.0517,0.0519,0.0521,0.0523,0.0525,0.0528,0.053,0.0532,0.0535,0.0537,0.0539,0.0542,0.0544,0.0546,0.0549,0.0553,0.0558,0.0564,0.0569,0.0575,0.058,0.0586,0.0593,0.0599,0.0606,0.0612,0.0619,0.0627,0.0634,0.0643,2.6564,2.6597,2.6631,2.6665,2.6698,2.6732,2.6765,2.6799,2.6833,2.6867,2.6901,2.6935,2.6969,2.7004,2.7038,2.7073,2.7107,2.7142,2.7176,2.7211,2.7246,2.7282,2.7317,2.7352,2.7387,2.7423,2.7458,2.7494,2.7529,2.7565,2.7601,2.7637,2.7673,2.7709,2.7745,2.7781,2.7818,2.7855,2.7891,2.7928,2.7965,2.8002,2.8038,2.8074,2.8109,2.8146,2.8183,2.8219,2.8256,2.8293,1.438,1.4238,1.41,1.3964,1.3824,1.3579,1.3341,1.3112,1.2891,1.2677,1.247,1.2269,1.2074,1.1885,1.1702,1.1524,1.1352,1.1185,1.1022,1.0865,1.0711,1.0562,1.0416,1.0272,1.0132,0.9996,0.9863,0.9734,0.9608,0.9485,0.9366,0.9249,0.9135,0.9024,0.8916,0.881,0.8707
1.9044,1.8992,1.889,1.8756,1.8755,1.8736,1.8759,1.882,1.8876,0.0593,0.0577,0.0562,0.0549,0.0542,0.0539,0.0536,0.0533,0.053,0.0527,0.0524,0.0521,0.0518,0.0515,0.0513,0.0511,0.0509,0.0506,0.0504,0.0502,0.05,0.0497,0.0495,0.0493,0.0491,0.0491,0.049,0.0489,0.0488,0.0487,0.0486,0.0485,0.0485,0.0484,0.0483,0.0482,0.0481,0.048,0.048,0.0479,0.0478,0.0477,0.0476,0.0475,0.0474,0.0473,0.0473,0.0472,0.0471,0.047,0.047,0.0469,0.0468,0.0467,0.0466,0.0466,0.0465,0.0464,0.0463,0.0463,0.0462,0.0461,0.0461,0.046,0.0459,0.0459,0.0459,0.0459,0.0458,0.0458,0.0458,0.0459,0.0459,0.0459,0.0459,0.0459,0.0459,0.0459,0.0459,0.046,0.046,0.046,0.046,0.046,0.046,0.046,0.046,0.046,0.0461,0.0461,0.0461,0.0461,0.046,0.046,0.0461,0.0461,0.0462,0.0463,0.0463,0.0464,0.0465,0.0466,0.0468,0.0469,0.0471,0.0472,0.0474,0.0475,0.0476,0.0478,0.0479,0.0481,0.0483,0.0484,0.0486,0.0487,0.0489,0.049,0.0492,0.0494,0.0495,0.0497,0.0498,0.05,0.0502,0.0503,0.0505,0.0507,0.0509,0.0511,0.0513,0.0515,0.0517,0.0519,0.0521,0.0524,0.0526,0.0528,0.053,0.0533,0.0535,0.0537,0.054,0.0542,0.0544,0.0547,0.0549,0.0552,0.0556,0.0562,0.0567,0.0572,0.0578,0.0584,0.059,0.0597,0.0603,0.061,0.0617,0.0628,0.064,0.0641,0.0642,2.6941,2.6975,2.701,2.7044,2.7079,2.7113,2.7148,2.7183,2.7217,2.7252,2.7287,2.7323,2.7358,2.7393,2.7428,2.7464,2.7499,2.7536,2.7571,2.7607,2.7643,2.7679,2.7715,2.7751,2.7788,2.7824,2.7861,2.7897,2.7934,2.7971,2.8008,2.8045,2.8082,2.8119,2.8157,2.8194,2.823,2.8267,2.8303,2.834,2.8377,2.8415,2.8452,2.8489,2.8527,2.8564,2.8602,1.4546,1.4254,1.4115,1.3979,1.3846,1.364,1.3401,1.317,1.2946,1.2731,1.2522,1.232,1.2124,1.1933,1.1748,1.1569,1.1396,1.1227,1.1064,1.0905,1.075,1.06,1.0454,1.0309,1.0168,1.0031,0.9897,0.9767,0.964,0.9517,0.9397,0.9279,0.9165,0.9053,0.8944,0.8838,0.8734
1.9160,1.9066,1.907,1.9059,1.9045,1.9043,1.9016,1.9078,1.8988,0.06,0.0584,0.0569,0.0555,0.0542,0.0539,0.0536,0.0533,0.053,0.0527,0.0524,0.0521,0.0518,0.0516,0.0513,0.0511,0.0509,0.0507,0.0504,0.0502,0.05,0.0498,0.0495,0.0493,0.0491,0.049,0.0489,0.0489,0.0488,0.0487,0.0486,0.0485,0.0484,0.0484,0.0483,0.0482,0.0481,0.048,0.0479,0.0478,0.0477,0.0477,0.0476,0.0475,0.0474,0.0473,0.0472,0.0472,0.0471,0.047,0.0469,0.0468,0.0468,0.0467,0.0466,0.0465,0.0465,0.0464,0.0463,0.0462,0.0462,0.0461,0.046,0.0459,0.0459,0.0458,0.0458,0.0458,0.0457,0.0457,0.0458,0.0458,0.0458,0.0458,0.0458,0.0458,0.0458,0.0458,0.0459,0.0459,0.0459,0.0459,0.0459,0.0459,0.0459,0.0459,0.0459,0.046,0.046,0.046,0.046,0.046,0.0459,0.0459,0.0459,0.046,0.0461,0.0461,0.0462,0.0463,0.0463,0.0464,0.0465,0.0466,0.0467,0.0469,0.047,0.0472,0.0473,0.0475,0.0476,0.0478,0.0479,0.0481,0.0482,0.0484,0.0485,0.0487,0.0489,0.049,0.0492,0.0493,0.0495,0.0497,0.0498,0.05,0.0501,0.0503,0.0505,0.0507,0.0509,0.0511,0.0513,0.0515,0.0517,0.052,0.0522,0.0524,0.0526,0.0528,0.0531,0.0533,0.0535,0.0538,0.054,0.0542,0.0545,0.0547,0.055,0.0552,0.0555,0.0559,0.0565,0.057,0.0576,0.0582,0.0588,0.0595,0.0602,0.0612,0.0623,0.0635,0.0639,0.064,0.0641,0.0642,2.7329,2.7364,2.7399,2.7435,2.747,2.7506,2.7541,2.7577,2.7613,2.7649,2.7685,2.7721,2.7757,2.7794,2.7831,2.7867,2.7904,2.794,2.7977,2.8014,2.8051,2.8088,2.8125,2.8163,2.82,2.8238,2.8275,2.8313,2.8351,2.8389,2.8425,2.8462,2.85,2.8537,2.8575,2.8612,2.865,2.8688,2.8726,2.8764,2.8802,2.884,2.8878,2.8917,2.8899,1.427,1.4131,1.3995,1.3861,1.3702,1.346,1.3227,1.3002,1.2785,1.2574,1.2371,1.2173,1.1981,1.1795,1.1615,1.144,1.127,1.1105,1.0945,1.0789,1.0638,1.0491,1.0346,1.0204,1.0066,0.9932,0.9801,0.9673,0.9549,0.9428,0.9309,0.9194,0.9082,0.8972,0.8865,0.8761
1.9209,1.9171,1.9175,1.9175,1.9198,1.921,1.9213,1.9217,1.922,0.0608,0.0591,0.0575,0.0561,0.0547,0.054,0.0536,0.0533,0.053,0.0527,0.0524,0.0521,0.0519,0.0516,0.0514,0.0512,0.0509,0.0507,0.0505,0.0503,0.05,0.0498,0.0495,0.0493,0.0491,0.049,0.0489,0.0488,0.0488,0.0487,0.0486,0.0485,0.0484,0.0483,0.0482,0.0482,0.0481,0.048,0.0479,0.0478,0.0477,0.0476,0.0475,0.0475,0.0474,0.0473,0.0472,0.0471,0.047,0.047,0.0469,0.0468,0.0467,0.0467,0.0466,0.0465,0.0464,0.0464,0.0463,0.0462,0.0461,0.0461,0.046,0.0459,0.0458,0.0458,0.0457,0.0457,0.0456,0.0457,0.0457,0.0457,0.0457,0.0457,0.0457,0.0457,0.0457,0.0457,0.0458,0.0458,0.0458,0.0458,0.0458,0.0458,0.0458,0.0458,0.0458,0.0459,0.0459,0.0459,0.0459,0.0459,0.0458,0.0458,0.0458,0.0459,0.0459,0.046,0.0461,0.0461,0.0462,0.0462,0.0463,0.0464,0.0464,0.0466,0.0467,0.0469,0.047,0.0472,0.0473,0.0475,0.0476,0.0478,0.0479,0.0481,0.0482,0.0484,0.0485,0.0487,0.0488,0.049,0.0492,0.0493,0.0495,0.0496,0.0498,0.05,0.0501,0.0503,0.0505,0.0507,0.0509,0.0511,0.0513,0.0516,0.0518,0.052,0.0522,0.0524,0.0527,0.0529,0.0531,0.0533,0.0536,0.0538,0.054,0.0543,0.0545,0.0548,0.055,0.0552,0.0555,0.0557,0.0562,0.0568,0.0574,0.058,0.0587,0.0598,0.0608,0.0619,0.063,0.0637,0.0638,0.0639,0.064,0.064,0.0641,2.7728,2.7764,2.78,2.7837,2.7873,2.791,2.7946,2.7983,2.802,2.8058,2.8095,2.8132,2.8169,2.8207,2.8244,2.8282,2.832,2.8357,2.8395,2.8433,2.8471,2.851,2.8548,2.8586,2.8624,2.8661,2.8699,2.8737,2.8775,2.8813,2.8851,2.889,2.8929,2.8967,2.9006,2.9045,2.9083,2.9122,2.9161,2.92,2.9239,2.9179,1.4329,1.4147,1.401,1.3876,1.3744,1.3521,1.3285,1.3058,1.2839,1.2627,1.2421,1.2223,1.203,1.1842,1.166,1.1484,1.1313,1.1147,1.0985,1.0829,1.0676,1.0528,1.0384,1.0241,1.0102,0.9966,0.9834,0.9706,0.9581,0.9459,0.934,0.9224,0.9111,0.9001,0.8893,0.8788
1.9356,1.9262,1.9264,1.9292,1.934,1.9366,1.9374,1.9377,1.9384,1.9391,0.0598,0.0582,0.0567,0.0553,0.054,0.0537,0.0534,0.0531,0.0528,0.0525,0.0522,0.0519,0.0517,0.0514,0.0512,0.051,0.0507,0.0505,0.0503,0.05,0.0498,0.0495,0.0493,0.0491,0.049,0.0489,0.0488,0.0487,0.0486,0.0486,0.0485,0.0484,0.0483,0.0482,0.0481,0.0481,0.048,0.0479,0.0478,0.0477,0.0476,0.0475,0.0474,0.0473,0.0473,0.0472,0.0471,0.047,0.0469,0.0469,0.0468,0.0467,0.0466,0.0466,0.0465,0.0464,0.0463,0.0463,0.0462,0.0461,0.046,0.046,0.0459,0.0458,0.0457,0.0457,0.0456,0.0456,0.0456,0.0456,0.0456,0.0456,0.0456,0.0456,0.0456,0.0456,0.0457,0.0457,0.0457,0.0457,0.0457,0.0457,0.0457,0.0457,0.0457,0.0458,0.0458,0.0458,0.0458,0.0458,0.0458,0.0457,0.0457,0.0457,0.0457,0.0458,0.0458,0.0459,0.046,0.046,0.0461,0.0462,0.0462,0.0463,0.0464,0.0464,0.0466,0.0467,0.0469,0.047,0.0471,0.0473,0.0474,0.0476,0.0477,0.0479,0.048,0.0482,0.0484,0.0485,0.0487,0.0488,0.049,0.0491,0.0493,0.0495,0.0496,0.0498,0.0499,0.0501,0.0503,0.0505,0.0507,0.051,0.0512,0.0514,0.0516,0.0518,0.052,0.0522,0.0525,0.0527,0.0529,0.0531,0.0534,0.0536,0.0538,0.0541,0.0543,0.0546,0.0548,0.055,0.0553,0.0555,0.0558,0.056,0.0566,0.0574,0.0583,0.0593,0.0604,0.0614,0.0625,0.0634,0.0635,0.0636,0.0637,0.0638,0.0639,0.064,0.0641,2.8138,2.8176,2.8213,2.825,2.8289,2.8326,2.8364,2.8402,2.844,2.8478,2.8516,2.8555,2.8593,2.8632,2.867,2.8709,2.8748,2.8786,2.8824,2.8862,2.8901,2.8939,2.8978,2.9017,2.9056,2.9095,2.9134,2.9173,2.9213,2.9252,2.9291,2.9331,2.937,2.9409,2.9449,2.9488,2.9528,2.9568,2.9465,1.4557,1.4163,1.4026,1.3891,1.3759,1.3581,1.3344,1.3115,1.2894,1.268,1.2473,1.2272,1.2078,1.189,1.1706,1.1529,1.1356,1.1189,1.1026,1.0868,1.0715,1.0566,1.0421,1.0278,1.0138,1.0001,0.9868,0.9739,0.9613,0.949,0.9371,0.9254,0.914,0.9029,0.8921,0.8815
1.9546,1.9454,1.9364,1.9396,1.9429,1.9478,1.9535,1.9544,1.9552,1.9559,0.0605,0.0589,0.0573,0.0559,0.0542,0.0537,0.0534,0.0531,0.0528,0.0525,0.0522,0.0519,0.0517,0.0515,0.0512,0.051,0.0508,0.0506,0.0503,0.0501,0.0498,0.0496,0.0493,0.0491,0.049,0.0489,0.0488,0.0487,0.0486,0.0485,0.0484,0.0484,0.0483,0.0482,0.0481,0.048,0.0479,0.0478,0.0478,0.0477,0.0476,0.0475,0.0474,0.0473,0.0472,0.0471,0.0471,0.047,0.0469,0.0468,0.0468,0.0467,0.0466,0.0465,0.0465,0.0464,0.0463,0.0462,0.0462,0.0461,0.046,0.0459,0.0459,0.0458,0.0457,0.0456,0.0456,0.0455,0.0455,0.0455,0.0455,0.0455,0.0455,0.0455,0.0455,0.0456,0.0456,0.0456,0.0456,0.0456,0.0456,0.0456,0.0456,0.0456,0.0457,0.0457,0.0457,0.0457,0.0457,0.0457,0.0457,0.0457,0.0456,0.0456,0.0456,0.0456,0.0457,0.0458,0.0458,0.0459,0.046,0.046,0.0461,0.0462,0.0462,0.0463,0.0464,0.0464,0.0466,0.0467,0.0468,0.047,0.0471,0.0473,0.0474,0.0476,0.0477,0.0479,0.048,0.0482,0.0483,0.0485,0.0486,0.0488,0.049,0.0491,0.0493,0.0494,0.0496,0.0498,0.05,0.0502,0.0504,0.0506,0.0508,0.051,0.0512,0.0514,0.0516,0.0518,0.0521,0.0523,0.0525,0.0527,0.053,0.0532,0.0534,0.0536,0.0539,0.0541,0.0544,0.0546,0.0548,0.0551,0.0553,0.0556,0.0558,0.0561,0.057,0.0579,0.0589,0.0599,0.061,0.0621,0.0632,0.0633,0.0634,0.0635,0.0636,0.0637,0.0638,0.0639,0.0639,0.064,2.8562,2.86,2.8639,2.8677,2.8716,2.8755,2.8794,2.8833,2.8872,2.8912,2.8951,2.8989,2.9028,2.9066,2.9106,2.9145,2.9184,2.9223,2.9263,2.9302,2.9342,2.9382,2.9422,2.9462,2.9502,2.9542,2.9582,2.9622,2.9662,2.9702,2.9742,2.9783,2.9824,2.9864,2.9905,2.9756,2.9565,1.4178,1.4041,1.3906,1.3774,1.3643,1.3403,1.3172,1.2949,1.2733,1.2524,1.2322,1.2127,1.1937,1.1753,1.1574,1.14,1.1231,1.1067,1.0908,1.0754,1.0604,1.0458,1.0315,1.0174,1.0036,0.9903,0.9772,0.9646,0.9522,0.9402,0.9284,0.917,0.9058,0.8949,0.8842
1.9666,1.9683,1.9698,1.9678,1.9646,1.9567,1.9663,1.9728,1.9731,1.9734,0.0612,0.0596,0.058,0.0565,0.0547,0.0537,0.0534,0.0531,0.0528,0.0525,0.0522,0.052,0.0517,0.0515,0.0513,0.051,0.0508,0.0506,0.0503,0.0501,0.0498,0.0496,0.0494,0.0491,0.0489,0.0488,0.0488,0.0487,0.0486,0.0485,0.0484,0.0483,0.0483,0.0482,0.0481,0.048,0.0479,0.0478,0.0477,0.0476,0.0476,0.0475,0.0474,0.0473,0.0472,0.0471,0.047,0.047,0.0469,0.0468,0.0467,0.0467,0.0466,0.0465,0.0464,0.0464,0.0463,0.0462,0.0461,0.0461,0.046,0.0459,0.0458,0.0458,0.0457,0.0456,0.0455,0.0454,0.0454,0.0454,0.0454,0.0454,0.0454,0.0454,0.0455,0.0455,0.0455,0.0455,0.0455,0.0455,0.0455,0.0455,0.0455,0.0456,0.0456,0.0456,0.0456,0.0456,0.0456,0.0456,0.0456,0.0456,0.0455,0.0455,0.0455,0.0455,0.0456,0.0456,0.0457,0.0458,0.0458,0.0459,0.046,0.046,0.0461,0.0462,0.0462,0.0463,0.0464,0.0464,0.0465,0.0467,0.0468,0.047,0.0471,0.0473,0.0474,0.0476,0.0477,0.0479,0.048,0.0482,0.0483,0.0485,0.0486,0.0488,0.0489,0.0491,0.0493,0.0494,0.0496,0.0498,0.05,0.0502,0.0504,0.0506,0.0508,0.051,0.0512,0.0514,0.0517,0.0519,0.0521,0.0523,0.0525,0.0528,0.053,0.0532,0.0535,0.0537,0.0539,0.0542,0.0544,0.0546,0.0549,0.0551,0.0553,0.0555,0.056,0.0566,0.0575,0.0585,0.0595,0.0605,0.0616,0.0627,0.0631,0.0631,0.0632,0.0633,0.0634,0.0635,0.0636,0.0637,0.0638,0.0639,0.064,2.8998,2.9037,2.9077,2.9117,2.9156,2.9195,2.9234,2.9274,2.9313,2.9353,2.9393,2.9433,2.9473,2.9513,2.9553,2.9593,2.9634,2.9675,2.9716,2.9756,2.9797,2.9838,2.9878,2.9919,2.996,3.0001,3.0042,3.0084,3.0125,3.0166,3.0208,3.0219,3.0053,2.9788,1.4339,1.4057,1.3922,1.3789,1.3659,1.3463,1.323,1.3005,1.2787,1.2577,1.2373,1.2176,1.1985,1.18,1.1619,1.1444,1.1274,1.1109,1.0949,1.0793,1.0642,1.0495,1.0352,1.021,1.0072,0.9937,0.9806,0.9678,0.9554,0.9433,0.9314,0.9199,0.9087,0.8977,0.887
1.9813,1.9831,1.9856,1.9882,1.9899,1.9886,1.9875,1.9913,1.9921,1.9925,0.062,0.0603,0.0587,0.0571,0.0551,0.0539,0.0535,0.0532,0.0529,0.0526,0.0523,0.052,0.0518,0.0515,0.0513,0.0511,0.0508,0.0506,0.0503,0.0501,0.0498,0.0496,0.0494,0.0492,0.0489,0.0488,0.0487,0.0487,0.0486,0.0485,0.0484,0.0483,0.0482,0.0482,0.0481,0.048,0.0479,0.0478,0.0477,0.0476,0.0475,0.0474,0.0473,0.0473,0.0472,0.0471,0.047,0.0469,0.0469,0.0468,0.0467,0.0466,0.0466,0.0465,0.0464,0.0463,0.0463,0.0462,0.0461,0.046,0.046,0.0459,0.0458,0.0457,0.0456,0.0455,0.0455,0.0454,0.0453,0.0453,0.0453,0.0453,0.0453,0.0454,0.0454,0.0454,0.0454,0.0454,0.0454,0.0454,0.0454,0.0454,0.0455,0.0455,0.0455,0.0455,0.0455,0.0455,0.0455,0.0455,0.0455,0.0455,0.0454,0.0454,0.0454,0.0454,0.0454,0.0455,0.0456,0.0456,0.0457,0.0458,0.0458,0.0459,0.046,0.046,0.0461,0.0461,0.0462,0.0463,0.0463,0.0464,0.0465,0.0467,0.0468,0.047,0.0471,0.0472,0.0474,0.0475,0.0477,0.0478,0.048,0.0481,0.0483,0.0484,0.0486,0.0488,0.0489,0.0491,0.0492,0.0494,0.0496,0.0498,0.05,0.0502,0.0504,0.0506,0.0508,0.0511,0.0513,0.0515,0.0517,0.0519,0.0521,0.0524,0.0526,0.0528,0.053,0.0533,0.0535,0.0537,0.054,0.0542,0.0544,0.0546,0.0548,0.055,0.0552,0.0558,0.0564,0.0571,0.0581,0.0591,0.0601,0.0612,0.0623,0.0628,0.0629,0.063,0.0631,0.0632,0.0633,0.0634,0.0635,0.0636,0.0637,0.0638,0.0638,0.0639,2.9444,2.9484,2.9524,2.9564,2.9605,2.9645,2.9686,2.9727,2.9767,2.9808,2.9849,2.9891,2.9932,2.9974,3.0015,3.0056,3.0098,3.0139,3.0181,3.0222,3.0264,3.0306,3.0348,3.039,3.0432,3.0475,3.0517,3.056,3.0516,3.0355,3.0044,2.9747,1.4072,1.3937,1.3804,1.3674,1.3523,1.3288,1.3061,1.2841,1.2629,1.2424,1.2225,1.2032,1.1846,1.1665,1.1488,1.1317,1.1151,1.0989,1.0833,1.068,1.0532,1.0388,1.0247,1.0108,0.9972,0.984,0.9711,0.9586,0.9464,0.9345,0.9229,0.9116,0.9005,0.8897
1.9970,1.9981,2.0006,2.0031,2.0057,2.0085,2.0103,2.011,2.0115,2.0098,2.0084,0.061,0.0593,0.0578,0.056,0.0543,0.0535,0.0532,0.0529,0.0526,0.0523,0.0521,0.0518,0.0516,0.0514,0.0511,0.0509,0.0506,0.0503,0.0501,0.0498,0.0496,0.0494,0.0492,0.049,0.0488,0.0487,0.0486,0.0485,0.0485,0.0484,0.0483,0.0482,0.0481,0.048,0.0479,0.0479,0.0478,0.0477,0.0476,0.0475,0.0474,0.0473,0.0472,0.0471,0.0471,0.047,0.0469,0.0468,0.0468,0.0467,0.0466,0.0465,0.0465,0.0464,0.0463,0.0462,0.0462,0.0461,0.046,0.0459,0.0458,0.0457,0.0457,0.0456,0.0455,0.0454,0.0453,0.0452,0.0452,0.0452,0.0452,0.0453,0.0453,0.0453,0.0453,0.0453,0.0453,0.0453,0.0453,0.0453,0.0454,0.0454,0.0454,0.0454,0.0454,0.0454,0.0454,0.0454,0.0454,0.0454,0.0454,0.0453,0.0453,0.0453,0.0453,0.0453,0.0454,0.0454,0.0455,0.0456,0.0456,0.0457,0.0457,0.0458,0.0459,0.0459,0.046,0.0461,0.0461,0.0462,0.0463,0.0463,0.0464,0.0465,0.0466,0.0468,0.0469,0.0471,0.0472,0.0474,0.0475,0.0477,0.0478,0.048,0.0481,0.0483,0.0484,0.0486,0.0487,0.0489,0.0491,0.0493,0.0495,0.0497,0.0499,0.0501,0.0503,0.0505,0.0507,0.0509,0.0511,0.0513,0.0515,0.0517,0.052,0.0522,0.0524,0.0526,0.0528,0.0531,0.0533,0.0535,0.0537,0.0539,0.0541,0.0543,0.0545,0.0547,0.055,0.0556,0.0562,0.0569,0.0577,0.0587,0.0597,0.0607,0.0618,0.0626,0.0627,0.0628,0.0629,0.063,0.063,0.0631,0.0632,0.0633,0.0634,0.0635,0.0636,0.0637,0.0639,2.9861,2.9902,2.9944,2.9985,3.0026,3.0068,3.011,3.0152,3.0194,3.0236,3.0278,3.032,3.0362,3.0404,3.0447,3.0489,3.0532,3.0574,3.0617,3.066,3.0703,3.0746,3.0789,3.0833,3.0877,3.092,3.0824,3.0621,3.0304,2.9993,1.4128,1.3952,1.3819,1.3689,1.356,1.3347,1.3118,1.2896,1.2682,1.2475,1.2275,1.208,1.1892,1.171,1.1533,1.136,1.1193,1.103,1.0872,1.0719,1.0569,1.0424,1.0283,1.0144,1.0007,0.9874,0.9745,0.9618,0.9495,0.9376,0.9259,0.9145,0.9034,0.8925
2.0162,2.0169,2.0201,2.0231,2.0252,2.0272,2.0258,2.0265,2.0267,2.0276,2.0252,0.0618,0.0601,0.0585,0.0569,0.0548,0.0535,0.0532,0.0529,0.0526,0.0523,0.0521,0.0519,0.0516,0.0514,0.0511,0.0509,0.0506,0.0504,0.0501,0.0498,0.0496,0.0494,0.0492,0.049,0.0488,0.0487,0.0486,0.0485,0.0484,0.0484,0.0483,0.0482,0.0481,0.048,0.0479,0.0478,0.0477,0.0477,0.0476,0.0475,0.0474,0.0473,0.0472,0.0471,0.047,0.047,0.0469,0.0468,0.0467,0.0466,0.0466,0.0465,0.0464,0.0463,0.0463,0.0462,0.0461,0.046,0.0459,0.0459,0.0458,0.0457,0.0456,0.0455,0.0454,0.0454,0.0453,0.0452,0.0451,0.0451,0.0452,0.0452,0.0452,0.0452,0.0452,0.0452,0.0452,0.0452,0.0452,0.0453,0.0453,0.0453,0.0453,0.0453,0.0453,0.0453,0.0453,0.0453,0.0453,0.0453,0.0453,0.0452,0.0452,0.0452,0.0452,0.0452,0.0452,0.0453,0.0454,0.0454,0.0455,0.0455,0.0456,0.0457,0.0457,0.0458,0.0459,0.0459,0.046,0.0461,0.0461,0.0462,0.0463,0.0463,0.0464,0.0465,0.0466,0.0468,0.0469,0.0471,0.0472,0.0474,0.0475,0.0477,0.0478,0.048,0.0481,0.0483,0.0484,0.0486,0.0487,0.0489,0.0491,0.0493,0.0495,0.0497,0.0499,0.0501,0.0503,0.0505,0.0507,0.0509,0.0511,0.0513,0.0516,0.0518,0.052,0.0522,0.0524,0.0527,0.0529,0.053,0.0532,0.0534,0.0536,0.0538,0.054,0.0542,0.0544,0.0548,0.0554,0.0561,0.0567,0.0574,0.0583,0.0593,0.0603,0.0613,0.0624,0.0625,0.0625,0.0626,0.0627,0.0628,0.0629,0.063,0.0631,0.0632,0.0633,0.0634,0.0636,0.0638,0.0639,0.064,3.0332,3.0375,3.0418,3.046,3.0503,3.0546,3.0589,3.0632,3.0674,3.0718,3.0761,3.0804,3.0848,3.0891,3.0935,3.0979,3.1023,3.1066,3.1111,3.1155,3.12,3.1244,3.1289,3.1142,3.0892,3.0569,3.0261,1.435,1.3967,1.3834,1.3703,1.3575,1.3406,1.3175,1.2952,1.2736,1.2527,1.2325,1.2129,1.1939,1.1756,1.1578,1.1404,1.1235,1.1071,1.0912,1.0758,1.0607,1.0461,1.0319,1.018,1.0042,0.9908,0.9778,0.9651,0.9527,0.9407,0.9289,0.9174,0.9062,0.8953
2.0373,2.0377,2.0395,2.0428,2.046,2.0493,2.0435,2.0447,2.0463,2.0479,2.0449,2.0308,0.0608,0.0591,0.0576,0.0552,0.054,0.0533,0.053,0.0527,0.0524,0.0521,0.0519,0.0517,0.0514,0.0511,0.0509,0.0506,0.0504,0.0501,0.0499,0.0496,0.0494,0.0492,0.049,0.0488,0.0487,0.0486,0.0485,0.0484,0.0483,0.0482,0.0482,0.0481,0.048,0.0479,0.0478,0.0477,0.0476,0.0475,0.0474,0.0474,0.0473,0.0472,0.0471,0.047,0.0469,0.0468,0.0468,0.0467,0.0466,0.0465,0.0465,0.0464,0.0463,0.0462,0.0461,0.0461,0.046,0.0459,0.0458,0.0457,0.0456,0.0456,0.0455,0.0454,0.0453,0.0452,0.0451,0.0451,0.0451,0.0451,0.0451,0.0451,0.0451,0.0451,0.0451,0.0451,0.0451,0.0452,0.0452,0.0452,0.0452,0.0452,0.0452,0.0452,0.0452,0.0452,0.0452,0.0452,0.0452,0.0452,0.0452,0.0451,0.0451,0.0451,0.0451,0.0451,0.0452,0.0452,0.0453,0.0453,0.0454,0.0455,0.0455,0.0456,0.0457,0.0457,0.0458,0.0459,0.0459,0.046,0.0461,0.0461,0.0462,0.0462,0.0463,0.0464,0.0465,0.0466,0.0468,0.0469,0.047,0.0472,0.0473,0.0475,0.0476,0.0478,0.0479,0.0481,0.0482,0.0484,0.0486,0.0487,0.0489,0.0491,0.0493,0.0495,0.0497,0.0499,0.0501,0.0503,0.0505,0.0507,0.051,0.0512,0.0514,0.0516,0.0518,0.052,0.0522,0.0524,0.0526,0.0528,0.053,0.0532,0.0534,0.0535,0.0537,0.0539,0.0541,0.0546,0.0552,0.0559,0.0565,0.0572,0.0579,0.0588,0.0598,0.0609,0.062,0.0622,0.0623,0.0624,0.0625,0.0626,0.0627,0.0628,0.0629,0.063,0.063,0.0632,0.0635,0.0638,0.0639,0.064,0.064,3.0775,3.0819,3.0862,3.0906,3.0949,3.0993,3.1038,3.1081,3.1126,3.117,3.1214,3.1259,3.1304,3.1348,3.1394,3.1439,3.1484,3.1529,3.1575,3.1621,3.1666,3.1468,3.1167,3.0839,3.0547,2.9877,1.3983,1.3849,1.3718,1.3589,1.3462,1.3233,1.3007,1.279,1.2579,1.2375,1.2178,1.1987,1.1802,1.1622,1.1448,1.1278,1.1113,1.0953,1.0797,1.0645,1.0498,1.0355,1.0216,1.0078,0.9943,0.9812,0.9684,0.9559,0.9438,0.9319,0.9204,0.9091,0.8981
2.0531,2.0562,2.0593,2.0603,2.0611,2.0618,2.0626,2.0624,2.0639,2.0653,2.063,2.034,0.0615,0.0598,0.0583,0.0557,0.0544,0.0533,0.053,0.0527,0.0524,0.0522,0.0519,0.0517,0.0514,0.0512,0.0509,0.0506,0.0504,0.0501,0.0499,0.0497,0.0494,0.0492,0.049,0.0488,0.0486,0.0486,0.0485,0.0484,0.0483,0.0482,0.0481,0.048,0.048,0.0479,0.0478,0.0477,0.0476,0.0475,0.0474,0.0473,0.0472,0.0472,0.0471,0.047,0.0469,0.0468,0.0467,0.0467,0.0466,0.0465,0.0464,0.0463,0.0463,0.0462,0.0461,0.046,0.0459,0.0458,0.0458,0.0457,0.0456,0.0455,0.0454,0.0453,0.0452,0.0452,0.0451,0.045,0.045,0.045,0.045,0.045,0.045,0.045,0.045,0.045,0.0451,0.0451,0.0451,0.0451,0.0451,0.0451,0.0451,0.0451,0.0451,0.0451,0.0451,0.0451,0.0451,0.0451,0.0451,0.045,0.045,0.045,0.045,0.045,0.045,0.0451,0.0451,0.0452,0.0453,0.0453,0.0454,0.0455,0.0455,0.0456,0.0457,0.0457,0.0458,0.0458,0.0459,0.046,0.046,0.0461,0.0462,0.0462,0.0463,0.0464,0.0464,0.0466,0.0467,0.0469,0.047,0.0472,0.0473,0.0475,0.0476,0.0478,0.0479,0.0481,0.0482,0.0484,0.0486,0.0488,0.049,0.0492,0.0494,0.0496,0.0498,0.05,0.0502,0.0504,0.0506,0.0508,0.051,0.0512,0.0514,0.0516,0.0518,0.052,0.0521,0.0523,0.0525,0.0527,0.0529,0.0531,0.0533,0.0535,0.0537,0.0539,0.0544,0.055,0.0557,0.0563,0.057,0.0577,0.0584,0.0594,0.0605,0.0615,0.062,0.0621,0.0622,0.0623,0.0624,0.0624,0.0625,0.0626,0.0627,0.0629,0.0632,0.0635,0.0637,0.0638,0.0639,0.064,0.0641,0.0642,3.1274,3.1319,3.1364,3.1409,3.1454,3.1499,3.1545,3.159,3.1636,3.1682,3.1728,3.1774,3.182,3.1866,3.1913,3.1959,3.2006,3.2,3.179,3.1448,3.1133,3.0745,3.0066,1.4138,1.3864,1.3733,1.3604,1.3477,1.3291,1.3064,1.2844,1.2632,1.2426,1.2227,1.2035,1.1848,1.1667,1.1492,1.1321,1.1155,1.0993,1.0836,1.0684,1.0535,1.0391,1.0251,1.0113,0.9978,0.9845,0.9717,0.9591,0.9469,0.935,0.9234,0.912,0.901
2.0706,2.076,2.0778,2.0794,2.0784,2.079,2.0795,2.0801,2.0813,2.0784,2.0721,2.0371,2.0131,0.0606,0.0589,0.0565,0.0549,0.0536,0.053,0.0527,0.0525,0.0522,0.052,0.0517,0.0514,0.0512,0.0509,0.0506,0.0504,0.0501,0.0499,0.0497,0.0495,0.0492,0.049,0.0488,0.0486,0.0485,0.0484,0.0484,0.0483,0.0482,0.0481,0.048,0.0479,0.0478,0.0477,0.0477,0.0476,0.0475,0.0474,0.0473,0.0472,0.0471,0.047,0.047,0.0469,0.0468,0.0467,0.0466,0.0466,0.0465,0.0464,0.0463,0.0462,0.0461,0.046,0.046,0.0459,0.0458,0.0457,0.0456,0.0455,0.0455,0.0454,0.0453,0.0452,0.0451,0.045,0.0449,0.0449,0.0449,0.0449,0.0449,0.0449,0.0449,0.045,0.045,0.045,0.045,0.045,0.045,0.045,0.045,0.045,0.045,0.045,0.045,0.045,0.045,0.045,0.045,0.045,0.0449,0.0449,0.0449,0.0449,0.0449,0.0449,0.045,0.045,0.0451,0.0451,0.0452,0.0453,0.0453,0.0454,0.0455,0.0455,0.0456,0.0456,0.0457,0.0458,0.0458,0.0459,0.046,0.046,0.0461,0.0462,0.0462,0.0463,0.0464,0.0464,0.0466,0.0467,0.0469,0.047,0.0472,0.0473,0.0474,0.0476,0.0477,0.0479,0.048,0.0482,0.0484,0.0486,0.0488,0.049,0.0492,0.0494,0.0496,0.0498,0.05,0.0502,0.0504,0.0506,0.0508,0.051,0.0512,0.0513,0.0515,0.0517,0.0519,0.0521,0.0522,0.0524,0.0526,0.0528,0.053,0.0532,0.0534,0.0536,0.0542,0.0549,0.0555,0.0561,0.0568,0.0575,0.0582,0.059,0.06,0.0611,0.0618,0.0619,0.062,0.062,0.0621,0.0622,0.0623,0.0624,0.0626,0.0629,0.0632,0.0634,0.0637,0.0638,0.0639,0.0639,0.064,0.0641,0.0642,3.1743,3.1789,3.1836,3.1882,3.1928,3.1975,3.2022,3.2069,3.2116,3.2163,3.221,3.2258,3.2306,3.2354,3.2401,3.2334,3.2082,3.1737,3.1441,3.0945,3.0258,2.9601,1.3879,1.3748,1.3619,1.3492,1.335,1.312,1.2899,1.2685,1.2478,1.2277,1.2083,1.1895,1.1712,1.1535,1.1364,1.1197,1.1034,1.0876,1.0722,1.0573,1.0428,1.0287,1.0149,1.0013,0.988,0.975,0.9624,0.9501,0.9381,0.9264,0.915,0.9038
2.0933,2.095,2.0966,2.0981,2.0997,2.1013,2.0976,2.0982,2.096,2.0917,2.0855,2.0368,2.0156,0.0613,0.0596,0.0574,0.0554,0.0541,0.0531,0.0528,0.0525,0.0523,0.052,0.0517,0.0514,0.0512,0.0509,0.0507,0.0504,0.0501,0.0499,0.0497,0.0495,0.0493,0.049,0.0488,0.0486,0.0485,0.0484,0.0483,0.0483,0.0482,0.0481,0.048,0.0479,0.0478,0.0477,0.0476,0.0475,0.0475,0.0474,0.0473,0.0472,0.0471,0.047,0.0469,0.0468,0.0468,0.0467,0.0466,0.0465,0.0464,0.0463,0.0462,0.0462,0.0461,0.046,0.0459,0.0458,0.0457,0.0457,0.0456,0.0455,0.0454,0.0453,0.0452,0.0451,0.0451,0.045,0.0449,0.0448,0.0448,0.0448,0.0448,0.0448,0.0449,0.0449,0.0449,0.0449,0.0449,0.0449,0.0449,0.0449,0.0449,0.0449,0.045,0.0449,0.0449,0.0449,0.0449,0.0449,0.0449,0.0449,0.0449,0.0448,0.0448,0.0448,0.0448,0.0448,0.0448,0.0449,0.0449,0.045,0.0451,0.0451,0.0452,0.0453,0.0453,0.0454,0.0454,0.0455,0.0456,0.0456,0.0457,0.0458,0.0458,0.0459,0.046,0.046,0.0461,0.0462,0.0462,0.0463,0.0464,0.0464,0.0466,0.0467,0.0468,0.047,0.0471,0.0473,0.0474,0.0476,0.0477,0.0479,0.0481,0.0483,0.0485,0.0486,0.0488,0.049,0.0492,0.0494,0.0496,0.0498,0.05,0.0502,0.0504,0.0505,0.0507,0.0509,0.0511,0.0513,0.0514,0.0516,0.0518,0.052,0.0522,0.0523,0.0525,0.0527,0.0529,0.0531,0.0535,0.0541,0.0547,0.0553,0.056,0.0566,0.0573,0.058,0.0587,0.0596,0.0606,0.0616,0.0616,0.0617,0.0618,0.0619,0.062,0.0621,0.0623,0.0626,0.0629,0.0631,0.0634,0.0636,0.0637,0.0638,0.0639,0.064,0.0641,0.0641,0.0642,3.2226,3.2274,3.2322,3.2369,3.2418,3.2466,3.2514,3.2562,3.2611,3.266,3.2708,3.2757,3.2807,3.2675,3.2379,3.2057,3.1754,3.1148,3.0452,2.9786,1.3923,1.3763,1.3633,1.3506,1.338,1.3178,1.2954,1.2738,1.2529,1.2327,1.2131,1.1942,1.1758,1.158,1.1407,1.1239,1.1075,1.0916,1.0761,1.0611,1.0465,1.0322,1.0184,1.0048,0.9914,0.9783,0.9656,0.9532,0.9412,0.9294,0.9179,0.9067
2.1086,2.1106,2.1139,2.1163,2.1181,2.1199,2.1216,2.113,2.1084,2.104,2.0997,2.0357,2.0286,2.0212,0.0603,0.0584,0.0558,0.0545,0.0533,0.0528,0.0525,0.0523,0.052,0.0517,0.0515,0.0512,0.0509,0.0507,0.0504,0.0502,0.0499,0.0497,0.0495,0.0493,0.0491,0.0488,0.0486,0.0485,0.0484,0.0483,0.0482,0.0481,0.0481,0.048,0.0479,0.0478,0.0477,0.0476,0.0475,0.0474,0.0473,0.0473,0.0472,0.0471,0.047,0.0469,0.0468,0.0467,0.0466,0.0465,0.0465,0.0464,0.0463,0.0462,0.0461,0.046,0.0459,0.0459,0.0458,0.0457,0.0456,0.0455,0.0454,0.0454,0.0453,0.0452,0.0451,0.045,0.0449,0.0448,0.0447,0.0447,0.0447,0.0447,0.0448,0.0448,0.0448,0.0448,0.0448,0.0448,0.0448,0.0448,0.0448,0.0449,0.0449,0.0449,0.0448,0.0448,0.0448,0.0448,0.0448,0.0448,0.0448,0.0448,0.0447,0.0447,0.0447,0.0447,0.0447,0.0447,0.0447,0.0448,0.0449,0.0449,0.045,0.0451,0.0451,0.0452,0.0452,0.0453,0.0454,0.0454,0.0455,0.0456,0.0456,0.0457,0.0458,0.0458,0.0459,0.046,0.046,0.0461,0.0461,0.0462,0.0463,0.0463,0.0464,0.0465,0.0467,0.0468,0.047,0.0471,0.0473,0.0474,0.0476,0.0477,0.0479,0.0481,0.0483,0.0485,0.0487,0.0489,0.0491,0.0493,0.0495,0.0496,0.0498,0.05,0.0501,0.0503,0.0505,0.0506,0.0508,0.051,0.0512,0.0514,0.0515,0.0517,0.0519,0.0521,0.0523,0.0525,0.0526,0.0528,0.0533,0.0539,0.0545,0.0551,0.0558,0.0564,0.0571,0.0578,0.0585,0.0592,0.0602,0.0613,0.0614,0.0615,0.0616,0.0617,0.0618,0.062,0.0623,0.0626,0.0628,0.0631,0.0634,0.0636,0.0637,0.0638,0.0638,0.0639,0.064,0.0641,0.0642,0.0643,0.0643,3.2774,3.2823,3.2872,3.2922,3.2971,3.3021,3.3071,3.3122,3.3171,3.3222,3.3023,3.2698,3.2383,3.2068,3.1354,3.0648,2.9974,1.4149,1.3778,1.3648,1.352,1.3395,1.3235,1.301,1.2792,1.2581,1.2378,1.218,1.1989,1.1804,1.1624,1.145,1.1281,1.1117,1.0956,1.08,1.0649,1.0502,1.0358,1.0219,1.0083,0.9949,0.9817,0.9689,0.9564,0.9443,0.9324,0.9209,0.9096
2.1314,2.1312,2.1311,2.1312,2.1344,2.1371,2.1324,2.1262,2.1216,2.117,2.1124,2.0466,2.042,2.0403,0.0611,0.0594,0.0563,0.055,0.0537,0.0528,0.0526,0.0523,0.052,0.0517,0.0515,0.0512,0.0509,0.0507,0.0504,0.0502,0.0499,0.0497,0.0495,0.0493,0.0491,0.0489,0.0486,0.0485,0.0484,0.0483,0.0482,0.0481,0.048,0.0479,0.0478,0.0478,0.0477,0.0476,0.0475,0.0474,0.0473,0.0472,0.0471,0.0471,0.047,0.0469,0.0468,0.0467,0.0466,0.0465,0.0464,0.0463,0.0462,0.0461,0.0461,0.046,0.0459,0.0458,0.0457,0.0456,0.0456,0.0455,0.0454,0.0453,0.0452,0.0451,0.045,0.045,0.0449,0.0448,0.0447,0.0446,0.0446,0.0447,0.0447,0.0447,0.0447,0.0447,0.0447,0.0447,0.0447,0.0447,0.0448,0.0448,0.0448,0.0448,0.0448,0.0447,0.0447,0.0447,0.0447,0.0447,0.0447,0.0447,0.0446,0.0446,0.0446,0.0446,0.0446,0.0446,0.0446,0.0447,0.0447,0.0448,0.0449,0.0449,0.045,0.045,0.0451,0.0452,0.0452,0.0453,0.0454,0.0454,0.0455,0.0456,0.0456,0.0457,0.0457,0.0458,0.0459,0.0459,0.046,0.0461,0.0461,0.0462,0.0463,0.0463,0.0464,0.0465,0.0467,0.0468,0.047,0.0471,0.0472,0.0474,0.0476,0.0478,0.048,0.0481,0.0483,0.0485,0.0487,0.0489,0.0491,0.0492,0.0494,0.0496,0.0497,0.0499,0.0501,0.0502,0.0504,0.0506,0.0507,0.0509,0.0511,0.0513,0.0515,0.0516,0.0518,0.052,0.0522,0.0524,0.0526,0.0531,0.0537,0.0543,0.055,0.0556,0.0562,0.0569,0.0576,0.0583,0.059,0.0598,0.0608,0.0612,0.0613,0.0614,0.0615,0.0617,0.062,0.0623,0.0625,0.0628,0.0631,0.0633,0.0636,0.0636,0.0637,0.0638,0.0639,0.064,0.064,0.0641,0.0642,0.0643,0.0644,3.3289,3.334,3.3391,3.3442,3.3493,3.3545,3.3596,3.3636,3.3367,3.3037,3.2716,3.2311,3.1562,3.0847,3.0163,2.9511,1.3793,1.3662,1.3535,1.341,1.3285,1.3066,1.2847,1.2634,1.2429,1.223,1.2037,1.185,1.1669,1.1494,1.1323,1.1158,1.0997,1.084,1.0687,1.0539,1.0395,1.0254,1.0118,0.9983,0.9851,0.9722,0.9597,0.9474,0.9355,0.9239,0.9125
2.1514,2.1522,2.1536,2.1541,2.1542,2.1542,2.146,2.1396,2.1349,2.1302,2.125,2.1151,2.0916,2.0613,0.1831,0.0601,0.0569,0.0555,0.0542,0.0529,0.0526,0.0523,0.052,0.0517,0.0515,0.0512,0.051,0.0507,0.0504,0.0502,0.05,0.0497,0.0495,0.0493,0.0491,0.0489,0.0487,0.0484,0.0483,0.0483,0.0482,0.0481,0.048,0.0479,0.0478,0.0477,0.0476,0.0476,0.0475,0.0474,0.0473,0.0472,0.0471,0.047,0.0469,0.0469,0.0468,0.0466,0.0465,0.0464,0.0463,0.0463,0.0462,0.0461,0.046,0.0459,0.0458,0.0458,0.0457,0.0456,0.0455,0.0454,0.0453,0.0453,0.0452,0.0451,0.045,0.0449,0.0448,0.0447,0.0446,0.0446,0.0446,0.0446,0.0446,0.0446,0.0446,0.0446,0.0446,0.0446,0.0446,0.0447,0.0447,0.0447,0.0447,0.0447,0.0447,0.0446,0.0446,0.0446,0.0446,0.0446,0.0446,0.0446,0.0446,0.0445,0.0445,0.0445,0.0445,0.0445,0.0445,0.0445,0.0446,0.0447,0.0447,0.0448,0.0449,0.0449,0.045,0.045,0.0451,0.0452,0.0452,0.0453,0.0454,0.0454,0.0455,0.0455,0.0456,0.0457,0.0457,0.0458,0.0459,0.0459,0.046,0.0461,0.0461,0.0462,0.0463,0.0463,0.0464,0.0465,0.0466,0.0468,0.0469,0.0471,0.0473,0.0474,0.0476,0.0478,0.048,0.0482,0.0483,0.0485,0.0487,0.0488,0.049,0.0491,0.0493,0.0495,0.0496,0.0498,0.05,0.0502,0.0503,0.0505,0.0507,0.0508,0.051,0.0512,0.0514,0.0516,0.0517,0.0519,0.0521,0.0524,0.053,0.0536,0.0542,0.0548,0.0554,0.0561,0.0567,0.0574,0.0581,0.0588,0.0595,0.0604,0.061,0.0611,0.0612,0.0615,0.0617,0.062,0.0622,0.0625,0.0627,0.063,0.0633,0.0635,0.0636,0.0637,0.0637,0.0638,0.0639,0.064,0.0641,0.0642,0.0642,0.0643,0.0644,3.3821,3.3874,3.3927,3.3979,3.4032,3.4005,3.3718,3.3384,3.3056,3.2532,3.1773,3.1049,3.0356,2.9694,1.3943,1.3677,1.3549,1.3424,1.33,1.3123,1.2901,1.2687,1.248,1.2279,1.2085,1.1897,1.1714,1.1538,1.1366,1.1199,1.1037,1.088,1.0726,1.0577,1.0431,1.029,1.0152,1.0018,0.9885,0.9755,0.9629,0.9506,0.9386,0.9269,0.9155
2.1722,2.1738,2.1758,2.1774,2.1765,2.1776,2.1685,2.1533,2.1484,2.1414,2.1326,2.1201,2.1061,1.5656,0.1821,0.0609,0.0578,0.0559,0.0546,0.0531,0.0526,0.0523,0.052,0.0518,0.0515,0.0512,0.051,0.0507,0.0504,0.0502,0.05,0.0498,0.0495,0.0493,0.0491,0.0489,0.0487,0.0485,0.0483,0.0482,0.0482,0.0481,0.048,0.0479,0.0478,0.0477,0.0476,0.0475,0.0474,0.0474,0.0473,0.0472,0.0471,0.047,0.0469,0.0468,0.0467,0.0466,0.0465,0.0464,0.0463,0.0462,0.0461,0.046,0.046,0.0459,0.0458,0.0457,0.0456,0.0455,0.0455,0.0454,0.0453,0.0452,0.0451,0.045,0.0449,0.0449,0.0448,0.0447,0.0446,0.0445,0.0445,0.0445,0.0445,0.0445,0.0445,0.0445,0.0445,0.0445,0.0446,0.0446,0.0446,0.0446,0.0446,0.0446,0.0446,0.0445,0.0445,0.0445,0.0445,0.0445,0.0445,0.0445,0.0445,0.0444,0.0444,0.0444,0.0444,0.0444,0.0444,0.0444,0.0445,0.0445,0.0446,0.0447,0.0447,0.0448,0.0448,0.0449,0.045,0.045,0.0451,0.0452,0.0452,0.0453,0.0453,0.0454,0.0455,0.0455,0.0456,0.0457,0.0457,0.0458,0.0459,0.0459,0.046,0.0461,0.0461,0.0462,0.0463,0.0463,0.0464,0.0465,0.0466,0.0468,0.0469,0.0471,0.0473,0.0475,0.0476,0.0478,0.048,0.0481,0.0483,0.0484,0.0486,0.0488,0.0489,0.0491,0.0492,0.0494,0.0496,0.0497,0.0499,0.0501,0.0503,0.0504,0.0506,0.0508,0.0509,0.0511,0.0513,0.0515,0.0517,0.0518,0.0522,0.0528,0.0534,0.054,0.0546,0.0552,0.0559,0.0565,0.0572,0.0579,0.0586,0.0593,0.0601,0.0608,0.0609,0.0612,0.0614,0.0617,0.0619,0.0622,0.0624,0.0627,0.063,0.0632,0.0635,0.0635,0.0636,0.0637,0.0638,0.0639,0.0639,0.064,0.0641,0.0642,0.0643,0.0644,0.0647,3.4371,3.4425,3.4479,3.4382,3.4079,3.3738,3.3402,3.2756,3.1987,3.1253,3.0551,2.9881,2.9241,1.3692,1.3564,1.3438,1.3314,1.318,1.2957,1.2741,1.2532,1.2329,1.2134,1.1944,1.176,1.1582,1.1409,1.1241,1.1078,1.092,1.0765,1.0614,1.0468,1.0326,1.0187,1.0052,0.992,0.9789,0.9662,0.9538,0.9417,0.9299,0.9184
2.1920,2.194,2.1967,2.1961,2.1946,2.1878,2.1776,2.1674,2.1582,2.1493,2.1395,2.1252,2.1166,0.1877,0.1812,0.1784,0.0588,0.0564,0.0551,0.0536,0.0526,0.0523,0.052,0.0518,0.0515,0.0512,0.051,0.0507,0.0505,0.0502,0.05,0.0498,0.0496,0.0493,0.0491,0.0489,0.0487,0.0485,0.0483,0.0482,0.0481,0.048,0.0479,0.0479,0.0478,0.0477,0.0476,0.0475,0.0474,0.0473,0.0472,0.0472,0.0471,0.047,0.0469,0.0468,0.0467,0.0466,0.0464,0.0463,0.0462,0.0462,0.0461,0.046,0.0459,0.0458,0.0457,0.0457,0.0456,0.0455,0.0454,0.0453,0.0453,0.0452,0.0451,0.045,0.0449,0.0448,0.0447,0.0446,0.0445,0.0444,0.0444,0.0444,0.0444,0.0444,0.0444,0.0444,0.0445,0.0445,0.0445,0.0445,0.0445,0.0445,0.0445,0.0445,0.0445,0.0445,0.0444,0.0444,0.0444,0.0444,0.0444,0.0444,0.0444,0.0444,0.0443,0.0443,0.0443,0.0443,0.0443,0.0443,0.0443,0.0444,0.0445,0.0445,0.0446,0.0447,0.0447,0.0448,0.0448,0.0449,0.045,0.045,0.0451,0.0451,0.0452,0.0453,0.0453,0.0454,0.0455,0.0455,0.0456,0.0457,0.0457,0.0458,0.0458,0.0459,0.046,0.046,0.0461,0.0462,0.0462,0.0463,0.0464,0.0465,0.0466,0.0468,0.047,0.0471,0.0473,0.0474,0.0476,0.0477,0.0479,0.048,0.0482,0.0484,0.0485,0.0487,0.0488,0.049,0.0492,0.0493,0.0495,0.0497,0.0498,0.05,0.0502,0.0504,0.0505,0.0507,0.0509,0.051,0.0512,0.0514,0.0516,0.0521,0.0526,0.0532,0.0538,0.0544,0.055,0.0557,0.0563,0.057,0.0577,0.0584,0.0591,0.06,0.0607,0.0609,0.0611,0.0614,0.0616,0.0619,0.0622,0.0624,0.0627,0.0629,0.0632,0.0634,0.0635,0.0636,0.0637,0.0637,0.0638,0.0639,0.064,0.0641,0.0641,0.0643,0.0646,0.0648,3.4882,3.4938,3.4767,3.4448,3.4099,3.375,3.2983,3.2204,3.1459,3.0749,3.007,2.9421,1.3721,1.3578,1.3452,1.3328,1.3206,1.3013,1.2795,1.2584,1.238,1.2183,1.1991,1.1806,1.1626,1.1452,1.1283,1.1119,1.0959,1.0804,1.0653,1.0505,1.0362,1.0222,1.0086,0.9954,0.9823,0.9694,0.957,0.9448,0.9329,0.9214
2.2131,2.2158,2.2165,2.2145,2.2068,2.1968,2.1866,2.1764,2.1661,2.1571,2.1446,2.1358,2.1292,0.1831,0.1803,0.1776,0.0598,0.0569,0.0556,0.0541,0.0527,0.0523,0.0521,0.0518,0.0515,0.0512,0.051,0.0507,0.0505,0.0502,0.05,0.0498,0.0496,0.0494,0.0491,0.0489,0.0487,0.0485,0.0483,0.0482,0.0481,0.048,0.0479,0.0478,0.0477,0.0477,0.0476,0.0475,0.0474,0.0473,0.0472,0.0471,0.047,0.047,0.0469,0.0468,0.0467,0.0465,0.0464,0.0463,0.0462,0.0461,0.046,0.0459,0.0459,0.0458,0.0457,0.0456,0.0455,0.0454,0.0454,0.0453,0.0452,0.0451,0.045,0.0449,0.0448,0.0448,0.0447,0.0446,0.0445,0.0444,0.0443,0.0443,0.0443,0.0443,0.0443,0.0444,0.0444,0.0444,0.0444,0.0444,0.0444,0.0444,0.0444,0.0444,0.0444,0.0444,0.0443,0.0443,0.0443,0.0443,0.0443,0.0443,0.0443,0.0443,0.0443,0.0442,0.0442,0.0442,0.0442,0.0442,0.0442,0.0443,0.0443,0.0444,0.0445,0.0445,0.0446,0.0446,0.0447,0.0448,0.0448,0.0449,0.045,0.045,0.0451,0.0451,0.0452,0.0453,0.0453,0.0454,0.0455,0.0455,0.0456,0.0456,0.0457,0.0458,0.0458,0.0459,0.046,0.046,0.0461,0.0462,0.0462,0.0463,0.0464,0.0465,0.0466,0.0468,0.0469,0.0471,0.0472,0.0474,0.0475,0.0477,0.0478,0.048,0.0481,0.0483,0.0485,0.0486,0.0488,0.0489,0.0491,0.0493,0.0494,0.0496,0.0498,0.0499,0.0501,0.0503,0.0504,0.0506,0.0508,0.051,0.0512,0.0513,0.0519,0.0525,0.053,0.0536,0.0542,0.0549,0.0555,0.0562,0.0571,0.058,0.0589,0.0598,0.0605,0.0607,0.0609,0.0611,0.0613,0.0616,0.0619,0.0621,0.0624,0.0626,0.0629,0.0632,0.0634,0.0634,0.0635,0.0636,0.0637,0.0638,0.0638,0.0639,0.064,0.0642,0.0644,0.0647,0.0649,3.541,3.5199,3.4824,3.4468,3.4044,3.3214,3.2423,3.1669,3.0949,3.0261,2.9604,1.3953,1.3593,1.3466,1.3342,1.322,1.3069,1.2849,1.2637,1.2431,1.2232,1.2039,1.1852,1.1671,1.1496,1.1325,1.116,1.0999,1.0843,1.0691,1.0543,1.0398,1.0258,1.0121,0.9988,0.9857,0.9728,0.9602,0.9479,0.936,0.9244
2.2352,2.2373,2.2342,2.2262,2.2147,2.2053,2.1958,2.1853,2.1745,2.1644,2.1553,2.148,1.5362,0.1822,0.1794,0.1767,0.0609,0.0574,0.0561,0.0547,0.0529,0.0523,0.0521,0.0518,0.0515,0.0513,0.051,0.0507,0.0505,0.0503,0.05,0.0498,0.0496,0.0494,0.0492,0.0489,0.0487,0.0485,0.0483,0.0482,0.0481,0.048,0.0479,0.0478,0.0477,0.0476,0.0475,0.0475,0.0474,0.0473,0.0472,0.0471,0.047,0.0469,0.0468,0.0468,0.0466,0.0465,0.0464,0.0462,0.0461,0.0461,0.046,0.0459,0.0458,0.0457,0.0456,0.0456,0.0455,0.0454,0.0453,0.0452,0.0452,0.0451,0.045,0.0449,0.0448,0.0447,0.0446,0.0445,0.0444,0.0443,0.0443,0.0442,0.0442,0.0443,0.0443,0.0443,0.0443,0.0443,0.0443,0.0443,0.0443,0.0443,0.0443,0.0443,0.0443,0.0443,0.0443,0.0442,0.0442,0.0442,0.0442,0.0442,0.0442,0.0442,0.0442,0.0441,0.0441,0.0441,0.0441,0.0441,0.0441,0.0441,0.0442,0.0443,0.0443,0.0444,0.0445,0.0445,0.0446,0.0446,0.0447,0.0448,0.0448,0.0449,0.0449,0.045,0.0451,0.0451,0.0452,0.0453,0.0453,0.0454,0.0454,0.0455,0.0456,0.0456,0.0457,0.0458,0.0458,0.0459,0.046,0.046,0.0461,0.0461,0.0462,0.0463,0.0463,0.0465,0.0466,0.0467,0.0469,0.047,0.0472,0.0473,0.0475,0.0476,0.0478,0.0479,0.0481,0.0482,0.0484,0.0485,0.0487,0.0489,0.049,0.0492,0.0494,0.0495,0.0497,0.0499,0.05,0.0502,0.0504,0.0505,0.0507,0.0509,0.0512,0.0517,0.0523,0.0529,0.0536,0.0544,0.0552,0.056,0.0569,0.0577,0.0586,0.0595,0.0604,0.0605,0.0607,0.0609,0.0611,0.0613,0.0616,0.0618,0.0621,0.0623,0.0626,0.0629,0.0631,0.0633,0.0634,0.0635,0.0636,0.0636,0.0637,0.0638,0.0639,0.0641,0.0643,0.0646,0.0648,0.065,3.5591,3.521,3.4845,3.429,3.3448,3.2646,3.1881,3.1152,3.0455,2.9789,2.9152,1.3607,1.3481,1.3356,1.3234,1.3113,1.2904,1.269,1.2482,1.2282,1.2087,1.1899,1.1717,1.154,1.1368,1.1201,1.1039,1.0882,1.0729,1.058,1.0435,1.0293,1.0156,1.0021,0.9891,0.9761,0.9634,0.9511,0.9391,0.9274
2.2578,2.2542,2.2459,2.2336,2.2233,2.2138,2.2044,2.1927,1.6167,2.175,1.5254,1.5244,1.5295,0.1813,0.1785,0.1758,0.1732,0.0583,0.0565,0.0552,0.0531,0.0524,0.0521,0.0518,0.0515,0.0513,0.051,0.0508,0.0505,0.0503,0.0501,0.0498,0.0496,0.0494,0.0492,0.049,0.0487,0.0485,0.0483,0.0481,0.048,0.048,0.0479,0.0478,0.0477,0.0476,0.0475,0.0474,0.0473,0.0473,0.0472,0.0471,0.047,0.0469,0.0468,0.0467,0.0466,0.0465,0.0463,0.0462,0.0461,0.046,0.0459,0.0458,0.0458,0.0457,0.0456,0.0455,0.0454,0.0453,0.0453,0.0452,0.0451,0.045,0.0449,0.0448,0.0447,0.0447,0.0446,0.0445,0.0444,0.0443,0.0442,0.0441,0.0442,0.0442,0.0442,0.0442,0.0442,0.0442,0.0442,0.0442,0.0442,0.0442,0.0442,0.0442,0.0442,0.0442,0.0442,0.0442,0.0441,0.0441,0.0441,0.0441,0.0441,0.0441,0.0441,0.0441,0.044,0.044,0.044,0.044,0.044,0.044,0.0441,0.0441,0.0442,0.0443,0.0443,0.0444,0.0444,0.0445,0.0446,0.0446,0.0447,0.0447,0.0448,0.0449,0.0449,0.045,0.0451,0.0451,0.0452,0.0452,0.0453,0.0454,0.0454,0.0455,0.0456,0.0456,0.0457,0.0457,0.0458,0.0459,0.0459,0.046,0.046,0.0461,0.0461,0.0462,0.0463,0.0465,0.0466,0.0468,0.0469,0.047,0.0472,0.0473,0.0475,0.0476,0.0478,0.0479,0.0481,0.0482,0.0484,0.0486,0.0487,0.0489,0.049,0.0492,0.0493,0.0495,0.0497,0.0498,0.05,0.0502,0.0503,0.0505,0.0507,0.0513,0.052,0.0527,0.0534,0.0542,0.055,0.0558,0.0566,0.0575,0.0584,0.0593,0.0602,0.0604,0.0606,0.0608,0.061,0.0611,0.0613,0.0615,0.0618,0.062,0.0623,0.0626,0.0628,0.0631,0.0633,0.0634,0.0634,0.0635,0.0636,0.0637,0.0638,0.064,0.0642,0.0645,0.0647,0.0649,0.0651,3.5604,3.5231,3.4539,3.3685,3.2871,3.2096,3.1357,3.0651,2.9977,2.9332,1.3753,1.3495,1.337,1.3248,1.3127,1.2959,1.2743,1.2534,1.2332,1.2136,1.1946,1.1762,1.1584,1.1411,1.1243,1.108,1.0921,1.0767,1.0618,1.0472,1.0329,1.019,1.0055,0.9924,0.9794,0.9667,0.9543,0.9422,0.9304
2.2747,2.266,2.2534,2.2416,2.232,2.2227,1.5932,1.5989,1.6086,1.5168,1.516,1.5207,1.5267,0.1804,0.1776,0.175,0.1724,0.0593,0.057,0.0557,0.0533,0.0525,0.0521,0.0518,0.0516,0.0513,0.051,0.0508,0.0505,0.0503,0.0501,0.0498,0.0496,0.0494,0.0492,0.049,0.0488,0.0485,0.0483,0.0481,0.048,0.0479,0.0478,0.0478,0.0477,0.0476,0.0475,0.0474,0.0473,0.0472,0.0471,0.0471,0.047,0.0469,0.0468,0.0467,0.0466,0.0464,0.0463,0.0462,0.046,0.046,0.0459,0.0458,0.0457,0.0456,0.0455,0.0455,0.0454,0.0453,0.0452,0.0451,0.0451,0.045,0.0449,0.0448,0.0447,0.0446,0.0445,0.0444,0.0443,0.0442,0.0442,0.0441,0.0441,0.0441,0.0441,0.0441,0.0441,0.0441,0.0441,0.0441,0.0441,0.0441,0.0441,0.0441,0.0441,0.0441,0.0441,0.0441,0.044,0.044,0.044,0.044,0.044,0.044,0.044,0.044,0.044,0.0439,0.0439,0.0439,0.0439,0.0439,0.044,0.044,0.0441,0.0441,0.0442,0.0443,0.0443,0.0444,0.0444,0.0445,0.0446,0.0446,0.0447,0.0447,0.0448,0.0449,0.0449,0.045,0.045,0.0451,0.0452,0.0452,0.0453,0.0454,0.0454,0.0455,0.0455,0.0456,0.0456,0.0457,0.0457,0.0458,0.0459,0.0459,0.0459,0.046,0.0461,0.0462,0.0463,0.0465,0.0466,0.0468,0.0469,0.0471,0.0472,0.0474,0.0475,0.0477,0.0478,0.048,0.0481,0.0483,0.0484,0.0486,0.0487,0.0489,0.049,0.0492,0.0494,0.0495,0.0497,0.0498,0.05,0.0502,0.0504,0.0507,0.0518,0.0525,0.0533,0.054,0.0548,0.0556,0.0564,0.0573,0.0582,0.0591,0.06,0.0603,0.0604,0.0606,0.0608,0.061,0.0612,0.0614,0.0616,0.0618,0.062,0.0623,0.0625,0.0628,0.0631,0.0632,0.0633,0.0634,0.0635,0.0635,0.0637,0.0639,0.0641,0.0643,0.0646,0.0648,0.065,0.0652,3.5617,3.4792,3.3925,3.31,3.2315,3.1566,3.085,3.0166,2.9514,2.8854,1.3509,1.3385,1.3262,1.3142,1.3015,1.2797,1.2586,1.2382,1.2185,1.1994,1.1808,1.1628,1.1454,1.1285,1.1121,1.0961,1.0806,1.0655,1.0509,1.0365,1.0226,1.009,0.9957,0.9828,0.97,0.9575,0.9453,0.9334
2.2864,2.2736,2.261,2.2504,2.2419,2.2365,1.5927,1.5013,1.5075,1.5116,1.5155,1.5197,0.1923,0.1795,0.1768,0.1741,0.1716,0.0603,0.0575,0.0562,0.0535,0.0527,0.0521,0.0518,0.0516,0.0513,0.051,0.0508,0.0505,0.0503,0.0501,0.0499,0.0496,0.0494,0.0492,0.049,0.0488,0.0486,0.0483,0.0481,0.048,0.0479,0.0478,0.0477,0.0476,0.0476,0.0475,0.0474,0.0473,0.0472,0.0471,0.047,0.0469,0.0469,0.0468,0.0467,0.0465,0.0464,0.0463,0.0461,0.046,0.0459,0.0458,0.0457,0.0457,0.0456,0.0455,0.0454,0.0453,0.0453,0.0452,0.0451,0.045,0.0449,0.0448,0.0447,0.0446,0.0446,0.0445,0.0444,0.0443,0.0442,0.0441,0.044,0.044,0.044,0.044,0.044,0.044,0.044,0.0441,0.0441,0.0441,0.044,0.044,0.044,0.044,0.044,0.044,0.044,0.044,0.0439,0.0439,0.0439,0.0439,0.0439,0.0439,0.0439,0.0439,0.0438,0.0438,0.0438,0.0438,0.0438,0.0438,0.0439,0.0439,0.044,0.0441,0.0441,0.0442,0.0442,0.0443,0.0444,0.0444,0.0445,0.0445,0.0446,0.0447,0.0447,0.0448,0.0449,0.0449,0.045,0.045,0.0451,0.0451,0.0452,0.0452,0.0453,0.0453,0.0454,0.0455,0.0455,0.0456,0.0456,0.0457,0.0457,0.0457,0.0458,0.0458,0.0459,0.0461,0.0462,0.0463,0.0465,0.0466,0.0468,0.0469,0.0471,0.0472,0.0474,0.0475,0.0477,0.0478,0.048,0.0481,0.0483,0.0484,0.0486,0.0487,0.0489,0.0491,0.0492,0.0494,0.0495,0.0497,0.0499,0.0501,0.0504,0.051,0.0522,0.0531,0.0538,0.0546,0.0554,0.0562,0.0571,0.0579,0.0588,0.0598,0.0601,0.0603,0.0605,0.0607,0.0608,0.061,0.0612,0.0614,0.0616,0.0618,0.062,0.0622,0.0625,0.0628,0.063,0.0632,0.0633,0.0633,0.0634,0.0636,0.0638,0.064,0.0642,0.0645,0.0647,0.0649,0.0651,0.0654,3.5049,3.4169,3.3332,3.2536,3.1777,3.1052,3.0359,2.9698,2.9057,1.3525,1.3399,1.3276,1.3155,1.3036,1.2852,1.2639,1.2433,1.2234,1.2041,1.1855,1.1673,1.1498,1.1327,1.1162,1.1001,1.0845,1.0693,1.0545,1.0402,1.0261,1.0124,0.9991,0.9861,0.9733,0.9607,0.9485,0.9365
2.3021,2.2813,2.2691,2.2614,2.2559,2.2505,2.2439,1.5966,1.506,1.5093,1.5097,1.5153,0.1867,0.1786,0.1759,0.1733,0.1708,0.1683,0.0581,0.0567,0.0538,0.0529,0.0521,0.0518,0.0516,0.0513,0.051,0.0508,0.0506,0.0503,0.0501,0.0499,0.0497,0.0494,0.0492,0.049,0.0488,0.0486,0.0483,0.0481,0.048,0.0479,0.0478,0.0477,0.0476,0.0475,0.0474,0.0474,0.0473,0.0472,0.0471,0.047,0.0469,0.0468,0.0468,0.0466,0.0465,0.0464,0.0462,0.0461,0.046,0.0459,0.0458,0.0457,0.0456,0.0455,0.0454,0.0454,0.0453,0.0452,0.0451,0.045,0.045,0.0449,0.0448,0.0447,0.0446,0.0445,0.0444,0.0443,0.0442,0.0442,0.0441,0.044,0.0439,0.0439,0.0439,0.0439,0.0439,0.044,0.044,0.044,0.044,0.044,0.0439,0.0439,0.0439,0.0439,0.0439,0.0439,0.0439,0.0439,0.0438,0.0438,0.0438,0.0438,0.0438,0.0438,0.0438,0.0438,0.0437,0.0437,0.0437,0.0437,0.0437,0.0438,0.0438,0.0439,0.0439,0.044,0.0441,0.0441,0.0442,0.0442,0.0443,0.0444,0.0444,0.0445,0.0445,0.0446,0.0446,0.0447,0.0447,0.0448,0.0449,0.0449,0.045,0.045,0.0451,0.0451,0.0452,0.0452,0.0453,0.0453,0.0454,0.0455,0.0455,0.0455,0.0456,0.0456,0.0456,0.0457,0.0458,0.0459,0.0461,0.0462,0.0464,0.0465,0.0466,0.0468,0.0469,0.0471,0.0472,0.0474,0.0475,0.0477,0.0478,0.048,0.0481,0.0483,0.0484,0.0486,0.0487,0.0489,0.0491,0.0492,0.0494,0.0495,0.0498,0.0502,0.0505,0.0513,0.0526,0.0536,0.0544,0.0552,0.056,0.0569,0.0577,0.0586,0.0595,0.06,0.0602,0.0603,0.0605,0.0607,0.0609,0.0611,0.0613,0.0614,0.0616,0.0618,0.062,0.0622,0.0625,0.0627,0.063,0.0631,0.0632,0.0633,0.0635,0.0637,0.0639,0.0641,0.0644,0.0646,0.0648,0.065,0.0652,0.0655,0.0657,3.3568,3.276,3.199,3.1256,3.0554,2.9884,2.9244,1.3763,1.3413,1.329,1.3169,1.305,1.2907,1.2692,1.2485,1.2284,1.209,1.1901,1.1719,1.1542,1.137,1.1203,1.1041,1.0884,1.0731,1.0582,1.0438,1.0297,1.0159,1.0025,0.9894,0.9766,0.964,0.9516,0.9396
2.3167,2.2985,2.2812,2.2756,2.2701,2.2613,2.2398,1.4954,1.4992,1.4996,1.5044,0.754,0.1814,0.1777,0.1751,0.1725,0.17,0.1678,0.0588,0.0572,0.054,0.0532,0.0523,0.0519,0.0516,0.0513,0.0511,0.0508,0.0506,0.0503,0.0501,0.0499,0.0497,0.0495,0.0492,0.049,0.0488,0.0486,0.0484,0.0482,0.048,0.0479,0.0478,0.0477,0.0476,0.0475,0.0474,0.0473,0.0472,0.0472,0.0471,0.047,0.0469,0.0468,0.0467,0.0466,0.0465,0.0463,0.0462,0.0461,0.0459,0.0458,0.0457,0.0456,0.0456,0.0455,0.0454,0.0453,0.0452,0.0452,0.0451,0.045,0.0449,0.0448,0.0447,0.0446,0.0445,0.0445,0.0444,0.0443,0.0442,0.0441,0.044,0.0439,0.0438,0.0438,0.0438,0.0439,0.0439,0.0439,0.0439,0.0439,0.0439,0.0439,0.0438,0.0438,0.0438,0.0438,0.0438,0.0438,0.0438,0.0438,0.0438,0.0437,0.0437,0.0437,0.0437,0.0437,0.0437,0.0437,0.0437,0.0436,0.0436,0.0436,0.0436,0.0436,0.0437,0.0437,0.0438,0.0439,0.0439,0.044,0.044,0.0441,0.0442,0.0442,0.0443,0.0443,0.0444,0.0444,0.0445,0.0445,0.0446,0.0446,0.0447,0.0447,0.0448,0.0448,0.0449,0.045,0.045,0.0451,0.0451,0.0452,0.0452,0.0453,0.0453,0.0454,0.0454,0.0454,0.0455,0.0455,0.0455,0.0457,0.0458,0.0459,0.0461,0.0462,0.0464,0.0465,0.0467,0.0468,0.0469,0.0471,0.0472,0.0474,0.0475,0.0477,0.0478,0.048,0.0481,0.0483,0.0484,0.0486,0.0488,0.0489,0.0491,0.0492,0.0496,0.0499,0.0502,0.0506,0.0516,0.0529,0.0542,0.055,0.0558,0.0566,0.0575,0.0584,0.0593,0.0598,0.06,0.0602,0.0604,0.0606,0.0607,0.0609,0.0611,0.0613,0.0615,0.0617,0.0619,0.0621,0.0623,0.0625,0.0627,0.0629,0.0631,0.0632,0.0634,0.0636,0.0638,0.064,0.0642,0.0645,0.0647,0.0649,0.0651,0.0654,0.0656,0.0658,3.2987,3.2207,3.1463,3.0752,3.0073,2.9424,2.8737,1.3427,1.3304,1.3183,1.3064,1.2946,1.2746,1.2537,1.2334,1.2138,1.1948,1.1764,1.1586,1.1413,1.1245,1.1082,1.0923,1.0769,1.062,1.0474,1.0332,1.0194,1.0059,0.9927,0.9799,0.9672,0.9548,0.9427
2.3216,2.306,2.2963,2.2901,2.2832,2.1087,1.4852,1.4882,1.4912,1.495,1.5017,0.7502,0.1796,0.1769,0.1742,0.1717,0.1694,0.1675,0.0598,0.0577,0.0542,0.0534,0.0526,0.0519,0.0516,0.0513,0.0511,0.0508,0.0506,0.0504,0.0501,0.0499,0.0497,0.0495,0.0492,0.049,0.0488,0.0486,0.0484,0.0482,0.048,0.0478,0.0477,0.0477,0.0476,0.0475,0.0474,0.0473,0.0472,0.0471,0.0471,0.047,0.0469,0.0468,0.0467,0.0466,0.0464,0.0463,0.0462,0.046,0.0459,0.0458,0.0457,0.0456,0.0455,0.0454,0.0454,0.0453,0.0452,0.0451,0.045,0.0449,0.0449,0.0448,0.0447,0.0446,0.0445,0.0444,0.0443,0.0442,0.0441,0.0441,0.044,0.0439,0.0438,0.0438,0.0438,0.0438,0.0438,0.0438,0.0438,0.0438,0.0438,0.0438,0.0438,0.0437,0.0437,0.0437,0.0437,0.0437,0.0437,0.0437,0.0437,0.0436,0.0436,0.0436,0.0436,0.0436,0.0436,0.0436,0.0436,0.0436,0.0435,0.0435,0.0435,0.0435,0.0436,0.0436,0.0437,0.0437,0.0438,0.0438,0.0439,0.0439,0.044,0.044,0.0441,0.0441,0.0442,0.0443,0.0443,0.0444,0.0444,0.0445,0.0445,0.0446,0.0446,0.0447,0.0447,0.0448,0.0448,0.0449,0.045,0.045,0.0451,0.0451,0.0452,0.0452,0.0452,0.0452,0.0453,0.0453,0.0453,0.0454,0.0455,0.0457,0.0458,0.046,0.0461,0.0462,0.0464,0.0465,0.0467,0.0468,0.047,0.0471,0.0472,0.0474,0.0475,0.0477,0.0478,0.048,0.0482,0.0483,0.0485,0.0486,0.0488,0.049,0.0493,0.0496,0.05,0.0503,0.0508,0.052,0.0533,0.0546,0.0556,0.0564,0.0573,0.0582,0.0591,0.0597,0.0599,0.06,0.0602,0.0604,0.0606,0.0608,0.061,0.0612,0.0613,0.0615,0.0617,0.0619,0.0621,0.0623,0.0625,0.0627,0.0629,0.0631,0.0633,0.0635,0.0637,0.0639,0.0641,0.0644,0.0646,0.0648,0.065,0.0653,0.0655,0.0657,0.0659,3.2427,3.1672,3.0952,3.0264,2.9607,2.8909,1.3568,1.3318,1.3196,1.3077,1.2959,1.28,1.2589,1.2385,1.2187,1.1996,1.181,1.1631,1.1456,1.1287,1.1122,1.0963,1.0808,1.0657,1.051,1.0368,1.0229,1.0093,0.9961,0.9832,0.9705,0.958,0.9458
2.3218,2.3214,2.3144,2.0971,2.0929,2.0969,1.4839,1.4869,1.4902,1.4939,1.4991,0.1989,0.1787,0.176,0.1734,0.171,0.1691,0.1672,0.1654,0.0582,0.0548,0.0536,0.0528,0.052,0.0516,0.0513,0.0511,0.0508,0.0506,0.0504,0.0502,0.0499,0.0497,0.0495,0.0493,0.049,0.0488,0.0486,0.0484,0.0482,0.048,0.0478,0.0477,0.0476,0.0475,0.0475,0.0474,0.0473,0.0472,0.0471,0.047,0.0469,0.0469,0.0468,0.0467,0.0465,0.0464,0.0462,0.0461,0.046,0.0459,0.0457,0.0456,0.0455,0.0455,0.0454,0.0453,0.0452,0.0451,0.0451,0.045,0.0449,0.0448,0.0447,0.0446,0.0445,0.0444,0.0444,0.0443,0.0442,0.0441,0.044,0.0439,0.0438,0.0437,0.0437,0.0437,0.0437,0.0437,0.0437,0.0437,0.0437,0.0437,0.0437,0.0437,0.0437,0.0436,0.0436,0.0436,0.0436,0.0436,0.0436,0.0436,0.0436,0.0435,0.0435,0.0435,0.0435,0.0435,0.0435,0.0435,0.0435,0.0435,0.0434,0.0434,0.0434,0.0434,0.0435,0.0435,0.0436,0.0436,0.0437,0.0437,0.0438,0.0438,0.0439,0.0439,0.044,0.044,0.0441,0.0441,0.0442,0.0443,0.0443,0.0444,0.0444,0.0445,0.0445,0.0446,0.0446,0.0447,0.0447,0.0448,0.0448,0.0449,0.0449,0.045,0.045,0.045,0.0451,0.0451,0.0451,0.0452,0.0452,0.0453,0.0454,0.0456,0.0457,0.0458,0.046,0.0461,0.0462,0.0464,0.0465,0.0467,0.0468,0.047,0.0471,0.0473,0.0474,0.0476,0.0477,0.0479,0.048,0.0482,0.0483,0.0485,0.0487,0.049,0.0494,0.0497,0.05,0.0503,0.0511,0.0523,0.0536,0.055,0.0562,0.0571,0.0579,0.0588,0.0595,0.0597,0.0599,0.0601,0.0603,0.0605,0.0606,0.0608,0.061,0.0612,0.0614,0.0616,0.0618,0.062,0.0621,0.0623,0.0626,0.0629,0.063,0.0632,0.0634,0.0636,0.0638,0.064,0.0643,0.0645,0.0647,0.0649,0.0651,0.0654,0.0656,0.0658,0.0661,3.1885,3.1155,3.0458,2.9793,2.9082,2.8452,1.3332,1.321,1.3091,1.2973,1.2854,1.2642,1.2436,1.2237,1.2044,1.1857,1.1675,1.15,1.1329,1.1164,1.1003,1.0847,1.0695,1.0547,1.0403,1.0264,1.0127,0.9994,0.9864,0.9738,0.9612,0.949
2.3275,2.3277,2.3246,2.045,2.0506,2.0565,1.5948,1.4858,1.4894,1.4931,1.4978,0.1937,0.1778,0.1751,0.1726,0.1707,0.1688,0.167,0.1652,0.0587,0.0553,0.0538,0.053,0.0522,0.0516,0.0514,0.0511,0.0509,0.0506,0.0504,0.0502,0.0499,0.0497,0.0495,0.0493,0.049,0.0488,0.0486,0.0484,0.0482,0.048,0.0478,0.0477,0.0476,0.0475,0.0474,0.0473,0.0473,0.0472,0.0471,0.047,0.0469,0.0468,0.0467,0.0466,0.0465,0.0463,0.0462,0.0461,0.046,0.0458,0.0457,0.0456,0.0455,0.0454,0.0453,0.0453,0.0452,0.0451,0.045,0.0449,0.0448,0.0448,0.0447,0.0446,0.0445,0.0444,0.0443,0.0442,0.0441,0.044,0.044,0.0439,0.0438,0.0437,0.0436,0.0436,0.0436,0.0436,0.0436,0.0436,0.0436,0.0436,0.0436,0.0436,0.0436,0.0436,0.0435,0.0435,0.0435,0.0435,0.0435,0.0435,0.0435,0.0435,0.0434,0.0434,0.0434,0.0434,0.0434,0.0434,0.0434,0.0434,0.0433,0.0433,0.0433,0.0433,0.0433,0.0434,0.0434,0.0435,0.0435,0.0436,0.0436,0.0437,0.0437,0.0438,0.0438,0.0439,0.0439,0.044,0.044,0.0441,0.0441,0.0442,0.0442,0.0443,0.0444,0.0444,0.0445,0.0445,0.0446,0.0446,0.0447,0.0447,0.0448,0.0448,0.0448,0.0449,0.0449,0.0449,0.045,0.045,0.045,0.045,0.0452,0.0453,0.0454,0.0456,0.0457,0.0458,0.046,0.0461,0.0463,0.0464,0.0465,0.0467,0.0468,0.047,0.0471,0.0473,0.0474,0.0476,0.0477,0.0479,0.048,0.0482,0.0485,0.0488,0.0491,0.0494,0.0497,0.0501,0.0504,0.0514,0.0527,0.054,0.0554,0.0568,0.0577,0.0586,0.0594,0.0596,0.0598,0.0599,0.0601,0.0603,0.0605,0.0607,0.0609,0.061,0.0612,0.0614,0.0617,0.062,0.0623,0.0627,0.063,0.0632,0.0632,0.0632,0.0632,0.0635,0.0637,0.0639,0.0641,0.0644,0.0646,0.0648,0.065,0.0653,0.0655,0.0657,0.0659,0.0662,3.1361,3.0655,2.998,2.9258,2.862,1.3346,1.3224,1.3104,1.2987,1.287,1.2695,1.2487,1.2286,1.2092,1.1903,1.1721,1.1544,1.1372,1.1205,1.1043,1.0886,1.0733,1.0584,1.0439,1.0299,1.0162,1.0028,0.9897,0.977,0.9645,0.9521
2.3273,2.0491,2.0374,2.0405,2.0483,2.0526,1.5872,1.485,1.4887,1.4923,1.4967,0.1888,0.1769,0.1743,0.1723,0.1704,0.1685,0.1667,0.1649,0.0592,0.0559,0.054,0.0532,0.0524,0.0516,0.0514,0.0511,0.0509,0.0506,0.0504,0.0502,0.05,0.0497,0.0495,0.0493,0.0491,0.0488,0.0486,0.0484,0.0482,0.048,0.0478,0.0477,0.0476,0.0475,0.0474,0.0473,0.0472,0.0472,0.0471,0.047,0.0469,0.0468,0.0467,0.0466,0.0464,0.0463,0.0462,0.046,0.0459,0.0458,0.0457,0.0455,0.0455,0.0454,0.0453,0.0452,0.0451,0.045,0.045,0.0449,0.0448,0.0447,0.0446,0.0445,0.0444,0.0443,0.0443,0.0442,0.0441,0.044,0.0439,0.0438,0.0437,0.0437,0.0436,0.0435,0.0435,0.0435,0.0435,0.0435,0.0435,0.0435,0.0435,0.0435,0.0435,0.0435,0.0435,0.0434,0.0434,0.0434,0.0434,0.0434,0.0434,0.0434,0.0434,0.0433,0.0433,0.0433,0.0433,0.0433,0.0433,0.0433,0.0432,0.0432,0.0432,0.0432,0.0432,0.0432,0.0433,0.0433,0.0434,0.0434,0.0435,0.0435,0.0436,0.0436,0.0437,0.0437,0.0438,0.0438,0.0439,0.0439,0.044,0.044,0.0441,0.0441,0.0442,0.0442,0.0443,0.0444,0.0444,0.0445,0.0445,0.0446,0.0446,0.0446,0.0447,0.0447,0.0447,0.0448,0.0448,0.0448,0.0448,0.0449,0.0449,0.045,0.0452,0.0453,0.0454,0.0456,0.0457,0.0458,0.046,0.0461,0.0463,0.0464,0.0466,0.0467,0.0468,0.047,0.0471,0.0473,0.0474,0.0476,0.0477,0.0479,0.0482,0.0485,0.0488,0.0492,0.0495,0.0498,0.0501,0.0505,0.0518,0.0531,0.0544,0.0558,0.0573,0.0584,0.0593,0.0594,0.0596,0.0598,0.06,0.0602,0.0603,0.0606,0.0609,0.0612,0.0615,0.0618,0.0621,0.0624,0.0627,0.063,0.0633,0.0634,0.0634,0.0634,0.0634,0.0634,0.0636,0.0638,0.064,0.0642,0.0644,0.0647,0.0649,0.0651,0.0654,0.0656,0.0658,0.0661,0.0663,3.0854,3.017,2.9448,2.8791,1.358,1.3238,1.3118,1.3,1.2884,1.2748,1.2539,1.2336,1.214,1.1951,1.1766,1.1588,1.1415,1.1247,1.1084,1.0925,1.0771,1.0621,1.0476,1.0334,1.0196,1.0062,0.993,0.9802,0.9677,0.9553
2.0359,2.0353,2.037,2.0408,2.0508,2.0622,1.5798,1.4846,1.4882,1.4837,1.4881,0.1842,0.1761,0.174,0.172,0.1701,0.1682,0.1664,0.1646,0.1629,0.0565,0.0542,0.0534,0.0526,0.0518,0.0514,0.0511,0.0509,0.0507,0.0504,0.0502,0.05,0.0497,0.0495,0.0493,0.0491,0.0488,0.0486,0.0484,0.0482,0.048,0.0478,0.0477,0.0476,0.0475,0.0474,0.0473,0.0472,0.0471,0.047,0.047,0.0469,0.0468,0.0467,0.0465,0.0464,0.0463,0.0461,0.046,0.0459,0.0458,0.0456,0.0455,0.0454,0.0453,0.0452,0.0452,0.0451,0.045,0.0449,0.0448,0.0447,0.0447,0.0446,0.0445,0.0444,0.0443,0.0442,0.0441,0.044,0.0439,0.0439,0.0438,0.0437,0.0436,0.0435,0.0434,0.0434,0.0435,0.0435,0.0434,0.0434,0.0434,0.0434,0.0434,0.0434,0.0434,0.0434,0.0434,0.0433,0.0433,0.0433,0.0433,0.0433,0.0433,0.0433,0.0432,0.0432,0.0432,0.0432,0.0432,0.0432,0.0432,0.0431,0.0431,0.0431,0.0431,0.0431,0.0431,0.0431,0.0432,0.0432,0.0433,0.0433,0.0434,0.0434,0.0435,0.0435,0.0436,0.0436,0.0437,0.0437,0.0438,0.0438,0.0439,0.0439,0.044,0.044,0.0441,0.0441,0.0442,0.0442,0.0443,0.0443,0.0444,0.0444,0.0445,0.0445,0.0445,0.0446,0.0446,0.0446,0.0446,0.0447,0.0447,0.0447,0.0448,0.0449,0.045,0.0452,0.0453,0.0454,0.0456,0.0457,0.0459,0.046,0.0461,0.0463,0.0464,0.0466,0.0467,0.0469,0.047,0.0471,0.0473,0.0474,0.0477,0.048,0.0483,0.0486,0.0489,0.0492,0.0495,0.0499,0.0502,0.0509,0.0521,0.0534,0.0548,0.0562,0.0577,0.0591,0.0593,0.0595,0.0598,0.0601,0.0603,0.0606,0.0609,0.0612,0.0615,0.0618,0.0621,0.0624,0.0627,0.0631,0.0634,0.0636,0.0636,0.0636,0.0636,0.0636,0.0636,0.0636,0.0636,0.0639,0.0641,0.0643,0.0645,0.0648,0.065,0.0652,0.0654,0.0657,0.0659,0.0662,0.0664,0.0665,0.0667,2.8963,2.8338,1.3251,1.3131,1.3013,1.2897,1.2782,1.2591,1.2387,1.219,1.1998,1.1812,1.1633,1.1458,1.1289,1.1124,1.0965,1.081,1.0659,1.0512,1.0369,1.023,1.0095,0.9964,0.9835,0.9709,0.9585
2.0388,2.0344,2.0337,2.0395,2.0498,1.5654,1.5672,1.4819,1.4768,1.4789,1.4845,0.1797,0.1757,0.1737,0.1717,0.1698,0.168,0.1661,0.1644,0.1626,0.0571,0.0545,0.0536,0.0528,0.052,0.0514,0.0511,0.0509,0.0507,0.0504,0.0502,0.05,0.0497,0.0495,0.0493,0.0491,0.0488,0.0486,0.0484,0.0482,0.048,0.0478,0.0476,0.0475,0.0475,0.0474,0.0473,0.0472,0.0471,0.047,0.0469,0.0468,0.0468,0.0466,0.0465,0.0464,0.0462,0.0461,0.046,0.0459,0.0457,0.0456,0.0455,0.0454,0.0453,0.0452,0.0451,0.045,0.0449,0.0449,0.0448,0.0447,0.0446,0.0445,0.0444,0.0443,0.0442,0.0442,0.0441,0.044,0.0439,0.0438,0.0437,0.0436,0.0436,0.0435,0.0434,0.0434,0.0434,0.0434,0.0434,0.0433,0.0433,0.0433,0.0433,0.0433,0.0433,0.0433,0.0433,0.0432,0.0432,0.0432,0.0432,0.0432,0.0432,0.0432,0.0431,0.0431,0.0431,0.0431,0.0431,0.0431,0.0431,0.043,0.043,0.043,0.043,0.043,0.0429,0.043,0.043,0.0431,0.0431,0.0432,0.0432,0.0433,0.0433,0.0434,0.0434,0.0435,0.0435,0.0436,0.0436,0.0437,0.0437,0.0438,0.0438,0.0439,0.0439,0.044,0.044,0.0441,0.0441,0.0442,0.0442,0.0443,0.0443,0.0443,0.0444,0.0444,0.0444,0.0444,0.0445,0.0445,0.0445,0.0446,0.0446,0.0447,0.0448,0.0449,0.0451,0.0452,0.0453,0.0455,0.0456,0.0457,0.0459,0.046,0.0462,0.0463,0.0464,0.0466,0.0467,0.0469,0.047,0.0472,0.0474,0.0477,0.048,0.0483,0.0486,0.049,0.0493,0.0496,0.0499,0.0502,0.0512,0.0525,0.0538,0.0552,0.0566,0.0582,0.0595,0.0598,0.0601,0.0604,0.0607,0.061,0.0613,0.0616,0.0619,0.0622,0.0625,0.0628,0.0631,0.0634,0.0637,0.0638,0.0638,0.0638,0.0638,0.0638,0.0638,0.0638,0.0638,0.0638,0.0639,0.0642,0.0644,0.0646,0.0648,0.0651,0.0653,0.0655,0.0658,0.066,0.0662,0.0664,0.0665,0.0667,0.0668,0.067,1.3145,1.3027,1.2911,1.2796,1.2644,1.2438,1.2239,1.2046,1.1859,1.1678,1.1502,1.1331,1.1166,1.1005,1.0848,1.0697,1.0549,1.0405,1.0265,1.0129,0.9997,0.9867,0.9741,0.9617
2.3122,2.0334,2.0316,2.0387,1.5517,1.5562,1.5655,1.4772,1.4728,1.4756,1.4824,0.1775,0.1754,0.1734,0.1714,0.1695,0.1677,0.1659,0.1641,0.1624,0.0577,0.0547,0.0538,0.053,0.0522,0.0514,0.0512,0.0509,0.0507,0.0504,0.0502,0.05,0.0498,0.0495,0.0493,0.0491,0.0489,0.0486,0.0484,0.0482,0.048,0.0478,0.0477,0.0475,0.0474,0.0473,0.0473,0.0472,0.0471,0.047,0.0469,0.0468,0.0467,0.0466,0.0465,0.0463,0.0462,0.0461,0.0459,0.0458,0.0457,0.0456,0.0454,0.0453,0.0452,0.0451,0.0451,0.045,0.0449,0.0448,0.0447,0.0446,0.0446,0.0445,0.0444,0.0443,0.0442,0.0441,0.044,0.0439,0.0439,0.0438,0.0437,0.0436,0.0435,0.0434,0.0433,0.0433,0.0433,0.0433,0.0433,0.0433,0.0432,0.0432,0.0432,0.0432,0.0432,0.0432,0.0432,0.0431,0.0431,0.0431,0.0431,0.0431,0.0431,0.0431,0.043,0.043,0.043,0.043,0.043,0.043,0.043,0.0429,0.0429,0.0429,0.0429,0.0429,0.0428,0.0428,0.0429,0.0429,0.043,0.043,0.0431,0.0431,0.0432,0.0432,0.0433,0.0433,0.0434,0.0434,0.0435,0.0435,0.0436,0.0436,0.0437,0.0437,0.0438,0.0438,0.0439,0.0439,0.044,0.044,0.0441,0.0441,0.0441,0.0442,0.0442,0.0442,0.0442,0.0443,0.0443,0.0443,0.0444,0.0444,0.0444,0.0444,0.0445,0.0447,0.0448,0.0449,0.0451,0.0452,0.0453,0.0455,0.0456,0.0457,0.0459,0.046,0.0462,0.0463,0.0464,0.0466,0.0467,0.0469,0.0472,0.0475,0.0478,0.0481,0.0484,0.0487,0.049,0.0493,0.0497,0.05,0.0503,0.0516,0.0528,0.0542,0.0556,0.0571,0.0595,0.06,0.0604,0.0607,0.061,0.0613,0.0616,0.0619,0.0622,0.0625,0.0628,0.0632,0.0635,0.0638,0.0639,0.0639,0.0639,0.0639,0.0639,0.0639,0.0639,0.064,0.064,0.064,0.064,0.064,0.0643,0.0645,0.0647,0.0649,0.0652,0.0654,0.0656,0.0659,0.066,0.0662,0.0663,0.0665,0.0666,0.0668,0.067,0.0671,0.0673,1.2809,1.2696,1.249,1.2289,1.2094,1.1906,1.1723,1.1546,1.1374,1.1207,1.1045,1.0888,1.0735,1.0586,1.0441,1.03,1.0163,1.003,0.99,0.9773,0.9649
2.3069,2.0327,2.035,2.0425,1.5483,1.554,1.5633,1.4725,1.4695,1.4723,0.1924,0.177,0.175,0.1731,0.1711,0.1693,0.1674,0.1656,0.1638,0.1621,0.0583,0.0549,0.054,0.0532,0.0524,0.0516,0.0512,0.0509,0.0507,0.0505,0.0502,0.05,0.0498,0.0495,0.0493,0.0491,0.0489,0.0486,0.0484,0.0483,0.0481,0.0479,0.0477,0.0475,0.0474,0.0473,0.0472,0.0471,0.0471,0.047,0.0469,0.0468,0.0467,0.0466,0.0464,0.0463,0.0462,0.046,0.0459,0.0458,0.0457,0.0455,0.0454,0.0453,0.0452,0.0451,0.045,0.0449,0.0449,0.0448,0.0447,0.0446,0.0445,0.0444,0.0443,0.0442,0.0442,0.0441,0.044,0.0439,0.0438,0.0437,0.0436,0.0435,0.0435,0.0434,0.0433,0.0432,0.0432,0.0432,0.0432,0.0432,0.0432,0.0431,0.0431,0.0431,0.0431,0.0431,0.0431,0.043,0.043,0.043,0.043,0.043,0.043,0.043,0.0429,0.0429,0.0429,0.0429,0.0429,0.0429,0.0429,0.0428,0.0428,0.0428,0.0428,0.0428,0.0427,0.0427,0.0427,0.0428,0.0428,0.0429,0.0429,0.043,0.043,0.0431,0.0431,0.0432,0.0432,0.0433,0.0433,0.0434,0.0434,0.0435,0.0435,0.0436,0.0436,0.0437,0.0437,0.0438,0.0438,0.0439,0.0439,0.0439,0.044,0.044,0.044,0.044,0.0441,0.0441,0.0441,0.0442,0.0442,0.0442,0.0442,0.0443,0.0443,0.0444,0.0445,0.0447,0.0448,0.0449,0.0451,0.0452,0.0453,0.0455,0.0456,0.0458,0.0459,0.046,0.0462,0.0463,0.0465,0.0467,0.047,0.0473,0.0475,0.0478,0.0481,0.0485,0.0488,0.0491,0.0494,0.0497,0.05,0.0507,0.0519,0.0532,0.0545,0.056,0.0595,0.06,0.0604,0.0609,0.0614,0.0617,0.062,0.0623,0.0626,0.0629,0.0632,0.0635,0.0638,0.0641,0.0641,0.0641,0.0641,0.0641,0.0641,0.0641,0.0641,0.0641,0.0641,0.0641,0.0641,0.0641,0.0641,0.0643,0.0646,0.0648,0.065,0.0653,0.0655,0.0657,0.0659,0.066,0.0662,0.0663,0.0665,0.0666,0.0668,0.0669,0.0671,0.0673,0.0674,0.0676,1.2339,1.2143,1.1953,1.1769,1.159,1.1417,1.1249,1.1085,1.0927,1.0773,1.0623,1.0477,1.0336,1.0198,1.0063,0.9932,0.9805,0.968
2.0290,2.0318,2.0406,1.542,1.5449,1.5517,1.4681,1.4676,1.4663,0.7181,0.1876,0.1765,0.1746,0.1727,0.1709,0.169,0.1671,0.1653,0.1636,0.1618,0.1608,0.0551,0.0543,0.0534,0.0526,0.0518,0.0512,0.0509,0.0507,0.0505,0.0502,0.05,0.0498,0.0495,0.0493,0.0491,0.0489,0.0487,0.0485,0.0483,0.0481,0.0479,0.0477,0.0475,0.0474,0.0473,0.0472,0.0471,0.047,0.0469,0.0469,0.0468,0.0467,0.0465,0.0464,0.0463,0.0461,0.046,0.0459,0.0458,0.0456,0.0455,0.0454,0.0452,0.0451,0.045,0.045,0.0449,0.0448,0.0447,0.0446,0.0445,0.0445,0.0444,0.0443,0.0442,0.0441,0.044,0.0439,0.0438,0.0438,0.0437,0.0436,0.0435,0.0434,0.0433,0.0432,0.0432,0.0431,0.0431,0.0431,0.0431,0.0431,0.043,0.043,0.043,0.043,0.043,0.043,0.0429,0.0429,0.0429,0.0429,0.0429,0.0429,0.0429,0.0428,0.0428,0.0428,0.0428,0.0428,0.0428,0.0428,0.0427,0.0427,0.0427,0.0427,0.0427,0.0426,0.0426,0.0426,0.0426,0.0427,0.0427,0.0428,0.0428,0.0428,0.0429,0.0429,0.043,0.043,0.0431,0.0431,0.0432,0.0432,0.0433,0.0434,0.0434,0.0435,0.0435,0.0436,0.0436,0.0437,0.0437,0.0437,0.0438,0.0438,0.0438,0.0439,0.0439,0.0439,0.0439,0.044,0.044,0.044,0.044,0.0441,0.0441,0.0441,0.0442,0.0443,0.0444,0.0446,0.0447,0.0448,0.0449,0.0451,0.0452,0.0454,0.0455,0.0456,0.0458,0.0459,0.046,0.0462,0.0464,0.0467,0.047,0.0473,0.0476,0.0479,0.0482,0.0485,0.0488,0.0491,0.0494,0.0498,0.0501,0.051,0.0523,0.0536,0.0549,0.0564,0.06,0.0605,0.0609,0.0614,0.0619,0.0623,0.0626,0.0629,0.0633,0.0636,0.0639,0.0642,0.0643,0.0643,0.0643,0.0643,0.0643,0.0643,0.0643,0.0643,0.0643,0.0643,0.0643,0.0643,0.0643,0.0643,0.0643,0.0644,0.0647,0.0649,0.0651,0.0653,0.0655,0.0657,0.0658,0.066,0.0661,0.0663,0.0665,0.0666,0.0668,0.0669,0.0671,0.0672,0.0674,0.0676,0.0677,0.0676,0.0675,1.1635,1.146,1.1291,1.1126,1.0967,1.0811,1.066,1.0514,1.0371,1.0232,1.0097,0.9965,0.9837,0.9712
2.0307,2.0309,2.0468,1.5387,1.5415,1.5495,1.4633,1.4628,0.7115,0.7134,0.1842,0.176,0.1742,0.1723,0.1706,0.1687,0.1669,0.1651,0.1633,0.1616,0.1605,0.0554,0.0545,0.0536,0.0528,0.052,0.0512,0.051,0.0507,0.0505,0.0502,0.05,0.0498,0.0496,0.0493,0.0491,0.0489,0.0487,0.0485,0.0483,0.0481,0.0479,0.0477,0.0475,0.0474,0.0473,0.0472,0.0471,0.047,0.0469,0.0468,0.0468,0.0466,0.0465,0.0464,0.0462,0.0461,0.046,0.0458,0.0457,0.0456,0.0455,0.0453,0.0452,0.0451,0.045,0.0449,0.0448,0.0448,0.0447,0.0446,0.0445,0.0444,0.0443,0.0442,0.0441,0.0441,0.044,0.0439,0.0438,0.0437,0.0436,0.0435,0.0435,0.0434,0.0433,0.0432,0.0431,0.043,0.043,0.043,0.043,0.043,0.0429,0.0429,0.0429,0.0429,0.0429,0.0429,0.0428,0.0428,0.0428,0.0428,0.0428,0.0428,0.0428,0.0427,0.0427,0.0427,0.0427,0.0427,0.0427,0.0427,0.0426,0.0426,0.0426,0.0426,0.0426,0.0425,0.0425,0.0425,0.0425,0.0425,0.0426,0.0426,0.0426,0.0427,0.0427,0.0428,0.0428,0.0429,0.0429,0.043,0.043,0.0431,0.0431,0.0432,0.0432,0.0433,0.0433,0.0434,0.0434,0.0435,0.0436,0.0436,0.0436,0.0436,0.0437,0.0437,0.0437,0.0437,0.0438,0.0438,0.0438,0.0439,0.0439,0.0439,0.0439,0.044,0.044,0.044,0.0442,0.0443,0.0444,0.0446,0.0447,0.0448,0.045,0.0451,0.0452,0.0454,0.0455,0.0456,0.0458,0.0459,0.0462,0.0465,0.0468,0.0471,0.0474,0.0477,0.048,0.0483,0.0486,0.0489,0.0492,0.0495,0.0498,0.0502,0.0513,0.0526,0.0539,0.0553,0.06,0.0605,0.0609,0.0614,0.0619,0.0624,0.0628,0.0633,0.0636,0.0639,0.0643,0.0645,0.0645,0.0645,0.0645,0.0645,0.0645,0.0645,0.0645,0.0645,0.0645,0.0645,0.0645,0.0645,0.0645,0.0645,0.0645,0.0645,0.0645,0.0647,0.065,0.0652,0.0654,0.0655,0.0657,0.0658,0.066,0.0661,0.0663,0.0664,0.0666,0.0668,0.067,0.0671,0.0673,0.0675,0.0675,0.0674,0.0673,0.0672,0.0671,0.067,0.0669,0.0668,1.085,1.0698,1.0551,1.0407,1.0267,1.0131,0.9998,0.9869,0.9743
2.2880,2.0379,2.0594,1.5353,1.5381,1.5472,0.7042,0.7013,0.7032,0.7054,0.1831,0.1756,0.1738,0.172,0.1702,0.1684,0.1666,0.1648,0.163,0.1613,0.1602,0.056,0.0547,0.0539,0.053,0.0521,0.0513,0.051,0.0507,0.0505,0.0503,0.05,0.0498,0.0496,0.0493,0.0491,0.0489,0.0487,0.0485,0.0483,0.0481,0.0479,0.0477,0.0475,0.0473,0.0472,0.0472,0.0471,0.047,0.0469,0.0468,0.0467,0.0466,0.0465,0.0463,0.0462,0.0461,0.0459,0.0458,0.0457,0.0456,0.0454,0.0453,0.0452,0.045,0.045,0.0449,0.0448,0.0447,0.0446,0.0445,0.0444,0.0444,0.0443,0.0442,0.0441,0.044,0.0439,0.0438,0.0437,0.0437,0.0436,0.0435,0.0434,0.0433,0.0432,0.0432,0.0431,0.043,0.0429,0.0429,0.0429,0.0429,0.0428,0.0428,0.0428,0.0428,0.0428,0.0428,0.0427,0.0427,0.0427,0.0427,0.0427,0.0427,0.0427,0.0426,0.0426,0.0426,0.0426,0.0426,0.0426,0.0426,0.0425,0.0425,0.0425,0.0425,0.0425,0.0424,0.0424,0.0424,0.0424,0.0424,0.0424,0.0425,0.0425,0.0425,0.0426,0.0426,0.0427,0.0427,0.0428,0.0428,0.0429,0.0429,0.043,0.043,0.0431,0.0431,0.0432,0.0432,0.0433,0.0433,0.0434,0.0434,0.0434,0.0435,0.0435,0.0435,0.0436,0.0436,0.0436,0.0436,0.0437,0.0437,0.0437,0.0437,0.0438,0.0438,0.0438,0.0438,0.0439,0.0441,0.0442,0.0443,0.0444,0.0446,0.0447,0.0448,0.045,0.0451,0.0452,0.0454,0.0455,0.0457,0.046,0.0463,0.0465,0.0468,0.0471,0.0474,0.0477,0.048,0.0483,0.0486,0.0489,0.0492,0.0496,0.0499,0.0505,0.0517,0.053,0.0543,0.0601,0.0605,0.061,0.0614,0.0619,0.0624,0.0629,0.0634,0.0639,0.0643,0.0646,0.0647,0.0647,0.0647,0.0647,0.0647,0.0647,0.0647,0.0647,0.0647,0.0647,0.0647,0.0647,0.0647,0.0647,0.0647,0.0647,0.0647,0.0647,0.0647,0.0648,0.065,0.0652,0.0653,0.0655,0.0657,0.0658,0.066,0.0662,0.0664,0.0665,0.0667,0.0669,0.0671,0.0673,0.0674,0.0673,0.0671,0.067,0.0669,0.0668,0.0667,0.0667,0.0666,0.0665,0.0664,0.0663,0.0662,0.0662,0.0661,1.0031,0.9901,0.9775
2.2817,2.0501,2.0541,1.532,0.7022,0.6993,0.6965,0.6937,0.694,0.6963,0.1819,0.1752,0.1734,0.1716,0.1698,0.168,0.1663,0.1645,0.1628,0.1611,0.16,0.0566,0.0549,0.0541,0.0532,0.0522,0.0514,0.051,0.0507,0.0505,0.0503,0.05,0.0498,0.0496,0.0494,0.0491,0.0489,0.0487,0.0485,0.0483,0.0481,0.0479,0.0477,0.0475,0.0473,0.0472,0.0471,0.047,0.047,0.0469,0.0468,0.0467,0.0466,0.0464,0.0463,0.0462,0.046,0.0459,0.0458,0.0457,0.0455,0.0454,0.0453,0.0451,0.045,0.0449,0.0448,0.0447,0.0447,0.0446,0.0445,0.0444,0.0443,0.0442,0.0441,0.044,0.044,0.0439,0.0438,0.0437,0.0436,0.0435,0.0434,0.0434,0.0433,0.0432,0.0431,0.043,0.0429,0.0428,0.0428,0.0428,0.0428,0.0427,0.0427,0.0427,0.0427,0.0427,0.0427,0.0427,0.0426,0.0426,0.0426,0.0426,0.0426,0.0426,0.0425,0.0425,0.0425,0.0425,0.0425,0.0425,0.0425,0.0424,0.0424,0.0424,0.0424,0.0424,0.0423,0.0423,0.0423,0.0423,0.0422,0.0423,0.0423,0.0424,0.0424,0.0424,0.0425,0.0425,0.0426,0.0426,0.0427,0.0427,0.0428,0.0428,0.0429,0.0429,0.043,0.043,0.0431,0.0431,0.0432,0.0432,0.0433,0.0433,0.0433,0.0433,0.0434,0.0434,0.0434,0.0434,0.0435,0.0435,0.0435,0.0436,0.0436,0.0436,0.0436,0.0437,0.0437,0.0437,0.0438,0.0439,0.0441,0.0442,0.0443,0.0444,0.0446,0.0447,0.0448,0.045,0.0451,0.0452,0.0455,0.0458,0.046,0.0463,0.0466,0.0469,0.0472,0.0475,0.0478,0.0481,0.0484,0.0487,0.049,0.0493,0.0496,0.0499,0.0508,0.052,0.0533,0.0547,0.0605,0.061,0.0615,0.0619,0.0624,0.0629,0.0634,0.0639,0.0644,0.0649,0.0649,0.0649,0.0649,0.0649,0.0649,0.0649,0.0649,0.0649,0.0649,0.0649,0.0649,0.0649,0.0649,0.0649,0.0649,0.0649,0.0649,0.0649,0.0649,0.0649,0.0649,0.0651,0.0653,0.0654,0.0656,0.0658,0.0659,0.0661,0.0663,0.0665,0.0666,0.0668,0.067,0.0672,0.0672,0.067,0.0669,0.0668,0.0667,0.0666,0.0665,0.0664,0.0663,0.0662,0.0661,0.0661,0.066,0.0659,0.0658,0.0657,0.0657,0.0656
2.2773,2.0597,0.7002,0.6974,0.6962,0.6959,0.6956,0.6953,0.6956,0.1918,0.1808,0.1748,0.173,0.1712,0.1694,0.1677,0.166,0.1643,0.1625,0.1608,0.1597,0.0572,0.0552,0.0543,0.0535,0.0523,0.0514,0.051,0.0507,0.0505,0.0503,0.05,0.0498,0.0496,0.0494,0.0491,0.0489,0.0487,0.0485,0.0483,0.0481,0.0479,0.0477,0.0475,0.0473,0.0472,0.0471,0.047,0.0469,0.0469,0.0468,0.0467,0.0465,0.0464,0.0463,0.0461,0.046,0.0459,0.0457,0.0456,0.0455,0.0454,0.0452,0.0451,0.045,0.0449,0.0448,0.0447,0.0446,0.0445,0.0444,0.0443,0.0443,0.0442,0.0441,0.044,0.0439,0.0438,0.0437,0.0437,0.0436,0.0435,0.0434,0.0433,0.0432,0.0431,0.0431,0.043,0.0429,0.0428,0.0427,0.0427,0.0427,0.0426,0.0426,0.0426,0.0426,0.0426,0.0426,0.0426,0.0425,0.0425,0.0425,0.0425,0.0425,0.0425,0.0424,0.0424,0.0424,0.0424,0.0424,0.0424,0.0424,0.0423,0.0423,0.0423,0.0423,0.0423,0.0422,0.0422,0.0422,0.0422,0.0421,0.0421,0.0422,0.0422,0.0423,0.0423,0.0423,0.0424,0.0424,0.0425,0.0425,0.0426,0.0426,0.0427,0.0427,0.0428,0.0428,0.0429,0.0429,0.043,0.043,0.0431,0.0431,0.0431,0.0432,0.0432,0.0432,0.0432,0.0433,0.0433,0.0433,0.0433,0.0434,0.0434,0.0434,0.0434,0.0435,0.0435,0.0435,0.0435,0.0436,0.0437,0.0438,0.0439,0.0441,0.0442,0.0443,0.0445,0.0446,0.0447,0.0449,0.045,0.0453,0.0455,0.0458,0.0461,0.0464,0.0466,0.0469,0.0472,0.0475,0.0478,0.0481,0.0484,0.0487,0.049,0.0494,0.0497,0.05,0.0511,0.0524,0.0537,0.0606,0.061,0.0615,0.062,0.0624,0.0629,0.0634,0.0639,0.0653,0.0652,0.0651,0.065,0.065,0.065,0.065,0.065,0.065,0.065,0.065,0.065,0.065,0.065,0.065,0.065,0.065,0.065,0.065,0.065,0.065,0.065,0.0651,0.0651,0.0652,0.0654,0.0655,0.0657,0.0659,0.066,0.0662,0.0664,0.0666,0.0668,0.0669,0.0671,0.0669,0.0668,0.0667,0.0666,0.0665,0.0664,0.0662,0.0661,0.0661,0.066,0.0659,0.0658,0.0657,0.0656,0.0656,0.0655,0.0654,0.0653
2.0109,2.0347,0.6999,0.6996,0.6993,0.6989,0.6986,0.6983,0.6982,0.1906,0.1799,0.1744,0.1726,0.1708,0.169,0.1673,0.1656,0.164,0.1623,0.1606,0.1594,0.0578,0.0554,0.0545,0.0536,0.0524,0.0515,0.0511,0.0508,0.0505,0.0503,0.0501,0.0498,0.0496,0.0494,0.0491,0.0489,0.0487,0.0485,0.0483,0.0481,0.0479,0.0477,0.0475,0.0473,0.0472,0.0471,0.047,0.0469,0.0468,0.0467,0.0466,0.0465,0.0464,0.0462,0.0461,0.046,0.0458,0.0457,0.0456,0.0455,0.0453,0.0452,0.0451,0.0449,0.0448,0.0447,0.0446,0.0446,0.0445,0.0444,0.0443,0.0442,0.0441,0.044,0.0439,0.0439,0.0438,0.0437,0.0436,0.0435,0.0434,0.0433,0.0433,0.0432,0.0431,0.043,0.0429,0.0428,0.0427,0.0426,0.0426,0.0426,0.0425,0.0425,0.0425,0.0425,0.0425,0.0425,0.0425,0.0424,0.0424,0.0424,0.0424,0.0424,0.0424,0.0424,0.0423,0.0423,0.0423,0.0423,0.0423,0.0423,0.0422,0.0422,0.0422,0.0422,0.0422,0.0421,0.0421,0.0421,0.0421,0.042,0.042,0.042,0.0421,0.0421,0.0422,0.0422,0.0422,0.0423,0.0423,0.0424,0.0424,0.0425,0.0425,0.0426,0.0426,0.0427,0.0427,0.0428,0.0428,0.0429,0.0429,0.0429,0.043,0.043,0.043,0.043,0.0431,0.0431,0.0431,0.0431,0.0432,0.0432,0.0432,0.0433,0.0433,0.0433,0.0433,0.0434,0.0434,0.0434,0.0434,0.0436,0.0437,0.0438,0.044,0.0441,0.0442,0.0443,0.0445,0.0446,0.0448,0.045,0.0453,0.0456,0.0459,0.0461,0.0464,0.0467,0.047,0.0473,0.0476,0.0479,0.0482,0.0485,0.0488,0.0491,0.0494,0.0497,0.0503,0.0515,0.0527,0.0606,0.061,0.0615,0.062,0.0625,0.063,0.0635,0.0649,0.0657,0.0656,0.0655,0.0654,0.0653,0.0652,0.0652,0.0652,0.0652,0.0652,0.0652,0.0652,0.0652,0.0652,0.0652,0.0652,0.0652,0.0652,0.0652,0.0652,0.0652,0.0652,0.0653,0.0653,0.0653,0.0653,0.0655,0.0656,0.0658,0.066,0.0662,0.0663,0.0665,0.0667,0.0669,0.0668,0.0667,0.0666,0.0665,0.0664,0.0663,0.0661,0.066,0.0659,0.0658,0.0657,0.0656,0.0656,0.0655,0.0654,0.0653,0.0652,0.0652,0.0651
2.0126,2.0267,1.5192,0.7031,0.7023,0.702,0.7017,0.7013,0.701,0.1893,0.1795,0.174,0.1722,0.1704,0.1686,0.1669,0.1652,0.1636,0.162,0.1603,0.1592,0.1582,0.0556,0.0547,0.0537,0.0525,0.0516,0.0511,0.0508,0.0505,0.0503,0.0501,0.0498,0.0496,0.0494,0.0492,0.0489,0.0487,0.0485,0.0483,0.0481,0.0479,0.0477,0.0476,0.0474,0.0472,0.0471,0.047,0.0469,0.0468,0.0467,0.0466,0.0465,0.0463,0.0462,0.0461,0.0459,0.0458,0.0457,0.0456,0.0454,0.0453,0.0452,0.045,0.0449,0.0448,0.0447,0.0446,0.0445,0.0444,0.0443,0.0442,0.0442,0.0441,0.044,0.0439,0.0438,0.0437,0.0436,0.0436,0.0435,0.0434,0.0433,0.0432,0.0431,0.0431,0.043,0.0429,0.0428,0.0427,0.0425,0.0425,0.0425,0.0424,0.0424,0.0424,0.0424,0.0424,0.0424,0.0424,0.0423,0.0423,0.0423,0.0423,0.0423,0.0423,0.0423,0.0422,0.0422,0.0422,0.0422,0.0422,0.0422,0.0421,0.0421,0.0421,0.0421,0.0421,0.042,0.042,0.042,0.042,0.042,0.0419,0.0419,0.0419,0.042,0.042,0.0421,0.0421,0.0421,0.0422,0.0422,0.0423,0.0423,0.0424,0.0424,0.0425,0.0425,0.0426,0.0426,0.0427,0.0427,0.0428,0.0428,0.0428,0.0428,0.0429,0.0429,0.0429,0.0429,0.043,0.043,0.043,0.043,0.0431,0.0431,0.0431,0.0431,0.0432,0.0432,0.0432,0.0433,0.0433,0.0433,0.0435,0.0436,0.0437,0.0438,0.044,0.0441,0.0442,0.0443,0.0446,0.0448,0.0451,0.0454,0.0456,0.0459,0.0462,0.0465,0.0467,0.047,0.0473,0.0476,0.0479,0.0482,0.0485,0.0488,0.0492,0.0495,0.0498,0.0506,0.0518,0.0531,0.0611,0.0615,0.062,0.0625,0.0631,0.0646,0.0661,0.066,0.0659,0.0658,0.0657,0.0656,0.0655,0.0654,0.0653,0.0653,0.0653,0.0653,0.0653,0.0653,0.0653,0.0653,0.0653,0.0653,0.0653,0.0653,0.0653,0.0654,0.0654,0.0654,0.0655,0.0655,0.0655,0.0656,0.0656,0.0657,0.0659,0.0661,0.0663,0.0664,0.0666,0.0667,0.0666,0.0665,0.0664,0.0663,0.0662,0.066,0.0659,0.0658,0.0657,0.0656,0.0655,0.0654,0.0653,0.0652,0.0651,0.0651,0.065,0.0649,0.0648
2.0139,2.0269,1.5159,0.7212,0.7065,0.7056,0.7047,0.7044,0.7041,0.1881,0.179,0.1736,0.1718,0.17,0.1683,0.1666,0.1649,0.1632,0.1616,0.1601,0.1589,0.1578,0.0559,0.055,0.0538,0.0526,0.0517,0.0512,0.0508,0.0505,0.0503,0.0501,0.0498,0.0496,0.0494,0.0492,0.0489,0.0487,0.0485,0.0483,0.0481,0.048,0.0478,0.0476,0.0474,0.0472,0.047,0.047,0.0469,0.0468,0.0467,0.0466,0.0464,0.0463,0.0462,0.046,0.0459,0.0458,0.0456,0.0455,0.0454,0.0453,0.0451,0.045,0.0449,0.0448,0.0446,0.0446,0.0445,0.0444,0.0443,0.0442,0.0441,0.044,0.0439,0.0439,0.0438,0.0437,0.0436,0.0435,0.0434,0.0433,0.0433,0.0432,0.0431,0.043,0.0429,0.0428,0.0427,0.0426,0.0425,0.0424,0.0424,0.0423,0.0423,0.0423,0.0423,0.0423,0.0423,0.0423,0.0422,0.0422,0.0422,0.0422,0.0422,0.0422,0.0422,0.0421,0.0421,0.0421,0.0421,0.0421,0.0421,0.0421,0.042,0.042,0.042,0.042,0.0419,0.0419,0.0419,0.0419,0.0419,0.0418,0.0418,0.0418,0.0418,0.0419,0.0419,0.042,0.042,0.0421,0.0421,0.0421,0.0422,0.0422,0.0423,0.0423,0.0424,0.0424,0.0425,0.0425,0.0426,0.0426,0.0426,0.0427,0.0427,0.0427,0.0427,0.0428,0.0428,0.0428,0.0428,0.0429,0.0429,0.0429,0.0429,0.043,0.043,0.043,0.043,0.0431,0.0431,0.0431,0.0431,0.0432,0.0433,0.0435,0.0436,0.0437,0.0438,0.044,0.0441,0.0444,0.0446,0.0449,0.0451,0.0454,0.0457,0.046,0.0462,0.0465,0.0468,0.0471,0.0474,0.0477,0.048,0.0483,0.0486,0.0489,0.0492,0.0495,0.0499,0.0509,0.0522,0.0611,0.0616,0.062,0.0628,0.0642,0.0657,0.0664,0.0663,0.0662,0.0661,0.066,0.0659,0.0658,0.0657,0.0656,0.0655,0.0655,0.0655,0.0655,0.0655,0.0655,0.0655,0.0655,0.0655,0.0655,0.0655,0.0655,0.0655,0.0656,0.0656,0.0656,0.0657,0.0657,0.0657,0.0658,0.0658,0.0658,0.066,0.0662,0.0664,0.0665,0.0665,0.0664,0.0663,0.0662,0.0661,0.0659,0.0658,0.0657,0.0656,0.0655,0.0654,0.0653,0.0651,0.065,0.065,0.0649,0.0648,0.0647,0.0647,0.0646
2.0167,2.0142,1.5126,1.5161,0.7269,0.7098,0.7089,0.708,0.7072,0.1869,0.1785,0.1732,0.1714,0.1696,0.1679,0.1662,0.1645,0.1629,0.1613,0.1597,0.1585,0.1574,0.0561,0.0552,0.0539,0.0527,0.0518,0.0513,0.0509,0.0505,0.0503,0.0501,0.0499,0.0496,0.0494,0.0492,0.049,0.0488,0.0486,0.0484,0.0482,0.048,0.0478,0.0476,0.0474,0.0472,0.047,0.0469,0.0468,0.0468,0.0467,0.0465,0.0464,0.0463,0.0461,0.046,0.0459,0.0457,0.0456,0.0455,0.0454,0.0452,0.0451,0.045,0.0448,0.0447,0.0446,0.0445,0.0444,0.0443,0.0442,0.0442,0.0441,0.044,0.0439,0.0438,0.0437,0.0436,0.0435,0.0435,0.0434,0.0433,0.0432,0.0431,0.043,0.043,0.0429,0.0428,0.0427,0.0426,0.0424,0.0423,0.0423,0.0423,0.0422,0.0422,0.0422,0.0422,0.0422,0.0422,0.0421,0.0421,0.0421,0.0421,0.0421,0.0421,0.0421,0.042,0.042,0.042,0.042,0.042,0.042,0.042,0.0419,0.0419,0.0419,0.0419,0.0418,0.0418,0.0418,0.0418,0.0418,0.0417,0.0417,0.0417,0.0417,0.0417,0.0418,0.0418,0.0419,0.0419,0.042,0.042,0.042,0.0421,0.0421,0.0422,0.0422,0.0423,0.0423,0.0424,0.0424,0.0424,0.0425,0.0425,0.0425,0.0425,0.0426,0.0426,0.0426,0.0427,0.0427,0.0427,0.0427,0.0428,0.0428,0.0428,0.0428,0.0429,0.0429,0.0429,0.0429,0.043,0.043,0.043,0.0431,0.0432,0.0434,0.0435,0.0436,0.0437,0.0439,0.0441,0.0444,0.0447,0.0449,0.0452,0.0455,0.0457,0.046,0.0463,0.0466,0.0469,0.0471,0.0474,0.0477,0.048,0.0483,0.0486,0.049,0.0493,0.0496,0.0501,0.0513,0.0611,0.0616,0.0625,0.0639,0.0654,0.0669,0.0668,0.0667,0.0666,0.0665,0.0664,0.0663,0.0662,0.0661,0.066,0.0659,0.0658,0.0657,0.0656,0.0656,0.0656,0.0656,0.0657,0.0657,0.0657,0.0657,0.0657,0.0657,0.0658,0.0658,0.0658,0.0659,0.0659,0.0659,0.0659,0.066,0.066,0.066,0.0661,0.0663,0.0664,0.0663,0.0662,0.0661,0.066,0.0658,0.0657,0.0656,0.0655,0.0654,0.0653,0.0652,0.065,0.0649,0.0648,0.0647,0.0646,0.0646,0.0645,0.0644,0.0643
2.2578,2.0241,1.5093,1.514,1.5228,0.7285,0.7132,0.7123,0.711,0.1857,0.178,0.1728,0.171,0.1692,0.1675,0.1658,0.1642,0.1625,0.1609,0.1592,0.1581,0.1571,0.0563,0.0553,0.054,0.0528,0.0519,0.0514,0.0509,0.0506,0.0503,0.0501,0.0499,0.0496,0.0494,0.0492,0.049,0.0488,0.0486,0.0484,0.0482,0.048,0.0478,0.0476,0.0474,0.0472,0.047,0.0469,0.0468,0.0467,0.0466,0.0465,0.0464,0.0462,0.0461,0.046,0.0458,0.0457,0.0456,0.0455,0.0453,0.0452,0.0451,0.0449,0.0448,0.0447,0.0446,0.0445,0.0444,0.0443,0.0442,0.0441,0.044,0.0439,0.0438,0.0438,0.0437,0.0436,0.0435,0.0434,0.0433,0.0432,0.0432,0.0431,0.043,0.0429,0.0428,0.0427,0.0426,0.0425,0.0424,0.0423,0.0422,0.0422,0.0421,0.0421,0.0421,0.0421,0.0421,0.0421,0.0421,0.042,0.042,0.042,0.042,0.042,0.042,0.042,0.0419,0.0419,0.0419,0.0419,0.0419,0.0419,0.0418,0.0418,0.0418,0.0418,0.0417,0.0417,0.0417,0.0417,0.0417,0.0416,0.0416,0.0416,0.0416,0.0416,0.0416,0.0417,0.0417,0.0418,0.0418,0.0419,0.0419,0.042,0.042,0.042,0.0421,0.0421,0.0422,0.0422,0.0423,0.0423,0.0423,0.0423,0.0424,0.0424,0.0424,0.0424,0.0425,0.0425,0.0425,0.0425,0.0426,0.0426,0.0426,0.0426,0.0427,0.0427,0.0427,0.0428,0.0428,0.0428,0.0428,0.0429,0.0429,0.043,0.0431,0.0432,0.0434,0.0435,0.0437,0.0439,0.0442,0.0444,0.0447,0.045,0.0452,0.0455,0.0458,0.0461,0.0463,0.0466,0.0469,0.0472,0.0475,0.0478,0.0481,0.0484,0.0487,0.049,0.0493,0.0496,0.0504,0.0516,0.0621,0.0635,0.065,0.0665,0.0672,0.0671,0.067,0.0669,0.0668,0.0667,0.0666,0.0665,0.0664,0.0663,0.0662,0.0661,0.066,0.0659,0.0658,0.0658,0.0658,0.0658,0.0658,0.0658,0.0658,0.0659,0.0659,0.0659,0.066,0.066,0.066,0.0661,0.0661,0.0661,0.0662,0.0662,0.0662,0.0663,0.0663,0.0662,0.0661,0.066,0.0659,0.0657,0.0656,0.0655,0.0654,0.0653,0.0652,0.0651,0.065,0.0648,0.0647,0.0646,0.0645,0.0644,0.0643,0.0642,0.0642,0.0641
2.2506,2.2539,1.5061,1.5118,1.5207,0.7278,0.7192,0.7153,0.7137,0.1845,0.1775,0.1724,0.1706,0.1689,0.1671,0.1655,0.1638,0.1621,0.1604,0.1588,0.1577,0.1567,0.0567,0.0554,0.0541,0.0529,0.052,0.0515,0.051,0.0506,0.0503,0.0501,0.0499,0.0496,0.0494,0.0492,0.049,0.0488,0.0486,0.0484,0.0482,0.048,0.0478,0.0476,0.0474,0.0472,0.047,0.0469,0.0468,0.0467,0.0466,0.0465,0.0463,0.0462,0.0461,0.0459,0.0458,0.0457,0.0455,0.0454,0.0453,0.0452,0.045,0.0449,0.0448,0.0447,0.0445,0.0444,0.0443,0.0442,0.0441,0.0441,0.044,0.0439,0.0438,0.0437,0.0436,0.0435,0.0435,0.0434,0.0433,0.0432,0.0431,0.043,0.043,0.0429,0.0428,0.0427,0.0426,0.0425,0.0424,0.0422,0.0421,0.0421,0.042,0.042,0.042,0.042,0.042,0.042,0.042,0.0419,0.0419,0.0419,0.0419,0.0419,0.0419,0.0419,0.0418,0.0418,0.0418,0.0418,0.0418,0.0418,0.0417,0.0417,0.0417,0.0417,0.0417,0.0416,0.0416,0.0416,0.0416,0.0415,0.0415,0.0415,0.0415,0.0415,0.0415,0.0415,0.0416,0.0416,0.0417,0.0417,0.0418,0.0418,0.0419,0.0419,0.0419,0.042,0.042,0.0421,0.0421,0.0421,0.0422,0.0422,0.0422,0.0422,0.0423,0.0423,0.0423,0.0423,0.0424,0.0424,0.0424,0.0424,0.0425,0.0425,0.0425,0.0425,0.0426,0.0426,0.0426,0.0426,0.0427,0.0427,0.0427,0.0428,0.0429,0.043,0.0431,0.0432,0.0435,0.0437,0.044,0.0442,0.0445,0.0448,0.045,0.0453,0.0456,0.0458,0.0461,0.0464,0.0467,0.047,0.0472,0.0475,0.0478,0.0481,0.0484,0.0488,0.0491,0.0494,0.0497,0.0507,0.0632,0.0647,0.0662,0.0677,0.0676,0.0675,0.0674,0.0673,0.0672,0.0671,0.067,0.0669,0.0668,0.0667,0.0665,0.0664,0.0663,0.0662,0.0661,0.066,0.066,0.066,0.066,0.066,0.066,0.066,0.0661,0.0661,0.0661,0.0662,0.0662,0.0662,0.0663,0.0663,0.0663,0.0664,0.0664,0.0664,0.0664,0.0663,0.0662,0.066,0.0659,0.0658,0.0657,0.0655,0.0654,0.0653,0.0652,0.065,0.0649,0.0648,0.0647,0.0645,0.0644,0.0643,0.0642,0.0641,0.064,0.064
2.2360,1.5002,1.5028,1.5097,1.5185,0.728,0.7242,0.7205,0.7163,0.1833,0.1771,0.172,0.1702,0.1685,0.1668,0.1651,0.1634,0.1617,0.16,0.1584,0.1573,0.1563,0.1553,0.0555,0.0542,0.053,0.052,0.0516,0.0511,0.0506,0.0503,0.0501,0.0499,0.0497,0.0494,0.0492,0.049,0.0488,0.0486,0.0484,0.0482,0.048,0.0478,0.0476,0.0474,0.0472,0.047,0.0469,0.0468,0.0467,0.0466,0.0464,0.0463,0.0462,0.046,0.0459,0.0458,0.0456,0.0455,0.0454,0.0453,0.0451,0.045,0.0449,0.0448,0.0446,0.0445,0.0444,0.0443,0.0442,0.0441,0.044,0.0439,0.0438,0.0437,0.0437,0.0436,0.0435,0.0434,0.0433,0.0432,0.0432,0.0431,0.043,0.0429,0.0428,0.0427,0.0426,0.0425,0.0424,0.0423,0.0422,0.0421,0.042,0.0419,0.0419,0.0419,0.0419,0.0419,0.0419,0.0419,0.0418,0.0418,0.0418,0.0418,0.0418,0.0418,0.0418,0.0417,0.0417,0.0417,0.0417,0.0417,0.0417,0.0416,0.0416,0.0416,0.0416,0.0416,0.0415,0.0415,0.0415,0.0415,0.0415,0.0414,0.0414,0.0414,0.0414,0.0413,0.0414,0.0414,0.0415,0.0415,0.0416,0.0416,0.0417,0.0417,0.0418,0.0418,0.0418,0.0419,0.0419,0.042,0.042,0.042,0.042,0.0421,0.0421,0.0421,0.0421,0.0422,0.0422,0.0422,0.0422,0.0423,0.0423,0.0423,0.0423,0.0424,0.0424,0.0424,0.0424,0.0425,0.0425,0.0425,0.0425,0.0426,0.0426,0.0426,0.0428,0.0429,0.043,0.0433,0.0435,0.0438,0.044,0.0443,0.0445,0.0448,0.0451,0.0453,0.0456,0.0459,0.0462,0.0464,0.0467,0.047,0.0473,0.0476,0.0479,0.0482,0.0485,0.0488,0.0491,0.0494,0.0499,0.0645,0.066,0.0687,0.0684,0.0682,0.068,0.0679,0.0677,0.0676,0.0675,0.0674,0.0673,0.0672,0.0671,0.067,0.0668,0.0667,0.0666,0.0665,0.0664,0.0663,0.0662,0.0661,0.0662,0.0662,0.0662,0.0663,0.0663,0.0663,0.0664,0.0664,0.0664,0.0665,0.0665,0.0665,0.0666,0.0666,0.0666,0.0665,0.0663,0.0662,0.0661,0.066,0.0659,0.0657,0.0656,0.0655,0.0653,0.0652,0.0651,0.065,0.0648,0.0647,0.0646,0.0645,0.0644,0.0643,0.0641,0.064,0.0639
2.2246,1.497,1.4996,1.5076,1.5163,1.5322,0.7293,0.7255,0.7198,0.1825,0.1766,0.1716,0.1699,0.1681,0.1664,0.1647,0.1629,0.1612,0.1595,0.158,0.1569,0.1559,0.1549,0.0556,0.0544,0.0531,0.0521,0.0516,0.0512,0.0507,0.0504,0.0501,0.0499,0.0497,0.0494,0.0492,0.049,0.0488,0.0486,0.0484,0.0482,0.048,0.0478,0.0476,0.0474,0.0472,0.047,0.0469,0.0468,0.0467,0.0465,0.0464,0.0463,0.0461,0.046,0.0459,0.0457,0.0456,0.0455,0.0454,0.0452,0.0451,0.045,0.0449,0.0447,0.0446,0.0445,0.0444,0.0442,0.0441,0.044,0.044,0.0439,0.0438,0.0437,0.0436,0.0435,0.0434,0.0434,0.0433,0.0432,0.0431,0.043,0.0429,0.0429,0.0428,0.0427,0.0426,0.0425,0.0424,0.0423,0.0421,0.042,0.0419,0.0419,0.0418,0.0418,0.0418,0.0418,0.0418,0.0418,0.0418,0.0417,0.0417,0.0417,0.0417,0.0417,0.0417,0.0417,0.0416,0.0416,0.0416,0.0416,0.0416,0.0415,0.0415,0.0415,0.0415,0.0415,0.0414,0.0414,0.0414,0.0414,0.0414,0.0413,0.0413,0.0413,0.0413,0.0413,0.0412,0.0413,0.0413,0.0414,0.0414,0.0415,0.0415,0.0416,0.0416,0.0417,0.0417,0.0418,0.0418,0.0418,0.0418,0.0419,0.0419,0.0419,0.0419,0.042,0.042,0.042,0.042,0.0421,0.0421,0.0421,0.0421,0.0422,0.0422,0.0422,0.0422,0.0423,0.0423,0.0423,0.0423,0.0424,0.0424,0.0424,0.0424,0.0425,0.0425,0.0427,0.0428,0.0431,0.0433,0.0436,0.0438,0.0441,0.0443,0.0446,0.0449,0.0451,0.0454,0.0457,0.0459,0.0462,0.0465,0.0468,0.0471,0.0474,0.0476,0.0479,0.0483,0.0486,0.0489,0.0492,0.0495,0.0502,0.0697,0.0694,0.0692,0.0689,0.0687,0.0684,0.0682,0.0681,0.068,0.0679,0.0678,0.0677,0.0675,0.0674,0.0673,0.0672,0.0671,0.067,0.0669,0.0668,0.0666,0.0665,0.0664,0.0664,0.0664,0.0664,0.0665,0.0665,0.0665,0.0666,0.0666,0.0666,0.0667,0.0667,0.0667,0.0667,0.0666,0.0665,0.0664,0.0663,0.0662,0.066,0.0659,0.0658,0.0657,0.0655,0.0654,0.0653,0.0652,0.065,0.0649,0.0648,0.0647,0.0646,0.0644,0.0643,0.0642,0.0641,0.064
2.2197,1.4938,1.4968,1.5055,1.5141,1.5321,0.738,0.7307,0.7264,0.182,0.1761,0.1712,0.1695,0.1677,0.1659,0.1642,0.1624,0.1607,0.1591,0.1576,0.1565,0.1555,0.1545,0.0558,0.0545,0.0533,0.0522,0.0517,0.0513,0.0508,0.0504,0.0501,0.0499,0.0497,0.0494,0.0492,0.049,0.0488,0.0486,0.0484,0.0482,0.048,0.0478,0.0476,0.0474,0.0472,0.0471,0.0469,0.0467,0.0466,0.0465,0.0464,0.0462,0.0461,0.046,0.0458,0.0457,0.0456,0.0455,0.0453,0.0452,0.0451,0.045,0.0448,0.0447,0.0446,0.0445,0.0443,0.0442,0.0441,0.044,0.0439,0.0438,0.0437,0.0437,0.0436,0.0435,0.0434,0.0433,0.0432,0.0431,0.0431,0.043,0.0429,0.0428,0.0427,0.0426,0.0425,0.0424,0.0423,0.0422,0.0421,0.042,0.0419,0.0418,0.0417,0.0417,0.0417,0.0417,0.0417,0.0417,0.0417,0.0416,0.0416,0.0416,0.0416,0.0416,0.0416,0.0416,0.0415,0.0415,0.0415,0.0415,0.0415,0.0415,0.0414,0.0414,0.0414,0.0414,0.0413,0.0413,0.0413,0.0413,0.0413,0.0412,0.0412,0.0412,0.0412,0.0412,0.0411,0.0411,0.0412,0.0412,0.0413,0.0413,0.0414,0.0414,0.0415,0.0415,0.0416,0.0416,0.0416,0.0417,0.0417,0.0417,0.0417,0.0418,0.0418,0.0418,0.0418,0.0419,0.0419,0.0419,0.0419,0.042,0.042,0.042,0.042,0.0421,0.0421,0.0421,0.0421,0.0422,0.0422,0.0422,0.0422,0.0423,0.0423,0.0423,0.0423,0.0424,0.0426,0.0429,0.0431,0.0434,0.0436,0.0439,0.0441,0.0444,0.0446,0.0449,0.0452,0.0454,0.0457,0.046,0.0463,0.0465,0.0468,0.0471,0.0474,0.0477,0.048,0.0483,0.0486,0.0489,0.0492,0.0496,0.0704,0.0702,0.0699,0.0697,0.0694,0.0691,0.0689,0.0686,0.0685,0.0684,0.0683,0.0682,0.068,0.0679,0.0678,0.0677,0.0676,0.0675,0.0674,0.0672,0.0671,0.067,0.0669,0.0667,0.0666,0.0666,0.0667,0.0667,0.0667,0.0668,0.0668,0.0668,0.0669,0.0669,0.0669,0.0668,0.0667,0.0666,0.0665,0.0663,0.0662,0.0661,0.066,0.0659,0.0657,0.0656,0.0655,0.0654,0.0652,0.0651,0.065,0.0649,0.0648,0.0646,0.0645,0.0644,0.0643,0.0642,0.0641
2.2205,1.4906,1.4948,1.5033,1.5119,1.532,0.7383,0.7365,0.732,0.1815,0.1757,0.1708,0.1691,0.1673,0.1655,0.1637,0.162,0.1603,0.1586,0.1572,0.1562,0.1551,0.1542,0.0559,0.0546,0.0534,0.0523,0.0518,0.0513,0.0509,0.0504,0.0501,0.0499,0.0497,0.0495,0.0492,0.049,0.0488,0.0486,0.0484,0.0482,0.048,0.0478,0.0476,0.0475,0.0473,0.0471,0.0469,0.0467,0.0466,0.0465,0.0463,0.0462,0.0461,0.0459,0.0458,0.0457,0.0456,0.0454,0.0453,0.0452,0.045,0.0449,0.0448,0.0447,0.0446,0.0444,0.0443,0.0442,0.044,0.0439,0.0439,0.0438,0.0437,0.0436,0.0435,0.0434,0.0434,0.0433,0.0432,0.0431,0.043,0.0429,0.0429,0.0428,0.0427,0.0426,0.0425,0.0424,0.0423,0.0422,0.0421,0.0419,0.0418,0.0417,0.0417,0.0416,0.0416,0.0416,0.0416,0.0416,0.0416,0.0416,0.0415,0.0415,0.0415,0.0415,0.0415,0.0415,0.0415,0.0414,0.0414,0.0414,0.0414,0.0414,0.0413,0.0413,0.0413,0.0413,0.0413,0.0412,0.0412,0.0412,0.0412,0.0411,0.0411,0.0411,0.0411,0.0411,0.041,0.041,0.0411,0.0411,0.0411,0.0412,0.0412,0.0413,0.0413,0.0414,0.0414,0.0415,0.0415,0.0415,0.0415,0.0416,0.0416,0.0416,0.0416,0.0417,0.0417,0.0417,0.0417,0.0418,0.0418,0.0418,0.0418,0.0419,0.0419,0.0419,0.0419,0.042,0.042,0.042,0.042,0.0421,0.0421,0.0421,0.0421,0.0422,0.0422,0.0422,0.0424,0.0427,0.0429,0.0431,0.0434,0.0436,0.0439,0.0441,0.0444,0.0447,0.0449,0.0452,0.0454,0.0457,0.046,0.0463,0.0466,0.0468,0.0471,0.0474,0.0477,0.048,0.0483,0.0486,0.049,0.0493,0.0712,0.0709,0.0707,0.0704,0.0701,0.0699,0.0696,0.0694,0.0691,0.0689,0.0688,0.0687,0.0685,0.0684,0.0683,0.0682,0.0681,0.068,0.0678,0.0677,0.0676,0.0675,0.0673,0.0672,0.0671,0.0669,0.0668,0.0669,0.0669,0.0669,0.067,0.067,0.067,0.0671,0.067,0.0669,0.0667,0.0666,0.0665,0.0664,0.0663,0.0662,0.0661,0.0659,0.0658,0.0657,0.0656,0.0654,0.0653,0.0652,0.0651,0.0649,0.0648,0.0647,0.0646,0.0645,0.0644,0.0643,0.0642
2.2210,1.4874,1.4927,1.5012,1.5116,1.411,0.7387,0.7368,0.7141,0.181,0.1752,0.1705,0.1686,0.1668,0.165,0.1632,0.1615,0.1598,0.1582,0.1568,0.1558,0.1548,0.1538,0.056,0.0547,0.0535,0.0524,0.0519,0.0514,0.051,0.0505,0.0502,0.0499,0.0497,0.0495,0.0492,0.049,0.0488,0.0486,0.0484,0.0482,0.048,0.0478,0.0477,0.0475,0.0473,0.0471,0.0469,0.0467,0.0466,0.0464,0.0463,0.0462,0.046,0.0459,0.0458,0.0457,0.0455,0.0454,0.0453,0.0451,0.045,0.0449,0.0448,0.0447,0.0445,0.0444,0.0443,0.0441,0.044,0.0439,0.0438,0.0437,0.0436,0.0436,0.0435,0.0434,0.0433,0.0432,0.0431,0.0431,0.043,0.0429,0.0428,0.0427,0.0426,0.0425,0.0424,0.0423,0.0422,0.0421,0.042,0.0419,0.0418,0.0417,0.0416,0.0415,0.0415,0.0415,0.0415,0.0415,0.0415,0.0415,0.0414,0.0414,0.0414,0.0414,0.0414,0.0414,0.0414,0.0413,0.0413,0.0413,0.0413,0.0413,0.0412,0.0412,0.0412,0.0412,0.0412,0.0411,0.0411,0.0411,0.0411,0.0411,0.041,0.041,0.041,0.041,0.041,0.0409,0.0409,0.041,0.041,0.0411,0.0411,0.0411,0.0412,0.0412,0.0413,0.0413,0.0413,0.0414,0.0414,0.0414,0.0414,0.0415,0.0415,0.0415,0.0415,0.0416,0.0416,0.0416,0.0416,0.0417,0.0417,0.0417,0.0417,0.0418,0.0418,0.0418,0.0418,0.0419,0.0419,0.0419,0.0419,0.042,0.042,0.042,0.0421,0.0421,0.0421,0.0423,0.0425,0.0428,0.043,0.0432,0.0435,0.0437,0.044,0.0443,0.0445,0.0448,0.045,0.0453,0.0456,0.0458,0.0461,0.0464,0.0467,0.047,0.0473,0.0476,0.0479,0.0482,0.0485,0.0488,0.0491,0.0717,0.0714,0.0712,0.0709,0.0706,0.0704,0.0701,0.0699,0.0696,0.0694,0.0692,0.0691,0.0689,0.0688,0.0687,0.0686,0.0685,0.0683,0.0682,0.0681,0.0679,0.0678,0.0677,0.0675,0.0674,0.0673,0.0671,0.0671,0.0671,0.0672,0.0672,0.0672,0.0671,0.067,0.0669,0.0668,0.0667,0.0666,0.0665,0.0664,0.0662,0.0661,0.066,0.0659,0.0658,0.0656,0.0655,0.0654,0.0653,0.0651,0.065,0.0649,0.0648,0.0647,0.0646,0.0645,0.0644,0.0642
1.4816,1.4842,1.4906,1.4991,1.5115,1.4082,1.411,0.7371,0.1883,0.1805,0.1747,0.1701,0.1681,0.1663,0.1645,0.1627,0.161,0.1594,0.1577,0.1564,0.1554,0.1544,0.1534,0.1524,0.0548,0.0536,0.0525,0.052,0.0515,0.051,0.0506,0.0502,0.0499,0.0497,0.0495,0.0493,0.0491,0.0489,0.0486,0.0484,0.0483,0.0481,0.0479,0.0477,0.0475,0.0473,0.0471,0.0469,0.0467,0.0465,0.0464,0.0463,0.0461,0.046,0.0459,0.0458,0.0456,0.0455,0.0454,0.0452,0.0451,0.045,0.0449,0.0447,0.0446,0.0445,0.0444,0.0442,0.0441,0.044,0.0439,0.0438,0.0437,0.0436,0.0435,0.0434,0.0433,0.0433,0.0432,0.0431,0.043,0.0429,0.0428,0.0428,0.0427,0.0426,0.0425,0.0424,0.0423,0.0422,0.0421,0.042,0.0419,0.0417,0.0416,0.0415,0.0415,0.0414,0.0414,0.0414,0.0414,0.0414,0.0414,0.0414,0.0413,0.0413,0.0413,0.0413,0.0413,0.0413,0.0413,0.0412,0.0412,0.0412,0.0412,0.0411,0.0411,0.0411,0.0411,0.0411,0.041,0.041,0.041,0.041,0.041,0.0409,0.0409,0.0409,0.0409,0.0409,0.0408,0.0408,0.0408,0.0409,0.0409,0.041,0.041,0.041,0.0411,0.0411,0.0412,0.0412,0.0412,0.0412,0.0413,0.0413,0.0413,0.0413,0.0414,0.0414,0.0414,0.0414,0.0415,0.0415,0.0415,0.0415,0.0416,0.0416,0.0416,0.0416,0.0417,0.0417,0.0417,0.0417,0.0418,0.0418,0.0418,0.0419,0.0419,0.0419,0.0419,0.0419,0.0419,0.0422,0.0424,0.0426,0.0429,0.0431,0.0434,0.0436,0.0439,0.0441,0.0444,0.0446,0.0449,0.0452,0.0454,0.0457,0.046,0.0463,0.0465,0.0468,0.0471,0.0474,0.0477,0.048,0.0483,0.0486,0.049,0.0723,0.072,0.0717,0.0714,0.0711,0.0709,0.0706,0.0704,0.0701,0.0698,0.0696,0.0695,0.0693,0.0692,0.0691,0.0689,0.0688,0.0687,0.0685,0.0684,0.0683,0.0681,0.068,0.0679,0.0677,0.0676,0.0675,0.0674,0.0673,0.0674,0.0673,0.0672,0.0671,0.067,0.0669,0.0667,0.0666,0.0665,0.0664,0.0663,0.0662,0.0661,0.066,0.0658,0.0657,0.0656,0.0655,0.0653,0.0652,0.0651,0.065,0.0649,0.0648,0.0647,0.0646,0.0644,0.0643
1.4784,1.481,1.4885,1.4969,1.5114,1.4056,1.4087,0.7057,0.1871,0.18,0.1744,0.1701,0.1676,0.1658,0.164,0.1623,0.1606,0.1589,0.1573,0.156,0.155,0.154,0.153,0.1521,0.0549,0.0537,0.0526,0.0521,0.0516,0.0511,0.0507,0.0502,0.0499,0.0497,0.0495,0.0493,0.0491,0.0489,0.0487,0.0485,0.0483,0.0481,0.0479,0.0477,0.0475,0.0473,0.0471,0.0469,0.0467,0.0465,0.0464,0.0462,0.0461,0.046,0.0459,0.0457,0.0456,0.0455,0.0453,0.0452,0.0451,0.045,0.0448,0.0447,0.0446,0.0445,0.0443,0.0442,0.0441,0.0439,0.0438,0.0437,0.0436,0.0435,0.0435,0.0434,0.0433,0.0432,0.0431,0.043,0.043,0.0429,0.0428,0.0427,0.0426,0.0426,0.0424,0.0423,0.0422,0.0421,0.042,0.0419,0.0418,0.0417,0.0416,0.0415,0.0414,0.0413,0.0413,0.0413,0.0413,0.0413,0.0413,0.0413,0.0412,0.0412,0.0412,0.0412,0.0412,0.0412,0.0412,0.0411,0.0411,0.0411,0.0411,0.0411,0.041,0.041,0.041,0.041,0.041,0.0409,0.0409,0.0409,0.0409,0.0408,0.0408,0.0408,0.0408,0.0408,0.0407,0.0407,0.0407,0.0407,0.0408,0.0408,0.0409,0.0409,0.041,0.041,0.041,0.0411,0.0411,0.0411,0.0411,0.0411,0.0412,0.0412,0.0412,0.0412,0.0413,0.0413,0.0413,0.0413,0.0414,0.0414,0.0414,0.0414,0.0415,0.0415,0.0415,0.0415,0.0416,0.0416,0.0416,0.0417,0.0417,0.0417,0.0418,0.0418,0.0418,0.0418,0.0417,0.0418,0.042,0.0423,0.0425,0.0427,0.043,0.0432,0.0435,0.0437,0.044,0.0442,0.0445,0.0448,0.045,0.0453,0.0456,0.0458,0.0461,0.0464,0.0467,0.047,0.0473,0.0475,0.0478,0.0481,0.0485,0.0733,0.073,0.0727,0.0724,0.0721,0.0718,0.0715,0.0712,0.071,0.0707,0.0704,0.0701,0.0698,0.0697,0.0696,0.0694,0.0693,0.0692,0.069,0.0689,0.0688,0.0686,0.0685,0.0684,0.0682,0.0681,0.068,0.0678,0.0677,0.0676,0.0674,0.0673,0.0671,0.067,0.0669,0.0668,0.0667,0.0666,0.0665,0.0664,0.0662,0.0661,0.066,0.0659,0.0658,0.0657,0.0655,0.0654,0.0653,0.0652,0.0651,0.065,0.0649,0.0647,0.0646,0.0645,0.0644
1.4753,1.478,1.4864,1.4948,1.5113,1.403,1.4066,0.7017,0.1859,0.1796,0.1746,0.1702,0.1675,0.1653,0.1635,0.1618,0.1601,0.1584,0.1568,0.1556,0.1546,0.1536,0.1527,0.1517,0.0551,0.0538,0.0526,0.0522,0.0517,0.0512,0.0507,0.0503,0.05,0.0497,0.0495,0.0493,0.0491,0.0489,0.0487,0.0485,0.0483,0.0481,0.0479,0.0477,0.0475,0.0473,0.0471,0.0469,0.0467,0.0465,0.0463,0.0462,0.0461,0.046,0.0458,0.0457,0.0456,0.0454,0.0453,0.0452,0.0451,0.0449,0.0448,0.0447,0.0446,0.0444,0.0443,0.0442,0.044,0.0439,0.0438,0.0437,0.0436,0.0435,0.0434,0.0433,0.0432,0.0432,0.0431,0.043,0.0429,0.0428,0.0427,0.0427,0.0426,0.0425,0.0424,0.0423,0.0422,0.0421,0.042,0.0419,0.0418,0.0417,0.0416,0.0414,0.0413,0.0413,0.0412,0.0412,0.0412,0.0412,0.0412,0.0412,0.0412,0.0411,0.0411,0.0411,0.0411,0.0411,0.0411,0.041,0.041,0.041,0.041,0.041,0.0409,0.0409,0.0409,0.0409,0.0409,0.0408,0.0408,0.0408,0.0408,0.0408,0.0407,0.0407,0.0407,0.0407,0.0407,0.0406,0.0406,0.0406,0.0406,0.0407,0.0407,0.0408,0.0408,0.0409,0.0409,0.0409,0.0409,0.041,0.041,0.041,0.041,0.0411,0.0411,0.0411,0.0411,0.0411,0.0412,0.0412,0.0412,0.0412,0.0413,0.0413,0.0413,0.0414,0.0414,0.0414,0.0415,0.0415,0.0415,0.0415,0.0416,0.0416,0.0416,0.0417,0.0417,0.0417,0.0416,0.0416,0.0417,0.0419,0.0421,0.0424,0.0426,0.0429,0.0431,0.0433,0.0436,0.0438,0.0441,0.0444,0.0446,0.0449,0.0451,0.0454,0.0457,0.046,0.0462,0.0465,0.0468,0.0471,0.0474,0.0477,0.0481,0.0485,0.0741,0.0738,0.0735,0.0732,0.0729,0.0726,0.0723,0.072,0.0717,0.0713,0.0709,0.0706,0.0702,0.0701,0.07,0.0698,0.0697,0.0695,0.0694,0.0693,0.0691,0.069,0.0689,0.0687,0.0686,0.0685,0.0683,0.0682,0.068,0.0679,0.0677,0.0675,0.0674,0.0672,0.0671,0.0669,0.0668,0.0666,0.0665,0.0663,0.0662,0.0661,0.066,0.0659,0.0657,0.0656,0.0655,0.0654,0.0653,0.0652,0.0651,0.0649,0.0648,0.0647,0.0646,0.0645
1.4722,1.476,1.4843,1.4927,1.4116,1.4004,1.405,0.6977,0.1851,0.1794,0.1747,0.1704,0.1675,0.1651,0.163,0.1613,0.1596,0.158,0.1564,0.1552,0.1543,0.1533,0.1523,0.1513,0.0552,0.0539,0.0527,0.0522,0.0518,0.0513,0.0508,0.0504,0.05,0.0497,0.0495,0.0493,0.0491,0.0489,0.0487,0.0485,0.0483,0.0481,0.0479,0.0477,0.0475,0.0473,0.0471,0.0469,0.0467,0.0465,0.0463,0.0462,0.0461,0.0459,0.0458,0.0457,0.0455,0.0454,0.0453,0.0452,0.045,0.0449,0.0448,0.0447,0.0445,0.0444,0.0443,0.0441,0.044,0.0439,0.0438,0.0436,0.0435,0.0435,0.0434,0.0433,0.0432,0.0431,0.043,0.043,0.0429,0.0428,0.0427,0.0426,0.0425,0.0425,0.0423,0.0422,0.0421,0.042,0.0419,0.0418,0.0417,0.0416,0.0415,0.0414,0.0413,0.0412,0.0411,0.0411,0.0411,0.0411,0.0411,0.0411,0.0411,0.041,0.041,0.041,0.041,0.041,0.041,0.041,0.0409,0.0409,0.0409,0.0409,0.0409,0.0408,0.0408,0.0408,0.0408,0.0407,0.0407,0.0407,0.0407,0.0407,0.0406,0.0406,0.0406,0.0406,0.0406,0.0405,0.0405,0.0405,0.0405,0.0405,0.0406,0.0406,0.0407,0.0407,0.0407,0.0408,0.0408,0.0408,0.0408,0.0409,0.0409,0.0409,0.0409,0.041,0.041,0.041,0.041,0.041,0.0411,0.0411,0.0411,0.0412,0.0412,0.0412,0.0413,0.0413,0.0413,0.0414,0.0414,0.0414,0.0415,0.0415,0.0415,0.0416,0.0416,0.0415,0.0415,0.0415,0.0414,0.0416,0.0418,0.042,0.0423,0.0425,0.0427,0.043,0.0432,0.0435,0.0437,0.044,0.0442,0.0445,0.0447,0.045,0.0453,0.0455,0.0458,0.0461,0.0464,0.0467,0.0469,0.0472,0.0476,0.048,0.0484,0.0749,0.0746,0.0742,0.0739,0.0736,0.0732,0.0729,0.0725,0.0721,0.0717,0.0714,0.071,0.0707,0.0705,0.0703,0.0702,0.0701,0.0699,0.0698,0.0697,0.0695,0.0694,0.0692,0.0691,0.0689,0.0688,0.0686,0.0685,0.0683,0.0681,0.068,0.0678,0.0677,0.0675,0.0674,0.0672,0.0671,0.0669,0.0668,0.0666,0.0665,0.0663,0.0661,0.0659,0.0657,0.0656,0.0655,0.0654,0.0652,0.0651,0.065,0.0649,0.0648,0.0647,0.0646
1.4691,1.474,1.4822,1.4914,1.4065,1.3978,1.4033,0.6938,0.1846,0.1795,0.1749,0.1705,0.1674,0.165,0.1627,0.1609,0.1592,0.1576,0.156,0.1549,0.1539,0.1529,0.1519,0.151,0.15,0.054,0.0528,0.0523,0.0518,0.0514,0.0509,0.0505,0.05,0.0497,0.0495,0.0493,0.0491,0.0489,0.0487,0.0485,0.0483,0.0481,0.0479,0.0477,0.0475,0.0473,0.0471,0.0469,0.0467,0.0465,0.0463,0.0462,0.046,0.0459,0.0458,0.0456,0.0455,0.0454,0.0453,0.0451,0.045,0.0449,0.0448,0.0446,0.0445,0.0444,0.0443,0.0441,0.044,0.0439,0.0437,0.0436,0.0435,0.0434,0.0433,0.0432,0.0432,0.0431,0.043,0.0429,0.0428,0.0427,0.0427,0.0426,0.0425,0.0424,0.0423,0.0422,0.0421,0.042,0.0419,0.0418,0.0417,0.0416,0.0415,0.0414,0.0413,0.0412,0.0411,0.041,0.041,0.041,0.041,0.041,0.041,0.041,0.0409,0.0409,0.0409,0.0409,0.0409,0.0409,0.0408,0.0408,0.0408,0.0408,0.0408,0.0407,0.0407,0.0407,0.0407,0.0407,0.0406,0.0406,0.0406,0.0406,0.0406,0.0405,0.0405,0.0405,0.0405,0.0405,0.0404,0.0404,0.0404,0.0404,0.0405,0.0405,0.0405,0.0406,0.0406,0.0406,0.0406,0.0407,0.0407,0.0407,0.0407,0.0408,0.0408,0.0408,0.0408,0.0409,0.0409,0.0409,0.041,0.041,0.041,0.0411,0.0411,0.0411,0.0411,0.0412,0.0412,0.0412,0.0413,0.0413,0.0413,0.0414,0.0414,0.0414,0.0414,0.0414,0.0414,0.0413,0.0413,0.0413,0.0414,0.0417,0.0419,0.0421,0.0424,0.0426,0.0428,0.0431,0.0433,0.0436,0.0438,0.0441,0.0443,0.0446,0.0449,0.0451,0.0454,0.0457,0.0459,0.0462,0.0465,0.0468,0.0471,0.0475,0.0479,0.08,0.0766,0.0753,0.0749,0.0745,0.0741,0.0737,0.0733,0.073,0.0726,0.0722,0.0718,0.0715,0.0711,0.0709,0.0707,0.0706,0.0705,0.0703,0.0702,0.07,0.0699,0.0697,0.0696,0.0694,0.0692,0.0691,0.0689,0.0688,0.0686,0.0684,0.0683,0.0681,0.068,0.0678,0.0677,0.0675,0.0674,0.0672,0.067,0.0668,0.0666,0.0665,0.0663,0.0661,0.0659,0.0657,0.0655,0.0653,0.0652,0.0651,0.065,0.0649,0.0648,0.0647
1.4660,1.4719,1.4801,1.4913,1.4015,1.3952,1.409,0.6899,0.1846,0.1797,0.175,0.1706,0.1674,0.165,0.1626,0.1604,0.1587,0.1571,0.1555,0.1545,0.1535,0.1525,0.1516,0.1506,0.1497,0.0542,0.0529,0.0524,0.0519,0.0515,0.051,0.0505,0.0501,0.0498,0.0495,0.0493,0.0491,0.0489,0.0487,0.0485,0.0483,0.0481,0.0479,0.0477,0.0475,0.0473,0.0471,0.0469,0.0467,0.0465,0.0463,0.0461,0.046,0.0459,0.0457,0.0456,0.0455,0.0454,0.0452,0.0451,0.045,0.0449,0.0447,0.0446,0.0445,0.0444,0.0442,0.0441,0.044,0.0438,0.0437,0.0436,0.0434,0.0434,0.0433,0.0432,0.0431,0.043,0.0429,0.0429,0.0428,0.0427,0.0426,0.0425,0.0425,0.0424,0.0422,0.0421,0.042,0.0419,0.0418,0.0417,0.0416,0.0415,0.0414,0.0413,0.0412,0.0411,0.041,0.0409,0.0409,0.0409,0.0409,0.0409,0.0409,0.0409,0.0409,0.0408,0.0408,0.0408,0.0408,0.0408,0.0408,0.0407,0.0407,0.0407,0.0407,0.0406,0.0406,0.0406,0.0406,0.0406,0.0405,0.0405,0.0405,0.0405,0.0405,0.0404,0.0404,0.0404,0.0404,0.0404,0.0403,0.0403,0.0403,0.0403,0.0403,0.0404,0.0404,0.0404,0.0405,0.0405,0.0405,0.0405,0.0406,0.0406,0.0406,0.0406,0.0406,0.0407,0.0407,0.0407,0.0408,0.0408,0.0408,0.0409,0.0409,0.0409,0.041,0.041,0.041,0.0411,0.0411,0.0411,0.0412,0.0412,0.0412,0.0413,0.0413,0.0413,0.0413,0.0413,0.0412,0.0412,0.0412,0.0411,0.0411,0.0413,0.0415,0.0418,0.042,0.0422,0.0425,0.0427,0.0429,0.0432,0.0434,0.0437,0.0439,0.0442,0.0445,0.0447,0.045,0.0452,0.0455,0.0458,0.0461,0.0463,0.0467,0.0471,0.0475,0.0478,4.8743,0.0785,0.076,0.0755,0.0751,0.0747,0.0742,0.0738,0.0734,0.073,0.0727,0.0723,0.0719,0.0716,0.0713,0.0711,0.071,0.0709,0.0707,0.0705,0.0704,0.0702,0.07,0.0699,0.0697,0.0696,0.0694,0.0692,0.0691,0.0689,0.0687,0.0686,0.0684,0.0683,0.0681,0.068,0.0678,0.0676,0.0674,0.0672,0.067,0.0668,0.0667,0.0665,0.0663,0.0661,0.0659,0.0657,0.0655,0.0653,0.0651,0.065,0.0648,0.0647
1.4629,1.4699,1.4781,1.4912,1.3964,1.393,1.4089,0.6872,0.1847,0.1798,0.1752,0.1708,0.1673,0.1649,0.1626,0.1603,0.1583,0.1567,0.1551,0.1541,0.1531,0.1522,0.1512,0.1503,0.1493,0.0543,0.0531,0.0525,0.052,0.0515,0.0511,0.0506,0.0502,0.0498,0.0495,0.0493,0.0491,0.0489,0.0487,0.0485,0.0483,0.0481,0.0479,0.0477,0.0475,0.0473,0.0471,0.0469,0.0467,0.0465,0.0463,0.0461,0.046,0.0458,0.0457,0.0456,0.0455,0.0453,0.0452,0.0451,0.0449,0.0448,0.0447,0.0446,0.0445,0.0443,0.0442,0.0441,0.0439,0.0438,0.0437,0.0435,0.0434,0.0433,0.0432,0.0431,0.0431,0.043,0.0429,0.0428,0.0427,0.0426,0.0426,0.0425,0.0424,0.0423,0.0422,0.0421,0.042,0.0419,0.0418,0.0417,0.0416,0.0415,0.0414,0.0413,0.0412,0.0411,0.041,0.0409,0.0408,0.0408,0.0408,0.0408,0.0408,0.0408,0.0408,0.0408,0.0407,0.0407,0.0407,0.0407,0.0407,0.0406,0.0406,0.0406,0.0406,0.0406,0.0405,0.0405,0.0405,0.0405,0.0405,0.0404,0.0404,0.0404,0.0404,0.0404,0.0403,0.0403,0.0403,0.0403,0.0403,0.0402,0.0402,0.0402,0.0402,0.0402,0.0403,0.0403,0.0403,0.0403,0.0404,0.0404,0.0404,0.0404,0.0405,0.0405,0.0405,0.0406,0.0406,0.0406,0.0407,0.0407,0.0407,0.0408,0.0408,0.0408,0.0408,0.0409,0.0409,0.0409,0.041,0.041,0.041,0.0411,0.0411,0.0411,0.0412,0.0412,0.0412,0.0411,0.0411,0.0411,0.0411,0.041,0.041,0.041,0.0412,0.0414,0.0416,0.0419,0.0421,0.0423,0.0426,0.0428,0.0431,0.0433,0.0436,0.0438,0.0441,0.0443,0.0446,0.0448,0.0451,0.0454,0.0456,0.0459,0.0463,0.0466,0.047,0.0474,0.0478,4.9992,0.084,0.0771,0.0763,0.0758,0.0754,0.0749,0.0745,0.0741,0.0736,0.0732,0.0728,0.0724,0.072,0.0717,0.0715,0.0714,0.0712,0.071,0.0709,0.0707,0.0705,0.0704,0.0702,0.07,0.0699,0.0697,0.0695,0.0694,0.0692,0.069,0.0689,0.0687,0.0686,0.0684,0.0682,0.068,0.0678,0.0676,0.0674,0.0672,0.067,0.0668,0.0666,0.0664,0.0662,0.0661,0.0659,0.0657,0.0655,0.0653,0.0651,0.0649
1.4599,1.4678,1.476,1.3951,1.3914,1.3981,1.4102,0.6858,0.1849,0.18,0.1753,0.1709,0.1672,0.1648,0.1625,0.1603,0.1581,0.1562,0.1547,0.1537,0.1528,0.1518,0.1509,0.1501,0.1492,0.0544,0.0532,0.0526,0.0521,0.0516,0.0512,0.0507,0.0502,0.0498,0.0496,0.0493,0.0491,0.0489,0.0487,0.0485,0.0483,0.0481,0.0479,0.0477,0.0475,0.0473,0.0471,0.0469,0.0467,0.0465,0.0463,0.0461,0.0459,0.0458,0.0457,0.0456,0.0454,0.0453,0.0452,0.045,0.0449,0.0448,0.0447,0.0446,0.0444,0.0443,0.0442,0.044,0.0439,0.0438,0.0436,0.0435,0.0434,0.0433,0.0432,0.0431,0.043,0.0429,0.0429,0.0428,0.0427,0.0426,0.0425,0.0424,0.0424,0.0423,0.0422,0.042,0.0419,0.0418,0.0417,0.0416,0.0415,0.0414,0.0413,0.0412,0.0411,0.041,0.0409,0.0408,0.0408,0.0407,0.0407,0.0407,0.0407,0.0407,0.0407,0.0407,0.0406,0.0406,0.0406,0.0406,0.0406,0.0405,0.0405,0.0405,0.0405,0.0405,0.0404,0.0404,0.0404,0.0404,0.0404,0.0403,0.0403,0.0403,0.0403,0.0403,0.0402,0.0402,0.0402,0.0402,0.0402,0.0401,0.0401,0.0401,0.0401,0.0401,0.0401,0.0402,0.0402,0.0402,0.0402,0.0403,0.0403,0.0403,0.0404,0.0404,0.0404,0.0404,0.0405,0.0405,0.0405,0.0406,0.0406,0.0406,0.0407,0.0407,0.0407,0.0408,0.0408,0.0408,0.0409,0.0409,0.0409,0.0409,0.041,0.041,0.041,0.0411,0.041,0.041,0.041,0.041,0.0409,0.0409,0.0409,0.0408,0.0409,0.0411,0.0413,0.0415,0.0418,0.042,0.0422,0.0425,0.0427,0.0429,0.0432,0.0434,0.0437,0.0439,0.0442,0.0444,0.0447,0.045,0.0452,0.0455,0.0458,0.0462,0.0466,0.0469,0.0473,5.1243,5.1161,5.099,0.0796,0.077,0.0766,0.0761,0.0756,0.0752,0.0748,0.0743,0.0739,0.0735,0.0731,0.0727,0.0723,0.0719,0.0717,0.0715,0.0714,0.0712,0.071,0.0708,0.0707,0.0705,0.0703,0.0702,0.07,0.0698,0.0697,0.0695,0.0694,0.0692,0.069,0.0688,0.0686,0.0684,0.0682,0.068,0.0678,0.0676,0.0674,0.0672,0.067,0.0668,0.0666,0.0664,0.0662,0.066,0.0659,0.0657,0.0655,0.0653
1.4589,1.4661,1.4739,1.3907,1.3933,1.4028,1.411,0.6875,0.1851,0.1802,0.1755,0.1711,0.1672,0.1648,0.1625,0.1602,0.158,0.1559,0.1544,0.1534,0.1525,0.1516,0.1508,0.15,0.1492,0.0545,0.0533,0.0527,0.0522,0.0517,0.0512,0.0508,0.0503,0.0499,0.0496,0.0493,0.0491,0.0489,0.0487,0.0485,0.0483,0.0481,0.0479,0.0477,0.0475,0.0472,0.047,0.0469,0.0467,0.0465,0.0463,0.0461,0.0459,0.0458,0.0456,0.0455,0.0454,0.0453,0.0451,0.045,0.0449,0.0448,0.0446,0.0445,0.0444,0.0443,0.0441,0.044,0.0439,0.0437,0.0436,0.0435,0.0434,0.0432,0.0431,0.0431,0.043,0.0429,0.0428,0.0427,0.0426,0.0426,0.0425,0.0424,0.0423,0.0422,0.0421,0.042,0.0419,0.0418,0.0417,0.0416,0.0415,0.0414,0.0413,0.0412,0.0411,0.041,0.0409,0.0408,0.0407,0.0407,0.0406,0.0406,0.0406,0.0406,0.0406,0.0406,0.0406,0.0405,0.0405,0.0405,0.0405,0.0405,0.0404,0.0404,0.0404,0.0404,0.0404,0.0403,0.0403,0.0403,0.0403,0.0403,0.0402,0.0402,0.0402,0.0402,0.0402,0.0401,0.0401,0.0401,0.0401,0.0401,0.04,0.04,0.04,0.04,0.04,0.04,0.0401,0.0401,0.0401,0.0401,0.0402,0.0402,0.0402,0.0403,0.0403,0.0403,0.0404,0.0404,0.0404,0.0405,0.0405,0.0405,0.0405,0.0406,0.0406,0.0406,0.0407,0.0407,0.0407,0.0408,0.0408,0.0408,0.0409,0.0409,0.0409,0.0409,0.0409,0.0409,0.0409,0.0408,0.0408,0.0408,0.0407,0.0407,0.0407,0.0407,0.041,0.0412,0.0414,0.0416,0.0419,0.0421,0.0423,0.0426,0.0428,0.043,0.0433,0.0435,0.0438,0.044,0.0443,0.0446,0.0448,0.0451,0.0454,0.0458,0.0461,0.0465,0.0469,0.0472,5.1098,5.0927,5.0757,5.0591,0.0778,0.0773,0.0768,0.0764,0.076,0.0756,0.0752,0.0748,0.0745,0.0741,0.0737,0.0733,0.0728,0.0724,0.072,0.0717,0.0715,0.0713,0.0712,0.071,0.0708,0.0707,0.0705,0.0703,0.0702,0.07,0.0698,0.0696,0.0694,0.0692,0.069,0.0688,0.0686,0.0684,0.0682,0.068,0.0678,0.0676,0.0674,0.0672,0.067,0.0668,0.0666,0.0664,0.0662,0.066,0.0658,0.0656
1.4608,1.4664,1.3842,1.3856,1.3852,1.3932,1.4058,0.6919,0.6928,0.1803,0.1757,0.1712,0.1671,0.1647,0.1624,0.1601,0.1579,0.1558,0.1541,0.1532,0.1524,0.1515,0.1507,0.1499,0.1491,0.1483,0.0534,0.0528,0.0523,0.0518,0.0513,0.0509,0.0504,0.05,0.0496,0.0493,0.0491,0.0489,0.0487,0.0485,0.0483,0.0481,0.0479,0.0476,0.0474,0.0472,0.047,0.0468,0.0466,0.0464,0.0462,0.0461,0.0459,0.0457,0.0456,0.0455,0.0454,0.0452,0.0451,0.045,0.0449,0.0447,0.0446,0.0445,0.0444,0.0442,0.0441,0.044,0.0438,0.0437,0.0436,0.0435,0.0433,0.0432,0.0431,0.043,0.0429,0.0428,0.0428,0.0427,0.0426,0.0425,0.0424,0.0424,0.0423,0.0422,0.0421,0.042,0.0418,0.0417,0.0416,0.0415,0.0414,0.0413,0.0412,0.0411,0.041,0.0409,0.0408,0.0407,0.0406,0.0406,0.0405,0.0405,0.0405,0.0405,0.0405,0.0405,0.0405,0.0404,0.0404,0.0404,0.0404,0.0404,0.0403,0.0403,0.0403,0.0403,0.0403,0.0402,0.0402,0.0402,0.0402,0.0402,0.0401,0.0401,0.0401,0.0401,0.0401,0.04,0.04,0.04,0.04,0.04,0.0399,0.0399,0.0399,0.0399,0.0399,0.0399,0.0399,0.04,0.04,0.04,0.0401,0.0401,0.0401,0.0402,0.0402,0.0402,0.0402,0.0403,0.0403,0.0403,0.0404,0.0404,0.0404,0.0405,0.0405,0.0405,0.0406,0.0406,0.0406,0.0407,0.0407,0.0407,0.0407,0.0408,0.0408,0.0408,0.0408,0.0408,0.0407,0.0407,0.0407,0.0407,0.0406,0.0406,0.0406,0.0405,0.0406,0.0408,0.0411,0.0413,0.0415,0.0417,0.042,0.0422,0.0424,0.0427,0.0429,0.0432,0.0434,0.0437,0.0439,0.0442,0.0444,0.0447,0.045,0.0453,0.0457,0.046,0.0464,0.0468,0.0472,5.0864,5.0695,5.0527,5.0363,5.0199,5.0032,0.0779,0.0775,0.0771,0.0767,0.0763,0.0759,0.0755,0.0751,0.0747,0.0742,0.0738,0.0734,0.0729,0.0725,0.0721,0.0717,0.0715,0.0713,0.0711,0.071,0.0708,0.0706,0.0704,0.0702,0.07,0.0698,0.0696,0.0694,0.0692,0.069,0.0688,0.0686,0.0684,0.0682,0.068,0.0678,0.0676,0.0674,0.0672,0.067,0.0668,0.0666,0.0664,0.0662,0.066
1.4601,1.4666,1.3769,1.3774,1.378,1.3825,0.6983,0.6972,0.6971,0.1805,0.1758,0.1713,0.1671,0.1647,0.1623,0.1601,0.1579,0.1558,0.154,0.1531,0.1523,0.1514,0.1506,0.1498,0.149,0.1482,0.0535,0.0528,0.0524,0.0519,0.0514,0.0509,0.0505,0.05,0.0496,0.0493,0.0491,0.0489,0.0487,0.0485,0.0483,0.0481,0.0478,0.0476,0.0474,0.0472,0.047,0.0468,0.0466,0.0464,0.0462,0.046,0.0459,0.0457,0.0456,0.0455,0.0453,0.0452,0.0451,0.045,0.0448,0.0447,0.0446,0.0445,0.0443,0.0442,0.0441,0.0439,0.0438,0.0437,0.0436,0.0434,0.0433,0.0432,0.043,0.043,0.0429,0.0428,0.0427,0.0426,0.0426,0.0425,0.0424,0.0423,0.0422,0.0421,0.042,0.0419,0.0418,0.0417,0.0416,0.0415,0.0414,0.0413,0.0412,0.0411,0.041,0.0409,0.0408,0.0407,0.0406,0.0405,0.0405,0.0404,0.0404,0.0404,0.0404,0.0404,0.0404,0.0404,0.0403,0.0403,0.0403,0.0403,0.0403,0.0402,0.0402,0.0402,0.0402,0.0402,0.0401,0.0401,0.0401,0.0401,0.0401,0.04,0.04,0.04,0.04,0.04,0.0399,0.0399,0.0399,0.0399,0.0399,0.0398,0.0398,0.0398,0.0398,0.0398,0.0398,0.0399,0.0399,0.0399,0.04,0.04,0.04,0.04,0.0401,0.0401,0.0401,0.0402,0.0402,0.0402,0.0403,0.0403,0.0403,0.0403,0.0404,0.0404,0.0404,0.0405,0.0405,0.0405,0.0406,0.0406,0.0406,0.0407,0.0407,0.0407,0.0407,0.0406,0.0406,0.0406,0.0406,0.0405,0.0405,0.0405,0.0404,0.0404,0.0404,0.0405,0.0407,0.0409,0.0412,0.0414,0.0416,0.0418,0.0421,0.0423,0.0425,0.0428,0.043,0.0433,0.0435,0.0438,0.044,0.0443,0.0446,0.0449,0.0453,0.0456,0.046,0.0463,0.0467,5.0799,5.063,5.0457,5.0283,5.011,4.9939,4.9768,4.9601,4.9431,0.0782,0.0778,0.0774,0.077,0.0766,0.0762,0.0757,0.0752,0.0748,0.0743,0.0739,0.0735,0.073,0.0726,0.0722,0.0718,0.0715,0.0712,0.071,0.0708,0.0706,0.0704,0.0702,0.07,0.0698,0.0696,0.0694,0.0692,0.069,0.0688,0.0686,0.0684,0.0682,0.068,0.0678,0.0676,0.0674,0.0672,0.067,0.0668,0.0666,0.0664
1.4565,1.3728,1.3746,1.3764,1.377,1.3824,0.7038,0.7026,0.7016,0.1806,0.176,0.1715,0.1672,0.1646,0.1623,0.16,0.1578,0.1559,0.1541,0.153,0.1522,0.1513,0.1505,0.1497,0.1489,0.1481,0.0536,0.0529,0.0524,0.052,0.0515,0.051,0.0505,0.05,0.0496,0.0493,0.0491,0.0489,0.0487,0.0485,0.0483,0.048,0.0478,0.0476,0.0474,0.0472,0.047,0.0468,0.0466,0.0464,0.0462,0.046,0.0458,0.0457,0.0456,0.0454,0.0453,0.0452,0.0451,0.0449,0.0448,0.0447,0.0446,0.0444,0.0443,0.0442,0.044,0.0439,0.0438,0.0437,0.0435,0.0434,0.0433,0.0431,0.043,0.0429,0.0428,0.0428,0.0427,0.0426,0.0425,0.0424,0.0423,0.0423,0.0422,0.0421,0.042,0.0419,0.0418,0.0416,0.0415,0.0414,0.0413,0.0412,0.0411,0.041,0.0409,0.0408,0.0407,0.0406,0.0405,0.0404,0.0404,0.0404,0.0403,0.0403,0.0403,0.0403,0.0403,0.0403,0.0402,0.0402,0.0402,0.0402,0.0402,0.0401,0.0401,0.0401,0.0401,0.0401,0.04,0.04,0.04,0.04,0.04,0.04,0.0399,0.0399,0.0399,0.0399,0.0398,0.0398,0.0398,0.0398,0.0398,0.0397,0.0397,0.0397,0.0397,0.0397,0.0397,0.0397,0.0398,0.0398,0.0398,0.0399,0.0399,0.0399,0.04,0.04,0.04,0.0401,0.0401,0.0401,0.0401,0.0402,0.0402,0.0402,0.0403,0.0403,0.0403,0.0404,0.0404,0.0404,0.0405,0.0405,0.0405,0.0405,0.0406,0.0406,0.0405,0.0405,0.0405,0.0405,0.0404,0.0404,0.0404,0.0403,0.0403,0.0403,0.0403,0.0402,0.0404,0.0406,0.0408,0.041,0.0413,0.0415,0.0417,0.042,0.0422,0.0424,0.0427,0.0429,0.0431,0.0434,0.0436,0.0439,0.0442,0.0445,0.0448,0.0452,0.0456,0.0459,0.0463,0.0466,5.0539,5.0361,5.0188,5.0016,4.9847,4.9677,4.9508,4.9342,4.9188,4.9034,4.6235,4.5854,0.0781,0.0777,0.0772,0.0767,0.0763,0.0758,0.0753,0.0749,0.0745,0.0741,0.0737,0.0733,0.0729,0.0725,0.0721,0.0718,0.0714,0.071,0.0707,0.0704,0.0702,0.07,0.0698,0.0696,0.0694,0.0692,0.069,0.0688,0.0686,0.0684,0.0682,0.068,0.0678,0.0676,0.0674,0.0672,0.067,0.0669
1.4535,1.3698,1.3716,1.3733,1.3759,1.3817,0.708,0.7042,0.7003,0.1808,0.1761,0.1716,0.1674,0.1645,0.1622,0.16,0.1579,0.1561,0.1542,0.153,0.1521,0.1512,0.1504,0.1496,0.1488,0.148,0.0537,0.053,0.0525,0.052,0.0516,0.0511,0.0506,0.0501,0.0496,0.0493,0.0491,0.0489,0.0487,0.0485,0.0482,0.048,0.0478,0.0476,0.0474,0.0472,0.047,0.0468,0.0466,0.0464,0.0462,0.046,0.0458,0.0457,0.0455,0.0454,0.0453,0.0452,0.045,0.0449,0.0448,0.0447,0.0445,0.0444,0.0443,0.0442,0.044,0.0439,0.0438,0.0436,0.0435,0.0434,0.0432,0.0431,0.043,0.0429,0.0428,0.0427,0.0426,0.0425,0.0425,0.0424,0.0423,0.0422,0.0421,0.042,0.0419,0.0418,0.0417,0.0416,0.0415,0.0414,0.0413,0.0412,0.0411,0.041,0.0409,0.0408,0.0407,0.0406,0.0405,0.0404,0.0403,0.0403,0.0403,0.0402,0.0402,0.0402,0.0402,0.0402,0.0402,0.0401,0.0401,0.0401,0.0401,0.0401,0.04,0.04,0.04,0.04,0.04,0.0399,0.0399,0.0399,0.0399,0.0399,0.0398,0.0398,0.0398,0.0398,0.0397,0.0397,0.0397,0.0397,0.0396,0.0396,0.0396,0.0396,0.0396,0.0396,0.0396,0.0396,0.0397,0.0397,0.0397,0.0398,0.0398,0.0398,0.0398,0.0399,0.0399,0.0399,0.04,0.04,0.04,0.0401,0.0401,0.0401,0.0402,0.0402,0.0402,0.0402,0.0403,0.0403,0.0403,0.0404,0.0404,0.0404,0.0405,0.0405,0.0404,0.0404,0.0404,0.0403,0.0403,0.0403,0.0403,0.0402,0.0402,0.0402,0.0401,0.0401,0.0401,0.0403,0.0405,0.0407,0.0409,0.0411,0.0414,0.0416,0.0418,0.0421,0.0423,0.0425,0.0428,0.043,0.0433,0.0435,0.0438,0.0441,0.0444,0.0448,0.0451,0.0455,0.0458,0.0462,0.0466,5.028,5.0104,4.993,4.9758,4.6988,4.6756,4.6535,4.6437,4.6414,4.6639,4.6915,4.5586,4.5471,4.5279,4.5071,0.078,0.0775,0.0771,0.0766,0.0762,0.0758,0.0754,0.0749,0.0745,0.0741,0.0737,0.0733,0.0729,0.0725,0.0722,0.0718,0.0714,0.0711,0.0707,0.0704,0.07,0.0697,0.0694,0.0692,0.069,0.0688,0.0686,0.0684,0.0682,0.068,0.0678,0.0677,0.0676,0.0675
1.4505,1.3668,1.3686,1.3703,1.3734,1.2945,0.706,0.7022,0.6985,0.181,0.1763,0.1718,0.1675,0.1645,0.1622,0.16,0.1581,0.1562,0.1544,0.1531,0.152,0.1511,0.1503,0.1495,0.1487,0.1479,0.0538,0.0531,0.0526,0.0521,0.0516,0.0511,0.0506,0.0501,0.0497,0.0493,0.0491,0.0489,0.0487,0.0484,0.0482,0.048,0.0478,0.0476,0.0474,0.0472,0.047,0.0468,0.0466,0.0464,0.0462,0.046,0.0458,0.0456,0.0455,0.0454,0.0453,0.0451,0.045,0.0449,0.0448,0.0446,0.0445,0.0444,0.0443,0.0441,0.044,0.0439,0.0437,0.0436,0.0435,0.0433,0.0432,0.0431,0.043,0.0428,0.0427,0.0427,0.0426,0.0425,0.0424,0.0423,0.0423,0.0422,0.0421,0.042,0.0419,0.0418,0.0417,0.0416,0.0415,0.0413,0.0412,0.0411,0.041,0.0409,0.0408,0.0407,0.0406,0.0405,0.0404,0.0403,0.0403,0.0402,0.0402,0.0402,0.0401,0.0401,0.0401,0.0401,0.0401,0.0401,0.04,0.04,0.04,0.04,0.04,0.0399,0.0399,0.0399,0.0399,0.0399,0.0398,0.0398,0.0398,0.0398,0.0397,0.0397,0.0397,0.0397,0.0396,0.0396,0.0396,0.0396,0.0395,0.0395,0.0395,0.0395,0.0395,0.0395,0.0395,0.0395,0.0396,0.0396,0.0396,0.0396,0.0397,0.0397,0.0397,0.0398,0.0398,0.0398,0.0399,0.0399,0.0399,0.0399,0.04,0.04,0.04,0.0401,0.0401,0.0401,0.0402,0.0402,0.0402,0.0403,0.0403,0.0403,0.0403,0.0403,0.0403,0.0403,0.0402,0.0402,0.0402,0.0402,0.0401,0.0401,0.0401,0.0401,0.04,0.04,0.04,0.04,0.0402,0.0404,0.0406,0.0408,0.041,0.0413,0.0415,0.0417,0.0419,0.0422,0.0424,0.0426,0.0429,0.0431,0.0434,0.0437,0.044,0.0444,0.0447,0.0451,0.0454,0.0458,0.0461,4.7474,4.7234,4.7104,4.7048,4.7101,4.7372,4.7656,4.8,4.8187,4.8396,4.8478,4.5556,4.5395,4.5245,4.5038,4.4615,4.3221,4.1915,3.9898,3.8805,3.7758,3.6686,0.0767,0.0762,0.0758,0.0754,0.075,0.0745,0.0741,0.0737,0.0733,0.073,0.0726,0.0722,0.0718,0.0715,0.0711,0.0708,0.0704,0.0701,0.0697,0.0694,0.069,0.0688,0.0685,0.0684,0.0683,0.0682,0.0681
1.4475,1.3638,1.3656,1.367,1.2899,1.2895,0.704,0.7002,0.6966,0.1811,0.1764,0.1719,0.1676,0.1644,0.1621,0.1601,0.1582,0.1563,0.1545,0.1531,0.1521,0.151,0.1502,0.1494,0.1486,0.1478,0.147,0.0532,0.0527,0.0522,0.0517,0.0512,0.0507,0.0502,0.0497,0.0493,0.0491,0.0489,0.0487,0.0484,0.0482,0.048,0.0478,0.0476,0.0474,0.0472,0.047,0.0468,0.0466,0.0464,0.0462,0.046,0.0458,0.0456,0.0455,0.0454,0.0452,0.0451,0.045,0.0449,0.0447,0.0446,0.0445,0.0444,0.0442,0.0441,0.044,0.0438,0.0437,0.0436,0.0434,0.0433,0.0432,0.0431,0.0429,0.0428,0.0427,0.0426,0.0425,0.0425,0.0424,0.0423,0.0422,0.0421,0.042,0.0419,0.0418,0.0417,0.0416,0.0415,0.0414,0.0413,0.0412,0.0411,0.041,0.0409,0.0408,0.0407,0.0406,0.0405,0.0404,0.0403,0.0402,0.0401,0.0401,0.0401,0.0401,0.04,0.04,0.04,0.04,0.04,0.0399,0.0399,0.0399,0.0399,0.0399,0.0398,0.0398,0.0398,0.0398,0.0398,0.0397,0.0397,0.0397,0.0397,0.0396,0.0396,0.0396,0.0396,0.0395,0.0395,0.0395,0.0395,0.0394,0.0394,0.0394,0.0394,0.0394,0.0394,0.0394,0.0394,0.0394,0.0395,0.0395,0.0395,0.0396,0.0396,0.0396,0.0397,0.0397,0.0397,0.0397,0.0398,0.0398,0.0398,0.0399,0.0399,0.0399,0.04,0.04,0.04,0.04,0.0401,0.0401,0.0401,0.0402,0.0402,0.0402,0.0402,0.0402,0.0402,0.0401,0.0401,0.0401,0.04,0.04,0.04,0.04,0.0399,0.0399,0.0399,0.0399,0.0398,0.0398,0.0401,0.0403,0.0405,0.0407,0.0409,0.0411,0.0414,0.0416,0.0418,0.042,0.0423,0.0425,0.0427,0.043,0.0433,0.0437,0.044,0.0443,0.0447,0.045,0.0453,0.0457,0.0461,4.8096,4.8325,4.8591,4.8858,4.9118,4.9091,4.9032,4.8894,4.8743,4.8592,4.5526,4.5319,4.521,4.5003,4.4724,4.3595,4.2263,4.0204,3.9107,3.8037,3.6947,3.5961,3.5516,3.4806,3.3925,3.3072,3.2249,3.1477,0.0754,0.075,0.0746,0.0741,0.0738,0.0734,0.073,0.0726,0.0722,0.072,0.0717,0.0714,0.0712,0.0709,0.0707,0.0705,0.0702,0.07,0.0697,0.0694
1.4441,1.3609,1.3625,1.3638,1.3683,1.2956,0.702,0.6982,0.6948,0.1813,0.1766,0.1721,0.1678,0.1644,0.1622,0.1603,0.1584,0.1565,0.1547,0.1531,0.1521,0.1511,0.1501,0.1493,0.1485,0.1477,0.1469,0.0533,0.0527,0.0522,0.0517,0.0512,0.0507,0.0502,0.0498,0.0494,0.0491,0.0489,0.0486,0.0484,0.0482,0.048,0.0478,0.0476,0.0474,0.0472,0.047,0.0468,0.0466,0.0464,0.0462,0.046,0.0458,0.0456,0.0454,0.0453,0.0452,0.0451,0.0449,0.0448,0.0447,0.0446,0.0445,0.0443,0.0442,0.0441,0.0439,0.0438,0.0437,0.0435,0.0434,0.0433,0.0432,0.043,0.0429,0.0428,0.0427,0.0426,0.0425,0.0424,0.0423,0.0422,0.0422,0.0421,0.042,0.0419,0.0418,0.0417,0.0416,0.0415,0.0414,0.0413,0.0412,0.0411,0.041,0.0409,0.0408,0.0407,0.0406,0.0405,0.0404,0.0403,0.0402,0.0401,0.04,0.04,0.04,0.04,0.0399,0.0399,0.0399,0.0399,0.0399,0.0398,0.0398,0.0398,0.0398,0.0398,0.0397,0.0397,0.0397,0.0397,0.0396,0.0396,0.0396,0.0396,0.0395,0.0395,0.0395,0.0395,0.0394,0.0394,0.0394,0.0394,0.0393,0.0393,0.0393,0.0393,0.0393,0.0393,0.0393,0.0393,0.0393,0.0394,0.0394,0.0394,0.0395,0.0395,0.0395,0.0395,0.0396,0.0396,0.0396,0.0397,0.0397,0.0397,0.0398,0.0398,0.0398,0.0398,0.0399,0.0399,0.0399,0.04,0.04,0.04,0.0401,0.0401,0.0401,0.0401,0.0401,0.04,0.04,0.04,0.04,0.0399,0.0399,0.0399,0.0398,0.0398,0.0398,0.0398,0.0397,0.0397,0.0397,0.0397,0.0399,0.0402,0.0404,0.0406,0.0408,0.041,0.0412,0.0415,0.0417,0.0419,0.0421,0.0424,0.0426,0.0429,0.0433,0.0436,0.0439,0.0443,0.0446,0.0449,0.0453,0.0456,0.046,4.9731,4.9603,4.9446,4.9292,4.9137,4.8984,4.8833,4.8681,4.853,4.8379,4.5264,4.5149,4.4969,4.4764,4.3974,4.2619,4.1347,3.9435,3.832,3.7224,3.6695,3.5978,3.5058,3.4165,3.333,3.2475,3.1691,3.0945,3.0233,2.9553,2.8903,2.8281,2.7686,2.7115,2.6567,2.6041,1.2234,1.2039,0.0735,0.0733,0.073,0.0727,0.0725,0.0722,0.072,0.0717,0.0714
1.3562,1.3579,1.3592,1.3606,1.3662,1.3726,0.7,0.6961,0.693,0.1814,0.1767,0.1722,0.1679,0.1644,0.1624,0.1604,0.1585,0.1566,0.1548,0.1531,0.1521,0.1511,0.1501,0.1492,0.1484,0.1476,0.1468,0.0533,0.0528,0.0523,0.0518,0.0512,0.0507,0.0503,0.0498,0.0494,0.0491,0.0488,0.0486,0.0484,0.0482,0.048,0.0478,0.0476,0.0474,0.0472,0.047,0.0468,0.0466,0.0464,0.0462,0.046,0.0458,0.0456,0.0454,0.0453,0.0452,0.045,0.0449,0.0448,0.0447,0.0445,0.0444,0.0443,0.0442,0.044,0.0439,0.0438,0.0436,0.0435,0.0434,0.0433,0.0431,0.043,0.0429,0.0428,0.0426,0.0425,0.0424,0.0424,0.0423,0.0422,0.0421,0.042,0.0419,0.0418,0.0417,0.0416,0.0415,0.0414,0.0413,0.0412,0.0411,0.041,0.0409,0.0408,0.0407,0.0406,0.0405,0.0404,0.0403,0.0402,0.0401,0.04,0.0399,0.0399,0.0399,0.0399,0.0398,0.0398,0.0398,0.0398,0.0398,0.0397,0.0397,0.0397,0.0397,0.0397,0.0396,0.0396,0.0396,0.0396,0.0395,0.0395,0.0395,0.0395,0.0394,0.0394,0.0394,0.0394,0.0393,0.0393,0.0393,0.0393,0.0392,0.0392,0.0392,0.0392,0.0392,0.0392,0.0392,0.0392,0.0392,0.0393,0.0393,0.0393,0.0393,0.0394,0.0394,0.0394,0.0395,0.0395,0.0395,0.0396,0.0396,0.0396,0.0396,0.0397,0.0397,0.0397,0.0398,0.0398,0.0398,0.0399,0.0399,0.0399,0.0399,0.04,0.04,0.04,0.0399,0.0399,0.0399,0.0399,0.0398,0.0398,0.0398,0.0398,0.0397,0.0397,0.0397,0.0396,0.0396,0.0396,0.0396,0.0395,0.0396,0.0398,0.04,0.0402,0.0405,0.0407,0.0409,0.0411,0.0413,0.0416,0.0418,0.042,0.0423,0.0426,0.0429,0.0432,0.0435,0.0439,0.0442,0.0445,0.0449,0.0452,0.0456,4.9692,4.9527,4.9379,4.9228,4.9074,4.8922,4.877,4.8619,4.847,4.8316,4.5234,4.5074,4.4934,4.4729,4.4361,4.2983,4.1686,3.9769,3.8608,3.7993,3.7208,3.6235,3.5313,3.4407,3.3554,3.2704,3.1909,3.1152,3.0431,2.9742,2.9084,2.8455,2.7852,2.7274,2.672,2.6187,1.2287,1.2051,1.1951,1.1853,1.1756,1.1652,1.1477,1.1307,1.1142,1.0982,1.0826
1.3532,1.3547,1.356,1.3576,1.3638,1.3701,0.698,0.694,0.6911,0.6929,0.1769,0.1723,0.168,0.165,0.1626,0.1606,0.1586,0.1568,0.1549,0.1531,0.1521,0.1511,0.1501,0.1491,0.1483,0.1475,0.1467,0.0534,0.0528,0.0523,0.0518,0.0513,0.0508,0.0503,0.0499,0.0495,0.0491,0.0488,0.0486,0.0484,0.0482,0.048,0.0478,0.0476,0.0474,0.0472,0.047,0.0468,0.0466,0.0464,0.0462,0.046,0.0458,0.0456,0.0454,0.0453,0.0451,0.045,0.0449,0.0448,0.0446,0.0445,0.0444,0.0443,0.0441,0.044,0.0439,0.0437,0.0436,0.0435,0.0434,0.0432,0.0431,0.043,0.0429,0.0427,0.0426,0.0425,0.0424,0.0423,0.0422,0.0422,0.0421,0.042,0.0419,0.0418,0.0417,0.0416,0.0415,0.0414,0.0413,0.0412,0.0411,0.041,0.0409,0.0408,0.0407,0.0406,0.0405,0.0404,0.0403,0.0402,0.0401,0.04,0.0399,0.0398,0.0398,0.0398,0.0398,0.0397,0.0397,0.0397,0.0397,0.0397,0.0396,0.0396,0.0396,0.0396,0.0395,0.0395,0.0395,0.0395,0.0394,0.0394,0.0394,0.0394,0.0393,0.0393,0.0393,0.0393,0.0392,0.0392,0.0392,0.0392,0.0391,0.0391,0.0391,0.0391,0.0391,0.0391,0.0391,0.0391,0.0391,0.0392,0.0392,0.0392,0.0392,0.0393,0.0393,0.0393,0.0394,0.0394,0.0394,0.0394,0.0395,0.0395,0.0395,0.0396,0.0396,0.0396,0.0396,0.0397,0.0397,0.0397,0.0398,0.0398,0.0398,0.0399,0.0399,0.0399,0.0398,0.0398,0.0398,0.0397,0.0397,0.0397,0.0397,0.0396,0.0396,0.0396,0.0396,0.0395,0.0395,0.0395,0.0394,0.0394,0.0394,0.0395,0.0397,0.0399,0.0401,0.0403,0.0406,0.0408,0.041,0.0412,0.0414,0.0417,0.0419,0.0422,0.0425,0.0428,0.0431,0.0435,0.0438,0.0441,0.0445,0.0448,0.0452,0.0455,4.9459,4.931,4.9163,4.9012,4.886,4.8708,4.8558,4.8408,4.8254,4.5203,4.4999,4.4899,4.4694,4.4426,4.3351,4.2034,4.0108,3.9393,3.8525,3.7484,3.6497,3.5561,3.4653,3.3781,3.2976,3.213,3.1363,3.0631,2.9934,2.9267,2.863,2.802,2.7435,2.6874,2.6336,2.5819,1.2136,1.1962,1.1864,1.1767,1.1671,1.152,1.1349,1.1183,1.1022,1.0865
1.3502,1.3515,1.3528,1.355,1.3613,1.3678,0.6961,0.6919,0.6893,0.691,0.177,0.1725,0.1688,0.1656,0.1632,0.1608,0.1588,0.1569,0.1551,0.1533,0.1521,0.1511,0.1501,0.1491,0.1482,0.1474,0.1467,0.0534,0.0529,0.0524,0.0518,0.0513,0.0508,0.0504,0.0499,0.0495,0.0491,0.0488,0.0486,0.0484,0.0482,0.048,0.0478,0.0476,0.0474,0.0472,0.047,0.0468,0.0466,0.0464,0.0462,0.046,0.0458,0.0456,0.0454,0.0452,0.0451,0.045,0.0449,0.0447,0.0446,0.0445,0.0444,0.0442,0.0441,0.044,0.0438,0.0437,0.0436,0.0435,0.0433,0.0432,0.0431,0.043,0.0428,0.0427,0.0426,0.0425,0.0424,0.0423,0.0422,0.0421,0.042,0.0419,0.0418,0.0417,0.0416,0.0415,0.0414,0.0413,0.0412,0.0411,0.041,0.0409,0.0408,0.0407,0.0406,0.0405,0.0404,0.0403,0.0402,0.0401,0.04,0.0399,0.0398,0.0397,0.0397,0.0397,0.0397,0.0396,0.0396,0.0396,0.0396,0.0396,0.0395,0.0395,0.0395,0.0395,0.0394,0.0394,0.0394,0.0394,0.0393,0.0393,0.0393,0.0393,0.0392,0.0392,0.0392,0.0392,0.0391,0.0391,0.0391,0.0391,0.0391,0.039,0.039,0.039,0.039,0.039,0.039,0.039,0.0391,0.0391,0.0391,0.0391,0.0391,0.0392,0.0392,0.0392,0.0392,0.0393,0.0393,0.0393,0.0394,0.0394,0.0394,0.0394,0.0395,0.0395,0.0395,0.0396,0.0396,0.0396,0.0397,0.0397,0.0397,0.0397,0.0398,0.0397,0.0397,0.0397,0.0397,0.0396,0.0396,0.0396,0.0395,0.0395,0.0395,0.0395,0.0394,0.0394,0.0394,0.0394,0.0393,0.0393,0.0393,0.0393,0.0394,0.0396,0.0398,0.04,0.0402,0.0404,0.0407,0.0409,0.0411,0.0413,0.0415,0.0418,0.0421,0.0425,0.0428,0.0431,0.0434,0.0437,0.0441,0.0444,0.0447,0.0451,0.0454,4.9242,4.9095,4.8949,4.8797,4.8647,4.8497,4.8347,4.8191,4.8038,4.4945,4.4831,4.4661,4.446,4.3728,4.2386,4.1126,3.9939,3.8821,3.7764,3.6763,3.5812,3.4903,3.4017,3.3195,3.2353,3.1576,3.0835,3.0128,2.9453,2.8807,2.8189,2.7598,2.703,2.6486,2.5963,1.219,1.2013,1.1876,1.1778,1.1682,1.1564,1.1392,1.1225,1.1062,1.0904
1.3469,1.3482,1.3437,1.3526,1.3591,0.6978,0.694,0.6898,0.6875,0.6892,0.1772,0.1729,0.1696,0.1663,0.1638,0.1615,0.1591,0.157,0.1552,0.1534,0.1522,0.1511,0.1501,0.1491,0.1482,0.1473,0.1466,0.1458,0.0529,0.0524,0.0519,0.0514,0.0509,0.0504,0.05,0.0495,0.0491,0.0488,0.0486,0.0484,0.0482,0.048,0.0478,0.0476,0.0474,0.0472,0.047,0.0468,0.0466,0.0464,0.0462,0.046,0.0458,0.0456,0.0454,0.0452,0.0451,0.045,0.0448,0.0447,0.0446,0.0445,0.0443,0.0442,0.0441,0.0439,0.0438,0.0437,0.0436,0.0434,0.0433,0.0432,0.043,0.0429,0.0428,0.0427,0.0426,0.0424,0.0423,0.0422,0.0421,0.0421,0.042,0.0419,0.0418,0.0417,0.0416,0.0415,0.0414,0.0413,0.0412,0.0411,0.041,0.0409,0.0408,0.0407,0.0406,0.0405,0.0404,0.0403,0.0402,0.0401,0.04,0.0399,0.0398,0.0397,0.0396,0.0396,0.0396,0.0395,0.0395,0.0395,0.0395,0.0395,0.0394,0.0394,0.0394,0.0394,0.0393,0.0393,0.0393,0.0393,0.0392,0.0392,0.0392,0.0392,0.0391,0.0391,0.0391,0.0391,0.039,0.039,0.039,0.039,0.039,0.0389,0.0389,0.0389,0.0389,0.0389,0.0389,0.039,0.039,0.039,0.039,0.039,0.039,0.039,0.0391,0.0391,0.0391,0.0392,0.0392,0.0392,0.0393,0.0393,0.0393,0.0393,0.0394,0.0394,0.0394,0.0395,0.0395,0.0395,0.0395,0.0396,0.0396,0.0396,0.0396,0.0396,0.0396,0.0396,0.0395,0.0395,0.0395,0.0395,0.0394,0.0394,0.0394,0.0393,0.0393,0.0393,0.0393,0.0392,0.0392,0.0392,0.0392,0.0391,0.0391,0.0393,0.0395,0.0397,0.0399,0.0401,0.0403,0.0405,0.0408,0.041,0.0412,0.0415,0.0418,0.0421,0.0424,0.0427,0.043,0.0433,0.0437,0.044,0.0443,0.0447,0.045,4.9176,4.9029,4.8882,4.8735,4.8585,4.8435,4.8284,4.8129,4.7977,4.4916,4.4756,4.4627,4.4425,4.4074,4.2746,4.1465,4.0258,3.9122,3.8048,3.7031,3.6068,3.5154,3.4258,3.3417,3.2604,3.1792,3.104,3.0324,2.964,2.8986,2.8361,2.7762,2.7188,2.6637,2.6108,1.2287,1.2039,1.1907,1.179,1.1693,1.1599,1.1435,1.1266,1.1103,1.0944
1.3254,1.331,1.3398,1.3488,1.3565,0.6958,0.692,0.6878,0.6857,0.6874,0.1773,0.1737,0.1703,0.1671,0.1645,0.1621,0.1598,0.1575,0.1553,0.1535,0.1522,0.1512,0.1502,0.1492,0.1482,0.1473,0.1465,0.1457,0.053,0.0525,0.0519,0.0514,0.0509,0.0504,0.05,0.0496,0.0492,0.0488,0.0486,0.0484,0.0482,0.048,0.0478,0.0476,0.0474,0.0472,0.047,0.0468,0.0466,0.0464,0.0462,0.046,0.0458,0.0456,0.0454,0.0452,0.0451,0.0449,0.0448,0.0447,0.0446,0.0444,0.0443,0.0442,0.0441,0.0439,0.0438,0.0437,0.0435,0.0434,0.0433,0.0431,0.043,0.0429,0.0428,0.0426,0.0425,0.0424,0.0423,0.0422,0.0421,0.042,0.0419,0.0418,0.0417,0.0416,0.0415,0.0414,0.0413,0.0412,0.0411,0.041,0.0409,0.0408,0.0407,0.0406,0.0405,0.0404,0.0403,0.0402,0.0401,0.04,0.0399,0.0399,0.0398,0.0397,0.0396,0.0395,0.0395,0.0394,0.0394,0.0394,0.0394,0.0394,0.0393,0.0393,0.0393,0.0393,0.0392,0.0392,0.0392,0.0392,0.0391,0.0391,0.0391,0.0391,0.039,0.039,0.039,0.039,0.0389,0.0389,0.0389,0.0389,0.0389,0.0388,0.0388,0.0388,0.0388,0.0388,0.0389,0.0389,0.0389,0.0389,0.0389,0.0389,0.0389,0.0389,0.039,0.039,0.039,0.0391,0.0391,0.0391,0.0391,0.0392,0.0392,0.0392,0.0393,0.0393,0.0393,0.0393,0.0394,0.0394,0.0394,0.0395,0.0395,0.0395,0.0395,0.0395,0.0395,0.0394,0.0394,0.0394,0.0394,0.0393,0.0393,0.0393,0.0393,0.0392,0.0392,0.0392,0.0392,0.0391,0.0391,0.0391,0.039,0.039,0.039,0.039,0.0392,0.0394,0.0396,0.0398,0.04,0.0402,0.0404,0.0406,0.0409,0.0411,0.0414,0.0417,0.042,0.0423,0.0426,0.043,0.0433,0.0436,0.0439,0.0443,0.0446,0.045,4.8962,4.8817,4.8672,4.8523,4.8375,4.8222,4.8067,4.7915,4.4885,4.4684,4.4591,4.439,4.4146,4.3112,4.1808,4.0581,3.9427,3.8336,3.7305,3.6327,3.54,3.4501,3.3642,3.2844,3.201,3.1249,3.0523,2.9831,2.9168,2.8535,2.7929,2.7348,2.6791,2.6256,2.5742,1.2095,1.193,1.1801,1.1705,1.161,1.1479,1.1309,1.1144,1.0983
1.3300,1.3306,1.336,1.3449,1.354,0.6939,0.6899,0.6857,0.6839,0.6856,0.1781,0.1745,0.1711,0.1678,0.1652,0.1627,0.1604,0.1581,0.1559,0.1537,0.1522,0.1512,0.1502,0.1492,0.1482,0.1472,0.1464,0.1456,0.053,0.0525,0.052,0.0515,0.051,0.0505,0.05,0.0496,0.0492,0.0488,0.0486,0.0484,0.0482,0.048,0.0478,0.0476,0.0474,0.0472,0.047,0.0468,0.0466,0.0464,0.0462,0.046,0.0458,0.0456,0.0454,0.0452,0.045,0.0449,0.0448,0.0447,0.0445,0.0444,0.0443,0.0442,0.044,0.0439,0.0438,0.0436,0.0435,0.0434,0.0432,0.0431,0.043,0.0429,0.0427,0.0426,0.0425,0.0424,0.0423,0.0421,0.0421,0.042,0.0419,0.0418,0.0417,0.0416,0.0415,0.0414,0.0413,0.0412,0.0411,0.041,0.0409,0.0408,0.0407,0.0406,0.0405,0.0404,0.0403,0.0402,0.0401,0.04,0.0399,0.0398,0.0397,0.0396,0.0395,0.0394,0.0394,0.0393,0.0393,0.0393,0.0393,0.0393,0.0392,0.0392,0.0392,0.0392,0.0391,0.0391,0.0391,0.0391,0.039,0.039,0.039,0.039,0.0389,0.0389,0.0389,0.0389,0.0389,0.0388,0.0388,0.0388,0.0388,0.0387,0.0387,0.0387,0.0387,0.0388,0.0388,0.0388,0.0388,0.0388,0.0388,0.0388,0.0388,0.0388,0.0389,0.0389,0.0389,0.0389,0.039,0.039,0.039,0.0391,0.0391,0.0391,0.0392,0.0392,0.0392,0.0392,0.0393,0.0393,0.0393,0.0394,0.0394,0.0394,0.0394,0.0394,0.0394,0.0393,0.0393,0.0393,0.0393,0.0392,0.0392,0.0392,0.0391,0.0391,0.0391,0.0391,0.039,0.039,0.039,0.039,0.0389,0.0389,0.0389,0.0389,0.0389,0.0391,0.0393,0.0395,0.0397,0.0399,0.0401,0.0403,0.0405,0.0408,0.0411,0.0414,0.0417,0.042,0.0423,0.0426,0.0429,0.0432,0.0435,0.0439,0.0442,0.0445,0.0449,4.875,4.8606,4.8462,4.8314,4.816,4.5549,4.5192,4.4911,4.4631,4.4518,4.4358,4.4159,4.3483,4.2157,4.091,3.9736,3.8629,3.7582,3.659,3.5649,3.4749,3.3871,3.3061,3.2242,3.1461,3.0725,3.0023,2.9353,2.8711,2.8098,2.751,2.6946,2.6405,2.5885,1.2164,1.1952,1.1825,1.1716,1.1621,1.1522,1.1351,1.1185,1.1023
1.3337,1.3346,1.3355,1.341,1.35,0.692,0.6878,0.6837,0.6822,0.6838,0.179,0.1754,0.1719,0.1686,0.1658,0.1634,0.161,0.1587,0.1565,0.1543,0.1523,0.1512,0.1502,0.1492,0.1482,0.1473,0.1463,0.1455,0.0531,0.0526,0.052,0.0515,0.051,0.0505,0.0501,0.0497,0.0493,0.0489,0.0486,0.0484,0.0482,0.048,0.0478,0.0476,0.0473,0.0471,0.0469,0.0467,0.0465,0.0463,0.0462,0.046,0.0458,0.0456,0.0454,0.0452,0.045,0.0449,0.0448,0.0446,0.0445,0.0444,0.0443,0.0441,0.044,0.0439,0.0437,0.0436,0.0435,0.0433,0.0432,0.0431,0.043,0.0428,0.0427,0.0426,0.0425,0.0423,0.0422,0.0421,0.042,0.0419,0.0419,0.0418,0.0417,0.0415,0.0414,0.0413,0.0412,0.0411,0.041,0.0409,0.0408,0.0407,0.0406,0.0405,0.0404,0.0403,0.0402,0.0402,0.0401,0.04,0.0399,0.0398,0.0397,0.0396,0.0395,0.0393,0.0393,0.0392,0.0392,0.0392,0.0392,0.0392,0.0391,0.0391,0.0391,0.0391,0.039,0.039,0.039,0.039,0.0389,0.0389,0.0389,0.0389,0.0388,0.0388,0.0388,0.0388,0.0388,0.0387,0.0387,0.0387,0.0387,0.0386,0.0386,0.0386,0.0387,0.0387,0.0387,0.0387,0.0387,0.0387,0.0387,0.0387,0.0387,0.0387,0.0388,0.0388,0.0388,0.0388,0.0389,0.0389,0.0389,0.039,0.039,0.039,0.039,0.0391,0.0391,0.0391,0.0392,0.0392,0.0392,0.0392,0.0393,0.0393,0.0393,0.0393,0.0392,0.0392,0.0392,0.0392,0.0391,0.0391,0.0391,0.0391,0.039,0.039,0.039,0.039,0.0389,0.0389,0.0389,0.0388,0.0388,0.0388,0.0388,0.0387,0.0387,0.0388,0.039,0.0392,0.0394,0.0396,0.0398,0.04,0.0402,0.0405,0.0407,0.041,0.0413,0.0416,0.0419,0.0422,0.0425,0.0428,0.0432,0.0435,0.0438,0.0441,0.0445,4.8689,4.5968,4.5777,4.5802,4.5827,4.7915,4.7681,4.7403,4.4603,4.4445,4.4324,4.4125,4.3783,4.2512,4.1244,4.0051,3.8927,3.7863,3.6856,3.5902,3.4997,3.4109,3.3281,3.25,3.1675,3.0929,3.0218,2.9539,2.889,2.8269,2.7674,2.7103,2.6555,2.603,2.5524,1.2001,1.1851,1.1727,1.1632,1.1538,1.1394,1.1226,1.1064
1.3342,1.3346,1.3351,1.342,1.3491,0.6899,0.6858,0.6817,0.6804,0.6821,0.6838,0.1762,0.1727,0.1693,0.1665,0.164,0.1616,0.1593,0.157,0.1549,0.1525,0.1514,0.1504,0.1494,0.1483,0.1473,0.1463,0.1455,0.0535,0.0526,0.0521,0.0516,0.0511,0.0506,0.0501,0.0497,0.0493,0.0489,0.0486,0.0484,0.0482,0.048,0.0477,0.0475,0.0473,0.0471,0.0469,0.0467,0.0465,0.0463,0.0461,0.0459,0.0458,0.0456,0.0454,0.0452,0.045,0.0448,0.0447,0.0446,0.0445,0.0444,0.0442,0.0441,0.044,0.0438,0.0437,0.0436,0.0434,0.0433,0.0432,0.0431,0.0429,0.0428,0.0427,0.0426,0.0424,0.0423,0.0422,0.0421,0.042,0.0419,0.0418,0.0417,0.0416,0.0415,0.0414,0.0413,0.0412,0.0411,0.041,0.0409,0.0408,0.0407,0.0406,0.0405,0.0404,0.0403,0.0402,0.0401,0.04,0.0399,0.0398,0.0397,0.0396,0.0395,0.0394,0.0393,0.0392,0.0391,0.0391,0.0391,0.0391,0.0391,0.039,0.039,0.039,0.039,0.0389,0.0389,0.0389,0.0389,0.0388,0.0388,0.0388,0.0388,0.0388,0.0387,0.0387,0.0387,0.0387,0.0386,0.0386,0.0386,0.0386,0.0385,0.0385,0.0386,0.0386,0.0386,0.0386,0.0386,0.0386,0.0386,0.0386,0.0386,0.0386,0.0386,0.0387,0.0387,0.0387,0.0387,0.0388,0.0388,0.0388,0.0389,0.0389,0.0389,0.0389,0.039,0.039,0.039,0.0391,0.0391,0.0391,0.0391,0.0392,0.0392,0.0392,0.0392,0.0391,0.0391,0.0391,0.0391,0.039,0.039,0.039,0.0389,0.0389,0.0389,0.0389,0.0388,0.0388,0.0388,0.0388,0.0387,0.0387,0.0387,0.0387,0.0386,0.0386,0.0386,0.0387,0.0389,0.0391,0.0393,0.0395,0.0397,0.0399,0.0401,0.0404,0.0407,0.041,0.0413,0.0416,0.0419,0.0422,0.0425,0.0428,0.0431,0.0434,0.0437,0.0441,0.0444,4.8435,4.8241,4.806,4.7963,4.7874,4.7738,4.759,4.4572,4.4373,4.428,4.4092,4.3879,4.2874,4.1585,4.0372,3.9228,3.8149,3.7127,3.6159,3.5241,3.4351,3.3505,3.2713,3.1898,3.1137,3.0416,2.9728,2.907,2.8442,2.7839,2.7262,2.6708,2.6176,2.5665,1.2069,1.1877,1.1752,1.1643,1.1549,1.1437,1.1268,1.1105
1.3317,1.3331,1.3354,1.3396,1.3435,0.6879,0.6837,0.6796,0.6786,0.6803,0.682,0.177,0.1735,0.1701,0.1672,0.1647,0.1623,0.1599,0.1576,0.1554,0.1529,0.1516,0.1506,0.1495,0.1485,0.1475,0.1465,0.1456,0.0546,0.0527,0.0521,0.0516,0.0511,0.0506,0.0502,0.0498,0.0494,0.049,0.0486,0.0484,0.0482,0.0479,0.0477,0.0475,0.0473,0.0471,0.0469,0.0467,0.0465,0.0463,0.0461,0.0459,0.0457,0.0456,0.0454,0.0452,0.045,0.0448,0.0447,0.0446,0.0445,0.0443,0.0442,0.0441,0.0439,0.0438,0.0437,0.0435,0.0434,0.0433,0.0432,0.043,0.0429,0.0428,0.0427,0.0425,0.0424,0.0423,0.0422,0.0421,0.0419,0.0419,0.0418,0.0417,0.0416,0.0415,0.0414,0.0412,0.0411,0.041,0.0409,0.0408,0.0407,0.0406,0.0406,0.0405,0.0404,0.0403,0.0402,0.0401,0.04,0.0399,0.0398,0.0397,0.0396,0.0395,0.0394,0.0392,0.0391,0.0391,0.039,0.039,0.039,0.039,0.0389,0.0389,0.0389,0.0389,0.0388,0.0388,0.0388,0.0388,0.0387,0.0387,0.0387,0.0387,0.0387,0.0386,0.0386,0.0386,0.0386,0.0385,0.0385,0.0385,0.0385,0.0385,0.0385,0.0385,0.0385,0.0385,0.0385,0.0385,0.0385,0.0385,0.0385,0.0385,0.0385,0.0385,0.0385,0.0386,0.0386,0.0386,0.0387,0.0387,0.0387,0.0387,0.0388,0.0388,0.0388,0.0389,0.0389,0.0389,0.0389,0.039,0.039,0.039,0.0391,0.0391,0.0391,0.039,0.039,0.039,0.039,0.0389,0.0389,0.0389,0.0389,0.0388,0.0388,0.0388,0.0388,0.0387,0.0387,0.0387,0.0387,0.0386,0.0386,0.0386,0.0385,0.0385,0.0385,0.0385,0.0384,0.0386,0.0388,0.039,0.0392,0.0394,0.0396,0.0398,0.0401,0.0404,0.0406,0.0409,0.0412,0.0415,0.0418,0.0421,0.0424,0.0427,0.043,0.0434,0.0437,0.044,4.8428,4.8276,4.8125,4.7975,4.7826,4.7678,4.7531,4.7384,4.4321,4.4208,4.4058,4.3864,4.3241,4.193,4.0697,3.9536,3.8439,3.7402,3.6419,3.5487,3.4596,3.3731,3.2928,3.216,3.1346,3.0616,2.9919,2.9253,2.8616,2.8007,2.7423,2.6862,2.6324,2.5808,1.2142,1.1902,1.1778,1.1655,1.156,1.1467,1.1311,1.1146
1.3289,1.3248,1.3247,1.3276,1.2794,0.6858,0.6817,0.6776,0.6769,0.6786,0.6802,0.1779,0.1743,0.1708,0.1678,0.1653,0.1629,0.1605,0.1582,0.156,0.1533,0.1519,0.1508,0.1497,0.1487,0.1477,0.1467,0.1458,0.145,0.0527,0.0522,0.0517,0.0512,0.0507,0.0502,0.0498,0.0494,0.049,0.0486,0.0484,0.0481,0.0479,0.0477,0.0475,0.0473,0.0471,0.0469,0.0467,0.0465,0.0463,0.0461,0.0459,0.0457,0.0455,0.0454,0.0452,0.045,0.0448,0.0447,0.0445,0.0444,0.0443,0.0442,0.044,0.0439,0.0438,0.0436,0.0435,0.0434,0.0433,0.0431,0.043,0.0429,0.0428,0.0426,0.0425,0.0424,0.0423,0.0421,0.042,0.0419,0.0418,0.0417,0.0416,0.0415,0.0414,0.0413,0.0412,0.0411,0.041,0.0409,0.0408,0.0407,0.0406,0.0405,0.0404,0.0403,0.0402,0.0401,0.04,0.0399,0.0398,0.0397,0.0396,0.0396,0.0395,0.0393,0.0392,0.0391,0.039,0.0389,0.0389,0.0389,0.0389,0.0388,0.0388,0.0388,0.0388,0.0387,0.0387,0.0387,0.0387,0.0386,0.0386,0.0386,0.0386,0.0386,0.0385,0.0385,0.0385,0.0385,0.0384,0.0384,0.0384,0.0384,0.0384,0.0384,0.0384,0.0384,0.0384,0.0384,0.0384,0.0384,0.0384,0.0384,0.0384,0.0384,0.0384,0.0385,0.0385,0.0385,0.0385,0.0386,0.0386,0.0386,0.0386,0.0387,0.0387,0.0387,0.0388,0.0388,0.0388,0.0388,0.0389,0.0389,0.0389,0.039,0.039,0.039,0.0389,0.0389,0.0389,0.0389,0.0388,0.0388,0.0388,0.0387,0.0387,0.0387,0.0387,0.0386,0.0386,0.0386,0.0386,0.0385,0.0385,0.0385,0.0385,0.0384,0.0384,0.0384,0.0384,0.0383,0.0383,0.0385,0.0386,0.0388,0.039,0.0392,0.0395,0.0398,0.04,0.0403,0.0406,0.0409,0.0412,0.0415,0.0418,0.0421,0.0424,0.0427,0.043,0.0433,0.0436,0.044,4.8215,4.8064,4.7915,4.7766,4.7618,4.7472,4.7326,4.4292,4.4137,4.4025,4.3829,4.3497,4.2282,4.1028,3.9847,3.8733,3.768,3.6683,3.5738,3.484,3.3962,3.3146,3.2371,3.156,3.0819,3.0113,2.9438,2.8793,2.8176,2.7585,2.7018,2.6474,2.5951,2.5449,1.1975,1.1803,1.168,1.1571,1.1478,1.1353,1.1187
1.3173,1.3149,1.3172,1.3203,1.2757,0.6838,0.6797,0.6756,0.6752,0.6768,0.6785,0.6801,0.1751,0.1716,0.1685,0.166,0.1635,0.1612,0.1588,0.1565,0.1538,0.1521,0.151,0.1499,0.1489,0.1479,0.1469,0.146,0.1452,0.0528,0.0522,0.0517,0.0512,0.0507,0.0503,0.0499,0.0494,0.049,0.0486,0.0483,0.0481,0.0479,0.0477,0.0475,0.0473,0.0471,0.0469,0.0467,0.0465,0.0463,0.0461,0.0459,0.0457,0.0455,0.0454,0.0452,0.045,0.0448,0.0446,0.0445,0.0444,0.0443,0.0441,0.044,0.0439,0.0437,0.0436,0.0435,0.0434,0.0432,0.0431,0.043,0.0429,0.0427,0.0426,0.0425,0.0424,0.0422,0.0421,0.042,0.0419,0.0418,0.0417,0.0416,0.0415,0.0414,0.0413,0.0412,0.0411,0.041,0.0409,0.0408,0.0407,0.0406,0.0405,0.0404,0.0403,0.0402,0.0401,0.04,0.0399,0.0398,0.0397,0.0396,0.0395,0.0394,0.0393,0.0392,0.039,0.0389,0.0388,0.0388,0.0388,0.0388,0.0387,0.0387,0.0387,0.0387,0.0386,0.0386,0.0386,0.0386,0.0386,0.0385,0.0385,0.0385,0.0385,0.0384,0.0384,0.0384,0.0384,0.0383,0.0383,0.0383,0.0383,0.0383,0.0383,0.0383,0.0383,0.0383,0.0383,0.0383,0.0383,0.0383,0.0383,0.0383,0.0383,0.0384,0.0384,0.0384,0.0384,0.0384,0.0384,0.0385,0.0385,0.0385,0.0386,0.0386,0.0386,0.0386,0.0387,0.0387,0.0387,0.0388,0.0388,0.0388,0.0388,0.0389,0.0388,0.0388,0.0388,0.0388,0.0387,0.0387,0.0387,0.0387,0.0386,0.0386,0.0386,0.0386,0.0385,0.0385,0.0385,0.0385,0.0384,0.0384,0.0384,0.0384,0.0383,0.0383,0.0383,0.0383,0.0382,0.0382,0.0382,0.0384,0.0385,0.0387,0.0389,0.0392,0.0394,0.0397,0.04,0.0403,0.0405,0.0408,0.0411,0.0414,0.0417,0.042,0.0423,0.0426,0.0429,0.0432,0.0436,0.0439,4.8004,4.7855,4.7706,4.7559,4.7412,4.7267,4.4334,4.4065,4.3975,4.3796,4.3588,4.2638,4.1363,4.0164,3.9033,3.7963,3.6951,3.5992,3.5082,3.4202,3.3368,3.2583,3.1798,3.1024,3.0309,2.9626,2.8973,2.8348,2.775,2.7176,2.6626,2.6097,2.5589,1.2043,1.1829,1.1706,1.1584,1.1489,1.1396,1.1228
1.3125,1.3127,1.3139,1.2769,0.6849,0.6816,0.6777,0.6737,0.6734,0.6751,0.6767,0.6789,0.1759,0.1724,0.1692,0.1667,0.1642,0.1618,0.1595,0.157,0.1543,0.1523,0.1512,0.1501,0.1491,0.1481,0.1471,0.1462,0.1454,0.0528,0.0523,0.0518,0.0513,0.0508,0.0503,0.0499,0.0495,0.0491,0.0487,0.0483,0.0481,0.0479,0.0477,0.0475,0.0473,0.0471,0.0469,0.0467,0.0465,0.0463,0.0461,0.0459,0.0457,0.0455,0.0453,0.0452,0.045,0.0448,0.0446,0.0445,0.0444,0.0442,0.0441,0.044,0.0438,0.0437,0.0436,0.0435,0.0433,0.0432,0.0431,0.043,0.0428,0.0427,0.0426,0.0425,0.0423,0.0422,0.0421,0.042,0.0419,0.0417,0.0416,0.0415,0.0414,0.0413,0.0412,0.0411,0.041,0.0409,0.0408,0.0407,0.0406,0.0405,0.0404,0.0403,0.0402,0.0401,0.04,0.0399,0.0398,0.0398,0.0397,0.0396,0.0395,0.0394,0.0392,0.0391,0.039,0.0389,0.0387,0.0387,0.0387,0.0387,0.0386,0.0386,0.0386,0.0386,0.0386,0.0385,0.0385,0.0385,0.0385,0.0384,0.0384,0.0384,0.0384,0.0383,0.0383,0.0383,0.0383,0.0383,0.0382,0.0382,0.0382,0.0382,0.0382,0.0382,0.0382,0.0382,0.0382,0.0382,0.0382,0.0382,0.0382,0.0383,0.0383,0.0383,0.0383,0.0383,0.0383,0.0383,0.0383,0.0384,0.0384,0.0384,0.0385,0.0385,0.0385,0.0385,0.0386,0.0386,0.0386,0.0387,0.0387,0.0387,0.0387,0.0388,0.0387,0.0387,0.0387,0.0387,0.0386,0.0386,0.0386,0.0386,0.0385,0.0385,0.0385,0.0384,0.0384,0.0384,0.0384,0.0383,0.0383,0.0383,0.0383,0.0382,0.0382,0.0382,0.0382,0.0381,0.0381,0.0381,0.0381,0.0381,0.0382,0.0384,0.0386,0.0389,0.0391,0.0394,0.0397,0.0399,0.0402,0.0405,0.0408,0.0411,0.0413,0.0416,0.0419,0.0422,0.0426,0.0429,0.0432,0.0435,4.7944,4.7795,4.7647,4.75,4.7354,4.721,4.7065,4.4017,4.3904,4.3763,4.3572,4.3002,4.1706,4.0486,3.9336,3.825,3.7223,3.625,3.5328,3.4445,3.3592,3.2797,3.2037,3.1233,3.0508,2.9816,2.9155,2.8522,2.7916,2.7336,2.6779,2.6245,2.5731,2.5237,1.1856,1.1731,1.1609,1.15,1.1408,1.127
1.3096,1.3104,1.2783,1.2743,0.6819,0.6786,0.6753,0.6717,0.6717,0.6737,0.676,0.6782,0.1767,0.1732,0.1699,0.1673,0.1648,0.1624,0.1601,0.1575,0.1548,0.1525,0.1514,0.1503,0.1493,0.1483,0.1473,0.1465,0.1456,0.0539,0.0523,0.0518,0.0513,0.0508,0.0504,0.0499,0.0495,0.0491,0.0487,0.0483,0.0481,0.0479,0.0477,0.0475,0.0473,0.0471,0.0469,0.0467,0.0465,0.0463,0.0461,0.0459,0.0457,0.0455,0.0453,0.0452,0.045,0.0448,0.0446,0.0445,0.0443,0.0442,0.0441,0.044,0.0438,0.0437,0.0436,0.0434,0.0433,0.0432,0.0431,0.0429,0.0428,0.0427,0.0426,0.0424,0.0423,0.0422,0.0421,0.0419,0.0418,0.0417,0.0416,0.0415,0.0414,0.0413,0.0412,0.0411,0.041,0.0409,0.0408,0.0407,0.0406,0.0405,0.0404,0.0403,0.0402,0.0401,0.04,0.0399,0.0398,0.0397,0.0396,0.0395,0.0394,0.0393,0.0392,0.0391,0.0389,0.0388,0.0387,0.0386,0.0386,0.0386,0.0385,0.0385,0.0385,0.0385,0.0385,0.0384,0.0384,0.0384,0.0384,0.0383,0.0383,0.0383,0.0383,0.0382,0.0382,0.0382,0.0382,0.0382,0.0381,0.0381,0.0381,0.0381,0.0381,0.0381,0.0381,0.0381,0.0381,0.0381,0.0381,0.0381,0.0382,0.0382,0.0382,0.0382,0.0382,0.0382,0.0382,0.0382,0.0382,0.0383,0.0383,0.0383,0.0384,0.0384,0.0384,0.0384,0.0385,0.0385,0.0385,0.0385,0.0386,0.0386,0.0386,0.0386,0.0386,0.0386,0.0386,0.0385,0.0385,0.0385,0.0385,0.0384,0.0384,0.0384,0.0384,0.0383,0.0383,0.0383,0.0383,0.0382,0.0382,0.0382,0.0382,0.0381,0.0381,0.0381,0.0381,0.038,0.038,0.038,0.038,0.0379,0.038,0.0381,0.0383,0.0386,0.0388,0.0391,0.0393,0.0396,0.0399,0.0401,0.0404,0.0407,0.041,0.0413,0.0416,0.0419,0.0422,0.0425,0.0428,0.0432,0.0435,4.7735,4.7587,4.7441,4.7295,4.7151,4.7007,4.3987,4.3834,4.3731,4.3538,4.3214,4.2053,4.0814,3.9645,3.8542,3.7499,3.6511,3.5575,3.4686,3.382,3.3013,3.2244,3.1458,3.071,3.0008,2.9338,2.8698,2.8085,2.7498,2.6934,2.6393,2.5874,2.5375,1.1949,1.1756,1.1634,1.1514,1.1419,1.1313
1.2981,1.2777,1.2757,1.2717,0.6789,0.6756,0.6724,0.6692,0.6708,0.673,0.6752,0.6775,0.6797,0.174,0.1706,0.168,0.1655,0.1631,0.1607,0.158,0.1552,0.1527,0.1516,0.1506,0.1495,0.1485,0.1476,0.1467,0.1458,0.055,0.0524,0.0519,0.0513,0.0508,0.0504,0.05,0.0496,0.0492,0.0488,0.0484,0.0481,0.0479,0.0477,0.0475,0.0473,0.0471,0.0469,0.0467,0.0465,0.0463,0.0461,0.0459,0.0457,0.0455,0.0453,0.0451,0.045,0.0448,0.0446,0.0444,0.0443,0.0442,0.0441,0.0439,0.0438,0.0437,0.0435,0.0434,0.0433,0.0432,0.043,0.0429,0.0428,0.0427,0.0425,0.0424,0.0423,0.0421,0.042,0.0419,0.0418,0.0416,0.0415,0.0414,0.0413,0.0412,0.0411,0.041,0.0409,0.0408,0.0407,0.0406,0.0405,0.0404,0.0403,0.0402,0.0401,0.04,0.04,0.0399,0.0398,0.0397,0.0396,0.0395,0.0394,0.0393,0.0392,0.039,0.0389,0.0388,0.0386,0.0385,0.0385,0.0385,0.0385,0.0384,0.0384,0.0384,0.0384,0.0383,0.0383,0.0383,0.0383,0.0382,0.0382,0.0382,0.0382,0.0382,0.0381,0.0381,0.0381,0.0381,0.038,0.038,0.038,0.038,0.038,0.038,0.038,0.038,0.038,0.038,0.0381,0.0381,0.0381,0.0381,0.0381,0.0381,0.0381,0.0381,0.0381,0.0381,0.0381,0.0382,0.0382,0.0382,0.0382,0.0383,0.0383,0.0383,0.0384,0.0384,0.0384,0.0384,0.0385,0.0385,0.0385,0.0385,0.0385,0.0385,0.0385,0.0384,0.0384,0.0384,0.0384,0.0383,0.0383,0.0383,0.0383,0.0382,0.0382,0.0382,0.0382,0.0381,0.0381,0.0381,0.0381,0.038,0.038,0.038,0.038,0.0379,0.0379,0.0379,0.0379,0.0378,0.0378,0.0379,0.038,0.0383,0.0385,0.0388,0.039,0.0393,0.0396,0.0398,0.0401,0.0404,0.0407,0.041,0.0413,0.0416,0.0419,0.0422,0.0425,0.0428,0.0432,4.7675,4.7528,4.7382,4.7236,4.7093,4.6949,4.6807,4.3763,4.3673,4.3504,4.3302,4.2407,4.1146,3.9959,3.8838,3.7779,3.6777,3.5826,3.4925,3.4054,3.3232,3.2453,3.171,3.0914,3.0203,2.9525,2.8876,2.8256,2.7661,2.7091,2.6544,2.6019,2.5514,1.2017,1.1782,1.1659,1.1538,1.1429,1.1339
1.2961,1.2715,1.2721,1.2425,0.6759,0.6727,0.6694,0.6682,0.6701,0.6723,0.6745,0.6767,0.679,0.1748,0.1714,0.1687,0.1662,0.1637,0.1614,0.1585,0.1557,0.153,0.1518,0.1508,0.1497,0.1487,0.1478,0.1469,0.146,0.1452,0.0524,0.0519,0.0514,0.0509,0.0505,0.05,0.0496,0.0492,0.0488,0.0484,0.0481,0.0479,0.0477,0.0475,0.0473,0.0471,0.0469,0.0467,0.0465,0.0463,0.0461,0.0459,0.0457,0.0455,0.0453,0.0451,0.045,0.0448,0.0446,0.0444,0.0443,0.0442,0.044,0.0439,0.0438,0.0436,0.0435,0.0434,0.0432,0.0431,0.043,0.0429,0.0427,0.0426,0.0425,0.0424,0.0422,0.0421,0.042,0.0418,0.0417,0.0416,0.0415,0.0414,0.0413,0.0412,0.0411,0.041,0.0409,0.0408,0.0407,0.0406,0.0405,0.0404,0.0403,0.0402,0.0401,0.04,0.0399,0.0398,0.0397,0.0396,0.0395,0.0394,0.0394,0.0392,0.0391,0.039,0.0389,0.0387,0.0386,0.0385,0.0384,0.0384,0.0384,0.0383,0.0383,0.0383,0.0383,0.0382,0.0382,0.0382,0.0382,0.0382,0.0381,0.0381,0.0381,0.0381,0.038,0.038,0.038,0.038,0.038,0.0379,0.0379,0.0379,0.0379,0.0379,0.0379,0.0379,0.0379,0.038,0.038,0.038,0.038,0.038,0.038,0.038,0.038,0.038,0.038,0.038,0.038,0.0381,0.0381,0.0381,0.0381,0.0382,0.0382,0.0382,0.0383,0.0383,0.0383,0.0383,0.0384,0.0384,0.0384,0.0384,0.0384,0.0384,0.0383,0.0383,0.0383,0.0383,0.0382,0.0382,0.0382,0.0382,0.0381,0.0381,0.0381,0.0381,0.038,0.038,0.038,0.038,0.0379,0.0379,0.0379,0.0379,0.0378,0.0378,0.0378,0.0378,0.0377,0.0377,0.0377,0.0377,0.0378,0.038,0.0382,0.0385,0.0387,0.039,0.0392,0.0395,0.0398,0.0401,0.0404,0.0407,0.041,0.0413,0.0416,0.0419,0.0422,0.0425,0.0428,0.0433,4.7469,4.7323,4.7178,4.7035,4.6892,4.6749,4.3715,4.3604,4.3471,4.3284,4.2766,4.1484,4.0278,3.9139,3.8064,3.7046,3.6082,3.5168,3.4295,3.3455,3.2666,3.1913,3.113,3.04,2.9713,2.9057,2.8428,2.7826,2.725,2.6696,2.6165,2.5655,2.5163,1.1836,1.1684,1.1563,1.1444,1.1349
1.2669,1.2679,1.2689,1.2407,0.6729,0.6697,0.6665,0.6676,0.6695,0.6716,0.6738,0.676,0.6782,0.6818,0.1722,0.1694,0.1668,0.1644,0.1621,0.1591,0.1562,0.1535,0.152,0.151,0.1499,0.1489,0.148,0.1471,0.1462,0.1454,0.0525,0.052,0.0514,0.0509,0.0505,0.0501,0.0497,0.0493,0.0489,0.0485,0.0481,0.0479,0.0477,0.0475,0.0473,0.0471,0.0469,0.0467,0.0465,0.0463,0.0461,0.0459,0.0457,0.0455,0.0453,0.0451,0.0449,0.0448,0.0446,0.0444,0.0443,0.0441,0.044,0.0439,0.0437,0.0436,0.0435,0.0433,0.0432,0.0431,0.0429,0.0428,0.0427,0.0426,0.0424,0.0423,0.0422,0.0421,0.0419,0.0418,0.0417,0.0416,0.0415,0.0413,0.0412,0.0411,0.041,0.0409,0.0408,0.0407,0.0406,0.0405,0.0404,0.0404,0.0403,0.0402,0.0401,0.04,0.0399,0.0398,0.0397,0.0396,0.0395,0.0394,0.0393,0.0392,0.0391,0.0389,0.0388,0.0387,0.0386,0.0384,0.0383,0.0383,0.0383,0.0382,0.0382,0.0382,0.0382,0.0381,0.0381,0.0381,0.0381,0.0381,0.038,0.038,0.038,0.038,0.0379,0.0379,0.0379,0.0379,0.0379,0.0378,0.0378,0.0378,0.0378,0.0378,0.0378,0.0379,0.0379,0.0379,0.0379,0.0379,0.0379,0.0379,0.0379,0.0379,0.0379,0.0379,0.0379,0.0379,0.0379,0.038,0.038,0.038,0.038,0.0381,0.0381,0.0381,0.0382,0.0382,0.0382,0.0382,0.0383,0.0383,0.0383,0.0383,0.0383,0.0383,0.0382,0.0382,0.0382,0.0382,0.0381,0.0381,0.0381,0.0381,0.038,0.038,0.038,0.038,0.0379,0.0379,0.0379,0.0379,0.0378,0.0378,0.0378,0.0378,0.0377,0.0377,0.0377,0.0377,0.0376,0.0376,0.0376,0.0376,0.0375,0.0377,0.0379,0.0382,0.0384,0.0387,0.039,0.0392,0.0395,0.0398,0.0401,0.0404,0.0407,0.041,0.0413,0.0416,0.0419,0.0422,0.0425,0.043,4.741,4.7264,4.712,4.6977,4.6834,4.6692,4.369,4.3534,4.344,4.3251,4.2976,4.1826,4.0602,3.9446,3.8353,3.732,3.6341,3.5415,3.4532,3.3681,3.2881,3.2118,3.1377,3.0601,2.9905,2.9239,2.8603,2.7994,2.741,2.6851,2.6313,2.5797,2.53,1.1924,1.1709,1.1588,1.1469,1.136
1.2653,1.2662,1.2694,1.2389,0.67,0.6668,0.6656,0.667,0.6689,0.6709,0.673,0.6752,0.6775,0.6815,0.1729,0.1701,0.1675,0.1651,0.1628,0.1601,0.1567,0.154,0.1522,0.1512,0.1501,0.1491,0.1482,0.1473,0.1465,0.1456,0.0532,0.052,0.0515,0.051,0.0506,0.0501,0.0497,0.0493,0.0489,0.0485,0.0481,0.0479,0.0477,0.0475,0.0473,0.0471,0.0469,0.0467,0.0465,0.0463,0.0461,0.0459,0.0457,0.0455,0.0453,0.0451,0.0449,0.0448,0.0446,0.0444,0.0442,0.0441,0.044,0.0438,0.0437,0.0436,0.0434,0.0433,0.0432,0.043,0.0429,0.0428,0.0426,0.0425,0.0424,0.0423,0.0421,0.042,0.0419,0.0418,0.0416,0.0415,0.0414,0.0413,0.0412,0.0411,0.041,0.0409,0.0408,0.0407,0.0406,0.0405,0.0404,0.0403,0.0402,0.0401,0.04,0.0399,0.0398,0.0397,0.0396,0.0395,0.0395,0.0394,0.0393,0.0392,0.039,0.0389,0.0388,0.0386,0.0385,0.0384,0.0383,0.0382,0.0382,0.0381,0.0381,0.0381,0.0381,0.0381,0.038,0.038,0.038,0.038,0.0379,0.0379,0.0379,0.0379,0.0379,0.0378,0.0378,0.0378,0.0378,0.0377,0.0377,0.0377,0.0377,0.0378,0.0378,0.0378,0.0378,0.0378,0.0378,0.0378,0.0378,0.0378,0.0378,0.0378,0.0378,0.0378,0.0378,0.0379,0.0379,0.0379,0.0379,0.0379,0.0379,0.038,0.038,0.038,0.0381,0.0381,0.0381,0.0381,0.0382,0.0382,0.0382,0.0382,0.0382,0.0382,0.0381,0.0381,0.0381,0.0381,0.038,0.038,0.038,0.038,0.0379,0.0379,0.0379,0.0379,0.0378,0.0378,0.0378,0.0378,0.0377,0.0377,0.0377,0.0377,0.0376,0.0376,0.0376,0.0376,0.0375,0.0375,0.0375,0.0375,0.0374,0.0374,0.0376,0.0379,0.0382,0.0384,0.0387,0.039,0.0392,0.0395,0.0398,0.0401,0.0404,0.0407,0.041,0.0413,0.0416,0.0419,0.0422,0.0426,0.0432,4.7206,4.7061,4.6919,4.6777,4.6635,4.6494,4.3465,4.3376,4.3217,4.3019,4.2176,4.093,3.9756,3.8647,3.7597,3.6605,3.5662,3.477,3.3909,3.3099,3.2325,3.1588,3.0808,3.0098,2.9424,2.878,2.8164,2.7573,2.7006,2.6463,2.5941,2.5439,2.4956,1.1735,1.1613,1.1493,1.1376
1.2636,1.2653,1.2699,1.2371,0.6671,0.6639,0.6648,0.6665,0.6684,0.6703,0.6723,0.6745,0.6767,0.6813,0.1737,0.1708,0.1682,0.1658,0.1635,0.161,0.1572,0.1545,0.1524,0.1514,0.1503,0.1494,0.1485,0.1476,0.1467,0.1458,0.0543,0.052,0.0515,0.051,0.0506,0.0502,0.0498,0.0494,0.049,0.0486,0.0482,0.0479,0.0477,0.0475,0.0473,0.0471,0.0469,0.0467,0.0465,0.0463,0.0461,0.0459,0.0457,0.0455,0.0453,0.0451,0.0449,0.0447,0.0446,0.0444,0.0442,0.0441,0.0439,0.0438,0.0436,0.0435,0.0434,0.0432,0.0431,0.043,0.0429,0.0427,0.0426,0.0425,0.0423,0.0422,0.0421,0.042,0.0418,0.0417,0.0416,0.0415,0.0414,0.0413,0.0412,0.0411,0.041,0.0409,0.0408,0.0407,0.0406,0.0405,0.0404,0.0403,0.0402,0.0401,0.04,0.0399,0.0398,0.0397,0.0396,0.0395,0.0394,0.0393,0.0392,0.0391,0.039,0.0389,0.0387,0.0386,0.0385,0.0383,0.0382,0.0381,0.0381,0.0381,0.038,0.038,0.038,0.038,0.0379,0.0379,0.0379,0.0379,0.0379,0.0378,0.0378,0.0378,0.0378,0.0377,0.0377,0.0377,0.0377,0.0377,0.0376,0.0377,0.0377,0.0377,0.0377,0.0377,0.0377,0.0377,0.0377,0.0377,0.0377,0.0377,0.0377,0.0377,0.0377,0.0377,0.0378,0.0378,0.0378,0.0378,0.0378,0.0378,0.0378,0.0379,0.0379,0.0379,0.038,0.038,0.038,0.038,0.0381,0.0381,0.0381,0.0381,0.0381,0.038,0.038,0.038,0.038,0.0379,0.0379,0.0379,0.0379,0.0378,0.0378,0.0378,0.0378,0.0377,0.0377,0.0377,0.0377,0.0377,0.0376,0.0376,0.0376,0.0376,0.0375,0.0375,0.0375,0.0375,0.0374,0.0374,0.0374,0.0374,0.0374,0.0374,0.0374,0.0376,0.0379,0.0382,0.0384,0.0387,0.039,0.0392,0.0395,0.0398,0.0401,0.0404,0.0407,0.041,0.0413,0.0416,0.0419,0.0422,0.0428,4.7147,4.7003,4.6862,4.6719,4.6578,4.6437,4.3417,4.3307,4.3184,4.2999,4.2533,4.1265,4.0071,3.8945,3.788,3.6871,3.5916,3.5011,3.4146,3.3319,3.2536,3.1789,3.1031,3.0294,2.9612,2.8959,2.8335,2.7737,2.7164,2.6614,2.6086,2.5579,2.509,1.1817,1.1638,1.1518,1.14
1.2620,1.2659,1.2701,1.2351,0.6642,0.6631,0.664,0.6659,0.6678,0.6697,0.6716,0.6738,0.6764,0.681,0.6879,0.1715,0.169,0.1666,0.1642,0.162,0.1581,0.1549,0.1526,0.1516,0.1505,0.1496,0.1487,0.1478,0.1469,0.146,0.0554,0.0521,0.0516,0.0511,0.0506,0.0502,0.0498,0.0494,0.049,0.0486,0.0482,0.0479,0.0477,0.0475,0.0473,0.0471,0.0469,0.0467,0.0465,0.0463,0.0461,0.0459,0.0457,0.0455,0.0453,0.0451,0.0449,0.0447,0.0445,0.0444,0.0442,0.044,0.0439,0.0437,0.0436,0.0435,0.0433,0.0432,0.0431,0.0429,0.0428,0.0427,0.0425,0.0424,0.0423,0.0422,0.042,0.0419,0.0418,0.0417,0.0416,0.0414,0.0413,0.0412,0.0411,0.041,0.0409,0.0408,0.0407,0.0406,0.0405,0.0404,0.0403,0.0402,0.0401,0.04,0.0399,0.0398,0.0397,0.0397,0.0396,0.0395,0.0394,0.0393,0.0392,0.0391,0.0389,0.0388,0.0387,0.0386,0.0384,0.0383,0.0382,0.0381,0.038,0.038,0.0379,0.0379,0.0379,0.0379,0.0378,0.0378,0.0378,0.0378,0.0378,0.0377,0.0377,0.0377,0.0377,0.0376,0.0376,0.0376,0.0376,0.0376,0.0376,0.0376,0.0376,0.0376,0.0376,0.0376,0.0376,0.0376,0.0376,0.0376,0.0376,0.0376,0.0376,0.0376,0.0377,0.0377,0.0377,0.0377,0.0377,0.0377,0.0377,0.0377,0.0377,0.0378,0.0378,0.0378,0.0378,0.0379,0.0379,0.0379,0.038,0.038,0.038,0.038,0.038,0.0379,0.0379,0.0379,0.0379,0.0378,0.0378,0.0378,0.0378,0.0377,0.0377,0.0377,0.0377,0.0376,0.0376,0.0376,0.0376,0.0375,0.0375,0.0375,0.0375,0.0374,0.0374,0.0374,0.0374,0.0374,0.0373,0.0373,0.0373,0.0373,0.0373,0.0373,0.0373,0.0374,0.0376,0.0379,0.0382,0.0384,0.0387,0.039,0.0392,0.0395,0.0398,0.0401,0.0404,0.0407,0.041,0.0413,0.0416,0.0419,0.0424,0.043,4.6946,4.6804,4.6662,4.6521,4.6381,4.3397,4.3238,4.3152,4.2967,4.2741,4.1605,4.0391,3.9247,3.8166,3.7143,3.6173,3.5255,3.438,3.3543,3.2749,3.1992,3.127,3.0493,2.9801,2.9141,2.8509,2.7904,2.7324,2.6768,2.6233,2.572,2.5226,1.1899,1.1663,1.1542,1.1424
1.2610,1.265,1.2691,1.2351,0.6614,0.6623,0.6634,0.6653,0.6672,0.6691,0.671,0.6731,0.6762,0.6824,0.6927,0.1723,0.1698,0.1673,0.165,0.1627,0.159,0.1554,0.1528,0.1518,0.1507,0.1498,0.1489,0.148,0.1471,0.1463,0.0566,0.0521,0.0516,0.0511,0.0507,0.0503,0.0499,0.0494,0.049,0.0486,0.0483,0.0479,0.0477,0.0475,0.0473,0.047,0.0468,0.0466,0.0464,0.0462,0.0461,0.0459,0.0457,0.0455,0.0453,0.0451,0.0449,0.0447,0.0445,0.0443,0.0441,0.044,0.0438,0.0437,0.0436,0.0434,0.0433,0.0432,0.043,0.0429,0.0428,0.0426,0.0425,0.0424,0.0422,0.0421,0.042,0.0419,0.0418,0.0416,0.0415,0.0414,0.0413,0.0412,0.0411,0.041,0.0409,0.0408,0.0407,0.0406,0.0405,0.0404,0.0403,0.0402,0.0401,0.04,0.0399,0.0398,0.0397,0.0396,0.0395,0.0394,0.0393,0.0392,0.0392,0.039,0.0389,0.0388,0.0386,0.0385,0.0384,0.0383,0.0381,0.038,0.0379,0.0379,0.0378,0.0378,0.0378,0.0378,0.0378,0.0377,0.0377,0.0377,0.0377,0.0376,0.0376,0.0376,0.0376,0.0376,0.0375,0.0375,0.0375,0.0375,0.0375,0.0375,0.0375,0.0375,0.0375,0.0375,0.0375,0.0375,0.0375,0.0375,0.0375,0.0375,0.0376,0.0376,0.0376,0.0376,0.0376,0.0376,0.0376,0.0376,0.0376,0.0376,0.0376,0.0377,0.0377,0.0377,0.0377,0.0378,0.0378,0.0378,0.0379,0.0379,0.0379,0.0379,0.0379,0.0378,0.0378,0.0378,0.0378,0.0377,0.0377,0.0377,0.0377,0.0376,0.0376,0.0376,0.0376,0.0375,0.0375,0.0375,0.0375,0.0374,0.0374,0.0374,0.0374,0.0373,0.0373,0.0373,0.0373,0.0373,0.0373,0.0372,0.0372,0.0372,0.0372,0.0372,0.0372,0.0372,0.0374,0.0376,0.0379,0.0382,0.0384,0.0387,0.039,0.0392,0.0395,0.0398,0.0401,0.0404,0.0407,0.041,0.0413,0.0416,0.042,0.0426,4.6888,4.6747,4.6605,4.6464,4.6325,4.6186,4.3169,4.3083,4.2934,4.2741,4.195,4.0718,3.9554,3.8456,3.7418,3.6433,3.5501,3.4616,3.377,3.2965,3.2199,3.1466,3.0711,2.9993,2.9324,2.8685,2.8072,2.7485,2.6922,2.6382,2.5863,2.5364,2.4884,1.1688,1.1567,1.1448
1.2595,1.2635,1.2669,1.2733,0.6606,0.6615,0.6629,0.6647,0.6666,0.6685,0.6704,0.6724,0.6777,0.685,0.6925,0.1731,0.1705,0.1681,0.1657,0.1634,0.16,0.1562,0.1532,0.152,0.151,0.1501,0.1491,0.1482,0.1474,0.1465,0.1456,0.0525,0.0517,0.0512,0.0507,0.0503,0.0499,0.0495,0.0491,0.0487,0.0483,0.0479,0.0477,0.0474,0.0472,0.047,0.0468,0.0466,0.0464,0.0462,0.046,0.0459,0.0457,0.0455,0.0453,0.0451,0.0449,0.0447,0.0445,0.0443,0.0441,0.0439,0.0438,0.0436,0.0435,0.0434,0.0432,0.0431,0.043,0.0428,0.0427,0.0426,0.0425,0.0423,0.0422,0.0421,0.042,0.0418,0.0417,0.0416,0.0415,0.0414,0.0413,0.0411,0.041,0.0409,0.0408,0.0407,0.0406,0.0405,0.0404,0.0403,0.0402,0.0401,0.04,0.0399,0.0399,0.0398,0.0397,0.0396,0.0395,0.0394,0.0393,0.0392,0.0391,0.039,0.0389,0.0387,0.0386,0.0385,0.0383,0.0382,0.0381,0.038,0.0379,0.0378,0.0378,0.0377,0.0377,0.0377,0.0377,0.0376,0.0376,0.0376,0.0376,0.0376,0.0375,0.0375,0.0375,0.0375,0.0374,0.0374,0.0374,0.0374,0.0374,0.0374,0.0374,0.0374,0.0374,0.0374,0.0374,0.0374,0.0374,0.0374,0.0375,0.0375,0.0375,0.0375,0.0375,0.0375,0.0375,0.0375,0.0375,0.0375,0.0375,0.0375,0.0375,0.0376,0.0376,0.0376,0.0376,0.0377,0.0377,0.0377,0.0378,0.0378,0.0378,0.0378,0.0378,0.0377,0.0377,0.0377,0.0377,0.0376,0.0376,0.0376,0.0376,0.0375,0.0375,0.0375,0.0375,0.0374,0.0374,0.0374,0.0374,0.0373,0.0373,0.0373,0.0373,0.0372,0.0372,0.0372,0.0372,0.0372,0.0372,0.0372,0.0372,0.0372,0.0372,0.0371,0.0371,0.0371,0.0371,0.0374,0.0376,0.0379,0.0382,0.0384,0.0387,0.039,0.0392,0.0395,0.0398,0.0401,0.0404,0.0407,0.041,0.0413,0.0417,0.0422,0.0428,4.6689,4.6548,4.6408,4.6268,4.613,4.3126,4.3015,4.2901,4.2719,4.2301,4.1049,3.9866,3.8751,3.7697,3.6698,3.5751,3.4855,3.3982,3.3184,3.2407,3.1666,3.0957,3.0188,2.9511,2.8863,2.8242,2.7648,2.7079,2.6533,2.6008,2.5503,2.5018,1.1798,1.1592,1.1473
1.2607,1.262,1.2644,1.2716,0.6589,0.6596,0.661,0.6628,0.6646,0.6664,0.6682,0.671,0.6775,0.6848,0.6922,0.6999,0.1713,0.1689,0.1665,0.1641,0.1609,0.1571,0.1537,0.1522,0.1512,0.1503,0.1494,0.1485,0.1476,0.1467,0.1458,0.0535,0.0517,0.0512,0.0508,0.0504,0.0499,0.0495,0.0491,0.0487,0.0483,0.0479,0.0476,0.0474,0.0472,0.047,0.0468,0.0466,0.0464,0.0462,0.046,0.0458,0.0456,0.0454,0.0452,0.0451,0.0449,0.0447,0.0445,0.0443,0.0441,0.0439,0.0437,0.0436,0.0435,0.0433,0.0432,0.0431,0.0429,0.0428,0.0427,0.0425,0.0424,0.0423,0.0422,0.042,0.0419,0.0418,0.0417,0.0415,0.0414,0.0413,0.0412,0.0411,0.041,0.0409,0.0408,0.0407,0.0406,0.0405,0.0404,0.0403,0.0402,0.0401,0.04,0.0399,0.0398,0.0397,0.0396,0.0395,0.0394,0.0393,0.0393,0.0392,0.0391,0.0389,0.0388,0.0387,0.0386,0.0384,0.0383,0.0382,0.0381,0.0379,0.0378,0.0377,0.0377,0.0376,0.0376,0.0376,0.0376,0.0376,0.0375,0.0375,0.0375,0.0375,0.0374,0.0374,0.0374,0.0374,0.0374,0.0373,0.0373,0.0373,0.0373,0.0373,0.0373,0.0373,0.0373,0.0373,0.0373,0.0373,0.0374,0.0374,0.0374,0.0374,0.0374,0.0374,0.0374,0.0374,0.0374,0.0374,0.0374,0.0374,0.0374,0.0374,0.0375,0.0375,0.0375,0.0375,0.0375,0.0376,0.0376,0.0376,0.0377,0.0377,0.0377,0.0377,0.0376,0.0376,0.0376,0.0376,0.0375,0.0375,0.0375,0.0375,0.0375,0.0374,0.0374,0.0374,0.0374,0.0373,0.0373,0.0373,0.0373,0.0372,0.0372,0.0372,0.0372,0.0372,0.0371,0.0371,0.0371,0.0371,0.0371,0.0371,0.0371,0.0371,0.0371,0.0371,0.0371,0.0371,0.037,0.0371,0.0374,0.0376,0.0379,0.0382,0.0384,0.0387,0.039,0.0392,0.0395,0.0398,0.0401,0.0404,0.0407,0.041,0.0413,0.0419,0.0424,4.6632,4.6491,4.6351,4.6212,4.6074,4.3108,4.2947,4.2861,4.2686,4.2466,4.1385,4.0184,3.9051,3.798,3.6967,3.6006,3.3849,3.3598,3.3365,3.2617,3.1866,3.1149,3.0398,2.9699,2.9043,2.8415,2.7814,2.7238,2.6685,2.6154,2.5644,2.5153,2.4681,1.1617,1.1497
1.2637,1.2597,1.2625,1.247,0.6566,0.6566,0.6579,0.6597,0.6615,0.6635,0.6665,0.6703,0.6771,0.6845,0.692,0.6996,0.1721,0.1696,0.1672,0.1649,0.1619,0.158,0.1543,0.1524,0.1515,0.1505,0.1496,0.1487,0.1478,0.1469,0.1461,0.0546,0.0518,0.0513,0.0508,0.0504,0.05,0.0496,0.0492,0.0488,0.0484,0.048,0.0476,0.0474,0.0472,0.047,0.0468,0.0466,0.0464,0.0462,0.046,0.0458,0.0456,0.0454,0.0452,0.045,0.0448,0.0447,0.0445,0.0443,0.044,0.0438,0.0437,0.0435,0.0434,0.0433,0.0431,0.043,0.0429,0.0428,0.0426,0.0425,0.0424,0.0422,0.0421,0.042,0.0419,0.0417,0.0416,0.0415,0.0414,0.0413,0.0412,0.0411,0.041,0.0408,0.0407,0.0406,0.0405,0.0404,0.0403,0.0402,0.0402,0.0401,0.04,0.0399,0.0398,0.0397,0.0396,0.0395,0.0394,0.0393,0.0392,0.0391,0.039,0.0389,0.0388,0.0386,0.0385,0.0384,0.0383,0.0381,0.038,0.0379,0.0378,0.0377,0.0376,0.0375,0.0375,0.0375,0.0375,0.0375,0.0374,0.0374,0.0374,0.0374,0.0374,0.0373,0.0373,0.0373,0.0373,0.0372,0.0372,0.0372,0.0372,0.0372,0.0372,0.0372,0.0372,0.0373,0.0373,0.0373,0.0373,0.0373,0.0373,0.0373,0.0373,0.0373,0.0373,0.0373,0.0373,0.0373,0.0373,0.0373,0.0374,0.0374,0.0374,0.0374,0.0374,0.0374,0.0374,0.0375,0.0375,0.0375,0.0376,0.0376,0.0376,0.0376,0.0375,0.0375,0.0375,0.0375,0.0374,0.0374,0.0374,0.0374,0.0373,0.0373,0.0373,0.0373,0.0373,0.0372,0.0372,0.0372,0.0372,0.0371,0.0371,0.0371,0.0371,0.0371,0.0371,0.0371,0.0371,0.037,0.037,0.037,0.037,0.037,0.037,0.037,0.037,0.037,0.037,0.037,0.0371,0.0374,0.0376,0.0379,0.0382,0.0384,0.0387,0.039,0.0392,0.0395,0.0398,0.0401,0.0404,0.0407,0.041,0.0415,0.0421,0.0426,4.6349,4.3897,4.3728,4.356,4.324,4.2876,4.2779,4.2577,4.2274,4.1725,4.0506,3.9355,3.8268,3.3919,3.2649,3.1372,3.0566,3.0386,3.0258,3.0135,3.0017,2.9908,2.989,2.9225,2.859,2.7981,2.7398,2.6839,2.6302,2.5786,2.529,2.4813,1.1642,1.1522
1.2573,1.2552,1.2364,1.2333,0.6596,0.6537,0.6549,0.6566,0.6591,0.662,0.6658,0.6696,0.6766,0.6843,0.6918,0.6994,0.7072,0.1704,0.168,0.1656,0.1629,0.159,0.1552,0.1526,0.1517,0.1508,0.1498,0.1489,0.148,0.1471,0.1463,0.0558,0.0518,0.0513,0.0509,0.0505,0.05,0.0496,0.0492,0.0488,0.0484,0.048,0.0477,0.0474,0.0472,0.047,0.0468,0.0466,0.0464,0.0462,0.046,0.0458,0.0456,0.0454,0.0452,0.045,0.0448,0.0446,0.0444,0.0442,0.044,0.0438,0.0436,0.0435,0.0434,0.0432,0.0431,0.043,0.0428,0.0427,0.0426,0.0424,0.0423,0.0422,0.0421,0.0419,0.0418,0.0417,0.0416,0.0415,0.0413,0.0412,0.0411,0.041,0.0409,0.0408,0.0407,0.0406,0.0405,0.0404,0.0403,0.0402,0.0401,0.04,0.0399,0.0398,0.0397,0.0396,0.0395,0.0394,0.0394,0.0393,0.0392,0.0391,0.039,0.0388,0.0387,0.0386,0.0385,0.0383,0.0382,0.0381,0.038,0.0379,0.0377,0.0376,0.0375,0.0375,0.0374,0.0374,0.0374,0.0374,0.0373,0.0373,0.0373,0.0373,0.0373,0.0372,0.0372,0.0372,0.0372,0.0372,0.0371,0.0371,0.0371,0.0371,0.0371,0.0372,0.0372,0.0372,0.0372,0.0372,0.0372,0.0372,0.0372,0.0372,0.0372,0.0372,0.0372,0.0372,0.0372,0.0372,0.0373,0.0373,0.0373,0.0373,0.0373,0.0373,0.0373,0.0373,0.0373,0.0374,0.0374,0.0374,0.0375,0.0375,0.0375,0.0375,0.0374,0.0374,0.0374,0.0374,0.0373,0.0373,0.0373,0.0373,0.0372,0.0372,0.0372,0.0372,0.0371,0.0371,0.0371,0.0371,0.0371,0.037,0.037,0.037,0.037,0.037,0.037,0.037,0.037,0.037,0.037,0.037,0.037,0.0369,0.0369,0.0369,0.0369,0.0369,0.0369,0.0369,0.0369,0.0371,0.0374,0.0376,0.0379,0.0382,0.0384,0.0387,0.039,0.0392,0.0395,0.0398,0.0401,0.0404,0.0407,0.0412,0.0417,0.0422,4.3751,4.2908,4.2633,4.2493,4.2352,4.2212,4.2073,4.1947,4.1843,4.1717,4.0833,3.5567,3.4575,3.3355,3.2569,3.1666,3.0641,3.0278,3.0047,2.9952,2.9858,2.9788,2.9815,2.941,2.8767,2.815,2.756,2.6995,2.6451,2.593,2.5428,2.4946,1.1779,1.1547
1.2540,1.2465,1.231,1.2251,0.6625,0.6551,0.652,0.6548,0.6577,0.6613,0.6651,0.6689,0.676,0.684,0.6915,0.6992,0.7069,0.1712,0.1687,0.1663,0.1639,0.1599,0.1561,0.1535,0.1519,0.151,0.1501,0.1492,0.1483,0.1474,0.1465,0.057,0.0519,0.0514,0.0509,0.0505,0.0501,0.0497,0.0493,0.0489,0.0485,0.0481,0.0477,0.0474,0.0472,0.047,0.0468,0.0466,0.0464,0.0462,0.046,0.0458,0.0456,0.0454,0.0452,0.045,0.0448,0.0446,0.0444,0.0442,0.044,0.0438,0.0436,0.0434,0.0433,0.0432,0.043,0.0429,0.0428,0.0427,0.0425,0.0424,0.0423,0.0421,0.042,0.0419,0.0418,0.0417,0.0415,0.0414,0.0413,0.0412,0.0411,0.041,0.0409,0.0408,0.0407,0.0406,0.0405,0.0404,0.0403,0.0402,0.0401,0.04,0.0399,0.0398,0.0397,0.0396,0.0395,0.0394,0.0393,0.0392,0.0391,0.039,0.0389,0.0388,0.0387,0.0386,0.0384,0.0383,0.0382,0.0381,0.0379,0.0378,0.0377,0.0376,0.0375,0.0374,0.0373,0.0373,0.0373,0.0373,0.0373,0.0372,0.0372,0.0372,0.0372,0.0372,0.0371,0.0371,0.0371,0.0371,0.037,0.037,0.037,0.0371,0.0371,0.0371,0.0371,0.0371,0.0371,0.0371,0.0371,0.0371,0.0371,0.0371,0.0371,0.0371,0.0371,0.0371,0.0372,0.0372,0.0372,0.0372,0.0372,0.0372,0.0372,0.0372,0.0372,0.0372,0.0373,0.0373,0.0373,0.0373,0.0374,0.0374,0.0374,0.0374,0.0373,0.0373,0.0373,0.0373,0.0372,0.0372,0.0372,0.0372,0.0371,0.0371,0.0371,0.0371,0.037,0.037,0.037,0.037,0.037,0.037,0.037,0.037,0.0369,0.0369,0.0369,0.0369,0.0369,0.0369,0.0369,0.0369,0.0369,0.0369,0.0369,0.0369,0.0368,0.0368,0.0368,0.0368,0.0368,0.0369,0.0371,0.0374,0.0376,0.0379,0.0382,0.0384,0.0387,0.039,0.0392,0.0395,0.0398,0.0401,0.0404,0.0408,0.0413,0.0419,0.0424,4.2706,4.2597,4.2489,4.2377,4.2257,4.2142,4.2076,4.1976,4.1853,4.1167,3.5618,3.4627,3.3748,3.2574,3.179,3.1076,3.0257,3.0084,2.9954,2.9875,2.9838,2.9702,2.9568,2.8945,2.8322,2.7725,2.7152,2.6603,2.6075,2.5568,2.508,2.4611,1.1571
1.2506,1.2398,1.2267,1.223,0.6648,0.6543,0.6506,0.6534,0.6569,0.6606,0.6644,0.6682,0.6755,0.6834,0.6913,0.6989,0.7067,0.7147,0.1695,0.1671,0.1648,0.1609,0.157,0.1546,0.1529,0.1512,0.1503,0.1494,0.1485,0.1476,0.1467,0.1458,0.0528,0.0514,0.051,0.0505,0.0501,0.0497,0.0493,0.0489,0.0485,0.0481,0.0477,0.0474,0.0472,0.047,0.0468,0.0466,0.0464,0.0462,0.046,0.0458,0.0456,0.0454,0.0452,0.045,0.0448,0.0446,0.0444,0.0442,0.044,0.0437,0.0435,0.0434,0.0433,0.0431,0.043,0.0429,0.0427,0.0426,0.0425,0.0424,0.0422,0.0421,0.042,0.0419,0.0417,0.0416,0.0415,0.0414,0.0413,0.0412,0.041,0.0409,0.0408,0.0407,0.0406,0.0405,0.0404,0.0403,0.0402,0.0401,0.04,0.0399,0.0398,0.0397,0.0396,0.0396,0.0395,0.0394,0.0393,0.0392,0.0391,0.039,0.0389,0.0388,0.0386,0.0385,0.0384,0.0383,0.0381,0.038,0.0379,0.0378,0.0377,0.0375,0.0374,0.0373,0.0373,0.0372,0.0372,0.0372,0.0372,0.0371,0.0371,0.0371,0.0371,0.0371,0.037,0.037,0.037,0.037,0.037,0.037,0.037,0.037,0.037,0.037,0.037,0.037,0.037,0.037,0.037,0.037,0.037,0.037,0.037,0.0371,0.0371,0.0371,0.0371,0.0371,0.0371,0.0371,0.0371,0.0371,0.0371,0.0371,0.0371,0.0371,0.0372,0.0372,0.0372,0.0372,0.0373,0.0373,0.0373,0.0373,0.0372,0.0372,0.0372,0.0372,0.0371,0.0371,0.0371,0.0371,0.037,0.037,0.037,0.037,0.0369,0.0369,0.0369,0.0369,0.0369,0.0369,0.0369,0.0369,0.0369,0.0369,0.0369,0.0369,0.0368,0.0368,0.0368,0.0368,0.0368,0.0368,0.0368,0.0368,0.0368,0.0368,0.0368,0.0368,0.0367,0.0367,0.0369,0.0371,0.0374,0.0376,0.0379,0.0382,0.0384,0.0387,0.039,0.0392,0.0395,0.0398,0.0401,0.0405,0.041,0.0415,0.0421,4.2741,4.2623,4.2507,4.2391,4.2275,4.2114,4.2029,4.1949,4.1827,4.1508,4.0301,3.4706,3.3893,3.2578,3.1859,3.1093,3.0344,3.0194,3,2.9905,2.9834,2.9591,2.9426,2.9127,2.8496,2.7891,2.7312,2.6756,2.6222,2.5709,2.5216,2.4742,1.1607
1.2468,1.2404,1.2402,1.2209,0.6614,0.6486,0.6492,0.6525,0.6562,0.6599,0.6637,0.6675,0.6749,0.6829,0.6911,0.6987,0.7065,0.7144,0.1703,0.1679,0.1655,0.1618,0.158,0.1558,0.1541,0.1524,0.1507,0.1496,0.1487,0.1478,0.1469,0.1461,0.0539,0.0515,0.051,0.0506,0.0502,0.0498,0.0493,0.0489,0.0485,0.0481,0.0477,0.0474,0.0472,0.047,0.0467,0.0465,0.0463,0.0461,0.0459,0.0457,0.0455,0.0453,0.0451,0.045,0.0448,0.0446,0.0444,0.0442,0.0439,0.0437,0.0435,0.0433,0.0432,0.0431,0.043,0.0428,0.0427,0.0426,0.0424,0.0423,0.0422,0.0421,0.0419,0.0418,0.0417,0.0416,0.0414,0.0413,0.0412,0.0411,0.041,0.0409,0.0408,0.0407,0.0406,0.0405,0.0404,0.0403,0.0402,0.0401,0.04,0.0399,0.0398,0.0397,0.0396,0.0395,0.0394,0.0393,0.0392,0.0391,0.0391,0.039,0.0388,0.0387,0.0386,0.0385,0.0383,0.0382,0.0381,0.038,0.0379,0.0377,0.0376,0.0375,0.0374,0.0373,0.0372,0.0371,0.0371,0.0371,0.0371,0.0371,0.037,0.037,0.037,0.037,0.037,0.0369,0.0369,0.0369,0.0369,0.0369,0.0369,0.0369,0.0369,0.0369,0.0369,0.0369,0.0369,0.0369,0.0369,0.0369,0.0369,0.037,0.037,0.037,0.037,0.037,0.037,0.037,0.037,0.037,0.037,0.037,0.037,0.037,0.037,0.037,0.0371,0.0371,0.0371,0.0371,0.0372,0.0372,0.0372,0.0371,0.0371,0.0371,0.0371,0.0371,0.037,0.037,0.037,0.037,0.0369,0.0369,0.0369,0.0369,0.0369,0.0369,0.0369,0.0368,0.0368,0.0368,0.0368,0.0368,0.0368,0.0368,0.0368,0.0368,0.0368,0.0368,0.0368,0.0367,0.0367,0.0367,0.0367,0.0367,0.0367,0.0367,0.0367,0.0367,0.0367,0.0367,0.0367,0.0369,0.0371,0.0374,0.0376,0.0379,0.0382,0.0384,0.0387,0.039,0.0392,0.0395,0.0398,0.0402,0.0407,0.0412,0.0417,0.0423,4.2643,4.2526,4.2398,4.2273,4.2084,4.1959,4.1897,4.1776,4.1557,4.0628,3.5091,3.3988,3.3097,3.1875,3.1076,3.0302,3.0126,3.0038,2.993,2.9871,2.9409,2.9272,2.912,2.8671,2.8059,2.7473,2.6911,2.6371,2.5852,2.5354,2.4874,2.4412
1.2431,1.2226,1.2217,1.2179,0.6576,0.645,0.6482,0.6518,0.6555,0.6592,0.663,0.6668,0.6744,0.6823,0.6905,0.6984,0.7062,0.7142,0.7223,0.1686,0.1662,0.1628,0.1589,0.157,0.1553,0.1536,0.1518,0.1501,0.1489,0.148,0.1472,0.1463,0.055,0.0515,0.0511,0.0506,0.0502,0.0497,0.0493,0.0489,0.0485,0.0481,0.0476,0.0474,0.0471,0.0469,0.0467,0.0465,0.0463,0.0461,0.0459,0.0457,0.0455,0.0453,0.0451,0.0449,0.0447,0.0446,0.0444,0.0441,0.0439,0.0437,0.0435,0.0433,0.0432,0.043,0.0429,0.0428,0.0426,0.0425,0.0424,0.0423,0.0421,0.042,0.0419,0.0418,0.0416,0.0415,0.0414,0.0413,0.0412,0.0411,0.041,0.0409,0.0408,0.0406,0.0405,0.0404,0.0403,0.0402,0.0401,0.04,0.0399,0.0398,0.0398,0.0397,0.0396,0.0395,0.0394,0.0393,0.0392,0.0391,0.039,0.0389,0.0388,0.0387,0.0386,0.0384,0.0383,0.0382,0.0381,0.0379,0.0378,0.0377,0.0376,0.0375,0.0373,0.0372,0.0371,0.0371,0.037,0.037,0.037,0.037,0.0369,0.0369,0.0369,0.0369,0.0369,0.0368,0.0368,0.0368,0.0368,0.0368,0.0368,0.0368,0.0368,0.0368,0.0368,0.0368,0.0368,0.0368,0.0369,0.0369,0.0369,0.0369,0.0369,0.0369,0.0369,0.0369,0.0369,0.0369,0.0369,0.0369,0.0369,0.0369,0.0369,0.0369,0.037,0.037,0.037,0.037,0.037,0.037,0.0371,0.0371,0.0371,0.037,0.037,0.037,0.037,0.037,0.0369,0.0369,0.0369,0.0369,0.0368,0.0368,0.0368,0.0368,0.0368,0.0368,0.0368,0.0368,0.0368,0.0368,0.0368,0.0367,0.0367,0.0367,0.0367,0.0367,0.0367,0.0367,0.0367,0.0367,0.0367,0.0367,0.0367,0.0366,0.0366,0.0366,0.0366,0.0366,0.0366,0.0366,0.0366,0.0367,0.0369,0.0371,0.0374,0.0376,0.0379,0.0382,0.0384,0.0387,0.039,0.0392,0.0395,0.0398,0.0403,0.0408,0.0414,0.0419,0.0425,4.2455,4.2329,4.2214,4.2055,4.189,4.1832,4.1726,4.159,4.096,3.5,3.3812,3.2921,3.1925,3.0955,3.0135,2.9697,2.9557,2.9436,2.932,2.9223,2.9112,2.8997,2.8849,2.823,2.7636,2.7067,2.6521,2.5997,2.5493,2.5008,2.4541
1.2107,1.2122,1.213,0.6652,0.6514,0.6439,0.6475,0.6512,0.6548,0.6585,0.6623,0.6661,0.6738,0.6818,0.6899,0.6982,0.706,0.7139,0.8432,0.1694,0.167,0.1638,0.16,0.1582,0.1565,0.1548,0.153,0.1513,0.1496,0.1483,0.1474,0.1465,0.0562,0.0515,0.0511,0.0506,0.0502,0.0497,0.0493,0.0489,0.0484,0.048,0.0476,0.0474,0.0471,0.0469,0.0467,0.0465,0.0463,0.0461,0.0459,0.0457,0.0455,0.0453,0.0451,0.0449,0.0447,0.0445,0.0443,0.0441,0.0439,0.0437,0.0435,0.0433,0.0431,0.043,0.0429,0.0427,0.0426,0.0425,0.0423,0.0422,0.0421,0.042,0.0418,0.0417,0.0416,0.0415,0.0414,0.0413,0.0411,0.041,0.0409,0.0408,0.0407,0.0406,0.0405,0.0404,0.0403,0.0402,0.0401,0.04,0.0399,0.0398,0.0397,0.0396,0.0395,0.0394,0.0393,0.0392,0.0392,0.0391,0.039,0.0389,0.0388,0.0386,0.0385,0.0384,0.0383,0.0381,0.038,0.0379,0.0378,0.0377,0.0375,0.0374,0.0373,0.0372,0.0371,0.037,0.0369,0.0369,0.0369,0.0369,0.0369,0.0368,0.0368,0.0368,0.0368,0.0368,0.0367,0.0367,0.0367,0.0367,0.0367,0.0367,0.0367,0.0367,0.0367,0.0367,0.0368,0.0368,0.0368,0.0368,0.0368,0.0368,0.0368,0.0368,0.0368,0.0368,0.0368,0.0368,0.0368,0.0368,0.0368,0.0369,0.0369,0.0369,0.0369,0.0369,0.0369,0.0369,0.0369,0.0369,0.037,0.037,0.037,0.0369,0.0369,0.0369,0.0369,0.0368,0.0368,0.0368,0.0368,0.0368,0.0368,0.0368,0.0367,0.0367,0.0367,0.0367,0.0367,0.0367,0.0367,0.0367,0.0367,0.0367,0.0367,0.0367,0.0366,0.0366,0.0366,0.0366,0.0366,0.0366,0.0366,0.0366,0.0366,0.0366,0.0366,0.0366,0.0366,0.0365,0.0365,0.0365,0.0365,0.0365,0.0367,0.0369,0.0371,0.0374,0.0376,0.0379,0.0382,0.0384,0.0387,0.039,0.0392,0.0395,0.04,0.0405,0.041,0.0415,0.0421,4.2355,4.2232,4.2145,4.2025,4.1847,4.1762,4.1677,4.1554,4.1265,3.5246,3.4145,3.311,3.2129,3.12,3.0311,2.9672,2.947,2.9298,2.9261,2.925,2.9138,2.903,2.8894,2.8402,2.7802,2.7226,2.6673,2.6143,2.5633,2.5143,2.4671
0.9972,0.9846,0.9723,0.659,0.6418,0.6433,0.6469,0.6505,0.6542,0.6579,0.6616,0.6654,0.6731,0.6812,0.6893,0.6977,0.7057,0.7137,0.8454,0.8374,0.1677,0.1648,0.1613,0.1595,0.1577,0.156,0.1542,0.1525,0.1508,0.1491,0.1476,0.1467,0.0574,0.0515,0.051,0.0506,0.0501,0.0497,0.0493,0.0488,0.0484,0.048,0.0476,0.0474,0.0471,0.0469,0.0467,0.0465,0.0463,0.0461,0.0459,0.0457,0.0455,0.0453,0.0451,0.0449,0.0447,0.0445,0.0443,0.0441,0.0439,0.0436,0.0434,0.0432,0.0431,0.0429,0.0428,0.0427,0.0426,0.0424,0.0423,0.0422,0.0421,0.0419,0.0418,0.0417,0.0416,0.0414,0.0413,0.0412,0.0411,0.041,0.0409,0.0408,0.0407,0.0406,0.0405,0.0404,0.0403,0.0401,0.04,0.04,0.0399,0.0398,0.0397,0.0396,0.0395,0.0394,0.0393,0.0392,0.0391,0.039,0.0389,0.0388,0.0387,0.0386,0.0385,0.0383,0.0382,0.0381,0.038,0.0379,0.0377,0.0376,0.0375,0.0374,0.0373,0.0371,0.037,0.0369,0.0369,0.0368,0.0368,0.0368,0.0368,0.0368,0.0367,0.0367,0.0367,0.0367,0.0366,0.0366,0.0366,0.0366,0.0366,0.0366,0.0366,0.0367,0.0367,0.0367,0.0367,0.0367,0.0367,0.0367,0.0367,0.0367,0.0367,0.0367,0.0367,0.0367,0.0367,0.0367,0.0368,0.0368,0.0368,0.0368,0.0368,0.0368,0.0368,0.0368,0.0368,0.0368,0.0368,0.0368,0.0369,0.0369,0.0369,0.0368,0.0368,0.0368,0.0368,0.0367,0.0367,0.0367,0.0367,0.0367,0.0367,0.0367,0.0367,0.0367,0.0367,0.0367,0.0366,0.0366,0.0366,0.0366,0.0366,0.0366,0.0366,0.0366,0.0366,0.0366,0.0366,0.0366,0.0365,0.0365,0.0365,0.0365,0.0365,0.0365,0.0365,0.0365,0.0365,0.0365,0.0365,0.0365,0.0364,0.0364,0.0364,0.0367,0.0369,0.0371,0.0374,0.0376,0.0379,0.0382,0.0384,0.0387,0.039,0.0392,0.0397,0.0402,0.0407,0.0412,0.0417,0.0423,4.218,4.2085,4.1994,4.1818,4.1693,4.1625,4.1507,4.1297,4.0425,3.4497,3.3442,3.2445,3.1499,3.0604,2.9738,2.9476,2.9335,2.9283,2.9224,2.9124,2.9021,2.8876,2.8577,2.7968,2.7386,2.6827,2.6291,2.5775,2.528,2.4802
0.9879,0.9755,0.66,0.6412,0.6406,0.6426,0.6462,0.6498,0.6535,0.6572,0.6609,0.6647,0.6724,0.6806,0.6887,0.697,0.7055,0.7134,0.8427,0.8347,0.1685,0.1658,0.1626,0.1608,0.159,0.1572,0.1555,0.1537,0.152,0.1503,0.1486,0.147,0.0587,0.0526,0.051,0.0506,0.0501,0.0497,0.0492,0.0488,0.0484,0.048,0.0476,0.0473,0.0471,0.0469,0.0467,0.0465,0.0463,0.046,0.0458,0.0457,0.0455,0.0453,0.0451,0.0449,0.0447,0.0445,0.0443,0.0441,0.0438,0.0436,0.0434,0.0432,0.043,0.0429,0.0428,0.0426,0.0425,0.0424,0.0423,0.0421,0.042,0.0419,0.0418,0.0416,0.0415,0.0414,0.0413,0.0412,0.0411,0.041,0.0408,0.0407,0.0406,0.0405,0.0404,0.0403,0.0402,0.0401,0.04,0.0399,0.0398,0.0397,0.0396,0.0395,0.0394,0.0394,0.0393,0.0392,0.0391,0.039,0.0389,0.0388,0.0387,0.0385,0.0384,0.0383,0.0382,0.0381,0.0379,0.0378,0.0377,0.0376,0.0375,0.0373,0.0372,0.0371,0.037,0.0369,0.0368,0.0367,0.0367,0.0367,0.0367,0.0367,0.0366,0.0366,0.0366,0.0366,0.0366,0.0365,0.0365,0.0365,0.0366,0.0366,0.0366,0.0366,0.0366,0.0366,0.0366,0.0366,0.0366,0.0366,0.0366,0.0366,0.0366,0.0366,0.0366,0.0366,0.0367,0.0367,0.0367,0.0367,0.0367,0.0367,0.0367,0.0367,0.0367,0.0367,0.0367,0.0367,0.0367,0.0367,0.0368,0.0368,0.0368,0.0367,0.0367,0.0367,0.0367,0.0367,0.0367,0.0366,0.0366,0.0366,0.0366,0.0366,0.0366,0.0366,0.0366,0.0366,0.0366,0.0366,0.0366,0.0365,0.0365,0.0365,0.0365,0.0365,0.0365,0.0365,0.0365,0.0365,0.0365,0.0365,0.0365,0.0365,0.0364,0.0364,0.0364,0.0364,0.0364,0.0364,0.0364,0.0364,0.0364,0.0364,0.0364,0.0364,0.0367,0.0369,0.0371,0.0374,0.0376,0.0379,0.0382,0.0384,0.0387,0.039,0.0393,0.0398,0.0403,0.0409,0.0414,0.0419,4.2128,4.2026,4.1939,4.1788,4.1625,4.1561,4.1456,4.1323,4.0754,3.4858,3.378,3.2766,3.1804,3.0893,3.0021,2.9504,2.9291,2.924,2.9196,2.9096,2.9003,2.8766,2.8598,2.8138,2.7548,2.6983,2.644,2.5919,2.5418,2.4935
0.9883,0.9796,0.6406,0.6406,0.639,0.642,0.6455,0.6492,0.6528,0.6565,0.6602,0.664,0.6717,0.6801,0.6882,0.6964,0.705,0.7132,0.84,0.832,0.8243,0.1669,0.1639,0.162,0.1602,0.1584,0.1567,0.1549,0.1532,0.1514,0.1497,0.1481,0.1465,0.0534,0.051,0.0505,0.0501,0.0496,0.0492,0.0488,0.0484,0.048,0.0476,0.0473,0.0471,0.0468,0.0466,0.0464,0.0462,0.046,0.0458,0.0456,0.0454,0.0452,0.045,0.0449,0.0447,0.0445,0.0442,0.044,0.0438,0.0436,0.0434,0.0432,0.043,0.0429,0.0427,0.0426,0.0425,0.0423,0.0422,0.0421,0.042,0.0418,0.0417,0.0416,0.0415,0.0414,0.0412,0.0411,0.041,0.0409,0.0408,0.0407,0.0406,0.0405,0.0404,0.0403,0.0402,0.0401,0.04,0.0399,0.0398,0.0397,0.0396,0.0395,0.0394,0.0393,0.0392,0.0391,0.039,0.0389,0.0389,0.0388,0.0386,0.0385,0.0384,0.0383,0.0381,0.038,0.0379,0.0378,0.0376,0.0375,0.0374,0.0373,0.0372,0.0371,0.0369,0.0368,0.0367,0.0367,0.0366,0.0366,0.0366,0.0366,0.0366,0.0365,0.0365,0.0365,0.0365,0.0365,0.0365,0.0365,0.0365,0.0365,0.0365,0.0365,0.0365,0.0365,0.0365,0.0365,0.0365,0.0365,0.0365,0.0365,0.0365,0.0366,0.0366,0.0366,0.0366,0.0366,0.0366,0.0366,0.0366,0.0366,0.0366,0.0366,0.0366,0.0366,0.0366,0.0366,0.0367,0.0367,0.0367,0.0367,0.0367,0.0366,0.0366,0.0366,0.0366,0.0366,0.0366,0.0366,0.0366,0.0366,0.0366,0.0365,0.0365,0.0365,0.0365,0.0365,0.0365,0.0365,0.0365,0.0365,0.0365,0.0365,0.0365,0.0364,0.0364,0.0364,0.0364,0.0364,0.0364,0.0364,0.0364,0.0364,0.0364,0.0364,0.0364,0.0364,0.0363,0.0363,0.0363,0.0363,0.0363,0.0363,0.0363,0.0363,0.0364,0.0367,0.0369,0.0371,0.0374,0.0376,0.0379,0.0382,0.0384,0.0387,0.039,0.0395,0.04,0.0405,0.041,0.0416,0.0421,4.1968,4.1881,4.1758,4.1584,4.1497,4.1408,4.128,4.1008,3.5224,3.4124,3.3091,3.2112,3.1187,3.0309,2.9518,2.9305,2.9198,2.9152,2.9077,2.8989,2.8898,2.8743,2.831,2.7712,2.714,2.6591,2.6064,2.5557,2.507
0.9928,0.64,0.64,0.6396,0.6377,0.6413,0.6449,0.6485,0.6521,0.6558,0.6595,0.6633,0.671,0.6795,0.6876,0.6959,0.7043,0.7129,0.8373,0.8294,0.8217,0.1676,0.1652,0.1633,0.1615,0.1597,0.1579,0.1562,0.1544,0.1526,0.1509,0.1492,0.1476,0.0542,0.051,0.0505,0.0501,0.0496,0.0492,0.0488,0.0483,0.0479,0.0476,0.0473,0.0471,0.0468,0.0466,0.0464,0.0462,0.046,0.0458,0.0456,0.0454,0.0452,0.045,0.0448,0.0446,0.0444,0.0442,0.044,0.0438,0.0436,0.0434,0.0431,0.0429,0.0428,0.0427,0.0425,0.0424,0.0423,0.0422,0.042,0.0419,0.0418,0.0417,0.0415,0.0414,0.0413,0.0412,0.0411,0.041,0.0409,0.0408,0.0407,0.0406,0.0404,0.0403,0.0402,0.0401,0.04,0.0399,0.0398,0.0397,0.0396,0.0395,0.0395,0.0394,0.0393,0.0392,0.0391,0.039,0.0389,0.0388,0.0387,0.0386,0.0385,0.0383,0.0382,0.0381,0.038,0.0378,0.0377,0.0376,0.0375,0.0374,0.0373,0.0371,0.037,0.0369,0.0368,0.0367,0.0366,0.0366,0.0365,0.0365,0.0365,0.0365,0.0365,0.0364,0.0364,0.0364,0.0364,0.0364,0.0364,0.0364,0.0364,0.0364,0.0364,0.0364,0.0364,0.0364,0.0364,0.0364,0.0364,0.0365,0.0365,0.0365,0.0365,0.0365,0.0365,0.0365,0.0365,0.0365,0.0365,0.0365,0.0365,0.0365,0.0365,0.0365,0.0365,0.0366,0.0366,0.0366,0.0366,0.0366,0.0366,0.0366,0.0366,0.0365,0.0365,0.0365,0.0365,0.0365,0.0365,0.0365,0.0365,0.0365,0.0365,0.0365,0.0365,0.0364,0.0364,0.0364,0.0364,0.0364,0.0364,0.0364,0.0364,0.0364,0.0364,0.0364,0.0364,0.0364,0.0363,0.0363,0.0363,0.0363,0.0363,0.0363,0.0363,0.0363,0.0363,0.0363,0.0363,0.0363,0.0363,0.0362,0.0362,0.0362,0.0362,0.0362,0.0364,0.0367,0.0369,0.0371,0.0374,0.0376,0.0379,0.0382,0.0384,0.0387,0.0392,0.0397,0.0402,0.0407,0.0412,0.0417,4.1909,4.1823,4.1725,4.1554,4.1431,4.1356,4.1236,4.1041,4.0225,3.4476,3.3422,3.2428,3.1484,3.0593,2.9736,2.9341,2.9122,2.905,2.9007,2.8968,2.8877,2.8778,2.8391,2.7879,2.7299,2.6744,2.6211,2.5699,2.5205
0.6431,0.6394,0.6394,0.638,0.6371,0.6406,0.6442,0.6478,0.6515,0.6551,0.6589,0.6626,0.6703,0.679,0.687,0.6953,0.7036,0.7102,0.8346,0.8268,0.8191,0.8131,0.1666,0.1647,0.1628,0.161,0.1592,0.1574,0.1556,0.1538,0.1521,0.1504,0.1487,0.0551,0.0509,0.0505,0.05,0.0496,0.0492,0.0487,0.0483,0.0479,0.0476,0.0473,0.047,0.0468,0.0466,0.0464,0.0462,0.046,0.0458,0.0456,0.0454,0.0452,0.045,0.0448,0.0446,0.0444,0.0442,0.044,0.0438,0.0435,0.0433,0.0431,0.0429,0.0428,0.0426,0.0425,0.0424,0.0422,0.0421,0.042,0.0419,0.0417,0.0416,0.0415,0.0414,0.0413,0.0412,0.0411,0.0409,0.0408,0.0407,0.0406,0.0405,0.0404,0.0403,0.0402,0.0401,0.04,0.0399,0.0398,0.0397,0.0396,0.0395,0.0394,0.0393,0.0392,0.0391,0.039,0.039,0.0389,0.0388,0.0387,0.0385,0.0384,0.0383,0.0382,0.0381,0.0379,0.0378,0.0377,0.0376,0.0374,0.0373,0.0372,0.0371,0.037,0.0369,0.0368,0.0366,0.0365,0.0365,0.0364,0.0364,0.0364,0.0364,0.0364,0.0363,0.0363,0.0363,0.0363,0.0363,0.0363,0.0363,0.0363,0.0363,0.0363,0.0363,0.0363,0.0363,0.0364,0.0364,0.0364,0.0364,0.0364,0.0364,0.0364,0.0364,0.0364,0.0364,0.0364,0.0364,0.0364,0.0364,0.0364,0.0364,0.0365,0.0365,0.0365,0.0365,0.0365,0.0365,0.0365,0.0365,0.0365,0.0365,0.0365,0.0365,0.0365,0.0365,0.0365,0.0364,0.0364,0.0364,0.0364,0.0364,0.0364,0.0364,0.0364,0.0364,0.0364,0.0364,0.0364,0.0363,0.0363,0.0363,0.0363,0.0363,0.0363,0.0363,0.0363,0.0363,0.0363,0.0363,0.0363,0.0363,0.0362,0.0362,0.0362,0.0362,0.0362,0.0362,0.0362,0.0362,0.0362,0.0362,0.0362,0.0362,0.0362,0.0361,0.0362,0.0364,0.0367,0.0369,0.0371,0.0374,0.0376,0.0379,0.0382,0.0384,0.0389,0.0394,0.0399,0.0404,0.0409,0.0414,0.0419,4.1765,4.1672,4.1523,4.1363,4.1293,4.1191,4.1053,4.0551,3.4835,3.3759,3.2748,3.1787,3.0881,3.0019,2.935,2.913,2.8989,2.8926,2.8838,2.882,2.8758,2.8545,2.7977,2.7461,2.6899,2.636,2.5841,2.5343
0.6433,0.6388,0.6387,0.6365,0.6364,0.64,0.6436,0.6472,0.6508,0.6545,0.6582,0.6619,0.6696,0.6784,0.6864,0.6947,0.7025,0.7061,0.7121,0.8242,0.817,0.8112,0.8067,0.166,0.1641,0.1622,0.1604,0.1586,0.1568,0.155,0.1533,0.1515,0.1499,0.056,0.0509,0.0505,0.05,0.0496,0.0491,0.0487,0.0483,0.0479,0.0476,0.0473,0.047,0.0468,0.0466,0.0464,0.0462,0.046,0.0458,0.0456,0.0454,0.0452,0.045,0.0448,0.0446,0.0444,0.0442,0.0439,0.0437,0.0435,0.0433,0.0431,0.0429,0.0427,0.0426,0.0425,0.0423,0.0422,0.0421,0.042,0.0418,0.0417,0.0416,0.0415,0.0413,0.0412,0.0411,0.041,0.0409,0.0408,0.0407,0.0406,0.0405,0.0404,0.0403,0.0402,0.0401,0.04,0.0399,0.0398,0.0397,0.0396,0.0395,0.0394,0.0393,0.0392,0.0391,0.039,0.0389,0.0388,0.0387,0.0386,0.0385,0.0384,0.0383,0.0381,0.038,0.0379,0.0378,0.0376,0.0375,0.0374,0.0373,0.0372,0.0371,0.0369,0.0368,0.0367,0.0366,0.0365,0.0364,0.0364,0.0363,0.0363,0.0363,0.0363,0.0363,0.0362,0.0362,0.0362,0.0362,0.0362,0.0362,0.0362,0.0362,0.0362,0.0363,0.0363,0.0363,0.0363,0.0363,0.0363,0.0363,0.0363,0.0363,0.0363,0.0363,0.0363,0.0363,0.0363,0.0363,0.0363,0.0364,0.0364,0.0364,0.0364,0.0364,0.0364,0.0364,0.0364,0.0364,0.0364,0.0364,0.0365,0.0365,0.0364,0.0364,0.0364,0.0364,0.0364,0.0364,0.0364,0.0364,0.0363,0.0363,0.0363,0.0363,0.0363,0.0363,0.0363,0.0363,0.0363,0.0363,0.0363,0.0363,0.0363,0.0362,0.0362,0.0362,0.0362,0.0362,0.0362,0.0362,0.0362,0.0362,0.0362,0.0362,0.0362,0.0362,0.0361,0.0361,0.0361,0.0361,0.0361,0.0361,0.0361,0.0361,0.0361,0.0361,0.0361,0.0362,0.0364,0.0367,0.0369,0.0371,0.0374,0.0376,0.0379,0.0382,0.0386,0.039,0.0395,0.04,0.0405,0.041,0.0416,4.1708,4.1614,4.1492,4.1323,4.1231,4.1142,4.1009,4.0755,3.9714,3.4104,3.3073,3.2096,3.1172,3.0298,2.9457,2.9179,2.9003,2.8925,2.8808,2.8712,2.8733,2.8628,2.8133,2.7575,2.7055,2.651,2.5986,2.5482
0.9982,0.6382,0.6371,0.6349,0.6358,0.6393,0.6429,0.6465,0.6501,0.6538,0.6575,0.6612,0.6689,0.6779,0.6859,0.6941,0.7015,0.7051,0.7087,0.7141,0.8195,0.8151,0.8119,0.6519,0.1654,0.1636,0.1617,0.1599,0.1581,0.1563,0.1545,0.1527,0.151,0.057,0.0509,0.0504,0.05,0.0495,0.0491,0.0487,0.0483,0.0479,0.0476,0.0473,0.047,0.0468,0.0466,0.0463,0.0461,0.0459,0.0457,0.0455,0.0454,0.0452,0.045,0.0448,0.0446,0.0444,0.0441,0.0439,0.0437,0.0435,0.0433,0.0431,0.0429,0.0427,0.0425,0.0424,0.0423,0.0422,0.042,0.0419,0.0418,0.0417,0.0415,0.0414,0.0413,0.0412,0.0411,0.041,0.0409,0.0408,0.0406,0.0405,0.0404,0.0403,0.0402,0.0401,0.04,0.0399,0.0398,0.0397,0.0396,0.0395,0.0394,0.0393,0.0392,0.0392,0.0391,0.039,0.0389,0.0388,0.0387,0.0386,0.0385,0.0383,0.0382,0.0381,0.038,0.0378,0.0377,0.0376,0.0375,0.0374,0.0373,0.0371,0.037,0.0369,0.0368,0.0367,0.0366,0.0364,0.0363,0.0363,0.0363,0.0362,0.0362,0.0362,0.0362,0.0362,0.0361,0.0361,0.0361,0.0361,0.0361,0.0362,0.0362,0.0362,0.0362,0.0362,0.0362,0.0362,0.0362,0.0362,0.0362,0.0362,0.0362,0.0362,0.0362,0.0362,0.0362,0.0363,0.0363,0.0363,0.0363,0.0363,0.0363,0.0363,0.0363,0.0363,0.0363,0.0363,0.0363,0.0363,0.0363,0.0365,0.0365,0.0365,0.0364,0.0364,0.0363,0.0363,0.0363,0.0363,0.0363,0.0363,0.0363,0.0363,0.0363,0.0362,0.0362,0.0362,0.0362,0.0362,0.0362,0.0362,0.0362,0.0362,0.0362,0.0362,0.0362,0.0362,0.0361,0.0361,0.0361,0.0361,0.0361,0.0361,0.0361,0.0361,0.0361,0.0361,0.0361,0.0361,0.0361,0.036,0.036,0.036,0.036,0.036,0.036,0.036,0.036,0.0362,0.0364,0.0367,0.0369,0.0371,0.0374,0.0376,0.0379,0.0383,0.0387,0.0392,0.0397,0.0402,0.0407,0.0412,0.0418,4.1557,4.146,4.1292,4.1168,4.1091,4.0966,4.0788,4.0033,3.4455,3.3403,3.2411,3.1469,3.058,2.9734,2.9183,2.9029,2.8946,2.8859,2.875,2.8698,2.8603,2.829,2.7727,2.7185,2.6662,2.6132,2.5622
0.9944,0.6376,0.6355,0.6334,0.6351,0.6387,0.6422,0.6458,0.6495,0.6531,0.6568,0.6605,0.6682,0.6773,0.6853,0.6938,0.7004,0.704,0.7077,0.7113,0.7161,0.8204,0.816,0.6502,0.6472,0.1649,0.163,0.1612,0.1594,0.1575,0.1557,0.1539,0.1522,0.058,0.0509,0.0504,0.05,0.0495,0.0491,0.0487,0.0483,0.0479,0.0476,0.0473,0.047,0.0468,0.0465,0.0463,0.0461,0.0459,0.0457,0.0455,0.0453,0.0451,0.0449,0.0448,0.0446,0.0443,0.0441,0.0439,0.0437,0.0435,0.0432,0.043,0.0428,0.0426,0.0425,0.0424,0.0422,0.0421,0.042,0.0419,0.0417,0.0416,0.0415,0.0414,0.0413,0.0411,0.041,0.0409,0.0408,0.0407,0.0406,0.0405,0.0404,0.0403,0.0402,0.0401,0.04,0.0399,0.0398,0.0397,0.0396,0.0395,0.0394,0.0393,0.0392,0.0391,0.039,0.0389,0.0388,0.0388,0.0387,0.0385,0.0384,0.0383,0.0382,0.038,0.0379,0.0378,0.0377,0.0376,0.0374,0.0373,0.0372,0.0371,0.037,0.0369,0.0367,0.0366,0.0365,0.0364,0.0363,0.0362,0.0362,0.0362,0.0361,0.0361,0.0361,0.0361,0.0361,0.036,0.0361,0.0361,0.0361,0.0361,0.0361,0.0361,0.0361,0.0361,0.0361,0.0361,0.0361,0.0361,0.0361,0.0361,0.0361,0.0361,0.0362,0.0362,0.0362,0.0362,0.0362,0.0362,0.0362,0.0362,0.0362,0.0362,0.0362,0.0362,0.0362,0.0362,0.0363,0.0363,0.0363,0.0364,0.0365,0.0365,0.0365,0.0364,0.0364,0.0363,0.0363,0.0363,0.0362,0.0362,0.0362,0.0362,0.0362,0.0362,0.0362,0.0362,0.0362,0.0361,0.0361,0.0361,0.0361,0.0361,0.0361,0.0361,0.0361,0.0361,0.0361,0.0361,0.0361,0.0361,0.036,0.036,0.036,0.036,0.036,0.036,0.036,0.036,0.036,0.036,0.036,0.036,0.036,0.0359,0.0359,0.0359,0.0359,0.036,0.0362,0.0364,0.0367,0.0369,0.0371,0.0374,0.0376,0.038,0.0384,0.0389,0.0394,0.0399,0.0404,0.0409,0.0414,4.1499,4.1407,4.1261,4.1105,4.1029,4.0924,4.0785,4.0374,3.4833,3.374,3.273,3.1772,3.0866,3.0008,2.9187,2.9015,2.8929,2.8843,2.8755,2.867,2.858,2.8464,2.7888,2.7335,2.6806,2.6279,2.5764
0.9907,0.6362,0.634,0.6318,0.6345,0.638,0.6416,0.6452,0.6488,0.6524,0.6561,0.6599,0.6676,0.6767,0.6847,0.6935,0.6994,0.703,0.7066,0.7108,0.8309,0.8255,0.8213,0.6485,0.6455,0.6425,0.1643,0.1625,0.1606,0.1588,0.157,0.1552,0.1534,0.1517,0.0508,0.0504,0.0499,0.0495,0.0491,0.0486,0.0482,0.0479,0.0476,0.0473,0.047,0.0468,0.0465,0.0463,0.0461,0.0459,0.0457,0.0455,0.0453,0.0451,0.0449,0.0447,0.0445,0.0443,0.0441,0.0439,0.0437,0.0434,0.0432,0.043,0.0428,0.0426,0.0424,0.0423,0.0422,0.0421,0.0419,0.0418,0.0417,0.0416,0.0414,0.0413,0.0412,0.0411,0.041,0.0409,0.0408,0.0407,0.0406,0.0405,0.0404,0.0403,0.0402,0.04,0.0399,0.0398,0.0397,0.0396,0.0395,0.0394,0.0393,0.0393,0.0392,0.0391,0.039,0.0389,0.0388,0.0387,0.0386,0.0385,0.0384,0.0383,0.0381,0.038,0.0379,0.0378,0.0376,0.0375,0.0374,0.0373,0.0372,0.0371,0.0369,0.0368,0.0367,0.0366,0.0365,0.0364,0.0363,0.0361,0.0361,0.0361,0.036,0.036,0.036,0.036,0.036,0.036,0.036,0.036,0.036,0.036,0.036,0.036,0.036,0.036,0.036,0.036,0.036,0.036,0.0361,0.0361,0.0361,0.0361,0.0361,0.0361,0.0361,0.0361,0.0361,0.0361,0.0361,0.0361,0.0361,0.0361,0.0361,0.0362,0.0362,0.0362,0.0362,0.0362,0.0362,0.0363,0.0364,0.0365,0.0365,0.0365,0.0364,0.0364,0.0363,0.0363,0.0363,0.0362,0.0362,0.0361,0.0361,0.0361,0.0361,0.0361,0.0361,0.0361,0.0361,0.0361,0.0361,0.036,0.036,0.036,0.036,0.036,0.036,0.036,0.036,0.036,0.036,0.036,0.036,0.036,0.0359,0.0359,0.0359,0.0359,0.0359,0.0359,0.0359,0.0359,0.0359,0.0359,0.0359,0.0359,0.0359,0.0358,0.036,0.0362,0.0364,0.0367,0.0369,0.0371,0.0374,0.0377,0.0381,0.0386,0.0391,0.0395,0.04,0.0405,0.0411,0.0416,4.1351,4.1229,4.1064,4.0966,4.088,4.0743,4.0507,3.9542,3.4084,3.3054,3.208,3.1157,3.0285,2.9454,2.9019,2.8902,2.8816,2.8727,2.8641,2.8556,2.8457,2.8057,2.7497,2.6959,2.6429,2.5907
0.9876,0.6346,0.6324,0.6303,0.6338,0.6373,0.6409,0.6445,0.6481,0.6518,0.6554,0.6592,0.6669,0.6762,0.6843,0.6933,0.6983,0.7019,0.7074,0.843,0.8369,0.8308,0.8266,0.6468,0.6438,0.6409,0.6379,0.1638,0.1619,0.1601,0.1582,0.1564,0.1546,0.1528,0.0536,0.0504,0.0499,0.0495,0.049,0.0486,0.0482,0.0479,0.0476,0.0473,0.047,0.0467,0.0465,0.0463,0.0461,0.0459,0.0457,0.0455,0.0453,0.0451,0.0449,0.0447,0.0445,0.0443,0.0441,0.0438,0.0436,0.0434,0.0432,0.043,0.0428,0.0426,0.0424,0.0423,0.0421,0.042,0.0419,0.0418,0.0416,0.0415,0.0414,0.0413,0.0412,0.0411,0.041,0.0409,0.0407,0.0406,0.0405,0.0404,0.0403,0.0402,0.0401,0.04,0.0399,0.0398,0.0397,0.0396,0.0395,0.0394,0.0393,0.0392,0.0391,0.039,0.0389,0.0389,0.0388,0.0387,0.0386,0.0385,0.0383,0.0382,0.0381,0.038,0.0378,0.0377,0.0376,0.0375,0.0374,0.0372,0.0371,0.037,0.0369,0.0368,0.0367,0.0366,0.0364,0.0363,0.0362,0.0361,0.036,0.036,0.036,0.0359,0.0359,0.0359,0.0359,0.0359,0.0359,0.0359,0.0359,0.0359,0.0359,0.0359,0.0359,0.0359,0.0359,0.036,0.036,0.036,0.036,0.036,0.036,0.036,0.036,0.036,0.036,0.036,0.036,0.036,0.036,0.036,0.0361,0.0361,0.0361,0.0361,0.0361,0.0361,0.0361,0.0361,0.0361,0.0363,0.0364,0.0365,0.0365,0.0365,0.0365,0.0364,0.0364,0.0363,0.0363,0.0362,0.0362,0.0362,0.0361,0.0361,0.036,0.036,0.036,0.036,0.036,0.036,0.036,0.036,0.036,0.036,0.036,0.036,0.0359,0.0359,0.0359,0.0359,0.0359,0.0359,0.0359,0.0359,0.0359,0.0359,0.0359,0.0359,0.0359,0.0358,0.0358,0.0358,0.0358,0.0358,0.0358,0.0358,0.0358,0.0358,0.0358,0.036,0.0362,0.0364,0.0367,0.0369,0.0371,0.0374,0.0378,0.0383,0.0388,0.0392,0.0397,0.0402,0.0407,0.0414,4.1294,4.1198,4.1033,4.0905,4.0828,4.0701,4.0538,3.9874,3.4438,3.3383,3.2394,3.1453,3.0565,2.9725,2.9023,2.8874,2.8789,2.8701,2.8613,2.8528,2.8435,2.8228,2.7661,2.7117,2.658,2.6053
0.9858,0.6331,0.6309,0.6297,0.6332,0.6367,0.6402,0.6438,0.6475,0.6511,0.6548,0.6585,0.6662,0.6756,0.684,0.693,0.6973,0.7041,0.8551,0.8493,0.843,0.8368,0.8315,0.6451,0.6422,0.6392,0.6363,0.6335,0.1632,0.1614,0.1595,0.1577,0.1558,0.1541,0.0545,0.0503,0.0499,0.0494,0.049,0.0486,0.0482,0.0479,0.0476,0.0473,0.047,0.0467,0.0465,0.0463,0.0461,0.0459,0.0457,0.0455,0.0453,0.0451,0.0449,0.0447,0.0445,0.0443,0.044,0.0438,0.0436,0.0434,0.0432,0.043,0.0428,0.0425,0.0424,0.0422,0.0421,0.042,0.0419,0.0417,0.0416,0.0415,0.0414,0.0412,0.0411,0.041,0.0409,0.0408,0.0407,0.0406,0.0405,0.0404,0.0403,0.0402,0.0401,0.04,0.0399,0.0398,0.0397,0.0396,0.0395,0.0394,0.0393,0.0392,0.0391,0.039,0.0389,0.0388,0.0387,0.0386,0.0385,0.0384,0.0383,0.0382,0.038,0.0379,0.0378,0.0377,0.0376,0.0374,0.0373,0.0372,0.0371,0.037,0.0369,0.0367,0.0366,0.0365,0.0364,0.0363,0.0362,0.0361,0.036,0.0359,0.0359,0.0359,0.0358,0.0358,0.0358,0.0358,0.0358,0.0358,0.0358,0.0358,0.0358,0.0358,0.0359,0.0359,0.0359,0.0359,0.0359,0.0359,0.0359,0.0359,0.0359,0.0359,0.0359,0.0359,0.0359,0.0359,0.0359,0.036,0.036,0.036,0.036,0.036,0.036,0.036,0.036,0.036,0.036,0.036,0.0361,0.0362,0.0363,0.0364,0.0366,0.0365,0.0365,0.0364,0.0364,0.0364,0.0363,0.0363,0.0362,0.0362,0.0362,0.0361,0.0361,0.036,0.036,0.036,0.0359,0.0359,0.0359,0.0359,0.0359,0.0359,0.0359,0.0359,0.0359,0.0359,0.0359,0.0359,0.0358,0.0358,0.0358,0.0358,0.0358,0.0358,0.0358,0.0358,0.0358,0.0358,0.0358,0.0358,0.0358,0.0357,0.0357,0.0357,0.0357,0.0357,0.0357,0.0357,0.036,0.0362,0.0364,0.0367,0.0369,0.0371,0.0375,0.038,0.0384,0.0389,0.0394,0.0399,0.0405,0.0413,0.0415,4.1146,4.1,4.0835,4.0767,4.0659,4.0521,4.0225,3.9064,3.372,3.2711,3.1756,3.085,2.9996,2.918,2.8853,2.8762,2.8675,2.8585,2.85,2.8412,2.831,2.7828,2.7277,2.6733,2.62
0.9905,0.6315,0.6293,0.6291,0.6325,0.636,0.6396,0.6432,0.6468,0.6504,0.6541,0.6578,0.6655,0.6751,0.6838,0.6928,0.7008,0.8676,0.8615,0.8555,0.8492,0.8429,0.8367,0.6435,0.6405,0.6376,0.6347,0.6319,0.8234,0.1627,0.1608,0.1589,0.1571,0.1554,0.0554,0.0503,0.0499,0.0494,0.049,0.0486,0.0482,0.0479,0.0476,0.0473,0.047,0.0467,0.0465,0.0462,0.046,0.0458,0.0456,0.0454,0.0453,0.0451,0.0449,0.0447,0.0445,0.0442,0.044,0.0438,0.0436,0.0434,0.0431,0.0429,0.0427,0.0425,0.0423,0.0422,0.0421,0.0419,0.0418,0.0417,0.0416,0.0414,0.0413,0.0412,0.0411,0.041,0.0409,0.0408,0.0407,0.0406,0.0405,0.0403,0.0402,0.0401,0.04,0.0399,0.0398,0.0397,0.0396,0.0395,0.0394,0.0393,0.0392,0.0391,0.039,0.039,0.0389,0.0388,0.0387,0.0386,0.0385,0.0384,0.0383,0.0381,0.038,0.0379,0.0378,0.0376,0.0375,0.0374,0.0373,0.0372,0.0371,0.0369,0.0368,0.0367,0.0366,0.0365,0.0364,0.0363,0.0361,0.036,0.0359,0.0358,0.0358,0.0358,0.0358,0.0357,0.0357,0.0357,0.0357,0.0357,0.0358,0.0358,0.0358,0.0358,0.0358,0.0358,0.0358,0.0358,0.0358,0.0358,0.0358,0.0358,0.0358,0.0358,0.0358,0.0358,0.0359,0.0359,0.0359,0.0359,0.0359,0.0359,0.0359,0.0359,0.0359,0.0359,0.0359,0.0359,0.0359,0.036,0.036,0.0361,0.0363,0.0364,0.0365,0.0366,0.0365,0.0365,0.0364,0.0364,0.0364,0.0363,0.0363,0.0362,0.0362,0.0362,0.0361,0.0361,0.036,0.036,0.036,0.0359,0.0359,0.0358,0.0358,0.0358,0.0358,0.0358,0.0358,0.0358,0.0358,0.0358,0.0358,0.0358,0.0358,0.0358,0.0357,0.0357,0.0357,0.0357,0.0357,0.0357,0.0357,0.0357,0.0357,0.0357,0.0357,0.0357,0.0357,0.0356,0.0356,0.0356,0.0357,0.036,0.0362,0.0364,0.0367,0.0369,0.0373,0.0377,0.0381,0.0386,0.0391,0.0396,0.0402,0.0411,0.0413,4.1084,4.0964,4.0797,4.0664,4.0617,4.048,4.0266,3.9389,3.4069,3.3035,3.2064,3.1141,3.027,2.9446,2.8859,2.8735,2.8649,2.856,2.8471,2.8387,2.829,2.7996,2.7439,2.6888,2.6348
0.6307,0.63,0.6278,0.6284,0.6319,0.6354,0.6389,0.6425,0.6461,0.6498,0.6534,0.6571,0.6648,0.6787,0.6875,0.6966,0.8804,0.8742,0.868,0.8619,0.8554,0.8491,0.8428,0.6418,0.6389,0.636,0.6331,0.6304,0.824,0.164,0.1621,0.1602,0.1584,0.1568,0.0563,0.0503,0.0498,0.0494,0.049,0.0486,0.0482,0.0479,0.0476,0.0473,0.047,0.0467,0.0465,0.0462,0.046,0.0458,0.0456,0.0454,0.0452,0.045,0.0448,0.0447,0.0444,0.0442,0.044,0.0438,0.0435,0.0433,0.0431,0.0429,0.0427,0.0425,0.0423,0.0421,0.042,0.0419,0.0418,0.0416,0.0415,0.0414,0.0413,0.0412,0.0411,0.0409,0.0408,0.0407,0.0406,0.0405,0.0404,0.0403,0.0402,0.0401,0.04,0.0399,0.0398,0.0397,0.0396,0.0395,0.0394,0.0393,0.0392,0.0391,0.039,0.0389,0.0388,0.0387,0.0386,0.0386,0.0385,0.0383,0.0382,0.0381,0.038,0.0378,0.0377,0.0376,0.0375,0.0374,0.0372,0.0371,0.037,0.0369,0.0368,0.0367,0.0366,0.0364,0.0363,0.0362,0.0361,0.036,0.0359,0.0358,0.0357,0.0357,0.0357,0.0357,0.0357,0.0357,0.0357,0.0357,0.0357,0.0357,0.0357,0.0357,0.0357,0.0357,0.0357,0.0357,0.0357,0.0357,0.0357,0.0357,0.0358,0.0358,0.0358,0.0358,0.0358,0.0358,0.0358,0.0358,0.0358,0.0358,0.0358,0.0358,0.0358,0.0358,0.0359,0.0359,0.0359,0.0359,0.036,0.0361,0.0362,0.0363,0.0364,0.0366,0.0366,0.0365,0.0365,0.0364,0.0364,0.0364,0.0363,0.0363,0.0362,0.0362,0.0361,0.0361,0.0361,0.036,0.036,0.0359,0.0359,0.0359,0.0358,0.0358,0.0358,0.0357,0.0357,0.0357,0.0357,0.0357,0.0357,0.0357,0.0357,0.0357,0.0357,0.0357,0.0357,0.0357,0.0356,0.0356,0.0356,0.0356,0.0356,0.0356,0.0356,0.0356,0.0356,0.0356,0.0356,0.0356,0.0356,0.0357,0.036,0.0362,0.0364,0.0367,0.037,0.0374,0.0379,0.0383,0.0388,0.0392,0.04,0.0408,0.0412,0.0414,4.0862,4.0748,4.0614,4.0565,4.0438,4.0291,3.9729,3.8599,3.3365,3.2376,3.1438,3.055,2.9712,2.8911,2.8708,2.8623,2.8533,2.8445,2.8359,2.8269,2.8162,2.7602,2.7045,2.6499
0.6292,0.6284,0.6263,0.6278,0.6312,0.6347,0.6383,0.6418,0.6454,0.6491,0.6527,0.6564,0.6641,0.6833,0.6923,0.7019,0.8872,0.8809,0.8738,0.865,0.858,0.857,0.8562,0.6402,0.6373,0.6344,0.6315,0.6288,0.8238,0.8202,0.1634,0.1616,0.1597,0.1582,0.0572,0.0503,0.0498,0.0494,0.0489,0.0485,0.0482,0.0479,0.0476,0.0473,0.047,0.0467,0.0465,0.0462,0.046,0.0458,0.0456,0.0454,0.0452,0.045,0.0448,0.0446,0.0444,0.0442,0.044,0.0437,0.0435,0.0433,0.0431,0.0429,0.0427,0.0425,0.0423,0.0421,0.042,0.0418,0.0417,0.0416,0.0415,0.0414,0.0412,0.0411,0.041,0.0409,0.0408,0.0407,0.0406,0.0405,0.0404,0.0403,0.0402,0.0401,0.04,0.0399,0.0398,0.0397,0.0396,0.0395,0.0394,0.0393,0.0392,0.0391,0.039,0.0389,0.0388,0.0387,0.0386,0.0385,0.0384,0.0383,0.0382,0.038,0.0379,0.0378,0.0377,0.0376,0.0374,0.0373,0.0372,0.0371,0.037,0.0369,0.0367,0.0366,0.0365,0.0364,0.0363,0.0362,0.0361,0.036,0.0359,0.0357,0.0356,0.0356,0.0356,0.0356,0.0356,0.0356,0.0356,0.0356,0.0356,0.0356,0.0356,0.0356,0.0356,0.0356,0.0356,0.0356,0.0356,0.0357,0.0357,0.0357,0.0357,0.0357,0.0357,0.0357,0.0357,0.0357,0.0357,0.0357,0.0357,0.0357,0.0358,0.0358,0.0358,0.0358,0.0358,0.0358,0.0358,0.0358,0.0359,0.036,0.0361,0.0363,0.0364,0.0365,0.0366,0.0366,0.0365,0.0365,0.0364,0.0364,0.0363,0.0363,0.0363,0.0362,0.0362,0.0361,0.0361,0.0361,0.036,0.036,0.0359,0.0359,0.0359,0.0358,0.0358,0.0357,0.0357,0.0357,0.0357,0.0357,0.0356,0.0356,0.0356,0.0356,0.0356,0.0356,0.0356,0.0356,0.0356,0.0356,0.0356,0.0356,0.0356,0.0355,0.0355,0.0355,0.0355,0.0355,0.0355,0.0355,0.0355,0.0355,0.0357,0.036,0.0362,0.0364,0.0367,0.0371,0.0376,0.038,0.0385,0.039,0.0398,0.0406,0.041,0.0412,4.0818,4.0706,4.0595,4.0506,4.0387,4.0274,4.0006,3.8915,3.3706,3.2693,3.174,3.0836,2.9982,2.9173,2.8695,2.8597,2.8508,2.8419,2.8331,2.8247,2.8143,2.7767,2.7203,2.6651
0.6277,0.6269,0.6248,0.6272,0.6306,0.6341,0.6376,0.6412,0.6448,0.6484,0.6521,0.6558,0.6634,0.6879,0.6974,0.8971,0.8896,0.8811,0.8711,0.8622,0.8561,0.8544,0.8537,0.6385,0.6356,0.6327,0.6299,0.6273,0.8227,0.8191,0.8155,0.1629,0.161,0.1596,0.1585,0.0502,0.0498,0.0494,0.0489,0.0485,0.0482,0.0479,0.0476,0.0473,0.047,0.0467,0.0464,0.0462,0.046,0.0458,0.0456,0.0454,0.0452,0.045,0.0448,0.0446,0.0444,0.0441,0.0439,0.0437,0.0435,0.0433,0.0431,0.0429,0.0427,0.0424,0.0422,0.042,0.0419,0.0418,0.0417,0.0416,0.0414,0.0413,0.0412,0.0411,0.041,0.0409,0.0408,0.0407,0.0405,0.0404,0.0403,0.0402,0.0401,0.04,0.0399,0.0398,0.0397,0.0396,0.0395,0.0394,0.0393,0.0392,0.0391,0.039,0.0389,0.0388,0.0387,0.0387,0.0386,0.0385,0.0384,0.0382,0.0381,0.038,0.0379,0.0378,0.0376,0.0375,0.0374,0.0373,0.0372,0.0371,0.0369,0.0368,0.0367,0.0366,0.0365,0.0364,0.0363,0.0361,0.036,0.0359,0.0358,0.0357,0.0356,0.0355,0.0355,0.0355,0.0355,0.0355,0.0355,0.0355,0.0355,0.0355,0.0355,0.0355,0.0355,0.0356,0.0356,0.0356,0.0356,0.0356,0.0356,0.0356,0.0356,0.0356,0.0356,0.0356,0.0356,0.0356,0.0356,0.0357,0.0357,0.0357,0.0357,0.0357,0.0357,0.0357,0.0357,0.0357,0.0357,0.0357,0.0358,0.036,0.0361,0.0362,0.0363,0.0364,0.0366,0.0366,0.0365,0.0365,0.0365,0.0364,0.0364,0.0363,0.0363,0.0363,0.0362,0.0362,0.0361,0.0361,0.0361,0.036,0.036,0.0359,0.0359,0.0359,0.0358,0.0358,0.0357,0.0357,0.0357,0.0356,0.0356,0.0356,0.0356,0.0356,0.0355,0.0355,0.0355,0.0355,0.0355,0.0355,0.0355,0.0355,0.0355,0.0355,0.0355,0.0355,0.0355,0.0354,0.0354,0.0354,0.0354,0.0354,0.0355,0.0357,0.036,0.0362,0.0364,0.0368,0.0373,0.0377,0.0382,0.0388,0.0395,0.0403,0.0408,0.0411,0.0413,4.0629,4.0506,4.0385,4.0264,4.0147,3.9961,3.9244,3.4056,3.3017,3.2047,3.1126,3.0256,2.9433,2.8702,2.857,2.8482,2.8394,2.8306,2.822,2.8124,2.7935,2.7364,2.6804
0.6262,0.6254,0.6233,0.6265,0.63,0.6334,0.637,0.6405,0.6441,0.6477,0.6514,0.6551,0.6627,0.6931,0.7027,0.8983,0.888,0.8778,0.868,0.8594,0.8541,0.8518,0.8511,0.6369,0.634,0.6311,0.6283,0.6257,0.8215,0.8179,0.8143,0.8044,0.1623,0.161,0.1599,0.0502,0.0498,0.0493,0.0489,0.0485,0.0482,0.0479,0.0476,0.0473,0.047,0.0467,0.0464,0.0462,0.046,0.0458,0.0456,0.0454,0.0452,0.045,0.0448,0.0446,0.0443,0.0441,0.0439,0.0437,0.0435,0.0433,0.043,0.0428,0.0426,0.0424,0.0422,0.042,0.0419,0.0418,0.0416,0.0415,0.0414,0.0413,0.0412,0.041,0.0409,0.0408,0.0407,0.0406,0.0405,0.0404,0.0403,0.0402,0.0401,0.04,0.0399,0.0398,0.0397,0.0396,0.0395,0.0394,0.0393,0.0392,0.0391,0.039,0.0389,0.0388,0.0387,0.0386,0.0385,0.0384,0.0383,0.0382,0.0381,0.038,0.0378,0.0377,0.0376,0.0375,0.0374,0.0372,0.0371,0.037,0.0369,0.0368,0.0367,0.0366,0.0364,0.0363,0.0362,0.0361,0.036,0.0359,0.0358,0.0357,0.0356,0.0355,0.0354,0.0354,0.0354,0.0354,0.0354,0.0354,0.0354,0.0354,0.0355,0.0355,0.0355,0.0355,0.0355,0.0355,0.0355,0.0355,0.0355,0.0355,0.0355,0.0355,0.0355,0.0356,0.0356,0.0356,0.0356,0.0356,0.0356,0.0356,0.0356,0.0356,0.0356,0.0356,0.0356,0.0356,0.0356,0.0357,0.0358,0.0359,0.036,0.0361,0.0363,0.0364,0.0365,0.0366,0.0366,0.0365,0.0365,0.0365,0.0364,0.0364,0.0363,0.0363,0.0363,0.0362,0.0362,0.0361,0.0361,0.036,0.036,0.036,0.0359,0.0359,0.0358,0.0358,0.0358,0.0357,0.0357,0.0357,0.0356,0.0356,0.0355,0.0355,0.0355,0.0355,0.0355,0.0355,0.0355,0.0354,0.0354,0.0354,0.0354,0.0354,0.0354,0.0354,0.0354,0.0354,0.0354,0.0354,0.0354,0.0354,0.0353,0.0355,0.0357,0.036,0.0362,0.0366,0.037,0.0374,0.0379,0.0386,0.0393,0.0401,0.0406,0.0409,0.0412,4.0503,4.0381,4.026,4.0139,4.002,3.9885,3.9576,3.8452,3.3353,3.2358,3.1422,3.0535,2.9698,2.8905,2.8543,2.8457,2.8368,2.828,2.8193,2.8104,2.7997,2.7526,2.696
0.6248,0.6239,0.6225,0.6259,0.6293,0.6328,0.6363,0.6398,0.6434,0.6471,0.6507,0.6544,0.6622,0.6911,0.7012,0.895,0.8847,0.8746,0.8651,0.8565,0.8522,0.8493,0.6382,0.6353,0.6324,0.6296,0.6267,0.6242,0.8203,0.8167,0.8131,0.8076,0.7801,0.1625,0.1613,0.0502,0.0497,0.0493,0.0489,0.0485,0.0482,0.0479,0.0476,0.0473,0.047,0.0467,0.0464,0.0462,0.0459,0.0457,0.0455,0.0453,0.0452,0.045,0.0448,0.0445,0.0443,0.0441,0.0439,0.0437,0.0434,0.0432,0.043,0.0428,0.0426,0.0424,0.0422,0.042,0.0418,0.0417,0.0416,0.0415,0.0413,0.0412,0.0411,0.041,0.0409,0.0408,0.0407,0.0406,0.0405,0.0404,0.0403,0.0402,0.0401,0.0399,0.0398,0.0397,0.0396,0.0395,0.0394,0.0393,0.0392,0.0391,0.039,0.0389,0.0388,0.0388,0.0387,0.0386,0.0385,0.0384,0.0383,0.0382,0.038,0.0379,0.0378,0.0377,0.0376,0.0374,0.0373,0.0372,0.0371,0.037,0.0369,0.0367,0.0366,0.0365,0.0364,0.0363,0.0362,0.0361,0.036,0.0359,0.0357,0.0356,0.0355,0.0354,0.0354,0.0353,0.0353,0.0353,0.0354,0.0354,0.0354,0.0354,0.0354,0.0354,0.0354,0.0354,0.0354,0.0354,0.0354,0.0354,0.0354,0.0354,0.0355,0.0355,0.0355,0.0355,0.0355,0.0355,0.0355,0.0355,0.0355,0.0355,0.0355,0.0355,0.0355,0.0356,0.0356,0.0356,0.0356,0.0356,0.0357,0.0358,0.036,0.0361,0.0362,0.0363,0.0364,0.0366,0.0366,0.0366,0.0365,0.0365,0.0364,0.0364,0.0364,0.0363,0.0363,0.0362,0.0362,0.0362,0.0361,0.0361,0.036,0.036,0.036,0.0359,0.0359,0.0358,0.0358,0.0358,0.0357,0.0357,0.0356,0.0356,0.0356,0.0355,0.0355,0.0354,0.0354,0.0354,0.0354,0.0354,0.0354,0.0354,0.0354,0.0353,0.0353,0.0353,0.0353,0.0353,0.0353,0.0353,0.0353,0.0353,0.0353,0.0353,0.0355,0.0357,0.036,0.0363,0.0367,0.0371,0.0376,0.0383,0.0391,0.0398,0.0404,0.0407,0.041,0.0412,4.0287,4.0169,4.0058,3.9948,3.9807,3.9588,3.8768,3.4128,3.2775,3.1724,3.082,2.9967,2.916,2.8539,2.843,2.8343,2.8255,2.8168,2.8083,2.7978,2.769,2.7118
0.6233,0.6224,0.6219,0.6253,0.6287,0.6322,0.6356,0.6392,0.6428,0.6464,0.65,0.6537,0.6638,0.6855,0.6983,0.8916,0.8814,0.8714,0.8622,0.8537,0.8503,0.8472,0.6366,0.6337,0.6308,0.628,0.6252,0.6227,0.8191,0.8155,0.812,0.8085,0.7768,0.7698,0.1744,0.0537,0.0497,0.0493,0.0489,0.0484,0.0481,0.0479,0.0476,0.0473,0.047,0.0467,0.0464,0.0462,0.0459,0.0457,0.0455,0.0453,0.0451,0.0449,0.0447,0.0445,0.0443,0.0441,0.0439,0.0436,0.0434,0.0432,0.043,0.0428,0.0426,0.0424,0.0422,0.042,0.0418,0.0417,0.0415,0.0414,0.0413,0.0412,0.0411,0.041,0.0409,0.0407,0.0406,0.0405,0.0404,0.0403,0.0402,0.0401,0.04,0.0399,0.0398,0.0397,0.0396,0.0395,0.0394,0.0393,0.0392,0.0391,0.039,0.0389,0.0388,0.0387,0.0386,0.0385,0.0385,0.0384,0.0382,0.0381,0.038,0.0379,0.0378,0.0376,0.0375,0.0374,0.0373,0.0372,0.037,0.0369,0.0368,0.0367,0.0366,0.0365,0.0364,0.0363,0.0361,0.036,0.0359,0.0358,0.0357,0.0356,0.0355,0.0354,0.0353,0.0353,0.0353,0.0353,0.0353,0.0353,0.0353,0.0353,0.0353,0.0353,0.0353,0.0353,0.0353,0.0353,0.0354,0.0354,0.0354,0.0354,0.0354,0.0354,0.0354,0.0354,0.0354,0.0354,0.0354,0.0354,0.0354,0.0354,0.0355,0.0355,0.0355,0.0355,0.0355,0.0355,0.0355,0.0356,0.0357,0.0358,0.0359,0.036,0.0361,0.0363,0.0364,0.0365,0.0366,0.0366,0.0366,0.0365,0.0365,0.0364,0.0364,0.0364,0.0363,0.0363,0.0362,0.0362,0.0362,0.0361,0.0361,0.036,0.036,0.036,0.0359,0.0359,0.0358,0.0358,0.0358,0.0357,0.0357,0.0356,0.0356,0.0356,0.0355,0.0355,0.0354,0.0354,0.0354,0.0353,0.0353,0.0353,0.0353,0.0353,0.0353,0.0353,0.0353,0.0353,0.0352,0.0352,0.0352,0.0352,0.0352,0.0352,0.0353,0.0355,0.0357,0.036,0.0364,0.0369,0.0374,0.0381,0.0389,0.0396,0.0402,0.0405,0.0408,0.0411,4.0217,4.0106,3.9996,3.9885,3.9738,3.9547,3.8728,3.7849,3.6904,3.2777,3.1111,3.0242,2.942,2.8642,2.8405,2.8317,2.823,2.8143,2.8056,2.7958,2.7812,2.7277
0.6218,0.6209,0.6213,0.6246,0.6281,0.6315,0.635,0.6385,0.6421,0.6457,0.6494,0.653,0.6715,0.6821,0.6955,0.8883,0.8782,0.8683,0.8593,0.851,0.8483,0.8473,0.635,0.6321,0.6292,0.6264,0.6236,0.8216,0.8181,0.8146,0.8111,0.8072,0.7749,0.7679,0.7611,0.0556,0.0497,0.0493,0.0488,0.0484,0.0481,0.0479,0.0476,0.0473,0.047,0.0467,0.0464,0.0462,0.0459,0.0457,0.0455,0.0453,0.0451,0.0449,0.0447,0.0445,0.0443,0.044,0.0438,0.0436,0.0434,0.0432,0.043,0.0428,0.0426,0.0423,0.0421,0.0419,0.0417,0.0416,0.0415,0.0414,0.0413,0.0411,0.041,0.0409,0.0408,0.0407,0.0406,0.0405,0.0404,0.0403,0.0402,0.0401,0.04,0.0399,0.0398,0.0397,0.0396,0.0395,0.0394,0.0393,0.0392,0.0391,0.039,0.0389,0.0388,0.0387,0.0386,0.0385,0.0384,0.0383,0.0382,0.0381,0.038,0.0378,0.0377,0.0376,0.0375,0.0374,0.0372,0.0371,0.037,0.0369,0.0368,0.0367,0.0366,0.0364,0.0363,0.0362,0.0361,0.036,0.0359,0.0358,0.0357,0.0356,0.0355,0.0354,0.0352,0.0352,0.0352,0.0352,0.0352,0.0352,0.0352,0.0352,0.0352,0.0352,0.0353,0.0353,0.0353,0.0353,0.0353,0.0353,0.0353,0.0353,0.0353,0.0353,0.0353,0.0353,0.0353,0.0353,0.0354,0.0354,0.0354,0.0354,0.0354,0.0354,0.0354,0.0354,0.0354,0.0354,0.0354,0.0355,0.0356,0.0357,0.0358,0.036,0.0361,0.0362,0.0363,0.0364,0.0366,0.0366,0.0366,0.0366,0.0365,0.0365,0.0364,0.0364,0.0364,0.0363,0.0363,0.0362,0.0362,0.0362,0.0361,0.0361,0.036,0.036,0.0359,0.0359,0.0359,0.0358,0.0358,0.0358,0.0357,0.0357,0.0356,0.0356,0.0356,0.0355,0.0355,0.0354,0.0354,0.0354,0.0353,0.0353,0.0352,0.0352,0.0352,0.0352,0.0352,0.0352,0.0352,0.0352,0.0352,0.0352,0.0352,0.0351,0.0351,0.0353,0.0355,0.0358,0.0362,0.0366,0.0372,0.0379,0.0386,0.0394,0.04,0.0403,0.0406,0.0409,0.0411,4.0002,3.9878,3.9755,3.9633,3.9396,3.8708,3.7876,3.6931,3.6033,3.5177,3.0912,2.9685,2.8893,2.8404,2.8275,2.8187,2.8098,2.8008,2.7918,2.7821,2.7438
0.6204,0.6194,0.6206,0.624,0.6274,0.6309,0.6344,0.6379,0.6414,0.645,0.6487,0.6524,0.6665,0.6793,0.6927,0.885,0.875,0.8654,0.8564,0.8482,0.8464,0.8456,0.6333,0.6305,0.6276,0.6248,0.622,0.8209,0.8174,0.8139,0.81,0.8051,0.773,0.7661,0.7593,0.0565,0.0497,0.0492,0.0488,0.0484,0.0481,0.0478,0.0476,0.0473,0.047,0.0467,0.0464,0.0462,0.0459,0.0457,0.0455,0.0453,0.0451,0.0449,0.0447,0.0445,0.0442,0.044,0.0438,0.0436,0.0434,0.0432,0.0429,0.0427,0.0425,0.0423,0.0421,0.0419,0.0417,0.0416,0.0415,0.0413,0.0412,0.0411,0.041,0.0409,0.0408,0.0407,0.0406,0.0405,0.0404,0.0402,0.0401,0.04,0.0399,0.0398,0.0397,0.0396,0.0395,0.0394,0.0393,0.0392,0.0391,0.039,0.0389,0.0388,0.0387,0.0386,0.0386,0.0385,0.0384,0.0383,0.0382,0.038,0.0379,0.0378,0.0377,0.0376,0.0374,0.0373,0.0372,0.0371,0.037,0.0369,0.0367,0.0366,0.0365,0.0364,0.0363,0.0362,0.0361,0.036,0.0359,0.0357,0.0356,0.0355,0.0354,0.0354,0.0353,0.0351,0.0351,0.0351,0.0351,0.0351,0.0351,0.0352,0.0352,0.0352,0.0352,0.0352,0.0352,0.0352,0.0352,0.0352,0.0352,0.0352,0.0352,0.0352,0.0353,0.0353,0.0353,0.0353,0.0353,0.0353,0.0353,0.0353,0.0353,0.0353,0.0353,0.0353,0.0353,0.0353,0.0354,0.0354,0.0356,0.0357,0.0358,0.0359,0.036,0.0361,0.0363,0.0364,0.0365,0.0366,0.0366,0.0366,0.0366,0.0365,0.0365,0.0364,0.0364,0.0363,0.0363,0.0363,0.0362,0.0362,0.0361,0.0361,0.0361,0.036,0.036,0.0359,0.0359,0.0359,0.0358,0.0358,0.0357,0.0357,0.0357,0.0356,0.0356,0.0355,0.0355,0.0355,0.0354,0.0354,0.0354,0.0353,0.0353,0.0352,0.0352,0.0352,0.0351,0.0351,0.0351,0.0351,0.0351,0.0351,0.0351,0.0351,0.0351,0.0351,0.0353,0.0355,0.0359,0.0363,0.037,0.0377,0.0384,0.0391,0.0398,0.0401,0.0404,0.0407,0.041,3.9029,3.8834,3.8641,3.8449,3.8275,3.8112,3.7771,3.7008,3.6098,3.5232,3.4407,3.3619,2.9272,2.8563,2.8276,2.8163,2.8075,2.7987,2.79,2.7815,2.7493
0.6189,0.6179,0.62,0.6234,0.6268,0.6302,0.6337,0.6372,0.6408,0.6444,0.648,0.6517,0.6642,0.6767,0.6899,0.8818,0.8718,0.8625,0.8536,0.8454,0.8445,0.8437,0.6317,0.6289,0.6261,0.6233,0.6205,0.8203,0.8168,0.8128,0.8081,0.8031,0.7711,0.7642,0.7575,0.7509,0.0496,0.0492,0.0488,0.0484,0.0481,0.0478,0.0476,0.0473,0.047,0.0467,0.0464,0.0462,0.0459,0.0457,0.0455,0.0453,0.0451,0.0449,0.0447,0.0444,0.0442,0.044,0.0438,0.0436,0.0433,0.0431,0.0429,0.0427,0.0425,0.0423,0.0421,0.0419,0.0417,0.0415,0.0414,0.0413,0.0412,0.0411,0.041,0.0408,0.0407,0.0406,0.0405,0.0404,0.0403,0.0402,0.0401,0.04,0.0399,0.0398,0.0397,0.0396,0.0395,0.0394,0.0393,0.0392,0.0391,0.039,0.0389,0.0388,0.0387,0.0386,0.0385,0.0384,0.0383,0.0382,0.0381,0.038,0.0379,0.0378,0.0376,0.0375,0.0374,0.0373,0.0372,0.037,0.0369,0.0368,0.0367,0.0366,0.0365,0.0364,0.0363,0.0361,0.036,0.0359,0.0358,0.0358,0.0357,0.0356,0.0355,0.0354,0.0353,0.0352,0.035,0.0351,0.0351,0.0351,0.0351,0.0351,0.0351,0.0351,0.0351,0.0351,0.0351,0.0351,0.0351,0.0351,0.0351,0.0352,0.0352,0.0352,0.0352,0.0352,0.0352,0.0352,0.0352,0.0352,0.0352,0.0352,0.0352,0.0352,0.0353,0.0353,0.0353,0.0353,0.0353,0.0354,0.0355,0.0356,0.0357,0.0358,0.036,0.0361,0.0362,0.0363,0.0364,0.0366,0.0367,0.0366,0.0366,0.0365,0.0365,0.0365,0.0364,0.0364,0.0363,0.0363,0.0363,0.0362,0.0362,0.0361,0.0361,0.0361,0.036,0.036,0.0359,0.0359,0.0359,0.0358,0.0358,0.0357,0.0357,0.0357,0.0356,0.0356,0.0355,0.0355,0.0355,0.0354,0.0354,0.0353,0.0353,0.0353,0.0352,0.0352,0.0352,0.0351,0.0351,0.035,0.035,0.035,0.035,0.035,0.035,0.035,0.035,0.0353,0.0356,0.0362,0.0368,0.0375,0.0382,0.0389,0.0397,0.0399,0.0402,0.0405,0.0408,0.0411,0.0464,3.7183,3.7017,3.6864,3.6714,3.6563,3.6414,3.6022,3.5339,3.4509,3.3717,3.2945,2.9542,2.8346,2.8165,2.8077,2.799,2.7904,2.7819,2.7618
0.6175,0.6164,0.6194,0.6228,0.6262,0.6296,0.6331,0.6366,0.6401,0.6432,0.647,0.6515,0.6633,0.674,0.6871,0.8785,0.8686,0.8596,0.8508,0.8435,0.8426,0.8418,0.6302,0.6273,0.6245,0.6217,0.619,0.8351,0.8156,0.811,0.806,0.8009,0.7692,0.7624,0.7557,0.7491,0.0496,0.0492,0.0488,0.0484,0.0481,0.0478,0.0475,0.0473,0.047,0.0467,0.0464,0.0461,0.0459,0.0456,0.0454,0.0452,0.0451,0.0449,0.0446,0.0444,0.0442,0.044,0.0437,0.0435,0.0433,0.0431,0.0429,0.0427,0.0425,0.0423,0.0421,0.0419,0.0417,0.0415,0.0414,0.0412,0.0411,0.041,0.0409,0.0408,0.0407,0.0406,0.0405,0.0404,0.0403,0.0402,0.0401,0.04,0.0399,0.0398,0.0397,0.0396,0.0395,0.0394,0.0393,0.0392,0.0391,0.039,0.0389,0.0388,0.0387,0.0386,0.0385,0.0384,0.0383,0.0382,0.0381,0.038,0.0378,0.0377,0.0376,0.0375,0.0374,0.0372,0.0371,0.037,0.0369,0.0368,0.0367,0.0366,0.0364,0.0363,0.0362,0.0362,0.0361,0.036,0.0359,0.0358,0.0357,0.0356,0.0355,0.0354,0.0353,0.0352,0.035,0.035,0.035,0.035,0.035,0.035,0.035,0.035,0.035,0.035,0.035,0.0351,0.0351,0.0351,0.0351,0.0351,0.0351,0.0351,0.0351,0.0351,0.0351,0.0351,0.0351,0.0351,0.0351,0.0352,0.0352,0.0352,0.0352,0.0352,0.0352,0.0352,0.0352,0.0353,0.0354,0.0355,0.0357,0.0358,0.0359,0.036,0.0361,0.0363,0.0364,0.0365,0.0366,0.0367,0.0366,0.0366,0.0365,0.0365,0.0365,0.0364,0.0364,0.0363,0.0363,0.0363,0.0362,0.0362,0.0361,0.0361,0.0361,0.036,0.036,0.0359,0.0359,0.0359,0.0358,0.0358,0.0357,0.0357,0.0357,0.0356,0.0356,0.0355,0.0355,0.0355,0.0354,0.0354,0.0353,0.0353,0.0353,0.0352,0.0352,0.0351,0.0351,0.0351,0.035,0.035,0.035,0.035,0.0349,0.0349,0.0349,0.035,0.0354,0.036,0.0366,0.0373,0.038,0.0387,0.0394,0.0397,0.04,0.0403,0.0406,0.0409,0.0411,0.0461,3.5697,3.5554,3.5414,3.5274,3.5135,3.4986,3.4823,3.4419,3.3815,3.3054,3.2267,3.1519,2.8357,2.808,2.7993,2.7907,2.7822,2.7737
0.6160,0.6155,0.6188,0.6221,0.6255,0.629,0.6324,0.6354,0.6385,0.6424,0.6465,0.6535,0.6623,0.6713,0.6843,0.8753,0.8657,0.8567,0.848,0.8416,0.8407,0.8399,0.6286,0.6257,0.6229,0.6202,0.6174,0.8169,0.8138,0.809,0.804,0.7952,0.7673,0.7605,0.7539,0.7473,0.0496,0.0492,0.0487,0.0484,0.0481,0.0478,0.0475,0.0473,0.047,0.0467,0.0464,0.0461,0.0459,0.0456,0.0454,0.0452,0.045,0.0448,0.0446,0.0444,0.0442,0.0439,0.0437,0.0435,0.0433,0.0431,0.0429,0.0427,0.0425,0.0423,0.042,0.0418,0.0417,0.0415,0.0413,0.0412,0.0411,0.041,0.0409,0.0408,0.0407,0.0406,0.0404,0.0403,0.0402,0.0401,0.04,0.0399,0.0398,0.0397,0.0396,0.0395,0.0394,0.0393,0.0392,0.0391,0.039,0.0389,0.0388,0.0387,0.0386,0.0385,0.0384,0.0383,0.0383,0.0382,0.038,0.0379,0.0378,0.0377,0.0376,0.0374,0.0373,0.0372,0.0371,0.037,0.0369,0.0368,0.0367,0.0366,0.0365,0.0364,0.0363,0.0362,0.0361,0.036,0.0359,0.0358,0.0357,0.0356,0.0356,0.0355,0.0354,0.0352,0.0351,0.0349,0.0349,0.0349,0.0349,0.0349,0.0349,0.035,0.035,0.035,0.035,0.035,0.035,0.035,0.035,0.035,0.035,0.035,0.035,0.035,0.035,0.0351,0.0351,0.0351,0.0351,0.0351,0.0351,0.0351,0.0351,0.0351,0.0351,0.0351,0.0351,0.0353,0.0354,0.0355,0.0356,0.0357,0.0358,0.036,0.0361,0.0362,0.0363,0.0364,0.0366,0.0367,0.0367,0.0366,0.0366,0.0365,0.0365,0.0365,0.0364,0.0364,0.0363,0.0363,0.0362,0.0362,0.0362,0.0361,0.0361,0.036,0.036,0.036,0.0359,0.0359,0.0358,0.0358,0.0358,0.0357,0.0357,0.0356,0.0356,0.0356,0.0355,0.0355,0.0355,0.0354,0.0354,0.0353,0.0353,0.0353,0.0352,0.0352,0.0351,0.0351,0.0351,0.035,0.035,0.035,0.0349,0.0349,0.0349,0.0349,0.0351,0.0358,0.0364,0.0371,0.0378,0.0385,0.0392,0.0396,0.0398,0.0401,0.0404,0.0407,0.041,0.0442,0.0458,3.4334,3.4194,3.4038,3.3884,3.3731,3.3579,3.3429,3.329,3.2927,3.2401,3.1657,3.0943,3.026,2.9635,2.9042,2.815,2.7876
0.6146,0.6149,0.6182,0.6215,0.6249,0.6279,0.6309,0.6339,0.6378,0.6419,0.6461,0.653,0.6613,0.6698,0.6816,0.8721,0.8628,0.8539,0.8452,0.8397,0.8389,0.838,0.627,0.6242,0.6214,0.6186,0.6134,0.8153,0.812,0.807,0.802,0.7895,0.7655,0.7587,0.7521,0.7456,0.0496,0.0491,0.0487,0.0484,0.0481,0.0478,0.0475,0.0473,0.047,0.0467,0.0464,0.0461,0.0459,0.0456,0.0454,0.0452,0.045,0.0448,0.0446,0.0444,0.0441,0.0439,0.0437,0.0435,0.0433,0.0431,0.0428,0.0426,0.0424,0.0422,0.042,0.0418,0.0416,0.0414,0.0413,0.0412,0.041,0.0409,0.0408,0.0407,0.0406,0.0405,0.0404,0.0403,0.0402,0.0401,0.04,0.0399,0.0398,0.0397,0.0396,0.0395,0.0394,0.0393,0.0392,0.0391,0.039,0.0389,0.0388,0.0387,0.0386,0.0385,0.0384,0.0383,0.0382,0.0381,0.038,0.0379,0.0378,0.0376,0.0375,0.0374,0.0373,0.0372,0.0371,0.037,0.0369,0.0368,0.0367,0.0366,0.0365,0.0364,0.0363,0.0362,0.0361,0.036,0.0359,0.0359,0.0358,0.0357,0.0356,0.0355,0.0354,0.0353,0.0351,0.0349,0.0348,0.0349,0.0349,0.0349,0.0349,0.0349,0.0349,0.0349,0.0349,0.0349,0.0349,0.0349,0.0349,0.0349,0.0349,0.035,0.035,0.035,0.035,0.035,0.035,0.035,0.035,0.035,0.035,0.035,0.035,0.035,0.035,0.0351,0.0351,0.0352,0.0353,0.0354,0.0355,0.0357,0.0358,0.0359,0.036,0.0361,0.0363,0.0364,0.0365,0.0366,0.0367,0.0367,0.0366,0.0366,0.0365,0.0365,0.0364,0.0364,0.0364,0.0363,0.0363,0.0362,0.0362,0.0362,0.0361,0.0361,0.036,0.036,0.036,0.0359,0.0359,0.0358,0.0358,0.0358,0.0357,0.0357,0.0356,0.0356,0.0356,0.0355,0.0355,0.0354,0.0354,0.0354,0.0353,0.0353,0.0353,0.0352,0.0352,0.0351,0.0351,0.0351,0.035,0.035,0.0349,0.0349,0.0349,0.0348,0.035,0.0356,0.0362,0.0369,0.0375,0.0383,0.039,0.0394,0.0397,0.0399,0.0402,0.0405,0.0408,0.041,0.044,0.0455,3.2994,3.2849,3.2705,3.2562,3.2421,3.2281,3.2142,3.2004,3.1893,3.1557,3.1069,3.0387,2.9728,2.9119,2.8546,2.7996
0.6131,0.6143,0.6176,0.6205,0.6234,0.6264,0.6293,0.6333,0.6373,0.6413,0.6453,0.6522,0.6604,0.6688,0.6789,0.8689,0.8599,0.8511,0.8425,0.8378,0.837,0.836,0.6254,0.6226,0.606,0.6091,0.6122,0.8138,0.8099,0.8049,0.8,0.784,0.7636,0.7569,0.7503,0.7438,0.0495,0.0491,0.0487,0.0484,0.0481,0.0478,0.0475,0.0472,0.047,0.0467,0.0464,0.0461,0.0459,0.0456,0.0454,0.0452,0.045,0.0448,0.0446,0.0443,0.0441,0.0439,0.0437,0.0435,0.0432,0.043,0.0428,0.0426,0.0424,0.0422,0.042,0.0418,0.0416,0.0414,0.0412,0.0411,0.041,0.0409,0.0408,0.0407,0.0406,0.0405,0.0404,0.0403,0.0402,0.0401,0.04,0.0398,0.0397,0.0396,0.0395,0.0394,0.0393,0.0392,0.0391,0.039,0.0389,0.0389,0.0388,0.0387,0.0386,0.0385,0.0384,0.0383,0.0382,0.0381,0.038,0.0378,0.0377,0.0376,0.0375,0.0374,0.0373,0.0372,0.0371,0.037,0.0369,0.0368,0.0367,0.0366,0.0365,0.0364,0.0364,0.0363,0.0362,0.0361,0.036,0.0359,0.0358,0.0357,0.0356,0.0355,0.0354,0.0353,0.0351,0.035,0.0348,0.0348,0.0348,0.0348,0.0348,0.0348,0.0348,0.0348,0.0348,0.0348,0.0348,0.0349,0.0349,0.0349,0.0349,0.0349,0.0349,0.0349,0.0349,0.0349,0.0349,0.0349,0.0349,0.0349,0.0349,0.035,0.035,0.035,0.035,0.035,0.035,0.0351,0.0353,0.0354,0.0355,0.0356,0.0357,0.0358,0.036,0.0361,0.0362,0.0363,0.0364,0.0366,0.0367,0.0367,0.0366,0.0366,0.0366,0.0365,0.0365,0.0364,0.0364,0.0364,0.0363,0.0363,0.0362,0.0362,0.0362,0.0361,0.0361,0.036,0.036,0.036,0.0359,0.0359,0.0358,0.0358,0.0358,0.0357,0.0357,0.0356,0.0356,0.0356,0.0355,0.0355,0.0354,0.0354,0.0354,0.0353,0.0353,0.0352,0.0352,0.0352,0.0351,0.0351,0.0351,0.035,0.035,0.0349,0.0349,0.0349,0.0349,0.0354,0.036,0.0367,0.0373,0.038,0.0388,0.0392,0.0395,0.0397,0.04,0.0403,0.0406,0.0409,0.0423,0.0437,0.0452,3.174,3.1605,3.1473,3.134,3.121,3.108,3.0951,3.0823,3.0707,3.0608,3.0298,2.9841,2.9215,2.8621,2.8067
0.6117,0.6134,0.6163,0.6192,0.6222,0.6252,0.6285,0.6322,0.6362,0.6402,0.6442,0.6512,0.6594,0.6678,0.6765,0.866,0.8571,0.8483,0.8398,0.836,0.8351,0.6267,0.6239,0.6018,0.6049,0.608,0.6111,0.8127,0.8079,0.8029,0.798,0.7805,0.7618,0.7551,0.7485,0.742,0.0523,0.0491,0.0487,0.0484,0.0481,0.0478,0.0475,0.0472,0.047,0.0467,0.0464,0.0461,0.0459,0.0456,0.0454,0.0452,0.045,0.0447,0.0445,0.0443,0.0441,0.0439,0.0436,0.0434,0.0432,0.043,0.0428,0.0426,0.0424,0.0422,0.042,0.0418,0.0416,0.0414,0.0412,0.0411,0.041,0.0409,0.0408,0.0406,0.0405,0.0404,0.0403,0.0402,0.0401,0.04,0.0399,0.0398,0.0397,0.0396,0.0395,0.0394,0.0393,0.0392,0.0391,0.039,0.0389,0.0388,0.0387,0.0386,0.0385,0.0384,0.0383,0.0382,0.0381,0.0381,0.0379,0.0378,0.0377,0.0376,0.0375,0.0374,0.0373,0.0372,0.0372,0.0371,0.037,0.0369,0.0368,0.0367,0.0366,0.0365,0.0364,0.0363,0.0362,0.0361,0.036,0.0359,0.0358,0.0357,0.0357,0.0356,0.0355,0.0353,0.0351,0.035,0.0348,0.0347,0.0347,0.0347,0.0347,0.0347,0.0347,0.0348,0.0348,0.0348,0.0348,0.0348,0.0348,0.0348,0.0348,0.0348,0.0348,0.0348,0.0348,0.0348,0.0348,0.0349,0.0349,0.0349,0.0349,0.0349,0.0349,0.0349,0.0349,0.0349,0.035,0.0351,0.0352,0.0353,0.0354,0.0355,0.0357,0.0358,0.0359,0.036,0.0361,0.0363,0.0364,0.0365,0.0366,0.0367,0.0367,0.0366,0.0366,0.0366,0.0365,0.0365,0.0364,0.0364,0.0364,0.0363,0.0363,0.0362,0.0362,0.0361,0.0361,0.0361,0.036,0.036,0.0359,0.0359,0.0359,0.0358,0.0358,0.0357,0.0357,0.0357,0.0356,0.0356,0.0356,0.0355,0.0355,0.0354,0.0354,0.0354,0.0353,0.0353,0.0352,0.0352,0.0352,0.0351,0.0351,0.035,0.035,0.035,0.035,0.035,0.035,0.0352,0.0358,0.0365,0.0371,0.0378,0.0385,0.039,0.0393,0.0396,0.0398,0.0401,0.0404,0.0407,0.041,0.0421,0.0435,0.0449,3.0505,3.039,3.0276,3.0162,3.005,2.9938,2.9827,2.9717,2.9608,2.9514,2.9423,2.9132,2.8707,2.814
0.6103,0.6124,0.6153,0.6182,0.6212,0.6242,0.6275,0.6317,0.6351,0.6391,0.6431,0.6503,0.6585,0.6669,0.6755,0.8631,0.8542,0.8455,0.8371,0.8341,0.8333,0.6251,0.5977,0.6007,0.6037,0.6068,0.6099,0.8099,0.8058,0.8009,0.796,0.7772,0.7599,0.7533,0.7467,0.7403,0.734,0.0491,0.0487,0.0484,0.0481,0.0478,0.0475,0.0472,0.047,0.0467,0.0464,0.0461,0.0459,0.0456,0.0453,0.0451,0.045,0.0447,0.0445,0.0443,0.0441,0.0438,0.0436,0.0434,0.0432,0.043,0.0428,0.0426,0.0424,0.0422,0.042,0.0418,0.0416,0.0414,0.0412,0.041,0.0409,0.0408,0.0407,0.0406,0.0405,0.0404,0.0403,0.0402,0.0401,0.04,0.0399,0.0398,0.0397,0.0396,0.0395,0.0394,0.0393,0.0392,0.0391,0.039,0.0389,0.0388,0.0387,0.0386,0.0385,0.0384,0.0383,0.0382,0.0381,0.0381,0.038,0.0379,0.0378,0.0377,0.0376,0.0375,0.0374,0.0373,0.0372,0.0371,0.037,0.0369,0.0368,0.0367,0.0366,0.0365,0.0364,0.0363,0.0362,0.0361,0.036,0.036,0.0359,0.0358,0.0357,0.0356,0.0355,0.0353,0.0352,0.035,0.0349,0.0347,0.0347,0.0347,0.0347,0.0347,0.0347,0.0347,0.0347,0.0347,0.0347,0.0347,0.0347,0.0347,0.0347,0.0347,0.0347,0.0348,0.0348,0.0348,0.0348,0.0348,0.0348,0.0348,0.0348,0.0348,0.0348,0.0348,0.0348,0.0348,0.0349,0.035,0.0351,0.0353,0.0354,0.0355,0.0356,0.0357,0.0358,0.036,0.0361,0.0362,0.0363,0.0364,0.0366,0.0367,0.0367,0.0367,0.0366,0.0366,0.0365,0.0365,0.0365,0.0364,0.0364,0.0363,0.0363,0.0363,0.0362,0.0362,0.0361,0.0361,0.0361,0.036,0.036,0.0359,0.0359,0.0359,0.0358,0.0358,0.0357,0.0357,0.0357,0.0356,0.0356,0.0355,0.0355,0.0355,0.0354,0.0354,0.0353,0.0353,0.0353,0.0352,0.0352,0.0352,0.0351,0.0351,0.0351,0.0351,0.0351,0.0351,0.0351,0.0351,0.0356,0.0363,0.0369,0.0376,0.0383,0.0389,0.0391,0.0394,0.0397,0.0399,0.0402,0.0405,0.0407,0.0408,0.0418,0.0432,0.0447,2.9462,2.9357,2.9252,2.9147,2.9044,2.8941,2.8839,2.8738,2.8637,2.8532,2.8429,2.8326,2.8051
0.6089,0.6114,0.6143,0.6172,0.6201,0.6231,0.6266,0.6311,0.6346,0.6381,0.642,0.6494,0.6575,0.6659,0.6745,0.8602,0.8514,0.8427,0.8344,0.8323,0.8314,0.5936,0.5966,0.5995,0.6026,0.6056,0.6087,0.8074,0.8037,0.7989,0.794,0.774,0.7581,0.7515,0.745,0.7386,0.7323,0.049,0.0487,0.0484,0.0481,0.0478,0.0475,0.0472,0.047,0.0467,0.0464,0.0461,0.0459,0.0456,0.0453,0.0451,0.0449,0.0447,0.0445,0.0442,0.044,0.0438,0.0436,0.0434,0.0432,0.043,0.0427,0.0425,0.0423,0.0421,0.0419,0.0417,0.0415,0.0413,0.0411,0.041,0.0409,0.0408,0.0407,0.0406,0.0405,0.0404,0.0402,0.0401,0.04,0.0399,0.0398,0.0397,0.0396,0.0395,0.0394,0.0393,0.0392,0.0391,0.039,0.0389,0.0388,0.0387,0.0386,0.0385,0.0384,0.0384,0.0383,0.0382,0.0381,0.0381,0.038,0.0379,0.0378,0.0377,0.0376,0.0375,0.0374,0.0373,0.0372,0.0371,0.037,0.0369,0.0368,0.0367,0.0366,0.0366,0.0365,0.0364,0.0363,0.0362,0.0361,0.036,0.0359,0.0358,0.0357,0.0356,0.0355,0.0354,0.0352,0.035,0.0349,0.0347,0.0346,0.0346,0.0346,0.0346,0.0346,0.0346,0.0346,0.0346,0.0346,0.0346,0.0347,0.0347,0.0347,0.0347,0.0347,0.0347,0.0347,0.0347,0.0347,0.0347,0.0347,0.0347,0.0347,0.0347,0.0348,0.0348,0.0348,0.0348,0.0349,0.035,0.0351,0.0352,0.0353,0.0354,0.0355,0.0357,0.0358,0.0359,0.036,0.0361,0.0362,0.0364,0.0365,0.0366,0.0367,0.0367,0.0367,0.0366,0.0366,0.0365,0.0365,0.0365,0.0364,0.0364,0.0363,0.0363,0.0363,0.0362,0.0362,0.0361,0.0361,0.0361,0.036,0.036,0.0359,0.0359,0.0359,0.0358,0.0358,0.0357,0.0357,0.0357,0.0356,0.0356,0.0355,0.0355,0.0355,0.0354,0.0354,0.0353,0.0353,0.0353,0.0352,0.0352,0.0352,0.0352,0.0352,0.0352,0.0352,0.0352,0.0352,0.0352,0.0354,0.0361,0.0367,0.0374,0.0381,0.0387,0.0389,0.0392,0.0395,0.0397,0.04,0.0403,0.0405,0.0406,0.0407,0.0416,0.043,0.0444,2.8502,2.8403,2.8304,2.8207,2.811,2.8014,2.7918,2.7823,2.7728,2.763,2.7533,2.7436
0.6075,0.6104,0.6133,0.6162,0.6191,0.6219,0.6256,0.6302,0.6342,0.6376,0.6411,0.649,0.6574,0.666,0.6748,0.8574,0.8486,0.84,0.8317,0.8304,0.5911,0.5922,0.5954,0.5984,0.6014,0.6045,0.6076,0.805,0.8015,0.7969,0.792,0.7707,0.7563,0.7497,0.7432,0.7368,0.7306,0.049,0.0487,0.0484,0.0481,0.0478,0.0475,0.0472,0.0469,0.0467,0.0464,0.0461,0.0458,0.0456,0.0453,0.0451,0.0449,0.0447,0.0444,0.0442,0.044,0.0438,0.0436,0.0433,0.0431,0.0429,0.0427,0.0425,0.0423,0.0421,0.0419,0.0417,0.0415,0.0413,0.0412,0.0409,0.0408,0.0407,0.0406,0.0405,0.0404,0.0403,0.0402,0.0401,0.04,0.0399,0.0398,0.0397,0.0396,0.0395,0.0394,0.0393,0.0392,0.0391,0.039,0.0389,0.0388,0.0387,0.0386,0.0385,0.0384,0.0383,0.0382,0.0381,0.0381,0.0381,0.0381,0.038,0.0379,0.0378,0.0377,0.0376,0.0375,0.0374,0.0373,0.0372,0.0371,0.037,0.0369,0.0368,0.0367,0.0366,0.0365,0.0364,0.0363,0.0362,0.0361,0.036,0.0359,0.0358,0.0358,0.0357,0.0356,0.0354,0.0352,0.0351,0.0349,0.0347,0.0346,0.0345,0.0345,0.0345,0.0345,0.0345,0.0346,0.0346,0.0346,0.0346,0.0346,0.0346,0.0346,0.0346,0.0346,0.0346,0.0346,0.0346,0.0346,0.0346,0.0347,0.0347,0.0347,0.0347,0.0347,0.0347,0.0347,0.0347,0.0348,0.0349,0.035,0.0351,0.0353,0.0354,0.0355,0.0356,0.0357,0.0358,0.036,0.0361,0.0362,0.0363,0.0364,0.0366,0.0367,0.0367,0.0367,0.0367,0.0366,0.0366,0.0365,0.0365,0.0365,0.0364,0.0364,0.0363,0.0363,0.0362,0.0362,0.0362,0.0361,0.0361,0.036,0.036,0.036,0.0359,0.0359,0.0358,0.0358,0.0358,0.0357,0.0357,0.0356,0.0356,0.0356,0.0355,0.0355,0.0355,0.0354,0.0354,0.0353,0.0353,0.0353,0.0353,0.0353,0.0353,0.0353,0.0353,0.0353,0.0353,0.0353,0.0353,0.0353,0.0359,0.0365,0.0372,0.0379,0.0385,0.0388,0.039,0.0393,0.0396,0.0398,0.0401,0.0402,0.0403,0.0405,0.0405,0.0413,0.0427,0.0441,2.7602,2.7509,2.7417,2.7326,2.7234,2.7144,2.7054,2.6965,2.6874,2.6783,2.6691
0.6065,0.6094,0.6123,0.6152,0.6181,0.6208,0.6246,0.6292,0.6338,0.6372,0.6412,0.6494,0.6578,0.6663,0.6748,0.8545,0.8458,0.8372,0.8294,0.8286,0.5898,0.5906,0.5939,0.5972,0.6003,0.6033,0.8084,0.8084,0.7993,0.7948,0.7901,0.7675,0.7545,0.7479,0.7415,0.7351,0.7289,0.049,0.0487,0.0484,0.0481,0.0478,0.0475,0.0472,0.0469,0.0467,0.0464,0.0461,0.0458,0.0456,0.0453,0.0451,0.0449,0.0446,0.0444,0.0442,0.044,0.0438,0.0435,0.0433,0.0431,0.0429,0.0427,0.0425,0.0423,0.0421,0.0419,0.0418,0.0416,0.0414,0.0412,0.0409,0.0408,0.0407,0.0406,0.0405,0.0404,0.0403,0.0402,0.0401,0.04,0.0398,0.0397,0.0396,0.0395,0.0394,0.0393,0.0392,0.0391,0.039,0.0389,0.0388,0.0387,0.0387,0.0386,0.0385,0.0384,0.0383,0.0382,0.0381,0.0381,0.0381,0.0381,0.038,0.0379,0.0378,0.0377,0.0376,0.0375,0.0374,0.0373,0.0372,0.0371,0.037,0.0369,0.0368,0.0367,0.0366,0.0365,0.0364,0.0363,0.0362,0.0362,0.0361,0.036,0.0359,0.0358,0.0357,0.0356,0.0354,0.0353,0.0351,0.0349,0.0348,0.0346,0.0345,0.0345,0.0345,0.0345,0.0345,0.0345,0.0345,0.0345,0.0345,0.0345,0.0345,0.0345,0.0345,0.0345,0.0345,0.0346,0.0346,0.0346,0.0346,0.0346,0.0346,0.0346,0.0346,0.0346,0.0346,0.0346,0.0346,0.0348,0.0349,0.035,0.0351,0.0352,0.0353,0.0354,0.0355,0.0357,0.0358,0.0359,0.036,0.0361,0.0362,0.0364,0.0365,0.0366,0.0367,0.0367,0.0367,0.0367,0.0366,0.0366,0.0365,0.0365,0.0364,0.0364,0.0364,0.0363,0.0363,0.0362,0.0362,0.0362,0.0361,0.0361,0.036,0.036,0.036,0.0359,0.0359,0.0358,0.0358,0.0358,0.0357,0.0357,0.0356,0.0356,0.0356,0.0355,0.0355,0.0354,0.0354,0.0354,0.0354,0.0354,0.0354,0.0354,0.0354,0.0354,0.0354,0.0354,0.0354,0.0354,0.0354,0.0354,0.0357,0.0363,0.037,0.0377,0.0383,0.0386,0.0389,0.0391,0.0394,0.0396,0.0399,0.04,0.0401,0.0402,0.0403,0.0404,0.0408,0.0425,0.0439,2.6757,2.667,2.6584,2.6497,2.6412,2.6327,2.6243,2.6159,2.6072,2.5986
0.6055,0.6084,0.6113,0.6142,0.617,0.6196,0.6237,0.6282,0.6328,0.6367,0.6416,0.6498,0.6581,0.6664,0.6749,0.8517,0.843,0.8345,0.8276,0.5903,0.5884,0.5889,0.5922,0.5956,0.5989,0.6022,0.809,0.81,0.797,0.7927,0.7881,0.7643,0.7527,0.7462,0.7397,0.7334,0.7272,0.049,0.0487,0.0484,0.0481,0.0478,0.0475,0.0472,0.0469,0.0467,0.0464,0.0461,0.0458,0.0456,0.0453,0.0451,0.0448,0.0446,0.0444,0.0442,0.044,0.0437,0.0435,0.0433,0.0431,0.0429,0.0428,0.0426,0.0424,0.0422,0.042,0.0418,0.0416,0.0414,0.0413,0.0409,0.0407,0.0406,0.0405,0.0404,0.0403,0.0402,0.0401,0.04,0.0399,0.0398,0.0397,0.0396,0.0395,0.0394,0.0393,0.0392,0.0391,0.039,0.0389,0.0388,0.0387,0.0386,0.0385,0.0384,0.0383,0.0382,0.0381,0.0381,0.0381,0.0381,0.0381,0.038,0.0379,0.0378,0.0377,0.0376,0.0375,0.0374,0.0373,0.0372,0.0371,0.037,0.0369,0.0368,0.0368,0.0367,0.0366,0.0365,0.0364,0.0363,0.0362,0.0361,0.036,0.0359,0.0358,0.0357,0.0356,0.0354,0.0353,0.0351,0.035,0.0348,0.0346,0.0345,0.0344,0.0344,0.0344,0.0344,0.0344,0.0344,0.0344,0.0344,0.0344,0.0344,0.0345,0.0345,0.0345,0.0345,0.0345,0.0345,0.0345,0.0345,0.0345,0.0345,0.0345,0.0345,0.0345,0.0345,0.0346,0.0346,0.0347,0.0348,0.0349,0.035,0.0351,0.0353,0.0354,0.0355,0.0356,0.0357,0.0358,0.0359,0.0361,0.0362,0.0363,0.0364,0.0365,0.0367,0.0368,0.0367,0.0367,0.0366,0.0366,0.0366,0.0365,0.0365,0.0364,0.0364,0.0364,0.0363,0.0363,0.0362,0.0362,0.0362,0.0361,0.0361,0.036,0.036,0.036,0.0359,0.0359,0.0358,0.0358,0.0358,0.0357,0.0357,0.0356,0.0356,0.0356,0.0355,0.0355,0.0354,0.0355,0.0355,0.0355,0.0355,0.0355,0.0355,0.0355,0.0355,0.0355,0.0355,0.0355,0.0355,0.0355,0.0355,0.0361,0.0368,0.0375,0.0382,0.0384,0.0387,0.0389,0.0392,0.0395,0.0396,0.0398,0.0399,0.04,0.0401,0.0402,0.0402,0.0404,0.0422,0.0436,2.5963,2.5881,2.5799,2.5718,2.5637,2.5557,2.5478,2.5399,2.5317
0.6046,0.6074,0.6103,0.6131,0.6159,0.6185,0.6228,0.6273,0.6319,0.6363,0.642,0.6501,0.6582,0.6665,0.8577,0.8489,0.8403,0.8318,0.5909,0.589,0.587,0.5873,0.5906,0.5939,0.5973,0.6006,0.604,0.8116,0.8126,0.7906,0.7861,0.7611,0.7509,0.7444,0.738,0.7317,0.7256,0.0489,0.0486,0.0483,0.048,0.0478,0.0475,0.0472,0.0469,0.0466,0.0464,0.0461,0.0458,0.0456,0.0453,0.0451,0.0448,0.0446,0.0444,0.0442,0.044,0.0438,0.0436,0.0434,0.0432,0.043,0.0428,0.0426,0.0424,0.0422,0.042,0.0419,0.0417,0.0415,0.0413,0.0409,0.0407,0.0406,0.0405,0.0404,0.0403,0.0402,0.0401,0.04,0.0399,0.0398,0.0397,0.0396,0.0395,0.0394,0.0393,0.0392,0.0391,0.039,0.0389,0.0388,0.0387,0.0386,0.0385,0.0384,0.0383,0.0382,0.0381,0.0381,0.0381,0.0381,0.038,0.038,0.038,0.0379,0.0378,0.0377,0.0376,0.0375,0.0374,0.0373,0.0372,0.0371,0.037,0.0369,0.0368,0.0367,0.0366,0.0365,0.0364,0.0363,0.0362,0.0361,0.036,0.0359,0.0359,0.0358,0.0356,0.0355,0.0353,0.0351,0.035,0.0348,0.0347,0.0345,0.0344,0.0343,0.0343,0.0343,0.0343,0.0344,0.0344,0.0344,0.0344,0.0344,0.0344,0.0344,0.0344,0.0344,0.0344,0.0344,0.0344,0.0344,0.0344,0.0344,0.0345,0.0345,0.0345,0.0345,0.0345,0.0345,0.0346,0.0347,0.0349,0.035,0.0351,0.0352,0.0353,0.0354,0.0355,0.0357,0.0358,0.0359,0.036,0.0361,0.0362,0.0364,0.0365,0.0366,0.0367,0.0368,0.0367,0.0367,0.0366,0.0366,0.0366,0.0365,0.0365,0.0364,0.0364,0.0364,0.0363,0.0363,0.0362,0.0362,0.0361,0.0361,0.0361,0.036,0.036,0.0359,0.0359,0.0359,0.0358,0.0358,0.0357,0.0357,0.0357,0.0356,0.0356,0.0356,0.0355,0.0355,0.0355,0.0355,0.0356,0.0356,0.0356,0.0356,0.0356,0.0356,0.0356,0.0356,0.0356,0.0356,0.0356,0.0356,0.0359,0.0366,0.0373,0.038,0.0383,0.0385,0.0388,0.039,0.0393,0.0394,0.0395,0.0396,0.0397,0.0398,0.0399,0.04,0.0401,0.0402,0.0419,0.0434,2.5214,2.5137,2.506,2.4983,2.4907,2.4831,2.4756,2.4681
0.6036,0.6064,0.6093,0.6121,0.6147,0.6174,0.6218,0.6263,0.6309,0.6355,0.6423,0.6502,0.6583,0.6665,0.8548,0.8461,0.8375,0.5915,0.5896,0.5876,0.5857,0.5857,0.589,0.5923,0.5956,0.5989,0.6023,0.6056,0.7901,0.7855,0.7837,0.758,0.7491,0.7427,0.7363,0.73,0.7239,0.0488,0.0485,0.0482,0.048,0.0477,0.0474,0.0471,0.0468,0.0465,0.0463,0.046,0.0457,0.0455,0.0452,0.0451,0.0449,0.0447,0.0445,0.0443,0.0441,0.0439,0.0436,0.0434,0.0432,0.0431,0.0429,0.0427,0.0425,0.0423,0.0421,0.0419,0.0417,0.0415,0.0413,0.041,0.0407,0.0405,0.0404,0.0403,0.0402,0.0401,0.04,0.0399,0.0398,0.0397,0.0396,0.0395,0.0394,0.0393,0.0392,0.0391,0.039,0.0389,0.0388,0.0387,0.0386,0.0385,0.0384,0.0383,0.0382,0.0381,0.0381,0.0381,0.0381,0.0381,0.038,0.038,0.038,0.0379,0.0378,0.0377,0.0376,0.0375,0.0374,0.0373,0.0372,0.0371,0.037,0.0369,0.0368,0.0367,0.0366,0.0365,0.0364,0.0364,0.0363,0.0362,0.0361,0.036,0.0359,0.0358,0.0357,0.0355,0.0353,0.0352,0.035,0.0349,0.0347,0.0345,0.0344,0.0343,0.0343,0.0343,0.0343,0.0343,0.0343,0.0343,0.0343,0.0343,0.0343,0.0343,0.0343,0.0343,0.0343,0.0344,0.0344,0.0344,0.0344,0.0344,0.0344,0.0344,0.0344,0.0344,0.0344,0.0345,0.0346,0.0347,0.0348,0.0349,0.035,0.0351,0.0353,0.0354,0.0355,0.0356,0.0357,0.0358,0.0359,0.0361,0.0362,0.0363,0.0364,0.0365,0.0367,0.0368,0.0368,0.0367,0.0367,0.0366,0.0366,0.0366,0.0365,0.0365,0.0364,0.0364,0.0363,0.0363,0.0363,0.0362,0.0362,0.0361,0.0361,0.0361,0.036,0.036,0.0359,0.0359,0.0359,0.0358,0.0358,0.0357,0.0357,0.0357,0.0356,0.0356,0.0356,0.0356,0.0356,0.0356,0.0356,0.0357,0.0357,0.0357,0.0357,0.0357,0.0357,0.0357,0.0357,0.0357,0.0357,0.0357,0.0357,0.0364,0.0371,0.0377,0.0381,0.0383,0.0386,0.0389,0.0391,0.0392,0.0393,0.0394,0.0395,0.0396,0.0397,0.0398,0.0399,0.04,0.04,0.0415,0.0431,0.0446,2.4434,2.4361,2.4289,2.4217,2.4146,2.4075
0.6026,0.6054,0.6083,0.611,0.6136,0.6164,0.6209,0.6254,0.6299,0.6345,0.6426,0.6502,0.6583,0.6666,0.852,0.8433,0.8348,0.5902,0.5882,0.5863,0.5844,0.5841,0.5873,0.5906,0.5939,0.5972,0.6005,0.6039,0.6072,0.7825,0.7821,0.7549,0.7473,0.7409,0.7346,0.7284,0.7223,0.0487,0.0484,0.0482,0.0479,0.0476,0.0473,0.047,0.0467,0.0465,0.0462,0.0459,0.0456,0.0454,0.0451,0.0451,0.045,0.0447,0.0445,0.0443,0.0441,0.0439,0.0437,0.0435,0.0433,0.0431,0.0429,0.0427,0.0425,0.0423,0.0421,0.0419,0.0418,0.0416,0.0413,0.041,0.0407,0.0405,0.0404,0.0403,0.0402,0.0401,0.04,0.0399,0.0398,0.0397,0.0396,0.0395,0.0394,0.0393,0.0392,0.0391,0.039,0.0389,0.0388,0.0387,0.0386,0.0385,0.0384,0.0383,0.0382,0.0381,0.0381,0.0381,0.0381,0.038,0.038,0.038,0.038,0.038,0.0378,0.0377,0.0376,0.0375,0.0374,0.0373,0.0373,0.0372,0.0371,0.037,0.0369,0.0368,0.0367,0.0366,0.0365,0.0364,0.0363,0.0362,0.0361,0.036,0.0359,0.0358,0.0357,0.0355,0.0354,0.0352,0.035,0.0349,0.0347,0.0346,0.0344,0.0343,0.0342,0.0342,0.0342,0.0342,0.0342,0.0342,0.0342,0.0342,0.0342,0.0343,0.0343,0.0343,0.0343,0.0343,0.0343,0.0343,0.0343,0.0343,0.0343,0.0343,0.0343,0.0343,0.0343,0.0344,0.0345,0.0346,0.0347,0.0349,0.035,0.0351,0.0352,0.0353,0.0354,0.0355,0.0357,0.0358,0.0359,0.036,0.0361,0.0362,0.0364,0.0365,0.0366,0.0367,0.0368,0.0368,0.0367,0.0367,0.0366,0.0366,0.0365,0.0365,0.0365,0.0364,0.0364,0.0363,0.0363,0.0363,0.0362,0.0362,0.0361,0.0361,0.0361,0.036,0.036,0.0359,0.0359,0.0359,0.0358,0.0358,0.0357,0.0357,0.0357,0.0357,0.0357,0.0357,0.0357,0.0357,0.0357,0.0357,0.0357,0.0358,0.0358,0.0358,0.0358,0.0358,0.0358,0.0358,0.0358,0.0358,0.0358,0.0362,0.0368,0.0375,0.0379,0.0382,0.0384,0.0387,0.0388,0.0389,0.0391,0.0392,0.0393,0.0394,0.0395,0.0396,0.0397,0.0397,0.0398,0.0399,0.041,0.0429,0.0443,2.377,2.3701,2.3633,2.3564,2.3497
0.6017,0.6045,0.6073,0.6099,0.6125,0.6155,0.6199,0.6244,0.629,0.6332,0.6439,0.6509,0.6584,0.6667,0.8492,0.8405,0.8321,0.589,0.5869,0.5849,0.583,0.5825,0.5857,0.589,0.5922,0.5955,0.5988,0.6021,0.6054,0.6088,0.7787,0.7521,0.7456,0.7392,0.7329,0.7267,0.7206,0.0486,0.0484,0.0481,0.0478,0.0475,0.0472,0.0469,0.0466,0.0464,0.0461,0.0458,0.0456,0.0453,0.0451,0.0451,0.045,0.0448,0.0446,0.0444,0.0442,0.044,0.0438,0.0436,0.0434,0.0432,0.043,0.0428,0.0426,0.0424,0.0422,0.042,0.0418,0.0416,0.0413,0.041,0.0407,0.0405,0.0404,0.0402,0.0401,0.04,0.0399,0.0398,0.0397,0.0396,0.0395,0.0394,0.0393,0.0392,0.0391,0.039,0.0389,0.0388,0.0387,0.0386,0.0385,0.0384,0.0383,0.0383,0.0382,0.0381,0.0381,0.0381,0.0381,0.038,0.038,0.038,0.038,0.038,0.0379,0.0378,0.0377,0.0376,0.0375,0.0374,0.0373,0.0372,0.0371,0.037,0.0369,0.0368,0.0367,0.0366,0.0365,0.0364,0.0363,0.0362,0.0361,0.0361,0.036,0.0359,0.0357,0.0356,0.0354,0.0352,0.0351,0.0349,0.0347,0.0346,0.0344,0.0343,0.0341,0.0341,0.0341,0.0341,0.0342,0.0342,0.0342,0.0342,0.0342,0.0342,0.0342,0.0342,0.0342,0.0342,0.0342,0.0342,0.0342,0.0342,0.0342,0.0343,0.0343,0.0343,0.0343,0.0344,0.0345,0.0346,0.0347,0.0348,0.0349,0.035,0.0351,0.0353,0.0354,0.0355,0.0356,0.0357,0.0358,0.0359,0.0361,0.0362,0.0363,0.0364,0.0365,0.0367,0.0368,0.0368,0.0367,0.0367,0.0367,0.0366,0.0366,0.0365,0.0365,0.0365,0.0364,0.0364,0.0363,0.0363,0.0363,0.0362,0.0362,0.0361,0.0361,0.036,0.036,0.036,0.0359,0.0359,0.0358,0.0358,0.0358,0.0358,0.0358,0.0358,0.0358,0.0358,0.0358,0.0358,0.0358,0.0358,0.0358,0.0358,0.0359,0.0359,0.0359,0.0359,0.0359,0.0359,0.0359,0.0359,0.0359,0.036,0.0366,0.0373,0.0378,0.038,0.0383,0.0385,0.0386,0.0387,0.0388,0.0389,0.039,0.0391,0.0392,0.0394,0.0394,0.0395,0.0396,0.0397,0.0397,0.0406,0.0426,0.044,2.3141,2.3076,2.3011,2.2946
0.6007,0.6035,0.6063,0.6088,0.6114,0.6146,0.619,0.6235,0.628,0.632,0.6452,0.6522,0.6593,0.6668,0.8464,0.8378,0.8294,0.5877,0.5857,0.5837,0.5817,0.5809,0.5841,0.5873,0.5905,0.5937,0.597,0.6003,0.6037,0.607,0.6105,0.7503,0.7438,0.7374,0.7312,0.725,0.719,0.0486,0.0483,0.048,0.0477,0.0474,0.0471,0.0468,0.0466,0.0463,0.046,0.0457,0.0455,0.0452,0.0451,0.0451,0.045,0.0449,0.0446,0.0444,0.0442,0.044,0.0438,0.0436,0.0434,0.0432,0.043,0.0428,0.0426,0.0424,0.0422,0.042,0.0419,0.0417,0.0413,0.041,0.0407,0.0404,0.0403,0.0402,0.0401,0.04,0.0399,0.0398,0.0397,0.0396,0.0395,0.0394,0.0393,0.0392,0.0391,0.039,0.0389,0.0388,0.0387,0.0386,0.0385,0.0384,0.0383,0.0382,0.0381,0.0381,0.0381,0.0381,0.038,0.038,0.038,0.038,0.038,0.038,0.0379,0.0378,0.0377,0.0376,0.0375,0.0374,0.0373,0.0372,0.0371,0.037,0.0369,0.0368,0.0367,0.0366,0.0366,0.0365,0.0364,0.0363,0.0362,0.0361,0.036,0.0359,0.0357,0.0356,0.0354,0.0353,0.0351,0.0349,0.0348,0.0346,0.0345,0.0343,0.0342,0.0341,0.0341,0.0341,0.0341,0.0341,0.0341,0.0341,0.0341,0.0341,0.0341,0.0341,0.0341,0.0341,0.0342,0.0342,0.0342,0.0342,0.0342,0.0342,0.0342,0.0342,0.0342,0.0343,0.0344,0.0345,0.0346,0.0347,0.0349,0.035,0.0351,0.0352,0.0353,0.0354,0.0355,0.0357,0.0358,0.0359,0.036,0.0361,0.0362,0.0364,0.0365,0.0366,0.0367,0.0368,0.0368,0.0367,0.0367,0.0367,0.0366,0.0366,0.0365,0.0365,0.0365,0.0364,0.0364,0.0363,0.0363,0.0362,0.0362,0.0362,0.0361,0.0361,0.036,0.036,0.036,0.0359,0.0359,0.0359,0.0359,0.0359,0.0359,0.0359,0.0359,0.0359,0.0359,0.0359,0.0359,0.0359,0.0359,0.0359,0.0359,0.036,0.036,0.036,0.036,0.036,0.036,0.036,0.036,0.036,0.0364,0.0371,0.0376,0.0378,0.0381,0.0383,0.0384,0.0385,0.0386,0.0387,0.0388,0.0389,0.039,0.0391,0.0392,0.0393,0.0394,0.0395,0.0395,0.0396,0.0401,0.0422,0.0438,2.2544,2.2482,2.2421
0.5997,0.6025,0.6052,0.6077,0.6102,0.6137,0.6181,0.6225,0.6268,0.6311,0.6465,0.6535,0.6607,0.8521,0.8434,0.8349,0.8266,0.5865,0.5845,0.5824,0.5804,0.5793,0.5825,0.5856,0.5888,0.592,0.5953,0.5986,0.6019,0.6053,0.7721,0.7485,0.7421,0.7357,0.7295,0.7234,0.7174,0.0485,0.0482,0.0479,0.0476,0.0473,0.047,0.0467,0.0465,0.0462,0.0459,0.0457,0.0454,0.0452,0.0452,0.0451,0.045,0.0449,0.0447,0.0445,0.0443,0.0441,0.0439,0.0437,0.0435,0.0433,0.0431,0.0429,0.0427,0.0425,0.0423,0.0421,0.0419,0.0417,0.0414,0.041,0.0407,0.0404,0.0403,0.0402,0.0401,0.0399,0.0398,0.0397,0.0396,0.0395,0.0394,0.0393,0.0392,0.0391,0.039,0.0389,0.0388,0.0387,0.0386,0.0386,0.0385,0.0384,0.0383,0.0382,0.0381,0.0381,0.0381,0.0381,0.038,0.038,0.038,0.038,0.038,0.038,0.0379,0.0379,0.0378,0.0377,0.0376,0.0375,0.0374,0.0373,0.0372,0.0371,0.037,0.0369,0.0368,0.0367,0.0366,0.0365,0.0364,0.0363,0.0362,0.0361,0.036,0.0359,0.0358,0.0356,0.0354,0.0353,0.0351,0.035,0.0348,0.0346,0.0345,0.0343,0.0342,0.034,0.034,0.034,0.034,0.034,0.034,0.034,0.034,0.0341,0.0341,0.0341,0.0341,0.0341,0.0341,0.0341,0.0341,0.0341,0.0341,0.0341,0.0341,0.0341,0.0341,0.0343,0.0344,0.0345,0.0346,0.0347,0.0348,0.0349,0.035,0.0351,0.0352,0.0354,0.0355,0.0356,0.0357,0.0358,0.0359,0.0361,0.0362,0.0363,0.0364,0.0365,0.0367,0.0368,0.0368,0.0368,0.0367,0.0367,0.0367,0.0366,0.0366,0.0365,0.0365,0.0364,0.0364,0.0364,0.0363,0.0363,0.0362,0.0362,0.0362,0.0361,0.0361,0.036,0.036,0.036,0.036,0.036,0.036,0.036,0.036,0.036,0.036,0.036,0.036,0.036,0.036,0.036,0.036,0.036,0.036,0.0361,0.0361,0.0361,0.0361,0.0361,0.0361,0.0361,0.0361,0.0361,0.0363,0.0369,0.0374,0.0377,0.0379,0.0381,0.0382,0.0383,0.0384,0.0385,0.0386,0.0387,0.0388,0.0389,0.039,0.0391,0.0392,0.0392,0.0393,0.0394,0.0395,0.0397,0.0417,0.0435,2.1977,2.1919
0.5988,0.6015,0.6041,0.6066,0.6091,0.6127,0.6171,0.6216,0.6256,0.6308,0.6478,0.6548,0.662,0.8489,0.8403,0.8319,0.8236,0.5853,0.5832,0.5812,0.5792,0.578,0.5808,0.584,0.5871,0.5903,0.5936,0.5969,0.6002,0.776,0.7688,0.7468,0.7403,0.734,0.7278,0.7217,0.7158,0.0484,0.0481,0.0478,0.0475,0.0472,0.0469,0.0467,0.0464,0.0461,0.0458,0.0456,0.0453,0.0452,0.0452,0.0451,0.045,0.0449,0.0448,0.0445,0.0443,0.0441,0.0439,0.0437,0.0435,0.0433,0.0431,0.0429,0.0427,0.0425,0.0423,0.0421,0.042,0.0417,0.0414,0.041,0.0407,0.0404,0.0402,0.0401,0.04,0.0399,0.0398,0.0397,0.0396,0.0395,0.0394,0.0393,0.0392,0.0391,0.039,0.0389,0.0388,0.0387,0.0386,0.0385,0.0384,0.0383,0.0382,0.0381,0.0381,0.0381,0.0381,0.0381,0.038,0.038,0.038,0.038,0.038,0.038,0.0379,0.0379,0.0378,0.0377,0.0376,0.0375,0.0374,0.0373,0.0372,0.0371,0.037,0.0369,0.0368,0.0367,0.0366,0.0365,0.0364,0.0363,0.0362,0.0362,0.0361,0.036,0.0358,0.0356,0.0355,0.0353,0.0351,0.035,0.0348,0.0347,0.0345,0.0344,0.0342,0.0341,0.0339,0.0339,0.0339,0.034,0.034,0.034,0.034,0.034,0.034,0.034,0.034,0.034,0.034,0.034,0.034,0.034,0.034,0.0341,0.0341,0.0341,0.0341,0.0342,0.0343,0.0344,0.0345,0.0346,0.0347,0.0349,0.035,0.0351,0.0352,0.0353,0.0354,0.0355,0.0356,0.0358,0.0359,0.036,0.0361,0.0362,0.0364,0.0365,0.0366,0.0367,0.0368,0.0368,0.0368,0.0367,0.0367,0.0366,0.0366,0.0366,0.0365,0.0365,0.0364,0.0364,0.0364,0.0363,0.0363,0.0362,0.0362,0.0362,0.0361,0.0361,0.0361,0.0361,0.0361,0.0361,0.0361,0.0361,0.0361,0.0361,0.0361,0.0361,0.0361,0.0361,0.0361,0.0361,0.0361,0.0361,0.0361,0.0361,0.0362,0.0362,0.0362,0.0362,0.0362,0.0362,0.0362,0.0362,0.0362,0.0367,0.0373,0.0375,0.0377,0.0378,0.0379,0.038,0.0382,0.0383,0.0384,0.0385,0.0386,0.0387,0.0388,0.0389,0.039,0.039,0.0391,0.0392,0.0392,0.0393,0.0394,0.0412,0.0433,2.1439
0.5978,0.6005,0.603,0.6055,0.608,0.6118,0.6162,0.6206,0.6243,0.6306,0.6476,0.6561,0.8545,0.8458,0.8373,0.8289,0.8207,0.584,0.582,0.58,0.5779,0.5772,0.5797,0.5823,0.5855,0.5887,0.5919,0.5951,0.7822,0.7753,0.7656,0.745,0.7386,0.7323,0.7262,0.7201,0.5498,0.0483,0.048,0.0477,0.0474,0.0471,0.0468,0.0466,0.0463,0.046,0.0458,0.0455,0.0453,0.0452,0.0452,0.0451,0.045,0.0449,0.0448,0.0446,0.0444,0.0442,0.044,0.0438,0.0436,0.0434,0.0432,0.043,0.0428,0.0426,0.0424,0.0422,0.042,0.0417,0.0414,0.0411,0.0407,0.0404,0.0402,0.0401,0.04,0.0399,0.0398,0.0397,0.0396,0.0395,0.0394,0.0393,0.0392,0.0391,0.039,0.0389,0.0388,0.0387,0.0386,0.0385,0.0384,0.0383,0.0382,0.0381,0.0381,0.0381,0.0381,0.038,0.038,0.038,0.038,0.038,0.038,0.0379,0.0379,0.0379,0.0378,0.0377,0.0376,0.0375,0.0374,0.0373,0.0372,0.0371,0.037,0.0369,0.0368,0.0368,0.0367,0.0366,0.0365,0.0364,0.0363,0.0362,0.0361,0.036,0.0358,0.0357,0.0355,0.0353,0.0352,0.035,0.0349,0.0347,0.0345,0.0344,0.0342,0.0341,0.0339,0.0339,0.0339,0.0339,0.0339,0.0339,0.0339,0.0339,0.0339,0.0339,0.0339,0.0339,0.034,0.034,0.034,0.034,0.034,0.034,0.034,0.034,0.034,0.0341,0.0343,0.0344,0.0345,0.0346,0.0347,0.0348,0.0349,0.035,0.0351,0.0352,0.0354,0.0355,0.0356,0.0357,0.0358,0.0359,0.0361,0.0362,0.0363,0.0364,0.0365,0.0367,0.0368,0.0368,0.0368,0.0368,0.0367,0.0367,0.0366,0.0366,0.0366,0.0365,0.0365,0.0364,0.0364,0.0363,0.0363,0.0363,0.0362,0.0362,0.0362,0.0362,0.0362,0.0362,0.0362,0.0362,0.0362,0.0362,0.0362,0.0362,0.0362,0.0362,0.0362,0.0362,0.0362,0.0362,0.0362,0.0362,0.0362,0.0362,0.0363,0.0363,0.0363,0.0363,0.0363,0.0363,0.0363,0.0363,0.0363,0.0365,0.0371,0.0374,0.0375,0.0376,0.0377,0.0378,0.0379,0.038,0.0381,0.0382,0.0383,0.0384,0.0385,0.0386,0.0388,0.0388,0.0389,0.039,0.039,0.0391,0.0392,0.0393,0.0408,0.0429
0.5969,0.5995,0.6019,0.6044,0.6069,0.6109,0.6153,0.6193,0.6231,0.6304,0.6473,0.6581,0.8514,0.8427,0.8342,0.8259,0.8178,0.5828,0.5808,0.5787,0.5764,0.5763,0.5788,0.5814,0.584,0.587,0.5902,0.6219,0.7783,0.7728,0.7624,0.7433,0.7369,0.7306,0.7245,0.7185,0.5485,0.0482,0.0479,0.0476,0.0473,0.047,0.0468,0.0465,0.0462,0.0459,0.0457,0.0454,0.0453,0.0452,0.0452,0.0451,0.045,0.0449,0.0449,0.0447,0.0444,0.0442,0.044,0.0438,0.0436,0.0434,0.0432,0.043,0.0428,0.0426,0.0424,0.0422,0.0421,0.0417,0.0414,0.0411,0.0408,0.0404,0.0401,0.04,0.0399,0.0398,0.0397,0.0396,0.0395,0.0394,0.0393,0.0392,0.0391,0.039,0.0389,0.0388,0.0387,0.0386,0.0385,0.0384,0.0383,0.0382,0.0381,0.0381,0.0381,0.0381,0.0381,0.038,0.038,0.038,0.038,0.038,0.038,0.0379,0.0379,0.0379,0.0379,0.0378,0.0377,0.0376,0.0375,0.0374,0.0373,0.0372,0.0371,0.037,0.0369,0.0368,0.0367,0.0366,0.0365,0.0364,0.0363,0.0362,0.0361,0.036,0.0359,0.0357,0.0355,0.0354,0.0352,0.035,0.0349,0.0347,0.0346,0.0344,0.0343,0.0341,0.034,0.0338,0.0338,0.0338,0.0338,0.0338,0.0338,0.0338,0.0339,0.0339,0.0339,0.0339,0.0339,0.0339,0.0339,0.0339,0.0339,0.0339,0.0339,0.0339,0.034,0.0341,0.0342,0.0343,0.0344,0.0345,0.0346,0.0347,0.0349,0.035,0.0351,0.0352,0.0353,0.0354,0.0355,0.0356,0.0358,0.0359,0.036,0.0361,0.0362,0.0364,0.0365,0.0366,0.0367,0.0368,0.0368,0.0368,0.0368,0.0367,0.0367,0.0366,0.0366,0.0365,0.0365,0.0365,0.0364,0.0364,0.0363,0.0363,0.0363,0.0363,0.0363,0.0363,0.0363,0.0363,0.0363,0.0363,0.0363,0.0363,0.0363,0.0363,0.0363,0.0363,0.0363,0.0363,0.0363,0.0363,0.0363,0.0363,0.0363,0.0363,0.0364,0.0364,0.0364,0.0364,0.0364,0.0364,0.0364,0.0364,0.0364,0.0364,0.037,0.0372,0.0373,0.0374,0.0375,0.0376,0.0377,0.0378,0.0379,0.038,0.0381,0.0382,0.0383,0.0384,0.0385,0.0386,0.0387,0.0388,0.0388,0.0389,0.039,0.039,0.0391,0.0403
0.5959,0.5984,0.6008,0.6033,0.6058,0.61,0.6144,0.6181,0.6219,0.6301,0.647,0.8605,0.8482,0.8396,0.8312,0.823,0.8149,0.5816,0.5795,0.5772,0.575,0.5755,0.578,0.5805,0.5831,0.5857,0.5885,0.6186,0.7716,0.7715,0.7592,0.7415,0.7352,0.729,0.7229,0.7163,0.5472,0.0481,0.0478,0.0475,0.0472,0.0469,0.0467,0.0464,0.0461,0.0459,0.0456,0.0454,0.0453,0.0452,0.0452,0.0451,0.045,0.0449,0.0449,0.0447,0.0445,0.0443,0.0441,0.0439,0.0437,0.0435,0.0433,0.0431,0.0429,0.0427,0.0425,0.0423,0.0421,0.0417,0.0414,0.0411,0.0408,0.0405,0.0401,0.04,0.0399,0.0398,0.0397,0.0396,0.0395,0.0394,0.0393,0.0392,0.0391,0.039,0.0389,0.0388,0.0387,0.0386,0.0385,0.0384,0.0383,0.0382,0.0381,0.0381,0.0381,0.0381,0.038,0.038,0.038,0.038,0.038,0.038,0.0379,0.0379,0.0379,0.0379,0.0379,0.0378,0.0377,0.0376,0.0375,0.0374,0.0373,0.0372,0.0371,0.037,0.0369,0.0368,0.0367,0.0366,0.0365,0.0364,0.0364,0.0363,0.0362,0.0361,0.0359,0.0357,0.0356,0.0354,0.0352,0.0351,0.0349,0.0347,0.0346,0.0344,0.0343,0.0341,0.034,0.0338,0.0337,0.0338,0.0338,0.0338,0.0338,0.0338,0.0338,0.0338,0.0338,0.0338,0.0338,0.0338,0.0338,0.0338,0.0338,0.0338,0.0339,0.0339,0.0339,0.034,0.0341,0.0343,0.0344,0.0345,0.0346,0.0347,0.0348,0.0349,0.035,0.0351,0.0352,0.0354,0.0355,0.0356,0.0357,0.0358,0.0359,0.0361,0.0362,0.0363,0.0364,0.0365,0.0367,0.0368,0.0369,0.0368,0.0368,0.0367,0.0367,0.0367,0.0366,0.0366,0.0365,0.0365,0.0365,0.0364,0.0364,0.0364,0.0364,0.0364,0.0364,0.0364,0.0364,0.0364,0.0364,0.0364,0.0364,0.0364,0.0364,0.0364,0.0364,0.0364,0.0364,0.0364,0.0364,0.0364,0.0364,0.0364,0.0364,0.0364,0.0365,0.0365,0.0365,0.0365,0.0365,0.0365,0.0365,0.0365,0.0365,0.0365,0.0368,0.037,0.0371,0.0372,0.0373,0.0374,0.0375,0.0376,0.0377,0.0378,0.0379,0.038,0.0381,0.0382,0.0383,0.0384,0.0385,0.0386,0.0386,0.0387,0.0388,0.0388,0.0389,0.039
0.5949,0.5973,0.5998,0.6022,0.6048,0.6091,0.6132,0.6169,0.6206,0.6299,0.6468,0.8578,0.8451,0.8366,0.8282,0.82,0.8121,0.5803,0.578,0.5758,0.5736,0.5746,0.5771,0.5796,0.5822,0.5848,0.6083,0.6156,0.7704,0.7702,0.756,0.7398,0.7335,0.7273,0.721,0.7141,0.5459,0.048,0.0477,0.0474,0.0471,0.0469,0.0466,0.0463,0.046,0.0458,0.0455,0.0454,0.0453,0.0453,0.0452,0.0451,0.045,0.0449,0.0449,0.0448,0.0446,0.0443,0.0441,0.0439,0.0437,0.0435,0.0433,0.0431,0.0429,0.0427,0.0425,0.0423,0.0421,0.0418,0.0414,0.0411,0.0408,0.0405,0.0402,0.0399,0.0398,0.0397,0.0396,0.0395,0.0394,0.0393,0.0392,0.0391,0.039,0.0389,0.0388,0.0387,0.0386,0.0385,0.0384,0.0383,0.0383,0.0382,0.0381,0.0381,0.0381,0.0381,0.038,0.038,0.038,0.038,0.038,0.038,0.0379,0.0379,0.0379,0.0379,0.0379,0.0378,0.0377,0.0376,0.0375,0.0374,0.0373,0.0373,0.0372,0.0371,0.037,0.0369,0.0368,0.0367,0.0366,0.0365,0.0364,0.0363,0.0362,0.0361,0.0359,0.0357,0.0356,0.0354,0.0353,0.0351,0.0349,0.0348,0.0346,0.0345,0.0343,0.0342,0.034,0.0339,0.0337,0.0337,0.0337,0.0337,0.0337,0.0337,0.0337,0.0337,0.0337,0.0337,0.0337,0.0338,0.0338,0.0338,0.0338,0.0338,0.0338,0.0338,0.0339,0.034,0.0341,0.0342,0.0343,0.0344,0.0345,0.0346,0.0347,0.0349,0.035,0.0351,0.0352,0.0353,0.0354,0.0355,0.0356,0.0358,0.0359,0.036,0.0361,0.0362,0.0364,0.0365,0.0366,0.0367,0.0368,0.0369,0.0368,0.0368,0.0367,0.0367,0.0367,0.0366,0.0366,0.0365,0.0365,0.0365,0.0365,0.0365,0.0365,0.0365,0.0365,0.0365,0.0365,0.0365,0.0365,0.0365,0.0365,0.0365,0.0365,0.0365,0.0365,0.0365,0.0365,0.0365,0.0365,0.0365,0.0365,0.0365,0.0365,0.0366,0.0366,0.0366,0.0366,0.0366,0.0366,0.0366,0.0366,0.0366,0.0366,0.0366,0.0366,0.0368,0.0369,0.037,0.0371,0.0372,0.0373,0.0374,0.0375,0.0376,0.0377,0.0378,0.0379,0.038,0.0381,0.0382,0.0383,0.0384,0.0384,0.0385,0.0386,0.0386,0.0387,0.0388
0.5938,0.5963,0.5987,0.6011,0.6039,0.6082,0.612,0.6157,0.6194,0.6296,0.6518,0.855,0.8423,0.8336,0.8253,0.8171,0.581,0.5788,0.5766,0.5744,0.5722,0.5738,0.5763,0.5788,0.5813,0.5839,0.6056,0.6129,0.6207,0.7689,0.7529,0.738,0.7318,0.7256,0.7188,0.7119,0.5446,0.0479,0.0476,0.0473,0.047,0.0468,0.0465,0.0462,0.046,0.0457,0.0455,0.0454,0.0453,0.0453,0.0452,0.0451,0.045,0.045,0.0449,0.0448,0.0446,0.0444,0.0442,0.044,0.0438,0.0436,0.0434,0.0432,0.043,0.0428,0.0426,0.0424,0.0421,0.0418,0.0414,0.0411,0.0408,0.0405,0.0402,0.0399,0.0398,0.0397,0.0396,0.0395,0.0394,0.0393,0.0392,0.0391,0.039,0.0389,0.0388,0.0387,0.0386,0.0385,0.0384,0.0383,0.0382,0.0381,0.0381,0.0381,0.0381,0.038,0.038,0.038,0.038,0.038,0.038,0.0379,0.0379,0.0379,0.0379,0.0379,0.0379,0.0379,0.0378,0.0377,0.0376,0.0375,0.0374,0.0373,0.0372,0.0371,0.037,0.0369,0.0368,0.0367,0.0366,0.0365,0.0364,0.0363,0.0362,0.0361,0.0359,0.0358,0.0356,0.0354,0.0353,0.0351,0.035,0.0348,0.0346,0.0345,0.0343,0.0342,0.034,0.0339,0.0337,0.0336,0.0336,0.0336,0.0336,0.0336,0.0337,0.0337,0.0337,0.0337,0.0337,0.0337,0.0337,0.0337,0.0337,0.0337,0.0337,0.0337,0.0338,0.0339,0.034,0.0341,0.0343,0.0344,0.0345,0.0346,0.0347,0.0348,0.0349,0.035,0.0351,0.0352,0.0354,0.0355,0.0356,0.0357,0.0358,0.0359,0.0361,0.0362,0.0363,0.0364,0.0365,0.0367,0.0368,0.0369,0.0369,0.0368,0.0368,0.0367,0.0367,0.0367,0.0366,0.0366,0.0366,0.0366,0.0366,0.0366,0.0366,0.0366,0.0366,0.0366,0.0366,0.0366,0.0366,0.0366,0.0366,0.0366,0.0366,0.0366,0.0366,0.0366,0.0366,0.0366,0.0366,0.0366,0.0366,0.0366,0.0366,0.0367,0.0367,0.0367,0.0367,0.0367,0.0367,0.0367,0.0367,0.0367,0.0367,0.0367,0.0367,0.0366,0.0367,0.0368,0.0369,0.037,0.0371,0.0372,0.0373,0.0374,0.0375,0.0376,0.0377,0.0378,0.0379,0.038,0.0381,0.0382,0.0382,0.0383,0.0384,0.0384,0.0385,0.0386
0.5928,0.5952,0.5976,0.6001,0.6031,0.6072,0.6108,0.6145,0.6182,0.6294,0.6551,0.8523,0.8397,0.8306,0.8223,0.8142,0.5795,0.5774,0.5752,0.573,0.5708,0.5729,0.5754,0.5779,0.5805,0.5836,0.603,0.6102,0.6175,0.7684,0.7498,0.7363,0.7301,0.7235,0.7165,0.7097,0.5433,0.0478,0.0475,0.0472,0.047,0.0467,0.0464,0.0461,0.0459,0.0456,0.0455,0.0454,0.0453,0.0453,0.0452,0.0451,0.045,0.045,0.0449,0.0448,0.0447,0.0445,0.0442,0.044,0.0438,0.0436,0.0434,0.0432,0.043,0.0428,0.0426,0.0424,0.0421,0.0418,0.0415,0.0411,0.0408,0.0405,0.0402,0.0399,0.0397,0.0396,0.0395,0.0394,0.0393,0.0392,0.0391,0.039,0.0389,0.0388,0.0387,0.0386,0.0386,0.0385,0.0384,0.0383,0.0382,0.0381,0.0381,0.0381,0.0381,0.038,0.038,0.038,0.038,0.038,0.038,0.0379,0.0379,0.0379,0.0379,0.0379,0.0379,0.0378,0.0378,0.0377,0.0376,0.0375,0.0374,0.0373,0.0372,0.0371,0.037,0.0369,0.0368,0.0367,0.0366,0.0366,0.0365,0.0364,0.0363,0.0361,0.036,0.0358,0.0356,0.0355,0.0353,0.0351,0.035,0.0348,0.0347,0.0345,0.0344,0.0342,0.0341,0.0339,0.0338,0.0336,0.0336,0.0336,0.0336,0.0336,0.0336,0.0336,0.0336,0.0336,0.0336,0.0336,0.0336,0.0336,0.0336,0.0337,0.0337,0.0337,0.0338,0.0339,0.034,0.0341,0.0342,0.0343,0.0344,0.0345,0.0346,0.0347,0.0348,0.035,0.0351,0.0352,0.0353,0.0354,0.0355,0.0356,0.0358,0.0359,0.036,0.0361,0.0362,0.0364,0.0365,0.0366,0.0367,0.0368,0.0369,0.0369,0.0368,0.0368,0.0367,0.0367,0.0367,0.0367,0.0367,0.0367,0.0367,0.0367,0.0367,0.0367,0.0367,0.0367,0.0367,0.0367,0.0367,0.0367,0.0367,0.0367,0.0367,0.0367,0.0367,0.0367,0.0367,0.0367,0.0367,0.0367,0.0367,0.0367,0.0368,0.0368,0.0368,0.0368,0.0368,0.0368,0.0368,0.0368,0.0368,0.0368,0.0368,0.0368,0.0367,0.0366,0.0365,0.0366,0.0367,0.0368,0.0369,0.037,0.0371,0.0372,0.0373,0.0374,0.0375,0.0376,0.0377,0.0378,0.0379,0.038,0.038,0.0381,0.0382,0.0382,0.0383,0.0384
0.5917,0.5941,0.5965,0.599,0.6022,0.606,0.6096,0.6133,0.617,0.6348,0.6584,0.8496,0.8371,0.8276,0.8194,0.5822,0.5779,0.576,0.5737,0.5715,0.5696,0.5721,0.5746,0.5771,0.5796,0.5835,0.6004,0.6078,0.6162,0.7663,0.7467,0.7346,0.7283,0.7212,0.7143,0.7075,0.542,0.0477,0.0474,0.0472,0.0469,0.0466,0.0463,0.0461,0.0458,0.0456,0.0455,0.0454,0.0453,0.0453,0.0452,0.0451,0.045,0.045,0.0449,0.0448,0.0447,0.0445,0.0443,0.0441,0.0439,0.0437,0.0435,0.0433,0.0431,0.0429,0.0427,0.0425,0.0422,0.0418,0.0415,0.0412,0.0408,0.0405,0.0402,0.0399,0.0397,0.0396,0.0395,0.0394,0.0393,0.0392,0.0391,0.039,0.0389,0.0388,0.0387,0.0386,0.0385,0.0384,0.0383,0.0382,0.0381,0.0381,0.0381,0.0381,0.038,0.038,0.038,0.038,0.038,0.038,0.038,0.0379,0.0379,0.0379,0.0379,0.0379,0.0379,0.0378,0.0378,0.0378,0.0377,0.0376,0.0375,0.0374,0.0373,0.0372,0.0371,0.037,0.0369,0.0368,0.0367,0.0366,0.0365,0.0364,0.0363,0.0362,0.036,0.0358,0.0357,0.0355,0.0353,0.0352,0.035,0.0349,0.0347,0.0345,0.0344,0.0342,0.0341,0.0339,0.0338,0.0336,0.0335,0.0335,0.0335,0.0335,0.0335,0.0335,0.0335,0.0335,0.0336,0.0336,0.0336,0.0336,0.0336,0.0336,0.0336,0.0336,0.0337,0.0338,0.0339,0.034,0.0341,0.0342,0.0344,0.0345,0.0346,0.0347,0.0348,0.0349,0.035,0.0351,0.0352,0.0354,0.0355,0.0356,0.0357,0.0358,0.0359,0.0361,0.0362,0.0363,0.0364,0.0365,0.0367,0.0368,0.0369,0.0369,0.0368,0.0368,0.0368,0.0368,0.0368,0.0368,0.0368,0.0368,0.0368,0.0368,0.0368,0.0368,0.0368,0.0368,0.0368,0.0368,0.0368,0.0368,0.0368,0.0368,0.0368,0.0368,0.0368,0.0368,0.0368,0.0368,0.0368,0.0368,0.0369,0.0369,0.0369,0.0369,0.0369,0.0369,0.0369,0.0369,0.0369,0.0369,0.0369,0.0369,0.0369,0.0368,0.0366,0.0365,0.0365,0.0364,0.0365,0.0366,0.0367,0.0368,0.0369,0.037,0.0371,0.0371,0.0372,0.0373,0.0374,0.0375,0.0376,0.0377,0.0378,0.0379,0.038,0.038,0.0381,0.0382
0.5907,0.5931,0.5955,0.5979,0.6013,0.6049,0.6085,0.6121,0.6157,0.64,0.6585,0.847,0.8345,0.8246,0.8165,0.58,0.5764,0.5745,0.5723,0.5701,0.5688,0.5712,0.5737,0.5762,0.5792,0.5834,0.5993,0.6074,0.6157,0.7643,0.7513,0.7329,0.726,0.719,0.7121,0.7053,0.5405,0.0476,0.0473,0.0471,0.0468,0.0465,0.0462,0.046,0.0457,0.0456,0.0455,0.0454,0.0453,0.0453,0.0452,0.0451,0.045,0.045,0.0449,0.0448,0.0447,0.0446,0.0444,0.0441,0.0439,0.0437,0.0435,0.0433,0.0431,0.0429,0.0427,0.0425,0.0422,0.0418,0.0415,0.0412,0.0408,0.0405,0.0402,0.0399,0.0397,0.0396,0.0395,0.0394,0.0393,0.0392,0.0391,0.039,0.0389,0.0388,0.0387,0.0386,0.0385,0.0384,0.0383,0.0382,0.0381,0.0381,0.0381,0.0381,0.038,0.038,0.038,0.038,0.038,0.038,0.0379,0.0379,0.0379,0.0379,0.0379,0.0379,0.0378,0.0378,0.0378,0.0378,0.0377,0.0376,0.0375,0.0374,0.0373,0.0372,0.0371,0.037,0.0369,0.0368,0.0367,0.0366,0.0365,0.0364,0.0363,0.0362,0.036,0.0359,0.0357,0.0355,0.0354,0.0352,0.035,0.0349,0.0347,0.0346,0.0344,0.0343,0.0341,0.034,0.0338,0.0337,0.0335,0.0334,0.0334,0.0335,0.0335,0.0335,0.0335,0.0335,0.0335,0.0335,0.0335,0.0335,0.0335,0.0335,0.0335,0.0336,0.0337,0.0338,0.0339,0.034,0.0341,0.0342,0.0343,0.0344,0.0345,0.0346,0.0347,0.0348,0.035,0.0351,0.0352,0.0353,0.0354,0.0355,0.0356,0.0358,0.0359,0.036,0.0361,0.0362,0.0364,0.0365,0.0366,0.0367,0.0368,0.0369,0.0369,0.0369,0.0369,0.0369,0.0369,0.0369,0.0369,0.0369,0.0369,0.0369,0.0369,0.0369,0.0369,0.0369,0.0369,0.0369,0.0369,0.0369,0.0369,0.0369,0.0369,0.0369,0.0369,0.0369,0.0369,0.0369,0.037,0.037,0.037,0.037,0.037,0.037,0.037,0.037,0.037,0.037,0.037,0.037,0.037,0.037,0.0369,0.0368,0.0366,0.0365,0.0365,0.0364,0.0363,0.0364,0.0365,0.0366,0.0367,0.0368,0.0368,0.0369,0.037,0.0371,0.0372,0.0373,0.0374,0.0375,0.0376,0.0377,0.0378,0.0378,0.0379,0.038
0.5897,0.592,0.5944,0.5968,0.6002,0.6037,0.6073,0.6109,0.6148,0.6432,0.6561,0.8443,0.8319,0.8217,0.5835,0.5777,0.5749,0.5731,0.5709,0.5687,0.5679,0.5704,0.5729,0.5754,0.579,0.591,0.5988,0.6069,0.6152,0.7611,0.7434,0.7308,0.7237,0.7167,0.7099,0.7031,0.5387,0.0475,0.0473,0.047,0.0467,0.0464,0.0461,0.0459,0.0457,0.0456,0.0455,0.0454,0.0454,0.0453,0.0452,0.0451,0.045,0.045,0.0449,0.0448,0.0447,0.0446,0.0444,0.0442,0.044,0.0438,0.0436,0.0434,0.0432,0.043,0.0428,0.0425,0.0422,0.0418,0.0415,0.0412,0.0409,0.0405,0.0402,0.0399,0.0396,0.0395,0.0394,0.0393,0.0392,0.0391,0.039,0.0389,0.0388,0.0387,0.0386,0.0385,0.0384,0.0383,0.0382,0.0381,0.0381,0.0381,0.0381,0.038,0.038,0.038,0.038,0.038,0.038,0.038,0.0379,0.0379,0.0379,0.0379,0.0379,0.0379,0.0378,0.0378,0.0378,0.0378,0.0377,0.0376,0.0375,0.0374,0.0373,0.0372,0.0371,0.037,0.0369,0.0369,0.0368,0.0367,0.0366,0.0365,0.0364,0.0362,0.0361,0.0359,0.0357,0.0355,0.0354,0.0352,0.0351,0.0349,0.0347,0.0346,0.0344,0.0343,0.0341,0.034,0.0338,0.0337,0.0335,0.0334,0.0334,0.0334,0.0334,0.0334,0.0334,0.0334,0.0334,0.0334,0.0334,0.0334,0.0334,0.0335,0.0335,0.0335,0.0336,0.0337,0.0338,0.0339,0.034,0.0341,0.0342,0.0344,0.0345,0.0346,0.0347,0.0348,0.0349,0.035,0.0351,0.0352,0.0354,0.0355,0.0356,0.0357,0.0358,0.0359,0.0361,0.0362,0.0363,0.0364,0.0365,0.0367,0.0368,0.0369,0.037,0.037,0.037,0.037,0.037,0.037,0.037,0.037,0.037,0.037,0.037,0.037,0.037,0.037,0.037,0.037,0.037,0.037,0.037,0.037,0.037,0.037,0.037,0.037,0.0371,0.0371,0.0371,0.0371,0.0371,0.0371,0.0371,0.0371,0.0371,0.0371,0.0371,0.0371,0.0371,0.0371,0.0371,0.037,0.0369,0.0367,0.0366,0.0365,0.0364,0.0364,0.0363,0.0363,0.0363,0.0364,0.0365,0.0365,0.0366,0.0367,0.0368,0.0369,0.037,0.0371,0.0372,0.0373,0.0374,0.0375,0.0376,0.0376,0.0377,0.0378
0.5886,0.591,0.5934,0.5958,0.5991,0.6031,0.6072,0.6113,0.6248,0.6427,0.6538,0.8417,0.8294,0.8187,0.5813,0.5755,0.5734,0.5717,0.5695,0.5673,0.5671,0.5695,0.572,0.5748,0.5789,0.5908,0.5984,0.6065,0.7617,0.7565,0.7375,0.7285,0.7214,0.7145,0.7077,0.5393,0.5378,0.0474,0.0472,0.0469,0.0466,0.0463,0.0461,0.0458,0.0457,0.0456,0.0455,0.0454,0.0454,0.0453,0.0452,0.0451,0.045,0.045,0.0449,0.0448,0.0447,0.0447,0.0445,0.0443,0.044,0.0438,0.0436,0.0434,0.0432,0.043,0.0428,0.0425,0.0422,0.0419,0.0415,0.0412,0.0409,0.0406,0.0402,0.0399,0.0396,0.0395,0.0394,0.0393,0.0392,0.0391,0.039,0.0389,0.0388,0.0387,0.0386,0.0385,0.0384,0.0383,0.0382,0.0381,0.0381,0.0381,0.0381,0.038,0.038,0.038,0.038,0.038,0.038,0.0379,0.0379,0.0379,0.0379,0.0379,0.0379,0.0378,0.0378,0.0378,0.0378,0.0378,0.0378,0.0377,0.0376,0.0375,0.0374,0.0373,0.0372,0.0371,0.037,0.0369,0.0368,0.0367,0.0366,0.0365,0.0364,0.0362,0.0361,0.0359,0.0357,0.0356,0.0354,0.0352,0.0351,0.0349,0.0348,0.0346,0.0345,0.0343,0.0342,0.034,0.0339,0.0337,0.0336,0.0334,0.0333,0.0333,0.0333,0.0333,0.0333,0.0333,0.0334,0.0334,0.0334,0.0334,0.0334,0.0334,0.0334,0.0335,0.0336,0.0337,0.0338,0.0339,0.034,0.0341,0.0342,0.0343,0.0344,0.0345,0.0346,0.0347,0.0348,0.035,0.0351,0.0352,0.0353,0.0354,0.0355,0.0356,0.0358,0.0359,0.036,0.0361,0.0362,0.0363,0.0365,0.0366,0.0368,0.037,0.0371,0.0371,0.0371,0.0371,0.0371,0.0371,0.0371,0.0371,0.0371,0.0371,0.0371,0.0371,0.0371,0.0371,0.0371,0.0371,0.0371,0.0371,0.0371,0.0371,0.0371,0.0372,0.0372,0.0372,0.0372,0.0372,0.0372,0.0372,0.0372,0.0372,0.0372,0.0372,0.0372,0.0372,0.0372,0.0372,0.0372,0.0372,0.0371,0.037,0.0369,0.0367,0.0366,0.0365,0.0364,0.0363,0.0363,0.0362,0.0362,0.0362,0.0363,0.0363,0.0364,0.0365,0.0366,0.0367,0.0368,0.0369,0.037,0.0371,0.0372,0.0373,0.0374,0.0374,0.0375,0.0376
0.5878,0.5908,0.5938,0.5968,0.5999,0.6037,0.6078,0.6119,0.6286,0.6405,0.6515,0.8391,0.8268,0.8159,0.5791,0.5734,0.5718,0.5703,0.5681,0.566,0.5663,0.5687,0.5712,0.5746,0.5788,0.5905,0.598,0.606,0.7603,0.7521,0.7343,0.7262,0.7192,0.7123,0.7055,0.5375,0.5376,0.0474,0.0471,0.0468,0.0465,0.0462,0.046,0.0457,0.0457,0.0456,0.0455,0.0454,0.0454,0.0453,0.0452,0.0451,0.0451,0.045,0.0449,0.0448,0.0448,0.0447,0.0445,0.0443,0.0441,0.0439,0.0437,0.0435,0.0433,0.0431,0.0429,0.0426,0.0422,0.0419,0.0415,0.0412,0.0409,0.0406,0.0403,0.04,0.0396,0.0394,0.0393,0.0392,0.0391,0.039,0.0389,0.0388,0.0387,0.0386,0.0385,0.0384,0.0383,0.0383,0.0382,0.0381,0.0381,0.0381,0.038,0.038,0.038,0.038,0.038,0.038,0.038,0.0379,0.0379,0.0379,0.0379,0.0379,0.0379,0.0378,0.0378,0.0378,0.0378,0.0378,0.0378,0.0377,0.0376,0.0375,0.0374,0.0373,0.0372,0.0371,0.037,0.0369,0.0368,0.0367,0.0366,0.0365,0.0364,0.0363,0.0361,0.0359,0.0358,0.0356,0.0354,0.0353,0.0351,0.035,0.0348,0.0346,0.0345,0.0343,0.0342,0.034,0.0339,0.0337,0.0336,0.0334,0.0333,0.0333,0.0333,0.0333,0.0333,0.0333,0.0333,0.0333,0.0333,0.0333,0.0333,0.0333,0.0333,0.0334,0.0335,0.0336,0.0337,0.0338,0.0339,0.034,0.0341,0.0342,0.0344,0.0345,0.0346,0.0347,0.0348,0.0349,0.035,0.0351,0.0352,0.0354,0.0355,0.0356,0.0357,0.0358,0.0359,0.036,0.0362,0.0363,0.0365,0.0366,0.0368,0.0372,0.0372,0.0372,0.0372,0.0372,0.0372,0.0372,0.0372,0.0372,0.0372,0.0372,0.0372,0.0372,0.0372,0.0372,0.0372,0.0372,0.0372,0.0372,0.0372,0.0373,0.0373,0.0373,0.0373,0.0373,0.0373,0.0373,0.0373,0.0373,0.0373,0.0373,0.0373,0.0373,0.0373,0.0373,0.0373,0.0373,0.0373,0.0372,0.0371,0.037,0.0369,0.0367,0.0366,0.0365,0.0364,0.0363,0.0363,0.0362,0.0361,0.0361,0.0361,0.0361,0.0362,0.0363,0.0364,0.0365,0.0366,0.0367,0.0368,0.0369,0.037,0.0371,0.0372,0.0372,0.0373,0.0374
0.5894,0.5924,0.5954,0.5984,0.6015,0.6046,0.6084,0.6126,0.6277,0.6382,0.6492,0.8364,0.8243,0.813,0.5768,0.5719,0.5703,0.5688,0.5667,0.5646,0.5655,0.5679,0.5704,0.5745,0.5786,0.5903,0.5975,0.6056,0.7594,0.7477,0.7323,0.7239,0.7169,0.7101,0.7033,0.5358,0.5375,0.5393,0.047,0.0467,0.0464,0.0462,0.0459,0.0458,0.0457,0.0456,0.0455,0.0454,0.0454,0.0453,0.0452,0.0451,0.0451,0.045,0.0449,0.0448,0.0448,0.0447,0.0446,0.0444,0.0442,0.0439,0.0437,0.0435,0.0433,0.0431,0.0429,0.0426,0.0422,0.0419,0.0416,0.0412,0.0409,0.0406,0.0403,0.04,0.0397,0.0394,0.0393,0.0392,0.0391,0.039,0.0389,0.0388,0.0387,0.0386,0.0385,0.0384,0.0383,0.0382,0.0381,0.0381,0.0381,0.0381,0.038,0.038,0.038,0.038,0.038,0.038,0.0379,0.0379,0.0379,0.0379,0.0379,0.0379,0.0379,0.0378,0.0378,0.0378,0.0378,0.0378,0.0378,0.0377,0.0376,0.0375,0.0374,0.0373,0.0373,0.0372,0.0371,0.037,0.0369,0.0368,0.0367,0.0366,0.0365,0.0363,0.0361,0.036,0.0358,0.0356,0.0355,0.0353,0.0351,0.035,0.0348,0.0347,0.0345,0.0344,0.0342,0.0341,0.0339,0.0338,0.0336,0.0335,0.0333,0.0332,0.0332,0.0332,0.0332,0.0332,0.0332,0.0332,0.0332,0.0332,0.0333,0.0333,0.0333,0.0334,0.0335,0.0336,0.0337,0.0338,0.0339,0.034,0.0341,0.0342,0.0343,0.0344,0.0345,0.0346,0.0347,0.0348,0.035,0.0351,0.0352,0.0353,0.0354,0.0355,0.0356,0.0358,0.0359,0.036,0.0361,0.0363,0.0365,0.0366,0.0368,0.0373,0.0374,0.0373,0.0373,0.0373,0.0373,0.0373,0.0373,0.0373,0.0373,0.0373,0.0373,0.0373,0.0373,0.0373,0.0373,0.0373,0.0374,0.0374,0.0374,0.0374,0.0374,0.0374,0.0374,0.0374,0.0374,0.0374,0.0374,0.0374,0.0374,0.0374,0.0374,0.0374,0.0374,0.0374,0.0374,0.0374,0.0373,0.0372,0.0371,0.037,0.0368,0.0367,0.0366,0.0365,0.0364,0.0363,0.0362,0.0362,0.0361,0.0361,0.036,0.036,0.036,0.0361,0.0362,0.0363,0.0364,0.0365,0.0366,0.0367,0.0368,0.0369,0.037,0.0371,0.0371,0.0372
0.5896,0.5929,0.5962,0.5995,0.6029,0.6062,0.6094,0.6147,0.6255,0.636,0.6469,0.8339,0.8218,0.8101,0.8023,0.5704,0.5689,0.5673,0.5653,0.5632,0.5646,0.5671,0.5703,0.5744,0.5785,0.59,0.5971,0.6052,0.7585,0.7433,0.7302,0.7216,0.7147,0.7079,0.7012,0.5353,0.5371,0.5386,0.0469,0.0466,0.0463,0.0461,0.0458,0.0458,0.0457,0.0456,0.0455,0.0454,0.0454,0.0453,0.0452,0.0451,0.0451,0.045,0.0449,0.0448,0.0448,0.0447,0.0446,0.0444,0.0442,0.044,0.0438,0.0436,0.0434,0.0432,0.043,0.0426,0.0423,0.0419,0.0416,0.0412,0.0409,0.0406,0.0403,0.04,0.0397,0.0394,0.0392,0.0391,0.039,0.0389,0.0388,0.0387,0.0386,0.0386,0.0385,0.0384,0.0383,0.0382,0.0381,0.0381,0.0381,0.038,0.038,0.038,0.038,0.038,0.038,0.038,0.0379,0.0379,0.0379,0.0379,0.0379,0.0379,0.0378,0.0378,0.0378,0.0378,0.0378,0.0378,0.0377,0.0377,0.0377,0.0376,0.0375,0.0374,0.0373,0.0372,0.0371,0.037,0.0369,0.0368,0.0367,0.0366,0.0365,0.0363,0.0362,0.036,0.0358,0.0357,0.0355,0.0353,0.0352,0.035,0.0348,0.0347,0.0345,0.0344,0.0342,0.0341,0.0339,0.0338,0.0336,0.0335,0.0333,0.0332,0.0331,0.0331,0.0331,0.0332,0.0332,0.0332,0.0332,0.0332,0.0332,0.0332,0.0332,0.0333,0.0334,0.0335,0.0336,0.0337,0.0338,0.0339,0.034,0.0341,0.0342,0.0344,0.0345,0.0346,0.0347,0.0348,0.0349,0.035,0.0351,0.0352,0.0353,0.0355,0.0356,0.0357,0.0358,0.036,0.0362,0.0363,0.0365,0.0367,0.037,0.0374,0.0375,0.0375,0.0375,0.0374,0.0374,0.0374,0.0374,0.0374,0.0374,0.0374,0.0374,0.0374,0.0374,0.0375,0.0375,0.0375,0.0375,0.0375,0.0375,0.0375,0.0375,0.0375,0.0375,0.0375,0.0375,0.0375,0.0375,0.0375,0.0375,0.0375,0.0375,0.0375,0.0375,0.0375,0.0375,0.0374,0.0373,0.0372,0.0371,0.037,0.0368,0.0367,0.0366,0.0365,0.0364,0.0363,0.0362,0.0362,0.0361,0.036,0.036,0.0359,0.0359,0.0359,0.036,0.0361,0.0362,0.0363,0.0364,0.0365,0.0366,0.0367,0.0368,0.0369,0.0369,0.037
0.5896,0.5929,0.5962,0.5996,0.603,0.6064,0.6099,0.6134,0.6234,0.6338,0.6446,0.8311,0.8193,0.8076,0.8006,0.5689,0.5674,0.5658,0.564,0.5618,0.5638,0.5662,0.5702,0.5742,0.5832,0.5898,0.5967,0.6047,0.7576,0.739,0.7282,0.7194,0.7125,0.7057,0.6991,0.5349,0.5364,0.538,0.0468,0.0465,0.0463,0.046,0.0458,0.0458,0.0457,0.0456,0.0455,0.0455,0.0454,0.0453,0.0452,0.0451,0.0451,0.045,0.0449,0.0448,0.0448,0.0447,0.0446,0.0445,0.0443,0.0441,0.0439,0.0436,0.0434,0.0432,0.043,0.0426,0.0423,0.0419,0.0416,0.0413,0.0409,0.0406,0.0403,0.04,0.0397,0.0394,0.0392,0.0391,0.039,0.0389,0.0388,0.0387,0.0386,0.0385,0.0384,0.0383,0.0382,0.0381,0.0381,0.0381,0.0381,0.038,0.038,0.038,0.038,0.038,0.038,0.0379,0.0379,0.0379,0.0379,0.0379,0.0379,0.0379,0.0378,0.0378,0.0378,0.0378,0.0378,0.0378,0.0377,0.0377,0.0377,0.0376,0.0375,0.0374,0.0373,0.0372,0.0371,0.037,0.0369,0.0368,0.0367,0.0366,0.0365,0.0364,0.0362,0.036,0.0359,0.0357,0.0355,0.0354,0.0352,0.035,0.0349,0.0347,0.0346,0.0344,0.0343,0.0341,0.0339,0.0338,0.0337,0.0335,0.0334,0.0332,0.0331,0.0331,0.0331,0.0331,0.0331,0.0331,0.0331,0.0331,0.0331,0.0331,0.0332,0.0333,0.0334,0.0335,0.0336,0.0337,0.0338,0.0339,0.034,0.0341,0.0342,0.0343,0.0344,0.0345,0.0346,0.0347,0.0348,0.035,0.0351,0.0352,0.0353,0.0354,0.0355,0.0357,0.0359,0.036,0.0362,0.0364,0.0365,0.0367,0.0371,0.0376,0.0376,0.0376,0.0376,0.0376,0.0376,0.0376,0.0375,0.0375,0.0375,0.0375,0.0376,0.0376,0.0376,0.0376,0.0376,0.0376,0.0376,0.0376,0.0376,0.0376,0.0376,0.0376,0.0376,0.0376,0.0376,0.0376,0.0376,0.0376,0.0376,0.0376,0.0376,0.0376,0.0376,0.0376,0.0376,0.0374,0.0373,0.0372,0.0371,0.0369,0.0368,0.0367,0.0366,0.0365,0.0364,0.0363,0.0362,0.0361,0.0361,0.036,0.036,0.0359,0.0359,0.0358,0.0358,0.0359,0.036,0.0361,0.0362,0.0363,0.0364,0.0365,0.0366,0.0367,0.0367,0.0368
0.5896,0.5929,0.5962,0.5996,0.603,0.6058,0.6081,0.6116,0.6213,0.6317,0.6424,0.8282,0.8167,0.8052,0.7983,0.5674,0.5659,0.5644,0.5626,0.5606,0.563,0.5661,0.5701,0.5741,0.5829,0.5896,0.5963,0.6043,0.7536,0.7358,0.7262,0.7171,0.7103,0.7035,0.6969,0.5346,0.5358,0.5374,0.0467,0.0464,0.0462,0.0459,0.0458,0.0458,0.0457,0.0456,0.0455,0.0455,0.0454,0.0453,0.0452,0.0451,0.0451,0.045,0.0449,0.0448,0.0448,0.0447,0.0446,0.0445,0.0443,0.0441,0.0439,0.0437,0.0435,0.0433,0.043,0.0426,0.0423,0.0419,0.0416,0.0413,0.041,0.0406,0.0403,0.04,0.0397,0.0394,0.0391,0.0391,0.039,0.0389,0.0388,0.0387,0.0386,0.0385,0.0384,0.0383,0.0382,0.0381,0.0381,0.0381,0.0381,0.038,0.038,0.038,0.038,0.038,0.038,0.0379,0.0379,0.0379,0.0379,0.0379,0.0379,0.0378,0.0378,0.0378,0.0378,0.0378,0.0378,0.0378,0.0377,0.0377,0.0377,0.0377,0.0376,0.0375,0.0374,0.0373,0.0372,0.0371,0.037,0.0369,0.0368,0.0367,0.0366,0.0364,0.0362,0.036,0.0359,0.0357,0.0355,0.0354,0.0352,0.0351,0.0349,0.0347,0.0346,0.0344,0.0343,0.0341,0.034,0.0338,0.0337,0.0335,0.0334,0.0332,0.0331,0.033,0.033,0.033,0.033,0.033,0.033,0.0331,0.0331,0.0331,0.0331,0.0332,0.0333,0.0334,0.0335,0.0336,0.0337,0.0338,0.0339,0.034,0.0341,0.0342,0.0343,0.0345,0.0346,0.0347,0.0348,0.0349,0.035,0.0351,0.0352,0.0354,0.0356,0.0357,0.0359,0.036,0.0362,0.0364,0.0365,0.0368,0.0372,0.0377,0.0378,0.0377,0.0377,0.0377,0.0377,0.0377,0.0377,0.0377,0.0377,0.0377,0.0377,0.0377,0.0377,0.0377,0.0377,0.0377,0.0377,0.0377,0.0377,0.0377,0.0377,0.0377,0.0377,0.0377,0.0377,0.0377,0.0377,0.0377,0.0377,0.0377,0.0377,0.0377,0.0377,0.0377,0.0375,0.0374,0.0373,0.0372,0.0371,0.0369,0.0368,0.0367,0.0366,0.0365,0.0364,0.0362,0.0362,0.0361,0.0361,0.036,0.0359,0.0359,0.0358,0.0358,0.0357,0.0357,0.0358,0.0359,0.036,0.0361,0.0362,0.0363,0.0364,0.0365,0.0366,0.0366
0.5896,0.5929,0.5962,0.5996,0.6018,0.6041,0.6063,0.6099,0.6194,0.6295,0.6401,0.8254,0.8139,0.8027,0.7967,0.5659,0.5644,0.5629,0.5612,0.5598,0.5622,0.5659,0.5699,0.574,0.5827,0.5893,0.5961,0.6038,0.7492,0.7337,0.7242,0.7149,0.7081,0.7014,0.6948,0.6884,0.5368,0.5374,0.0466,0.0464,0.0461,0.0459,0.0459,0.0458,0.0457,0.0456,0.0455,0.0455,0.0454,0.0453,0.0452,0.0452,0.0451,0.045,0.0449,0.0449,0.0448,0.0447,0.0446,0.0446,0.0444,0.0442,0.044,0.0438,0.0436,0.0434,0.043,0.0427,0.0423,0.042,0.0416,0.0413,0.041,0.0407,0.0403,0.04,0.0397,0.0394,0.0391,0.039,0.0389,0.0388,0.0387,0.0386,0.0385,0.0384,0.0383,0.0382,0.0381,0.0381,0.0381,0.0381,0.038,0.038,0.038,0.038,0.038,0.038,0.0379,0.0379,0.0379,0.0379,0.0379,0.0379,0.0379,0.0378,0.0378,0.0378,0.0378,0.0378,0.0378,0.0377,0.0377,0.0377,0.0377,0.0377,0.0376,0.0375,0.0374,0.0373,0.0372,0.0371,0.037,0.0369,0.0368,0.0367,0.0366,0.0364,0.0362,0.0361,0.0359,0.0357,0.0356,0.0354,0.0352,0.0351,0.0349,0.0348,0.0346,0.0345,0.0343,0.0342,0.034,0.0338,0.0337,0.0336,0.0334,0.0333,0.0331,0.033,0.033,0.033,0.033,0.033,0.033,0.033,0.033,0.033,0.0331,0.0332,0.0333,0.0334,0.0335,0.0336,0.0337,0.0338,0.0339,0.034,0.0341,0.0342,0.0343,0.0344,0.0345,0.0346,0.0347,0.0348,0.035,0.0351,0.0353,0.0354,0.0356,0.0357,0.0359,0.0361,0.0362,0.0364,0.0366,0.0369,0.0374,0.0378,0.0379,0.0379,0.0379,0.0378,0.0378,0.0378,0.0378,0.0378,0.0378,0.0378,0.0378,0.0378,0.0378,0.0378,0.0378,0.0378,0.0378,0.0378,0.0378,0.0378,0.0378,0.0378,0.0378,0.0378,0.0378,0.0378,0.0378,0.0378,0.0378,0.0378,0.0378,0.0378,0.0378,0.0377,0.0375,0.0374,0.0373,0.0372,0.0371,0.0369,0.0368,0.0367,0.0366,0.0365,0.0363,0.0362,0.0361,0.0361,0.036,0.036,0.0359,0.0359,0.0358,0.0358,0.0357,0.0356,0.0356,0.0357,0.0358,0.0359,0.036,0.0361,0.0362,0.0363,0.0364,0.0364
0.5896,0.5929,0.5957,0.5979,0.6001,0.6023,0.6045,0.6081,0.6176,0.6274,0.6379,0.8226,0.8112,0.8001,0.5655,0.5642,0.5629,0.5614,0.5599,0.559,0.5619,0.5658,0.5698,0.5738,0.5824,0.5891,0.5958,0.6034,0.7448,0.7316,0.7222,0.713,0.7059,0.6993,0.6927,0.6863,0.5536,0.5389,0.0465,0.0463,0.046,0.0459,0.0459,0.0458,0.0457,0.0456,0.0455,0.0455,0.0454,0.0453,0.0452,0.0452,0.0451,0.045,0.0449,0.0449,0.0448,0.0447,0.0446,0.0446,0.0444,0.0442,0.044,0.0438,0.0436,0.0434,0.043,0.0427,0.0423,0.042,0.0416,0.0413,0.041,0.0407,0.0404,0.04,0.0397,0.0394,0.0391,0.039,0.0389,0.0388,0.0387,0.0386,0.0385,0.0384,0.0383,0.0382,0.0381,0.0381,0.0381,0.0381,0.038,0.038,0.038,0.038,0.038,0.038,0.0379,0.0379,0.0379,0.0379,0.0379,0.0379,0.0378,0.0378,0.0378,0.0378,0.0378,0.0378,0.0378,0.0377,0.0377,0.0377,0.0377,0.0377,0.0376,0.0375,0.0374,0.0373,0.0372,0.0371,0.037,0.0369,0.0369,0.0368,0.0366,0.0364,0.0363,0.0361,0.0359,0.0358,0.0356,0.0354,0.0353,0.0351,0.035,0.0348,0.0346,0.0345,0.0343,0.0342,0.034,0.0339,0.0337,0.0336,0.0334,0.0333,0.0331,0.033,0.0329,0.0329,0.0329,0.0329,0.0329,0.0329,0.0329,0.0329,0.033,0.0331,0.0332,0.0333,0.0334,0.0335,0.0336,0.0337,0.0338,0.0339,0.034,0.0341,0.0342,0.0343,0.0345,0.0346,0.0347,0.0348,0.035,0.0351,0.0353,0.0354,0.0356,0.0358,0.0359,0.0361,0.0363,0.0364,0.0366,0.037,0.0375,0.038,0.038,0.038,0.038,0.038,0.038,0.038,0.0379,0.0379,0.0379,0.0379,0.0379,0.0379,0.0379,0.0379,0.0379,0.0379,0.0379,0.0379,0.0379,0.0379,0.0379,0.0379,0.0379,0.0379,0.0379,0.0379,0.0379,0.0379,0.0379,0.0379,0.0379,0.0379,0.0378,0.0377,0.0375,0.0374,0.0373,0.0372,0.037,0.0369,0.0368,0.0367,0.0366,0.0365,0.0363,0.0362,0.0361,0.0361,0.036,0.036,0.0359,0.0358,0.0358,0.0357,0.0357,0.0356,0.0356,0.0355,0.0356,0.0357,0.0358,0.0359,0.036,0.0361,0.0362,0.0362
0.5896,0.5918,0.594,0.5961,0.5983,0.6005,0.6028,0.6064,0.6158,0.6255,0.6357,0.8198,0.8084,0.7974,0.5638,0.5626,0.5613,0.56,0.5585,0.5582,0.5617,0.5657,0.5697,0.5737,0.5822,0.5888,0.5956,0.603,0.7405,0.7296,0.7202,0.711,0.7038,0.6971,0.6907,0.6843,0.5528,0.5477,0.0465,0.0462,0.046,0.0459,0.0459,0.0458,0.0457,0.0456,0.0455,0.0455,0.0454,0.0453,0.0452,0.0452,0.0451,0.045,0.0449,0.0449,0.0448,0.0447,0.0446,0.0446,0.0445,0.0443,0.0441,0.0439,0.0437,0.0434,0.043,0.0427,0.0423,0.042,0.0417,0.0413,0.041,0.0407,0.0404,0.0401,0.0398,0.0395,0.0392,0.0389,0.0388,0.0387,0.0386,0.0385,0.0384,0.0383,0.0382,0.0382,0.0381,0.0381,0.0381,0.038,0.038,0.038,0.038,0.038,0.038,0.0379,0.0379,0.0379,0.0379,0.0379,0.0379,0.0379,0.0378,0.0378,0.0378,0.0378,0.0378,0.0378,0.0377,0.0377,0.0377,0.0377,0.0377,0.0377,0.0377,0.0376,0.0375,0.0374,0.0373,0.0372,0.0371,0.037,0.0369,0.0368,0.0367,0.0365,0.0363,0.0361,0.036,0.0358,0.0356,0.0355,0.0353,0.0351,0.035,0.0348,0.0347,0.0345,0.0344,0.0342,0.034,0.0339,0.0337,0.0336,0.0335,0.0333,0.0332,0.033,0.0329,0.0328,0.0328,0.0328,0.0329,0.0329,0.0329,0.0329,0.033,0.0331,0.0332,0.0333,0.0334,0.0335,0.0336,0.0337,0.0338,0.0339,0.034,0.0341,0.0342,0.0343,0.0344,0.0345,0.0347,0.0348,0.035,0.0351,0.0353,0.0355,0.0356,0.0358,0.0359,0.0361,0.0363,0.0364,0.0367,0.0372,0.0376,0.0381,0.0382,0.0381,0.0381,0.0381,0.0381,0.0381,0.0381,0.0381,0.038,0.038,0.038,0.038,0.038,0.038,0.038,0.038,0.038,0.038,0.038,0.038,0.038,0.038,0.038,0.038,0.038,0.038,0.038,0.0381,0.0381,0.0381,0.038,0.0379,0.0378,0.0376,0.0375,0.0374,0.0373,0.0372,0.037,0.0369,0.0368,0.0367,0.0366,0.0364,0.0363,0.0362,0.0361,0.036,0.036,0.0359,0.0359,0.0358,0.0358,0.0357,0.0357,0.0356,0.0355,0.0355,0.0354,0.0355,0.0356,0.0357,0.0358,0.0359,0.036,0.036
0.5880,0.5901,0.5923,0.5944,0.5966,0.599,0.6016,0.606,0.6144,0.6237,0.6336,0.817,0.8057,0.7948,0.5622,0.5609,0.5596,0.5584,0.5571,0.5577,0.5616,0.5655,0.5695,0.5736,0.582,0.5886,0.5953,0.6025,0.7374,0.7276,0.7182,0.7091,0.7016,0.695,0.6886,0.6823,0.5519,0.5469,0.0464,0.0461,0.046,0.0459,0.0459,0.0458,0.0457,0.0456,0.0456,0.0455,0.0454,0.0453,0.0452,0.0452,0.0451,0.045,0.0449,0.0449,0.0448,0.0447,0.0446,0.0446,0.0445,0.0443,0.0441,0.0439,0.0437,0.0434,0.0431,0.0427,0.0424,0.042,0.0417,0.0413,0.041,0.0407,0.0404,0.0401,0.0398,0.0395,0.0392,0.0389,0.0388,0.0387,0.0386,0.0385,0.0384,0.0383,0.0382,0.0381,0.0381,0.0381,0.0381,0.038,0.038,0.038,0.038,0.038,0.038,0.0379,0.0379,0.0379,0.0379,0.0379,0.0379,0.0378,0.0378,0.0378,0.0378,0.0378,0.0378,0.0378,0.0377,0.0377,0.0377,0.0377,0.0377,0.0377,0.0376,0.0376,0.0375,0.0374,0.0373,0.0372,0.0371,0.037,0.0369,0.0368,0.0367,0.0365,0.0363,0.0362,0.036,0.0358,0.0357,0.0355,0.0353,0.0352,0.035,0.0348,0.0347,0.0345,0.0344,0.0342,0.0341,0.0339,0.0338,0.0336,0.0335,0.0333,0.0332,0.033,0.0329,0.0328,0.0328,0.0328,0.0328,0.0328,0.0328,0.0328,0.0329,0.033,0.0331,0.0332,0.0333,0.0334,0.0335,0.0336,0.0337,0.0338,0.0339,0.034,0.0341,0.0342,0.0344,0.0345,0.0347,0.0348,0.035,0.0352,0.0353,0.0355,0.0356,0.0358,0.036,0.0361,0.0363,0.0365,0.0368,0.0373,0.0378,0.0383,0.0383,0.0383,0.0383,0.0383,0.0382,0.0382,0.0382,0.0382,0.0382,0.0382,0.0382,0.0381,0.0381,0.0381,0.0381,0.0381,0.0381,0.0381,0.0381,0.0381,0.0381,0.0381,0.0381,0.0382,0.0382,0.0382,0.0382,0.0382,0.0382,0.0381,0.038,0.0379,0.0378,0.0376,0.0375,0.0374,0.0373,0.0371,0.037,0.0369,0.0368,0.0367,0.0366,0.0364,0.0363,0.0362,0.0361,0.036,0.036,0.0359,0.0359,0.0358,0.0357,0.0357,0.0356,0.0356,0.0355,0.0355,0.0354,0.0354,0.0354,0.0355,0.0356,0.0357,0.0358,0.0359
0.5863,0.5886,0.5911,0.5935,0.5961,0.5986,0.6012,0.6067,0.6151,0.6237,0.6326,0.8142,0.8031,0.7927,0.5605,0.5593,0.5581,0.5571,0.5561,0.5576,0.5615,0.5654,0.5694,0.5753,0.5817,0.5883,0.5951,0.6021,0.7351,0.7256,0.7163,0.7072,0.6995,0.6929,0.6865,0.6802,0.5511,0.5461,0.0463,0.0461,0.046,0.046,0.0459,0.0458,0.0457,0.0456,0.0456,0.0455,0.0454,0.0453,0.0452,0.0452,0.0451,0.045,0.0449,0.0449,0.0448,0.0447,0.0446,0.0446,0.0445,0.0444,0.0442,0.044,0.0438,0.0434,0.0431,0.0427,0.0424,0.042,0.0417,0.0414,0.041,0.0407,0.0404,0.0401,0.0398,0.0395,0.0392,0.0389,0.0387,0.0386,0.0385,0.0385,0.0384,0.0383,0.0382,0.0381,0.0381,0.0381,0.038,0.038,0.038,0.038,0.038,0.038,0.038,0.0379,0.0379,0.0379,0.0379,0.0379,0.0379,0.0378,0.0378,0.0378,0.0378,0.0378,0.0378,0.0377,0.0377,0.0377,0.0377,0.0377,0.0377,0.0377,0.0376,0.0376,0.0375,0.0374,0.0374,0.0373,0.0372,0.0371,0.037,0.0369,0.0367,0.0365,0.0364,0.0362,0.036,0.0359,0.0357,0.0355,0.0354,0.0352,0.035,0.0349,0.0347,0.0346,0.0344,0.0343,0.0341,0.0339,0.0338,0.0337,0.0335,0.0334,0.0332,0.0331,0.0329,0.0328,0.0327,0.0327,0.0327,0.0327,0.0327,0.0328,0.0329,0.0329,0.033,0.0331,0.0332,0.0334,0.0335,0.0336,0.0337,0.0338,0.0339,0.034,0.0341,0.0343,0.0344,0.0346,0.0347,0.0349,0.035,0.0352,0.0353,0.0355,0.0357,0.0358,0.036,0.0362,0.0363,0.0365,0.037,0.0374,0.0379,0.0384,0.0384,0.0384,0.0384,0.0384,0.0384,0.0384,0.0383,0.0383,0.0383,0.0383,0.0383,0.0383,0.0383,0.0383,0.0382,0.0382,0.0382,0.0382,0.0382,0.0383,0.0383,0.0383,0.0383,0.0383,0.0383,0.0383,0.0383,0.0383,0.0383,0.0381,0.038,0.0379,0.0378,0.0376,0.0375,0.0374,0.0373,0.0371,0.037,0.0369,0.0368,0.0367,0.0365,0.0364,0.0363,0.0362,0.0361,0.036,0.0359,0.0359,0.0358,0.0358,0.0357,0.0357,0.0356,0.0356,0.0355,0.0354,0.0354,0.0353,0.0353,0.0353,0.0354,0.0355,0.0356,0.0357
0.5857,0.5882,0.5906,0.5931,0.5956,0.5982,0.6007,0.6073,0.6157,0.6244,0.6336,0.8115,0.8004,0.791,0.7883,0.5639,0.5629,0.5619,0.5609,0.5606,0.5613,0.5653,0.5693,0.575,0.5815,0.5881,0.5948,0.7463,0.733,0.7236,0.7143,0.7053,0.6973,0.6909,0.6845,0.6782,0.5503,0.5452,0.0462,0.0461,0.046,0.046,0.0459,0.0458,0.0457,0.0456,0.0456,0.0455,0.0454,0.0453,0.0453,0.0452,0.0451,0.045,0.0449,0.0449,0.0448,0.0447,0.0446,0.0446,0.0445,0.0444,0.0442,0.044,0.0438,0.0435,0.0431,0.0427,0.0424,0.042,0.0417,0.0414,0.0411,0.0407,0.0404,0.0401,0.0398,0.0395,0.0392,0.0389,0.0387,0.0386,0.0385,0.0384,0.0383,0.0382,0.0381,0.0381,0.0381,0.0381,0.038,0.038,0.038,0.038,0.038,0.038,0.0379,0.0379,0.0379,0.0379,0.0379,0.0379,0.0378,0.0378,0.0378,0.0378,0.0378,0.0378,0.0378,0.0377,0.0377,0.0377,0.0377,0.0377,0.0377,0.0376,0.0376,0.0376,0.0376,0.0375,0.0374,0.0373,0.0372,0.0371,0.037,0.0369,0.0367,0.0366,0.0364,0.0362,0.036,0.0359,0.0357,0.0355,0.0354,0.0352,0.0351,0.0349,0.0347,0.0346,0.0344,0.0343,0.0341,0.034,0.0338,0.0337,0.0335,0.0334,0.0332,0.0331,0.033,0.0328,0.0327,0.0327,0.0327,0.0327,0.0327,0.0327,0.0328,0.0329,0.033,0.0331,0.0332,0.0333,0.0334,0.0335,0.0336,0.0337,0.0338,0.034,0.0341,0.0343,0.0344,0.0346,0.0347,0.0349,0.035,0.0352,0.0354,0.0355,0.0357,0.0359,0.036,0.0362,0.0363,0.0366,0.0371,0.0376,0.0381,0.0386,0.0386,0.0386,0.0385,0.0385,0.0385,0.0385,0.0385,0.0385,0.0385,0.0384,0.0384,0.0384,0.0384,0.0384,0.0384,0.0384,0.0384,0.0384,0.0384,0.0384,0.0384,0.0384,0.0384,0.0384,0.0384,0.0384,0.0384,0.0384,0.0382,0.0381,0.038,0.0379,0.0377,0.0376,0.0375,0.0374,0.0373,0.0371,0.037,0.0369,0.0368,0.0367,0.0365,0.0364,0.0363,0.0362,0.0361,0.036,0.0359,0.0359,0.0358,0.0357,0.0357,0.0356,0.0356,0.0355,0.0355,0.0354,0.0354,0.0353,0.0353,0.0352,0.0352,0.0353,0.0354,0.0355
0.5853,0.5877,0.5902,0.5927,0.5952,0.5977,0.6003,0.608,0.6165,0.6257,0.6352,0.8088,0.7978,0.7892,0.7865,0.7839,0.5678,0.5668,0.5657,0.5655,0.5656,0.5657,0.5691,0.5748,0.5812,0.5883,0.596,0.7419,0.731,0.7216,0.7124,0.7034,0.6952,0.6888,0.6825,0.6762,0.5495,0.5444,0.0462,0.0461,0.046,0.046,0.0459,0.0458,0.0457,0.0456,0.0456,0.0455,0.0454,0.0453,0.0453,0.0452,0.0451,0.045,0.045,0.0449,0.0448,0.0447,0.0447,0.0446,0.0445,0.0444,0.0443,0.0441,0.0438,0.0435,0.0431,0.0428,0.0424,0.0421,0.0417,0.0414,0.0411,0.0407,0.0404,0.0401,0.0398,0.0395,0.0392,0.0389,0.0387,0.0386,0.0385,0.0384,0.0383,0.0382,0.0381,0.0381,0.0381,0.038,0.038,0.038,0.038,0.038,0.038,0.038,0.0379,0.0379,0.0379,0.0379,0.0379,0.0379,0.0378,0.0378,0.0378,0.0378,0.0378,0.0378,0.0377,0.0377,0.0377,0.0377,0.0377,0.0377,0.0377,0.0376,0.0376,0.0376,0.0376,0.0375,0.0374,0.0373,0.0372,0.0371,0.037,0.0369,0.0368,0.0366,0.0364,0.0362,0.0361,0.0359,0.0357,0.0356,0.0354,0.0352,0.0351,0.0349,0.0348,0.0346,0.0345,0.0343,0.0341,0.034,0.0338,0.0337,0.0336,0.0334,0.0333,0.0331,0.033,0.0328,0.0327,0.0326,0.0326,0.0326,0.0326,0.0327,0.0328,0.0328,0.0329,0.033,0.0331,0.0332,0.0333,0.0335,0.0336,0.0337,0.0339,0.034,0.0342,0.0343,0.0345,0.0346,0.0348,0.0349,0.0351,0.0352,0.0354,0.0355,0.0357,0.0359,0.036,0.0362,0.0364,0.0368,0.0372,0.0377,0.0382,0.0387,0.0387,0.0387,0.0387,0.0387,0.0387,0.0386,0.0386,0.0386,0.0386,0.0386,0.0386,0.0386,0.0385,0.0385,0.0385,0.0385,0.0385,0.0385,0.0385,0.0385,0.0385,0.0385,0.0385,0.0385,0.0385,0.0385,0.0385,0.0384,0.0382,0.0381,0.038,0.0379,0.0377,0.0376,0.0375,0.0374,0.0372,0.0371,0.037,0.0369,0.0368,0.0366,0.0365,0.0364,0.0363,0.0362,0.0361,0.036,0.0359,0.0358,0.0358,0.0357,0.0357,0.0356,0.0356,0.0355,0.0355,0.0354,0.0353,0.0353,0.0352,0.0352,0.0351,0.0351,0.0352,0.0353
0.5846,0.5871,0.5896,0.5921,0.5947,0.5973,0.6004,0.6091,0.618,0.6273,0.6361,0.8061,0.7951,0.7875,0.7848,0.7822,0.5796,0.5769,0.5707,0.5705,0.5706,0.5707,0.5705,0.5748,0.5821,0.5896,0.7485,0.739,0.729,0.7196,0.7104,0.7015,0.6931,0.6867,0.6804,0.6745,0.5487,0.5436,0.0462,0.0461,0.046,0.046,0.0459,0.0458,0.0457,0.0457,0.0456,0.0455,0.0454,0.0453,0.0453,0.0452,0.0451,0.045,0.045,0.0449,0.0448,0.0447,0.0447,0.0446,0.0445,0.0444,0.0443,0.0441,0.0439,0.0435,0.0431,0.0428,0.0424,0.0421,0.0417,0.0414,0.0411,0.0408,0.0404,0.0401,0.0398,0.0395,0.0392,0.0389,0.0386,0.0385,0.0384,0.0383,0.0382,0.0381,0.0381,0.0381,0.0381,0.038,0.038,0.038,0.038,0.038,0.038,0.0379,0.0379,0.0379,0.0379,0.0379,0.0379,0.0378,0.0378,0.0378,0.0378,0.0378,0.0378,0.0378,0.0377,0.0377,0.0377,0.0377,0.0377,0.0377,0.0376,0.0376,0.0376,0.0376,0.0376,0.0376,0.0375,0.0374,0.0373,0.0372,0.0371,0.037,0.0368,0.0366,0.0364,0.0363,0.0361,0.0359,0.0358,0.0356,0.0354,0.0353,0.0351,0.035,0.0348,0.0346,0.0345,0.0343,0.0342,0.034,0.0339,0.0337,0.0336,0.0334,0.0333,0.0331,0.033,0.0329,0.0327,0.0326,0.0325,0.0325,0.0326,0.0326,0.0327,0.0328,0.0329,0.033,0.0331,0.0332,0.0333,0.0334,0.0336,0.0337,0.0339,0.034,0.0342,0.0343,0.0345,0.0346,0.0348,0.0349,0.0351,0.0353,0.0354,0.0356,0.0357,0.0359,0.0361,0.0362,0.0364,0.0369,0.0374,0.0378,0.0383,0.0389,0.0388,0.0388,0.0388,0.0388,0.0388,0.0388,0.0388,0.0388,0.0387,0.0387,0.0387,0.0387,0.0387,0.0387,0.0387,0.0386,0.0386,0.0386,0.0386,0.0386,0.0386,0.0386,0.0386,0.0386,0.0386,0.0386,0.0385,0.0384,0.0382,0.0381,0.038,0.0379,0.0377,0.0376,0.0375,0.0374,0.0372,0.0371,0.037,0.0369,0.0368,0.0366,0.0365,0.0364,0.0363,0.0362,0.0361,0.036,0.0359,0.0358,0.0358,0.0357,0.0356,0.0356,0.0355,0.0355,0.0354,0.0354,0.0353,0.0353,0.0352,0.0352,0.0351,0.035,0.035,0.0351
0.5837,0.5862,0.5887,0.5912,0.5938,0.5964,0.6018,0.6106,0.6196,0.6289,0.6353,0.8034,0.7925,0.7857,0.7831,0.7804,0.5782,0.5755,0.5728,0.5719,0.5712,0.5704,0.5697,0.576,0.5834,0.591,0.7476,0.7365,0.7269,0.7176,0.7085,0.6996,0.691,0.6847,0.6784,0.673,0.5478,0.5428,0.5395,0.0464,0.0463,0.0462,0.0461,0.0459,0.0458,0.0457,0.0456,0.0455,0.0454,0.0453,0.0453,0.0452,0.0451,0.045,0.045,0.0449,0.0448,0.0447,0.0447,0.0446,0.0445,0.0444,0.0444,0.0442,0.0439,0.0435,0.0431,0.0428,0.0424,0.0421,0.0418,0.0414,0.0411,0.0408,0.0405,0.0402,0.0398,0.0395,0.0392,0.0389,0.0387,0.0385,0.0384,0.0383,0.0382,0.0381,0.0381,0.0381,0.038,0.038,0.038,0.038,0.038,0.038,0.038,0.0379,0.0379,0.0379,0.0379,0.0379,0.0379,0.0378,0.0378,0.0378,0.0378,0.0378,0.0378,0.0377,0.0377,0.0377,0.0377,0.0377,0.0377,0.0377,0.0376,0.0376,0.0376,0.0376,0.0376,0.0376,0.0375,0.0374,0.0373,0.0372,0.0371,0.037,0.0368,0.0366,0.0365,0.0363,0.0361,0.036,0.0358,0.0356,0.0355,0.0353,0.0351,0.035,0.0348,0.0347,0.0345,0.0344,0.0342,0.034,0.0339,0.0337,0.0336,0.0335,0.0333,0.0332,0.033,0.0329,0.0327,0.0326,0.0325,0.0325,0.0325,0.0326,0.0327,0.0327,0.0328,0.0329,0.033,0.0332,0.0333,0.0335,0.0336,0.0338,0.0339,0.034,0.0342,0.0343,0.0345,0.0346,0.0348,0.035,0.0351,0.0353,0.0354,0.0356,0.0358,0.0359,0.0361,0.0363,0.0366,0.037,0.0375,0.038,0.0385,0.039,0.039,0.039,0.039,0.0389,0.0389,0.0389,0.0389,0.0389,0.0389,0.0389,0.0388,0.0388,0.0388,0.0388,0.0388,0.0388,0.0388,0.0388,0.0387,0.0387,0.0387,0.0387,0.0387,0.0387,0.0387,0.0386,0.0385,0.0384,0.0382,0.0381,0.038,0.0378,0.0377,0.0376,0.0375,0.0374,0.0372,0.0371,0.037,0.0369,0.0368,0.0366,0.0365,0.0364,0.0363,0.0362,0.0361,0.0359,0.0358,0.0358,0.0357,0.0357,0.0356,0.0356,0.0355,0.0355,0.0354,0.0354,0.0353,0.0352,0.0352,0.0351,0.0351,0.035,0.035,0.0349
0.5828,0.5853,0.5878,0.5903,0.5929,0.5956,0.6027,0.6121,0.6211,0.6305,0.6344,0.8007,0.7899,0.784,0.7814,0.7787,0.5767,0.574,0.572,0.5712,0.5704,0.5696,0.5701,0.5773,0.5847,0.745,0.7467,0.7345,0.7249,0.7156,0.7066,0.6978,0.6892,0.6826,0.6764,0.6715,0.547,0.5422,0.539,0.0467,0.0466,0.0465,0.0464,0.0462,0.0461,0.046,0.0459,0.0458,0.0457,0.0456,0.0455,0.0453,0.0452,0.0451,0.045,0.0449,0.0448,0.0447,0.0447,0.0446,0.0445,0.0444,0.0444,0.0442,0.0439,0.0435,0.0432,0.0428,0.0425,0.0421,0.0418,0.0414,0.0411,0.0408,0.0405,0.0402,0.0399,0.0396,0.0393,0.039,0.0387,0.0384,0.0383,0.0382,0.0382,0.0381,0.0381,0.0381,0.038,0.038,0.038,0.038,0.038,0.038,0.0379,0.0379,0.0379,0.0379,0.0379,0.0379,0.0379,0.0378,0.0378,0.0378,0.0378,0.0378,0.0378,0.0377,0.0377,0.0377,0.0377,0.0377,0.0377,0.0376,0.0376,0.0376,0.0376,0.0376,0.0376,0.0376,0.0375,0.0374,0.0373,0.0372,0.0371,0.037,0.0369,0.0367,0.0365,0.0363,0.0362,0.036,0.0358,0.0357,0.0355,0.0353,0.0352,0.035,0.0348,0.0347,0.0345,0.0344,0.0342,0.0341,0.0339,0.0338,0.0336,0.0335,0.0333,0.0332,0.033,0.0329,0.0328,0.0326,0.0325,0.0324,0.0324,0.0325,0.0326,0.0327,0.0328,0.0329,0.0331,0.0332,0.0333,0.0335,0.0336,0.0338,0.0339,0.0341,0.0342,0.0344,0.0345,0.0347,0.0348,0.035,0.0351,0.0353,0.0355,0.0356,0.0358,0.0359,0.0361,0.0363,0.0367,0.0372,0.0376,0.0381,0.0386,0.0391,0.0391,0.0391,0.0391,0.0391,0.0391,0.0391,0.039,0.039,0.039,0.039,0.039,0.039,0.039,0.0389,0.0389,0.0389,0.0389,0.0389,0.0389,0.0389,0.0388,0.0388,0.0388,0.0388,0.0387,0.0386,0.0385,0.0383,0.0382,0.0381,0.038,0.0378,0.0377,0.0376,0.0375,0.0373,0.0372,0.0371,0.037,0.0369,0.0367,0.0366,0.0365,0.0364,0.0363,0.0362,0.0361,0.0359,0.0358,0.0358,0.0357,0.0357,0.0356,0.0355,0.0355,0.0354,0.0354,0.0353,0.0353,0.0352,0.0352,0.0351,0.0351,0.035,0.035,0.0349
0.5819,0.5844,0.5869,0.5894,0.5921,0.5948,0.6036,0.6136,0.6227,0.6306,0.8091,0.7981,0.7873,0.7823,0.7797,0.7771,0.5753,0.5726,0.5712,0.5704,0.5696,0.5689,0.5713,0.5786,0.5928,0.7439,0.7434,0.7324,0.7229,0.7137,0.7047,0.6959,0.6873,0.6806,0.6744,0.67,0.5462,0.5418,0.5385,0.5353,0.0469,0.0468,0.0467,0.0465,0.0464,0.0463,0.0462,0.0461,0.046,0.0459,0.0457,0.0456,0.0455,0.0454,0.0453,0.0452,0.0451,0.045,0.0449,0.0448,0.0447,0.0445,0.0444,0.0444,0.0439,0.0435,0.0432,0.0428,0.0425,0.0421,0.0418,0.0415,0.0411,0.0408,0.0405,0.0402,0.0399,0.0396,0.0393,0.039,0.0387,0.0384,0.0383,0.0382,0.0381,0.0381,0.0381,0.038,0.038,0.038,0.038,0.038,0.038,0.038,0.0379,0.0379,0.0379,0.0379,0.0379,0.0379,0.0378,0.0378,0.0378,0.0378,0.0378,0.0378,0.0377,0.0377,0.0377,0.0377,0.0377,0.0377,0.0377,0.0376,0.0376,0.0376,0.0376,0.0376,0.0376,0.0375,0.0375,0.0375,0.0374,0.0373,0.0372,0.0371,0.0369,0.0367,0.0365,0.0364,0.0362,0.036,0.0358,0.0357,0.0355,0.0354,0.0352,0.035,0.0349,0.0347,0.0346,0.0344,0.0343,0.0341,0.0339,0.0338,0.0336,0.0335,0.0334,0.0332,0.0331,0.0329,0.0328,0.0326,0.0325,0.0324,0.0324,0.0325,0.0326,0.0327,0.0328,0.0329,0.0331,0.0332,0.0334,0.0335,0.0337,0.0338,0.0339,0.0341,0.0342,0.0344,0.0345,0.0347,0.0348,0.035,0.0352,0.0353,0.0355,0.0356,0.0358,0.036,0.0361,0.0364,0.0368,0.0373,0.0378,0.0383,0.0388,0.0393,0.0393,0.0393,0.0392,0.0392,0.0392,0.0392,0.0392,0.0392,0.0392,0.0391,0.0391,0.0391,0.0391,0.0391,0.0391,0.0391,0.039,0.039,0.039,0.039,0.039,0.039,0.039,0.0389,0.0387,0.0386,0.0385,0.0383,0.0382,0.0381,0.038,0.0378,0.0377,0.0376,0.0375,0.0373,0.0372,0.0371,0.037,0.0369,0.0367,0.0366,0.0365,0.0364,0.0363,0.0362,0.036,0.0359,0.0358,0.0357,0.0357,0.0356,0.0356,0.0355,0.0355,0.0354,0.0354,0.0353,0.0353,0.0352,0.0351,0.0351,0.035,0.035,0.0349,0.0349
0.5811,0.5835,0.586,0.5886,0.5913,0.5939,0.6045,0.6151,0.6243,0.6297,0.8064,0.7954,0.7848,0.7806,0.778,0.7754,0.5738,0.5713,0.5705,0.5696,0.5688,0.5681,0.5726,0.5799,0.7575,0.7484,0.7406,0.7304,0.7209,0.7118,0.7028,0.6941,0.6855,0.6786,0.6725,0.6685,0.5454,0.5413,0.538,0.5348,0.5344,0.0471,0.047,0.0468,0.0467,0.0466,0.0465,0.0464,0.0463,0.0461,0.046,0.0459,0.0458,0.0457,0.0456,0.0455,0.0454,0.0453,0.0451,0.045,0.0449,0.0449,0.0449,0.0449,0.0445,0.044,0.0434,0.043,0.0425,0.0421,0.0418,0.0415,0.0411,0.0408,0.0405,0.0402,0.0399,0.0396,0.0393,0.039,0.0387,0.0384,0.0383,0.0382,0.0381,0.0381,0.0381,0.038,0.038,0.038,0.038,0.038,0.038,0.0379,0.0379,0.0379,0.0379,0.0379,0.0379,0.0379,0.0378,0.0378,0.0378,0.0378,0.0378,0.0378,0.0377,0.0377,0.0377,0.0377,0.0377,0.0377,0.0376,0.0376,0.0376,0.0376,0.0376,0.0376,0.0376,0.0375,0.0375,0.0375,0.0374,0.0373,0.0372,0.0371,0.0369,0.0367,0.0366,0.0364,0.0362,0.036,0.0359,0.0357,0.0355,0.0354,0.0352,0.0351,0.0349,0.0347,0.0346,0.0344,0.0343,0.0341,0.034,0.0338,0.0337,0.0335,0.0334,0.0332,0.0331,0.033,0.0328,0.0327,0.0325,0.0324,0.0323,0.0324,0.0326,0.0327,0.0328,0.033,0.0331,0.0332,0.0334,0.0335,0.0337,0.0338,0.034,0.0341,0.0343,0.0344,0.0346,0.0347,0.0349,0.035,0.0352,0.0353,0.0355,0.0357,0.0358,0.036,0.0362,0.0365,0.037,0.0374,0.0379,0.0384,0.0389,0.0394,0.0394,0.0394,0.0394,0.0394,0.0394,0.0393,0.0393,0.0393,0.0393,0.0393,0.0393,0.0393,0.0392,0.0392,0.0392,0.0392,0.0392,0.0392,0.0392,0.0391,0.0398,0.0396,0.0393,0.0389,0.0387,0.0386,0.0385,0.0383,0.0382,0.0381,0.0379,0.0378,0.0377,0.0376,0.0374,0.0373,0.0372,0.0371,0.037,0.0368,0.0367,0.0366,0.0365,0.0364,0.0363,0.0361,0.036,0.0359,0.0358,0.0357,0.0357,0.0356,0.0356,0.0355,0.0354,0.0354,0.0353,0.0353,0.0352,0.0352,0.0351,0.0351,0.035,0.035,0.0349,0.0349
0.5802,0.5827,0.5852,0.5878,0.5905,0.5931,0.6054,0.6166,0.6258,0.8124,0.8037,0.7928,0.7822,0.7789,0.7763,0.7737,0.5724,0.5706,0.5697,0.5688,0.5681,0.5673,0.5738,0.7599,0.7582,0.7547,0.738,0.7283,0.719,0.7098,0.7009,0.6922,0.6838,0.6766,0.6705,0.667,0.5446,0.5408,0.5376,0.5344,0.5335,0.5356,0.0473,0.0471,0.047,0.0469,0.0468,0.0467,0.0466,0.0464,0.0463,0.0462,0.0461,0.046,0.0459,0.0458,0.0457,0.0455,0.0454,0.0454,0.0454,0.0454,0.0454,0.0454,0.0453,0.0446,0.0441,0.0436,0.0431,0.0426,0.0421,0.0416,0.0412,0.0408,0.0405,0.0402,0.0399,0.0396,0.0393,0.039,0.0387,0.0384,0.0382,0.0381,0.0381,0.0381,0.038,0.038,0.038,0.038,0.038,0.038,0.038,0.0379,0.0379,0.0379,0.0379,0.0379,0.0379,0.0378,0.0378,0.0378,0.0378,0.0378,0.0378,0.0377,0.0377,0.0377,0.0377,0.0377,0.0377,0.0377,0.0376,0.0376,0.0376,0.0376,0.0376,0.0376,0.0375,0.0375,0.0375,0.0375,0.0375,0.0374,0.0373,0.0371,0.0369,0.0368,0.0366,0.0364,0.0362,0.0361,0.0359,0.0357,0.0356,0.0354,0.0352,0.0351,0.0349,0.0348,0.0346,0.0345,0.0343,0.0341,0.034,0.0338,0.0337,0.0336,0.0334,0.0333,0.0331,0.033,0.0328,0.0327,0.0326,0.0325,0.0324,0.0324,0.0326,0.0327,0.0328,0.033,0.0331,0.0333,0.0334,0.0335,0.0337,0.0338,0.034,0.0341,0.0343,0.0344,0.0346,0.0347,0.0349,0.035,0.0352,0.0354,0.0355,0.0357,0.0358,0.036,0.0362,0.0366,0.0371,0.0376,0.0381,0.0386,0.0391,0.0396,0.0396,0.0396,0.0395,0.0395,0.0395,0.0395,0.0395,0.0395,0.0394,0.0394,0.0394,0.0394,0.0394,0.0394,0.0394,0.0393,0.041,0.0408,0.0407,0.0405,0.0403,0.0399,0.0396,0.0392,0.0388,0.0386,0.0384,0.0383,0.0382,0.0381,0.0379,0.0378,0.0377,0.0376,0.0374,0.0373,0.0372,0.0371,0.037,0.0368,0.0367,0.0366,0.0365,0.0364,0.0363,0.0361,0.036,0.0359,0.0358,0.0357,0.0356,0.0356,0.0355,0.0355,0.0354,0.0354,0.0353,0.0353,0.0352,0.0352,0.0351,0.035,0.035,0.0349,0.0349,0.0348
0.5793,0.5819,0.5844,0.587,0.5897,0.5923,0.6063,0.6181,0.8183,0.8096,0.8011,0.7902,0.7798,0.7772,0.7746,0.5736,0.5709,0.5698,0.5689,0.5681,0.5673,0.5679,0.5751,0.7597,0.7589,0.7572,0.7359,0.7263,0.717,0.7079,0.699,0.6904,0.682,0.6746,0.6685,0.6656,0.5438,0.5403,0.5371,0.5339,0.5326,0.536,0.5482,0.0475,0.0473,0.0472,0.0471,0.047,0.0469,0.0467,0.0466,0.0465,0.0464,0.0463,0.0462,0.0461,0.0459,0.0459,0.0459,0.0459,0.0459,0.0459,0.0459,0.0459,0.0459,0.0454,0.0448,0.0442,0.0437,0.0432,0.0427,0.0422,0.0417,0.0413,0.0408,0.0404,0.04,0.0396,0.0393,0.039,0.0387,0.0384,0.0382,0.0381,0.0381,0.0381,0.038,0.038,0.038,0.038,0.038,0.038,0.0379,0.0379,0.0379,0.0379,0.0379,0.0379,0.0379,0.0378,0.0378,0.0378,0.0378,0.0378,0.0378,0.0377,0.0377,0.0377,0.0377,0.0377,0.0377,0.0376,0.0376,0.0376,0.0376,0.0376,0.0376,0.0376,0.0375,0.0375,0.0375,0.0375,0.0375,0.0374,0.0373,0.0372,0.037,0.0368,0.0366,0.0364,0.0363,0.0361,0.0359,0.0358,0.0356,0.0354,0.0353,0.0351,0.035,0.0348,0.0346,0.0345,0.0343,0.0342,0.034,0.0339,0.0337,0.0336,0.0335,0.0334,0.0332,0.0331,0.033,0.0329,0.0328,0.0327,0.0326,0.0325,0.0326,0.0327,0.0329,0.033,0.0331,0.0333,0.0334,0.0336,0.0337,0.0339,0.034,0.0342,0.0343,0.0345,0.0346,0.0348,0.0349,0.0351,0.0352,0.0354,0.0355,0.0357,0.0359,0.036,0.0363,0.0367,0.0372,0.0377,0.0382,0.0387,0.0392,0.0397,0.0397,0.0397,0.0397,0.0397,0.0397,0.0396,0.0396,0.0396,0.0396,0.0396,0.0396,0.0396,0.0395,0.0421,0.0419,0.0418,0.0416,0.0414,0.0412,0.041,0.0406,0.0402,0.0398,0.0395,0.0391,0.0387,0.0384,0.0383,0.0382,0.0381,0.0379,0.0378,0.0377,0.0376,0.0374,0.0373,0.0372,0.0371,0.037,0.0368,0.0367,0.0366,0.0365,0.0364,0.0362,0.0361,0.036,0.0359,0.0358,0.0357,0.0356,0.0356,0.0355,0.0355,0.0354,0.0353,0.0353,0.0352,0.0352,0.0351,0.0351,0.035,0.035,0.0349,0.0349,0.0348
0.5785,0.5811,0.5837,0.5863,0.5889,0.5925,0.6072,0.6195,0.8154,0.8068,0.7983,0.7877,0.7781,0.7755,0.7729,0.5722,0.57,0.5691,0.5682,0.5673,0.5665,0.5692,0.7597,0.7593,0.7586,0.7579,0.7338,0.7243,0.715,0.706,0.6972,0.6886,0.6802,0.6726,0.6666,0.6641,0.5431,0.5398,0.5366,0.5334,0.5317,0.5364,0.5485,0.5612,0.0477,0.0475,0.0474,0.0473,0.0472,0.0471,0.0469,0.0468,0.0467,0.0466,0.0465,0.0464,0.0464,0.0464,0.0464,0.0464,0.0464,0.0464,0.0464,0.0464,0.0464,0.0463,0.0456,0.0449,0.0443,0.0438,0.0433,0.0428,0.0423,0.0418,0.0414,0.0409,0.0405,0.04,0.0396,0.0392,0.0388,0.0385,0.0382,0.0381,0.0381,0.0381,0.038,0.038,0.038,0.038,0.038,0.038,0.0379,0.0379,0.0379,0.0379,0.0379,0.0379,0.0378,0.0378,0.0378,0.0378,0.0378,0.0378,0.0378,0.0377,0.0377,0.0377,0.0377,0.0377,0.0377,0.0376,0.0376,0.0376,0.0376,0.0376,0.0376,0.0375,0.0375,0.0375,0.0375,0.0375,0.0375,0.0374,0.0373,0.0372,0.037,0.0368,0.0366,0.0365,0.0363,0.0361,0.036,0.0358,0.0356,0.0355,0.0353,0.0351,0.035,0.0348,0.0347,0.0345,0.0344,0.0343,0.0342,0.034,0.0339,0.0338,0.0337,0.0336,0.0335,0.0334,0.0333,0.0331,0.033,0.0329,0.0328,0.0327,0.0326,0.0327,0.0329,0.033,0.0332,0.0333,0.0334,0.0336,0.0337,0.0339,0.034,0.0342,0.0343,0.0345,0.0346,0.0348,0.0349,0.0351,0.0352,0.0354,0.0356,0.0357,0.0359,0.0361,0.0364,0.0369,0.0374,0.0378,0.0383,0.0389,0.0394,0.0399,0.0399,0.0398,0.0398,0.0398,0.0398,0.0398,0.0398,0.0398,0.0397,0.0397,0.0433,0.0431,0.0429,0.0427,0.0425,0.0423,0.0421,0.0419,0.0417,0.0413,0.0409,0.0405,0.0401,0.0397,0.0394,0.039,0.0387,0.0383,0.0382,0.038,0.0379,0.0378,0.0377,0.0375,0.0374,0.0373,0.0372,0.0371,0.0369,0.0368,0.0367,0.0366,0.0365,0.0364,0.0362,0.0361,0.036,0.0359,0.0358,0.0357,0.0356,0.0355,0.0355,0.0354,0.0354,0.0353,0.0353,0.0352,0.0352,0.0351,0.0351,0.035,0.0349,0.0349,0.0348,0.0348
0.5778,0.5803,0.5829,0.5855,0.5881,0.5935,0.6082,0.6204,0.8126,0.804,0.7956,0.7851,0.7764,0.7738,0.7712,0.5707,0.5692,0.5683,0.5674,0.5666,0.5658,0.5704,0.7592,0.7588,0.7581,0.7574,0.7318,0.7223,0.7131,0.7041,0.6953,0.6868,0.6784,0.6707,0.6647,0.6626,0.5426,0.5393,0.5361,0.5329,0.5308,0.5367,0.5489,0.636,0.048,0.0478,0.0477,0.0476,0.0475,0.0474,0.0472,0.0471,0.047,0.0469,0.0469,0.0469,0.0469,0.0469,0.0469,0.0469,0.0469,0.0469,0.0469,0.0469,0.0469,0.0469,0.0464,0.0457,0.045,0.0444,0.0439,0.0434,0.0429,0.0424,0.0419,0.0415,0.041,0.0406,0.0401,0.0397,0.0393,0.0389,0.0385,0.0381,0.0381,0.0381,0.0381,0.038,0.038,0.038,0.038,0.038,0.0379,0.0379,0.0379,0.0379,0.0379,0.0379,0.0378,0.0378,0.0378,0.0378,0.0378,0.0378,0.0377,0.0377,0.0377,0.0377,0.0377,0.0377,0.0376,0.0376,0.0376,0.0376,0.0376,0.0376,0.0376,0.0375,0.0375,0.0375,0.0375,0.0375,0.0375,0.0374,0.0374,0.0372,0.037,0.0369,0.0367,0.0365,0.0363,0.0362,0.036,0.0358,0.0357,0.0355,0.0354,0.0352,0.0351,0.035,0.0349,0.0348,0.0346,0.0345,0.0344,0.0343,0.0342,0.034,0.0339,0.0338,0.0337,0.0336,0.0335,0.0334,0.0333,0.0332,0.033,0.0329,0.0328,0.0328,0.0329,0.033,0.0332,0.0333,0.0335,0.0336,0.0338,0.0339,0.034,0.0342,0.0343,0.0345,0.0346,0.0348,0.035,0.0351,0.0353,0.0354,0.0356,0.0358,0.0359,0.0361,0.0366,0.037,0.0375,0.038,0.0385,0.039,0.0395,0.04,0.04,0.04,0.04,0.04,0.0399,0.0399,0.0399,0.0446,0.0443,0.0441,0.0439,0.0437,0.0435,0.0433,0.0431,0.0429,0.0427,0.0424,0.042,0.0416,0.0412,0.0408,0.0404,0.04,0.0397,0.0393,0.0389,0.0386,0.0382,0.038,0.0379,0.0378,0.0377,0.0375,0.0374,0.0373,0.0372,0.0371,0.0369,0.0368,0.0367,0.0366,0.0365,0.0363,0.0362,0.0361,0.036,0.0359,0.0358,0.0357,0.0356,0.0355,0.0355,0.0354,0.0354,0.0353,0.0352,0.0352,0.0351,0.0351,0.035,0.035,0.0349,0.0349,0.0348,0.0348
0.5770,0.5795,0.5821,0.5847,0.5873,0.5945,0.6091,0.8185,0.8098,0.8013,0.7929,0.7825,0.7747,0.7721,0.7696,0.5693,0.5685,0.5676,0.5667,0.5658,0.565,0.7586,0.7586,0.7584,0.7577,0.7446,0.7297,0.7203,0.7111,0.7022,0.6935,0.685,0.6767,0.6687,0.6628,0.6612,0.5421,0.5389,0.5357,0.5325,0.53,0.537,0.5492,0.6343,0.6315,0.0482,0.048,0.0479,0.0478,0.0477,0.0476,0.0475,0.0475,0.0475,0.0475,0.0475,0.0475,0.0475,0.0475,0.0475,0.0475,0.0475,0.0475,0.0475,0.0475,0.0475,0.0473,0.0466,0.0458,0.0452,0.0445,0.044,0.0435,0.043,0.0425,0.042,0.0416,0.0411,0.0407,0.0402,0.0398,0.0394,0.039,0.0384,0.0382,0.0382,0.0382,0.0381,0.0381,0.0381,0.0381,0.038,0.038,0.038,0.038,0.038,0.0379,0.0379,0.0379,0.0379,0.0379,0.0378,0.0378,0.0378,0.0378,0.0377,0.0377,0.0377,0.0377,0.0377,0.0376,0.0376,0.0376,0.0376,0.0376,0.0376,0.0375,0.0375,0.0375,0.0375,0.0375,0.0375,0.0375,0.0374,0.0374,0.0372,0.0371,0.0369,0.0367,0.0365,0.0364,0.0363,0.0361,0.036,0.0359,0.0357,0.0356,0.0355,0.0354,0.0352,0.0351,0.035,0.0349,0.0348,0.0346,0.0345,0.0344,0.0343,0.0342,0.0341,0.0339,0.0338,0.0337,0.0336,0.0335,0.0334,0.0333,0.0332,0.0331,0.0329,0.0329,0.0331,0.0332,0.0333,0.0335,0.0336,0.0338,0.0339,0.0341,0.0342,0.0344,0.0345,0.0347,0.0348,0.035,0.0351,0.0353,0.0355,0.0356,0.0358,0.0359,0.0362,0.0367,0.0372,0.0376,0.0381,0.0386,0.0392,0.0397,0.0402,0.0402,0.0401,0.0401,0.0401,0.131,0.1314,0.1318,0.1321,0.1325,0.1328,0.0445,0.0443,0.0441,0.0439,0.0436,0.0434,0.0432,0.0428,0.0423,0.0419,0.0415,0.0411,0.0407,0.0403,0.0399,0.0396,0.0392,0.0388,0.0385,0.0381,0.0379,0.0378,0.0377,0.0375,0.0374,0.0373,0.0372,0.037,0.0369,0.0368,0.0367,0.0366,0.0365,0.0363,0.0362,0.0361,0.036,0.0359,0.0358,0.0357,0.0356,0.0355,0.0354,0.0354,0.0353,0.0353,0.0352,0.0352,0.0351,0.0351,0.035,0.035,0.0349,0.0349,0.0348,0.0347
0.5762,0.5788,0.5813,0.5839,0.5865,0.5956,0.61,0.8156,0.807,0.7985,0.7902,0.78,0.773,0.7705,0.7679,0.5686,0.5677,0.5668,0.5659,0.5651,0.757,0.7581,0.7581,0.7579,0.7572,0.7369,0.7275,0.7183,0.7092,0.7003,0.6917,0.6832,0.6749,0.6669,0.661,0.6597,0.5416,0.5384,0.5352,0.532,0.5291,0.5374,0.636,0.6332,0.6304,0.6277,0.0484,0.0482,0.0481,0.048,0.048,0.048,0.048,0.048,0.048,0.048,0.048,0.048,0.048,0.048,0.048,0.048,0.048,0.048,0.048,0.048,0.048,0.0474,0.0467,0.046,0.0453,0.0446,0.0441,0.0436,0.0431,0.0426,0.0421,0.0417,0.0412,0.0408,0.0403,0.0399,0.0395,0.0389,0.0383,0.0383,0.0383,0.0382,0.0382,0.0382,0.0382,0.0381,0.0381,0.0381,0.0381,0.0381,0.038,0.038,0.038,0.038,0.0379,0.0379,0.0379,0.0379,0.0379,0.0378,0.0378,0.0378,0.0378,0.0378,0.0377,0.0377,0.0377,0.0377,0.0376,0.0376,0.0376,0.0376,0.0376,0.0375,0.0375,0.0375,0.0375,0.0375,0.0374,0.0373,0.0372,0.0371,0.0369,0.0368,0.0367,0.0365,0.0364,0.0363,0.0361,0.036,0.0359,0.0358,0.0356,0.0355,0.0354,0.0353,0.0351,0.035,0.0349,0.0348,0.0346,0.0345,0.0344,0.0343,0.0342,0.0341,0.0339,0.0338,0.0337,0.0336,0.0335,0.0334,0.0333,0.0332,0.0331,0.0331,0.0332,0.0334,0.0335,0.0336,0.0338,0.0339,0.0341,0.0342,0.0344,0.0345,0.0347,0.0348,0.035,0.0352,0.0353,0.0355,0.0356,0.0358,0.036,0.0364,0.0368,0.0373,0.0378,0.0383,0.0388,0.0393,0.0398,0.0403,0.0403,0.0446,0.047,0.1305,0.1309,0.1312,0.1316,0.132,0.1323,0.1327,0.133,0.1334,0.1337,0.1341,0.0442,0.044,0.0435,0.0431,0.0427,0.0422,0.0418,0.0414,0.041,0.0406,0.0402,0.0398,0.0395,0.0391,0.0387,0.0384,0.038,0.0378,0.0376,0.0375,0.0374,0.0373,0.0372,0.037,0.0369,0.0368,0.0367,0.0366,0.0365,0.0363,0.0362,0.0361,0.036,0.0359,0.0358,0.0357,0.0355,0.0355,0.0354,0.0354,0.0353,0.0353,0.0352,0.0352,0.0351,0.035,0.035,0.0349,0.0349,0.0348,0.0348,0.0347
0.5755,0.578,0.5805,0.5831,0.5857,0.5966,0.6109,0.8128,0.8042,0.7958,0.7875,0.7775,0.7714,0.7688,0.7663,0.5694,0.5687,0.5681,0.5674,0.7542,0.7547,0.756,0.7573,0.7575,0.7391,0.7345,0.7251,0.7161,0.7072,0.6985,0.6898,0.6814,0.6732,0.6652,0.6596,0.6574,0.5409,0.5378,0.5347,0.5315,0.5284,0.6377,0.6348,0.6321,0.6293,0.6266,0.6238,0.0486,0.0486,0.0486,0.0486,0.0486,0.0486,0.0486,0.0486,0.0486,0.0486,0.0486,0.0486,0.0486,0.0486,0.0486,0.0486,0.0486,0.0486,0.0486,0.0486,0.0484,0.0476,0.0468,0.0461,0.0454,0.0448,0.0442,0.0437,0.0432,0.0427,0.0422,0.0418,0.0413,0.0409,0.0404,0.04,0.0394,0.0388,0.0384,0.0383,0.0383,0.0383,0.0383,0.0383,0.0382,0.0382,0.0382,0.0382,0.0381,0.0381,0.0381,0.0381,0.0381,0.038,0.038,0.038,0.038,0.038,0.0379,0.0379,0.0379,0.0379,0.0378,0.0378,0.0378,0.0378,0.0378,0.0377,0.0377,0.0377,0.0377,0.0376,0.0376,0.0376,0.0376,0.0376,0.0376,0.0376,0.0375,0.0374,0.0373,0.0372,0.0371,0.0369,0.0368,0.0367,0.0365,0.0364,0.0363,0.0361,0.036,0.0359,0.0358,0.0356,0.0355,0.0354,0.0353,0.0351,0.035,0.0349,0.0348,0.0347,0.0345,0.0344,0.0343,0.0342,0.0341,0.034,0.0338,0.0337,0.0336,0.0335,0.0334,0.0333,0.0332,0.0332,0.0334,0.0335,0.0337,0.0338,0.034,0.0341,0.0343,0.0344,0.0346,0.0347,0.0349,0.035,0.0352,0.0353,0.0355,0.0357,0.0358,0.036,0.0365,0.0369,0.0374,0.0379,0.0384,0.0389,0.0395,0.04,0.0403,0.0416,0.0434,0.0462,0.0477,0.1307,0.1311,0.1314,0.1318,0.1321,0.1325,0.1328,0.1332,0.1335,0.1339,0.1342,0.1346,0.0439,0.0434,0.043,0.0425,0.0421,0.0417,0.0413,0.0409,0.0405,0.0401,0.0397,0.0394,0.039,0.0387,0.0383,0.038,0.0376,0.0375,0.0374,0.0373,0.0372,0.037,0.0369,0.0368,0.0367,0.0366,0.0364,0.0363,0.0362,0.0361,0.036,0.0359,0.0358,0.0356,0.0355,0.0355,0.0354,0.0353,0.0353,0.0352,0.0352,0.0351,0.0351,0.035,0.035,0.0349,0.0349,0.0348,0.0348,0.0347
0.5747,0.5772,0.5798,0.5823,0.5849,0.5977,0.6119,0.8099,0.8014,0.7931,0.7849,0.775,0.7697,0.7672,0.7646,0.7621,0.7596,0.7571,0.7546,0.7526,0.7525,0.7537,0.755,0.7478,0.7376,0.732,0.7228,0.7137,0.705,0.6964,0.688,0.6797,0.6715,0.6635,0.6581,0.6552,0.5396,0.5365,0.5335,0.6422,0.6394,0.6365,0.6337,0.631,0.6282,0.6255,0.623,0.0487,0.0487,0.0488,0.0488,0.0489,0.0489,0.049,0.049,0.0491,0.0491,0.0492,0.0492,0.0492,0.0492,0.0492,0.0492,0.0492,0.0492,0.0492,0.0492,0.0492,0.0485,0.0477,0.047,0.0463,0.0456,0.0449,0.0443,0.0438,0.0433,0.0428,0.0423,0.0419,0.0414,0.041,0.0405,0.0399,0.0393,0.0387,0.0384,0.0384,0.0384,0.0384,0.0384,0.0383,0.0383,0.0383,0.0383,0.0382,0.0382,0.0382,0.0382,0.0382,0.0381,0.0381,0.0381,0.0381,0.038,0.038,0.038,0.038,0.038,0.0379,0.0379,0.0379,0.0379,0.0378,0.0378,0.0378,0.0378,0.0378,0.0377,0.0377,0.0377,0.0377,0.0377,0.0377,0.0377,0.0376,0.0375,0.0374,0.0373,0.0372,0.0372,0.0371,0.0369,0.0368,0.0367,0.0365,0.0364,0.0363,0.0362,0.036,0.0359,0.0358,0.0356,0.0355,0.0354,0.0353,0.0351,0.035,0.0349,0.0348,0.0347,0.0345,0.0344,0.0343,0.0342,0.0341,0.034,0.0339,0.0337,0.0336,0.0335,0.0334,0.0333,0.0334,0.0335,0.0337,0.0338,0.034,0.0341,0.0343,0.0344,0.0346,0.0347,0.0349,0.035,0.0352,0.0354,0.0355,0.0357,0.0358,0.0362,0.0366,0.0371,0.0376,0.0381,0.0386,0.0391,0.0396,0.0399,0.0401,0.0405,0.0422,0.044,0.047,0.1306,0.1309,0.1313,0.1316,0.132,0.1323,0.1326,0.133,0.1333,0.1337,0.134,0.1344,0.1348,0.0436,0.0433,0.0429,0.0424,0.042,0.0416,0.0412,0.0408,0.0404,0.04,0.0396,0.0393,0.0389,0.0386,0.0382,0.0379,0.0375,0.0374,0.0373,0.0371,0.037,0.0369,0.0368,0.0367,0.0366,0.0364,0.0363,0.0362,0.0361,0.036,0.0359,0.0358,0.0356,0.0355,0.0354,0.0354,0.0353,0.0353,0.0352,0.0352,0.0351,0.0351,0.035,0.0349,0.0349,0.0348,0.0348,0.0347,0.0347
0.5739,0.5765,0.579,0.5816,0.5841,0.5987,0.6128,0.8071,0.7986,0.7904,0.7822,0.7725,0.7681,0.7655,0.763,0.7605,0.758,0.7555,0.753,0.7511,0.7502,0.7515,0.7528,0.7396,0.7361,0.7296,0.7204,0.7115,0.7027,0.6942,0.6859,0.6778,0.6698,0.6618,0.6566,0.653,0.6497,0.6468,0.6439,0.6411,0.6382,0.6354,0.6326,0.6298,0.6271,0.6244,0.6222,0.0487,0.0487,0.0488,0.0488,0.0489,0.0489,0.049,0.049,0.0491,0.0491,0.0492,0.0492,0.0493,0.0493,0.0494,0.0494,0.0495,0.0495,0.0496,0.0496,0.0497,0.0495,0.0487,0.0479,0.0471,0.0464,0.0457,0.045,0.0445,0.0439,0.0434,0.0429,0.0424,0.042,0.0415,0.0411,0.0404,0.0398,0.0392,0.0386,0.0385,0.0385,0.0385,0.0384,0.0384,0.0384,0.0384,0.0384,0.0383,0.0383,0.0383,0.0383,0.0382,0.0382,0.0382,0.0382,0.0382,0.0381,0.0381,0.0381,0.0381,0.038,0.038,0.038,0.038,0.038,0.0379,0.0379,0.0379,0.0379,0.0379,0.0378,0.0378,0.0378,0.0378,0.0378,0.0378,0.0378,0.0377,0.0376,0.0375,0.0374,0.0373,0.0372,0.0372,0.0371,0.0371,0.037,0.0368,0.0367,0.0366,0.0364,0.0363,0.0362,0.036,0.0359,0.0358,0.0357,0.0355,0.0354,0.0353,0.0352,0.035,0.0349,0.0348,0.0347,0.0346,0.0344,0.0343,0.0342,0.0341,0.034,0.0339,0.0337,0.0336,0.0335,0.0334,0.0336,0.0337,0.0339,0.034,0.0341,0.0343,0.0344,0.0346,0.0348,0.0349,0.0351,0.0352,0.0354,0.0355,0.0357,0.0359,0.0363,0.0367,0.0372,0.0377,0.0382,0.0387,0.0392,0.0396,0.0397,0.0399,0.04,0.0411,0.0428,0.0463,0.1304,0.1308,0.1311,0.1314,0.1318,0.1321,0.1325,0.1328,0.1332,0.1335,0.1339,0.1342,0.1346,0.1349,0.0434,0.0431,0.0427,0.0423,0.0419,0.0415,0.0411,0.0407,0.0403,0.0399,0.0396,0.0392,0.0388,0.0385,0.0381,0.0378,0.0374,0.0373,0.0371,0.037,0.0369,0.0368,0.0367,0.0365,0.0364,0.0363,0.0362,0.0361,0.036,0.0359,0.0357,0.0356,0.0355,0.0354,0.0354,0.0353,0.0352,0.0352,0.0351,0.0351,0.035,0.035,0.0349,0.0349,0.0348,0.0348,0.0347,0.0347
0.5732,0.5757,0.5782,0.5808,0.5836,0.5998,0.6156,0.8043,0.7959,0.7877,0.7796,0.7701,0.7664,0.7639,0.7614,0.7589,0.7564,0.7538,0.7514,0.7496,0.748,0.7492,0.7426,0.7381,0.7344,0.7272,0.7181,0.7092,0.7005,0.692,0.6838,0.6757,0.6678,0.6601,0.6545,0.6515,0.6486,0.6457,0.6428,0.6399,0.6371,0.6343,0.6315,0.6287,0.626,0.6233,0.0492,0.0487,0.0487,0.0488,0.0488,0.0489,0.0489,0.049,0.049,0.0491,0.0491,0.0492,0.0492,0.0493,0.0493,0.0494,0.0494,0.0495,0.0495,0.0496,0.0496,0.0497,0.0497,0.0499,0.0488,0.048,0.0473,0.0465,0.0458,0.0451,0.0446,0.044,0.0435,0.043,0.0426,0.0421,0.0416,0.041,0.0403,0.0397,0.039,0.0386,0.0386,0.0386,0.0385,0.0385,0.0385,0.0385,0.0385,0.0384,0.0384,0.0384,0.0384,0.0383,0.0383,0.0383,0.0383,0.0383,0.0382,0.0382,0.0382,0.0382,0.0381,0.0381,0.0381,0.0381,0.0381,0.038,0.038,0.038,0.038,0.0379,0.0379,0.0379,0.0379,0.0379,0.0379,0.0379,0.0379,0.0379,0.0377,0.0376,0.0375,0.0374,0.0373,0.0372,0.0372,0.0371,0.0371,0.037,0.0369,0.0368,0.0367,0.0366,0.0364,0.0363,0.0362,0.036,0.0359,0.0358,0.0357,0.0355,0.0354,0.0353,0.0352,0.035,0.0349,0.0348,0.0347,0.0346,0.0344,0.0343,0.0342,0.0341,0.034,0.0339,0.0338,0.0336,0.0336,0.0337,0.0339,0.034,0.0342,0.0343,0.0345,0.0346,0.0348,0.0349,0.0351,0.0352,0.0354,0.0356,0.0357,0.036,0.0364,0.0369,0.0374,0.0378,0.0383,0.0388,0.0392,0.0394,0.0395,0.0397,0.0398,0.0401,0.0417,0.0435,0.047,0.1306,0.1309,0.1313,0.1316,0.1319,0.1323,0.1326,0.133,0.1333,0.1337,0.134,0.1344,0.1347,0.1351,0.0432,0.0429,0.0425,0.0422,0.0418,0.0414,0.041,0.0406,0.0402,0.0398,0.0395,0.0391,0.0387,0.0384,0.038,0.0377,0.0374,0.0371,0.037,0.0369,0.0368,0.0367,0.0365,0.0364,0.0363,0.0362,0.0361,0.036,0.0359,0.0357,0.0356,0.0355,0.0354,0.0353,0.0353,0.0352,0.0352,0.0351,0.0351,0.035,0.035,0.0349,0.0348,0.0348,0.0347,0.0347,0.0346
0.5724,0.5749,0.5775,0.58,0.5846,0.6008,0.6208,0.8016,0.7932,0.785,0.777,0.7676,0.7648,0.7623,0.7598,0.7572,0.7547,0.7522,0.7498,0.748,0.7463,0.747,0.7401,0.7366,0.7325,0.7248,0.7157,0.7069,0.6983,0.6899,0.6817,0.6736,0.6658,0.6581,0.6533,0.6503,0.6474,0.6445,0.6416,0.6388,0.636,0.6332,0.6304,0.6276,0.6249,0.6222,0.0493,0.0487,0.0487,0.0488,0.0488,0.0489,0.0489,0.049,0.049,0.0491,0.0491,0.0492,0.0492,0.0493,0.0493,0.0494,0.0494,0.0495,0.0495,0.0496,0.0496,0.0496,0.0497,0.0499,0.05,0.0502,0.0482,0.0474,0.0467,0.046,0.0453,0.0447,0.0442,0.0436,0.0431,0.0427,0.0422,0.0415,0.0408,0.0402,0.0395,0.0389,0.0387,0.0387,0.0386,0.0386,0.0386,0.0386,0.0385,0.0385,0.0385,0.0385,0.0385,0.0384,0.0384,0.0384,0.0384,0.0383,0.0383,0.0383,0.0383,0.0383,0.0382,0.0382,0.0382,0.0382,0.0381,0.0381,0.0381,0.0381,0.0381,0.0381,0.0381,0.0381,0.038,0.038,0.038,0.038,0.038,0.038,0.0379,0.0377,0.0376,0.0374,0.0374,0.0373,0.0373,0.0372,0.0371,0.0371,0.037,0.0369,0.0369,0.0368,0.0367,0.0366,0.0364,0.0363,0.0362,0.0361,0.0359,0.0358,0.0357,0.0355,0.0354,0.0353,0.0352,0.0351,0.0349,0.0348,0.0347,0.0346,0.0345,0.0343,0.0342,0.0341,0.034,0.0339,0.0338,0.0337,0.0339,0.034,0.0342,0.0343,0.0345,0.0346,0.0348,0.035,0.0351,0.0353,0.0354,0.0356,0.0358,0.0361,0.0365,0.037,0.0375,0.038,0.0385,0.0389,0.039,0.0392,0.0393,0.0395,0.0396,0.0398,0.0406,0.0423,0.0441,0.1304,0.1307,0.1311,0.1314,0.1318,0.1321,0.1324,0.1328,0.1331,0.1335,0.1338,0.1342,0.1346,0.1349,0.1353,0.043,0.0426,0.0423,0.042,0.0417,0.0413,0.0409,0.0405,0.0401,0.0397,0.0394,0.039,0.0386,0.0383,0.0379,0.0376,0.0373,0.037,0.0369,0.0368,0.0366,0.0365,0.0364,0.0363,0.0362,0.0361,0.036,0.0358,0.0357,0.0356,0.0355,0.0354,0.0353,0.0353,0.0352,0.0351,0.0351,0.035,0.035,0.0349,0.0349,0.0348,0.0348,0.0347,0.0347,0.0346
0.5717,0.5742,0.5767,0.5792,0.5856,0.6019,0.6243,0.7988,0.7905,0.7824,0.7744,0.7656,0.7631,0.7606,0.7581,0.7556,0.7531,0.7506,0.7482,0.7465,0.7448,0.7422,0.7386,0.735,0.7306,0.7224,0.7134,0.7046,0.6961,0.6877,0.6796,0.6716,0.6638,0.6562,0.6518,0.6491,0.6462,0.6433,0.6405,0.6376,0.6348,0.632,0.6293,0.6266,0.6238,0.6211,0.0493,0.0487,0.0487,0.0488,0.0488,0.0489,0.0489,0.049,0.049,0.0491,0.0491,0.0492,0.0492,0.0493,0.0493,0.0494,0.0494,0.0495,0.0495,0.0496,0.0496,0.0496,0.0497,0.0498,0.05,0.0502,0.0503,0.0505,0.0476,0.0468,0.0461,0.0454,0.0448,0.0443,0.0438,0.0433,0.0428,0.0421,0.0414,0.0407,0.04,0.0394,0.0388,0.0388,0.0387,0.0387,0.0387,0.0387,0.0386,0.0386,0.0386,0.0386,0.0386,0.0385,0.0385,0.0385,0.0385,0.0384,0.0384,0.0384,0.0384,0.0384,0.0383,0.0383,0.0383,0.0383,0.0382,0.0382,0.0382,0.0382,0.0382,0.0382,0.0382,0.0382,0.0382,0.0382,0.0382,0.0382,0.0382,0.0381,0.038,0.0379,0.0377,0.0376,0.0374,0.0374,0.0373,0.0373,0.0372,0.0371,0.0371,0.037,0.0369,0.0369,0.0368,0.0367,0.0367,0.0366,0.0365,0.0363,0.0362,0.0361,0.0359,0.0358,0.0357,0.0356,0.0354,0.0353,0.0352,0.0351,0.0349,0.0348,0.0347,0.0346,0.0345,0.0343,0.0342,0.0341,0.034,0.0339,0.0339,0.0341,0.0342,0.0344,0.0345,0.0347,0.0348,0.035,0.0351,0.0353,0.0355,0.0356,0.0358,0.0362,0.0367,0.0371,0.0376,0.0381,0.0385,0.0387,0.0388,0.039,0.0391,0.0393,0.0394,0.0396,0.0397,0.0412,0.0429,0.047,0.1306,0.1309,0.1312,0.1316,0.1319,0.1323,0.1326,0.133,0.1333,0.1337,0.134,0.1344,0.1347,0.1351,0.1355,0.0428,0.0424,0.0421,0.0418,0.0415,0.0412,0.0408,0.0404,0.04,0.0396,0.0393,0.0389,0.0386,0.0382,0.0379,0.0375,0.0372,0.0369,0.0368,0.0366,0.0365,0.0364,0.0363,0.0362,0.0361,0.0359,0.0358,0.0357,0.0356,0.0355,0.0354,0.0353,0.0352,0.0352,0.0351,0.0351,0.035,0.035,0.0349,0.0349,0.0348,0.0348,0.0347,0.0346,0.0346
0.5709,0.5734,0.5759,0.5785,0.5866,0.603,0.6191,0.7961,0.7878,0.7798,0.7719,0.764,0.7615,0.759,0.7565,0.754,0.7515,0.749,0.7467,0.745,0.7433,0.7406,0.7371,0.7335,0.7288,0.7201,0.7111,0.7024,0.6939,0.6856,0.6775,0.6696,0.6618,0.655,0.6502,0.648,0.6451,0.6422,0.6393,0.6365,0.6337,0.6309,0.6282,0.6255,0.6228,0.6201,0.0494,0.0487,0.0487,0.0488,0.0488,0.0489,0.0489,0.049,0.049,0.0491,0.0491,0.0492,0.0492,0.0493,0.0493,0.0494,0.0494,0.0495,0.0495,0.0495,0.0495,0.0495,0.0496,0.0498,0.05,0.0501,0.0503,0.0505,0.0507,0.0508,0.047,0.0462,0.0455,0.0449,0.0444,0.0439,0.0434,0.0427,0.0419,0.0412,0.0406,0.0399,0.0393,0.0389,0.0388,0.0388,0.0388,0.0388,0.0387,0.0387,0.0387,0.0387,0.0386,0.0386,0.0386,0.0386,0.0386,0.0385,0.0385,0.0385,0.0385,0.0384,0.0384,0.0384,0.0384,0.0384,0.0383,0.0383,0.0383,0.0383,0.0383,0.0383,0.0383,0.0383,0.0383,0.0383,0.0383,0.0383,0.0383,0.0383,0.0382,0.038,0.0379,0.0377,0.0376,0.0375,0.0374,0.0373,0.0373,0.0372,0.0371,0.0371,0.037,0.0369,0.0369,0.0368,0.0367,0.0367,0.0366,0.0366,0.0365,0.0363,0.0362,0.0361,0.0359,0.0358,0.0357,0.0356,0.0354,0.0353,0.0352,0.0351,0.0349,0.0348,0.0347,0.0346,0.0345,0.0344,0.0342,0.0341,0.034,0.0341,0.0342,0.0344,0.0345,0.0347,0.0348,0.035,0.0352,0.0353,0.0355,0.0356,0.0359,0.0364,0.0368,0.0373,0.0378,0.0382,0.0383,0.0385,0.0386,0.0388,0.0389,0.0391,0.0392,0.0394,0.0395,0.0402,0.0418,0.0436,0.1304,0.1307,0.1311,0.1314,0.1317,0.1321,0.1324,0.1328,0.1331,0.1335,0.1338,0.1342,0.1345,0.1349,0.1353,0.1356,0.0425,0.0422,0.0419,0.0416,0.0413,0.041,0.0407,0.0403,0.0399,0.0395,0.0392,0.0388,0.0385,0.0381,0.0378,0.0374,0.0371,0.0368,0.0366,0.0365,0.0364,0.0363,0.0362,0.0361,0.0359,0.0358,0.0357,0.0356,0.0355,0.0354,0.0353,0.0352,0.0352,0.0351,0.0351,0.035,0.0349,0.0349,0.0348,0.0348,0.0347,0.0347,0.0346,0.0346
0.5702,0.5727,0.5752,0.5777,0.5877,0.604,0.614,0.7934,0.7852,0.7772,0.7693,0.7624,0.7599,0.7573,0.7548,0.7523,0.7499,0.7474,0.7452,0.7435,0.7414,0.7391,0.7355,0.7319,0.7269,0.7177,0.7088,0.7002,0.6917,0.6835,0.6754,0.6675,0.6598,0.6538,0.6489,0.6466,0.6439,0.641,0.6382,0.6354,0.6326,0.6298,0.6271,0.6244,0.6217,0.619,0.0495,0.0487,0.0487,0.0488,0.0488,0.0489,0.0489,0.049,0.049,0.0491,0.0491,0.0492,0.0492,0.0493,0.0493,0.0494,0.0494,0.0495,0.0495,0.0495,0.0495,0.0495,0.0496,0.0497,0.0499,0.0501,0.0503,0.0504,0.0506,0.0508,0.051,0.0511,0.0464,0.0457,0.045,0.0445,0.044,0.0433,0.0425,0.0418,0.0411,0.0404,0.0398,0.0391,0.0389,0.0389,0.0389,0.0389,0.0388,0.0388,0.0388,0.0388,0.0387,0.0387,0.0387,0.0387,0.0387,0.0386,0.0386,0.0386,0.0386,0.0385,0.0385,0.0385,0.0385,0.0385,0.0385,0.0384,0.0384,0.0384,0.0384,0.0384,0.0384,0.0384,0.0384,0.0384,0.0384,0.0384,0.0384,0.0384,0.0383,0.0382,0.038,0.0379,0.0377,0.0376,0.0375,0.0374,0.0373,0.0373,0.0372,0.0371,0.0371,0.037,0.0369,0.0369,0.0368,0.0367,0.0367,0.0366,0.0366,0.0365,0.0364,0.0363,0.0362,0.0361,0.036,0.0358,0.0357,0.0356,0.0354,0.0353,0.0352,0.0351,0.035,0.0348,0.0347,0.0346,0.0345,0.0344,0.0342,0.0341,0.0343,0.0344,0.0346,0.0347,0.0349,0.035,0.0352,0.0353,0.0355,0.0357,0.036,0.0365,0.0369,0.0374,0.0379,0.038,0.0382,0.0383,0.0384,0.0386,0.0387,0.0389,0.039,0.0392,0.0393,0.0395,0.0407,0.0424,0.1302,0.1306,0.1309,0.1312,0.1316,0.1319,0.1322,0.1326,0.1329,0.1333,0.1336,0.134,0.1344,0.1347,0.1351,0.1354,0.1358,0.0423,0.042,0.0417,0.0414,0.0411,0.0408,0.0405,0.0402,0.0398,0.0395,0.0391,0.0387,0.0384,0.038,0.0377,0.0374,0.037,0.0367,0.0365,0.0364,0.0363,0.0362,0.036,0.0359,0.0358,0.0357,0.0356,0.0355,0.0354,0.0353,0.0352,0.0351,0.0351,0.035,0.035,0.0349,0.0349,0.0348,0.0348,0.0347,0.0347,0.0346,0.0346
0.5694,0.5719,0.5744,0.5769,0.5887,0.6061,0.6091,0.7907,0.7825,0.7746,0.7668,0.7608,0.7582,0.7557,0.7532,0.7507,0.7483,0.7458,0.7437,0.7417,0.7401,0.7376,0.734,0.7301,0.7251,0.7154,0.7066,0.698,0.6896,0.6814,0.6733,0.6655,0.6579,0.6527,0.6477,0.645,0.6428,0.6399,0.6371,0.6343,0.6315,0.6287,0.626,0.6233,0.6206,0.0503,0.0495,0.0487,0.0487,0.0488,0.0488,0.0489,0.0489,0.049,0.049,0.0491,0.0491,0.0492,0.0492,0.0493,0.0493,0.0494,0.0494,0.0494,0.0494,0.0494,0.0494,0.0494,0.0495,0.0497,0.0499,0.05,0.0502,0.0504,0.0506,0.0507,0.0509,0.0511,0.0513,0.0515,0.0458,0.0452,0.0446,0.0439,0.0431,0.0424,0.0417,0.041,0.0403,0.0396,0.039,0.039,0.039,0.039,0.0389,0.0389,0.0389,0.0389,0.0388,0.0388,0.0388,0.0388,0.0387,0.0387,0.0387,0.0387,0.0387,0.0386,0.0386,0.0386,0.0386,0.0386,0.0386,0.0386,0.0386,0.0386,0.0386,0.0386,0.0386,0.0385,0.0385,0.0385,0.0385,0.0385,0.0385,0.0385,0.0385,0.0383,0.0382,0.038,0.0379,0.0377,0.0376,0.0375,0.0374,0.0373,0.0373,0.0372,0.0371,0.0371,0.037,0.0369,0.0369,0.0368,0.0367,0.0367,0.0366,0.0366,0.0365,0.0364,0.0364,0.0363,0.0362,0.0361,0.036,0.0358,0.0357,0.0356,0.0355,0.0353,0.0352,0.0351,0.035,0.0348,0.0347,0.0346,0.0345,0.0344,0.0343,0.0344,0.0346,0.0347,0.0349,0.035,0.0352,0.0354,0.0355,0.0357,0.0362,0.0366,0.0371,0.0376,0.0377,0.0378,0.038,0.0381,0.0383,0.0384,0.0385,0.0387,0.0388,0.039,0.0391,0.0393,0.0398,0.0413,0.0431,0.1304,0.1307,0.131,0.1314,0.1317,0.1321,0.1324,0.1328,0.1331,0.1335,0.1338,0.1342,0.1345,0.1349,0.1353,0.1356,0.136,0.0421,0.0418,0.0415,0.0412,0.0409,0.0406,0.0403,0.04,0.0397,0.0394,0.039,0.0386,0.0383,0.0379,0.0376,0.0373,0.0369,0.0366,0.0364,0.0363,0.0362,0.036,0.0359,0.0358,0.0357,0.0356,0.0355,0.0354,0.0353,0.0352,0.0351,0.0351,0.035,0.035,0.0349,0.0348,0.0348,0.0347,0.0347,0.0346,0.0346,0.0345
0.5687,0.5712,0.5737,0.5762,0.5897,0.6055,0.6083,0.788,0.7799,0.772,0.7643,0.7591,0.7566,0.7541,0.7516,0.7491,0.7467,0.7442,0.7421,0.7399,0.7388,0.736,0.7325,0.7282,0.7232,0.7131,0.7043,0.6958,0.6874,0.6793,0.6713,0.6635,0.6565,0.6515,0.6466,0.6435,0.6414,0.6388,0.6359,0.6332,0.6304,0.6276,0.6249,0.6222,0.6195,0.0504,0.0496,0.0488,0.0487,0.0488,0.0488,0.0489,0.0489,0.049,0.049,0.0491,0.0491,0.0492,0.0492,0.0493,0.0493,0.0494,0.0494,0.0494,0.0494,0.0494,0.0494,0.0494,0.0495,0.0496,0.0498,0.05,0.0502,0.0503,0.0505,0.0507,0.0509,0.051,0.0512,0.0514,0.0516,0.0518,0.0453,0.0445,0.0437,0.0429,0.0422,0.0415,0.0408,0.0402,0.0395,0.0391,0.0391,0.0391,0.039,0.039,0.039,0.039,0.0389,0.0389,0.0389,0.0389,0.0388,0.0388,0.0388,0.0388,0.0388,0.0387,0.0387,0.0387,0.0387,0.0387,0.0387,0.0387,0.0387,0.0387,0.0387,0.0387,0.0387,0.0387,0.0387,0.0387,0.0387,0.0387,0.0387,0.0386,0.0386,0.0385,0.0383,0.0382,0.038,0.0379,0.0377,0.0376,0.0375,0.0374,0.0373,0.0373,0.0372,0.0371,0.0371,0.037,0.0369,0.0369,0.0368,0.0367,0.0367,0.0366,0.0366,0.0365,0.0364,0.0364,0.0363,0.0362,0.0362,0.0361,0.036,0.0358,0.0357,0.0356,0.0355,0.0353,0.0352,0.0351,0.035,0.0349,0.0347,0.0346,0.0345,0.0344,0.0346,0.0348,0.0349,0.0351,0.0352,0.0354,0.0355,0.0358,0.0363,0.0367,0.0372,0.0374,0.0375,0.0376,0.0378,0.0379,0.0381,0.0382,0.0383,0.0385,0.0386,0.0388,0.0389,0.0391,0.0392,0.0403,0.0419,0.1302,0.1305,0.1309,0.1312,0.1315,0.1319,0.1322,0.1326,0.1329,0.1333,0.1336,0.134,0.1343,0.1347,0.1351,0.1354,0.1358,0.1362,0.0419,0.0416,0.0413,0.041,0.0407,0.0404,0.0401,0.0398,0.0395,0.0392,0.0389,0.0385,0.0382,0.0379,0.0375,0.0372,0.0369,0.0365,0.0363,0.0361,0.036,0.0359,0.0358,0.0357,0.0356,0.0355,0.0354,0.0353,0.0351,0.0351,0.035,0.035,0.0349,0.0349,0.0348,0.0348,0.0347,0.0347,0.0346,0.0346,0.0345
0.5680,0.5704,0.5729,0.5754,0.5907,0.6048,0.6075,0.6112,0.7774,0.7695,0.7631,0.7578,0.7553,0.7527,0.7502,0.7477,0.7453,0.7428,0.7402,0.7381,0.7375,0.7345,0.731,0.7264,0.7211,0.7108,0.7021,0.6936,0.6853,0.6772,0.6693,0.6615,0.6553,0.6503,0.6455,0.642,0.6399,0.6376,0.6348,0.632,0.6293,0.6265,0.6238,0.6211,0.6185,0.0505,0.0496,0.0489,0.0487,0.0487,0.0488,0.0488,0.0489,0.0489,0.049,0.049,0.0491,0.0491,0.0492,0.0492,0.0493,0.0493,0.0493,0.0493,0.0493,0.0493,0.0493,0.0493,0.0494,0.0496,0.0498,0.0499,0.0501,0.0503,0.0505,0.0506,0.0508,0.051,0.0512,0.0514,0.0515,0.0517,0.0519,0.045,0.0443,0.0436,0.0428,0.0421,0.0414,0.0407,0.04,0.0394,0.0392,0.0391,0.0391,0.0391,0.0391,0.0391,0.039,0.039,0.039,0.039,0.0389,0.0389,0.0389,0.0389,0.0389,0.0389,0.0388,0.0388,0.0388,0.0388,0.0388,0.0388,0.0388,0.0388,0.0388,0.0388,0.0388,0.0388,0.0388,0.0388,0.0388,0.0388,0.0388,0.0388,0.0388,0.0386,0.0385,0.0383,0.0382,0.038,0.0379,0.0377,0.0376,0.0375,0.0374,0.0373,0.0373,0.0372,0.0371,0.0371,0.037,0.0369,0.0369,0.0368,0.0368,0.0367,0.0366,0.0366,0.0365,0.0364,0.0364,0.0363,0.0363,0.0362,0.0361,0.0361,0.036,0.0358,0.0357,0.0356,0.0355,0.0353,0.0352,0.0351,0.035,0.0349,0.0347,0.0346,0.0346,0.0348,0.0349,0.0351,0.0352,0.0354,0.0356,0.036,0.0364,0.0369,0.0371,0.0372,0.0373,0.0375,0.0376,0.0377,0.0379,0.038,0.0382,0.0383,0.0384,0.0386,0.0387,0.0389,0.039,0.0394,0.0409,0.0425,0.1304,0.1307,0.131,0.1314,0.1317,0.1321,0.1324,0.1327,0.1331,0.1335,0.1338,0.1342,0.1345,0.1349,0.1352,0.1356,0.136,0.1363,0.0417,0.0414,0.0411,0.0408,0.0405,0.0402,0.0399,0.0396,0.0393,0.0391,0.0388,0.0385,0.0381,0.0378,0.0374,0.0371,0.0368,0.0365,0.0362,0.036,0.0359,0.0358,0.0357,0.0356,0.0355,0.0354,0.0352,0.0351,0.0351,0.035,0.035,0.0349,0.0349,0.0348,0.0348,0.0347,0.0346,0.0346,0.0345,0.0345
0.5672,0.5697,0.5722,0.576,0.5917,0.604,0.6068,0.7829,0.7752,0.7688,0.7626,0.7565,0.7539,0.7514,0.7489,0.7464,0.744,0.7429,0.7384,0.7368,0.7362,0.733,0.7295,0.7245,0.7187,0.7085,0.6999,0.6914,0.6832,0.6751,0.6672,0.6596,0.6541,0.6492,0.6443,0.6405,0.6384,0.6364,0.6337,0.6309,0.6282,0.6255,0.6227,0.6201,0.6174,0.0505,0.0497,0.0489,0.0487,0.0487,0.0488,0.0488,0.0489,0.0489,0.049,0.049,0.0491,0.0491,0.0492,0.0492,0.0493,0.0493,0.0493,0.0493,0.0493,0.0493,0.0492,0.0492,0.0494,0.0496,0.0497,0.0499,0.0501,0.0502,0.0504,0.0506,0.0508,0.051,0.0511,0.0513,0.0515,0.0517,0.0519,0.0521,0.0447,0.0441,0.0434,0.0426,0.0419,0.0412,0.0406,0.0399,0.0393,0.0392,0.0392,0.0392,0.0392,0.0392,0.0391,0.0391,0.0391,0.0391,0.039,0.039,0.039,0.039,0.039,0.039,0.039,0.039,0.039,0.039,0.039,0.039,0.0389,0.0389,0.0389,0.0389,0.0389,0.0389,0.0389,0.0389,0.0389,0.0389,0.0389,0.0389,0.0389,0.0388,0.0386,0.0385,0.0383,0.0382,0.038,0.0379,0.0377,0.0376,0.0375,0.0374,0.0373,0.0373,0.0372,0.0371,0.0371,0.037,0.0369,0.0369,0.0368,0.0368,0.0367,0.0366,0.0366,0.0365,0.0364,0.0364,0.0363,0.0363,0.0362,0.0361,0.0361,0.036,0.0359,0.0359,0.0357,0.0356,0.0355,0.0354,0.0352,0.0351,0.035,0.0349,0.0347,0.0348,0.035,0.0351,0.0353,0.0354,0.0356,0.0361,0.0365,0.0368,0.0369,0.037,0.0372,0.0373,0.0374,0.0376,0.0377,0.0378,0.038,0.0381,0.0383,0.0384,0.0385,0.0387,0.0388,0.039,0.0399,0.0414,0.0432,0.1305,0.1309,0.1312,0.1315,0.1319,0.1322,0.1326,0.1329,0.1333,0.1336,0.134,0.1343,0.1347,0.1351,0.1354,0.1358,0.1361,0.1365,0.0415,0.0412,0.0409,0.0406,0.0403,0.04,0.0397,0.0394,0.0392,0.0389,0.0386,0.0383,0.038,0.0377,0.0374,0.037,0.0367,0.0364,0.0361,0.0359,0.0358,0.0357,0.0356,0.0355,0.0354,0.0352,0.0351,0.035,0.035,0.0349,0.0349,0.0348,0.0348,0.0347,0.0347,0.0346,0.0346,0.0345,0.0345
0.5665,0.5689,0.5714,0.577,0.5928,0.6033,0.606,0.781,0.7746,0.7683,0.762,0.7559,0.7526,0.7501,0.7476,0.7452,0.7433,0.7432,0.7365,0.7355,0.7349,0.7315,0.7276,0.7227,0.7163,0.7063,0.6977,0.6893,0.6811,0.6731,0.6652,0.658,0.653,0.648,0.6432,0.639,0.6369,0.6349,0.6326,0.6298,0.6271,0.6244,0.6217,0.619,0.6163,0.0506,0.0498,0.049,0.0487,0.0487,0.0488,0.0488,0.0489,0.0489,0.049,0.049,0.0491,0.0491,0.0492,0.0492,0.0492,0.0492,0.0492,0.0492,0.0492,0.0492,0.0492,0.0492,0.0493,0.0495,0.0497,0.0499,0.05,0.0502,0.0504,0.0505,0.0507,0.0509,0.0511,0.0513,0.0515,0.0517,0.0519,0.0521,0.045,0.0444,0.0438,0.0432,0.0425,0.0418,0.0411,0.0404,0.0398,0.0393,0.0393,0.0393,0.0393,0.0393,0.0392,0.0392,0.0392,0.0392,0.0391,0.0391,0.0391,0.0391,0.0391,0.0391,0.0391,0.0391,0.0391,0.0391,0.0391,0.0391,0.0391,0.0391,0.0391,0.0391,0.0391,0.0391,0.039,0.039,0.039,0.039,0.039,0.039,0.039,0.0389,0.0388,0.0386,0.0385,0.0383,0.0382,0.038,0.0379,0.0377,0.0376,0.0375,0.0374,0.0373,0.0373,0.0372,0.0371,0.0371,0.037,0.0369,0.0369,0.0368,0.0368,0.0367,0.0366,0.0366,0.0365,0.0364,0.0364,0.0363,0.0363,0.0362,0.0361,0.0361,0.036,0.0359,0.0359,0.0358,0.0357,0.0356,0.0355,0.0354,0.0352,0.0351,0.035,0.0349,0.035,0.0351,0.0353,0.0354,0.0358,0.0362,0.0365,0.0366,0.0367,0.0368,0.037,0.0371,0.0372,0.0374,0.0375,0.0377,0.0378,0.0379,0.0381,0.0382,0.0384,0.0385,0.0386,0.0388,0.039,0.0404,0.042,0.1303,0.1307,0.131,0.1314,0.1317,0.132,0.1324,0.1327,0.1331,0.1334,0.1338,0.1341,0.1345,0.1349,0.1352,0.1356,0.136,0.1363,0.1367,0.0413,0.041,0.0407,0.0404,0.0401,0.0398,0.0395,0.0393,0.039,0.0387,0.0384,0.0382,0.0379,0.0376,0.0373,0.0369,0.0366,0.0363,0.036,0.0358,0.0357,0.0356,0.0355,0.0353,0.0352,0.0351,0.035,0.035,0.0349,0.0349,0.0348,0.0348,0.0347,0.0347,0.0346,0.0346,0.0345,0.0344
0.5657,0.5682,0.5707,0.578,0.5965,0.6025,0.6053,0.7805,0.774,0.7677,0.7615,0.7554,0.7513,0.7488,0.7463,0.7439,0.7436,0.7368,0.7348,0.7342,0.7335,0.73,0.7258,0.7208,0.7139,0.704,0.6955,0.6871,0.679,0.671,0.6632,0.6568,0.6518,0.6469,0.642,0.6375,0.6355,0.6334,0.6314,0.6287,0.626,0.6233,0.6206,0.6179,0.0515,0.0507,0.0498,0.049,0.0487,0.0487,0.0488,0.0488,0.0489,0.0489,0.049,0.049,0.0491,0.0491,0.0492,0.0492,0.0492,0.0492,0.0492,0.0492,0.0491,0.0491,0.0491,0.0491,0.0493,0.0495,0.0496,0.0498,0.05,0.0502,0.0503,0.0505,0.0507,0.0509,0.051,0.0512,0.0514,0.0516,0.0519,0.0522,0.0453,0.0446,0.044,0.0434,0.0429,0.0423,0.0416,0.0409,0.0403,0.0396,0.0394,0.0394,0.0394,0.0394,0.0393,0.0393,0.0393,0.0393,0.0393,0.0393,0.0393,0.0392,0.0392,0.0392,0.0392,0.0392,0.0392,0.0392,0.0392,0.0392,0.0392,0.0392,0.0392,0.0392,0.0392,0.0392,0.0392,0.0392,0.0392,0.0392,0.0392,0.0392,0.0392,0.0391,0.0389,0.0388,0.0386,0.0385,0.0383,0.0382,0.038,0.0379,0.0377,0.0376,0.0375,0.0374,0.0373,0.0373,0.0372,0.0371,0.0371,0.037,0.0369,0.0369,0.0368,0.0368,0.0367,0.0366,0.0366,0.0365,0.0364,0.0364,0.0363,0.0363,0.0362,0.0361,0.0361,0.036,0.036,0.0359,0.0358,0.0358,0.0357,0.0356,0.0355,0.0354,0.0352,0.0351,0.035,0.0352,0.0353,0.0355,0.0359,0.0362,0.0363,0.0364,0.0365,0.0367,0.0368,0.0369,0.0371,0.0372,0.0373,0.0375,0.0376,0.0377,0.0379,0.038,0.0382,0.0383,0.0385,0.0386,0.0387,0.0395,0.041,0.0427,0.1305,0.1308,0.1312,0.1315,0.1319,0.1322,0.1326,0.1329,0.1333,0.1336,0.134,0.1343,0.1347,0.135,0.1354,0.1358,0.1361,0.1365,0.1371,0.0411,0.0408,0.0405,0.0402,0.0399,0.0396,0.0394,0.0391,0.0388,0.0385,0.0383,0.038,0.0377,0.0375,0.0372,0.0369,0.0365,0.0362,0.0359,0.0357,0.0356,0.0354,0.0353,0.0352,0.0351,0.035,0.035,0.0349,0.0348,0.0348,0.0347,0.0347,0.0346,0.0346,0.0345,0.0345,0.0344
0.5650,0.5675,0.5699,0.579,0.599,0.6017,0.6045,0.7799,0.7735,0.7672,0.761,0.7549,0.75,0.7475,0.7451,0.744,0.7439,0.735,0.7335,0.7329,0.732,0.7285,0.7239,0.719,0.7115,0.7018,0.6933,0.685,0.6769,0.669,0.6613,0.6556,0.6506,0.6457,0.6409,0.6362,0.634,0.632,0.63,0.6276,0.6249,0.6222,0.6195,0.6169,0.0516,0.0507,0.0499,0.0491,0.0487,0.0487,0.0488,0.0488,0.0489,0.0489,0.049,0.049,0.0491,0.0491,0.0491,0.0491,0.0491,0.0491,0.0491,0.0491,0.0491,0.0491,0.0491,0.0491,0.0493,0.0494,0.0496,0.0498,0.0499,0.0501,0.0503,0.0505,0.0506,0.0508,0.051,0.0512,0.0514,0.0516,0.0518,0.0524,0.0533,0.0449,0.0443,0.0437,0.0431,0.0426,0.042,0.0415,0.0408,0.0401,0.0395,0.0395,0.0395,0.0395,0.0394,0.0394,0.0394,0.0394,0.0394,0.0394,0.0394,0.0394,0.0394,0.0394,0.0394,0.0394,0.0394,0.0393,0.0393,0.0393,0.0393,0.0393,0.0393,0.0393,0.0393,0.0393,0.0393,0.0393,0.0393,0.0393,0.0393,0.0393,0.0393,0.0393,0.0391,0.0389,0.0388,0.0386,0.0385,0.0383,0.0382,0.038,0.0379,0.0377,0.0376,0.0375,0.0374,0.0373,0.0373,0.0372,0.0371,0.0371,0.037,0.037,0.0369,0.0368,0.0368,0.0367,0.0366,0.0366,0.0365,0.0364,0.0364,0.0363,0.0363,0.0362,0.0361,0.0361,0.036,0.036,0.0359,0.0358,0.0358,0.0357,0.0357,0.0356,0.0355,0.0354,0.0353,0.0352,0.0353,0.0356,0.0359,0.036,0.0361,0.0362,0.0364,0.0365,0.0366,0.0368,0.0369,0.037,0.0372,0.0373,0.0374,0.0376,0.0377,0.0378,0.038,0.0381,0.0383,0.0384,0.0385,0.0387,0.04,0.0415,0.1303,0.1307,0.131,0.1313,0.1317,0.132,0.1324,0.1327,0.1331,0.1334,0.1338,0.1341,0.1345,0.1349,0.1352,0.1356,0.1359,0.1363,0.1367,0.1376,0.0409,0.0406,0.0403,0.04,0.0397,0.0395,0.0392,0.0389,0.0386,0.0384,0.0381,0.0378,0.0376,0.0373,0.0371,0.0368,0.0365,0.0361,0.0358,0.0355,0.0354,0.0353,0.0352,0.0351,0.035,0.0349,0.0349,0.0348,0.0348,0.0347,0.0347,0.0346,0.0346,0.0345,0.0344,0.0344
0.5643,0.5667,0.5692,0.5799,0.5983,0.601,0.7858,0.7793,0.7729,0.7666,0.7604,0.7543,0.7487,0.7462,0.7444,0.7443,0.7442,0.7332,0.7322,0.7316,0.7305,0.727,0.7221,0.7172,0.7091,0.6995,0.6911,0.6829,0.6748,0.667,0.6594,0.6544,0.6495,0.6446,0.6398,0.6351,0.6325,0.6305,0.6285,0.6265,0.6238,0.6211,0.6185,0.6158,0.0516,0.0508,0.05,0.0492,0.0487,0.0487,0.0488,0.0488,0.0489,0.0489,0.049,0.049,0.0491,0.0491,0.0491,0.0491,0.0491,0.0491,0.049,0.049,0.049,0.049,0.049,0.049,0.0492,0.0494,0.0495,0.0497,0.0499,0.0501,0.0502,0.0504,0.0506,0.0508,0.051,0.0512,0.0514,0.0516,0.0518,0.0526,0.0535,0.0452,0.0446,0.044,0.0434,0.0428,0.0423,0.0417,0.0412,0.0407,0.04,0.0396,0.0396,0.0396,0.0395,0.0395,0.0395,0.0395,0.0395,0.0395,0.0395,0.0395,0.0395,0.0395,0.0395,0.0395,0.0395,0.0395,0.0395,0.0395,0.0395,0.0395,0.0395,0.0395,0.0394,0.0394,0.0394,0.0394,0.0394,0.0394,0.0394,0.0394,0.0394,0.0394,0.0392,0.0391,0.0389,0.0388,0.0386,0.0385,0.0383,0.0382,0.038,0.0379,0.0377,0.0376,0.0375,0.0374,0.0373,0.0373,0.0372,0.0371,0.0371,0.037,0.037,0.0369,0.0368,0.0368,0.0367,0.0366,0.0366,0.0365,0.0364,0.0364,0.0363,0.0363,0.0362,0.0361,0.0361,0.036,0.036,0.0359,0.0358,0.0358,0.0357,0.0357,0.0356,0.0355,0.0355,0.0354,0.0354,0.0356,0.0357,0.0358,0.0359,0.0361,0.0362,0.0363,0.0365,0.0366,0.0367,0.0368,0.037,0.0371,0.0372,0.0374,0.0375,0.0377,0.0378,0.0379,0.0381,0.0382,0.0384,0.0385,0.0391,0.0405,0.0421,0.1305,0.1308,0.1312,0.1315,0.1318,0.1322,0.1325,0.1329,0.1332,0.1336,0.134,0.1343,0.1347,0.135,0.1354,0.1358,0.1361,0.1365,0.1371,0.1379,0.1387,0.0404,0.0401,0.0398,0.0396,0.0393,0.039,0.0387,0.0385,0.0382,0.0379,0.0377,0.0374,0.0372,0.0369,0.0367,0.0364,0.0361,0.0358,0.0355,0.0353,0.0352,0.0351,0.035,0.0349,0.0349,0.0348,0.0347,0.0347,0.0346,0.0346,0.0345,0.0345,0.0344,0.0344
0.5636,0.566,0.5684,0.5809,0.5975,0.6002,0.7852,0.7787,0.7724,0.7661,0.7599,0.7538,0.7478,0.745,0.7447,0.7446,0.7445,0.7316,0.7309,0.7303,0.729,0.7252,0.7203,0.7154,0.7068,0.6973,0.689,0.6808,0.6728,0.6649,0.6582,0.6532,0.6483,0.6435,0.6387,0.634,0.631,0.6291,0.6271,0.6251,0.6227,0.6201,0.6174,0.6148,0.0517,0.0509,0.05,0.0492,0.0487,0.0487,0.0488,0.0488,0.0489,0.0489,0.049,0.049,0.049,0.049,0.049,0.049,0.049,0.049,0.049,0.049,0.049,0.049,0.049,0.049,0.0492,0.0493,0.0495,0.0497,0.0498,0.05,0.0502,0.0504,0.0505,0.0507,0.0509,0.0511,0.0514,0.0516,0.0519,0.0527,0.0537,0.0546,0.0449,0.0443,0.0437,0.0431,0.0425,0.042,0.0414,0.0409,0.0404,0.0399,0.0397,0.0397,0.0397,0.0397,0.0397,0.0397,0.0397,0.0396,0.0396,0.0396,0.0396,0.0396,0.0396,0.0396,0.0396,0.0396,0.0396,0.0396,0.0396,0.0396,0.0396,0.0396,0.0396,0.0396,0.0396,0.0396,0.0396,0.0396,0.0396,0.0395,0.0395,0.0395,0.0394,0.0392,0.0391,0.0389,0.0388,0.0386,0.0385,0.0383,0.0382,0.038,0.0379,0.0377,0.0376,0.0375,0.0374,0.0373,0.0373,0.0372,0.0371,0.0371,0.037,0.037,0.0369,0.0368,0.0368,0.0367,0.0366,0.0366,0.0365,0.0364,0.0364,0.0363,0.0363,0.0362,0.0361,0.0361,0.036,0.036,0.0359,0.0358,0.0358,0.0357,0.0357,0.0356,0.0355,0.0355,0.0354,0.0354,0.0355,0.0357,0.0358,0.0359,0.036,0.0362,0.0363,0.0364,0.0365,0.0367,0.0368,0.0369,0.0371,0.0372,0.0373,0.0375,0.0376,0.0378,0.0379,0.038,0.0382,0.0383,0.0385,0.0396,0.0411,0.1303,0.1306,0.131,0.1313,0.1317,0.132,0.1324,0.1327,0.1331,0.1334,0.1338,0.1341,0.1345,0.1348,0.1352,0.1356,0.1359,0.1363,0.1367,0.1374,0.1382,0.139,0.0402,0.0399,0.0397,0.0394,0.0391,0.0388,0.0386,0.0383,0.038,0.0378,0.0375,0.0373,0.037,0.0368,0.0365,0.0363,0.036,0.0357,0.0354,0.0352,0.0351,0.035,0.0349,0.0348,0.0348,0.0347,0.0347,0.0346,0.0346,0.0345,0.0345,0.0344,0.0343
0.5628,0.5652,0.5677,0.5831,0.5968,0.5995,0.7836,0.7773,0.7711,0.765,0.7591,0.7532,0.7473,0.7451,0.745,0.7449,0.7449,0.7303,0.7297,0.7291,0.7275,0.7234,0.7185,0.7136,0.7044,0.6951,0.6868,0.6787,0.6707,0.663,0.6571,0.6521,0.6472,0.6423,0.6376,0.6329,0.6296,0.6276,0.6256,0.6237,0.6217,0.619,0.6163,0.6137,0.0518,0.0509,0.0501,0.0493,0.0487,0.0487,0.0488,0.0488,0.0489,0.0489,0.049,0.049,0.049,0.049,0.049,0.049,0.0489,0.0489,0.0489,0.0489,0.0489,0.0489,0.0489,0.049,0.0491,0.0493,0.0495,0.0496,0.0498,0.05,0.0501,0.0503,0.0505,0.0507,0.0509,0.0511,0.0513,0.0515,0.052,0.0529,0.0539,0.0549,0.0452,0.0446,0.0439,0.0434,0.0428,0.0422,0.0417,0.0411,0.0406,0.0401,0.0397,0.0397,0.0397,0.0398,0.0398,0.0398,0.0398,0.0398,0.0398,0.0398,0.0398,0.0398,0.0398,0.0398,0.0397,0.0397,0.0397,0.0397,0.0397,0.0397,0.0397,0.0397,0.0397,0.0397,0.0397,0.0397,0.0397,0.0397,0.0397,0.0397,0.0397,0.0397,0.0396,0.0394,0.0392,0.0391,0.0389,0.0388,0.0386,0.0385,0.0383,0.0382,0.038,0.0379,0.0377,0.0376,0.0375,0.0374,0.0373,0.0373,0.0372,0.0371,0.0371,0.037,0.037,0.0369,0.0368,0.0368,0.0367,0.0366,0.0366,0.0365,0.0365,0.0364,0.0363,0.0363,0.0362,0.0361,0.0361,0.036,0.036,0.0359,0.0358,0.0358,0.0357,0.0357,0.0356,0.0355,0.0354,0.0353,0.0354,0.0355,0.0356,0.0357,0.0359,0.036,0.0361,0.0362,0.0364,0.0365,0.0366,0.0368,0.0369,0.037,0.0372,0.0373,0.0374,0.0376,0.0377,0.0378,0.038,0.0381,0.0383,0.0387,0.0401,0.0416,0.1305,0.1308,0.1312,0.1315,0.1318,0.1322,0.1325,0.1329,0.1332,0.1336,0.1339,0.1343,0.1347,0.135,0.1354,0.1357,0.1361,0.1365,0.137,0.1377,0.1386,0.1394,0.0401,0.0398,0.0395,0.0392,0.0389,0.0386,0.0384,0.0381,0.0379,0.0376,0.0373,0.0371,0.0368,0.0366,0.0364,0.0361,0.0359,0.0356,0.0353,0.0351,0.035,0.0349,0.0348,0.0348,0.0347,0.0347,0.0346,0.0345,0.0345,0.0344,0.0344,0.0343
0.5621,0.5645,0.5677,0.5872,0.5961,0.7875,0.7811,0.7749,0.7688,0.7627,0.7568,0.751,0.7452,0.7426,0.7426,0.7426,0.7367,0.729,0.7284,0.7278,0.7261,0.7215,0.7167,0.7118,0.7021,0.693,0.6847,0.6766,0.6687,0.661,0.6559,0.6509,0.646,0.6412,0.6364,0.6318,0.6281,0.6262,0.6242,0.6223,0.6203,0.6179,0.6153,0.0527,0.0518,0.051,0.0502,0.0493,0.0487,0.0487,0.0488,0.0488,0.0489,0.0489,0.0489,0.0489,0.0489,0.0489,0.0489,0.0489,0.0489,0.0489,0.0489,0.0489,0.0489,0.0489,0.0489,0.0489,0.0491,0.0492,0.0494,0.0496,0.0498,0.0499,0.0501,0.0503,0.0505,0.0507,0.0509,0.0511,0.0513,0.0515,0.0522,0.0531,0.0541,0.0551,0.056,0.0448,0.0442,0.0436,0.043,0.0425,0.0419,0.0414,0.0409,0.0403,0.0396,0.0397,0.0397,0.0397,0.0397,0.0398,0.0398,0.0398,0.0398,0.0399,0.0399,0.0399,0.0399,0.0399,0.0399,0.0399,0.0399,0.0399,0.0399,0.0399,0.0399,0.0398,0.0398,0.0398,0.0398,0.0398,0.0398,0.0398,0.0398,0.0398,0.0398,0.0398,0.0397,0.0396,0.0394,0.0392,0.0391,0.0389,0.0388,0.0386,0.0385,0.0383,0.0382,0.038,0.0379,0.0377,0.0376,0.0375,0.0374,0.0373,0.0373,0.0372,0.0372,0.0371,0.037,0.037,0.0369,0.0368,0.0368,0.0367,0.0366,0.0366,0.0365,0.0365,0.0364,0.0363,0.0363,0.0362,0.0361,0.0361,0.036,0.036,0.0359,0.0358,0.0358,0.0357,0.0356,0.0354,0.0353,0.0352,0.0352,0.0353,0.0355,0.0356,0.0357,0.0358,0.036,0.0361,0.0362,0.0363,0.0365,0.0366,0.0367,0.0369,0.037,0.0371,0.0373,0.0374,0.0375,0.0377,0.0378,0.0379,0.0381,0.0382,0.0392,0.0406,0.0423,0.1306,0.131,0.1313,0.1317,0.132,0.1324,0.1327,0.133,0.1334,0.1338,0.1341,0.1345,0.1348,0.1352,0.1356,0.1359,0.1362,0.1366,0.1373,0.1381,0.1389,0.1397,0.0399,0.0396,0.0393,0.039,0.0387,0.0385,0.0382,0.0379,0.0377,0.0374,0.0372,0.0369,0.0367,0.0364,0.0362,0.036,0.0357,0.0355,0.0352,0.035,0.0349,0.0348,0.0347,0.0347,0.0346,0.0346,0.0345,0.0345,0.0344,0.0344,0.0343
0.5614,0.5638,0.5686,0.5913,0.5953,0.785,0.7787,0.7726,0.7665,0.7605,0.7545,0.7487,0.7438,0.7397,0.7397,0.7397,0.7306,0.7277,0.7271,0.7265,0.7246,0.7197,0.7149,0.7101,0.6998,0.6908,0.6826,0.6745,0.6667,0.6597,0.6547,0.6497,0.6449,0.6401,0.6353,0.6307,0.6267,0.6247,0.6228,0.6208,0.6189,0.6169,0.6142,0.0528,0.0519,0.051,0.0502,0.0494,0.0487,0.0487,0.0488,0.0488,0.0489,0.0489,0.0489,0.0489,0.0489,0.0489,0.0488,0.0488,0.0488,0.0488,0.0488,0.0488,0.0488,0.0488,0.0488,0.0489,0.049,0.0492,0.0494,0.0495,0.0497,0.0499,0.0501,0.0503,0.0505,0.0507,0.0509,0.0511,0.0513,0.0515,0.0524,0.0533,0.0543,0.0553,0.0562,0.0451,0.0445,0.0439,0.0433,0.0427,0.0422,0.0416,0.0411,0.0406,0.0397,0.0396,0.0396,0.0397,0.0397,0.0397,0.0397,0.0398,0.0398,0.0398,0.0399,0.0399,0.0399,0.0399,0.04,0.04,0.04,0.04,0.04,0.04,0.04,0.04,0.04,0.04,0.04,0.04,0.04,0.04,0.0399,0.0399,0.0399,0.0399,0.0399,0.0397,0.0396,0.0394,0.0392,0.0391,0.0389,0.0388,0.0386,0.0385,0.0383,0.0382,0.038,0.0379,0.0377,0.0376,0.0375,0.0374,0.0373,0.0373,0.0372,0.0372,0.0371,0.037,0.037,0.0369,0.0368,0.0368,0.0367,0.0366,0.0366,0.0365,0.0365,0.0364,0.0363,0.0363,0.0362,0.0361,0.0361,0.036,0.036,0.0359,0.0358,0.0357,0.0355,0.0354,0.0353,0.0352,0.0351,0.0352,0.0353,0.0354,0.0355,0.0357,0.0358,0.0359,0.036,0.0362,0.0363,0.0364,0.0365,0.0367,0.0368,0.0369,0.0371,0.0372,0.0373,0.0375,0.0376,0.0378,0.0379,0.038,0.0383,0.0397,0.0412,0.1305,0.1308,0.1311,0.1315,0.1318,0.1322,0.1325,0.1329,0.1332,0.1336,0.1339,0.1343,0.1346,0.135,0.1353,0.1357,0.136,0.1364,0.1368,0.1376,0.1384,0.1392,0.14,0.0397,0.0394,0.0391,0.0388,0.0386,0.0383,0.038,0.0378,0.0375,0.0373,0.037,0.0368,0.0365,0.0363,0.0361,0.0358,0.0356,0.0354,0.0351,0.0349,0.0348,0.0347,0.0347,0.0346,0.0345,0.0345,0.0344,0.0344,0.0343,0.0343
0.5607,0.5631,0.5696,0.5919,0.5946,0.7826,0.7764,0.7702,0.7641,0.7582,0.7523,0.7465,0.7422,0.7376,0.7368,0.7305,0.7321,0.7337,0.7258,0.7253,0.7228,0.7179,0.7131,0.7081,0.6975,0.6886,0.6805,0.6725,0.6647,0.6585,0.6535,0.6486,0.6437,0.6389,0.6342,0.6296,0.6253,0.6233,0.6214,0.6194,0.6175,0.6156,0.6132,0.0529,0.052,0.0511,0.0503,0.0495,0.0487,0.0487,0.0487,0.0488,0.0488,0.0488,0.0488,0.0488,0.0488,0.0488,0.0488,0.0488,0.0488,0.0488,0.0488,0.0488,0.0488,0.0488,0.0488,0.0488,0.049,0.0492,0.0493,0.0495,0.0497,0.0498,0.05,0.0502,0.0504,0.0506,0.0508,0.051,0.0512,0.0517,0.0526,0.0535,0.0545,0.0555,0.0565,0.2503,0.0448,0.0442,0.0436,0.043,0.0424,0.0419,0.0413,0.0407,0.0399,0.0396,0.0396,0.0396,0.0396,0.0397,0.0397,0.0397,0.0398,0.0398,0.0398,0.0398,0.0399,0.0399,0.0399,0.0399,0.04,0.04,0.04,0.04,0.0401,0.0401,0.0401,0.0401,0.0401,0.0401,0.0401,0.0401,0.0401,0.0401,0.0401,0.0401,0.04,0.0399,0.0397,0.0396,0.0394,0.0392,0.0391,0.0389,0.0388,0.0386,0.0385,0.0383,0.0381,0.038,0.0378,0.0377,0.0376,0.0375,0.0374,0.0374,0.0373,0.0372,0.0372,0.0371,0.037,0.037,0.0369,0.0368,0.0368,0.0367,0.0366,0.0366,0.0365,0.0365,0.0364,0.0363,0.0363,0.0362,0.0361,0.0361,0.036,0.0359,0.0357,0.0356,0.0355,0.0354,0.0353,0.0352,0.0351,0.0351,0.0352,0.0353,0.0354,0.0355,0.0356,0.0357,0.0359,0.036,0.0361,0.0363,0.0364,0.0365,0.0366,0.0368,0.0369,0.037,0.0372,0.0373,0.0374,0.0376,0.0377,0.0378,0.038,0.0388,0.0402,0.0418,0.1306,0.131,0.1313,0.1316,0.132,0.1323,0.1327,0.133,0.1334,0.1337,0.1341,0.1345,0.1348,0.1351,0.1354,0.1358,0.1361,0.1365,0.1371,0.1379,0.1387,0.1395,0.1404,0.0395,0.0392,0.0389,0.0387,0.0384,0.0381,0.0379,0.0376,0.0374,0.0371,0.0369,0.0366,0.0364,0.0361,0.0359,0.0357,0.0354,0.0352,0.035,0.0348,0.0347,0.0346,0.0346,0.0345,0.0345,0.0344,0.0344,0.0343,0.0343
0.5599,0.5623,0.5705,0.5912,0.5939,0.7802,0.774,0.7679,0.7619,0.7559,0.7501,0.7443,0.7406,0.7361,0.734,0.7321,0.7337,0.7353,0.7364,0.724,0.721,0.7161,0.7113,0.7058,0.6952,0.6865,0.6784,0.6704,0.6627,0.6573,0.6524,0.6474,0.6426,0.6378,0.6331,0.6285,0.6239,0.6219,0.62,0.618,0.6161,0.6142,0.6121,0.0529,0.052,0.0512,0.0503,0.0495,0.0487,0.0487,0.0487,0.0488,0.0488,0.0488,0.0488,0.0488,0.0487,0.0487,0.0487,0.0487,0.0487,0.0487,0.0487,0.0487,0.0487,0.0487,0.0487,0.0488,0.0489,0.0491,0.0493,0.0494,0.0496,0.0498,0.05,0.0502,0.0504,0.0506,0.0508,0.051,0.0512,0.0519,0.0528,0.0537,0.0547,0.0557,0.0567,0.2499,0.0451,0.0445,0.0439,0.0433,0.0427,0.0421,0.0416,0.0409,0.0401,0.0395,0.0395,0.0396,0.0396,0.0396,0.0397,0.0397,0.0397,0.0397,0.0398,0.0398,0.0398,0.0398,0.0399,0.0399,0.0399,0.0399,0.04,0.04,0.04,0.04,0.0401,0.0401,0.0401,0.0401,0.0402,0.0402,0.0402,0.0402,0.0402,0.0402,0.0402,0.04,0.0399,0.0397,0.0396,0.0394,0.0392,0.0391,0.0389,0.0388,0.0386,0.0385,0.0383,0.0381,0.038,0.0378,0.0377,0.0376,0.0375,0.0374,0.0374,0.0373,0.0372,0.0372,0.0371,0.037,0.037,0.0369,0.0368,0.0368,0.0367,0.0366,0.0366,0.0365,0.0365,0.0364,0.0363,0.0363,0.0362,0.0361,0.0359,0.0358,0.0357,0.0356,0.0355,0.0354,0.0353,0.0352,0.035,0.0349,0.035,0.0351,0.0353,0.0354,0.0355,0.0356,0.0357,0.0358,0.036,0.0361,0.0362,0.0363,0.0365,0.0366,0.0367,0.0369,0.037,0.0371,0.0373,0.0374,0.0375,0.0377,0.0378,0.0379,0.0393,0.0407,0.1304,0.1308,0.1311,0.1315,0.1318,0.1322,0.1325,0.1329,0.1332,0.1336,0.1339,0.1342,0.1346,0.1349,0.1352,0.1355,0.1359,0.1363,0.1367,0.1375,0.1383,0.1391,0.1399,0.1407,0.0393,0.039,0.0388,0.0385,0.0382,0.038,0.0377,0.0375,0.0372,0.037,0.0367,0.0365,0.0362,0.036,0.0358,0.0356,0.0353,0.0351,0.0349,0.0347,0.0346,0.0346,0.0345,0.0344,0.0344,0.0343,0.0343,0.0342
0.5592,0.5616,0.5742,0.5905,0.7841,0.7778,0.7716,0.7656,0.7596,0.7537,0.7479,0.7422,0.7391,0.7345,0.7314,0.732,0.7327,0.7334,0.7341,0.7291,0.7192,0.7143,0.7095,0.7035,0.693,0.6844,0.6763,0.6684,0.6612,0.6562,0.6512,0.6463,0.6415,0.6367,0.632,0.6274,0.6229,0.6205,0.6185,0.6166,0.6147,0.6128,0.611,0.0527,0.052,0.0512,0.0504,0.0496,0.0488,0.0487,0.0487,0.0487,0.0487,0.0487,0.0487,0.0487,0.0487,0.0487,0.0487,0.0487,0.0487,0.0487,0.0487,0.0487,0.0487,0.0487,0.0487,0.0487,0.0489,0.0491,0.0492,0.0494,0.0496,0.0498,0.05,0.0502,0.0504,0.0506,0.0508,0.051,0.0512,0.0521,0.053,0.054,0.0549,0.0559,0.2502,0.2496,0.2489,0.0448,0.0441,0.0435,0.043,0.0424,0.0418,0.0411,0.0402,0.0395,0.0395,0.0395,0.0396,0.0396,0.0396,0.0396,0.0397,0.0397,0.0397,0.0397,0.0398,0.0398,0.0398,0.0398,0.0399,0.0399,0.0399,0.0399,0.04,0.04,0.04,0.04,0.0401,0.0401,0.0401,0.0401,0.0402,0.0402,0.0402,0.0403,0.0403,0.0402,0.04,0.0399,0.0397,0.0396,0.0394,0.0392,0.0391,0.0389,0.0388,0.0386,0.0384,0.0383,0.0381,0.038,0.0378,0.0377,0.0376,0.0375,0.0374,0.0374,0.0373,0.0372,0.0372,0.0371,0.037,0.037,0.0369,0.0368,0.0368,0.0367,0.0366,0.0366,0.0365,0.0365,0.0364,0.0363,0.0362,0.036,0.0359,0.0358,0.0357,0.0356,0.0355,0.0354,0.0352,0.0351,0.035,0.0349,0.0349,0.035,0.0351,0.0352,0.0353,0.0354,0.0355,0.0357,0.0358,0.0359,0.036,0.0362,0.0363,0.0364,0.0366,0.0367,0.0368,0.0369,0.0371,0.0372,0.0373,0.0375,0.0376,0.0378,0.0384,0.0398,0.0413,0.1306,0.131,0.1313,0.1316,0.132,0.1323,0.1327,0.133,0.1334,0.1337,0.134,0.1343,0.1346,0.135,0.1353,0.1357,0.1361,0.1364,0.137,0.1378,0.1386,0.1394,0.1402,0.141,0.0392,0.0389,0.0386,0.0384,0.0381,0.0378,0.0376,0.0373,0.0371,0.0368,0.0366,0.0364,0.0361,0.0359,0.0357,0.0354,0.0352,0.035,0.0348,0.0346,0.0345,0.0345,0.0344,0.0344,0.0343,0.0343,0.0342
0.5585,0.5609,0.5781,0.5897,0.7817,0.7754,0.7693,0.7633,0.7573,0.7514,0.7457,0.7403,0.7375,0.733,0.7328,0.7297,0.7304,0.731,0.7317,0.7217,0.7174,0.7125,0.7078,0.7012,0.6907,0.6823,0.6742,0.6664,0.66,0.655,0.65,0.6451,0.6403,0.6356,0.6309,0.6263,0.6218,0.6191,0.6171,0.6152,0.6134,0.6115,0.053,0.0523,0.0516,0.0509,0.0502,0.0496,0.0489,0.0487,0.0487,0.0487,0.0487,0.0487,0.0486,0.0486,0.0486,0.0486,0.0486,0.0486,0.0486,0.0486,0.0486,0.0486,0.0486,0.0486,0.0486,0.0487,0.0489,0.049,0.0492,0.0494,0.0496,0.0498,0.05,0.0502,0.0504,0.0506,0.0508,0.051,0.0514,0.0523,0.0532,0.0542,0.0551,0.0561,0.2498,0.2492,0.2485,0.045,0.0444,0.0438,0.0432,0.0427,0.0421,0.0413,0.0404,0.0396,0.0395,0.0395,0.0395,0.0395,0.0396,0.0396,0.0396,0.0396,0.0397,0.0397,0.0397,0.0397,0.0398,0.0398,0.0398,0.0398,0.0399,0.0399,0.0399,0.0399,0.04,0.04,0.04,0.04,0.0401,0.0401,0.0401,0.0402,0.0402,0.0402,0.0401,0.0404,0.0406,0.0402,0.0399,0.0397,0.0395,0.0394,0.0392,0.0391,0.0389,0.0388,0.0386,0.0384,0.0383,0.0381,0.038,0.0378,0.0377,0.0376,0.0375,0.0374,0.0374,0.0373,0.0372,0.0372,0.0371,0.037,0.037,0.0369,0.0368,0.0368,0.0367,0.0367,0.0366,0.0365,0.0364,0.0363,0.0361,0.036,0.0359,0.0358,0.0357,0.0356,0.0354,0.0353,0.0352,0.0351,0.035,0.0349,0.0348,0.0349,0.035,0.0351,0.0352,0.0353,0.0354,0.0355,0.0356,0.0358,0.0359,0.036,0.0361,0.0363,0.0364,0.0365,0.0366,0.0368,0.0369,0.037,0.0372,0.0373,0.0374,0.0376,0.0377,0.0389,0.0403,0.1304,0.1308,0.1311,0.1315,0.1318,0.1321,0.1325,0.1328,0.1331,0.1335,0.1338,0.1341,0.1344,0.1347,0.1351,0.1355,0.1358,0.1362,0.1366,0.1373,0.1381,0.1389,0.1397,0.1406,0.1414,0.039,0.0388,0.0385,0.0382,0.038,0.0377,0.0375,0.0372,0.037,0.0367,0.0365,0.0363,0.036,0.0358,0.0356,0.0353,0.0351,0.0349,0.0347,0.0345,0.0345,0.0344,0.0343,0.0343,0.0342,0.0342
0.5578,0.5602,0.5821,0.589,0.7793,0.7731,0.767,0.761,0.755,0.7492,0.7435,0.74,0.736,0.732,0.7336,0.7351,0.7281,0.7287,0.7256,0.7196,0.7156,0.7108,0.706,0.6989,0.6885,0.6802,0.6722,0.6644,0.6588,0.6538,0.6489,0.644,0.6392,0.6345,0.6298,0.6253,0.6207,0.6177,0.6158,0.6139,0.612,0.6101,0.0526,0.0519,0.0512,0.0505,0.0499,0.0492,0.0486,0.0486,0.0486,0.0486,0.0486,0.0486,0.0486,0.0486,0.0486,0.0486,0.0486,0.0486,0.0486,0.0486,0.0486,0.0486,0.0486,0.0486,0.0486,0.0487,0.0488,0.049,0.0492,0.0494,0.0496,0.0497,0.0499,0.0501,0.0503,0.0505,0.0507,0.0509,0.0516,0.0525,0.0534,0.0544,0.0553,0.0561,0.2494,0.2488,0.2482,0.2475,0.0447,0.0441,0.0435,0.0429,0.0424,0.0415,0.0406,0.0398,0.0394,0.0394,0.0395,0.0395,0.0395,0.0395,0.0396,0.0396,0.0396,0.0396,0.0397,0.0397,0.0397,0.0397,0.0398,0.0398,0.0398,0.0398,0.0399,0.0399,0.0399,0.0399,0.04,0.04,0.04,0.04,0.0401,0.0401,0.0401,0.04,0.04,0.0402,0.0406,0.0411,0.0404,0.0401,0.0399,0.0396,0.0394,0.0392,0.0391,0.0389,0.0388,0.0386,0.0384,0.0383,0.0381,0.038,0.0378,0.0377,0.0376,0.0375,0.0374,0.0374,0.0373,0.0372,0.0372,0.0371,0.037,0.037,0.0369,0.0368,0.0368,0.0367,0.0366,0.0365,0.0363,0.0362,0.0361,0.036,0.0359,0.0358,0.0356,0.0355,0.0354,0.0353,0.0352,0.0351,0.035,0.0349,0.0348,0.0347,0.0348,0.0349,0.035,0.0352,0.0353,0.0354,0.0355,0.0356,0.0357,0.0358,0.036,0.0361,0.0362,0.0363,0.0365,0.0366,0.0367,0.0369,0.037,0.0371,0.0373,0.0374,0.0375,0.038,0.0393,0.0408,0.1306,0.1309,0.1313,0.1316,0.132,0.1323,0.1326,0.1329,0.1332,0.1335,0.1339,0.1342,0.1345,0.1349,0.1352,0.1356,0.136,0.1363,0.1368,0.1376,0.1384,0.1392,0.1401,0.1409,0.0392,0.0389,0.0386,0.0384,0.0381,0.0379,0.0376,0.0374,0.0371,0.0369,0.0366,0.0364,0.0361,0.0359,0.0357,0.0355,0.0352,0.035,0.0348,0.0346,0.0344,0.0344,0.0343,0.0343,0.0342,0.0342
0.5572,0.5595,0.5857,0.7832,0.7769,0.7707,0.7647,0.7587,0.7528,0.747,0.7413,0.739,0.7344,0.7328,0.7344,0.7359,0.7258,0.7264,0.7212,0.7175,0.7138,0.709,0.7043,0.6966,0.6863,0.6781,0.6701,0.6627,0.6576,0.6526,0.6477,0.6429,0.6381,0.6334,0.6288,0.6242,0.6197,0.6163,0.6144,0.6125,0.6106,0.6087,0.0522,0.0515,0.0508,0.0502,0.0495,0.0489,0.0484,0.0484,0.0484,0.0484,0.0485,0.0485,0.0485,0.0485,0.0485,0.0485,0.0485,0.0485,0.0485,0.0485,0.0485,0.0485,0.0485,0.0485,0.0485,0.0486,0.0488,0.049,0.0491,0.0493,0.0495,0.0497,0.0499,0.0501,0.0503,0.0505,0.0507,0.0509,0.0518,0.0527,0.0536,0.0545,0.0553,0.2496,0.249,0.2484,0.2478,0.2472,0.045,0.0444,0.0438,0.0432,0.0425,0.0416,0.0408,0.0399,0.0394,0.0394,0.0394,0.0394,0.0395,0.0395,0.0395,0.0395,0.0396,0.0396,0.0396,0.0396,0.0397,0.0397,0.0397,0.0397,0.0398,0.0398,0.0398,0.0398,0.0399,0.0399,0.0399,0.0399,0.04,0.04,0.04,0.04,0.0399,0.0399,0.0399,0.0401,0.0404,0.0409,0.0414,0.0408,0.0403,0.0401,0.0398,0.0396,0.0393,0.0391,0.0389,0.0387,0.0386,0.0384,0.0383,0.0381,0.038,0.0378,0.0377,0.0376,0.0375,0.0374,0.0374,0.0373,0.0372,0.0372,0.0371,0.037,0.037,0.0369,0.0368,0.0367,0.0366,0.0364,0.0363,0.0362,0.0361,0.036,0.0359,0.0357,0.0356,0.0355,0.0354,0.0353,0.0352,0.0351,0.035,0.0348,0.0347,0.0346,0.0347,0.0348,0.0349,0.035,0.0351,0.0352,0.0353,0.0355,0.0356,0.0357,0.0358,0.0359,0.036,0.0362,0.0363,0.0364,0.0366,0.0367,0.0368,0.037,0.0371,0.0372,0.0374,0.0375,0.0385,0.0398,0.0414,0.1308,0.1311,0.1314,0.1317,0.1321,0.1324,0.1327,0.133,0.1333,0.1336,0.134,0.1343,0.1346,0.135,0.1354,0.1357,0.1361,0.1365,0.1372,0.138,0.1388,0.1396,0.1404,0.1412,0.0391,0.0388,0.0385,0.0382,0.038,0.0377,0.0375,0.0372,0.037,0.0367,0.0365,0.0363,0.036,0.0358,0.0356,0.0353,0.0351,0.0349,0.0347,0.0345,0.0344,0.0343,0.0342,0.0342,0.0341
